Tue Jul  1 14:48:41 2025       
+-----------------------------------------------------------------------------------------+
| NVIDIA-SMI 570.133.20             Driver Version: 570.133.20     CUDA Version: 12.8     |
|-----------------------------------------+------------------------+----------------------+
| GPU  Name                 Persistence-M | Bus-Id          Disp.A | Volatile Uncorr. ECC |
| Fan  Temp   Perf          Pwr:Usage/Cap |           Memory-Usage | GPU-Util  Compute M. |
|                                         |                        |               MIG M. |
|=========================================+========================+======================|
|   0  NVIDIA H200                    On  |   00000000:59:00.0 Off |                    0 |
| N/A   35C    P0             77W /  700W |       0MiB / 143771MiB |      0%      Default |
|                                         |                        |             Disabled |
+-----------------------------------------+------------------------+----------------------+
|   1  NVIDIA H200                    On  |   00000000:5A:00.0 Off |                    0 |
| N/A   35C    P0             76W /  700W |       0MiB / 143771MiB |      0%      Default |
|                                         |                        |             Disabled |
+-----------------------------------------+------------------------+----------------------+
|   2  NVIDIA H200                    On  |   00000000:72:00.0 Off |                    0 |
| N/A   35C    P0             78W /  700W |       0MiB / 143771MiB |      0%      Default |
|                                         |                        |             Disabled |
+-----------------------------------------+------------------------+----------------------+
|   3  NVIDIA H200                    On  |   00000000:73:00.0 Off |                    0 |
| N/A   35C    P0             78W /  700W |       0MiB / 143771MiB |      0%      Default |
|                                         |                        |             Disabled |
+-----------------------------------------+------------------------+----------------------+
|   4  NVIDIA H200                    On  |   00000000:8B:00.0 Off |                    0 |
| N/A   36C    P0             79W /  700W |       0MiB / 143771MiB |      0%      Default |
|                                         |                        |             Disabled |
+-----------------------------------------+------------------------+----------------------+
|   5  NVIDIA H200                    On  |   00000000:8C:00.0 Off |                    0 |
| N/A   34C    P0             76W /  700W |       0MiB / 143771MiB |      0%      Default |
|                                         |                        |             Disabled |
+-----------------------------------------+------------------------+----------------------+
|   6  NVIDIA H200                    On  |   00000000:A4:00.0 Off |                    0 |
| N/A   36C    P0             77W /  700W |       0MiB / 143771MiB |      0%      Default |
|                                         |                        |             Disabled |
+-----------------------------------------+------------------------+----------------------+
|   7  NVIDIA H200                    On  |   00000000:A5:00.0 Off |                    0 |
| N/A   35C    P0             79W /  700W |       0MiB / 143771MiB |      0%      Default |
|                                         |                        |             Disabled |
+-----------------------------------------+------------------------+----------------------+
                                                                                         
+-----------------------------------------------------------------------------------------+
| Processes:                                                                              |
|  GPU   GI   CI              PID   Type   Process name                        GPU Memory |
|        ID   ID                                                               Usage      |
|=========================================================================================|
|  No running processes found                                                             |
+-----------------------------------------------------------------------------------------+
Running batch sample script env activated

============================================================
EXPERIMENT: guidance_f17_s50_w8c6_rho1.0_cfg5.0_0701_1448
============================================================
Sampling method: guidance
Inference steps: 50
Frames per video: 17
CFG scale: 5.0
Prompts assigned to this GPU: 9
V-JEPA parameters:
  - Kernel size: 8
  - Context length: 6
  - Stride: 2
  - Mode: max
Guidance parameters:
  - Timestep range: 0-1001
  - Rho scale: 1.0
============================================================


============================================================
EXPERIMENT: guidance_f17_s50_w8c6_rho1.0_cfg5.0_0701_1448
============================================================
Sampling method: guidance
Inference steps: 50
Frames per video: 17
CFG scale: 5.0
Prompts assigned to this GPU: 9
V-JEPA parameters:
  - Kernel size: 8
  - Context length: 6
  - Stride: 2
  - Mode: max
Guidance parameters:
  - Timestep range: 0-1001
  - Rho scale: 1.0
============================================================


============================================================
EXPERIMENT: guidance_f17_s50_w8c6_rho1.0_cfg5.0_0701_1448
============================================================
Sampling method: guidance
Inference steps: 50
Frames per video: 17
CFG scale: 5.0
Prompts assigned to this GPU: 9
V-JEPA parameters:
  - Kernel size: 8
  - Context length: 6
  - Stride: 2
  - Mode: max
Guidance parameters:
  - Timestep range: 0-1001
  - Rho scale: 1.0
============================================================


============================================================
EXPERIMENT: guidance_f17_s50_w8c6_rho1.0_cfg5.0_0701_1448
============================================================
Sampling method: guidance
Inference steps: 50
Frames per video: 17
CFG scale: 5.0
Prompts assigned to this GPU: 9
V-JEPA parameters:
  - Kernel size: 8
  - Context length: 6
  - Stride: 2
  - Mode: max
Guidance parameters:
  - Timestep range: 0-1001
  - Rho scale: 1.0
============================================================


============================================================
EXPERIMENT: guidance_f17_s50_w8c6_rho1.0_cfg5.0_0701_1448
============================================================
Sampling method: guidance
Inference steps: 50
Frames per video: 17
CFG scale: 5.0
Prompts assigned to this GPU: 9
V-JEPA parameters:
  - Kernel size: 8
  - Context length: 6
  - Stride: 2
  - Mode: max
Guidance parameters:
  - Timestep range: 0-1001
  - Rho scale: 1.0
============================================================


============================================================
EXPERIMENT: guidance_f17_s50_w8c6_rho1.0_cfg5.0_0701_1448
============================================================
Sampling method: guidance
Inference steps: 50
Frames per video: 17
CFG scale: 5.0
Prompts assigned to this GPU: 9
V-JEPA parameters:
  - Kernel size: 8
  - Context length: 6
  - Stride: 2
  - Mode: max
Guidance parameters:
  - Timestep range: 0-1001
  - Rho scale: 1.0
============================================================


============================================================
EXPERIMENT: guidance_f17_s50_w8c6_rho1.0_cfg5.0_0701_1448
============================================================
Sampling method: guidance
Inference steps: 50
Frames per video: 17
CFG scale: 5.0
Prompts assigned to this GPU: 9
V-JEPA parameters:
  - Kernel size: 8
  - Context length: 6
  - Stride: 2
  - Mode: max
Guidance parameters:
  - Timestep range: 0-1001
  - Rho scale: 1.0
============================================================


============================================================
EXPERIMENT: guidance_f17_s50_w8c6_rho1.0_cfg5.0_0701_1448
============================================================
Sampling method: guidance
Inference steps: 50
Frames per video: 17
CFG scale: 5.0
Prompts assigned to this GPU: 9
V-JEPA parameters:
  - Kernel size: 8
  - Context length: 6
  - Stride: 2
  - Mode: max
Guidance parameters:
  - Timestep range: 0-1001
  - Rho scale: 1.0
============================================================

[guidance_f17_s50_w8c6_rho1.0_cfg5.0_0701_1448] Generating video 1/9 (guidance): a sheep taking a peaceful walk
🎬 STARTING GUIDANCE PIPELINE GENERATION
   Frames: 17, Steps: 50, CFG Scale: 5.0

🔧 GUIDANCE PIPELINE CONFIGURATION:
   Guidance range: 0 - 1001
   Rho scale: 1.0
   V-JEPA kernel_size: 8
   V-JEPA context_length: 6
   V-JEPA stride: 2
   V-JEPA mode: max
   Total timesteps: 50

[guidance_f17_s50_w8c6_rho1.0_cfg5.0_0701_1448] Generating video 1/9 (guidance): a bicycle slowing down to stop
🎬 STARTING GUIDANCE PIPELINE GENERATION
   Frames: 17, Steps: 50, CFG Scale: 5.0

🔧 GUIDANCE PIPELINE CONFIGURATION:
   Guidance range: 0 - 1001
   Rho scale: 1.0
   V-JEPA kernel_size: 8
   V-JEPA context_length: 6
   V-JEPA stride: 2
   V-JEPA mode: max
   Total timesteps: 50

[guidance_f17_s50_w8c6_rho1.0_cfg5.0_0701_1448] Generating video 1/9 (guidance): a person swimming in ocean
🎬 STARTING GUIDANCE PIPELINE GENERATION
   Frames: 17, Steps: 50, CFG Scale: 5.0

🔧 GUIDANCE PIPELINE CONFIGURATION:
   Guidance range: 0 - 1001
   Rho scale: 1.0
   V-JEPA kernel_size: 8
   V-JEPA context_length: 6
   V-JEPA stride: 2
   V-JEPA mode: max
   Total timesteps: 50

[guidance_f17_s50_w8c6_rho1.0_cfg5.0_0701_1448] Generating video 1/9 (guidance): a bear sniffing the air for scents of food
🎬 STARTING GUIDANCE PIPELINE GENERATION
   Frames: 17, Steps: 50, CFG Scale: 5.0

🔧 GUIDANCE PIPELINE CONFIGURATION:
   Guidance range: 0 - 1001
   Rho scale: 1.0
   V-JEPA kernel_size: 8
   V-JEPA context_length: 6
   V-JEPA stride: 2
   V-JEPA mode: max
   Total timesteps: 50

[guidance_f17_s50_w8c6_rho1.0_cfg5.0_0701_1448] Generating video 1/9 (guidance): a dog enjoying a peaceful walk
🎬 STARTING GUIDANCE PIPELINE GENERATION
   Frames: 17, Steps: 50, CFG Scale: 5.0

🔧 GUIDANCE PIPELINE CONFIGURATION:
   Guidance range: 0 - 1001
   Rho scale: 1.0
   V-JEPA kernel_size: 8
   V-JEPA context_length: 6
   V-JEPA stride: 2
   V-JEPA mode: max
   Total timesteps: 50

[guidance_f17_s50_w8c6_rho1.0_cfg5.0_0701_1448] Generating video 1/9 (guidance): a motorcycle gliding through a snowy field
🎬 STARTING GUIDANCE PIPELINE GENERATION
   Frames: 17, Steps: 50, CFG Scale: 5.0

🔧 GUIDANCE PIPELINE CONFIGURATION:
   Guidance range: 0 - 1001
   Rho scale: 1.0
   V-JEPA kernel_size: 8
   V-JEPA context_length: 6
   V-JEPA stride: 2
   V-JEPA mode: max
   Total timesteps: 50

[guidance_f17_s50_w8c6_rho1.0_cfg5.0_0701_1448] Generating video 1/9 (guidance): a train speeding down the tracks
🎬 STARTING GUIDANCE PIPELINE GENERATION
   Frames: 17, Steps: 50, CFG Scale: 5.0

🔧 GUIDANCE PIPELINE CONFIGURATION:
   Guidance range: 0 - 1001
   Rho scale: 1.0
   V-JEPA kernel_size: 8
   V-JEPA context_length: 6
   V-JEPA stride: 2
   V-JEPA mode: max
   Total timesteps: 50

[guidance_f17_s50_w8c6_rho1.0_cfg5.0_0701_1448] Generating video 1/9 (guidance): a boat slowing down to stop
🎬 STARTING GUIDANCE PIPELINE GENERATION
   Frames: 17, Steps: 50, CFG Scale: 5.0

🔧 GUIDANCE PIPELINE CONFIGURATION:
   Guidance range: 0 - 1001
   Rho scale: 1.0
   V-JEPA kernel_size: 8
   V-JEPA context_length: 6
   V-JEPA stride: 2
   V-JEPA mode: max
   Total timesteps: 50

🚀 APPLYING GUIDANCE at step 0 (timestep=999)
🎯 GUIDANCE STEP 0 (t=999): Loss=0.5903, Rho=16.114048, Grad_norm=0.0621, Final_scale=16.1140
🚀 APPLYING GUIDANCE at step 1 (timestep=992)
🎯 GUIDANCE STEP 1 (t=992): Loss=0.5474, Rho=22.962542, Grad_norm=0.0435, Final_scale=22.9625
🚀 APPLYING GUIDANCE at step 2 (timestep=985)
🎯 GUIDANCE STEP 2 (t=985): Loss=0.5566, Rho=32.938538, Grad_norm=0.0304, Final_scale=32.9385
🚀 APPLYING GUIDANCE at step 3 (timestep=978)
🎯 GUIDANCE STEP 3 (t=978): Loss=0.5513, Rho=21.228569, Grad_norm=0.0471, Final_scale=21.2286
🚀 APPLYING GUIDANCE at step 4 (timestep=971)
🎯 GUIDANCE STEP 4 (t=971): Loss=0.5508, Rho=32.405888, Grad_norm=0.0309, Final_scale=32.4059
🚀 APPLYING GUIDANCE at step 5 (timestep=963)
🎯 GUIDANCE STEP 5 (t=963): Loss=0.5430, Rho=24.728035, Grad_norm=0.0404, Final_scale=24.7280
🚀 APPLYING GUIDANCE at step 6 (timestep=956)
🎯 GUIDANCE STEP 6 (t=956): Loss=0.5464, Rho=23.132999, Grad_norm=0.0432, Final_scale=23.1330
🚀 APPLYING GUIDANCE at step 7 (timestep=948)
🎯 GUIDANCE STEP 7 (t=948): Loss=0.5513, Rho=15.006881, Grad_norm=0.0666, Final_scale=15.0069
🚀 APPLYING GUIDANCE at step 8 (timestep=939)
🎯 GUIDANCE STEP 8 (t=939): Loss=0.5659, Rho=19.481251, Grad_norm=0.0513, Final_scale=19.4813
🚀 APPLYING GUIDANCE at step 9 (timestep=931)
🎯 GUIDANCE STEP 9 (t=931): Loss=0.5781, Rho=10.821980, Grad_norm=0.0924, Final_scale=10.8220
🚀 APPLYING GUIDANCE at step 10 (timestep=922)
🎯 GUIDANCE STEP 10 (t=922): Loss=0.5869, Rho=11.529720, Grad_norm=0.0867, Final_scale=11.5297
🚀 APPLYING GUIDANCE at step 11 (timestep=913)
🎯 GUIDANCE STEP 11 (t=913): Loss=0.6025, Rho=7.831984, Grad_norm=0.1277, Final_scale=7.8320
🚀 APPLYING GUIDANCE at step 12 (timestep=904)
🎯 GUIDANCE STEP 12 (t=904): Loss=0.6162, Rho=4.265949, Grad_norm=0.2344, Final_scale=4.2659
🚀 APPLYING GUIDANCE at step 13 (timestep=894)
🎯 GUIDANCE STEP 13 (t=894): Loss=0.6182, Rho=2.312459, Grad_norm=0.4324, Final_scale=2.3125
🚀 APPLYING GUIDANCE at step 14 (timestep=884)
🎯 GUIDANCE STEP 14 (t=884): Loss=0.6265, Rho=2.157921, Grad_norm=0.4634, Final_scale=2.1579
🚀 APPLYING GUIDANCE at step 15 (timestep=874)
🎯 GUIDANCE STEP 15 (t=874): Loss=0.6382, Rho=2.393129, Grad_norm=0.4179, Final_scale=2.3931
🚀 APPLYING GUIDANCE at step 16 (timestep=864)
🎯 GUIDANCE STEP 16 (t=864): Loss=0.6328, Rho=1.445257, Grad_norm=0.6919, Final_scale=1.4453
🚀 APPLYING GUIDANCE at step 17 (timestep=853)
🎯 GUIDANCE STEP 17 (t=853): Loss=0.6230, Rho=2.491803, Grad_norm=0.4013, Final_scale=2.4918
🚀 APPLYING GUIDANCE at step 18 (timestep=841)
🎯 GUIDANCE STEP 18 (t=841): Loss=0.6260, Rho=1.958588, Grad_norm=0.5106, Final_scale=1.9586
🚀 APPLYING GUIDANCE at step 19 (timestep=829)
🎯 GUIDANCE STEP 19 (t=829): Loss=0.6260, Rho=4.338380, Grad_norm=0.2305, Final_scale=4.3384
🚀 APPLYING GUIDANCE at step 20 (timestep=817)
🎯 GUIDANCE STEP 20 (t=817): Loss=0.6235, Rho=3.178702, Grad_norm=0.3146, Final_scale=3.1787
🚀 APPLYING GUIDANCE at step 21 (timestep=805)
🎯 GUIDANCE STEP 21 (t=805): Loss=0.6177, Rho=4.345726, Grad_norm=0.2301, Final_scale=4.3457
🚀 APPLYING GUIDANCE at step 22 (timestep=792)
🎯 GUIDANCE STEP 22 (t=792): Loss=0.6187, Rho=4.311887, Grad_norm=0.2319, Final_scale=4.3119
🚀 APPLYING GUIDANCE at step 23 (timestep=778)
🎯 GUIDANCE STEP 23 (t=778): Loss=0.6172, Rho=1.475507, Grad_norm=0.6777, Final_scale=1.4755
🚀 APPLYING GUIDANCE at step 24 (timestep=764)
🎯 GUIDANCE STEP 24 (t=764): Loss=0.6191, Rho=2.820377, Grad_norm=0.3546, Final_scale=2.8204
🚀 APPLYING GUIDANCE at step 25 (timestep=749)
🎯 GUIDANCE STEP 25 (t=749): Loss=0.6265, Rho=3.643126, Grad_norm=0.2745, Final_scale=3.6431
🚀 APPLYING GUIDANCE at step 26 (timestep=734)
🎯 GUIDANCE STEP 26 (t=734): Loss=0.6245, Rho=2.882313, Grad_norm=0.3469, Final_scale=2.8823
🚀 APPLYING GUIDANCE at step 27 (timestep=718)
🎯 GUIDANCE STEP 27 (t=718): Loss=0.6211, Rho=2.736267, Grad_norm=0.3655, Final_scale=2.7363
🚀 APPLYING GUIDANCE at step 28 (timestep=701)
🎯 GUIDANCE STEP 28 (t=701): Loss=0.6240, Rho=0.663593, Grad_norm=1.5069, Final_scale=0.6636
🚀 APPLYING GUIDANCE at step 29 (timestep=684)
🎯 GUIDANCE STEP 29 (t=684): Loss=0.6226, Rho=2.619121, Grad_norm=0.3818, Final_scale=2.6191
🚀 APPLYING GUIDANCE at step 30 (timestep=666)
🎯 GUIDANCE STEP 30 (t=666): Loss=0.6235, Rho=4.922281, Grad_norm=0.2032, Final_scale=4.9223
🚀 APPLYING GUIDANCE at step 31 (timestep=647)
🎯 GUIDANCE STEP 31 (t=647): Loss=0.6230, Rho=6.103514, Grad_norm=0.1638, Final_scale=6.1035
🚀 APPLYING GUIDANCE at step 32 (timestep=627)
🎯 GUIDANCE STEP 32 (t=627): Loss=0.6230, Rho=5.498308, Grad_norm=0.1819, Final_scale=5.4983
🚀 APPLYING GUIDANCE at step 33 (timestep=606)
🎯 GUIDANCE STEP 33 (t=606): Loss=0.6216, Rho=5.931935, Grad_norm=0.1686, Final_scale=5.9319
🚀 APPLYING GUIDANCE at step 34 (timestep=585)
🎯 GUIDANCE STEP 34 (t=585): Loss=0.6226, Rho=5.220197, Grad_norm=0.1916, Final_scale=5.2202
🚀 APPLYING GUIDANCE at step 35 (timestep=562)
🎯 GUIDANCE STEP 35 (t=562): Loss=0.6226, Rho=8.269349, Grad_norm=0.1209, Final_scale=8.2693
🚀 APPLYING GUIDANCE at step 36 (timestep=538)
🎯 GUIDANCE STEP 36 (t=538): Loss=0.6216, Rho=9.824872, Grad_norm=0.1018, Final_scale=9.8249
🚀 APPLYING GUIDANCE at step 37 (timestep=512)
🎯 GUIDANCE STEP 37 (t=512): Loss=0.6240, Rho=3.454882, Grad_norm=0.2894, Final_scale=3.4549
🚀 APPLYING GUIDANCE at step 38 (timestep=486)
🎯 GUIDANCE STEP 38 (t=486): Loss=0.6230, Rho=5.605909, Grad_norm=0.1784, Final_scale=5.6059
🚀 APPLYING GUIDANCE at step 39 (timestep=458)
🎯 GUIDANCE STEP 39 (t=458): Loss=0.6216, Rho=8.202271, Grad_norm=0.1219, Final_scale=8.2023
🚀 APPLYING GUIDANCE at step 40 (timestep=428)
🎯 GUIDANCE STEP 40 (t=428): Loss=0.6250, Rho=12.384708, Grad_norm=0.0807, Final_scale=12.3847
🚀 APPLYING GUIDANCE at step 41 (timestep=396)
🎯 GUIDANCE STEP 41 (t=396): Loss=0.6211, Rho=14.138752, Grad_norm=0.0707, Final_scale=14.1388
🚀 APPLYING GUIDANCE at step 42 (timestep=363)
🎯 GUIDANCE STEP 42 (t=363): Loss=0.6211, Rho=15.607843, Grad_norm=0.0641, Final_scale=15.6078
🚀 APPLYING GUIDANCE at step 43 (timestep=327)
🎯 GUIDANCE STEP 43 (t=327): Loss=0.6211, Rho=25.725481, Grad_norm=0.0389, Final_scale=25.7255
🚀 APPLYING GUIDANCE at step 44 (timestep=290)
🎯 GUIDANCE STEP 44 (t=290): Loss=0.6182, Rho=2.666187, Grad_norm=0.3751, Final_scale=2.6662
🚀 APPLYING GUIDANCE at step 45 (timestep=249)
🎯 GUIDANCE STEP 45 (t=249): Loss=0.6216, Rho=17.620783, Grad_norm=0.0568, Final_scale=17.6208
🚀 APPLYING GUIDANCE at step 46 (timestep=206)
🎯 GUIDANCE STEP 46 (t=206): Loss=0.6177, Rho=11.341588, Grad_norm=0.0882, Final_scale=11.3416
🚀 APPLYING GUIDANCE at step 47 (timestep=160)
🎯 GUIDANCE STEP 47 (t=160): Loss=0.6211, Rho=12.505946, Grad_norm=0.0800, Final_scale=12.5059
🚀 APPLYING GUIDANCE at step 48 (timestep=111)
🎯 GUIDANCE STEP 48 (t=111): Loss=0.6216, Rho=11.575937, Grad_norm=0.0864, Final_scale=11.5759
🚀 APPLYING GUIDANCE at step 49 (timestep=57)
🎯 GUIDANCE STEP 49 (t=57): Loss=0.6196, Rho=19.890738, Grad_norm=0.0503, Final_scale=19.8907
[guidance_f17_s50_w8c6_rho1.0_cfg5.0_0701_1448] Generated: generated_videos/subject_consistency/guidance_f17_s50_w8c6_rho1.0_cfg5.0_0701_1448/000_a_sheep_taking_a_peaceful_walk.mp4
[guidance_f17_s50_w8c6_rho1.0_cfg5.0_0701_1448] Generating video 2/9 (guidance): a sheep running to join a herd of its kind
🎬 STARTING GUIDANCE PIPELINE GENERATION
   Frames: 17, Steps: 50, CFG Scale: 5.0

🔧 GUIDANCE PIPELINE CONFIGURATION:
   Guidance range: 0 - 1001
   Rho scale: 1.0
   V-JEPA kernel_size: 8
   V-JEPA context_length: 6
   V-JEPA stride: 2
   V-JEPA mode: max
   Total timesteps: 50

🚀 APPLYING GUIDANCE at step 0 (timestep=999)
🎯 GUIDANCE STEP 0 (t=999): Loss=0.5767, Rho=18.800257, Grad_norm=0.0532, Final_scale=18.8003
🚀 APPLYING GUIDANCE at step 1 (timestep=992)
🎯 GUIDANCE STEP 1 (t=992): Loss=0.5415, Rho=36.651279, Grad_norm=0.0273, Final_scale=36.6513
🚀 APPLYING GUIDANCE at step 2 (timestep=985)
🎯 GUIDANCE STEP 2 (t=985): Loss=0.5410, Rho=37.352036, Grad_norm=0.0268, Final_scale=37.3520
🚀 APPLYING GUIDANCE at step 3 (timestep=978)
🎯 GUIDANCE STEP 3 (t=978): Loss=0.5474, Rho=26.220671, Grad_norm=0.0381, Final_scale=26.2207
🚀 APPLYING GUIDANCE at step 4 (timestep=971)
🎯 GUIDANCE STEP 4 (t=971): Loss=0.5703, Rho=5.570286, Grad_norm=0.1795, Final_scale=5.5703
🚀 APPLYING GUIDANCE at step 5 (timestep=963)
🎯 GUIDANCE STEP 5 (t=963): Loss=0.5796, Rho=4.927989, Grad_norm=0.2029, Final_scale=4.9280
🚀 APPLYING GUIDANCE at step 6 (timestep=956)
🎯 GUIDANCE STEP 6 (t=956): Loss=0.5967, Rho=9.158086, Grad_norm=0.1092, Final_scale=9.1581
🚀 APPLYING GUIDANCE at step 7 (timestep=948)
🎯 GUIDANCE STEP 7 (t=948): Loss=0.6074, Rho=9.992845, Grad_norm=0.1001, Final_scale=9.9928
🚀 APPLYING GUIDANCE at step 8 (timestep=939)
🎯 GUIDANCE STEP 8 (t=939): Loss=0.6079, Rho=7.513118, Grad_norm=0.1331, Final_scale=7.5131
🚀 APPLYING GUIDANCE at step 9 (timestep=931)
🎯 GUIDANCE STEP 9 (t=931): Loss=0.6064, Rho=7.814349, Grad_norm=0.1280, Final_scale=7.8143
🚀 APPLYING GUIDANCE at step 10 (timestep=922)
🎯 GUIDANCE STEP 10 (t=922): Loss=0.6040, Rho=5.717039, Grad_norm=0.1749, Final_scale=5.7170
🚀 APPLYING GUIDANCE at step 11 (timestep=913)
🎯 GUIDANCE STEP 11 (t=913): Loss=0.6079, Rho=2.806748, Grad_norm=0.3563, Final_scale=2.8067
🚀 APPLYING GUIDANCE at step 12 (timestep=904)
🎯 GUIDANCE STEP 12 (t=904): Loss=0.6055, Rho=10.105307, Grad_norm=0.0990, Final_scale=10.1053
🚀 APPLYING GUIDANCE at step 13 (timestep=894)
🎯 GUIDANCE STEP 13 (t=894): Loss=0.6201, Rho=9.704189, Grad_norm=0.1030, Final_scale=9.7042
🚀 APPLYING GUIDANCE at step 14 (timestep=884)
🎯 GUIDANCE STEP 14 (t=884): Loss=0.6123, Rho=2.997037, Grad_norm=0.3337, Final_scale=2.9970
🚀 APPLYING GUIDANCE at step 15 (timestep=874)
🎯 GUIDANCE STEP 15 (t=874): Loss=0.6157, Rho=7.635409, Grad_norm=0.1310, Final_scale=7.6354
🚀 APPLYING GUIDANCE at step 16 (timestep=864)
🎯 GUIDANCE STEP 16 (t=864): Loss=0.6196, Rho=2.155235, Grad_norm=0.4640, Final_scale=2.1552
🚀 APPLYING GUIDANCE at step 17 (timestep=853)
🎯 GUIDANCE STEP 17 (t=853): Loss=0.6162, Rho=6.851914, Grad_norm=0.1459, Final_scale=6.8519
🚀 APPLYING GUIDANCE at step 18 (timestep=841)
🎯 GUIDANCE STEP 18 (t=841): Loss=0.6187, Rho=3.207095, Grad_norm=0.3118, Final_scale=3.2071
🚀 APPLYING GUIDANCE at step 19 (timestep=829)
🎯 GUIDANCE STEP 19 (t=829): Loss=0.6133, Rho=7.550266, Grad_norm=0.1324, Final_scale=7.5503
🚀 APPLYING GUIDANCE at step 20 (timestep=817)
🎯 GUIDANCE STEP 20 (t=817): Loss=0.6152, Rho=0.975609, Grad_norm=1.0250, Final_scale=0.9756
🚀 APPLYING GUIDANCE at step 21 (timestep=805)
🎯 GUIDANCE STEP 21 (t=805): Loss=0.6138, Rho=6.215011, Grad_norm=0.1609, Final_scale=6.2150
🚀 APPLYING GUIDANCE at step 22 (timestep=792)
🎯 GUIDANCE STEP 22 (t=792): Loss=0.6133, Rho=4.369366, Grad_norm=0.2289, Final_scale=4.3694
🚀 APPLYING GUIDANCE at step 23 (timestep=778)
🎯 GUIDANCE STEP 23 (t=778): Loss=0.6147, Rho=5.692095, Grad_norm=0.1757, Final_scale=5.6921
🚀 APPLYING GUIDANCE at step 24 (timestep=764)
🎯 GUIDANCE STEP 24 (t=764): Loss=0.6191, Rho=5.217958, Grad_norm=0.1916, Final_scale=5.2180
🚀 APPLYING GUIDANCE at step 25 (timestep=749)
🎯 GUIDANCE STEP 25 (t=749): Loss=0.6230, Rho=2.538651, Grad_norm=0.3939, Final_scale=2.5387
🚀 APPLYING GUIDANCE at step 26 (timestep=734)
🎯 GUIDANCE STEP 26 (t=734): Loss=0.6221, Rho=4.215423, Grad_norm=0.2372, Final_scale=4.2154
🚀 APPLYING GUIDANCE at step 27 (timestep=718)
🎯 GUIDANCE STEP 27 (t=718): Loss=0.6250, Rho=4.405000, Grad_norm=0.2270, Final_scale=4.4050
🚀 APPLYING GUIDANCE at step 28 (timestep=701)
🎯 GUIDANCE STEP 28 (t=701): Loss=0.6187, Rho=3.998845, Grad_norm=0.2501, Final_scale=3.9988
🚀 APPLYING GUIDANCE at step 29 (timestep=684)
🎯 GUIDANCE STEP 29 (t=684): Loss=0.6216, Rho=6.577448, Grad_norm=0.1520, Final_scale=6.5774
🚀 APPLYING GUIDANCE at step 30 (timestep=666)
🎯 GUIDANCE STEP 30 (t=666): Loss=0.6157, Rho=6.340518, Grad_norm=0.1577, Final_scale=6.3405
🚀 APPLYING GUIDANCE at step 31 (timestep=647)
🎯 GUIDANCE STEP 31 (t=647): Loss=0.6191, Rho=6.145177, Grad_norm=0.1627, Final_scale=6.1452
🚀 APPLYING GUIDANCE at step 32 (timestep=627)
🎯 GUIDANCE STEP 32 (t=627): Loss=0.6182, Rho=6.912295, Grad_norm=0.1447, Final_scale=6.9123
🚀 APPLYING GUIDANCE at step 33 (timestep=606)
🎯 GUIDANCE STEP 33 (t=606): Loss=0.6265, Rho=6.355428, Grad_norm=0.1573, Final_scale=6.3554
🚀 APPLYING GUIDANCE at step 34 (timestep=585)
🎯 GUIDANCE STEP 34 (t=585): Loss=0.6211, Rho=4.571677, Grad_norm=0.2187, Final_scale=4.5717
🚀 APPLYING GUIDANCE at step 35 (timestep=562)
🎯 GUIDANCE STEP 35 (t=562): Loss=0.6226, Rho=6.512903, Grad_norm=0.1535, Final_scale=6.5129
🚀 APPLYING GUIDANCE at step 36 (timestep=538)
🎯 GUIDANCE STEP 36 (t=538): Loss=0.6235, Rho=3.658620, Grad_norm=0.2733, Final_scale=3.6586
🚀 APPLYING GUIDANCE at step 37 (timestep=512)
🎯 GUIDANCE STEP 37 (t=512): Loss=0.6221, Rho=4.913011, Grad_norm=0.2035, Final_scale=4.9130
🚀 APPLYING GUIDANCE at step 38 (timestep=486)
🎯 GUIDANCE STEP 38 (t=486): Loss=0.6226, Rho=3.413535, Grad_norm=0.2930, Final_scale=3.4135
🚀 APPLYING GUIDANCE at step 39 (timestep=458)
🎯 GUIDANCE STEP 39 (t=458): Loss=0.6255, Rho=6.145292, Grad_norm=0.1627, Final_scale=6.1453
🚀 APPLYING GUIDANCE at step 40 (timestep=428)
🎯 GUIDANCE STEP 40 (t=428): Loss=0.6216, Rho=12.114165, Grad_norm=0.0825, Final_scale=12.1142
🚀 APPLYING GUIDANCE at step 41 (timestep=396)
🎯 GUIDANCE STEP 41 (t=396): Loss=0.6240, Rho=6.669660, Grad_norm=0.1499, Final_scale=6.6697
🚀 APPLYING GUIDANCE at step 42 (timestep=363)
🎯 GUIDANCE STEP 42 (t=363): Loss=0.6196, Rho=4.633840, Grad_norm=0.2158, Final_scale=4.6338
🚀 APPLYING GUIDANCE at step 43 (timestep=327)
🎯 GUIDANCE STEP 43 (t=327): Loss=0.6211, Rho=7.819701, Grad_norm=0.1279, Final_scale=7.8197
🚀 APPLYING GUIDANCE at step 44 (timestep=290)
🎯 GUIDANCE STEP 44 (t=290): Loss=0.6240, Rho=11.774203, Grad_norm=0.0849, Final_scale=11.7742
🚀 APPLYING GUIDANCE at step 45 (timestep=249)
🎯 GUIDANCE STEP 45 (t=249): Loss=0.6235, Rho=6.721958, Grad_norm=0.1488, Final_scale=6.7220
🚀 APPLYING GUIDANCE at step 46 (timestep=206)
🎯 GUIDANCE STEP 46 (t=206): Loss=0.6235, Rho=6.165077, Grad_norm=0.1622, Final_scale=6.1651
🚀 APPLYING GUIDANCE at step 47 (timestep=160)
🎯 GUIDANCE STEP 47 (t=160): Loss=0.6221, Rho=20.417669, Grad_norm=0.0490, Final_scale=20.4177
🚀 APPLYING GUIDANCE at step 48 (timestep=111)
🎯 GUIDANCE STEP 48 (t=111): Loss=0.6230, Rho=12.479101, Grad_norm=0.0801, Final_scale=12.4791
🚀 APPLYING GUIDANCE at step 49 (timestep=57)
🎯 GUIDANCE STEP 49 (t=57): Loss=0.6230, Rho=8.931123, Grad_norm=0.1120, Final_scale=8.9311
[guidance_f17_s50_w8c6_rho1.0_cfg5.0_0701_1448] Generated: generated_videos/subject_consistency/guidance_f17_s50_w8c6_rho1.0_cfg5.0_0701_1448/000_a_train_speeding_down_the_tracks.mp4
[guidance_f17_s50_w8c6_rho1.0_cfg5.0_0701_1448] Generating video 2/9 (guidance): a train crossing over a tall bridge
🎬 STARTING GUIDANCE PIPELINE GENERATION
   Frames: 17, Steps: 50, CFG Scale: 5.0

🔧 GUIDANCE PIPELINE CONFIGURATION:
   Guidance range: 0 - 1001
   Rho scale: 1.0
   V-JEPA kernel_size: 8
   V-JEPA context_length: 6
   V-JEPA stride: 2
   V-JEPA mode: max
   Total timesteps: 50

🚀 APPLYING GUIDANCE at step 0 (timestep=999)
🎯 GUIDANCE STEP 0 (t=999): Loss=0.6055, Rho=6.444969, Grad_norm=0.1552, Final_scale=6.4450
🚀 APPLYING GUIDANCE at step 1 (timestep=992)
🎯 GUIDANCE STEP 1 (t=992): Loss=0.5425, Rho=27.090883, Grad_norm=0.0369, Final_scale=27.0909
🚀 APPLYING GUIDANCE at step 2 (timestep=985)
🎯 GUIDANCE STEP 2 (t=985): Loss=0.5352, Rho=4.487062, Grad_norm=0.2229, Final_scale=4.4871
🚀 APPLYING GUIDANCE at step 3 (timestep=978)
🎯 GUIDANCE STEP 3 (t=978): Loss=0.5400, Rho=16.269217, Grad_norm=0.0615, Final_scale=16.2692
🚀 APPLYING GUIDANCE at step 4 (timestep=971)
🎯 GUIDANCE STEP 4 (t=971): Loss=0.5581, Rho=6.258392, Grad_norm=0.1598, Final_scale=6.2584
🚀 APPLYING GUIDANCE at step 5 (timestep=963)
🎯 GUIDANCE STEP 5 (t=963): Loss=0.5601, Rho=14.703330, Grad_norm=0.0680, Final_scale=14.7033
🚀 APPLYING GUIDANCE at step 6 (timestep=956)
🎯 GUIDANCE STEP 6 (t=956): Loss=0.5645, Rho=21.785418, Grad_norm=0.0459, Final_scale=21.7854
🚀 APPLYING GUIDANCE at step 7 (timestep=948)
🎯 GUIDANCE STEP 7 (t=948): Loss=0.5771, Rho=9.202377, Grad_norm=0.1087, Final_scale=9.2024
🚀 APPLYING GUIDANCE at step 8 (timestep=939)
🎯 GUIDANCE STEP 8 (t=939): Loss=0.5728, Rho=11.149881, Grad_norm=0.0897, Final_scale=11.1499
🚀 APPLYING GUIDANCE at step 9 (timestep=931)
🎯 GUIDANCE STEP 9 (t=931): Loss=0.5815, Rho=12.381506, Grad_norm=0.0808, Final_scale=12.3815
🚀 APPLYING GUIDANCE at step 10 (timestep=922)
🎯 GUIDANCE STEP 10 (t=922): Loss=0.5820, Rho=5.721703, Grad_norm=0.1748, Final_scale=5.7217
🚀 APPLYING GUIDANCE at step 11 (timestep=913)
🎯 GUIDANCE STEP 11 (t=913): Loss=0.5923, Rho=5.792303, Grad_norm=0.1726, Final_scale=5.7923
🚀 APPLYING GUIDANCE at step 12 (timestep=904)
🎯 GUIDANCE STEP 12 (t=904): Loss=0.5933, Rho=11.670945, Grad_norm=0.0857, Final_scale=11.6709
🚀 APPLYING GUIDANCE at step 13 (timestep=894)
🎯 GUIDANCE STEP 13 (t=894): Loss=0.5923, Rho=4.126457, Grad_norm=0.2423, Final_scale=4.1265
🚀 APPLYING GUIDANCE at step 14 (timestep=884)
🎯 GUIDANCE STEP 14 (t=884): Loss=0.5938, Rho=1.477186, Grad_norm=0.6770, Final_scale=1.4772
🚀 APPLYING GUIDANCE at step 15 (timestep=874)
🎯 GUIDANCE STEP 15 (t=874): Loss=0.5938, Rho=0.950841, Grad_norm=1.0517, Final_scale=0.9508
🚀 APPLYING GUIDANCE at step 16 (timestep=864)
🎯 GUIDANCE STEP 16 (t=864): Loss=0.6069, Rho=1.973920, Grad_norm=0.5066, Final_scale=1.9739
🚀 APPLYING GUIDANCE at step 17 (timestep=853)
🎯 GUIDANCE STEP 17 (t=853): Loss=0.6016, Rho=1.925986, Grad_norm=0.5192, Final_scale=1.9260
🚀 APPLYING GUIDANCE at step 18 (timestep=841)
🎯 GUIDANCE STEP 18 (t=841): Loss=0.6191, Rho=1.904616, Grad_norm=0.5250, Final_scale=1.9046
🚀 APPLYING GUIDANCE at step 19 (timestep=829)
🎯 GUIDANCE STEP 19 (t=829): Loss=0.5967, Rho=2.170605, Grad_norm=0.4607, Final_scale=2.1706
🚀 APPLYING GUIDANCE at step 20 (timestep=817)
🎯 GUIDANCE STEP 20 (t=817): Loss=0.5977, Rho=3.039264, Grad_norm=0.3290, Final_scale=3.0393
🚀 APPLYING GUIDANCE at step 21 (timestep=805)
🎯 GUIDANCE STEP 21 (t=805): Loss=0.5977, Rho=2.672849, Grad_norm=0.3741, Final_scale=2.6728
🚀 APPLYING GUIDANCE at step 22 (timestep=792)
🎯 GUIDANCE STEP 22 (t=792): Loss=0.6016, Rho=2.120410, Grad_norm=0.4716, Final_scale=2.1204
🚀 APPLYING GUIDANCE at step 23 (timestep=778)
🎯 GUIDANCE STEP 23 (t=778): Loss=0.6011, Rho=2.835819, Grad_norm=0.3526, Final_scale=2.8358
🚀 APPLYING GUIDANCE at step 24 (timestep=764)
🎯 GUIDANCE STEP 24 (t=764): Loss=0.6006, Rho=4.013093, Grad_norm=0.2492, Final_scale=4.0131
🚀 APPLYING GUIDANCE at step 25 (timestep=749)
🎯 GUIDANCE STEP 25 (t=749): Loss=0.6011, Rho=2.846822, Grad_norm=0.3513, Final_scale=2.8468
🚀 APPLYING GUIDANCE at step 26 (timestep=734)
🎯 GUIDANCE STEP 26 (t=734): Loss=0.6050, Rho=1.334637, Grad_norm=0.7493, Final_scale=1.3346
🚀 APPLYING GUIDANCE at step 27 (timestep=718)
🎯 GUIDANCE STEP 27 (t=718): Loss=0.6084, Rho=6.628171, Grad_norm=0.1509, Final_scale=6.6282
🚀 APPLYING GUIDANCE at step 28 (timestep=701)
🎯 GUIDANCE STEP 28 (t=701): Loss=0.6001, Rho=4.361141, Grad_norm=0.2293, Final_scale=4.3611
🚀 APPLYING GUIDANCE at step 29 (timestep=684)
🎯 GUIDANCE STEP 29 (t=684): Loss=0.5967, Rho=4.589790, Grad_norm=0.2179, Final_scale=4.5898
🚀 APPLYING GUIDANCE at step 30 (timestep=666)
🎯 GUIDANCE STEP 30 (t=666): Loss=0.5991, Rho=3.404020, Grad_norm=0.2938, Final_scale=3.4040
🚀 APPLYING GUIDANCE at step 31 (timestep=647)
🎯 GUIDANCE STEP 31 (t=647): Loss=0.6006, Rho=6.158108, Grad_norm=0.1624, Final_scale=6.1581
🚀 APPLYING GUIDANCE at step 32 (timestep=627)
🎯 GUIDANCE STEP 32 (t=627): Loss=0.6001, Rho=6.069675, Grad_norm=0.1648, Final_scale=6.0697
🚀 APPLYING GUIDANCE at step 33 (timestep=606)
🎯 GUIDANCE STEP 33 (t=606): Loss=0.5991, Rho=5.671623, Grad_norm=0.1763, Final_scale=5.6716
🚀 APPLYING GUIDANCE at step 34 (timestep=585)
🎯 GUIDANCE STEP 34 (t=585): Loss=0.5962, Rho=1.981014, Grad_norm=0.5048, Final_scale=1.9810
🚀 APPLYING GUIDANCE at step 35 (timestep=562)
🎯 GUIDANCE STEP 35 (t=562): Loss=0.5952, Rho=7.102215, Grad_norm=0.1408, Final_scale=7.1022
🚀 APPLYING GUIDANCE at step 36 (timestep=538)
🎯 GUIDANCE STEP 36 (t=538): Loss=0.5942, Rho=6.668815, Grad_norm=0.1500, Final_scale=6.6688
🚀 APPLYING GUIDANCE at step 37 (timestep=512)
🎯 GUIDANCE STEP 37 (t=512): Loss=0.5918, Rho=11.844409, Grad_norm=0.0844, Final_scale=11.8444
🚀 APPLYING GUIDANCE at step 38 (timestep=486)
🎯 GUIDANCE STEP 38 (t=486): Loss=0.5952, Rho=7.891207, Grad_norm=0.1267, Final_scale=7.8912
🚀 APPLYING GUIDANCE at step 39 (timestep=458)
🎯 GUIDANCE STEP 39 (t=458): Loss=0.5938, Rho=11.789959, Grad_norm=0.0848, Final_scale=11.7900
🚀 APPLYING GUIDANCE at step 40 (timestep=428)
🎯 GUIDANCE STEP 40 (t=428): Loss=0.5938, Rho=12.983845, Grad_norm=0.0770, Final_scale=12.9838
🚀 APPLYING GUIDANCE at step 41 (timestep=396)
🎯 GUIDANCE STEP 41 (t=396): Loss=0.5938, Rho=10.995769, Grad_norm=0.0909, Final_scale=10.9958
🚀 APPLYING GUIDANCE at step 42 (timestep=363)
🎯 GUIDANCE STEP 42 (t=363): Loss=0.5908, Rho=16.910267, Grad_norm=0.0591, Final_scale=16.9103
🚀 APPLYING GUIDANCE at step 43 (timestep=327)
🎯 GUIDANCE STEP 43 (t=327): Loss=0.5908, Rho=18.471415, Grad_norm=0.0541, Final_scale=18.4714
🚀 APPLYING GUIDANCE at step 44 (timestep=290)
🎯 GUIDANCE STEP 44 (t=290): Loss=0.5947, Rho=16.217382, Grad_norm=0.0617, Final_scale=16.2174
🚀 APPLYING GUIDANCE at step 45 (timestep=249)
🎯 GUIDANCE STEP 45 (t=249): Loss=0.5923, Rho=19.283627, Grad_norm=0.0519, Final_scale=19.2836
🚀 APPLYING GUIDANCE at step 46 (timestep=206)
🎯 GUIDANCE STEP 46 (t=206): Loss=0.5918, Rho=18.188995, Grad_norm=0.0550, Final_scale=18.1890
🚀 APPLYING GUIDANCE at step 47 (timestep=160)
🎯 GUIDANCE STEP 47 (t=160): Loss=0.5942, Rho=26.155237, Grad_norm=0.0382, Final_scale=26.1552
🚀 APPLYING GUIDANCE at step 48 (timestep=111)
🎯 GUIDANCE STEP 48 (t=111): Loss=0.5908, Rho=10.255452, Grad_norm=0.0975, Final_scale=10.2555
🚀 APPLYING GUIDANCE at step 49 (timestep=57)
🎯 GUIDANCE STEP 49 (t=57): Loss=0.5933, Rho=10.595308, Grad_norm=0.0944, Final_scale=10.5953
[guidance_f17_s50_w8c6_rho1.0_cfg5.0_0701_1448] Generated: generated_videos/subject_consistency/guidance_f17_s50_w8c6_rho1.0_cfg5.0_0701_1448/000_a_bear_sniffing_the_air_for_scents_of_food.mp4
[guidance_f17_s50_w8c6_rho1.0_cfg5.0_0701_1448] Generating video 2/9 (guidance): a bear climbing a tree
🎬 STARTING GUIDANCE PIPELINE GENERATION
   Frames: 17, Steps: 50, CFG Scale: 5.0

🔧 GUIDANCE PIPELINE CONFIGURATION:
   Guidance range: 0 - 1001
   Rho scale: 1.0
   V-JEPA kernel_size: 8
   V-JEPA context_length: 6
   V-JEPA stride: 2
   V-JEPA mode: max
   Total timesteps: 50

🚀 APPLYING GUIDANCE at step 0 (timestep=999)
🎯 GUIDANCE STEP 0 (t=999): Loss=0.5786, Rho=18.728277, Grad_norm=0.0534, Final_scale=18.7283
🚀 APPLYING GUIDANCE at step 1 (timestep=992)
🎯 GUIDANCE STEP 1 (t=992): Loss=0.5718, Rho=20.983105, Grad_norm=0.0477, Final_scale=20.9831
🚀 APPLYING GUIDANCE at step 2 (timestep=985)
🎯 GUIDANCE STEP 2 (t=985): Loss=0.5381, Rho=20.385696, Grad_norm=0.0491, Final_scale=20.3857
🚀 APPLYING GUIDANCE at step 3 (timestep=978)
🎯 GUIDANCE STEP 3 (t=978): Loss=0.5459, Rho=26.068573, Grad_norm=0.0384, Final_scale=26.0686
🚀 APPLYING GUIDANCE at step 4 (timestep=971)
🎯 GUIDANCE STEP 4 (t=971): Loss=0.5728, Rho=16.277966, Grad_norm=0.0614, Final_scale=16.2780
🚀 APPLYING GUIDANCE at step 5 (timestep=963)
🎯 GUIDANCE STEP 5 (t=963): Loss=0.5850, Rho=9.156137, Grad_norm=0.1092, Final_scale=9.1561
🚀 APPLYING GUIDANCE at step 6 (timestep=956)
🎯 GUIDANCE STEP 6 (t=956): Loss=0.5938, Rho=6.911414, Grad_norm=0.1447, Final_scale=6.9114
🚀 APPLYING GUIDANCE at step 7 (timestep=948)
🎯 GUIDANCE STEP 7 (t=948): Loss=0.6108, Rho=3.626490, Grad_norm=0.2757, Final_scale=3.6265
🚀 APPLYING GUIDANCE at step 8 (timestep=939)
🎯 GUIDANCE STEP 8 (t=939): Loss=0.6206, Rho=5.877104, Grad_norm=0.1702, Final_scale=5.8771
🚀 APPLYING GUIDANCE at step 9 (timestep=931)
🎯 GUIDANCE STEP 9 (t=931): Loss=0.6157, Rho=8.768944, Grad_norm=0.1140, Final_scale=8.7689
🚀 APPLYING GUIDANCE at step 10 (timestep=922)
🎯 GUIDANCE STEP 10 (t=922): Loss=0.6240, Rho=5.235044, Grad_norm=0.1910, Final_scale=5.2350
🚀 APPLYING GUIDANCE at step 11 (timestep=913)
🎯 GUIDANCE STEP 11 (t=913): Loss=0.6265, Rho=7.261387, Grad_norm=0.1377, Final_scale=7.2614
🚀 APPLYING GUIDANCE at step 12 (timestep=904)
🎯 GUIDANCE STEP 12 (t=904): Loss=0.6309, Rho=8.555815, Grad_norm=0.1169, Final_scale=8.5558
🚀 APPLYING GUIDANCE at step 13 (timestep=894)
🎯 GUIDANCE STEP 13 (t=894): Loss=0.6274, Rho=3.860504, Grad_norm=0.2590, Final_scale=3.8605
🚀 APPLYING GUIDANCE at step 14 (timestep=884)
🎯 GUIDANCE STEP 14 (t=884): Loss=0.6279, Rho=2.182890, Grad_norm=0.4581, Final_scale=2.1829
🚀 APPLYING GUIDANCE at step 15 (timestep=874)
🎯 GUIDANCE STEP 15 (t=874): Loss=0.6240, Rho=4.174584, Grad_norm=0.2395, Final_scale=4.1746
🚀 APPLYING GUIDANCE at step 16 (timestep=864)
🎯 GUIDANCE STEP 16 (t=864): Loss=0.6270, Rho=3.194635, Grad_norm=0.3130, Final_scale=3.1946
🚀 APPLYING GUIDANCE at step 17 (timestep=853)
🎯 GUIDANCE STEP 17 (t=853): Loss=0.6255, Rho=5.187310, Grad_norm=0.1928, Final_scale=5.1873
🚀 APPLYING GUIDANCE at step 18 (timestep=841)
🎯 GUIDANCE STEP 18 (t=841): Loss=0.6279, Rho=3.587363, Grad_norm=0.2788, Final_scale=3.5874
🚀 APPLYING GUIDANCE at step 19 (timestep=829)
🎯 GUIDANCE STEP 19 (t=829): Loss=0.6240, Rho=1.622805, Grad_norm=0.6162, Final_scale=1.6228
🚀 APPLYING GUIDANCE at step 20 (timestep=817)
🎯 GUIDANCE STEP 20 (t=817): Loss=0.6260, Rho=3.384766, Grad_norm=0.2954, Final_scale=3.3848
🚀 APPLYING GUIDANCE at step 21 (timestep=805)
🎯 GUIDANCE STEP 21 (t=805): Loss=0.6245, Rho=5.324439, Grad_norm=0.1878, Final_scale=5.3244
🚀 APPLYING GUIDANCE at step 22 (timestep=792)
🎯 GUIDANCE STEP 22 (t=792): Loss=0.6265, Rho=3.358612, Grad_norm=0.2977, Final_scale=3.3586
🚀 APPLYING GUIDANCE at step 23 (timestep=778)
🎯 GUIDANCE STEP 23 (t=778): Loss=0.6240, Rho=1.856098, Grad_norm=0.5388, Final_scale=1.8561
🚀 APPLYING GUIDANCE at step 24 (timestep=764)
🎯 GUIDANCE STEP 24 (t=764): Loss=0.6245, Rho=5.796749, Grad_norm=0.1725, Final_scale=5.7967
🚀 APPLYING GUIDANCE at step 25 (timestep=749)
🎯 GUIDANCE STEP 25 (t=749): Loss=0.6260, Rho=5.490335, Grad_norm=0.1821, Final_scale=5.4903
🚀 APPLYING GUIDANCE at step 26 (timestep=734)
🎯 GUIDANCE STEP 26 (t=734): Loss=0.6240, Rho=5.265378, Grad_norm=0.1899, Final_scale=5.2654
🚀 APPLYING GUIDANCE at step 27 (timestep=718)
🎯 GUIDANCE STEP 27 (t=718): Loss=0.6250, Rho=4.200405, Grad_norm=0.2381, Final_scale=4.2004
🚀 APPLYING GUIDANCE at step 28 (timestep=701)
🎯 GUIDANCE STEP 28 (t=701): Loss=0.6255, Rho=1.944080, Grad_norm=0.5144, Final_scale=1.9441
🚀 APPLYING GUIDANCE at step 29 (timestep=684)
🎯 GUIDANCE STEP 29 (t=684): Loss=0.6260, Rho=2.024023, Grad_norm=0.4941, Final_scale=2.0240
🚀 APPLYING GUIDANCE at step 30 (timestep=666)
🎯 GUIDANCE STEP 30 (t=666): Loss=0.6274, Rho=5.837442, Grad_norm=0.1713, Final_scale=5.8374
🚀 APPLYING GUIDANCE at step 31 (timestep=647)
🎯 GUIDANCE STEP 31 (t=647): Loss=0.6226, Rho=8.993614, Grad_norm=0.1112, Final_scale=8.9936
🚀 APPLYING GUIDANCE at step 32 (timestep=627)
🎯 GUIDANCE STEP 32 (t=627): Loss=0.6270, Rho=11.234475, Grad_norm=0.0890, Final_scale=11.2345
🚀 APPLYING GUIDANCE at step 33 (timestep=606)
🎯 GUIDANCE STEP 33 (t=606): Loss=0.6284, Rho=9.303973, Grad_norm=0.1075, Final_scale=9.3040
🚀 APPLYING GUIDANCE at step 34 (timestep=585)
🎯 GUIDANCE STEP 34 (t=585): Loss=0.6279, Rho=10.359019, Grad_norm=0.0965, Final_scale=10.3590
🚀 APPLYING GUIDANCE at step 35 (timestep=562)
🎯 GUIDANCE STEP 35 (t=562): Loss=0.6265, Rho=13.167924, Grad_norm=0.0759, Final_scale=13.1679
🚀 APPLYING GUIDANCE at step 36 (timestep=538)
🎯 GUIDANCE STEP 36 (t=538): Loss=0.6270, Rho=19.856195, Grad_norm=0.0504, Final_scale=19.8562
🚀 APPLYING GUIDANCE at step 37 (timestep=512)
🎯 GUIDANCE STEP 37 (t=512): Loss=0.6255, Rho=12.594361, Grad_norm=0.0794, Final_scale=12.5944
🚀 APPLYING GUIDANCE at step 38 (timestep=486)
🎯 GUIDANCE STEP 38 (t=486): Loss=0.6255, Rho=9.376289, Grad_norm=0.1067, Final_scale=9.3763
🚀 APPLYING GUIDANCE at step 39 (timestep=458)
🎯 GUIDANCE STEP 39 (t=458): Loss=0.6260, Rho=9.273510, Grad_norm=0.1078, Final_scale=9.2735
🚀 APPLYING GUIDANCE at step 40 (timestep=428)
🎯 GUIDANCE STEP 40 (t=428): Loss=0.6260, Rho=7.074036, Grad_norm=0.1414, Final_scale=7.0740
🚀 APPLYING GUIDANCE at step 41 (timestep=396)
🎯 GUIDANCE STEP 41 (t=396): Loss=0.6294, Rho=26.693439, Grad_norm=0.0375, Final_scale=26.6934
🚀 APPLYING GUIDANCE at step 42 (timestep=363)
🎯 GUIDANCE STEP 42 (t=363): Loss=0.6279, Rho=34.012856, Grad_norm=0.0294, Final_scale=34.0129
🚀 APPLYING GUIDANCE at step 43 (timestep=327)
🎯 GUIDANCE STEP 43 (t=327): Loss=0.6265, Rho=21.657471, Grad_norm=0.0462, Final_scale=21.6575
🚀 APPLYING GUIDANCE at step 44 (timestep=290)
🎯 GUIDANCE STEP 44 (t=290): Loss=0.6299, Rho=20.222282, Grad_norm=0.0495, Final_scale=20.2223
🚀 APPLYING GUIDANCE at step 45 (timestep=249)
🎯 GUIDANCE STEP 45 (t=249): Loss=0.6289, Rho=8.449382, Grad_norm=0.1184, Final_scale=8.4494
🚀 APPLYING GUIDANCE at step 46 (timestep=206)
🎯 GUIDANCE STEP 46 (t=206): Loss=0.6299, Rho=24.729284, Grad_norm=0.0404, Final_scale=24.7293
🚀 APPLYING GUIDANCE at step 47 (timestep=160)
🎯 GUIDANCE STEP 47 (t=160): Loss=0.6274, Rho=11.640561, Grad_norm=0.0859, Final_scale=11.6406
🚀 APPLYING GUIDANCE at step 48 (timestep=111)
🎯 GUIDANCE STEP 48 (t=111): Loss=0.6274, Rho=14.167949, Grad_norm=0.0706, Final_scale=14.1679
🚀 APPLYING GUIDANCE at step 49 (timestep=57)
🎯 GUIDANCE STEP 49 (t=57): Loss=0.6265, Rho=20.503391, Grad_norm=0.0488, Final_scale=20.5034
[guidance_f17_s50_w8c6_rho1.0_cfg5.0_0701_1448] Generated: generated_videos/subject_consistency/guidance_f17_s50_w8c6_rho1.0_cfg5.0_0701_1448/000_a_bicycle_slowing_down_to_stop.mp4
[guidance_f17_s50_w8c6_rho1.0_cfg5.0_0701_1448] Generating video 2/9 (guidance): a bicycle accelerating to gain speed
🎬 STARTING GUIDANCE PIPELINE GENERATION
   Frames: 17, Steps: 50, CFG Scale: 5.0

🔧 GUIDANCE PIPELINE CONFIGURATION:
   Guidance range: 0 - 1001
   Rho scale: 1.0
   V-JEPA kernel_size: 8
   V-JEPA context_length: 6
   V-JEPA stride: 2
   V-JEPA mode: max
   Total timesteps: 50

🚀 APPLYING GUIDANCE at step 0 (timestep=999)
🎯 GUIDANCE STEP 0 (t=999): Loss=0.5581, Rho=8.409449, Grad_norm=0.1189, Final_scale=8.4094
🚀 APPLYING GUIDANCE at step 1 (timestep=992)
🎯 GUIDANCE STEP 1 (t=992): Loss=0.5601, Rho=14.489757, Grad_norm=0.0690, Final_scale=14.4898
🚀 APPLYING GUIDANCE at step 2 (timestep=985)
🎯 GUIDANCE STEP 2 (t=985): Loss=0.5342, Rho=42.445461, Grad_norm=0.0236, Final_scale=42.4455
🚀 APPLYING GUIDANCE at step 3 (timestep=978)
🎯 GUIDANCE STEP 3 (t=978): Loss=0.5605, Rho=20.393482, Grad_norm=0.0490, Final_scale=20.3935
🚀 APPLYING GUIDANCE at step 4 (timestep=971)
🎯 GUIDANCE STEP 4 (t=971): Loss=0.5698, Rho=19.293407, Grad_norm=0.0518, Final_scale=19.2934
🚀 APPLYING GUIDANCE at step 5 (timestep=963)
🎯 GUIDANCE STEP 5 (t=963): Loss=0.5703, Rho=27.065477, Grad_norm=0.0369, Final_scale=27.0655
🚀 APPLYING GUIDANCE at step 6 (timestep=956)
🎯 GUIDANCE STEP 6 (t=956): Loss=0.5718, Rho=11.487549, Grad_norm=0.0871, Final_scale=11.4875
🚀 APPLYING GUIDANCE at step 7 (timestep=948)
🎯 GUIDANCE STEP 7 (t=948): Loss=0.5737, Rho=25.488277, Grad_norm=0.0392, Final_scale=25.4883
🚀 APPLYING GUIDANCE at step 8 (timestep=939)
🎯 GUIDANCE STEP 8 (t=939): Loss=0.5806, Rho=11.757136, Grad_norm=0.0851, Final_scale=11.7571
🚀 APPLYING GUIDANCE at step 9 (timestep=931)
🎯 GUIDANCE STEP 9 (t=931): Loss=0.5830, Rho=0.644989, Grad_norm=1.5504, Final_scale=0.6450
🚀 APPLYING GUIDANCE at step 10 (timestep=922)
🎯 GUIDANCE STEP 10 (t=922): Loss=0.5850, Rho=14.213448, Grad_norm=0.0704, Final_scale=14.2134
🚀 APPLYING GUIDANCE at step 11 (timestep=913)
🎯 GUIDANCE STEP 11 (t=913): Loss=0.6025, Rho=3.144814, Grad_norm=0.3180, Final_scale=3.1448
🚀 APPLYING GUIDANCE at step 12 (timestep=904)
🎯 GUIDANCE STEP 12 (t=904): Loss=0.5996, Rho=3.895683, Grad_norm=0.2567, Final_scale=3.8957
🚀 APPLYING GUIDANCE at step 13 (timestep=894)
🎯 GUIDANCE STEP 13 (t=894): Loss=0.5986, Rho=11.166577, Grad_norm=0.0896, Final_scale=11.1666
🚀 APPLYING GUIDANCE at step 14 (timestep=884)
🎯 GUIDANCE STEP 14 (t=884): Loss=0.5986, Rho=6.905384, Grad_norm=0.1448, Final_scale=6.9054
🚀 APPLYING GUIDANCE at step 15 (timestep=874)
🎯 GUIDANCE STEP 15 (t=874): Loss=0.6001, Rho=4.395024, Grad_norm=0.2275, Final_scale=4.3950
🚀 APPLYING GUIDANCE at step 16 (timestep=864)
🎯 GUIDANCE STEP 16 (t=864): Loss=0.6006, Rho=5.811576, Grad_norm=0.1721, Final_scale=5.8116
🚀 APPLYING GUIDANCE at step 17 (timestep=853)
🎯 GUIDANCE STEP 17 (t=853): Loss=0.6011, Rho=3.447932, Grad_norm=0.2900, Final_scale=3.4479
🚀 APPLYING GUIDANCE at step 18 (timestep=841)
🎯 GUIDANCE STEP 18 (t=841): Loss=0.5977, Rho=9.737918, Grad_norm=0.1027, Final_scale=9.7379
🚀 APPLYING GUIDANCE at step 19 (timestep=829)
🎯 GUIDANCE STEP 19 (t=829): Loss=0.6030, Rho=9.503944, Grad_norm=0.1052, Final_scale=9.5039
🚀 APPLYING GUIDANCE at step 20 (timestep=817)
🎯 GUIDANCE STEP 20 (t=817): Loss=0.6055, Rho=11.511338, Grad_norm=0.0869, Final_scale=11.5113
🚀 APPLYING GUIDANCE at step 21 (timestep=805)
🎯 GUIDANCE STEP 21 (t=805): Loss=0.6069, Rho=5.447189, Grad_norm=0.1836, Final_scale=5.4472
🚀 APPLYING GUIDANCE at step 22 (timestep=792)
🎯 GUIDANCE STEP 22 (t=792): Loss=0.6074, Rho=10.178131, Grad_norm=0.0982, Final_scale=10.1781
🚀 APPLYING GUIDANCE at step 23 (timestep=778)
🎯 GUIDANCE STEP 23 (t=778): Loss=0.6074, Rho=7.915251, Grad_norm=0.1263, Final_scale=7.9153
🚀 APPLYING GUIDANCE at step 24 (timestep=764)
🎯 GUIDANCE STEP 24 (t=764): Loss=0.6035, Rho=8.490863, Grad_norm=0.1178, Final_scale=8.4909
🚀 APPLYING GUIDANCE at step 25 (timestep=749)
🎯 GUIDANCE STEP 25 (t=749): Loss=0.6060, Rho=11.788185, Grad_norm=0.0848, Final_scale=11.7882
🚀 APPLYING GUIDANCE at step 26 (timestep=734)
🎯 GUIDANCE STEP 26 (t=734): Loss=0.6050, Rho=9.453158, Grad_norm=0.1058, Final_scale=9.4532
🚀 APPLYING GUIDANCE at step 27 (timestep=718)
🎯 GUIDANCE STEP 27 (t=718): Loss=0.6074, Rho=16.087254, Grad_norm=0.0622, Final_scale=16.0873
🚀 APPLYING GUIDANCE at step 28 (timestep=701)
🎯 GUIDANCE STEP 28 (t=701): Loss=0.6079, Rho=17.770643, Grad_norm=0.0563, Final_scale=17.7706
🚀 APPLYING GUIDANCE at step 29 (timestep=684)
🎯 GUIDANCE STEP 29 (t=684): Loss=0.6079, Rho=12.762988, Grad_norm=0.0784, Final_scale=12.7630
🚀 APPLYING GUIDANCE at step 30 (timestep=666)
🎯 GUIDANCE STEP 30 (t=666): Loss=0.6089, Rho=17.406511, Grad_norm=0.0574, Final_scale=17.4065
🚀 APPLYING GUIDANCE at step 31 (timestep=647)
🎯 GUIDANCE STEP 31 (t=647): Loss=0.6089, Rho=20.919048, Grad_norm=0.0478, Final_scale=20.9190
🚀 APPLYING GUIDANCE at step 32 (timestep=627)
🎯 GUIDANCE STEP 32 (t=627): Loss=0.6084, Rho=8.281793, Grad_norm=0.1207, Final_scale=8.2818
🚀 APPLYING GUIDANCE at step 33 (timestep=606)
🎯 GUIDANCE STEP 33 (t=606): Loss=0.6094, Rho=10.732860, Grad_norm=0.0932, Final_scale=10.7329
🚀 APPLYING GUIDANCE at step 34 (timestep=585)
🎯 GUIDANCE STEP 34 (t=585): Loss=0.6104, Rho=19.207212, Grad_norm=0.0521, Final_scale=19.2072
🚀 APPLYING GUIDANCE at step 35 (timestep=562)
🎯 GUIDANCE STEP 35 (t=562): Loss=0.6069, Rho=21.404760, Grad_norm=0.0467, Final_scale=21.4048
🚀 APPLYING GUIDANCE at step 36 (timestep=538)
🎯 GUIDANCE STEP 36 (t=538): Loss=0.6089, Rho=8.756484, Grad_norm=0.1142, Final_scale=8.7565
🚀 APPLYING GUIDANCE at step 37 (timestep=512)
🎯 GUIDANCE STEP 37 (t=512): Loss=0.6094, Rho=13.722263, Grad_norm=0.0729, Final_scale=13.7223
🚀 APPLYING GUIDANCE at step 38 (timestep=486)
🎯 GUIDANCE STEP 38 (t=486): Loss=0.6079, Rho=17.972931, Grad_norm=0.0556, Final_scale=17.9729
🚀 APPLYING GUIDANCE at step 39 (timestep=458)
🎯 GUIDANCE STEP 39 (t=458): Loss=0.6094, Rho=12.443908, Grad_norm=0.0804, Final_scale=12.4439
🚀 APPLYING GUIDANCE at step 40 (timestep=428)
🎯 GUIDANCE STEP 40 (t=428): Loss=0.6133, Rho=20.082520, Grad_norm=0.0498, Final_scale=20.0825
🚀 APPLYING GUIDANCE at step 41 (timestep=396)
🎯 GUIDANCE STEP 41 (t=396): Loss=0.6123, Rho=13.504940, Grad_norm=0.0740, Final_scale=13.5049
🚀 APPLYING GUIDANCE at step 42 (timestep=363)
🎯 GUIDANCE STEP 42 (t=363): Loss=0.6099, Rho=25.132538, Grad_norm=0.0398, Final_scale=25.1325
🚀 APPLYING GUIDANCE at step 43 (timestep=327)
🎯 GUIDANCE STEP 43 (t=327): Loss=0.6123, Rho=15.965513, Grad_norm=0.0626, Final_scale=15.9655
🚀 APPLYING GUIDANCE at step 44 (timestep=290)
🎯 GUIDANCE STEP 44 (t=290): Loss=0.6138, Rho=5.472462, Grad_norm=0.1827, Final_scale=5.4725
🚀 APPLYING GUIDANCE at step 45 (timestep=249)
🎯 GUIDANCE STEP 45 (t=249): Loss=0.6152, Rho=15.826283, Grad_norm=0.0632, Final_scale=15.8263
🚀 APPLYING GUIDANCE at step 46 (timestep=206)
🎯 GUIDANCE STEP 46 (t=206): Loss=0.6138, Rho=13.042877, Grad_norm=0.0767, Final_scale=13.0429
🚀 APPLYING GUIDANCE at step 47 (timestep=160)
🎯 GUIDANCE STEP 47 (t=160): Loss=0.6123, Rho=23.477333, Grad_norm=0.0426, Final_scale=23.4773
🚀 APPLYING GUIDANCE at step 48 (timestep=111)
🎯 GUIDANCE STEP 48 (t=111): Loss=0.6118, Rho=26.276220, Grad_norm=0.0381, Final_scale=26.2762
🚀 APPLYING GUIDANCE at step 49 (timestep=57)
🎯 GUIDANCE STEP 49 (t=57): Loss=0.6108, Rho=11.237908, Grad_norm=0.0890, Final_scale=11.2379
[guidance_f17_s50_w8c6_rho1.0_cfg5.0_0701_1448] Generated: generated_videos/subject_consistency/guidance_f17_s50_w8c6_rho1.0_cfg5.0_0701_1448/000_a_motorcycle_gliding_through_a_snowy_field.mp4
[guidance_f17_s50_w8c6_rho1.0_cfg5.0_0701_1448] Generating video 2/9 (guidance): a motorcycle accelerating to gain speed
🎬 STARTING GUIDANCE PIPELINE GENERATION
   Frames: 17, Steps: 50, CFG Scale: 5.0

🔧 GUIDANCE PIPELINE CONFIGURATION:
   Guidance range: 0 - 1001
   Rho scale: 1.0
   V-JEPA kernel_size: 8
   V-JEPA context_length: 6
   V-JEPA stride: 2
   V-JEPA mode: max
   Total timesteps: 50

🚀 APPLYING GUIDANCE at step 0 (timestep=999)
🎯 GUIDANCE STEP 0 (t=999): Loss=0.5488, Rho=45.959934, Grad_norm=0.0218, Final_scale=45.9599
🚀 APPLYING GUIDANCE at step 1 (timestep=992)
🎯 GUIDANCE STEP 1 (t=992): Loss=0.5474, Rho=30.575005, Grad_norm=0.0327, Final_scale=30.5750
🚀 APPLYING GUIDANCE at step 2 (timestep=985)
🎯 GUIDANCE STEP 2 (t=985): Loss=0.5669, Rho=19.562592, Grad_norm=0.0511, Final_scale=19.5626
🚀 APPLYING GUIDANCE at step 3 (timestep=978)
🎯 GUIDANCE STEP 3 (t=978): Loss=0.5732, Rho=24.614431, Grad_norm=0.0406, Final_scale=24.6144
🚀 APPLYING GUIDANCE at step 4 (timestep=971)
🎯 GUIDANCE STEP 4 (t=971): Loss=0.5708, Rho=3.627906, Grad_norm=0.2756, Final_scale=3.6279
🚀 APPLYING GUIDANCE at step 5 (timestep=963)
🎯 GUIDANCE STEP 5 (t=963): Loss=0.5781, Rho=12.635122, Grad_norm=0.0791, Final_scale=12.6351
🚀 APPLYING GUIDANCE at step 6 (timestep=956)
🎯 GUIDANCE STEP 6 (t=956): Loss=0.5752, Rho=13.655354, Grad_norm=0.0732, Final_scale=13.6554
🚀 APPLYING GUIDANCE at step 7 (timestep=948)
🎯 GUIDANCE STEP 7 (t=948): Loss=0.5806, Rho=9.813193, Grad_norm=0.1019, Final_scale=9.8132
🚀 APPLYING GUIDANCE at step 8 (timestep=939)
🎯 GUIDANCE STEP 8 (t=939): Loss=0.5776, Rho=11.030690, Grad_norm=0.0907, Final_scale=11.0307
🚀 APPLYING GUIDANCE at step 9 (timestep=931)
🎯 GUIDANCE STEP 9 (t=931): Loss=0.5732, Rho=7.999187, Grad_norm=0.1250, Final_scale=7.9992
🚀 APPLYING GUIDANCE at step 10 (timestep=922)
🎯 GUIDANCE STEP 10 (t=922): Loss=0.5835, Rho=15.411255, Grad_norm=0.0649, Final_scale=15.4113
🚀 APPLYING GUIDANCE at step 11 (timestep=913)
🎯 GUIDANCE STEP 11 (t=913): Loss=0.5869, Rho=3.272970, Grad_norm=0.3055, Final_scale=3.2730
🚀 APPLYING GUIDANCE at step 12 (timestep=904)
🎯 GUIDANCE STEP 12 (t=904): Loss=0.5894, Rho=16.892439, Grad_norm=0.0592, Final_scale=16.8924
🚀 APPLYING GUIDANCE at step 13 (timestep=894)
🎯 GUIDANCE STEP 13 (t=894): Loss=0.5942, Rho=7.075157, Grad_norm=0.1413, Final_scale=7.0752
🚀 APPLYING GUIDANCE at step 14 (timestep=884)
🎯 GUIDANCE STEP 14 (t=884): Loss=0.5957, Rho=16.948669, Grad_norm=0.0590, Final_scale=16.9487
🚀 APPLYING GUIDANCE at step 15 (timestep=874)
🎯 GUIDANCE STEP 15 (t=874): Loss=0.5894, Rho=17.659311, Grad_norm=0.0566, Final_scale=17.6593
🚀 APPLYING GUIDANCE at step 16 (timestep=864)
🎯 GUIDANCE STEP 16 (t=864): Loss=0.5957, Rho=12.635164, Grad_norm=0.0791, Final_scale=12.6352
🚀 APPLYING GUIDANCE at step 17 (timestep=853)
🎯 GUIDANCE STEP 17 (t=853): Loss=0.5991, Rho=2.441917, Grad_norm=0.4095, Final_scale=2.4419
🚀 APPLYING GUIDANCE at step 18 (timestep=841)
🎯 GUIDANCE STEP 18 (t=841): Loss=0.5942, Rho=5.962674, Grad_norm=0.1677, Final_scale=5.9627
🚀 APPLYING GUIDANCE at step 19 (timestep=829)
🎯 GUIDANCE STEP 19 (t=829): Loss=0.5913, Rho=4.693995, Grad_norm=0.2130, Final_scale=4.6940
🚀 APPLYING GUIDANCE at step 20 (timestep=817)
🎯 GUIDANCE STEP 20 (t=817): Loss=0.5913, Rho=12.743116, Grad_norm=0.0785, Final_scale=12.7431
🚀 APPLYING GUIDANCE at step 21 (timestep=805)
🎯 GUIDANCE STEP 21 (t=805): Loss=0.5938, Rho=9.362586, Grad_norm=0.1068, Final_scale=9.3626
🚀 APPLYING GUIDANCE at step 22 (timestep=792)
🎯 GUIDANCE STEP 22 (t=792): Loss=0.5894, Rho=6.415147, Grad_norm=0.1559, Final_scale=6.4151
🚀 APPLYING GUIDANCE at step 23 (timestep=778)
🎯 GUIDANCE STEP 23 (t=778): Loss=0.5928, Rho=8.676896, Grad_norm=0.1152, Final_scale=8.6769
🚀 APPLYING GUIDANCE at step 24 (timestep=764)
🎯 GUIDANCE STEP 24 (t=764): Loss=0.5879, Rho=10.664042, Grad_norm=0.0938, Final_scale=10.6640
🚀 APPLYING GUIDANCE at step 25 (timestep=749)
🎯 GUIDANCE STEP 25 (t=749): Loss=0.5879, Rho=7.551953, Grad_norm=0.1324, Final_scale=7.5520
🚀 APPLYING GUIDANCE at step 26 (timestep=734)
🎯 GUIDANCE STEP 26 (t=734): Loss=0.5928, Rho=4.851254, Grad_norm=0.2061, Final_scale=4.8513
🚀 APPLYING GUIDANCE at step 27 (timestep=718)
🎯 GUIDANCE STEP 27 (t=718): Loss=0.5913, Rho=18.353970, Grad_norm=0.0545, Final_scale=18.3540
🚀 APPLYING GUIDANCE at step 28 (timestep=701)
🎯 GUIDANCE STEP 28 (t=701): Loss=0.5928, Rho=14.003332, Grad_norm=0.0714, Final_scale=14.0033
🚀 APPLYING GUIDANCE at step 29 (timestep=684)
🎯 GUIDANCE STEP 29 (t=684): Loss=0.5928, Rho=9.111685, Grad_norm=0.1097, Final_scale=9.1117
🚀 APPLYING GUIDANCE at step 30 (timestep=666)
🎯 GUIDANCE STEP 30 (t=666): Loss=0.5942, Rho=9.968000, Grad_norm=0.1003, Final_scale=9.9680
🚀 APPLYING GUIDANCE at step 31 (timestep=647)
🎯 GUIDANCE STEP 31 (t=647): Loss=0.5903, Rho=11.117832, Grad_norm=0.0899, Final_scale=11.1178
🚀 APPLYING GUIDANCE at step 32 (timestep=627)
🎯 GUIDANCE STEP 32 (t=627): Loss=0.5938, Rho=4.832542, Grad_norm=0.2069, Final_scale=4.8325
🚀 APPLYING GUIDANCE at step 33 (timestep=606)
🎯 GUIDANCE STEP 33 (t=606): Loss=0.5908, Rho=17.182327, Grad_norm=0.0582, Final_scale=17.1823
🚀 APPLYING GUIDANCE at step 34 (timestep=585)
🎯 GUIDANCE STEP 34 (t=585): Loss=0.5923, Rho=9.559971, Grad_norm=0.1046, Final_scale=9.5600
🚀 APPLYING GUIDANCE at step 35 (timestep=562)
🎯 GUIDANCE STEP 35 (t=562): Loss=0.5913, Rho=20.572100, Grad_norm=0.0486, Final_scale=20.5721
🚀 APPLYING GUIDANCE at step 36 (timestep=538)
🎯 GUIDANCE STEP 36 (t=538): Loss=0.5913, Rho=5.156769, Grad_norm=0.1939, Final_scale=5.1568
🚀 APPLYING GUIDANCE at step 37 (timestep=512)
🎯 GUIDANCE STEP 37 (t=512): Loss=0.5894, Rho=10.441955, Grad_norm=0.0958, Final_scale=10.4420
🚀 APPLYING GUIDANCE at step 38 (timestep=486)
🎯 GUIDANCE STEP 38 (t=486): Loss=0.5918, Rho=13.875417, Grad_norm=0.0721, Final_scale=13.8754
🚀 APPLYING GUIDANCE at step 39 (timestep=458)
🎯 GUIDANCE STEP 39 (t=458): Loss=0.5928, Rho=6.404757, Grad_norm=0.1561, Final_scale=6.4048
🚀 APPLYING GUIDANCE at step 40 (timestep=428)
🎯 GUIDANCE STEP 40 (t=428): Loss=0.5942, Rho=9.882147, Grad_norm=0.1012, Final_scale=9.8821
🚀 APPLYING GUIDANCE at step 41 (timestep=396)
🎯 GUIDANCE STEP 41 (t=396): Loss=0.5938, Rho=11.722004, Grad_norm=0.0853, Final_scale=11.7220
🚀 APPLYING GUIDANCE at step 42 (timestep=363)
🎯 GUIDANCE STEP 42 (t=363): Loss=0.5962, Rho=13.577589, Grad_norm=0.0737, Final_scale=13.5776
🚀 APPLYING GUIDANCE at step 43 (timestep=327)
🎯 GUIDANCE STEP 43 (t=327): Loss=0.5986, Rho=4.193008, Grad_norm=0.2385, Final_scale=4.1930
🚀 APPLYING GUIDANCE at step 44 (timestep=290)
🎯 GUIDANCE STEP 44 (t=290): Loss=0.5967, Rho=9.563259, Grad_norm=0.1046, Final_scale=9.5633
🚀 APPLYING GUIDANCE at step 45 (timestep=249)
🎯 GUIDANCE STEP 45 (t=249): Loss=0.5991, Rho=1.503690, Grad_norm=0.6650, Final_scale=1.5037
🚀 APPLYING GUIDANCE at step 46 (timestep=206)
🎯 GUIDANCE STEP 46 (t=206): Loss=0.5977, Rho=14.808427, Grad_norm=0.0675, Final_scale=14.8084
🚀 APPLYING GUIDANCE at step 47 (timestep=160)
🎯 GUIDANCE STEP 47 (t=160): Loss=0.5977, Rho=13.252012, Grad_norm=0.0755, Final_scale=13.2520
🚀 APPLYING GUIDANCE at step 48 (timestep=111)
🎯 GUIDANCE STEP 48 (t=111): Loss=0.5991, Rho=18.641066, Grad_norm=0.0536, Final_scale=18.6411
🚀 APPLYING GUIDANCE at step 49 (timestep=57)
🎯 GUIDANCE STEP 49 (t=57): Loss=0.5967, Rho=10.375021, Grad_norm=0.0964, Final_scale=10.3750
[guidance_f17_s50_w8c6_rho1.0_cfg5.0_0701_1448] Generated: generated_videos/subject_consistency/guidance_f17_s50_w8c6_rho1.0_cfg5.0_0701_1448/000_a_person_swimming_in_ocean.mp4
[guidance_f17_s50_w8c6_rho1.0_cfg5.0_0701_1448] Generating video 2/9 (guidance): a person giving a presentation to a room full of colleagues
🎬 STARTING GUIDANCE PIPELINE GENERATION
   Frames: 17, Steps: 50, CFG Scale: 5.0

🔧 GUIDANCE PIPELINE CONFIGURATION:
   Guidance range: 0 - 1001
   Rho scale: 1.0
   V-JEPA kernel_size: 8
   V-JEPA context_length: 6
   V-JEPA stride: 2
   V-JEPA mode: max
   Total timesteps: 50

🚀 APPLYING GUIDANCE at step 0 (timestep=999)
🎯 GUIDANCE STEP 0 (t=999): Loss=0.5542, Rho=17.517477, Grad_norm=0.0571, Final_scale=17.5175
🚀 APPLYING GUIDANCE at step 1 (timestep=992)
🎯 GUIDANCE STEP 1 (t=992): Loss=0.5483, Rho=17.411150, Grad_norm=0.0574, Final_scale=17.4111
🚀 APPLYING GUIDANCE at step 2 (timestep=985)
🎯 GUIDANCE STEP 2 (t=985): Loss=0.5508, Rho=32.767788, Grad_norm=0.0305, Final_scale=32.7678
🚀 APPLYING GUIDANCE at step 3 (timestep=978)
🎯 GUIDANCE STEP 3 (t=978): Loss=0.5615, Rho=16.864683, Grad_norm=0.0593, Final_scale=16.8647
🚀 APPLYING GUIDANCE at step 4 (timestep=971)
🎯 GUIDANCE STEP 4 (t=971): Loss=0.5645, Rho=13.402869, Grad_norm=0.0746, Final_scale=13.4029
🚀 APPLYING GUIDANCE at step 5 (timestep=963)
🎯 GUIDANCE STEP 5 (t=963): Loss=0.5464, Rho=24.033314, Grad_norm=0.0416, Final_scale=24.0333
🚀 APPLYING GUIDANCE at step 6 (timestep=956)
🎯 GUIDANCE STEP 6 (t=956): Loss=0.5479, Rho=2.924033, Grad_norm=0.3420, Final_scale=2.9240
🚀 APPLYING GUIDANCE at step 7 (timestep=948)
🎯 GUIDANCE STEP 7 (t=948): Loss=0.5518, Rho=16.779097, Grad_norm=0.0596, Final_scale=16.7791
🚀 APPLYING GUIDANCE at step 8 (timestep=939)
🎯 GUIDANCE STEP 8 (t=939): Loss=0.5649, Rho=9.880191, Grad_norm=0.1012, Final_scale=9.8802
🚀 APPLYING GUIDANCE at step 9 (timestep=931)
🎯 GUIDANCE STEP 9 (t=931): Loss=0.5801, Rho=8.135633, Grad_norm=0.1229, Final_scale=8.1356
🚀 APPLYING GUIDANCE at step 10 (timestep=922)
🎯 GUIDANCE STEP 10 (t=922): Loss=0.5879, Rho=9.792825, Grad_norm=0.1021, Final_scale=9.7928
🚀 APPLYING GUIDANCE at step 11 (timestep=913)
🎯 GUIDANCE STEP 11 (t=913): Loss=0.5981, Rho=2.676202, Grad_norm=0.3737, Final_scale=2.6762
🚀 APPLYING GUIDANCE at step 12 (timestep=904)
🎯 GUIDANCE STEP 12 (t=904): Loss=0.5991, Rho=3.809194, Grad_norm=0.2625, Final_scale=3.8092
🚀 APPLYING GUIDANCE at step 13 (timestep=894)
🎯 GUIDANCE STEP 13 (t=894): Loss=0.6035, Rho=5.516519, Grad_norm=0.1813, Final_scale=5.5165
🚀 APPLYING GUIDANCE at step 14 (timestep=884)
🎯 GUIDANCE STEP 14 (t=884): Loss=0.6064, Rho=8.049860, Grad_norm=0.1242, Final_scale=8.0499
🚀 APPLYING GUIDANCE at step 15 (timestep=874)
🎯 GUIDANCE STEP 15 (t=874): Loss=0.6094, Rho=9.334131, Grad_norm=0.1071, Final_scale=9.3341
🚀 APPLYING GUIDANCE at step 16 (timestep=864)
🎯 GUIDANCE STEP 16 (t=864): Loss=0.6084, Rho=1.689275, Grad_norm=0.5920, Final_scale=1.6893
🚀 APPLYING GUIDANCE at step 17 (timestep=853)
🎯 GUIDANCE STEP 17 (t=853): Loss=0.6099, Rho=3.606480, Grad_norm=0.2773, Final_scale=3.6065
🚀 APPLYING GUIDANCE at step 18 (timestep=841)
🎯 GUIDANCE STEP 18 (t=841): Loss=0.6030, Rho=7.154494, Grad_norm=0.1398, Final_scale=7.1545
🚀 APPLYING GUIDANCE at step 19 (timestep=829)
🎯 GUIDANCE STEP 19 (t=829): Loss=0.6030, Rho=6.536770, Grad_norm=0.1530, Final_scale=6.5368
🚀 APPLYING GUIDANCE at step 20 (timestep=817)
🎯 GUIDANCE STEP 20 (t=817): Loss=0.6006, Rho=6.767488, Grad_norm=0.1478, Final_scale=6.7675
🚀 APPLYING GUIDANCE at step 21 (timestep=805)
🎯 GUIDANCE STEP 21 (t=805): Loss=0.6050, Rho=12.030920, Grad_norm=0.0831, Final_scale=12.0309
🚀 APPLYING GUIDANCE at step 22 (timestep=792)
🎯 GUIDANCE STEP 22 (t=792): Loss=0.6011, Rho=6.359232, Grad_norm=0.1573, Final_scale=6.3592
🚀 APPLYING GUIDANCE at step 23 (timestep=778)
🎯 GUIDANCE STEP 23 (t=778): Loss=0.6021, Rho=5.986463, Grad_norm=0.1670, Final_scale=5.9865
🚀 APPLYING GUIDANCE at step 24 (timestep=764)
🎯 GUIDANCE STEP 24 (t=764): Loss=0.6050, Rho=5.424623, Grad_norm=0.1843, Final_scale=5.4246
🚀 APPLYING GUIDANCE at step 25 (timestep=749)
🎯 GUIDANCE STEP 25 (t=749): Loss=0.6064, Rho=3.251636, Grad_norm=0.3075, Final_scale=3.2516
🚀 APPLYING GUIDANCE at step 26 (timestep=734)
🎯 GUIDANCE STEP 26 (t=734): Loss=0.6074, Rho=7.065087, Grad_norm=0.1415, Final_scale=7.0651
🚀 APPLYING GUIDANCE at step 27 (timestep=718)
🎯 GUIDANCE STEP 27 (t=718): Loss=0.6045, Rho=3.098833, Grad_norm=0.3227, Final_scale=3.0988
🚀 APPLYING GUIDANCE at step 28 (timestep=701)
🎯 GUIDANCE STEP 28 (t=701): Loss=0.6035, Rho=7.642413, Grad_norm=0.1308, Final_scale=7.6424
🚀 APPLYING GUIDANCE at step 29 (timestep=684)
🎯 GUIDANCE STEP 29 (t=684): Loss=0.6011, Rho=11.434971, Grad_norm=0.0875, Final_scale=11.4350
🚀 APPLYING GUIDANCE at step 30 (timestep=666)
🎯 GUIDANCE STEP 30 (t=666): Loss=0.6030, Rho=5.825512, Grad_norm=0.1717, Final_scale=5.8255
🚀 APPLYING GUIDANCE at step 31 (timestep=647)
🎯 GUIDANCE STEP 31 (t=647): Loss=0.6064, Rho=8.265705, Grad_norm=0.1210, Final_scale=8.2657
🚀 APPLYING GUIDANCE at step 32 (timestep=627)
🎯 GUIDANCE STEP 32 (t=627): Loss=0.6021, Rho=12.342343, Grad_norm=0.0810, Final_scale=12.3423
🚀 APPLYING GUIDANCE at step 33 (timestep=606)
🎯 GUIDANCE STEP 33 (t=606): Loss=0.6021, Rho=8.022792, Grad_norm=0.1246, Final_scale=8.0228
🚀 APPLYING GUIDANCE at step 34 (timestep=585)
🎯 GUIDANCE STEP 34 (t=585): Loss=0.6045, Rho=15.349914, Grad_norm=0.0651, Final_scale=15.3499
🚀 APPLYING GUIDANCE at step 35 (timestep=562)
🎯 GUIDANCE STEP 35 (t=562): Loss=0.6045, Rho=6.786897, Grad_norm=0.1473, Final_scale=6.7869
🚀 APPLYING GUIDANCE at step 36 (timestep=538)
🎯 GUIDANCE STEP 36 (t=538): Loss=0.6035, Rho=3.911180, Grad_norm=0.2557, Final_scale=3.9112
🚀 APPLYING GUIDANCE at step 37 (timestep=512)
🎯 GUIDANCE STEP 37 (t=512): Loss=0.6011, Rho=14.494858, Grad_norm=0.0690, Final_scale=14.4949
🚀 APPLYING GUIDANCE at step 38 (timestep=486)
🎯 GUIDANCE STEP 38 (t=486): Loss=0.5996, Rho=6.602099, Grad_norm=0.1515, Final_scale=6.6021
🚀 APPLYING GUIDANCE at step 39 (timestep=458)
🎯 GUIDANCE STEP 39 (t=458): Loss=0.5996, Rho=12.447125, Grad_norm=0.0803, Final_scale=12.4471
🚀 APPLYING GUIDANCE at step 40 (timestep=428)
🎯 GUIDANCE STEP 40 (t=428): Loss=0.6030, Rho=14.393921, Grad_norm=0.0695, Final_scale=14.3939
🚀 APPLYING GUIDANCE at step 41 (timestep=396)
🎯 GUIDANCE STEP 41 (t=396): Loss=0.6035, Rho=10.815141, Grad_norm=0.0925, Final_scale=10.8151
🚀 APPLYING GUIDANCE at step 42 (timestep=363)
🎯 GUIDANCE STEP 42 (t=363): Loss=0.5981, Rho=8.189100, Grad_norm=0.1221, Final_scale=8.1891
🚀 APPLYING GUIDANCE at step 43 (timestep=327)
🎯 GUIDANCE STEP 43 (t=327): Loss=0.6001, Rho=19.964725, Grad_norm=0.0501, Final_scale=19.9647
🚀 APPLYING GUIDANCE at step 44 (timestep=290)
🎯 GUIDANCE STEP 44 (t=290): Loss=0.5986, Rho=16.802465, Grad_norm=0.0595, Final_scale=16.8025
🚀 APPLYING GUIDANCE at step 45 (timestep=249)
🎯 GUIDANCE STEP 45 (t=249): Loss=0.6016, Rho=16.195518, Grad_norm=0.0617, Final_scale=16.1955
🚀 APPLYING GUIDANCE at step 46 (timestep=206)
🎯 GUIDANCE STEP 46 (t=206): Loss=0.6001, Rho=14.350072, Grad_norm=0.0697, Final_scale=14.3501
🚀 APPLYING GUIDANCE at step 47 (timestep=160)
🎯 GUIDANCE STEP 47 (t=160): Loss=0.6021, Rho=6.143938, Grad_norm=0.1628, Final_scale=6.1439
🚀 APPLYING GUIDANCE at step 48 (timestep=111)
🎯 GUIDANCE STEP 48 (t=111): Loss=0.6030, Rho=11.973297, Grad_norm=0.0835, Final_scale=11.9733
🚀 APPLYING GUIDANCE at step 49 (timestep=57)
🎯 GUIDANCE STEP 49 (t=57): Loss=0.5986, Rho=11.764269, Grad_norm=0.0850, Final_scale=11.7643
[guidance_f17_s50_w8c6_rho1.0_cfg5.0_0701_1448] Generated: generated_videos/subject_consistency/guidance_f17_s50_w8c6_rho1.0_cfg5.0_0701_1448/000_a_dog_enjoying_a_peaceful_walk.mp4
[guidance_f17_s50_w8c6_rho1.0_cfg5.0_0701_1448] Generating video 2/9 (guidance): a dog playing in park
🎬 STARTING GUIDANCE PIPELINE GENERATION
   Frames: 17, Steps: 50, CFG Scale: 5.0

🔧 GUIDANCE PIPELINE CONFIGURATION:
   Guidance range: 0 - 1001
   Rho scale: 1.0
   V-JEPA kernel_size: 8
   V-JEPA context_length: 6
   V-JEPA stride: 2
   V-JEPA mode: max
   Total timesteps: 50

🚀 APPLYING GUIDANCE at step 0 (timestep=999)
🎯 GUIDANCE STEP 0 (t=999): Loss=0.5640, Rho=14.958787, Grad_norm=0.0669, Final_scale=14.9588
🚀 APPLYING GUIDANCE at step 1 (timestep=992)
🎯 GUIDANCE STEP 1 (t=992): Loss=0.5474, Rho=28.450727, Grad_norm=0.0351, Final_scale=28.4507
🚀 APPLYING GUIDANCE at step 2 (timestep=985)
🎯 GUIDANCE STEP 2 (t=985): Loss=0.5547, Rho=23.650337, Grad_norm=0.0423, Final_scale=23.6503
🚀 APPLYING GUIDANCE at step 3 (timestep=978)
🎯 GUIDANCE STEP 3 (t=978): Loss=0.5566, Rho=21.896324, Grad_norm=0.0457, Final_scale=21.8963
🚀 APPLYING GUIDANCE at step 4 (timestep=971)
🎯 GUIDANCE STEP 4 (t=971): Loss=0.5488, Rho=23.813694, Grad_norm=0.0420, Final_scale=23.8137
🚀 APPLYING GUIDANCE at step 5 (timestep=963)
🎯 GUIDANCE STEP 5 (t=963): Loss=0.5615, Rho=15.629837, Grad_norm=0.0640, Final_scale=15.6298
🚀 APPLYING GUIDANCE at step 6 (timestep=956)
🎯 GUIDANCE STEP 6 (t=956): Loss=0.5640, Rho=17.767567, Grad_norm=0.0563, Final_scale=17.7676
🚀 APPLYING GUIDANCE at step 7 (timestep=948)
🎯 GUIDANCE STEP 7 (t=948): Loss=0.5615, Rho=11.456493, Grad_norm=0.0873, Final_scale=11.4565
🚀 APPLYING GUIDANCE at step 8 (timestep=939)
🎯 GUIDANCE STEP 8 (t=939): Loss=0.5615, Rho=9.528779, Grad_norm=0.1049, Final_scale=9.5288
🚀 APPLYING GUIDANCE at step 9 (timestep=931)
🎯 GUIDANCE STEP 9 (t=931): Loss=0.5771, Rho=12.285714, Grad_norm=0.0814, Final_scale=12.2857
🚀 APPLYING GUIDANCE at step 10 (timestep=922)
🎯 GUIDANCE STEP 10 (t=922): Loss=0.5762, Rho=4.499013, Grad_norm=0.2223, Final_scale=4.4990
🚀 APPLYING GUIDANCE at step 11 (timestep=913)
🎯 GUIDANCE STEP 11 (t=913): Loss=0.5811, Rho=1.974770, Grad_norm=0.5064, Final_scale=1.9748
🚀 APPLYING GUIDANCE at step 12 (timestep=904)
🎯 GUIDANCE STEP 12 (t=904): Loss=0.5820, Rho=9.161955, Grad_norm=0.1091, Final_scale=9.1620
🚀 APPLYING GUIDANCE at step 13 (timestep=894)
🎯 GUIDANCE STEP 13 (t=894): Loss=0.5815, Rho=10.053627, Grad_norm=0.0995, Final_scale=10.0536
🚀 APPLYING GUIDANCE at step 14 (timestep=884)
🎯 GUIDANCE STEP 14 (t=884): Loss=0.5859, Rho=6.797585, Grad_norm=0.1471, Final_scale=6.7976
🚀 APPLYING GUIDANCE at step 15 (timestep=874)
🎯 GUIDANCE STEP 15 (t=874): Loss=0.5845, Rho=2.922327, Grad_norm=0.3422, Final_scale=2.9223
🚀 APPLYING GUIDANCE at step 16 (timestep=864)
🎯 GUIDANCE STEP 16 (t=864): Loss=0.5835, Rho=7.105997, Grad_norm=0.1407, Final_scale=7.1060
🚀 APPLYING GUIDANCE at step 17 (timestep=853)
🎯 GUIDANCE STEP 17 (t=853): Loss=0.5840, Rho=8.157023, Grad_norm=0.1226, Final_scale=8.1570
🚀 APPLYING GUIDANCE at step 18 (timestep=841)
🎯 GUIDANCE STEP 18 (t=841): Loss=0.5859, Rho=3.799163, Grad_norm=0.2632, Final_scale=3.7992
🚀 APPLYING GUIDANCE at step 19 (timestep=829)
🎯 GUIDANCE STEP 19 (t=829): Loss=0.5854, Rho=8.414886, Grad_norm=0.1188, Final_scale=8.4149
🚀 APPLYING GUIDANCE at step 20 (timestep=817)
🎯 GUIDANCE STEP 20 (t=817): Loss=0.5845, Rho=3.846530, Grad_norm=0.2600, Final_scale=3.8465
🚀 APPLYING GUIDANCE at step 21 (timestep=805)
🎯 GUIDANCE STEP 21 (t=805): Loss=0.5840, Rho=5.049664, Grad_norm=0.1980, Final_scale=5.0497
🚀 APPLYING GUIDANCE at step 22 (timestep=792)
🎯 GUIDANCE STEP 22 (t=792): Loss=0.5845, Rho=3.124902, Grad_norm=0.3200, Final_scale=3.1249
🚀 APPLYING GUIDANCE at step 23 (timestep=778)
🎯 GUIDANCE STEP 23 (t=778): Loss=0.5869, Rho=2.123997, Grad_norm=0.4708, Final_scale=2.1240
🚀 APPLYING GUIDANCE at step 24 (timestep=764)
🎯 GUIDANCE STEP 24 (t=764): Loss=0.5972, Rho=0.838843, Grad_norm=1.1921, Final_scale=0.8388
🚀 APPLYING GUIDANCE at step 25 (timestep=749)
🎯 GUIDANCE STEP 25 (t=749): Loss=0.5996, Rho=4.260901, Grad_norm=0.2347, Final_scale=4.2609
🚀 APPLYING GUIDANCE at step 26 (timestep=734)
🎯 GUIDANCE STEP 26 (t=734): Loss=0.5952, Rho=3.544764, Grad_norm=0.2821, Final_scale=3.5448
🚀 APPLYING GUIDANCE at step 27 (timestep=718)
🎯 GUIDANCE STEP 27 (t=718): Loss=0.5972, Rho=2.170456, Grad_norm=0.4607, Final_scale=2.1705
🚀 APPLYING GUIDANCE at step 28 (timestep=701)
🎯 GUIDANCE STEP 28 (t=701): Loss=0.5933, Rho=5.473754, Grad_norm=0.1827, Final_scale=5.4738
🚀 APPLYING GUIDANCE at step 29 (timestep=684)
🎯 GUIDANCE STEP 29 (t=684): Loss=0.5942, Rho=2.964536, Grad_norm=0.3373, Final_scale=2.9645
🚀 APPLYING GUIDANCE at step 30 (timestep=666)
🎯 GUIDANCE STEP 30 (t=666): Loss=0.5962, Rho=7.467852, Grad_norm=0.1339, Final_scale=7.4679
🚀 APPLYING GUIDANCE at step 31 (timestep=647)
🎯 GUIDANCE STEP 31 (t=647): Loss=0.5952, Rho=3.329579, Grad_norm=0.3003, Final_scale=3.3296
🚀 APPLYING GUIDANCE at step 32 (timestep=627)
🎯 GUIDANCE STEP 32 (t=627): Loss=0.5928, Rho=7.712970, Grad_norm=0.1297, Final_scale=7.7130
🚀 APPLYING GUIDANCE at step 33 (timestep=606)
🎯 GUIDANCE STEP 33 (t=606): Loss=0.5957, Rho=8.910583, Grad_norm=0.1122, Final_scale=8.9106
🚀 APPLYING GUIDANCE at step 34 (timestep=585)
🎯 GUIDANCE STEP 34 (t=585): Loss=0.5967, Rho=8.399861, Grad_norm=0.1190, Final_scale=8.3999
🚀 APPLYING GUIDANCE at step 35 (timestep=562)
🎯 GUIDANCE STEP 35 (t=562): Loss=0.5938, Rho=5.042801, Grad_norm=0.1983, Final_scale=5.0428
🚀 APPLYING GUIDANCE at step 36 (timestep=538)
🎯 GUIDANCE STEP 36 (t=538): Loss=0.5952, Rho=2.086385, Grad_norm=0.4793, Final_scale=2.0864
🚀 APPLYING GUIDANCE at step 37 (timestep=512)
🎯 GUIDANCE STEP 37 (t=512): Loss=0.5947, Rho=6.252437, Grad_norm=0.1599, Final_scale=6.2524
🚀 APPLYING GUIDANCE at step 38 (timestep=486)
🎯 GUIDANCE STEP 38 (t=486): Loss=0.5986, Rho=2.864173, Grad_norm=0.3491, Final_scale=2.8642
🚀 APPLYING GUIDANCE at step 39 (timestep=458)
🎯 GUIDANCE STEP 39 (t=458): Loss=0.5947, Rho=12.749684, Grad_norm=0.0784, Final_scale=12.7497
🚀 APPLYING GUIDANCE at step 40 (timestep=428)
🎯 GUIDANCE STEP 40 (t=428): Loss=0.5967, Rho=3.771636, Grad_norm=0.2651, Final_scale=3.7716
🚀 APPLYING GUIDANCE at step 41 (timestep=396)
🎯 GUIDANCE STEP 41 (t=396): Loss=0.5962, Rho=1.939219, Grad_norm=0.5157, Final_scale=1.9392
🚀 APPLYING GUIDANCE at step 42 (timestep=363)
🎯 GUIDANCE STEP 42 (t=363): Loss=0.5957, Rho=2.427217, Grad_norm=0.4120, Final_scale=2.4272
🚀 APPLYING GUIDANCE at step 43 (timestep=327)
🎯 GUIDANCE STEP 43 (t=327): Loss=0.5947, Rho=12.453240, Grad_norm=0.0803, Final_scale=12.4532
🚀 APPLYING GUIDANCE at step 44 (timestep=290)
🎯 GUIDANCE STEP 44 (t=290): Loss=0.5957, Rho=8.382501, Grad_norm=0.1193, Final_scale=8.3825
🚀 APPLYING GUIDANCE at step 45 (timestep=249)
🎯 GUIDANCE STEP 45 (t=249): Loss=0.5962, Rho=16.088097, Grad_norm=0.0622, Final_scale=16.0881
🚀 APPLYING GUIDANCE at step 46 (timestep=206)
🎯 GUIDANCE STEP 46 (t=206): Loss=0.5923, Rho=9.205628, Grad_norm=0.1086, Final_scale=9.2056
🚀 APPLYING GUIDANCE at step 47 (timestep=160)
🎯 GUIDANCE STEP 47 (t=160): Loss=0.5942, Rho=11.620103, Grad_norm=0.0861, Final_scale=11.6201
🚀 APPLYING GUIDANCE at step 48 (timestep=111)
🎯 GUIDANCE STEP 48 (t=111): Loss=0.5903, Rho=13.504096, Grad_norm=0.0741, Final_scale=13.5041
🚀 APPLYING GUIDANCE at step 49 (timestep=57)
🎯 GUIDANCE STEP 49 (t=57): Loss=0.5938, Rho=9.935199, Grad_norm=0.1007, Final_scale=9.9352
[guidance_f17_s50_w8c6_rho1.0_cfg5.0_0701_1448] Generated: generated_videos/subject_consistency/guidance_f17_s50_w8c6_rho1.0_cfg5.0_0701_1448/000_a_boat_slowing_down_to_stop.mp4
[guidance_f17_s50_w8c6_rho1.0_cfg5.0_0701_1448] Generating video 2/9 (guidance): a boat accelerating to gain speed
🎬 STARTING GUIDANCE PIPELINE GENERATION
   Frames: 17, Steps: 50, CFG Scale: 5.0

🔧 GUIDANCE PIPELINE CONFIGURATION:
   Guidance range: 0 - 1001
   Rho scale: 1.0
   V-JEPA kernel_size: 8
   V-JEPA context_length: 6
   V-JEPA stride: 2
   V-JEPA mode: max
   Total timesteps: 50

🚀 APPLYING GUIDANCE at step 0 (timestep=999)
🎯 GUIDANCE STEP 0 (t=999): Loss=0.6221, Rho=7.650766, Grad_norm=0.1307, Final_scale=7.6508
🚀 APPLYING GUIDANCE at step 1 (timestep=992)
🎯 GUIDANCE STEP 1 (t=992): Loss=0.5381, Rho=36.809052, Grad_norm=0.0272, Final_scale=36.8091
🚀 APPLYING GUIDANCE at step 2 (timestep=985)
🎯 GUIDANCE STEP 2 (t=985): Loss=0.5625, Rho=16.113222, Grad_norm=0.0621, Final_scale=16.1132
🚀 APPLYING GUIDANCE at step 3 (timestep=978)
🎯 GUIDANCE STEP 3 (t=978): Loss=0.5444, Rho=14.824370, Grad_norm=0.0675, Final_scale=14.8244
🚀 APPLYING GUIDANCE at step 4 (timestep=971)
🎯 GUIDANCE STEP 4 (t=971): Loss=0.5620, Rho=15.017066, Grad_norm=0.0666, Final_scale=15.0171
🚀 APPLYING GUIDANCE at step 5 (timestep=963)
🎯 GUIDANCE STEP 5 (t=963): Loss=0.5801, Rho=9.644312, Grad_norm=0.1037, Final_scale=9.6443
🚀 APPLYING GUIDANCE at step 6 (timestep=956)
🎯 GUIDANCE STEP 6 (t=956): Loss=0.5811, Rho=16.211676, Grad_norm=0.0617, Final_scale=16.2117
🚀 APPLYING GUIDANCE at step 7 (timestep=948)
🎯 GUIDANCE STEP 7 (t=948): Loss=0.5869, Rho=13.605396, Grad_norm=0.0735, Final_scale=13.6054
🚀 APPLYING GUIDANCE at step 8 (timestep=939)
🎯 GUIDANCE STEP 8 (t=939): Loss=0.5874, Rho=11.123886, Grad_norm=0.0899, Final_scale=11.1239
🚀 APPLYING GUIDANCE at step 9 (timestep=931)
🎯 GUIDANCE STEP 9 (t=931): Loss=0.5830, Rho=6.930227, Grad_norm=0.1443, Final_scale=6.9302
🚀 APPLYING GUIDANCE at step 10 (timestep=922)
🎯 GUIDANCE STEP 10 (t=922): Loss=0.5933, Rho=5.697383, Grad_norm=0.1755, Final_scale=5.6974
🚀 APPLYING GUIDANCE at step 11 (timestep=913)
🎯 GUIDANCE STEP 11 (t=913): Loss=0.5879, Rho=14.184014, Grad_norm=0.0705, Final_scale=14.1840
🚀 APPLYING GUIDANCE at step 12 (timestep=904)
🎯 GUIDANCE STEP 12 (t=904): Loss=0.5938, Rho=12.205099, Grad_norm=0.0819, Final_scale=12.2051
🚀 APPLYING GUIDANCE at step 13 (timestep=894)
🎯 GUIDANCE STEP 13 (t=894): Loss=0.6030, Rho=4.384944, Grad_norm=0.2281, Final_scale=4.3849
🚀 APPLYING GUIDANCE at step 14 (timestep=884)
🎯 GUIDANCE STEP 14 (t=884): Loss=0.6177, Rho=2.010112, Grad_norm=0.4975, Final_scale=2.0101
🚀 APPLYING GUIDANCE at step 15 (timestep=874)
🎯 GUIDANCE STEP 15 (t=874): Loss=0.6147, Rho=4.967455, Grad_norm=0.2013, Final_scale=4.9675
🚀 APPLYING GUIDANCE at step 16 (timestep=864)
🎯 GUIDANCE STEP 16 (t=864): Loss=0.6147, Rho=6.585438, Grad_norm=0.1519, Final_scale=6.5854
🚀 APPLYING GUIDANCE at step 17 (timestep=853)
🎯 GUIDANCE STEP 17 (t=853): Loss=0.6069, Rho=6.621622, Grad_norm=0.1510, Final_scale=6.6216
🚀 APPLYING GUIDANCE at step 18 (timestep=841)
🎯 GUIDANCE STEP 18 (t=841): Loss=0.6147, Rho=8.001809, Grad_norm=0.1250, Final_scale=8.0018
🚀 APPLYING GUIDANCE at step 19 (timestep=829)
🎯 GUIDANCE STEP 19 (t=829): Loss=0.6177, Rho=7.658158, Grad_norm=0.1306, Final_scale=7.6582
🚀 APPLYING GUIDANCE at step 20 (timestep=817)
🎯 GUIDANCE STEP 20 (t=817): Loss=0.6191, Rho=3.845103, Grad_norm=0.2601, Final_scale=3.8451
🚀 APPLYING GUIDANCE at step 21 (timestep=805)
🎯 GUIDANCE STEP 21 (t=805): Loss=0.6152, Rho=4.449996, Grad_norm=0.2247, Final_scale=4.4500
🚀 APPLYING GUIDANCE at step 22 (timestep=792)
🎯 GUIDANCE STEP 22 (t=792): Loss=0.6113, Rho=2.265336, Grad_norm=0.4414, Final_scale=2.2653
🚀 APPLYING GUIDANCE at step 23 (timestep=778)
🎯 GUIDANCE STEP 23 (t=778): Loss=0.6138, Rho=9.510167, Grad_norm=0.1052, Final_scale=9.5102
🚀 APPLYING GUIDANCE at step 24 (timestep=764)
🎯 GUIDANCE STEP 24 (t=764): Loss=0.6089, Rho=1.399902, Grad_norm=0.7143, Final_scale=1.3999
🚀 APPLYING GUIDANCE at step 25 (timestep=749)
🎯 GUIDANCE STEP 25 (t=749): Loss=0.6147, Rho=7.043781, Grad_norm=0.1420, Final_scale=7.0438
🚀 APPLYING GUIDANCE at step 26 (timestep=734)
🎯 GUIDANCE STEP 26 (t=734): Loss=0.6138, Rho=2.587959, Grad_norm=0.3864, Final_scale=2.5880
🚀 APPLYING GUIDANCE at step 27 (timestep=718)
🎯 GUIDANCE STEP 27 (t=718): Loss=0.6157, Rho=10.802352, Grad_norm=0.0926, Final_scale=10.8024
🚀 APPLYING GUIDANCE at step 28 (timestep=701)
🎯 GUIDANCE STEP 28 (t=701): Loss=0.6157, Rho=11.819956, Grad_norm=0.0846, Final_scale=11.8200
🚀 APPLYING GUIDANCE at step 29 (timestep=684)
🎯 GUIDANCE STEP 29 (t=684): Loss=0.6123, Rho=5.295067, Grad_norm=0.1889, Final_scale=5.2951
🚀 APPLYING GUIDANCE at step 30 (timestep=666)
🎯 GUIDANCE STEP 30 (t=666): Loss=0.6177, Rho=9.917944, Grad_norm=0.1008, Final_scale=9.9179
🚀 APPLYING GUIDANCE at step 31 (timestep=647)
🎯 GUIDANCE STEP 31 (t=647): Loss=0.6147, Rho=6.846079, Grad_norm=0.1461, Final_scale=6.8461
🚀 APPLYING GUIDANCE at step 32 (timestep=627)
🎯 GUIDANCE STEP 32 (t=627): Loss=0.6152, Rho=9.111635, Grad_norm=0.1097, Final_scale=9.1116
🚀 APPLYING GUIDANCE at step 33 (timestep=606)
🎯 GUIDANCE STEP 33 (t=606): Loss=0.6152, Rho=1.441552, Grad_norm=0.6937, Final_scale=1.4416
🚀 APPLYING GUIDANCE at step 34 (timestep=585)
🎯 GUIDANCE STEP 34 (t=585): Loss=0.6099, Rho=17.120544, Grad_norm=0.0584, Final_scale=17.1205
🚀 APPLYING GUIDANCE at step 35 (timestep=562)
🎯 GUIDANCE STEP 35 (t=562): Loss=0.6108, Rho=13.949321, Grad_norm=0.0717, Final_scale=13.9493
🚀 APPLYING GUIDANCE at step 36 (timestep=538)
🎯 GUIDANCE STEP 36 (t=538): Loss=0.6113, Rho=0.696455, Grad_norm=1.4358, Final_scale=0.6965
🚀 APPLYING GUIDANCE at step 37 (timestep=512)
🎯 GUIDANCE STEP 37 (t=512): Loss=0.6104, Rho=26.858433, Grad_norm=0.0372, Final_scale=26.8584
🚀 APPLYING GUIDANCE at step 38 (timestep=486)
🎯 GUIDANCE STEP 38 (t=486): Loss=0.6108, Rho=20.647671, Grad_norm=0.0484, Final_scale=20.6477
🚀 APPLYING GUIDANCE at step 39 (timestep=458)
🎯 GUIDANCE STEP 39 (t=458): Loss=0.6099, Rho=14.750370, Grad_norm=0.0678, Final_scale=14.7504
🚀 APPLYING GUIDANCE at step 40 (timestep=428)
🎯 GUIDANCE STEP 40 (t=428): Loss=0.6079, Rho=16.164860, Grad_norm=0.0619, Final_scale=16.1649
🚀 APPLYING GUIDANCE at step 41 (timestep=396)
🎯 GUIDANCE STEP 41 (t=396): Loss=0.6104, Rho=13.808920, Grad_norm=0.0724, Final_scale=13.8089
🚀 APPLYING GUIDANCE at step 42 (timestep=363)
🎯 GUIDANCE STEP 42 (t=363): Loss=0.6123, Rho=8.964996, Grad_norm=0.1115, Final_scale=8.9650
🚀 APPLYING GUIDANCE at step 43 (timestep=327)
🎯 GUIDANCE STEP 43 (t=327): Loss=0.6104, Rho=1.267886, Grad_norm=0.7887, Final_scale=1.2679
🚀 APPLYING GUIDANCE at step 44 (timestep=290)
🎯 GUIDANCE STEP 44 (t=290): Loss=0.6113, Rho=24.487482, Grad_norm=0.0408, Final_scale=24.4875
🚀 APPLYING GUIDANCE at step 45 (timestep=249)
🎯 GUIDANCE STEP 45 (t=249): Loss=0.6099, Rho=21.732906, Grad_norm=0.0460, Final_scale=21.7329
🚀 APPLYING GUIDANCE at step 46 (timestep=206)
🎯 GUIDANCE STEP 46 (t=206): Loss=0.6079, Rho=16.728071, Grad_norm=0.0598, Final_scale=16.7281
🚀 APPLYING GUIDANCE at step 47 (timestep=160)
🎯 GUIDANCE STEP 47 (t=160): Loss=0.6074, Rho=21.112257, Grad_norm=0.0474, Final_scale=21.1123
🚀 APPLYING GUIDANCE at step 48 (timestep=111)
🎯 GUIDANCE STEP 48 (t=111): Loss=0.6055, Rho=25.886553, Grad_norm=0.0386, Final_scale=25.8866
🚀 APPLYING GUIDANCE at step 49 (timestep=57)
🎯 GUIDANCE STEP 49 (t=57): Loss=0.6030, Rho=35.954491, Grad_norm=0.0278, Final_scale=35.9545
[guidance_f17_s50_w8c6_rho1.0_cfg5.0_0701_1448] Generated: generated_videos/subject_consistency/guidance_f17_s50_w8c6_rho1.0_cfg5.0_0701_1448/001_a_bear_climbing_a_tree.mp4
[guidance_f17_s50_w8c6_rho1.0_cfg5.0_0701_1448] Generating video 3/9 (guidance): a bear hunting for prey
🎬 STARTING GUIDANCE PIPELINE GENERATION
   Frames: 17, Steps: 50, CFG Scale: 5.0

🔧 GUIDANCE PIPELINE CONFIGURATION:
   Guidance range: 0 - 1001
   Rho scale: 1.0
   V-JEPA kernel_size: 8
   V-JEPA context_length: 6
   V-JEPA stride: 2
   V-JEPA mode: max
   Total timesteps: 50

🚀 APPLYING GUIDANCE at step 0 (timestep=999)
🎯 GUIDANCE STEP 0 (t=999): Loss=0.5845, Rho=18.487955, Grad_norm=0.0541, Final_scale=18.4880
🚀 APPLYING GUIDANCE at step 1 (timestep=992)
🎯 GUIDANCE STEP 1 (t=992): Loss=0.5430, Rho=18.444990, Grad_norm=0.0542, Final_scale=18.4450
🚀 APPLYING GUIDANCE at step 2 (timestep=985)
🎯 GUIDANCE STEP 2 (t=985): Loss=0.5352, Rho=35.775467, Grad_norm=0.0280, Final_scale=35.7755
🚀 APPLYING GUIDANCE at step 3 (timestep=978)
🎯 GUIDANCE STEP 3 (t=978): Loss=0.5361, Rho=37.677628, Grad_norm=0.0265, Final_scale=37.6776
🚀 APPLYING GUIDANCE at step 4 (timestep=971)
🎯 GUIDANCE STEP 4 (t=971): Loss=0.5493, Rho=20.426331, Grad_norm=0.0490, Final_scale=20.4263
🚀 APPLYING GUIDANCE at step 5 (timestep=963)
🎯 GUIDANCE STEP 5 (t=963): Loss=0.5601, Rho=21.562271, Grad_norm=0.0464, Final_scale=21.5623
🚀 APPLYING GUIDANCE at step 6 (timestep=956)
🎯 GUIDANCE STEP 6 (t=956): Loss=0.5737, Rho=10.464743, Grad_norm=0.0956, Final_scale=10.4647
🚀 APPLYING GUIDANCE at step 7 (timestep=948)
🎯 GUIDANCE STEP 7 (t=948): Loss=0.5879, Rho=8.198561, Grad_norm=0.1220, Final_scale=8.1986
🚀 APPLYING GUIDANCE at step 8 (timestep=939)
🎯 GUIDANCE STEP 8 (t=939): Loss=0.5835, Rho=13.908813, Grad_norm=0.0719, Final_scale=13.9088
🚀 APPLYING GUIDANCE at step 9 (timestep=931)
🎯 GUIDANCE STEP 9 (t=931): Loss=0.5840, Rho=13.949724, Grad_norm=0.0717, Final_scale=13.9497
🚀 APPLYING GUIDANCE at step 10 (timestep=922)
🎯 GUIDANCE STEP 10 (t=922): Loss=0.5830, Rho=12.675888, Grad_norm=0.0789, Final_scale=12.6759
🚀 APPLYING GUIDANCE at step 11 (timestep=913)
🎯 GUIDANCE STEP 11 (t=913): Loss=0.5835, Rho=10.253067, Grad_norm=0.0975, Final_scale=10.2531
🚀 APPLYING GUIDANCE at step 12 (timestep=904)
🎯 GUIDANCE STEP 12 (t=904): Loss=0.5854, Rho=7.552019, Grad_norm=0.1324, Final_scale=7.5520
🚀 APPLYING GUIDANCE at step 13 (timestep=894)
🎯 GUIDANCE STEP 13 (t=894): Loss=0.5894, Rho=13.699289, Grad_norm=0.0730, Final_scale=13.6993
🚀 APPLYING GUIDANCE at step 14 (timestep=884)
🎯 GUIDANCE STEP 14 (t=884): Loss=0.5972, Rho=12.829615, Grad_norm=0.0779, Final_scale=12.8296
🚀 APPLYING GUIDANCE at step 15 (timestep=874)
🎯 GUIDANCE STEP 15 (t=874): Loss=0.5869, Rho=8.975888, Grad_norm=0.1114, Final_scale=8.9759
🚀 APPLYING GUIDANCE at step 16 (timestep=864)
🎯 GUIDANCE STEP 16 (t=864): Loss=0.5903, Rho=4.123880, Grad_norm=0.2425, Final_scale=4.1239
🚀 APPLYING GUIDANCE at step 17 (timestep=853)
🎯 GUIDANCE STEP 17 (t=853): Loss=0.5938, Rho=2.933771, Grad_norm=0.3409, Final_scale=2.9338
🚀 APPLYING GUIDANCE at step 18 (timestep=841)
🎯 GUIDANCE STEP 18 (t=841): Loss=0.5913, Rho=4.568486, Grad_norm=0.2189, Final_scale=4.5685
🚀 APPLYING GUIDANCE at step 19 (timestep=829)
🎯 GUIDANCE STEP 19 (t=829): Loss=0.5923, Rho=4.873395, Grad_norm=0.2052, Final_scale=4.8734
🚀 APPLYING GUIDANCE at step 20 (timestep=817)
🎯 GUIDANCE STEP 20 (t=817): Loss=0.5991, Rho=3.605363, Grad_norm=0.2774, Final_scale=3.6054
🚀 APPLYING GUIDANCE at step 21 (timestep=805)
🎯 GUIDANCE STEP 21 (t=805): Loss=0.6060, Rho=9.349329, Grad_norm=0.1070, Final_scale=9.3493
🚀 APPLYING GUIDANCE at step 22 (timestep=792)
🎯 GUIDANCE STEP 22 (t=792): Loss=0.5991, Rho=3.723808, Grad_norm=0.2685, Final_scale=3.7238
🚀 APPLYING GUIDANCE at step 23 (timestep=778)
🎯 GUIDANCE STEP 23 (t=778): Loss=0.5972, Rho=8.071909, Grad_norm=0.1239, Final_scale=8.0719
🚀 APPLYING GUIDANCE at step 24 (timestep=764)
🎯 GUIDANCE STEP 24 (t=764): Loss=0.5952, Rho=9.079856, Grad_norm=0.1101, Final_scale=9.0799
🚀 APPLYING GUIDANCE at step 25 (timestep=749)
🎯 GUIDANCE STEP 25 (t=749): Loss=0.5918, Rho=9.313100, Grad_norm=0.1074, Final_scale=9.3131
🚀 APPLYING GUIDANCE at step 26 (timestep=734)
🎯 GUIDANCE STEP 26 (t=734): Loss=0.5923, Rho=8.088076, Grad_norm=0.1236, Final_scale=8.0881
🚀 APPLYING GUIDANCE at step 27 (timestep=718)
🎯 GUIDANCE STEP 27 (t=718): Loss=0.5923, Rho=8.925373, Grad_norm=0.1120, Final_scale=8.9254
🚀 APPLYING GUIDANCE at step 28 (timestep=701)
🎯 GUIDANCE STEP 28 (t=701): Loss=0.6045, Rho=5.743261, Grad_norm=0.1741, Final_scale=5.7433
🚀 APPLYING GUIDANCE at step 29 (timestep=684)
🎯 GUIDANCE STEP 29 (t=684): Loss=0.6104, Rho=13.430878, Grad_norm=0.0745, Final_scale=13.4309
🚀 APPLYING GUIDANCE at step 30 (timestep=666)
🎯 GUIDANCE STEP 30 (t=666): Loss=0.6089, Rho=9.870643, Grad_norm=0.1013, Final_scale=9.8706
🚀 APPLYING GUIDANCE at step 31 (timestep=647)
🎯 GUIDANCE STEP 31 (t=647): Loss=0.6060, Rho=5.413296, Grad_norm=0.1847, Final_scale=5.4133
🚀 APPLYING GUIDANCE at step 32 (timestep=627)
🎯 GUIDANCE STEP 32 (t=627): Loss=0.6104, Rho=1.344916, Grad_norm=0.7435, Final_scale=1.3449
🚀 APPLYING GUIDANCE at step 33 (timestep=606)
🎯 GUIDANCE STEP 33 (t=606): Loss=0.6089, Rho=5.548739, Grad_norm=0.1802, Final_scale=5.5487
🚀 APPLYING GUIDANCE at step 34 (timestep=585)
🎯 GUIDANCE STEP 34 (t=585): Loss=0.6050, Rho=8.435748, Grad_norm=0.1185, Final_scale=8.4357
🚀 APPLYING GUIDANCE at step 35 (timestep=562)
🎯 GUIDANCE STEP 35 (t=562): Loss=0.6099, Rho=2.523869, Grad_norm=0.3962, Final_scale=2.5239
🚀 APPLYING GUIDANCE at step 36 (timestep=538)
🎯 GUIDANCE STEP 36 (t=538): Loss=0.6069, Rho=6.202132, Grad_norm=0.1612, Final_scale=6.2021
🚀 APPLYING GUIDANCE at step 37 (timestep=512)
🎯 GUIDANCE STEP 37 (t=512): Loss=0.6050, Rho=7.828365, Grad_norm=0.1277, Final_scale=7.8284
🚀 APPLYING GUIDANCE at step 38 (timestep=486)
🎯 GUIDANCE STEP 38 (t=486): Loss=0.6040, Rho=7.683989, Grad_norm=0.1301, Final_scale=7.6840
🚀 APPLYING GUIDANCE at step 39 (timestep=458)
🎯 GUIDANCE STEP 39 (t=458): Loss=0.6104, Rho=14.559865, Grad_norm=0.0687, Final_scale=14.5599
🚀 APPLYING GUIDANCE at step 40 (timestep=428)
🎯 GUIDANCE STEP 40 (t=428): Loss=0.6055, Rho=7.329148, Grad_norm=0.1364, Final_scale=7.3291
🚀 APPLYING GUIDANCE at step 41 (timestep=396)
🎯 GUIDANCE STEP 41 (t=396): Loss=0.6055, Rho=9.967857, Grad_norm=0.1003, Final_scale=9.9679
🚀 APPLYING GUIDANCE at step 42 (timestep=363)
🎯 GUIDANCE STEP 42 (t=363): Loss=0.6025, Rho=12.129460, Grad_norm=0.0824, Final_scale=12.1295
🚀 APPLYING GUIDANCE at step 43 (timestep=327)
🎯 GUIDANCE STEP 43 (t=327): Loss=0.6040, Rho=11.629020, Grad_norm=0.0860, Final_scale=11.6290
🚀 APPLYING GUIDANCE at step 44 (timestep=290)
🎯 GUIDANCE STEP 44 (t=290): Loss=0.6011, Rho=13.157994, Grad_norm=0.0760, Final_scale=13.1580
🚀 APPLYING GUIDANCE at step 45 (timestep=249)
🎯 GUIDANCE STEP 45 (t=249): Loss=0.6016, Rho=11.577457, Grad_norm=0.0864, Final_scale=11.5775
🚀 APPLYING GUIDANCE at step 46 (timestep=206)
🎯 GUIDANCE STEP 46 (t=206): Loss=0.6016, Rho=18.402037, Grad_norm=0.0543, Final_scale=18.4020
🚀 APPLYING GUIDANCE at step 47 (timestep=160)
🎯 GUIDANCE STEP 47 (t=160): Loss=0.5991, Rho=16.206850, Grad_norm=0.0617, Final_scale=16.2069
🚀 APPLYING GUIDANCE at step 48 (timestep=111)
🎯 GUIDANCE STEP 48 (t=111): Loss=0.5981, Rho=18.924307, Grad_norm=0.0528, Final_scale=18.9243
🚀 APPLYING GUIDANCE at step 49 (timestep=57)
🎯 GUIDANCE STEP 49 (t=57): Loss=0.5928, Rho=16.632746, Grad_norm=0.0601, Final_scale=16.6327
[guidance_f17_s50_w8c6_rho1.0_cfg5.0_0701_1448] Generated: generated_videos/subject_consistency/guidance_f17_s50_w8c6_rho1.0_cfg5.0_0701_1448/001_a_sheep_running_to_join_a_herd_of_its_kind.mp4
[guidance_f17_s50_w8c6_rho1.0_cfg5.0_0701_1448] Generating video 3/9 (guidance): a cow bending down to drink water from a river
🎬 STARTING GUIDANCE PIPELINE GENERATION
   Frames: 17, Steps: 50, CFG Scale: 5.0

🔧 GUIDANCE PIPELINE CONFIGURATION:
   Guidance range: 0 - 1001
   Rho scale: 1.0
   V-JEPA kernel_size: 8
   V-JEPA context_length: 6
   V-JEPA stride: 2
   V-JEPA mode: max
   Total timesteps: 50

🚀 APPLYING GUIDANCE at step 0 (timestep=999)
🎯 GUIDANCE STEP 0 (t=999): Loss=0.5967, Rho=14.204588, Grad_norm=0.0704, Final_scale=14.2046
🚀 APPLYING GUIDANCE at step 1 (timestep=992)
🎯 GUIDANCE STEP 1 (t=992): Loss=0.5728, Rho=18.915977, Grad_norm=0.0529, Final_scale=18.9160
🚀 APPLYING GUIDANCE at step 2 (timestep=985)
🎯 GUIDANCE STEP 2 (t=985): Loss=0.5693, Rho=16.041674, Grad_norm=0.0623, Final_scale=16.0417
🚀 APPLYING GUIDANCE at step 3 (timestep=978)
🎯 GUIDANCE STEP 3 (t=978): Loss=0.5786, Rho=15.683829, Grad_norm=0.0638, Final_scale=15.6838
🚀 APPLYING GUIDANCE at step 4 (timestep=971)
🎯 GUIDANCE STEP 4 (t=971): Loss=0.6079, Rho=14.474540, Grad_norm=0.0691, Final_scale=14.4745
🚀 APPLYING GUIDANCE at step 5 (timestep=963)
🎯 GUIDANCE STEP 5 (t=963): Loss=0.6099, Rho=6.930610, Grad_norm=0.1443, Final_scale=6.9306
🚀 APPLYING GUIDANCE at step 6 (timestep=956)
🎯 GUIDANCE STEP 6 (t=956): Loss=0.6128, Rho=5.211812, Grad_norm=0.1919, Final_scale=5.2118
🚀 APPLYING GUIDANCE at step 7 (timestep=948)
🎯 GUIDANCE STEP 7 (t=948): Loss=0.6182, Rho=6.257413, Grad_norm=0.1598, Final_scale=6.2574
🚀 APPLYING GUIDANCE at step 8 (timestep=939)
🎯 GUIDANCE STEP 8 (t=939): Loss=0.6211, Rho=7.236202, Grad_norm=0.1382, Final_scale=7.2362
🚀 APPLYING GUIDANCE at step 9 (timestep=931)
🎯 GUIDANCE STEP 9 (t=931): Loss=0.6196, Rho=3.380691, Grad_norm=0.2958, Final_scale=3.3807
🚀 APPLYING GUIDANCE at step 10 (timestep=922)
🎯 GUIDANCE STEP 10 (t=922): Loss=0.6235, Rho=6.244431, Grad_norm=0.1601, Final_scale=6.2444
🚀 APPLYING GUIDANCE at step 11 (timestep=913)
🎯 GUIDANCE STEP 11 (t=913): Loss=0.6196, Rho=8.814401, Grad_norm=0.1135, Final_scale=8.8144
🚀 APPLYING GUIDANCE at step 12 (timestep=904)
🎯 GUIDANCE STEP 12 (t=904): Loss=0.6226, Rho=3.131902, Grad_norm=0.3193, Final_scale=3.1319
🚀 APPLYING GUIDANCE at step 13 (timestep=894)
🎯 GUIDANCE STEP 13 (t=894): Loss=0.6206, Rho=9.999695, Grad_norm=0.1000, Final_scale=9.9997
🚀 APPLYING GUIDANCE at step 14 (timestep=884)
🎯 GUIDANCE STEP 14 (t=884): Loss=0.6211, Rho=7.398361, Grad_norm=0.1352, Final_scale=7.3984
🚀 APPLYING GUIDANCE at step 15 (timestep=874)
🎯 GUIDANCE STEP 15 (t=874): Loss=0.6206, Rho=6.769691, Grad_norm=0.1477, Final_scale=6.7697
🚀 APPLYING GUIDANCE at step 16 (timestep=864)
🎯 GUIDANCE STEP 16 (t=864): Loss=0.6260, Rho=12.304943, Grad_norm=0.0813, Final_scale=12.3049
🚀 APPLYING GUIDANCE at step 17 (timestep=853)
🎯 GUIDANCE STEP 17 (t=853): Loss=0.6299, Rho=6.787149, Grad_norm=0.1473, Final_scale=6.7871
🚀 APPLYING GUIDANCE at step 18 (timestep=841)
🎯 GUIDANCE STEP 18 (t=841): Loss=0.6245, Rho=6.420171, Grad_norm=0.1558, Final_scale=6.4202
🚀 APPLYING GUIDANCE at step 19 (timestep=829)
🎯 GUIDANCE STEP 19 (t=829): Loss=0.6235, Rho=10.081236, Grad_norm=0.0992, Final_scale=10.0812
🚀 APPLYING GUIDANCE at step 20 (timestep=817)
🎯 GUIDANCE STEP 20 (t=817): Loss=0.6211, Rho=9.371637, Grad_norm=0.1067, Final_scale=9.3716
🚀 APPLYING GUIDANCE at step 21 (timestep=805)
🎯 GUIDANCE STEP 21 (t=805): Loss=0.6230, Rho=6.781930, Grad_norm=0.1475, Final_scale=6.7819
🚀 APPLYING GUIDANCE at step 22 (timestep=792)
🎯 GUIDANCE STEP 22 (t=792): Loss=0.6206, Rho=10.034452, Grad_norm=0.0997, Final_scale=10.0345
🚀 APPLYING GUIDANCE at step 23 (timestep=778)
🎯 GUIDANCE STEP 23 (t=778): Loss=0.6279, Rho=8.265849, Grad_norm=0.1210, Final_scale=8.2658
🚀 APPLYING GUIDANCE at step 24 (timestep=764)
🎯 GUIDANCE STEP 24 (t=764): Loss=0.6240, Rho=7.395166, Grad_norm=0.1352, Final_scale=7.3952
🚀 APPLYING GUIDANCE at step 25 (timestep=749)
🎯 GUIDANCE STEP 25 (t=749): Loss=0.6211, Rho=7.659440, Grad_norm=0.1306, Final_scale=7.6594
🚀 APPLYING GUIDANCE at step 26 (timestep=734)
🎯 GUIDANCE STEP 26 (t=734): Loss=0.6240, Rho=7.538518, Grad_norm=0.1327, Final_scale=7.5385
🚀 APPLYING GUIDANCE at step 27 (timestep=718)
🎯 GUIDANCE STEP 27 (t=718): Loss=0.6245, Rho=11.439526, Grad_norm=0.0874, Final_scale=11.4395
🚀 APPLYING GUIDANCE at step 28 (timestep=701)
🎯 GUIDANCE STEP 28 (t=701): Loss=0.6250, Rho=2.896720, Grad_norm=0.3452, Final_scale=2.8967
🚀 APPLYING GUIDANCE at step 29 (timestep=684)
🎯 GUIDANCE STEP 29 (t=684): Loss=0.6230, Rho=5.341037, Grad_norm=0.1872, Final_scale=5.3410
🚀 APPLYING GUIDANCE at step 30 (timestep=666)
🎯 GUIDANCE STEP 30 (t=666): Loss=0.6250, Rho=6.736495, Grad_norm=0.1484, Final_scale=6.7365
🚀 APPLYING GUIDANCE at step 31 (timestep=647)
🎯 GUIDANCE STEP 31 (t=647): Loss=0.6211, Rho=7.817261, Grad_norm=0.1279, Final_scale=7.8173
🚀 APPLYING GUIDANCE at step 32 (timestep=627)
🎯 GUIDANCE STEP 32 (t=627): Loss=0.6235, Rho=6.945598, Grad_norm=0.1440, Final_scale=6.9456
🚀 APPLYING GUIDANCE at step 33 (timestep=606)
🎯 GUIDANCE STEP 33 (t=606): Loss=0.6182, Rho=6.935273, Grad_norm=0.1442, Final_scale=6.9353
🚀 APPLYING GUIDANCE at step 34 (timestep=585)
🎯 GUIDANCE STEP 34 (t=585): Loss=0.6187, Rho=13.176047, Grad_norm=0.0759, Final_scale=13.1760
🚀 APPLYING GUIDANCE at step 35 (timestep=562)
🎯 GUIDANCE STEP 35 (t=562): Loss=0.6201, Rho=6.278634, Grad_norm=0.1593, Final_scale=6.2786
🚀 APPLYING GUIDANCE at step 36 (timestep=538)
🎯 GUIDANCE STEP 36 (t=538): Loss=0.6172, Rho=8.841693, Grad_norm=0.1131, Final_scale=8.8417
🚀 APPLYING GUIDANCE at step 37 (timestep=512)
🎯 GUIDANCE STEP 37 (t=512): Loss=0.6172, Rho=7.224091, Grad_norm=0.1384, Final_scale=7.2241
🚀 APPLYING GUIDANCE at step 38 (timestep=486)
🎯 GUIDANCE STEP 38 (t=486): Loss=0.6162, Rho=10.898600, Grad_norm=0.0918, Final_scale=10.8986
🚀 APPLYING GUIDANCE at step 39 (timestep=458)
🎯 GUIDANCE STEP 39 (t=458): Loss=0.6138, Rho=9.284538, Grad_norm=0.1077, Final_scale=9.2845
🚀 APPLYING GUIDANCE at step 40 (timestep=428)
🎯 GUIDANCE STEP 40 (t=428): Loss=0.6143, Rho=2.365336, Grad_norm=0.4228, Final_scale=2.3653
🚀 APPLYING GUIDANCE at step 41 (timestep=396)
🎯 GUIDANCE STEP 41 (t=396): Loss=0.6187, Rho=7.848893, Grad_norm=0.1274, Final_scale=7.8489
🚀 APPLYING GUIDANCE at step 42 (timestep=363)
🎯 GUIDANCE STEP 42 (t=363): Loss=0.6167, Rho=23.514889, Grad_norm=0.0425, Final_scale=23.5149
🚀 APPLYING GUIDANCE at step 43 (timestep=327)
🎯 GUIDANCE STEP 43 (t=327): Loss=0.6177, Rho=17.531216, Grad_norm=0.0570, Final_scale=17.5312
🚀 APPLYING GUIDANCE at step 44 (timestep=290)
🎯 GUIDANCE STEP 44 (t=290): Loss=0.6182, Rho=5.911254, Grad_norm=0.1692, Final_scale=5.9113
🚀 APPLYING GUIDANCE at step 45 (timestep=249)
🎯 GUIDANCE STEP 45 (t=249): Loss=0.6177, Rho=13.877708, Grad_norm=0.0721, Final_scale=13.8777
🚀 APPLYING GUIDANCE at step 46 (timestep=206)
🎯 GUIDANCE STEP 46 (t=206): Loss=0.6167, Rho=16.926329, Grad_norm=0.0591, Final_scale=16.9263
🚀 APPLYING GUIDANCE at step 47 (timestep=160)
🎯 GUIDANCE STEP 47 (t=160): Loss=0.6196, Rho=10.083342, Grad_norm=0.0992, Final_scale=10.0833
🚀 APPLYING GUIDANCE at step 48 (timestep=111)
🎯 GUIDANCE STEP 48 (t=111): Loss=0.6182, Rho=10.622611, Grad_norm=0.0941, Final_scale=10.6226
🚀 APPLYING GUIDANCE at step 49 (timestep=57)
🎯 GUIDANCE STEP 49 (t=57): Loss=0.6157, Rho=6.356649, Grad_norm=0.1573, Final_scale=6.3566
[guidance_f17_s50_w8c6_rho1.0_cfg5.0_0701_1448] Generated: generated_videos/subject_consistency/guidance_f17_s50_w8c6_rho1.0_cfg5.0_0701_1448/001_a_motorcycle_accelerating_to_gain_speed.mp4
[guidance_f17_s50_w8c6_rho1.0_cfg5.0_0701_1448] Generating video 3/9 (guidance): an airplane soaring through a clear blue sky
🎬 STARTING GUIDANCE PIPELINE GENERATION
   Frames: 17, Steps: 50, CFG Scale: 5.0

🔧 GUIDANCE PIPELINE CONFIGURATION:
   Guidance range: 0 - 1001
   Rho scale: 1.0
   V-JEPA kernel_size: 8
   V-JEPA context_length: 6
   V-JEPA stride: 2
   V-JEPA mode: max
   Total timesteps: 50

🚀 APPLYING GUIDANCE at step 0 (timestep=999)
🎯 GUIDANCE STEP 0 (t=999): Loss=0.5674, Rho=5.136864, Grad_norm=0.1947, Final_scale=5.1369
🚀 APPLYING GUIDANCE at step 1 (timestep=992)
🎯 GUIDANCE STEP 1 (t=992): Loss=0.5405, Rho=40.497684, Grad_norm=0.0247, Final_scale=40.4977
🚀 APPLYING GUIDANCE at step 2 (timestep=985)
🎯 GUIDANCE STEP 2 (t=985): Loss=0.5483, Rho=16.028303, Grad_norm=0.0624, Final_scale=16.0283
🚀 APPLYING GUIDANCE at step 3 (timestep=978)
🎯 GUIDANCE STEP 3 (t=978): Loss=0.5522, Rho=9.948043, Grad_norm=0.1005, Final_scale=9.9480
🚀 APPLYING GUIDANCE at step 4 (timestep=971)
🎯 GUIDANCE STEP 4 (t=971): Loss=0.5601, Rho=14.412007, Grad_norm=0.0694, Final_scale=14.4120
🚀 APPLYING GUIDANCE at step 5 (timestep=963)
🎯 GUIDANCE STEP 5 (t=963): Loss=0.5737, Rho=11.667723, Grad_norm=0.0857, Final_scale=11.6677
🚀 APPLYING GUIDANCE at step 6 (timestep=956)
🎯 GUIDANCE STEP 6 (t=956): Loss=0.5586, Rho=9.422589, Grad_norm=0.1061, Final_scale=9.4226
🚀 APPLYING GUIDANCE at step 7 (timestep=948)
🎯 GUIDANCE STEP 7 (t=948): Loss=0.5605, Rho=2.098048, Grad_norm=0.4766, Final_scale=2.0980
🚀 APPLYING GUIDANCE at step 8 (timestep=939)
🎯 GUIDANCE STEP 8 (t=939): Loss=0.5801, Rho=5.739311, Grad_norm=0.1742, Final_scale=5.7393
🚀 APPLYING GUIDANCE at step 9 (timestep=931)
🎯 GUIDANCE STEP 9 (t=931): Loss=0.5869, Rho=10.023413, Grad_norm=0.0998, Final_scale=10.0234
🚀 APPLYING GUIDANCE at step 10 (timestep=922)
🎯 GUIDANCE STEP 10 (t=922): Loss=0.5874, Rho=9.001487, Grad_norm=0.1111, Final_scale=9.0015
🚀 APPLYING GUIDANCE at step 11 (timestep=913)
🎯 GUIDANCE STEP 11 (t=913): Loss=0.5938, Rho=4.608026, Grad_norm=0.2170, Final_scale=4.6080
🚀 APPLYING GUIDANCE at step 12 (timestep=904)
🎯 GUIDANCE STEP 12 (t=904): Loss=0.6006, Rho=3.835328, Grad_norm=0.2607, Final_scale=3.8353
🚀 APPLYING GUIDANCE at step 13 (timestep=894)
🎯 GUIDANCE STEP 13 (t=894): Loss=0.6035, Rho=6.807008, Grad_norm=0.1469, Final_scale=6.8070
🚀 APPLYING GUIDANCE at step 14 (timestep=884)
🎯 GUIDANCE STEP 14 (t=884): Loss=0.6025, Rho=4.066822, Grad_norm=0.2459, Final_scale=4.0668
🚀 APPLYING GUIDANCE at step 15 (timestep=874)
🎯 GUIDANCE STEP 15 (t=874): Loss=0.6030, Rho=7.142564, Grad_norm=0.1400, Final_scale=7.1426
🚀 APPLYING GUIDANCE at step 16 (timestep=864)
🎯 GUIDANCE STEP 16 (t=864): Loss=0.6035, Rho=2.154438, Grad_norm=0.4642, Final_scale=2.1544
🚀 APPLYING GUIDANCE at step 17 (timestep=853)
🎯 GUIDANCE STEP 17 (t=853): Loss=0.6089, Rho=2.448109, Grad_norm=0.4085, Final_scale=2.4481
🚀 APPLYING GUIDANCE at step 18 (timestep=841)
🎯 GUIDANCE STEP 18 (t=841): Loss=0.6064, Rho=5.637111, Grad_norm=0.1774, Final_scale=5.6371
🚀 APPLYING GUIDANCE at step 19 (timestep=829)
🎯 GUIDANCE STEP 19 (t=829): Loss=0.6128, Rho=2.894980, Grad_norm=0.3454, Final_scale=2.8950
🚀 APPLYING GUIDANCE at step 20 (timestep=817)
🎯 GUIDANCE STEP 20 (t=817): Loss=0.6177, Rho=4.510916, Grad_norm=0.2217, Final_scale=4.5109
🚀 APPLYING GUIDANCE at step 21 (timestep=805)
🎯 GUIDANCE STEP 21 (t=805): Loss=0.6128, Rho=6.884511, Grad_norm=0.1453, Final_scale=6.8845
🚀 APPLYING GUIDANCE at step 22 (timestep=792)
🎯 GUIDANCE STEP 22 (t=792): Loss=0.6157, Rho=3.240039, Grad_norm=0.3086, Final_scale=3.2400
🚀 APPLYING GUIDANCE at step 23 (timestep=778)
🎯 GUIDANCE STEP 23 (t=778): Loss=0.6177, Rho=4.379098, Grad_norm=0.2284, Final_scale=4.3791
🚀 APPLYING GUIDANCE at step 24 (timestep=764)
🎯 GUIDANCE STEP 24 (t=764): Loss=0.6172, Rho=3.872884, Grad_norm=0.2582, Final_scale=3.8729
🚀 APPLYING GUIDANCE at step 25 (timestep=749)
🎯 GUIDANCE STEP 25 (t=749): Loss=0.6162, Rho=3.346556, Grad_norm=0.2988, Final_scale=3.3466
🚀 APPLYING GUIDANCE at step 26 (timestep=734)
🎯 GUIDANCE STEP 26 (t=734): Loss=0.6177, Rho=1.452905, Grad_norm=0.6883, Final_scale=1.4529
🚀 APPLYING GUIDANCE at step 27 (timestep=718)
🎯 GUIDANCE STEP 27 (t=718): Loss=0.6177, Rho=6.409009, Grad_norm=0.1560, Final_scale=6.4090
🚀 APPLYING GUIDANCE at step 28 (timestep=701)
🎯 GUIDANCE STEP 28 (t=701): Loss=0.6162, Rho=10.539217, Grad_norm=0.0949, Final_scale=10.5392
🚀 APPLYING GUIDANCE at step 29 (timestep=684)
🎯 GUIDANCE STEP 29 (t=684): Loss=0.6182, Rho=5.543135, Grad_norm=0.1804, Final_scale=5.5431
🚀 APPLYING GUIDANCE at step 30 (timestep=666)
🎯 GUIDANCE STEP 30 (t=666): Loss=0.6143, Rho=11.591237, Grad_norm=0.0863, Final_scale=11.5912
🚀 APPLYING GUIDANCE at step 31 (timestep=647)
🎯 GUIDANCE STEP 31 (t=647): Loss=0.6177, Rho=4.073659, Grad_norm=0.2455, Final_scale=4.0737
🚀 APPLYING GUIDANCE at step 32 (timestep=627)
🎯 GUIDANCE STEP 32 (t=627): Loss=0.6187, Rho=13.000220, Grad_norm=0.0769, Final_scale=13.0002
🚀 APPLYING GUIDANCE at step 33 (timestep=606)
🎯 GUIDANCE STEP 33 (t=606): Loss=0.6157, Rho=6.632878, Grad_norm=0.1508, Final_scale=6.6329
🚀 APPLYING GUIDANCE at step 34 (timestep=585)
🎯 GUIDANCE STEP 34 (t=585): Loss=0.6152, Rho=9.458541, Grad_norm=0.1057, Final_scale=9.4585
🚀 APPLYING GUIDANCE at step 35 (timestep=562)
🎯 GUIDANCE STEP 35 (t=562): Loss=0.6128, Rho=5.711875, Grad_norm=0.1751, Final_scale=5.7119
🚀 APPLYING GUIDANCE at step 36 (timestep=538)
🎯 GUIDANCE STEP 36 (t=538): Loss=0.6094, Rho=12.342364, Grad_norm=0.0810, Final_scale=12.3424
🚀 APPLYING GUIDANCE at step 37 (timestep=512)
🎯 GUIDANCE STEP 37 (t=512): Loss=0.6143, Rho=7.834135, Grad_norm=0.1276, Final_scale=7.8341
🚀 APPLYING GUIDANCE at step 38 (timestep=486)
🎯 GUIDANCE STEP 38 (t=486): Loss=0.6162, Rho=13.112518, Grad_norm=0.0763, Final_scale=13.1125
🚀 APPLYING GUIDANCE at step 39 (timestep=458)
🎯 GUIDANCE STEP 39 (t=458): Loss=0.6143, Rho=9.550484, Grad_norm=0.1047, Final_scale=9.5505
🚀 APPLYING GUIDANCE at step 40 (timestep=428)
🎯 GUIDANCE STEP 40 (t=428): Loss=0.6143, Rho=9.291140, Grad_norm=0.1076, Final_scale=9.2911
🚀 APPLYING GUIDANCE at step 41 (timestep=396)
🎯 GUIDANCE STEP 41 (t=396): Loss=0.6118, Rho=12.599023, Grad_norm=0.0794, Final_scale=12.5990
🚀 APPLYING GUIDANCE at step 42 (timestep=363)
🎯 GUIDANCE STEP 42 (t=363): Loss=0.6128, Rho=6.429921, Grad_norm=0.1555, Final_scale=6.4299
🚀 APPLYING GUIDANCE at step 43 (timestep=327)
🎯 GUIDANCE STEP 43 (t=327): Loss=0.6128, Rho=7.560433, Grad_norm=0.1323, Final_scale=7.5604
🚀 APPLYING GUIDANCE at step 44 (timestep=290)
🎯 GUIDANCE STEP 44 (t=290): Loss=0.6133, Rho=22.992785, Grad_norm=0.0435, Final_scale=22.9928
🚀 APPLYING GUIDANCE at step 45 (timestep=249)
🎯 GUIDANCE STEP 45 (t=249): Loss=0.6108, Rho=11.949937, Grad_norm=0.0837, Final_scale=11.9499
🚀 APPLYING GUIDANCE at step 46 (timestep=206)
🎯 GUIDANCE STEP 46 (t=206): Loss=0.6113, Rho=15.971683, Grad_norm=0.0626, Final_scale=15.9717
🚀 APPLYING GUIDANCE at step 47 (timestep=160)
🎯 GUIDANCE STEP 47 (t=160): Loss=0.6133, Rho=25.848503, Grad_norm=0.0387, Final_scale=25.8485
🚀 APPLYING GUIDANCE at step 48 (timestep=111)
🎯 GUIDANCE STEP 48 (t=111): Loss=0.6104, Rho=10.744650, Grad_norm=0.0931, Final_scale=10.7446
🚀 APPLYING GUIDANCE at step 49 (timestep=57)
🎯 GUIDANCE STEP 49 (t=57): Loss=0.6118, Rho=12.458035, Grad_norm=0.0803, Final_scale=12.4580
[guidance_f17_s50_w8c6_rho1.0_cfg5.0_0701_1448] Generated: generated_videos/subject_consistency/guidance_f17_s50_w8c6_rho1.0_cfg5.0_0701_1448/001_a_train_crossing_over_a_tall_bridge.mp4
[guidance_f17_s50_w8c6_rho1.0_cfg5.0_0701_1448] Generating video 3/9 (guidance): a train accelerating to gain speed
🎬 STARTING GUIDANCE PIPELINE GENERATION
   Frames: 17, Steps: 50, CFG Scale: 5.0

🔧 GUIDANCE PIPELINE CONFIGURATION:
   Guidance range: 0 - 1001
   Rho scale: 1.0
   V-JEPA kernel_size: 8
   V-JEPA context_length: 6
   V-JEPA stride: 2
   V-JEPA mode: max
   Total timesteps: 50

🚀 APPLYING GUIDANCE at step 0 (timestep=999)
🎯 GUIDANCE STEP 0 (t=999): Loss=0.5762, Rho=13.416137, Grad_norm=0.0745, Final_scale=13.4161
🚀 APPLYING GUIDANCE at step 1 (timestep=992)
🎯 GUIDANCE STEP 1 (t=992): Loss=0.5356, Rho=29.355820, Grad_norm=0.0341, Final_scale=29.3558
🚀 APPLYING GUIDANCE at step 2 (timestep=985)
🎯 GUIDANCE STEP 2 (t=985): Loss=0.5532, Rho=24.310163, Grad_norm=0.0411, Final_scale=24.3102
🚀 APPLYING GUIDANCE at step 3 (timestep=978)
🎯 GUIDANCE STEP 3 (t=978): Loss=0.5771, Rho=33.527672, Grad_norm=0.0298, Final_scale=33.5277
🚀 APPLYING GUIDANCE at step 4 (timestep=971)
🎯 GUIDANCE STEP 4 (t=971): Loss=0.5874, Rho=7.510343, Grad_norm=0.1331, Final_scale=7.5103
🚀 APPLYING GUIDANCE at step 5 (timestep=963)
🎯 GUIDANCE STEP 5 (t=963): Loss=0.6147, Rho=8.954035, Grad_norm=0.1117, Final_scale=8.9540
🚀 APPLYING GUIDANCE at step 6 (timestep=956)
🎯 GUIDANCE STEP 6 (t=956): Loss=0.5972, Rho=6.864705, Grad_norm=0.1457, Final_scale=6.8647
🚀 APPLYING GUIDANCE at step 7 (timestep=948)
🎯 GUIDANCE STEP 7 (t=948): Loss=0.6270, Rho=4.693965, Grad_norm=0.2130, Final_scale=4.6940
🚀 APPLYING GUIDANCE at step 8 (timestep=939)
🎯 GUIDANCE STEP 8 (t=939): Loss=0.6343, Rho=3.371646, Grad_norm=0.2966, Final_scale=3.3716
🚀 APPLYING GUIDANCE at step 9 (timestep=931)
🎯 GUIDANCE STEP 9 (t=931): Loss=0.6411, Rho=1.608018, Grad_norm=0.6219, Final_scale=1.6080
🚀 APPLYING GUIDANCE at step 10 (timestep=922)
🎯 GUIDANCE STEP 10 (t=922): Loss=0.6421, Rho=5.450774, Grad_norm=0.1835, Final_scale=5.4508
🚀 APPLYING GUIDANCE at step 11 (timestep=913)
🎯 GUIDANCE STEP 11 (t=913): Loss=0.6411, Rho=5.768764, Grad_norm=0.1733, Final_scale=5.7688
🚀 APPLYING GUIDANCE at step 12 (timestep=904)
🎯 GUIDANCE STEP 12 (t=904): Loss=0.6470, Rho=3.760918, Grad_norm=0.2659, Final_scale=3.7609
🚀 APPLYING GUIDANCE at step 13 (timestep=894)
🎯 GUIDANCE STEP 13 (t=894): Loss=0.6396, Rho=5.755225, Grad_norm=0.1738, Final_scale=5.7552
🚀 APPLYING GUIDANCE at step 14 (timestep=884)
🎯 GUIDANCE STEP 14 (t=884): Loss=0.6416, Rho=7.874196, Grad_norm=0.1270, Final_scale=7.8742
🚀 APPLYING GUIDANCE at step 15 (timestep=874)
🎯 GUIDANCE STEP 15 (t=874): Loss=0.6372, Rho=6.535498, Grad_norm=0.1530, Final_scale=6.5355
🚀 APPLYING GUIDANCE at step 16 (timestep=864)
🎯 GUIDANCE STEP 16 (t=864): Loss=0.6406, Rho=7.944052, Grad_norm=0.1259, Final_scale=7.9441
🚀 APPLYING GUIDANCE at step 17 (timestep=853)
🎯 GUIDANCE STEP 17 (t=853): Loss=0.6392, Rho=7.866287, Grad_norm=0.1271, Final_scale=7.8663
🚀 APPLYING GUIDANCE at step 18 (timestep=841)
🎯 GUIDANCE STEP 18 (t=841): Loss=0.6436, Rho=6.855475, Grad_norm=0.1459, Final_scale=6.8555
🚀 APPLYING GUIDANCE at step 19 (timestep=829)
🎯 GUIDANCE STEP 19 (t=829): Loss=0.6396, Rho=5.478835, Grad_norm=0.1825, Final_scale=5.4788
🚀 APPLYING GUIDANCE at step 20 (timestep=817)
🎯 GUIDANCE STEP 20 (t=817): Loss=0.6362, Rho=6.829425, Grad_norm=0.1464, Final_scale=6.8294
🚀 APPLYING GUIDANCE at step 21 (timestep=805)
🎯 GUIDANCE STEP 21 (t=805): Loss=0.6387, Rho=3.704497, Grad_norm=0.2699, Final_scale=3.7045
🚀 APPLYING GUIDANCE at step 22 (timestep=792)
🎯 GUIDANCE STEP 22 (t=792): Loss=0.6392, Rho=6.933676, Grad_norm=0.1442, Final_scale=6.9337
🚀 APPLYING GUIDANCE at step 23 (timestep=778)
🎯 GUIDANCE STEP 23 (t=778): Loss=0.6362, Rho=8.026802, Grad_norm=0.1246, Final_scale=8.0268
🚀 APPLYING GUIDANCE at step 24 (timestep=764)
🎯 GUIDANCE STEP 24 (t=764): Loss=0.6392, Rho=6.130975, Grad_norm=0.1631, Final_scale=6.1310
🚀 APPLYING GUIDANCE at step 25 (timestep=749)
🎯 GUIDANCE STEP 25 (t=749): Loss=0.6387, Rho=5.069440, Grad_norm=0.1973, Final_scale=5.0694
🚀 APPLYING GUIDANCE at step 26 (timestep=734)
🎯 GUIDANCE STEP 26 (t=734): Loss=0.6367, Rho=11.025251, Grad_norm=0.0907, Final_scale=11.0253
🚀 APPLYING GUIDANCE at step 27 (timestep=718)
🎯 GUIDANCE STEP 27 (t=718): Loss=0.6382, Rho=11.642118, Grad_norm=0.0859, Final_scale=11.6421
🚀 APPLYING GUIDANCE at step 28 (timestep=701)
🎯 GUIDANCE STEP 28 (t=701): Loss=0.6392, Rho=9.272745, Grad_norm=0.1078, Final_scale=9.2727
🚀 APPLYING GUIDANCE at step 29 (timestep=684)
🎯 GUIDANCE STEP 29 (t=684): Loss=0.6353, Rho=7.538981, Grad_norm=0.1326, Final_scale=7.5390
🚀 APPLYING GUIDANCE at step 30 (timestep=666)
🎯 GUIDANCE STEP 30 (t=666): Loss=0.6367, Rho=5.468071, Grad_norm=0.1829, Final_scale=5.4681
🚀 APPLYING GUIDANCE at step 31 (timestep=647)
🎯 GUIDANCE STEP 31 (t=647): Loss=0.6372, Rho=16.334965, Grad_norm=0.0612, Final_scale=16.3350
🚀 APPLYING GUIDANCE at step 32 (timestep=627)
🎯 GUIDANCE STEP 32 (t=627): Loss=0.6372, Rho=24.627182, Grad_norm=0.0406, Final_scale=24.6272
🚀 APPLYING GUIDANCE at step 33 (timestep=606)
🎯 GUIDANCE STEP 33 (t=606): Loss=0.6357, Rho=17.422205, Grad_norm=0.0574, Final_scale=17.4222
🚀 APPLYING GUIDANCE at step 34 (timestep=585)
🎯 GUIDANCE STEP 34 (t=585): Loss=0.6357, Rho=10.792684, Grad_norm=0.0927, Final_scale=10.7927
🚀 APPLYING GUIDANCE at step 35 (timestep=562)
🎯 GUIDANCE STEP 35 (t=562): Loss=0.6353, Rho=11.471115, Grad_norm=0.0872, Final_scale=11.4711
🚀 APPLYING GUIDANCE at step 36 (timestep=538)
🎯 GUIDANCE STEP 36 (t=538): Loss=0.6362, Rho=10.912905, Grad_norm=0.0916, Final_scale=10.9129
🚀 APPLYING GUIDANCE at step 37 (timestep=512)
🎯 GUIDANCE STEP 37 (t=512): Loss=0.6372, Rho=13.388698, Grad_norm=0.0747, Final_scale=13.3887
🚀 APPLYING GUIDANCE at step 38 (timestep=486)
🎯 GUIDANCE STEP 38 (t=486): Loss=0.6382, Rho=10.718719, Grad_norm=0.0933, Final_scale=10.7187
🚀 APPLYING GUIDANCE at step 39 (timestep=458)
🎯 GUIDANCE STEP 39 (t=458): Loss=0.6416, Rho=9.062342, Grad_norm=0.1103, Final_scale=9.0623
🚀 APPLYING GUIDANCE at step 40 (timestep=428)
🎯 GUIDANCE STEP 40 (t=428): Loss=0.6382, Rho=20.570969, Grad_norm=0.0486, Final_scale=20.5710
🚀 APPLYING GUIDANCE at step 41 (timestep=396)
🎯 GUIDANCE STEP 41 (t=396): Loss=0.6406, Rho=5.125716, Grad_norm=0.1951, Final_scale=5.1257
🚀 APPLYING GUIDANCE at step 42 (timestep=363)
🎯 GUIDANCE STEP 42 (t=363): Loss=0.6396, Rho=12.050727, Grad_norm=0.0830, Final_scale=12.0507
🚀 APPLYING GUIDANCE at step 43 (timestep=327)
🎯 GUIDANCE STEP 43 (t=327): Loss=0.6396, Rho=24.505863, Grad_norm=0.0408, Final_scale=24.5059
🚀 APPLYING GUIDANCE at step 44 (timestep=290)
🎯 GUIDANCE STEP 44 (t=290): Loss=0.6382, Rho=17.725185, Grad_norm=0.0564, Final_scale=17.7252
🚀 APPLYING GUIDANCE at step 45 (timestep=249)
🎯 GUIDANCE STEP 45 (t=249): Loss=0.6343, Rho=22.092854, Grad_norm=0.0453, Final_scale=22.0929
🚀 APPLYING GUIDANCE at step 46 (timestep=206)
🎯 GUIDANCE STEP 46 (t=206): Loss=0.6348, Rho=18.827246, Grad_norm=0.0531, Final_scale=18.8272
🚀 APPLYING GUIDANCE at step 47 (timestep=160)
🎯 GUIDANCE STEP 47 (t=160): Loss=0.6353, Rho=14.041791, Grad_norm=0.0712, Final_scale=14.0418
🚀 APPLYING GUIDANCE at step 48 (timestep=111)
🎯 GUIDANCE STEP 48 (t=111): Loss=0.6353, Rho=7.895307, Grad_norm=0.1267, Final_scale=7.8953
🚀 APPLYING GUIDANCE at step 49 (timestep=57)
🎯 GUIDANCE STEP 49 (t=57): Loss=0.6357, Rho=9.823257, Grad_norm=0.1018, Final_scale=9.8233
[guidance_f17_s50_w8c6_rho1.0_cfg5.0_0701_1448] Generated: generated_videos/subject_consistency/guidance_f17_s50_w8c6_rho1.0_cfg5.0_0701_1448/001_a_bicycle_accelerating_to_gain_speed.mp4
[guidance_f17_s50_w8c6_rho1.0_cfg5.0_0701_1448] Generating video 3/9 (guidance): a car stuck in traffic during rush hour
🎬 STARTING GUIDANCE PIPELINE GENERATION
   Frames: 17, Steps: 50, CFG Scale: 5.0

🔧 GUIDANCE PIPELINE CONFIGURATION:
   Guidance range: 0 - 1001
   Rho scale: 1.0
   V-JEPA kernel_size: 8
   V-JEPA context_length: 6
   V-JEPA stride: 2
   V-JEPA mode: max
   Total timesteps: 50

🚀 APPLYING GUIDANCE at step 0 (timestep=999)
🎯 GUIDANCE STEP 0 (t=999): Loss=0.5400, Rho=29.017963, Grad_norm=0.0345, Final_scale=29.0180
🚀 APPLYING GUIDANCE at step 1 (timestep=992)
🎯 GUIDANCE STEP 1 (t=992): Loss=0.5386, Rho=8.824064, Grad_norm=0.1133, Final_scale=8.8241
🚀 APPLYING GUIDANCE at step 2 (timestep=985)
🎯 GUIDANCE STEP 2 (t=985): Loss=0.5605, Rho=28.823418, Grad_norm=0.0347, Final_scale=28.8234
🚀 APPLYING GUIDANCE at step 3 (timestep=978)
🎯 GUIDANCE STEP 3 (t=978): Loss=0.5864, Rho=9.473936, Grad_norm=0.1056, Final_scale=9.4739
🚀 APPLYING GUIDANCE at step 4 (timestep=971)
🎯 GUIDANCE STEP 4 (t=971): Loss=0.5986, Rho=8.542909, Grad_norm=0.1171, Final_scale=8.5429
🚀 APPLYING GUIDANCE at step 5 (timestep=963)
🎯 GUIDANCE STEP 5 (t=963): Loss=0.6001, Rho=7.189926, Grad_norm=0.1391, Final_scale=7.1899
🚀 APPLYING GUIDANCE at step 6 (timestep=956)
🎯 GUIDANCE STEP 6 (t=956): Loss=0.6021, Rho=1.575439, Grad_norm=0.6347, Final_scale=1.5754
🚀 APPLYING GUIDANCE at step 7 (timestep=948)
🎯 GUIDANCE STEP 7 (t=948): Loss=0.6221, Rho=7.282206, Grad_norm=0.1373, Final_scale=7.2822
🚀 APPLYING GUIDANCE at step 8 (timestep=939)
🎯 GUIDANCE STEP 8 (t=939): Loss=0.6284, Rho=2.142848, Grad_norm=0.4667, Final_scale=2.1428
🚀 APPLYING GUIDANCE at step 9 (timestep=931)
🎯 GUIDANCE STEP 9 (t=931): Loss=0.6201, Rho=6.316037, Grad_norm=0.1583, Final_scale=6.3160
🚀 APPLYING GUIDANCE at step 10 (timestep=922)
🎯 GUIDANCE STEP 10 (t=922): Loss=0.6230, Rho=4.024623, Grad_norm=0.2485, Final_scale=4.0246
🚀 APPLYING GUIDANCE at step 11 (timestep=913)
🎯 GUIDANCE STEP 11 (t=913): Loss=0.6191, Rho=7.007073, Grad_norm=0.1427, Final_scale=7.0071
🚀 APPLYING GUIDANCE at step 12 (timestep=904)
🎯 GUIDANCE STEP 12 (t=904): Loss=0.6172, Rho=1.788316, Grad_norm=0.5592, Final_scale=1.7883
🚀 APPLYING GUIDANCE at step 13 (timestep=894)
🎯 GUIDANCE STEP 13 (t=894): Loss=0.6196, Rho=8.871036, Grad_norm=0.1127, Final_scale=8.8710
🚀 APPLYING GUIDANCE at step 14 (timestep=884)
🎯 GUIDANCE STEP 14 (t=884): Loss=0.6226, Rho=8.793800, Grad_norm=0.1137, Final_scale=8.7938
🚀 APPLYING GUIDANCE at step 15 (timestep=874)
🎯 GUIDANCE STEP 15 (t=874): Loss=0.6245, Rho=9.859415, Grad_norm=0.1014, Final_scale=9.8594
🚀 APPLYING GUIDANCE at step 16 (timestep=864)
🎯 GUIDANCE STEP 16 (t=864): Loss=0.6167, Rho=1.595818, Grad_norm=0.6266, Final_scale=1.5958
🚀 APPLYING GUIDANCE at step 17 (timestep=853)
🎯 GUIDANCE STEP 17 (t=853): Loss=0.6211, Rho=6.849107, Grad_norm=0.1460, Final_scale=6.8491
🚀 APPLYING GUIDANCE at step 18 (timestep=841)
🎯 GUIDANCE STEP 18 (t=841): Loss=0.6206, Rho=9.552199, Grad_norm=0.1047, Final_scale=9.5522
🚀 APPLYING GUIDANCE at step 19 (timestep=829)
🎯 GUIDANCE STEP 19 (t=829): Loss=0.6172, Rho=7.284883, Grad_norm=0.1373, Final_scale=7.2849
🚀 APPLYING GUIDANCE at step 20 (timestep=817)
🎯 GUIDANCE STEP 20 (t=817): Loss=0.6162, Rho=7.957530, Grad_norm=0.1257, Final_scale=7.9575
🚀 APPLYING GUIDANCE at step 21 (timestep=805)
🎯 GUIDANCE STEP 21 (t=805): Loss=0.6152, Rho=9.557708, Grad_norm=0.1046, Final_scale=9.5577
🚀 APPLYING GUIDANCE at step 22 (timestep=792)
🎯 GUIDANCE STEP 22 (t=792): Loss=0.6147, Rho=10.573577, Grad_norm=0.0946, Final_scale=10.5736
🚀 APPLYING GUIDANCE at step 23 (timestep=778)
🎯 GUIDANCE STEP 23 (t=778): Loss=0.6182, Rho=13.535572, Grad_norm=0.0739, Final_scale=13.5356
🚀 APPLYING GUIDANCE at step 24 (timestep=764)
🎯 GUIDANCE STEP 24 (t=764): Loss=0.6167, Rho=16.787006, Grad_norm=0.0596, Final_scale=16.7870
🚀 APPLYING GUIDANCE at step 25 (timestep=749)
🎯 GUIDANCE STEP 25 (t=749): Loss=0.6211, Rho=20.177515, Grad_norm=0.0496, Final_scale=20.1775
🚀 APPLYING GUIDANCE at step 26 (timestep=734)
🎯 GUIDANCE STEP 26 (t=734): Loss=0.6201, Rho=17.447350, Grad_norm=0.0573, Final_scale=17.4473
🚀 APPLYING GUIDANCE at step 27 (timestep=718)
🎯 GUIDANCE STEP 27 (t=718): Loss=0.6177, Rho=13.392501, Grad_norm=0.0747, Final_scale=13.3925
🚀 APPLYING GUIDANCE at step 28 (timestep=701)
🎯 GUIDANCE STEP 28 (t=701): Loss=0.6182, Rho=18.361980, Grad_norm=0.0545, Final_scale=18.3620
🚀 APPLYING GUIDANCE at step 29 (timestep=684)
🎯 GUIDANCE STEP 29 (t=684): Loss=0.6196, Rho=9.449256, Grad_norm=0.1058, Final_scale=9.4493
🚀 APPLYING GUIDANCE at step 30 (timestep=666)
🎯 GUIDANCE STEP 30 (t=666): Loss=0.6201, Rho=12.689987, Grad_norm=0.0788, Final_scale=12.6900
🚀 APPLYING GUIDANCE at step 31 (timestep=647)
🎯 GUIDANCE STEP 31 (t=647): Loss=0.6211, Rho=14.792339, Grad_norm=0.0676, Final_scale=14.7923
🚀 APPLYING GUIDANCE at step 32 (timestep=627)
🎯 GUIDANCE STEP 32 (t=627): Loss=0.6211, Rho=28.324680, Grad_norm=0.0353, Final_scale=28.3247
🚀 APPLYING GUIDANCE at step 33 (timestep=606)
🎯 GUIDANCE STEP 33 (t=606): Loss=0.6177, Rho=19.902269, Grad_norm=0.0502, Final_scale=19.9023
🚀 APPLYING GUIDANCE at step 34 (timestep=585)
🎯 GUIDANCE STEP 34 (t=585): Loss=0.6211, Rho=33.086151, Grad_norm=0.0302, Final_scale=33.0862
🚀 APPLYING GUIDANCE at step 35 (timestep=562)
🎯 GUIDANCE STEP 35 (t=562): Loss=0.6211, Rho=22.959282, Grad_norm=0.0436, Final_scale=22.9593
🚀 APPLYING GUIDANCE at step 36 (timestep=538)
🎯 GUIDANCE STEP 36 (t=538): Loss=0.6230, Rho=19.947054, Grad_norm=0.0501, Final_scale=19.9471
🚀 APPLYING GUIDANCE at step 37 (timestep=512)
🎯 GUIDANCE STEP 37 (t=512): Loss=0.6187, Rho=30.748821, Grad_norm=0.0325, Final_scale=30.7488
🚀 APPLYING GUIDANCE at step 38 (timestep=486)
🎯 GUIDANCE STEP 38 (t=486): Loss=0.6206, Rho=7.882073, Grad_norm=0.1269, Final_scale=7.8821
🚀 APPLYING GUIDANCE at step 39 (timestep=458)
🎯 GUIDANCE STEP 39 (t=458): Loss=0.6206, Rho=31.577688, Grad_norm=0.0317, Final_scale=31.5777
🚀 APPLYING GUIDANCE at step 40 (timestep=428)
🎯 GUIDANCE STEP 40 (t=428): Loss=0.6211, Rho=33.040668, Grad_norm=0.0303, Final_scale=33.0407
🚀 APPLYING GUIDANCE at step 41 (timestep=396)
🎯 GUIDANCE STEP 41 (t=396): Loss=0.6211, Rho=24.923101, Grad_norm=0.0401, Final_scale=24.9231
🚀 APPLYING GUIDANCE at step 42 (timestep=363)
🎯 GUIDANCE STEP 42 (t=363): Loss=0.6206, Rho=42.896740, Grad_norm=0.0233, Final_scale=42.8967
🚀 APPLYING GUIDANCE at step 43 (timestep=327)
🎯 GUIDANCE STEP 43 (t=327): Loss=0.6201, Rho=12.882412, Grad_norm=0.0776, Final_scale=12.8824
🚀 APPLYING GUIDANCE at step 44 (timestep=290)
🎯 GUIDANCE STEP 44 (t=290): Loss=0.6196, Rho=31.450371, Grad_norm=0.0318, Final_scale=31.4504
🚀 APPLYING GUIDANCE at step 45 (timestep=249)
🎯 GUIDANCE STEP 45 (t=249): Loss=0.6177, Rho=53.653004, Grad_norm=0.0186, Final_scale=53.6530
🚀 APPLYING GUIDANCE at step 46 (timestep=206)
🎯 GUIDANCE STEP 46 (t=206): Loss=0.6187, Rho=20.596813, Grad_norm=0.0486, Final_scale=20.5968
🚀 APPLYING GUIDANCE at step 47 (timestep=160)
🎯 GUIDANCE STEP 47 (t=160): Loss=0.6201, Rho=42.490849, Grad_norm=0.0235, Final_scale=42.4908
🚀 APPLYING GUIDANCE at step 48 (timestep=111)
🎯 GUIDANCE STEP 48 (t=111): Loss=0.6196, Rho=51.482834, Grad_norm=0.0194, Final_scale=51.4828
🚀 APPLYING GUIDANCE at step 49 (timestep=57)
🎯 GUIDANCE STEP 49 (t=57): Loss=0.6157, Rho=27.724646, Grad_norm=0.0361, Final_scale=27.7246
[guidance_f17_s50_w8c6_rho1.0_cfg5.0_0701_1448] Generated: generated_videos/subject_consistency/guidance_f17_s50_w8c6_rho1.0_cfg5.0_0701_1448/001_a_person_giving_a_presentation_to_a_room_full_of_c.mp4
[guidance_f17_s50_w8c6_rho1.0_cfg5.0_0701_1448] Generating video 3/9 (guidance): a person washing the dishes
🎬 STARTING GUIDANCE PIPELINE GENERATION
   Frames: 17, Steps: 50, CFG Scale: 5.0

🔧 GUIDANCE PIPELINE CONFIGURATION:
   Guidance range: 0 - 1001
   Rho scale: 1.0
   V-JEPA kernel_size: 8
   V-JEPA context_length: 6
   V-JEPA stride: 2
   V-JEPA mode: max
   Total timesteps: 50

🚀 APPLYING GUIDANCE at step 0 (timestep=999)
🎯 GUIDANCE STEP 0 (t=999): Loss=0.6030, Rho=15.996917, Grad_norm=0.0625, Final_scale=15.9969
🚀 APPLYING GUIDANCE at step 1 (timestep=992)
🎯 GUIDANCE STEP 1 (t=992): Loss=0.5405, Rho=11.959259, Grad_norm=0.0836, Final_scale=11.9593
🚀 APPLYING GUIDANCE at step 2 (timestep=985)
🎯 GUIDANCE STEP 2 (t=985): Loss=0.5552, Rho=15.682435, Grad_norm=0.0638, Final_scale=15.6824
🚀 APPLYING GUIDANCE at step 3 (timestep=978)
🎯 GUIDANCE STEP 3 (t=978): Loss=0.5464, Rho=17.713352, Grad_norm=0.0565, Final_scale=17.7134
🚀 APPLYING GUIDANCE at step 4 (timestep=971)
🎯 GUIDANCE STEP 4 (t=971): Loss=0.5664, Rho=21.653896, Grad_norm=0.0462, Final_scale=21.6539
🚀 APPLYING GUIDANCE at step 5 (timestep=963)
🎯 GUIDANCE STEP 5 (t=963): Loss=0.5781, Rho=8.161183, Grad_norm=0.1225, Final_scale=8.1612
🚀 APPLYING GUIDANCE at step 6 (timestep=956)
🎯 GUIDANCE STEP 6 (t=956): Loss=0.5806, Rho=4.593847, Grad_norm=0.2177, Final_scale=4.5938
🚀 APPLYING GUIDANCE at step 7 (timestep=948)
🎯 GUIDANCE STEP 7 (t=948): Loss=0.5947, Rho=4.583716, Grad_norm=0.2182, Final_scale=4.5837
🚀 APPLYING GUIDANCE at step 8 (timestep=939)
🎯 GUIDANCE STEP 8 (t=939): Loss=0.5996, Rho=7.203503, Grad_norm=0.1388, Final_scale=7.2035
🚀 APPLYING GUIDANCE at step 9 (timestep=931)
🎯 GUIDANCE STEP 9 (t=931): Loss=0.6333, Rho=8.225574, Grad_norm=0.1216, Final_scale=8.2256
🚀 APPLYING GUIDANCE at step 10 (timestep=922)
🎯 GUIDANCE STEP 10 (t=922): Loss=0.6372, Rho=6.555902, Grad_norm=0.1525, Final_scale=6.5559
🚀 APPLYING GUIDANCE at step 11 (timestep=913)
🎯 GUIDANCE STEP 11 (t=913): Loss=0.6333, Rho=2.339861, Grad_norm=0.4274, Final_scale=2.3399
🚀 APPLYING GUIDANCE at step 12 (timestep=904)
🎯 GUIDANCE STEP 12 (t=904): Loss=0.6362, Rho=6.281144, Grad_norm=0.1592, Final_scale=6.2811
🚀 APPLYING GUIDANCE at step 13 (timestep=894)
🎯 GUIDANCE STEP 13 (t=894): Loss=0.6387, Rho=5.326061, Grad_norm=0.1878, Final_scale=5.3261
🚀 APPLYING GUIDANCE at step 14 (timestep=884)
🎯 GUIDANCE STEP 14 (t=884): Loss=0.6377, Rho=2.305269, Grad_norm=0.4338, Final_scale=2.3053
🚀 APPLYING GUIDANCE at step 15 (timestep=874)
🎯 GUIDANCE STEP 15 (t=874): Loss=0.6372, Rho=6.534574, Grad_norm=0.1530, Final_scale=6.5346
🚀 APPLYING GUIDANCE at step 16 (timestep=864)
🎯 GUIDANCE STEP 16 (t=864): Loss=0.6289, Rho=4.620409, Grad_norm=0.2164, Final_scale=4.6204
🚀 APPLYING GUIDANCE at step 17 (timestep=853)
🎯 GUIDANCE STEP 17 (t=853): Loss=0.6294, Rho=2.942343, Grad_norm=0.3399, Final_scale=2.9423
🚀 APPLYING GUIDANCE at step 18 (timestep=841)
🎯 GUIDANCE STEP 18 (t=841): Loss=0.6274, Rho=6.791572, Grad_norm=0.1472, Final_scale=6.7916
🚀 APPLYING GUIDANCE at step 19 (timestep=829)
🎯 GUIDANCE STEP 19 (t=829): Loss=0.6255, Rho=9.760039, Grad_norm=0.1025, Final_scale=9.7600
🚀 APPLYING GUIDANCE at step 20 (timestep=817)
🎯 GUIDANCE STEP 20 (t=817): Loss=0.6230, Rho=2.404378, Grad_norm=0.4159, Final_scale=2.4044
🚀 APPLYING GUIDANCE at step 21 (timestep=805)
🎯 GUIDANCE STEP 21 (t=805): Loss=0.6270, Rho=2.374391, Grad_norm=0.4212, Final_scale=2.3744
🚀 APPLYING GUIDANCE at step 22 (timestep=792)
🎯 GUIDANCE STEP 22 (t=792): Loss=0.6255, Rho=10.113811, Grad_norm=0.0989, Final_scale=10.1138
🚀 APPLYING GUIDANCE at step 23 (timestep=778)
🎯 GUIDANCE STEP 23 (t=778): Loss=0.6304, Rho=7.773928, Grad_norm=0.1286, Final_scale=7.7739
🚀 APPLYING GUIDANCE at step 24 (timestep=764)
🎯 GUIDANCE STEP 24 (t=764): Loss=0.6255, Rho=6.232475, Grad_norm=0.1604, Final_scale=6.2325
🚀 APPLYING GUIDANCE at step 25 (timestep=749)
🎯 GUIDANCE STEP 25 (t=749): Loss=0.6304, Rho=7.398071, Grad_norm=0.1352, Final_scale=7.3981
🚀 APPLYING GUIDANCE at step 26 (timestep=734)
🎯 GUIDANCE STEP 26 (t=734): Loss=0.6270, Rho=10.313063, Grad_norm=0.0970, Final_scale=10.3131
🚀 APPLYING GUIDANCE at step 27 (timestep=718)
🎯 GUIDANCE STEP 27 (t=718): Loss=0.6260, Rho=8.046719, Grad_norm=0.1243, Final_scale=8.0467
🚀 APPLYING GUIDANCE at step 28 (timestep=701)
🎯 GUIDANCE STEP 28 (t=701): Loss=0.6265, Rho=15.187801, Grad_norm=0.0658, Final_scale=15.1878
🚀 APPLYING GUIDANCE at step 29 (timestep=684)
🎯 GUIDANCE STEP 29 (t=684): Loss=0.6255, Rho=4.834482, Grad_norm=0.2068, Final_scale=4.8345
🚀 APPLYING GUIDANCE at step 30 (timestep=666)
🎯 GUIDANCE STEP 30 (t=666): Loss=0.6250, Rho=9.369528, Grad_norm=0.1067, Final_scale=9.3695
🚀 APPLYING GUIDANCE at step 31 (timestep=647)
🎯 GUIDANCE STEP 31 (t=647): Loss=0.6250, Rho=9.510796, Grad_norm=0.1051, Final_scale=9.5108
🚀 APPLYING GUIDANCE at step 32 (timestep=627)
🎯 GUIDANCE STEP 32 (t=627): Loss=0.6235, Rho=12.288184, Grad_norm=0.0814, Final_scale=12.2882
🚀 APPLYING GUIDANCE at step 33 (timestep=606)
🎯 GUIDANCE STEP 33 (t=606): Loss=0.6265, Rho=11.889815, Grad_norm=0.0841, Final_scale=11.8898
🚀 APPLYING GUIDANCE at step 34 (timestep=585)
🎯 GUIDANCE STEP 34 (t=585): Loss=0.6270, Rho=14.208849, Grad_norm=0.0704, Final_scale=14.2088
🚀 APPLYING GUIDANCE at step 35 (timestep=562)
🎯 GUIDANCE STEP 35 (t=562): Loss=0.6240, Rho=8.422421, Grad_norm=0.1187, Final_scale=8.4224
🚀 APPLYING GUIDANCE at step 36 (timestep=538)
🎯 GUIDANCE STEP 36 (t=538): Loss=0.6255, Rho=14.557855, Grad_norm=0.0687, Final_scale=14.5579
🚀 APPLYING GUIDANCE at step 37 (timestep=512)
🎯 GUIDANCE STEP 37 (t=512): Loss=0.6245, Rho=13.403805, Grad_norm=0.0746, Final_scale=13.4038
🚀 APPLYING GUIDANCE at step 38 (timestep=486)
🎯 GUIDANCE STEP 38 (t=486): Loss=0.6270, Rho=13.871106, Grad_norm=0.0721, Final_scale=13.8711
🚀 APPLYING GUIDANCE at step 39 (timestep=458)
🎯 GUIDANCE STEP 39 (t=458): Loss=0.6240, Rho=11.910160, Grad_norm=0.0840, Final_scale=11.9102
🚀 APPLYING GUIDANCE at step 40 (timestep=428)
🎯 GUIDANCE STEP 40 (t=428): Loss=0.6235, Rho=20.271482, Grad_norm=0.0493, Final_scale=20.2715
🚀 APPLYING GUIDANCE at step 41 (timestep=396)
🎯 GUIDANCE STEP 41 (t=396): Loss=0.6230, Rho=5.996669, Grad_norm=0.1668, Final_scale=5.9967
🚀 APPLYING GUIDANCE at step 42 (timestep=363)
🎯 GUIDANCE STEP 42 (t=363): Loss=0.6235, Rho=18.439137, Grad_norm=0.0542, Final_scale=18.4391
🚀 APPLYING GUIDANCE at step 43 (timestep=327)
🎯 GUIDANCE STEP 43 (t=327): Loss=0.6226, Rho=30.977430, Grad_norm=0.0323, Final_scale=30.9774
🚀 APPLYING GUIDANCE at step 44 (timestep=290)
🎯 GUIDANCE STEP 44 (t=290): Loss=0.6235, Rho=18.514864, Grad_norm=0.0540, Final_scale=18.5149
🚀 APPLYING GUIDANCE at step 45 (timestep=249)
🎯 GUIDANCE STEP 45 (t=249): Loss=0.6235, Rho=21.806059, Grad_norm=0.0459, Final_scale=21.8061
🚀 APPLYING GUIDANCE at step 46 (timestep=206)
🎯 GUIDANCE STEP 46 (t=206): Loss=0.6226, Rho=12.810854, Grad_norm=0.0781, Final_scale=12.8109
🚀 APPLYING GUIDANCE at step 47 (timestep=160)
🎯 GUIDANCE STEP 47 (t=160): Loss=0.6211, Rho=11.035524, Grad_norm=0.0906, Final_scale=11.0355
🚀 APPLYING GUIDANCE at step 48 (timestep=111)
🎯 GUIDANCE STEP 48 (t=111): Loss=0.6216, Rho=35.982746, Grad_norm=0.0278, Final_scale=35.9827
🚀 APPLYING GUIDANCE at step 49 (timestep=57)
🎯 GUIDANCE STEP 49 (t=57): Loss=0.6216, Rho=11.175492, Grad_norm=0.0895, Final_scale=11.1755
[guidance_f17_s50_w8c6_rho1.0_cfg5.0_0701_1448] Generated: generated_videos/subject_consistency/guidance_f17_s50_w8c6_rho1.0_cfg5.0_0701_1448/002_a_cow_bending_down_to_drink_water_from_a_river.mp4
[guidance_f17_s50_w8c6_rho1.0_cfg5.0_0701_1448] Generating video 4/9 (guidance): a cow chewing cud while resting in a tranquil barn
🎬 STARTING GUIDANCE PIPELINE GENERATION
   Frames: 17, Steps: 50, CFG Scale: 5.0

🔧 GUIDANCE PIPELINE CONFIGURATION:
   Guidance range: 0 - 1001
   Rho scale: 1.0
   V-JEPA kernel_size: 8
   V-JEPA context_length: 6
   V-JEPA stride: 2
   V-JEPA mode: max
   Total timesteps: 50

🚀 APPLYING GUIDANCE at step 0 (timestep=999)
🎯 GUIDANCE STEP 0 (t=999): Loss=0.6128, Rho=11.649081, Grad_norm=0.0858, Final_scale=11.6491
🚀 APPLYING GUIDANCE at step 1 (timestep=992)
🎯 GUIDANCE STEP 1 (t=992): Loss=0.5503, Rho=32.702312, Grad_norm=0.0306, Final_scale=32.7023
🚀 APPLYING GUIDANCE at step 2 (timestep=985)
🎯 GUIDANCE STEP 2 (t=985): Loss=0.5942, Rho=11.631644, Grad_norm=0.0860, Final_scale=11.6316
🚀 APPLYING GUIDANCE at step 3 (timestep=978)
🎯 GUIDANCE STEP 3 (t=978): Loss=0.5459, Rho=36.094170, Grad_norm=0.0277, Final_scale=36.0942
🚀 APPLYING GUIDANCE at step 4 (timestep=971)
🎯 GUIDANCE STEP 4 (t=971): Loss=0.5605, Rho=10.438602, Grad_norm=0.0958, Final_scale=10.4386
🚀 APPLYING GUIDANCE at step 5 (timestep=963)
🎯 GUIDANCE STEP 5 (t=963): Loss=0.5645, Rho=6.700557, Grad_norm=0.1492, Final_scale=6.7006
🚀 APPLYING GUIDANCE at step 6 (timestep=956)
🎯 GUIDANCE STEP 6 (t=956): Loss=0.5698, Rho=11.408051, Grad_norm=0.0877, Final_scale=11.4081
🚀 APPLYING GUIDANCE at step 7 (timestep=948)
🎯 GUIDANCE STEP 7 (t=948): Loss=0.5845, Rho=1.301079, Grad_norm=0.7686, Final_scale=1.3011
🚀 APPLYING GUIDANCE at step 8 (timestep=939)
🎯 GUIDANCE STEP 8 (t=939): Loss=0.5811, Rho=12.968293, Grad_norm=0.0771, Final_scale=12.9683
🚀 APPLYING GUIDANCE at step 9 (timestep=931)
🎯 GUIDANCE STEP 9 (t=931): Loss=0.5864, Rho=13.933818, Grad_norm=0.0718, Final_scale=13.9338
🚀 APPLYING GUIDANCE at step 10 (timestep=922)
🎯 GUIDANCE STEP 10 (t=922): Loss=0.5850, Rho=5.136037, Grad_norm=0.1947, Final_scale=5.1360
🚀 APPLYING GUIDANCE at step 11 (timestep=913)
🎯 GUIDANCE STEP 11 (t=913): Loss=0.5972, Rho=8.500858, Grad_norm=0.1176, Final_scale=8.5009
🚀 APPLYING GUIDANCE at step 12 (timestep=904)
🎯 GUIDANCE STEP 12 (t=904): Loss=0.5942, Rho=9.108222, Grad_norm=0.1098, Final_scale=9.1082
🚀 APPLYING GUIDANCE at step 13 (timestep=894)
🎯 GUIDANCE STEP 13 (t=894): Loss=0.6084, Rho=7.943320, Grad_norm=0.1259, Final_scale=7.9433
🚀 APPLYING GUIDANCE at step 14 (timestep=884)
🎯 GUIDANCE STEP 14 (t=884): Loss=0.6128, Rho=8.298862, Grad_norm=0.1205, Final_scale=8.2989
🚀 APPLYING GUIDANCE at step 15 (timestep=874)
🎯 GUIDANCE STEP 15 (t=874): Loss=0.6089, Rho=1.178540, Grad_norm=0.8485, Final_scale=1.1785
🚀 APPLYING GUIDANCE at step 16 (timestep=864)
🎯 GUIDANCE STEP 16 (t=864): Loss=0.6074, Rho=5.772144, Grad_norm=0.1732, Final_scale=5.7721
🚀 APPLYING GUIDANCE at step 17 (timestep=853)
🎯 GUIDANCE STEP 17 (t=853): Loss=0.6060, Rho=8.675161, Grad_norm=0.1153, Final_scale=8.6752
🚀 APPLYING GUIDANCE at step 18 (timestep=841)
🎯 GUIDANCE STEP 18 (t=841): Loss=0.6089, Rho=5.857207, Grad_norm=0.1707, Final_scale=5.8572
🚀 APPLYING GUIDANCE at step 19 (timestep=829)
🎯 GUIDANCE STEP 19 (t=829): Loss=0.6123, Rho=7.686541, Grad_norm=0.1301, Final_scale=7.6865
🚀 APPLYING GUIDANCE at step 20 (timestep=817)
🎯 GUIDANCE STEP 20 (t=817): Loss=0.6152, Rho=5.812211, Grad_norm=0.1721, Final_scale=5.8122
🚀 APPLYING GUIDANCE at step 21 (timestep=805)
🎯 GUIDANCE STEP 21 (t=805): Loss=0.6196, Rho=1.754417, Grad_norm=0.5700, Final_scale=1.7544
🚀 APPLYING GUIDANCE at step 22 (timestep=792)
🎯 GUIDANCE STEP 22 (t=792): Loss=0.6211, Rho=6.008965, Grad_norm=0.1664, Final_scale=6.0090
🚀 APPLYING GUIDANCE at step 23 (timestep=778)
🎯 GUIDANCE STEP 23 (t=778): Loss=0.6172, Rho=4.980102, Grad_norm=0.2008, Final_scale=4.9801
🚀 APPLYING GUIDANCE at step 24 (timestep=764)
🎯 GUIDANCE STEP 24 (t=764): Loss=0.6172, Rho=5.911089, Grad_norm=0.1692, Final_scale=5.9111
🚀 APPLYING GUIDANCE at step 25 (timestep=749)
🎯 GUIDANCE STEP 25 (t=749): Loss=0.6206, Rho=3.200145, Grad_norm=0.3125, Final_scale=3.2001
🚀 APPLYING GUIDANCE at step 26 (timestep=734)
🎯 GUIDANCE STEP 26 (t=734): Loss=0.6216, Rho=3.527989, Grad_norm=0.2834, Final_scale=3.5280
🚀 APPLYING GUIDANCE at step 27 (timestep=718)
🎯 GUIDANCE STEP 27 (t=718): Loss=0.6191, Rho=7.413767, Grad_norm=0.1349, Final_scale=7.4138
🚀 APPLYING GUIDANCE at step 28 (timestep=701)
🎯 GUIDANCE STEP 28 (t=701): Loss=0.6167, Rho=8.126211, Grad_norm=0.1231, Final_scale=8.1262
🚀 APPLYING GUIDANCE at step 29 (timestep=684)
🎯 GUIDANCE STEP 29 (t=684): Loss=0.6182, Rho=4.546759, Grad_norm=0.2199, Final_scale=4.5468
🚀 APPLYING GUIDANCE at step 30 (timestep=666)
🎯 GUIDANCE STEP 30 (t=666): Loss=0.6167, Rho=6.559467, Grad_norm=0.1525, Final_scale=6.5595
🚀 APPLYING GUIDANCE at step 31 (timestep=647)
🎯 GUIDANCE STEP 31 (t=647): Loss=0.6167, Rho=7.378237, Grad_norm=0.1355, Final_scale=7.3782
🚀 APPLYING GUIDANCE at step 32 (timestep=627)
🎯 GUIDANCE STEP 32 (t=627): Loss=0.6230, Rho=10.656256, Grad_norm=0.0938, Final_scale=10.6563
🚀 APPLYING GUIDANCE at step 33 (timestep=606)
🎯 GUIDANCE STEP 33 (t=606): Loss=0.6201, Rho=6.273749, Grad_norm=0.1594, Final_scale=6.2737
🚀 APPLYING GUIDANCE at step 34 (timestep=585)
🎯 GUIDANCE STEP 34 (t=585): Loss=0.6196, Rho=8.519920, Grad_norm=0.1174, Final_scale=8.5199
🚀 APPLYING GUIDANCE at step 35 (timestep=562)
🎯 GUIDANCE STEP 35 (t=562): Loss=0.6187, Rho=7.367325, Grad_norm=0.1357, Final_scale=7.3673
🚀 APPLYING GUIDANCE at step 36 (timestep=538)
🎯 GUIDANCE STEP 36 (t=538): Loss=0.6216, Rho=17.868145, Grad_norm=0.0560, Final_scale=17.8681
🚀 APPLYING GUIDANCE at step 37 (timestep=512)
🎯 GUIDANCE STEP 37 (t=512): Loss=0.6216, Rho=15.137892, Grad_norm=0.0661, Final_scale=15.1379
🚀 APPLYING GUIDANCE at step 38 (timestep=486)
🎯 GUIDANCE STEP 38 (t=486): Loss=0.6196, Rho=7.527061, Grad_norm=0.1329, Final_scale=7.5271
🚀 APPLYING GUIDANCE at step 39 (timestep=458)
🎯 GUIDANCE STEP 39 (t=458): Loss=0.6230, Rho=11.529009, Grad_norm=0.0867, Final_scale=11.5290
🚀 APPLYING GUIDANCE at step 40 (timestep=428)
🎯 GUIDANCE STEP 40 (t=428): Loss=0.6216, Rho=14.562154, Grad_norm=0.0687, Final_scale=14.5622
🚀 APPLYING GUIDANCE at step 41 (timestep=396)
🎯 GUIDANCE STEP 41 (t=396): Loss=0.6211, Rho=16.693295, Grad_norm=0.0599, Final_scale=16.6933
🚀 APPLYING GUIDANCE at step 42 (timestep=363)
🎯 GUIDANCE STEP 42 (t=363): Loss=0.6182, Rho=19.364599, Grad_norm=0.0516, Final_scale=19.3646
🚀 APPLYING GUIDANCE at step 43 (timestep=327)
🎯 GUIDANCE STEP 43 (t=327): Loss=0.6206, Rho=10.997558, Grad_norm=0.0909, Final_scale=10.9976
🚀 APPLYING GUIDANCE at step 44 (timestep=290)
🎯 GUIDANCE STEP 44 (t=290): Loss=0.6211, Rho=11.506046, Grad_norm=0.0869, Final_scale=11.5060
🚀 APPLYING GUIDANCE at step 45 (timestep=249)
🎯 GUIDANCE STEP 45 (t=249): Loss=0.6211, Rho=13.979319, Grad_norm=0.0715, Final_scale=13.9793
🚀 APPLYING GUIDANCE at step 46 (timestep=206)
🎯 GUIDANCE STEP 46 (t=206): Loss=0.6206, Rho=7.869008, Grad_norm=0.1271, Final_scale=7.8690
🚀 APPLYING GUIDANCE at step 47 (timestep=160)
🎯 GUIDANCE STEP 47 (t=160): Loss=0.6182, Rho=11.006938, Grad_norm=0.0909, Final_scale=11.0069
🚀 APPLYING GUIDANCE at step 48 (timestep=111)
🎯 GUIDANCE STEP 48 (t=111): Loss=0.6162, Rho=21.304325, Grad_norm=0.0469, Final_scale=21.3043
🚀 APPLYING GUIDANCE at step 49 (timestep=57)
🎯 GUIDANCE STEP 49 (t=57): Loss=0.6133, Rho=14.830736, Grad_norm=0.0674, Final_scale=14.8307
[guidance_f17_s50_w8c6_rho1.0_cfg5.0_0701_1448] Generated: generated_videos/subject_consistency/guidance_f17_s50_w8c6_rho1.0_cfg5.0_0701_1448/002_a_bear_hunting_for_prey.mp4
[guidance_f17_s50_w8c6_rho1.0_cfg5.0_0701_1448] Generating video 4/9 (guidance): a zebra bending down to drink water from a river
🎬 STARTING GUIDANCE PIPELINE GENERATION
   Frames: 17, Steps: 50, CFG Scale: 5.0

🔧 GUIDANCE PIPELINE CONFIGURATION:
   Guidance range: 0 - 1001
   Rho scale: 1.0
   V-JEPA kernel_size: 8
   V-JEPA context_length: 6
   V-JEPA stride: 2
   V-JEPA mode: max
   Total timesteps: 50

🚀 APPLYING GUIDANCE at step 0 (timestep=999)
🎯 GUIDANCE STEP 0 (t=999): Loss=0.5728, Rho=9.577303, Grad_norm=0.1044, Final_scale=9.5773
🚀 APPLYING GUIDANCE at step 1 (timestep=992)
🎯 GUIDANCE STEP 1 (t=992): Loss=0.5586, Rho=32.697464, Grad_norm=0.0306, Final_scale=32.6975
🚀 APPLYING GUIDANCE at step 2 (timestep=985)
🎯 GUIDANCE STEP 2 (t=985): Loss=0.5552, Rho=31.730515, Grad_norm=0.0315, Final_scale=31.7305
🚀 APPLYING GUIDANCE at step 3 (timestep=978)
🎯 GUIDANCE STEP 3 (t=978): Loss=0.5557, Rho=20.219791, Grad_norm=0.0495, Final_scale=20.2198
🚀 APPLYING GUIDANCE at step 4 (timestep=971)
🎯 GUIDANCE STEP 4 (t=971): Loss=0.5527, Rho=18.443279, Grad_norm=0.0542, Final_scale=18.4433
🚀 APPLYING GUIDANCE at step 5 (timestep=963)
🎯 GUIDANCE STEP 5 (t=963): Loss=0.5522, Rho=18.488422, Grad_norm=0.0541, Final_scale=18.4884
🚀 APPLYING GUIDANCE at step 6 (timestep=956)
🎯 GUIDANCE STEP 6 (t=956): Loss=0.5732, Rho=7.549692, Grad_norm=0.1325, Final_scale=7.5497
🚀 APPLYING GUIDANCE at step 7 (timestep=948)
🎯 GUIDANCE STEP 7 (t=948): Loss=0.5664, Rho=12.471889, Grad_norm=0.0802, Final_scale=12.4719
🚀 APPLYING GUIDANCE at step 8 (timestep=939)
🎯 GUIDANCE STEP 8 (t=939): Loss=0.5791, Rho=6.238203, Grad_norm=0.1603, Final_scale=6.2382
🚀 APPLYING GUIDANCE at step 9 (timestep=931)
🎯 GUIDANCE STEP 9 (t=931): Loss=0.5820, Rho=11.512172, Grad_norm=0.0869, Final_scale=11.5122
🚀 APPLYING GUIDANCE at step 10 (timestep=922)
🎯 GUIDANCE STEP 10 (t=922): Loss=0.5864, Rho=3.691395, Grad_norm=0.2709, Final_scale=3.6914
🚀 APPLYING GUIDANCE at step 11 (timestep=913)
🎯 GUIDANCE STEP 11 (t=913): Loss=0.5850, Rho=8.155100, Grad_norm=0.1226, Final_scale=8.1551
🚀 APPLYING GUIDANCE at step 12 (timestep=904)
🎯 GUIDANCE STEP 12 (t=904): Loss=0.5859, Rho=5.266919, Grad_norm=0.1899, Final_scale=5.2669
🚀 APPLYING GUIDANCE at step 13 (timestep=894)
🎯 GUIDANCE STEP 13 (t=894): Loss=0.5894, Rho=3.559459, Grad_norm=0.2809, Final_scale=3.5595
🚀 APPLYING GUIDANCE at step 14 (timestep=884)
🎯 GUIDANCE STEP 14 (t=884): Loss=0.6011, Rho=6.104347, Grad_norm=0.1638, Final_scale=6.1043
🚀 APPLYING GUIDANCE at step 15 (timestep=874)
🎯 GUIDANCE STEP 15 (t=874): Loss=0.6128, Rho=2.372844, Grad_norm=0.4214, Final_scale=2.3728
🚀 APPLYING GUIDANCE at step 16 (timestep=864)
🎯 GUIDANCE STEP 16 (t=864): Loss=0.6226, Rho=1.652580, Grad_norm=0.6051, Final_scale=1.6526
🚀 APPLYING GUIDANCE at step 17 (timestep=853)
🎯 GUIDANCE STEP 17 (t=853): Loss=0.6099, Rho=2.296562, Grad_norm=0.4354, Final_scale=2.2966
🚀 APPLYING GUIDANCE at step 18 (timestep=841)
🎯 GUIDANCE STEP 18 (t=841): Loss=0.6147, Rho=3.736379, Grad_norm=0.2676, Final_scale=3.7364
🚀 APPLYING GUIDANCE at step 19 (timestep=829)
🎯 GUIDANCE STEP 19 (t=829): Loss=0.6123, Rho=2.525094, Grad_norm=0.3960, Final_scale=2.5251
🚀 APPLYING GUIDANCE at step 20 (timestep=817)
🎯 GUIDANCE STEP 20 (t=817): Loss=0.6055, Rho=3.371739, Grad_norm=0.2966, Final_scale=3.3717
🚀 APPLYING GUIDANCE at step 21 (timestep=805)
🎯 GUIDANCE STEP 21 (t=805): Loss=0.6050, Rho=4.043405, Grad_norm=0.2473, Final_scale=4.0434
🚀 APPLYING GUIDANCE at step 22 (timestep=792)
🎯 GUIDANCE STEP 22 (t=792): Loss=0.6055, Rho=5.824061, Grad_norm=0.1717, Final_scale=5.8241
🚀 APPLYING GUIDANCE at step 23 (timestep=778)
🎯 GUIDANCE STEP 23 (t=778): Loss=0.6021, Rho=3.550477, Grad_norm=0.2817, Final_scale=3.5505
🚀 APPLYING GUIDANCE at step 24 (timestep=764)
🎯 GUIDANCE STEP 24 (t=764): Loss=0.6006, Rho=3.086257, Grad_norm=0.3240, Final_scale=3.0863
🚀 APPLYING GUIDANCE at step 25 (timestep=749)
🎯 GUIDANCE STEP 25 (t=749): Loss=0.6016, Rho=5.363468, Grad_norm=0.1864, Final_scale=5.3635
🚀 APPLYING GUIDANCE at step 26 (timestep=734)
🎯 GUIDANCE STEP 26 (t=734): Loss=0.6001, Rho=4.368858, Grad_norm=0.2289, Final_scale=4.3689
🚀 APPLYING GUIDANCE at step 27 (timestep=718)
🎯 GUIDANCE STEP 27 (t=718): Loss=0.5972, Rho=8.403641, Grad_norm=0.1190, Final_scale=8.4036
🚀 APPLYING GUIDANCE at step 28 (timestep=701)
🎯 GUIDANCE STEP 28 (t=701): Loss=0.6006, Rho=5.446299, Grad_norm=0.1836, Final_scale=5.4463
🚀 APPLYING GUIDANCE at step 29 (timestep=684)
🎯 GUIDANCE STEP 29 (t=684): Loss=0.5981, Rho=4.476117, Grad_norm=0.2234, Final_scale=4.4761
🚀 APPLYING GUIDANCE at step 30 (timestep=666)
🎯 GUIDANCE STEP 30 (t=666): Loss=0.6001, Rho=5.119246, Grad_norm=0.1953, Final_scale=5.1192
🚀 APPLYING GUIDANCE at step 31 (timestep=647)
🎯 GUIDANCE STEP 31 (t=647): Loss=0.5986, Rho=7.626030, Grad_norm=0.1311, Final_scale=7.6260
🚀 APPLYING GUIDANCE at step 32 (timestep=627)
🎯 GUIDANCE STEP 32 (t=627): Loss=0.5991, Rho=6.505822, Grad_norm=0.1537, Final_scale=6.5058
🚀 APPLYING GUIDANCE at step 33 (timestep=606)
🎯 GUIDANCE STEP 33 (t=606): Loss=0.6001, Rho=5.394091, Grad_norm=0.1854, Final_scale=5.3941
🚀 APPLYING GUIDANCE at step 34 (timestep=585)
🎯 GUIDANCE STEP 34 (t=585): Loss=0.6001, Rho=11.289361, Grad_norm=0.0886, Final_scale=11.2894
🚀 APPLYING GUIDANCE at step 35 (timestep=562)
🎯 GUIDANCE STEP 35 (t=562): Loss=0.6001, Rho=13.320874, Grad_norm=0.0751, Final_scale=13.3209
🚀 APPLYING GUIDANCE at step 36 (timestep=538)
🎯 GUIDANCE STEP 36 (t=538): Loss=0.5991, Rho=14.752943, Grad_norm=0.0678, Final_scale=14.7529
🚀 APPLYING GUIDANCE at step 37 (timestep=512)
🎯 GUIDANCE STEP 37 (t=512): Loss=0.5996, Rho=16.589420, Grad_norm=0.0603, Final_scale=16.5894
🚀 APPLYING GUIDANCE at step 38 (timestep=486)
🎯 GUIDANCE STEP 38 (t=486): Loss=0.6011, Rho=9.970751, Grad_norm=0.1003, Final_scale=9.9708
🚀 APPLYING GUIDANCE at step 39 (timestep=458)
🎯 GUIDANCE STEP 39 (t=458): Loss=0.5967, Rho=14.899096, Grad_norm=0.0671, Final_scale=14.8991
🚀 APPLYING GUIDANCE at step 40 (timestep=428)
🎯 GUIDANCE STEP 40 (t=428): Loss=0.5981, Rho=16.122053, Grad_norm=0.0620, Final_scale=16.1221
🚀 APPLYING GUIDANCE at step 41 (timestep=396)
🎯 GUIDANCE STEP 41 (t=396): Loss=0.5977, Rho=11.991103, Grad_norm=0.0834, Final_scale=11.9911
🚀 APPLYING GUIDANCE at step 42 (timestep=363)
🎯 GUIDANCE STEP 42 (t=363): Loss=0.5962, Rho=29.521568, Grad_norm=0.0339, Final_scale=29.5216
🚀 APPLYING GUIDANCE at step 43 (timestep=327)
🎯 GUIDANCE STEP 43 (t=327): Loss=0.5981, Rho=12.403904, Grad_norm=0.0806, Final_scale=12.4039
🚀 APPLYING GUIDANCE at step 44 (timestep=290)
🎯 GUIDANCE STEP 44 (t=290): Loss=0.5972, Rho=8.466312, Grad_norm=0.1181, Final_scale=8.4663
🚀 APPLYING GUIDANCE at step 45 (timestep=249)
🎯 GUIDANCE STEP 45 (t=249): Loss=0.5967, Rho=28.446543, Grad_norm=0.0352, Final_scale=28.4465
🚀 APPLYING GUIDANCE at step 46 (timestep=206)
🎯 GUIDANCE STEP 46 (t=206): Loss=0.5933, Rho=14.639287, Grad_norm=0.0683, Final_scale=14.6393
🚀 APPLYING GUIDANCE at step 47 (timestep=160)
🎯 GUIDANCE STEP 47 (t=160): Loss=0.5947, Rho=21.160210, Grad_norm=0.0473, Final_scale=21.1602
🚀 APPLYING GUIDANCE at step 48 (timestep=111)
🎯 GUIDANCE STEP 48 (t=111): Loss=0.5942, Rho=19.241138, Grad_norm=0.0520, Final_scale=19.2411
🚀 APPLYING GUIDANCE at step 49 (timestep=57)
🎯 GUIDANCE STEP 49 (t=57): Loss=0.5923, Rho=30.630564, Grad_norm=0.0326, Final_scale=30.6306
[guidance_f17_s50_w8c6_rho1.0_cfg5.0_0701_1448] Generated: generated_videos/subject_consistency/guidance_f17_s50_w8c6_rho1.0_cfg5.0_0701_1448/001_a_dog_playing_in_park.mp4
[guidance_f17_s50_w8c6_rho1.0_cfg5.0_0701_1448] Generating video 3/9 (guidance): a dog drinking water
🎬 STARTING GUIDANCE PIPELINE GENERATION
   Frames: 17, Steps: 50, CFG Scale: 5.0

🔧 GUIDANCE PIPELINE CONFIGURATION:
   Guidance range: 0 - 1001
   Rho scale: 1.0
   V-JEPA kernel_size: 8
   V-JEPA context_length: 6
   V-JEPA stride: 2
   V-JEPA mode: max
   Total timesteps: 50

🚀 APPLYING GUIDANCE at step 0 (timestep=999)
🎯 GUIDANCE STEP 0 (t=999): Loss=0.5562, Rho=28.677624, Grad_norm=0.0349, Final_scale=28.6776
🚀 APPLYING GUIDANCE at step 1 (timestep=992)
🎯 GUIDANCE STEP 1 (t=992): Loss=0.5654, Rho=14.446757, Grad_norm=0.0692, Final_scale=14.4468
🚀 APPLYING GUIDANCE at step 2 (timestep=985)
🎯 GUIDANCE STEP 2 (t=985): Loss=0.5376, Rho=9.592515, Grad_norm=0.1042, Final_scale=9.5925
🚀 APPLYING GUIDANCE at step 3 (timestep=978)
🎯 GUIDANCE STEP 3 (t=978): Loss=0.5605, Rho=20.395226, Grad_norm=0.0490, Final_scale=20.3952
🚀 APPLYING GUIDANCE at step 4 (timestep=971)
🎯 GUIDANCE STEP 4 (t=971): Loss=0.5796, Rho=17.412460, Grad_norm=0.0574, Final_scale=17.4125
🚀 APPLYING GUIDANCE at step 5 (timestep=963)
🎯 GUIDANCE STEP 5 (t=963): Loss=0.5898, Rho=8.978702, Grad_norm=0.1114, Final_scale=8.9787
🚀 APPLYING GUIDANCE at step 6 (timestep=956)
🎯 GUIDANCE STEP 6 (t=956): Loss=0.6040, Rho=5.193135, Grad_norm=0.1926, Final_scale=5.1931
🚀 APPLYING GUIDANCE at step 7 (timestep=948)
🎯 GUIDANCE STEP 7 (t=948): Loss=0.6025, Rho=7.792850, Grad_norm=0.1283, Final_scale=7.7928
🚀 APPLYING GUIDANCE at step 8 (timestep=939)
🎯 GUIDANCE STEP 8 (t=939): Loss=0.6045, Rho=12.584911, Grad_norm=0.0795, Final_scale=12.5849
🚀 APPLYING GUIDANCE at step 9 (timestep=931)
🎯 GUIDANCE STEP 9 (t=931): Loss=0.6016, Rho=9.688198, Grad_norm=0.1032, Final_scale=9.6882
🚀 APPLYING GUIDANCE at step 10 (timestep=922)
🎯 GUIDANCE STEP 10 (t=922): Loss=0.6040, Rho=5.704485, Grad_norm=0.1753, Final_scale=5.7045
🚀 APPLYING GUIDANCE at step 11 (timestep=913)
🎯 GUIDANCE STEP 11 (t=913): Loss=0.6055, Rho=13.007462, Grad_norm=0.0769, Final_scale=13.0075
🚀 APPLYING GUIDANCE at step 12 (timestep=904)
🎯 GUIDANCE STEP 12 (t=904): Loss=0.6064, Rho=11.385244, Grad_norm=0.0878, Final_scale=11.3852
🚀 APPLYING GUIDANCE at step 13 (timestep=894)
🎯 GUIDANCE STEP 13 (t=894): Loss=0.6069, Rho=12.278216, Grad_norm=0.0814, Final_scale=12.2782
🚀 APPLYING GUIDANCE at step 14 (timestep=884)
🎯 GUIDANCE STEP 14 (t=884): Loss=0.6055, Rho=10.713602, Grad_norm=0.0933, Final_scale=10.7136
🚀 APPLYING GUIDANCE at step 15 (timestep=874)
🎯 GUIDANCE STEP 15 (t=874): Loss=0.6060, Rho=7.200390, Grad_norm=0.1389, Final_scale=7.2004
🚀 APPLYING GUIDANCE at step 16 (timestep=864)
🎯 GUIDANCE STEP 16 (t=864): Loss=0.6060, Rho=5.454463, Grad_norm=0.1833, Final_scale=5.4545
🚀 APPLYING GUIDANCE at step 17 (timestep=853)
🎯 GUIDANCE STEP 17 (t=853): Loss=0.6069, Rho=4.630912, Grad_norm=0.2159, Final_scale=4.6309
🚀 APPLYING GUIDANCE at step 18 (timestep=841)
🎯 GUIDANCE STEP 18 (t=841): Loss=0.6069, Rho=3.780506, Grad_norm=0.2645, Final_scale=3.7805
🚀 APPLYING GUIDANCE at step 19 (timestep=829)
🎯 GUIDANCE STEP 19 (t=829): Loss=0.6074, Rho=11.450369, Grad_norm=0.0873, Final_scale=11.4504
🚀 APPLYING GUIDANCE at step 20 (timestep=817)
🎯 GUIDANCE STEP 20 (t=817): Loss=0.6064, Rho=4.560677, Grad_norm=0.2193, Final_scale=4.5607
🚀 APPLYING GUIDANCE at step 21 (timestep=805)
🎯 GUIDANCE STEP 21 (t=805): Loss=0.6060, Rho=11.116220, Grad_norm=0.0900, Final_scale=11.1162
🚀 APPLYING GUIDANCE at step 22 (timestep=792)
🎯 GUIDANCE STEP 22 (t=792): Loss=0.6045, Rho=6.610331, Grad_norm=0.1513, Final_scale=6.6103
🚀 APPLYING GUIDANCE at step 23 (timestep=778)
🎯 GUIDANCE STEP 23 (t=778): Loss=0.6025, Rho=7.630005, Grad_norm=0.1311, Final_scale=7.6300
🚀 APPLYING GUIDANCE at step 24 (timestep=764)
🎯 GUIDANCE STEP 24 (t=764): Loss=0.6006, Rho=5.838346, Grad_norm=0.1713, Final_scale=5.8383
🚀 APPLYING GUIDANCE at step 25 (timestep=749)
🎯 GUIDANCE STEP 25 (t=749): Loss=0.6045, Rho=3.028860, Grad_norm=0.3302, Final_scale=3.0289
🚀 APPLYING GUIDANCE at step 26 (timestep=734)
🎯 GUIDANCE STEP 26 (t=734): Loss=0.6040, Rho=4.326428, Grad_norm=0.2311, Final_scale=4.3264
🚀 APPLYING GUIDANCE at step 27 (timestep=718)
🎯 GUIDANCE STEP 27 (t=718): Loss=0.6069, Rho=1.050475, Grad_norm=0.9520, Final_scale=1.0505
🚀 APPLYING GUIDANCE at step 28 (timestep=701)
🎯 GUIDANCE STEP 28 (t=701): Loss=0.6030, Rho=4.023696, Grad_norm=0.2485, Final_scale=4.0237
🚀 APPLYING GUIDANCE at step 29 (timestep=684)
🎯 GUIDANCE STEP 29 (t=684): Loss=0.6064, Rho=4.159103, Grad_norm=0.2404, Final_scale=4.1591
🚀 APPLYING GUIDANCE at step 30 (timestep=666)
🎯 GUIDANCE STEP 30 (t=666): Loss=0.6079, Rho=4.758904, Grad_norm=0.2101, Final_scale=4.7589
🚀 APPLYING GUIDANCE at step 31 (timestep=647)
🎯 GUIDANCE STEP 31 (t=647): Loss=0.6050, Rho=5.358761, Grad_norm=0.1866, Final_scale=5.3588
🚀 APPLYING GUIDANCE at step 32 (timestep=627)
🎯 GUIDANCE STEP 32 (t=627): Loss=0.6074, Rho=1.585335, Grad_norm=0.6308, Final_scale=1.5853
🚀 APPLYING GUIDANCE at step 33 (timestep=606)
🎯 GUIDANCE STEP 33 (t=606): Loss=0.6040, Rho=5.320644, Grad_norm=0.1879, Final_scale=5.3206
🚀 APPLYING GUIDANCE at step 34 (timestep=585)
🎯 GUIDANCE STEP 34 (t=585): Loss=0.6060, Rho=15.440494, Grad_norm=0.0648, Final_scale=15.4405
🚀 APPLYING GUIDANCE at step 35 (timestep=562)
🎯 GUIDANCE STEP 35 (t=562): Loss=0.6055, Rho=10.844720, Grad_norm=0.0922, Final_scale=10.8447
🚀 APPLYING GUIDANCE at step 36 (timestep=538)
🎯 GUIDANCE STEP 36 (t=538): Loss=0.6055, Rho=7.993764, Grad_norm=0.1251, Final_scale=7.9938
🚀 APPLYING GUIDANCE at step 37 (timestep=512)
🎯 GUIDANCE STEP 37 (t=512): Loss=0.6069, Rho=3.844346, Grad_norm=0.2601, Final_scale=3.8443
🚀 APPLYING GUIDANCE at step 38 (timestep=486)
🎯 GUIDANCE STEP 38 (t=486): Loss=0.6064, Rho=13.270299, Grad_norm=0.0754, Final_scale=13.2703
🚀 APPLYING GUIDANCE at step 39 (timestep=458)
🎯 GUIDANCE STEP 39 (t=458): Loss=0.6045, Rho=5.046551, Grad_norm=0.1982, Final_scale=5.0466
🚀 APPLYING GUIDANCE at step 40 (timestep=428)
🎯 GUIDANCE STEP 40 (t=428): Loss=0.6060, Rho=11.578654, Grad_norm=0.0864, Final_scale=11.5787
🚀 APPLYING GUIDANCE at step 41 (timestep=396)
🎯 GUIDANCE STEP 41 (t=396): Loss=0.6050, Rho=17.248898, Grad_norm=0.0580, Final_scale=17.2489
🚀 APPLYING GUIDANCE at step 42 (timestep=363)
🎯 GUIDANCE STEP 42 (t=363): Loss=0.6050, Rho=10.372779, Grad_norm=0.0964, Final_scale=10.3728
🚀 APPLYING GUIDANCE at step 43 (timestep=327)
🎯 GUIDANCE STEP 43 (t=327): Loss=0.6060, Rho=12.361793, Grad_norm=0.0809, Final_scale=12.3618
🚀 APPLYING GUIDANCE at step 44 (timestep=290)
🎯 GUIDANCE STEP 44 (t=290): Loss=0.6055, Rho=12.367852, Grad_norm=0.0809, Final_scale=12.3679
🚀 APPLYING GUIDANCE at step 45 (timestep=249)
🎯 GUIDANCE STEP 45 (t=249): Loss=0.6055, Rho=9.180387, Grad_norm=0.1089, Final_scale=9.1804
🚀 APPLYING GUIDANCE at step 46 (timestep=206)
🎯 GUIDANCE STEP 46 (t=206): Loss=0.6030, Rho=9.755041, Grad_norm=0.1025, Final_scale=9.7550
🚀 APPLYING GUIDANCE at step 47 (timestep=160)
🎯 GUIDANCE STEP 47 (t=160): Loss=0.6025, Rho=13.193088, Grad_norm=0.0758, Final_scale=13.1931
🚀 APPLYING GUIDANCE at step 48 (timestep=111)
🎯 GUIDANCE STEP 48 (t=111): Loss=0.6064, Rho=4.306516, Grad_norm=0.2322, Final_scale=4.3065
🚀 APPLYING GUIDANCE at step 49 (timestep=57)
🎯 GUIDANCE STEP 49 (t=57): Loss=0.6045, Rho=18.253931, Grad_norm=0.0548, Final_scale=18.2539
[guidance_f17_s50_w8c6_rho1.0_cfg5.0_0701_1448] Generated: generated_videos/subject_consistency/guidance_f17_s50_w8c6_rho1.0_cfg5.0_0701_1448/001_a_boat_accelerating_to_gain_speed.mp4
[guidance_f17_s50_w8c6_rho1.0_cfg5.0_0701_1448] Generating video 3/9 (guidance): a bird soaring gracefully in the sky
🎬 STARTING GUIDANCE PIPELINE GENERATION
   Frames: 17, Steps: 50, CFG Scale: 5.0

🔧 GUIDANCE PIPELINE CONFIGURATION:
   Guidance range: 0 - 1001
   Rho scale: 1.0
   V-JEPA kernel_size: 8
   V-JEPA context_length: 6
   V-JEPA stride: 2
   V-JEPA mode: max
   Total timesteps: 50

🚀 APPLYING GUIDANCE at step 0 (timestep=999)
🎯 GUIDANCE STEP 0 (t=999): Loss=0.5771, Rho=14.688097, Grad_norm=0.0681, Final_scale=14.6881
🚀 APPLYING GUIDANCE at step 1 (timestep=992)
🎯 GUIDANCE STEP 1 (t=992): Loss=0.5376, Rho=28.154739, Grad_norm=0.0355, Final_scale=28.1547
🚀 APPLYING GUIDANCE at step 2 (timestep=985)
🎯 GUIDANCE STEP 2 (t=985): Loss=0.5479, Rho=18.321667, Grad_norm=0.0546, Final_scale=18.3217
🚀 APPLYING GUIDANCE at step 3 (timestep=978)
🎯 GUIDANCE STEP 3 (t=978): Loss=0.5479, Rho=26.575918, Grad_norm=0.0376, Final_scale=26.5759
🚀 APPLYING GUIDANCE at step 4 (timestep=971)
🎯 GUIDANCE STEP 4 (t=971): Loss=0.5620, Rho=18.794493, Grad_norm=0.0532, Final_scale=18.7945
🚀 APPLYING GUIDANCE at step 5 (timestep=963)
🎯 GUIDANCE STEP 5 (t=963): Loss=0.5928, Rho=4.890940, Grad_norm=0.2045, Final_scale=4.8909
🚀 APPLYING GUIDANCE at step 6 (timestep=956)
🎯 GUIDANCE STEP 6 (t=956): Loss=0.6064, Rho=4.425289, Grad_norm=0.2260, Final_scale=4.4253
🚀 APPLYING GUIDANCE at step 7 (timestep=948)
🎯 GUIDANCE STEP 7 (t=948): Loss=0.6284, Rho=3.480807, Grad_norm=0.2873, Final_scale=3.4808
🚀 APPLYING GUIDANCE at step 8 (timestep=939)
🎯 GUIDANCE STEP 8 (t=939): Loss=0.6309, Rho=2.590077, Grad_norm=0.3861, Final_scale=2.5901
🚀 APPLYING GUIDANCE at step 9 (timestep=931)
🎯 GUIDANCE STEP 9 (t=931): Loss=0.6294, Rho=4.076226, Grad_norm=0.2453, Final_scale=4.0762
🚀 APPLYING GUIDANCE at step 10 (timestep=922)
🎯 GUIDANCE STEP 10 (t=922): Loss=0.6279, Rho=6.841285, Grad_norm=0.1462, Final_scale=6.8413
🚀 APPLYING GUIDANCE at step 11 (timestep=913)
🎯 GUIDANCE STEP 11 (t=913): Loss=0.6289, Rho=3.712300, Grad_norm=0.2694, Final_scale=3.7123
🚀 APPLYING GUIDANCE at step 12 (timestep=904)
🎯 GUIDANCE STEP 12 (t=904): Loss=0.6333, Rho=1.616995, Grad_norm=0.6184, Final_scale=1.6170
🚀 APPLYING GUIDANCE at step 13 (timestep=894)
🎯 GUIDANCE STEP 13 (t=894): Loss=0.6279, Rho=3.661790, Grad_norm=0.2731, Final_scale=3.6618
🚀 APPLYING GUIDANCE at step 14 (timestep=884)
🎯 GUIDANCE STEP 14 (t=884): Loss=0.6284, Rho=1.442444, Grad_norm=0.6933, Final_scale=1.4424
🚀 APPLYING GUIDANCE at step 15 (timestep=874)
🎯 GUIDANCE STEP 15 (t=874): Loss=0.6250, Rho=2.580380, Grad_norm=0.3875, Final_scale=2.5804
🚀 APPLYING GUIDANCE at step 16 (timestep=864)
🎯 GUIDANCE STEP 16 (t=864): Loss=0.6235, Rho=3.148059, Grad_norm=0.3177, Final_scale=3.1481
🚀 APPLYING GUIDANCE at step 17 (timestep=853)
🎯 GUIDANCE STEP 17 (t=853): Loss=0.6255, Rho=3.021366, Grad_norm=0.3310, Final_scale=3.0214
🚀 APPLYING GUIDANCE at step 18 (timestep=841)
🎯 GUIDANCE STEP 18 (t=841): Loss=0.6265, Rho=5.403334, Grad_norm=0.1851, Final_scale=5.4033
🚀 APPLYING GUIDANCE at step 19 (timestep=829)
🎯 GUIDANCE STEP 19 (t=829): Loss=0.6255, Rho=2.476625, Grad_norm=0.4038, Final_scale=2.4766
🚀 APPLYING GUIDANCE at step 20 (timestep=817)
🎯 GUIDANCE STEP 20 (t=817): Loss=0.6240, Rho=1.183067, Grad_norm=0.8453, Final_scale=1.1831
🚀 APPLYING GUIDANCE at step 21 (timestep=805)
🎯 GUIDANCE STEP 21 (t=805): Loss=0.6187, Rho=1.033898, Grad_norm=0.9672, Final_scale=1.0339
🚀 APPLYING GUIDANCE at step 22 (timestep=792)
🎯 GUIDANCE STEP 22 (t=792): Loss=0.6196, Rho=3.995656, Grad_norm=0.2503, Final_scale=3.9957
🚀 APPLYING GUIDANCE at step 23 (timestep=778)
🎯 GUIDANCE STEP 23 (t=778): Loss=0.6206, Rho=2.815619, Grad_norm=0.3552, Final_scale=2.8156
🚀 APPLYING GUIDANCE at step 24 (timestep=764)
🎯 GUIDANCE STEP 24 (t=764): Loss=0.6177, Rho=3.163258, Grad_norm=0.3161, Final_scale=3.1633
🚀 APPLYING GUIDANCE at step 25 (timestep=749)
🎯 GUIDANCE STEP 25 (t=749): Loss=0.6221, Rho=3.268472, Grad_norm=0.3060, Final_scale=3.2685
🚀 APPLYING GUIDANCE at step 26 (timestep=734)
🎯 GUIDANCE STEP 26 (t=734): Loss=0.6206, Rho=4.015106, Grad_norm=0.2491, Final_scale=4.0151
🚀 APPLYING GUIDANCE at step 27 (timestep=718)
🎯 GUIDANCE STEP 27 (t=718): Loss=0.6201, Rho=8.587117, Grad_norm=0.1165, Final_scale=8.5871
🚀 APPLYING GUIDANCE at step 28 (timestep=701)
🎯 GUIDANCE STEP 28 (t=701): Loss=0.6235, Rho=3.298265, Grad_norm=0.3032, Final_scale=3.2983
🚀 APPLYING GUIDANCE at step 29 (timestep=684)
🎯 GUIDANCE STEP 29 (t=684): Loss=0.6260, Rho=3.482772, Grad_norm=0.2871, Final_scale=3.4828
🚀 APPLYING GUIDANCE at step 30 (timestep=666)
🎯 GUIDANCE STEP 30 (t=666): Loss=0.6235, Rho=1.989233, Grad_norm=0.5027, Final_scale=1.9892
🚀 APPLYING GUIDANCE at step 31 (timestep=647)
🎯 GUIDANCE STEP 31 (t=647): Loss=0.6270, Rho=2.817300, Grad_norm=0.3549, Final_scale=2.8173
🚀 APPLYING GUIDANCE at step 32 (timestep=627)
🎯 GUIDANCE STEP 32 (t=627): Loss=0.6250, Rho=2.380115, Grad_norm=0.4201, Final_scale=2.3801
🚀 APPLYING GUIDANCE at step 33 (timestep=606)
🎯 GUIDANCE STEP 33 (t=606): Loss=0.6235, Rho=4.052957, Grad_norm=0.2467, Final_scale=4.0530
🚀 APPLYING GUIDANCE at step 34 (timestep=585)
🎯 GUIDANCE STEP 34 (t=585): Loss=0.6226, Rho=5.936943, Grad_norm=0.1684, Final_scale=5.9369
🚀 APPLYING GUIDANCE at step 35 (timestep=562)
🎯 GUIDANCE STEP 35 (t=562): Loss=0.6230, Rho=4.553840, Grad_norm=0.2196, Final_scale=4.5538
🚀 APPLYING GUIDANCE at step 36 (timestep=538)
🎯 GUIDANCE STEP 36 (t=538): Loss=0.6201, Rho=7.339807, Grad_norm=0.1362, Final_scale=7.3398
🚀 APPLYING GUIDANCE at step 37 (timestep=512)
🎯 GUIDANCE STEP 37 (t=512): Loss=0.6240, Rho=3.401081, Grad_norm=0.2940, Final_scale=3.4011
🚀 APPLYING GUIDANCE at step 38 (timestep=486)
🎯 GUIDANCE STEP 38 (t=486): Loss=0.6216, Rho=3.996946, Grad_norm=0.2502, Final_scale=3.9969
🚀 APPLYING GUIDANCE at step 39 (timestep=458)
🎯 GUIDANCE STEP 39 (t=458): Loss=0.6201, Rho=5.188514, Grad_norm=0.1927, Final_scale=5.1885
🚀 APPLYING GUIDANCE at step 40 (timestep=428)
🎯 GUIDANCE STEP 40 (t=428): Loss=0.6191, Rho=8.581729, Grad_norm=0.1165, Final_scale=8.5817
🚀 APPLYING GUIDANCE at step 41 (timestep=396)
🎯 GUIDANCE STEP 41 (t=396): Loss=0.6182, Rho=8.854491, Grad_norm=0.1129, Final_scale=8.8545
🚀 APPLYING GUIDANCE at step 42 (timestep=363)
🎯 GUIDANCE STEP 42 (t=363): Loss=0.6191, Rho=7.946737, Grad_norm=0.1258, Final_scale=7.9467
🚀 APPLYING GUIDANCE at step 43 (timestep=327)
🎯 GUIDANCE STEP 43 (t=327): Loss=0.6182, Rho=7.089704, Grad_norm=0.1410, Final_scale=7.0897
🚀 APPLYING GUIDANCE at step 44 (timestep=290)
🎯 GUIDANCE STEP 44 (t=290): Loss=0.6191, Rho=4.589690, Grad_norm=0.2179, Final_scale=4.5897
🚀 APPLYING GUIDANCE at step 45 (timestep=249)
🎯 GUIDANCE STEP 45 (t=249): Loss=0.6182, Rho=10.280988, Grad_norm=0.0973, Final_scale=10.2810
🚀 APPLYING GUIDANCE at step 46 (timestep=206)
🎯 GUIDANCE STEP 46 (t=206): Loss=0.6177, Rho=16.910023, Grad_norm=0.0591, Final_scale=16.9100
🚀 APPLYING GUIDANCE at step 47 (timestep=160)
🎯 GUIDANCE STEP 47 (t=160): Loss=0.6172, Rho=5.099259, Grad_norm=0.1961, Final_scale=5.0993
🚀 APPLYING GUIDANCE at step 48 (timestep=111)
🎯 GUIDANCE STEP 48 (t=111): Loss=0.6191, Rho=21.106707, Grad_norm=0.0474, Final_scale=21.1067
🚀 APPLYING GUIDANCE at step 49 (timestep=57)
🎯 GUIDANCE STEP 49 (t=57): Loss=0.6211, Rho=8.473414, Grad_norm=0.1180, Final_scale=8.4734
[guidance_f17_s50_w8c6_rho1.0_cfg5.0_0701_1448] Generated: generated_videos/subject_consistency/guidance_f17_s50_w8c6_rho1.0_cfg5.0_0701_1448/002_a_train_accelerating_to_gain_speed.mp4
[guidance_f17_s50_w8c6_rho1.0_cfg5.0_0701_1448] Generating video 4/9 (guidance): a truck turning a corner
🎬 STARTING GUIDANCE PIPELINE GENERATION
   Frames: 17, Steps: 50, CFG Scale: 5.0

🔧 GUIDANCE PIPELINE CONFIGURATION:
   Guidance range: 0 - 1001
   Rho scale: 1.0
   V-JEPA kernel_size: 8
   V-JEPA context_length: 6
   V-JEPA stride: 2
   V-JEPA mode: max
   Total timesteps: 50

🚀 APPLYING GUIDANCE at step 0 (timestep=999)
🎯 GUIDANCE STEP 0 (t=999): Loss=0.5430, Rho=103.526024, Grad_norm=0.0097, Final_scale=103.5260
🚀 APPLYING GUIDANCE at step 1 (timestep=992)
🎯 GUIDANCE STEP 1 (t=992): Loss=0.5718, Rho=29.786869, Grad_norm=0.0336, Final_scale=29.7869
🚀 APPLYING GUIDANCE at step 2 (timestep=985)
🎯 GUIDANCE STEP 2 (t=985): Loss=0.5640, Rho=47.695988, Grad_norm=0.0210, Final_scale=47.6960
🚀 APPLYING GUIDANCE at step 3 (timestep=978)
🎯 GUIDANCE STEP 3 (t=978): Loss=0.5649, Rho=12.854367, Grad_norm=0.0778, Final_scale=12.8544
🚀 APPLYING GUIDANCE at step 4 (timestep=971)
🎯 GUIDANCE STEP 4 (t=971): Loss=0.5791, Rho=15.858187, Grad_norm=0.0631, Final_scale=15.8582
🚀 APPLYING GUIDANCE at step 5 (timestep=963)
🎯 GUIDANCE STEP 5 (t=963): Loss=0.5728, Rho=18.649635, Grad_norm=0.0536, Final_scale=18.6496
🚀 APPLYING GUIDANCE at step 6 (timestep=956)
🎯 GUIDANCE STEP 6 (t=956): Loss=0.5786, Rho=6.120622, Grad_norm=0.1634, Final_scale=6.1206
🚀 APPLYING GUIDANCE at step 7 (timestep=948)
🎯 GUIDANCE STEP 7 (t=948): Loss=0.5786, Rho=10.626239, Grad_norm=0.0941, Final_scale=10.6262
🚀 APPLYING GUIDANCE at step 8 (timestep=939)
🎯 GUIDANCE STEP 8 (t=939): Loss=0.5732, Rho=5.934113, Grad_norm=0.1685, Final_scale=5.9341
🚀 APPLYING GUIDANCE at step 9 (timestep=931)
🎯 GUIDANCE STEP 9 (t=931): Loss=0.5723, Rho=15.176143, Grad_norm=0.0659, Final_scale=15.1761
🚀 APPLYING GUIDANCE at step 10 (timestep=922)
🎯 GUIDANCE STEP 10 (t=922): Loss=0.5747, Rho=10.389156, Grad_norm=0.0963, Final_scale=10.3892
🚀 APPLYING GUIDANCE at step 11 (timestep=913)
🎯 GUIDANCE STEP 11 (t=913): Loss=0.5747, Rho=23.809429, Grad_norm=0.0420, Final_scale=23.8094
🚀 APPLYING GUIDANCE at step 12 (timestep=904)
🎯 GUIDANCE STEP 12 (t=904): Loss=0.5767, Rho=26.566551, Grad_norm=0.0376, Final_scale=26.5666
🚀 APPLYING GUIDANCE at step 13 (timestep=894)
🎯 GUIDANCE STEP 13 (t=894): Loss=0.5762, Rho=11.920006, Grad_norm=0.0839, Final_scale=11.9200
🚀 APPLYING GUIDANCE at step 14 (timestep=884)
🎯 GUIDANCE STEP 14 (t=884): Loss=0.5771, Rho=26.046167, Grad_norm=0.0384, Final_scale=26.0462
🚀 APPLYING GUIDANCE at step 15 (timestep=874)
🎯 GUIDANCE STEP 15 (t=874): Loss=0.5791, Rho=32.522667, Grad_norm=0.0307, Final_scale=32.5227
🚀 APPLYING GUIDANCE at step 16 (timestep=864)
🎯 GUIDANCE STEP 16 (t=864): Loss=0.5791, Rho=11.854780, Grad_norm=0.0844, Final_scale=11.8548
🚀 APPLYING GUIDANCE at step 17 (timestep=853)
🎯 GUIDANCE STEP 17 (t=853): Loss=0.5845, Rho=24.744741, Grad_norm=0.0404, Final_scale=24.7447
🚀 APPLYING GUIDANCE at step 18 (timestep=841)
🎯 GUIDANCE STEP 18 (t=841): Loss=0.5806, Rho=9.885685, Grad_norm=0.1012, Final_scale=9.8857
🚀 APPLYING GUIDANCE at step 19 (timestep=829)
🎯 GUIDANCE STEP 19 (t=829): Loss=0.5815, Rho=13.216443, Grad_norm=0.0757, Final_scale=13.2164
🚀 APPLYING GUIDANCE at step 20 (timestep=817)
🎯 GUIDANCE STEP 20 (t=817): Loss=0.5742, Rho=24.965176, Grad_norm=0.0401, Final_scale=24.9652
🚀 APPLYING GUIDANCE at step 21 (timestep=805)
🎯 GUIDANCE STEP 21 (t=805): Loss=0.5732, Rho=34.959690, Grad_norm=0.0286, Final_scale=34.9597
🚀 APPLYING GUIDANCE at step 22 (timestep=792)
🎯 GUIDANCE STEP 22 (t=792): Loss=0.5747, Rho=27.001249, Grad_norm=0.0370, Final_scale=27.0012
🚀 APPLYING GUIDANCE at step 23 (timestep=778)
🎯 GUIDANCE STEP 23 (t=778): Loss=0.5732, Rho=15.988484, Grad_norm=0.0625, Final_scale=15.9885
🚀 APPLYING GUIDANCE at step 24 (timestep=764)
🎯 GUIDANCE STEP 24 (t=764): Loss=0.5796, Rho=21.070101, Grad_norm=0.0475, Final_scale=21.0701
🚀 APPLYING GUIDANCE at step 25 (timestep=749)
🎯 GUIDANCE STEP 25 (t=749): Loss=0.5767, Rho=9.747376, Grad_norm=0.1026, Final_scale=9.7474
🚀 APPLYING GUIDANCE at step 26 (timestep=734)
🎯 GUIDANCE STEP 26 (t=734): Loss=0.5767, Rho=37.773796, Grad_norm=0.0265, Final_scale=37.7738
🚀 APPLYING GUIDANCE at step 27 (timestep=718)
🎯 GUIDANCE STEP 27 (t=718): Loss=0.5791, Rho=38.581573, Grad_norm=0.0259, Final_scale=38.5816
🚀 APPLYING GUIDANCE at step 28 (timestep=701)
🎯 GUIDANCE STEP 28 (t=701): Loss=0.5767, Rho=43.750782, Grad_norm=0.0229, Final_scale=43.7508
🚀 APPLYING GUIDANCE at step 29 (timestep=684)
🎯 GUIDANCE STEP 29 (t=684): Loss=0.5771, Rho=37.153446, Grad_norm=0.0269, Final_scale=37.1534
🚀 APPLYING GUIDANCE at step 30 (timestep=666)
🎯 GUIDANCE STEP 30 (t=666): Loss=0.5811, Rho=23.498835, Grad_norm=0.0426, Final_scale=23.4988
🚀 APPLYING GUIDANCE at step 31 (timestep=647)
🎯 GUIDANCE STEP 31 (t=647): Loss=0.5811, Rho=17.480009, Grad_norm=0.0572, Final_scale=17.4800
🚀 APPLYING GUIDANCE at step 32 (timestep=627)
🎯 GUIDANCE STEP 32 (t=627): Loss=0.5801, Rho=48.427944, Grad_norm=0.0206, Final_scale=48.4279
🚀 APPLYING GUIDANCE at step 33 (timestep=606)
🎯 GUIDANCE STEP 33 (t=606): Loss=0.5830, Rho=40.006657, Grad_norm=0.0250, Final_scale=40.0067
🚀 APPLYING GUIDANCE at step 34 (timestep=585)
🎯 GUIDANCE STEP 34 (t=585): Loss=0.5840, Rho=16.149462, Grad_norm=0.0619, Final_scale=16.1495
🚀 APPLYING GUIDANCE at step 35 (timestep=562)
🎯 GUIDANCE STEP 35 (t=562): Loss=0.5854, Rho=12.965064, Grad_norm=0.0771, Final_scale=12.9651
🚀 APPLYING GUIDANCE at step 36 (timestep=538)
🎯 GUIDANCE STEP 36 (t=538): Loss=0.5830, Rho=15.169902, Grad_norm=0.0659, Final_scale=15.1699
🚀 APPLYING GUIDANCE at step 37 (timestep=512)
🎯 GUIDANCE STEP 37 (t=512): Loss=0.5825, Rho=31.924412, Grad_norm=0.0313, Final_scale=31.9244
🚀 APPLYING GUIDANCE at step 38 (timestep=486)
🎯 GUIDANCE STEP 38 (t=486): Loss=0.5835, Rho=28.332964, Grad_norm=0.0353, Final_scale=28.3330
🚀 APPLYING GUIDANCE at step 39 (timestep=458)
🎯 GUIDANCE STEP 39 (t=458): Loss=0.5869, Rho=31.558216, Grad_norm=0.0317, Final_scale=31.5582
🚀 APPLYING GUIDANCE at step 40 (timestep=428)
🎯 GUIDANCE STEP 40 (t=428): Loss=0.5874, Rho=38.047688, Grad_norm=0.0263, Final_scale=38.0477
🚀 APPLYING GUIDANCE at step 41 (timestep=396)
🎯 GUIDANCE STEP 41 (t=396): Loss=0.5859, Rho=27.835442, Grad_norm=0.0359, Final_scale=27.8354
🚀 APPLYING GUIDANCE at step 42 (timestep=363)
🎯 GUIDANCE STEP 42 (t=363): Loss=0.5869, Rho=8.886693, Grad_norm=0.1125, Final_scale=8.8867
🚀 APPLYING GUIDANCE at step 43 (timestep=327)
🎯 GUIDANCE STEP 43 (t=327): Loss=0.5845, Rho=2.751889, Grad_norm=0.3634, Final_scale=2.7519
🚀 APPLYING GUIDANCE at step 44 (timestep=290)
🎯 GUIDANCE STEP 44 (t=290): Loss=0.5845, Rho=17.069565, Grad_norm=0.0586, Final_scale=17.0696
🚀 APPLYING GUIDANCE at step 45 (timestep=249)
🎯 GUIDANCE STEP 45 (t=249): Loss=0.5850, Rho=7.311502, Grad_norm=0.1368, Final_scale=7.3115
🚀 APPLYING GUIDANCE at step 46 (timestep=206)
🎯 GUIDANCE STEP 46 (t=206): Loss=0.5850, Rho=34.545189, Grad_norm=0.0289, Final_scale=34.5452
🚀 APPLYING GUIDANCE at step 47 (timestep=160)
🎯 GUIDANCE STEP 47 (t=160): Loss=0.5825, Rho=12.711977, Grad_norm=0.0787, Final_scale=12.7120
🚀 APPLYING GUIDANCE at step 48 (timestep=111)
🎯 GUIDANCE STEP 48 (t=111): Loss=0.5825, Rho=19.691559, Grad_norm=0.0508, Final_scale=19.6916
🚀 APPLYING GUIDANCE at step 49 (timestep=57)
🎯 GUIDANCE STEP 49 (t=57): Loss=0.5806, Rho=17.862804, Grad_norm=0.0560, Final_scale=17.8628
[guidance_f17_s50_w8c6_rho1.0_cfg5.0_0701_1448] Generated: generated_videos/subject_consistency/guidance_f17_s50_w8c6_rho1.0_cfg5.0_0701_1448/002_an_airplane_soaring_through_a_clear_blue_sky.mp4
[guidance_f17_s50_w8c6_rho1.0_cfg5.0_0701_1448] Generating video 4/9 (guidance): an airplane taking off
🎬 STARTING GUIDANCE PIPELINE GENERATION
   Frames: 17, Steps: 50, CFG Scale: 5.0

🔧 GUIDANCE PIPELINE CONFIGURATION:
   Guidance range: 0 - 1001
   Rho scale: 1.0
   V-JEPA kernel_size: 8
   V-JEPA context_length: 6
   V-JEPA stride: 2
   V-JEPA mode: max
   Total timesteps: 50

🚀 APPLYING GUIDANCE at step 0 (timestep=999)
🎯 GUIDANCE STEP 0 (t=999): Loss=0.5693, Rho=15.222490, Grad_norm=0.0657, Final_scale=15.2225
🚀 APPLYING GUIDANCE at step 1 (timestep=992)
🎯 GUIDANCE STEP 1 (t=992): Loss=0.5327, Rho=12.946438, Grad_norm=0.0772, Final_scale=12.9464
🚀 APPLYING GUIDANCE at step 2 (timestep=985)
🎯 GUIDANCE STEP 2 (t=985): Loss=0.5381, Rho=15.966976, Grad_norm=0.0626, Final_scale=15.9670
🚀 APPLYING GUIDANCE at step 3 (timestep=978)
🎯 GUIDANCE STEP 3 (t=978): Loss=0.5728, Rho=24.143797, Grad_norm=0.0414, Final_scale=24.1438
🚀 APPLYING GUIDANCE at step 4 (timestep=971)
🎯 GUIDANCE STEP 4 (t=971): Loss=0.5771, Rho=18.192896, Grad_norm=0.0550, Final_scale=18.1929
🚀 APPLYING GUIDANCE at step 5 (timestep=963)
🎯 GUIDANCE STEP 5 (t=963): Loss=0.5747, Rho=18.547281, Grad_norm=0.0539, Final_scale=18.5473
🚀 APPLYING GUIDANCE at step 6 (timestep=956)
🎯 GUIDANCE STEP 6 (t=956): Loss=0.5825, Rho=9.866397, Grad_norm=0.1014, Final_scale=9.8664
🚀 APPLYING GUIDANCE at step 7 (timestep=948)
🎯 GUIDANCE STEP 7 (t=948): Loss=0.5942, Rho=5.695483, Grad_norm=0.1756, Final_scale=5.6955
🚀 APPLYING GUIDANCE at step 8 (timestep=939)
🎯 GUIDANCE STEP 8 (t=939): Loss=0.5952, Rho=5.298925, Grad_norm=0.1887, Final_scale=5.2989
🚀 APPLYING GUIDANCE at step 9 (timestep=931)
🎯 GUIDANCE STEP 9 (t=931): Loss=0.6011, Rho=5.682633, Grad_norm=0.1760, Final_scale=5.6826
🚀 APPLYING GUIDANCE at step 10 (timestep=922)
🎯 GUIDANCE STEP 10 (t=922): Loss=0.6035, Rho=3.726323, Grad_norm=0.2684, Final_scale=3.7263
🚀 APPLYING GUIDANCE at step 11 (timestep=913)
🎯 GUIDANCE STEP 11 (t=913): Loss=0.6006, Rho=5.051871, Grad_norm=0.1979, Final_scale=5.0519
🚀 APPLYING GUIDANCE at step 12 (timestep=904)
🎯 GUIDANCE STEP 12 (t=904): Loss=0.5972, Rho=2.142912, Grad_norm=0.4667, Final_scale=2.1429
🚀 APPLYING GUIDANCE at step 13 (timestep=894)
🎯 GUIDANCE STEP 13 (t=894): Loss=0.6079, Rho=5.455038, Grad_norm=0.1833, Final_scale=5.4550
🚀 APPLYING GUIDANCE at step 14 (timestep=884)
🎯 GUIDANCE STEP 14 (t=884): Loss=0.6133, Rho=7.023776, Grad_norm=0.1424, Final_scale=7.0238
🚀 APPLYING GUIDANCE at step 15 (timestep=874)
🎯 GUIDANCE STEP 15 (t=874): Loss=0.6143, Rho=7.207819, Grad_norm=0.1387, Final_scale=7.2078
🚀 APPLYING GUIDANCE at step 16 (timestep=864)
🎯 GUIDANCE STEP 16 (t=864): Loss=0.6118, Rho=3.256610, Grad_norm=0.3071, Final_scale=3.2566
🚀 APPLYING GUIDANCE at step 17 (timestep=853)
🎯 GUIDANCE STEP 17 (t=853): Loss=0.6099, Rho=5.324251, Grad_norm=0.1878, Final_scale=5.3243
🚀 APPLYING GUIDANCE at step 18 (timestep=841)
🎯 GUIDANCE STEP 18 (t=841): Loss=0.6074, Rho=5.774323, Grad_norm=0.1732, Final_scale=5.7743
🚀 APPLYING GUIDANCE at step 19 (timestep=829)
🎯 GUIDANCE STEP 19 (t=829): Loss=0.6045, Rho=6.985542, Grad_norm=0.1432, Final_scale=6.9855
🚀 APPLYING GUIDANCE at step 20 (timestep=817)
🎯 GUIDANCE STEP 20 (t=817): Loss=0.6094, Rho=6.612812, Grad_norm=0.1512, Final_scale=6.6128
🚀 APPLYING GUIDANCE at step 21 (timestep=805)
🎯 GUIDANCE STEP 21 (t=805): Loss=0.6050, Rho=1.818936, Grad_norm=0.5498, Final_scale=1.8189
🚀 APPLYING GUIDANCE at step 22 (timestep=792)
🎯 GUIDANCE STEP 22 (t=792): Loss=0.6035, Rho=4.436262, Grad_norm=0.2254, Final_scale=4.4363
🚀 APPLYING GUIDANCE at step 23 (timestep=778)
🎯 GUIDANCE STEP 23 (t=778): Loss=0.6074, Rho=5.696877, Grad_norm=0.1755, Final_scale=5.6969
🚀 APPLYING GUIDANCE at step 24 (timestep=764)
🎯 GUIDANCE STEP 24 (t=764): Loss=0.6050, Rho=3.669076, Grad_norm=0.2725, Final_scale=3.6691
🚀 APPLYING GUIDANCE at step 25 (timestep=749)
🎯 GUIDANCE STEP 25 (t=749): Loss=0.6069, Rho=8.368596, Grad_norm=0.1195, Final_scale=8.3686
🚀 APPLYING GUIDANCE at step 26 (timestep=734)
🎯 GUIDANCE STEP 26 (t=734): Loss=0.6035, Rho=13.123390, Grad_norm=0.0762, Final_scale=13.1234
🚀 APPLYING GUIDANCE at step 27 (timestep=718)
🎯 GUIDANCE STEP 27 (t=718): Loss=0.6011, Rho=7.058499, Grad_norm=0.1417, Final_scale=7.0585
🚀 APPLYING GUIDANCE at step 28 (timestep=701)
🎯 GUIDANCE STEP 28 (t=701): Loss=0.6011, Rho=12.709533, Grad_norm=0.0787, Final_scale=12.7095
🚀 APPLYING GUIDANCE at step 29 (timestep=684)
🎯 GUIDANCE STEP 29 (t=684): Loss=0.6050, Rho=7.030915, Grad_norm=0.1422, Final_scale=7.0309
🚀 APPLYING GUIDANCE at step 30 (timestep=666)
🎯 GUIDANCE STEP 30 (t=666): Loss=0.6030, Rho=6.163266, Grad_norm=0.1623, Final_scale=6.1633
🚀 APPLYING GUIDANCE at step 31 (timestep=647)
🎯 GUIDANCE STEP 31 (t=647): Loss=0.6035, Rho=22.031231, Grad_norm=0.0454, Final_scale=22.0312
🚀 APPLYING GUIDANCE at step 32 (timestep=627)
🎯 GUIDANCE STEP 32 (t=627): Loss=0.6001, Rho=7.108689, Grad_norm=0.1407, Final_scale=7.1087
🚀 APPLYING GUIDANCE at step 33 (timestep=606)
🎯 GUIDANCE STEP 33 (t=606): Loss=0.6025, Rho=10.063780, Grad_norm=0.0994, Final_scale=10.0638
🚀 APPLYING GUIDANCE at step 34 (timestep=585)
🎯 GUIDANCE STEP 34 (t=585): Loss=0.6021, Rho=20.768763, Grad_norm=0.0481, Final_scale=20.7688
🚀 APPLYING GUIDANCE at step 35 (timestep=562)
🎯 GUIDANCE STEP 35 (t=562): Loss=0.6030, Rho=15.437208, Grad_norm=0.0648, Final_scale=15.4372
🚀 APPLYING GUIDANCE at step 36 (timestep=538)
🎯 GUIDANCE STEP 36 (t=538): Loss=0.6030, Rho=15.294387, Grad_norm=0.0654, Final_scale=15.2944
🚀 APPLYING GUIDANCE at step 37 (timestep=512)
🎯 GUIDANCE STEP 37 (t=512): Loss=0.6011, Rho=17.862595, Grad_norm=0.0560, Final_scale=17.8626
🚀 APPLYING GUIDANCE at step 38 (timestep=486)
🎯 GUIDANCE STEP 38 (t=486): Loss=0.6006, Rho=19.890574, Grad_norm=0.0503, Final_scale=19.8906
🚀 APPLYING GUIDANCE at step 39 (timestep=458)
🎯 GUIDANCE STEP 39 (t=458): Loss=0.6016, Rho=25.375708, Grad_norm=0.0394, Final_scale=25.3757
🚀 APPLYING GUIDANCE at step 40 (timestep=428)
🎯 GUIDANCE STEP 40 (t=428): Loss=0.6011, Rho=11.335421, Grad_norm=0.0882, Final_scale=11.3354
🚀 APPLYING GUIDANCE at step 41 (timestep=396)
🎯 GUIDANCE STEP 41 (t=396): Loss=0.5991, Rho=19.632015, Grad_norm=0.0509, Final_scale=19.6320
🚀 APPLYING GUIDANCE at step 42 (timestep=363)
🎯 GUIDANCE STEP 42 (t=363): Loss=0.5981, Rho=29.326651, Grad_norm=0.0341, Final_scale=29.3267
🚀 APPLYING GUIDANCE at step 43 (timestep=327)
🎯 GUIDANCE STEP 43 (t=327): Loss=0.5996, Rho=20.821190, Grad_norm=0.0480, Final_scale=20.8212
🚀 APPLYING GUIDANCE at step 44 (timestep=290)
🎯 GUIDANCE STEP 44 (t=290): Loss=0.5981, Rho=13.357866, Grad_norm=0.0749, Final_scale=13.3579
🚀 APPLYING GUIDANCE at step 45 (timestep=249)
🎯 GUIDANCE STEP 45 (t=249): Loss=0.5996, Rho=24.295984, Grad_norm=0.0412, Final_scale=24.2960
🚀 APPLYING GUIDANCE at step 46 (timestep=206)
🎯 GUIDANCE STEP 46 (t=206): Loss=0.5996, Rho=20.108501, Grad_norm=0.0497, Final_scale=20.1085
🚀 APPLYING GUIDANCE at step 47 (timestep=160)
🎯 GUIDANCE STEP 47 (t=160): Loss=0.5996, Rho=23.354038, Grad_norm=0.0428, Final_scale=23.3540
🚀 APPLYING GUIDANCE at step 48 (timestep=111)
🎯 GUIDANCE STEP 48 (t=111): Loss=0.6006, Rho=5.801229, Grad_norm=0.1724, Final_scale=5.8012
🚀 APPLYING GUIDANCE at step 49 (timestep=57)
🎯 GUIDANCE STEP 49 (t=57): Loss=0.5996, Rho=12.021702, Grad_norm=0.0832, Final_scale=12.0217
[guidance_f17_s50_w8c6_rho1.0_cfg5.0_0701_1448] Generated: generated_videos/subject_consistency/guidance_f17_s50_w8c6_rho1.0_cfg5.0_0701_1448/002_a_car_stuck_in_traffic_during_rush_hour.mp4
[guidance_f17_s50_w8c6_rho1.0_cfg5.0_0701_1448] Generating video 4/9 (guidance): a car turning a corner
🎬 STARTING GUIDANCE PIPELINE GENERATION
   Frames: 17, Steps: 50, CFG Scale: 5.0

🔧 GUIDANCE PIPELINE CONFIGURATION:
   Guidance range: 0 - 1001
   Rho scale: 1.0
   V-JEPA kernel_size: 8
   V-JEPA context_length: 6
   V-JEPA stride: 2
   V-JEPA mode: max
   Total timesteps: 50

🚀 APPLYING GUIDANCE at step 0 (timestep=999)
🎯 GUIDANCE STEP 0 (t=999): Loss=0.5356, Rho=14.662510, Grad_norm=0.0682, Final_scale=14.6625
🚀 APPLYING GUIDANCE at step 1 (timestep=992)
🎯 GUIDANCE STEP 1 (t=992): Loss=0.5317, Rho=14.858680, Grad_norm=0.0673, Final_scale=14.8587
🚀 APPLYING GUIDANCE at step 2 (timestep=985)
🎯 GUIDANCE STEP 2 (t=985): Loss=0.5361, Rho=21.328136, Grad_norm=0.0469, Final_scale=21.3281
🚀 APPLYING GUIDANCE at step 3 (timestep=978)
🎯 GUIDANCE STEP 3 (t=978): Loss=0.5483, Rho=14.279964, Grad_norm=0.0700, Final_scale=14.2800
🚀 APPLYING GUIDANCE at step 4 (timestep=971)
🎯 GUIDANCE STEP 4 (t=971): Loss=0.5586, Rho=12.432560, Grad_norm=0.0804, Final_scale=12.4326
🚀 APPLYING GUIDANCE at step 5 (timestep=963)
🎯 GUIDANCE STEP 5 (t=963): Loss=0.5679, Rho=7.890632, Grad_norm=0.1267, Final_scale=7.8906
🚀 APPLYING GUIDANCE at step 6 (timestep=956)
🎯 GUIDANCE STEP 6 (t=956): Loss=0.5840, Rho=5.614245, Grad_norm=0.1781, Final_scale=5.6142
🚀 APPLYING GUIDANCE at step 7 (timestep=948)
🎯 GUIDANCE STEP 7 (t=948): Loss=0.5884, Rho=2.813135, Grad_norm=0.3555, Final_scale=2.8131
🚀 APPLYING GUIDANCE at step 8 (timestep=939)
🎯 GUIDANCE STEP 8 (t=939): Loss=0.5952, Rho=8.196783, Grad_norm=0.1220, Final_scale=8.1968
🚀 APPLYING GUIDANCE at step 9 (timestep=931)
🎯 GUIDANCE STEP 9 (t=931): Loss=0.6226, Rho=3.192036, Grad_norm=0.3133, Final_scale=3.1920
🚀 APPLYING GUIDANCE at step 10 (timestep=922)
🎯 GUIDANCE STEP 10 (t=922): Loss=0.6211, Rho=2.335440, Grad_norm=0.4282, Final_scale=2.3354
🚀 APPLYING GUIDANCE at step 11 (timestep=913)
🎯 GUIDANCE STEP 11 (t=913): Loss=0.6265, Rho=2.640061, Grad_norm=0.3788, Final_scale=2.6401
🚀 APPLYING GUIDANCE at step 12 (timestep=904)
🎯 GUIDANCE STEP 12 (t=904): Loss=0.6152, Rho=3.050640, Grad_norm=0.3278, Final_scale=3.0506
🚀 APPLYING GUIDANCE at step 13 (timestep=894)
🎯 GUIDANCE STEP 13 (t=894): Loss=0.6245, Rho=3.117951, Grad_norm=0.3207, Final_scale=3.1180
🚀 APPLYING GUIDANCE at step 14 (timestep=884)
🎯 GUIDANCE STEP 14 (t=884): Loss=0.6152, Rho=2.266017, Grad_norm=0.4413, Final_scale=2.2660
🚀 APPLYING GUIDANCE at step 15 (timestep=874)
🎯 GUIDANCE STEP 15 (t=874): Loss=0.6216, Rho=2.542938, Grad_norm=0.3932, Final_scale=2.5429
🚀 APPLYING GUIDANCE at step 16 (timestep=864)
🎯 GUIDANCE STEP 16 (t=864): Loss=0.6211, Rho=2.013672, Grad_norm=0.4966, Final_scale=2.0137
🚀 APPLYING GUIDANCE at step 17 (timestep=853)
🎯 GUIDANCE STEP 17 (t=853): Loss=0.6265, Rho=1.635402, Grad_norm=0.6115, Final_scale=1.6354
🚀 APPLYING GUIDANCE at step 18 (timestep=841)
🎯 GUIDANCE STEP 18 (t=841): Loss=0.6182, Rho=2.171825, Grad_norm=0.4604, Final_scale=2.1718
🚀 APPLYING GUIDANCE at step 19 (timestep=829)
🎯 GUIDANCE STEP 19 (t=829): Loss=0.6201, Rho=1.803949, Grad_norm=0.5543, Final_scale=1.8039
🚀 APPLYING GUIDANCE at step 20 (timestep=817)
🎯 GUIDANCE STEP 20 (t=817): Loss=0.6235, Rho=1.355750, Grad_norm=0.7376, Final_scale=1.3557
🚀 APPLYING GUIDANCE at step 21 (timestep=805)
🎯 GUIDANCE STEP 21 (t=805): Loss=0.6196, Rho=4.020722, Grad_norm=0.2487, Final_scale=4.0207
🚀 APPLYING GUIDANCE at step 22 (timestep=792)
🎯 GUIDANCE STEP 22 (t=792): Loss=0.6187, Rho=4.110695, Grad_norm=0.2433, Final_scale=4.1107
🚀 APPLYING GUIDANCE at step 23 (timestep=778)
🎯 GUIDANCE STEP 23 (t=778): Loss=0.6235, Rho=1.932902, Grad_norm=0.5174, Final_scale=1.9329
🚀 APPLYING GUIDANCE at step 24 (timestep=764)
🎯 GUIDANCE STEP 24 (t=764): Loss=0.6182, Rho=5.057996, Grad_norm=0.1977, Final_scale=5.0580
🚀 APPLYING GUIDANCE at step 25 (timestep=749)
🎯 GUIDANCE STEP 25 (t=749): Loss=0.6191, Rho=4.231845, Grad_norm=0.2363, Final_scale=4.2318
🚀 APPLYING GUIDANCE at step 26 (timestep=734)
🎯 GUIDANCE STEP 26 (t=734): Loss=0.6201, Rho=2.506679, Grad_norm=0.3989, Final_scale=2.5067
🚀 APPLYING GUIDANCE at step 27 (timestep=718)
🎯 GUIDANCE STEP 27 (t=718): Loss=0.6182, Rho=5.599298, Grad_norm=0.1786, Final_scale=5.5993
🚀 APPLYING GUIDANCE at step 28 (timestep=701)
🎯 GUIDANCE STEP 28 (t=701): Loss=0.6226, Rho=3.219633, Grad_norm=0.3106, Final_scale=3.2196
🚀 APPLYING GUIDANCE at step 29 (timestep=684)
🎯 GUIDANCE STEP 29 (t=684): Loss=0.6206, Rho=2.761150, Grad_norm=0.3622, Final_scale=2.7611
🚀 APPLYING GUIDANCE at step 30 (timestep=666)
🎯 GUIDANCE STEP 30 (t=666): Loss=0.6279, Rho=2.739817, Grad_norm=0.3650, Final_scale=2.7398
🚀 APPLYING GUIDANCE at step 31 (timestep=647)
🎯 GUIDANCE STEP 31 (t=647): Loss=0.6235, Rho=2.382888, Grad_norm=0.4197, Final_scale=2.3829
🚀 APPLYING GUIDANCE at step 32 (timestep=627)
🎯 GUIDANCE STEP 32 (t=627): Loss=0.6201, Rho=1.716555, Grad_norm=0.5826, Final_scale=1.7166
🚀 APPLYING GUIDANCE at step 33 (timestep=606)
🎯 GUIDANCE STEP 33 (t=606): Loss=0.6230, Rho=4.797157, Grad_norm=0.2085, Final_scale=4.7972
🚀 APPLYING GUIDANCE at step 34 (timestep=585)
🎯 GUIDANCE STEP 34 (t=585): Loss=0.6182, Rho=2.065438, Grad_norm=0.4842, Final_scale=2.0654
🚀 APPLYING GUIDANCE at step 35 (timestep=562)
🎯 GUIDANCE STEP 35 (t=562): Loss=0.6230, Rho=7.949191, Grad_norm=0.1258, Final_scale=7.9492
🚀 APPLYING GUIDANCE at step 36 (timestep=538)
🎯 GUIDANCE STEP 36 (t=538): Loss=0.6191, Rho=1.757981, Grad_norm=0.5688, Final_scale=1.7580
🚀 APPLYING GUIDANCE at step 37 (timestep=512)
🎯 GUIDANCE STEP 37 (t=512): Loss=0.6191, Rho=4.267741, Grad_norm=0.2343, Final_scale=4.2677
🚀 APPLYING GUIDANCE at step 38 (timestep=486)
🎯 GUIDANCE STEP 38 (t=486): Loss=0.6162, Rho=4.141099, Grad_norm=0.2415, Final_scale=4.1411
🚀 APPLYING GUIDANCE at step 39 (timestep=458)
🎯 GUIDANCE STEP 39 (t=458): Loss=0.6162, Rho=4.934915, Grad_norm=0.2026, Final_scale=4.9349
🚀 APPLYING GUIDANCE at step 40 (timestep=428)
🎯 GUIDANCE STEP 40 (t=428): Loss=0.6182, Rho=6.218087, Grad_norm=0.1608, Final_scale=6.2181
🚀 APPLYING GUIDANCE at step 41 (timestep=396)
🎯 GUIDANCE STEP 41 (t=396): Loss=0.6172, Rho=6.004884, Grad_norm=0.1665, Final_scale=6.0049
🚀 APPLYING GUIDANCE at step 42 (timestep=363)
🎯 GUIDANCE STEP 42 (t=363): Loss=0.6162, Rho=9.328417, Grad_norm=0.1072, Final_scale=9.3284
🚀 APPLYING GUIDANCE at step 43 (timestep=327)
🎯 GUIDANCE STEP 43 (t=327): Loss=0.6143, Rho=6.611215, Grad_norm=0.1513, Final_scale=6.6112
🚀 APPLYING GUIDANCE at step 44 (timestep=290)
🎯 GUIDANCE STEP 44 (t=290): Loss=0.6128, Rho=11.807577, Grad_norm=0.0847, Final_scale=11.8076
🚀 APPLYING GUIDANCE at step 45 (timestep=249)
🎯 GUIDANCE STEP 45 (t=249): Loss=0.6104, Rho=6.939683, Grad_norm=0.1441, Final_scale=6.9397
🚀 APPLYING GUIDANCE at step 46 (timestep=206)
🎯 GUIDANCE STEP 46 (t=206): Loss=0.6108, Rho=4.914782, Grad_norm=0.2035, Final_scale=4.9148
🚀 APPLYING GUIDANCE at step 47 (timestep=160)
🎯 GUIDANCE STEP 47 (t=160): Loss=0.6108, Rho=7.922009, Grad_norm=0.1262, Final_scale=7.9220
🚀 APPLYING GUIDANCE at step 48 (timestep=111)
🎯 GUIDANCE STEP 48 (t=111): Loss=0.6108, Rho=11.078003, Grad_norm=0.0903, Final_scale=11.0780
🚀 APPLYING GUIDANCE at step 49 (timestep=57)
🎯 GUIDANCE STEP 49 (t=57): Loss=0.6104, Rho=22.387691, Grad_norm=0.0447, Final_scale=22.3877
[guidance_f17_s50_w8c6_rho1.0_cfg5.0_0701_1448] Generated: generated_videos/subject_consistency/guidance_f17_s50_w8c6_rho1.0_cfg5.0_0701_1448/002_a_person_washing_the_dishes.mp4
[guidance_f17_s50_w8c6_rho1.0_cfg5.0_0701_1448] Generating video 4/9 (guidance): a person eating a burger
🎬 STARTING GUIDANCE PIPELINE GENERATION
   Frames: 17, Steps: 50, CFG Scale: 5.0

🔧 GUIDANCE PIPELINE CONFIGURATION:
   Guidance range: 0 - 1001
   Rho scale: 1.0
   V-JEPA kernel_size: 8
   V-JEPA context_length: 6
   V-JEPA stride: 2
   V-JEPA mode: max
   Total timesteps: 50

🚀 APPLYING GUIDANCE at step 0 (timestep=999)
🎯 GUIDANCE STEP 0 (t=999): Loss=0.5918, Rho=18.064440, Grad_norm=0.0554, Final_scale=18.0644
🚀 APPLYING GUIDANCE at step 1 (timestep=992)
🎯 GUIDANCE STEP 1 (t=992): Loss=0.5503, Rho=48.165451, Grad_norm=0.0208, Final_scale=48.1655
🚀 APPLYING GUIDANCE at step 2 (timestep=985)
🎯 GUIDANCE STEP 2 (t=985): Loss=0.5703, Rho=17.994268, Grad_norm=0.0556, Final_scale=17.9943
🚀 APPLYING GUIDANCE at step 3 (timestep=978)
🎯 GUIDANCE STEP 3 (t=978): Loss=0.5801, Rho=17.568953, Grad_norm=0.0569, Final_scale=17.5690
🚀 APPLYING GUIDANCE at step 4 (timestep=971)
🎯 GUIDANCE STEP 4 (t=971): Loss=0.5884, Rho=6.157897, Grad_norm=0.1624, Final_scale=6.1579
🚀 APPLYING GUIDANCE at step 5 (timestep=963)
🎯 GUIDANCE STEP 5 (t=963): Loss=0.5967, Rho=7.207348, Grad_norm=0.1387, Final_scale=7.2073
🚀 APPLYING GUIDANCE at step 6 (timestep=956)
🎯 GUIDANCE STEP 6 (t=956): Loss=0.6011, Rho=14.378022, Grad_norm=0.0696, Final_scale=14.3780
🚀 APPLYING GUIDANCE at step 7 (timestep=948)
🎯 GUIDANCE STEP 7 (t=948): Loss=0.5996, Rho=10.442925, Grad_norm=0.0958, Final_scale=10.4429
🚀 APPLYING GUIDANCE at step 8 (timestep=939)
🎯 GUIDANCE STEP 8 (t=939): Loss=0.5991, Rho=9.662341, Grad_norm=0.1035, Final_scale=9.6623
🚀 APPLYING GUIDANCE at step 9 (timestep=931)
🎯 GUIDANCE STEP 9 (t=931): Loss=0.6035, Rho=15.453366, Grad_norm=0.0647, Final_scale=15.4534
🚀 APPLYING GUIDANCE at step 10 (timestep=922)
🎯 GUIDANCE STEP 10 (t=922): Loss=0.6084, Rho=6.550283, Grad_norm=0.1527, Final_scale=6.5503
🚀 APPLYING GUIDANCE at step 11 (timestep=913)
🎯 GUIDANCE STEP 11 (t=913): Loss=0.6006, Rho=9.838737, Grad_norm=0.1016, Final_scale=9.8387
🚀 APPLYING GUIDANCE at step 12 (timestep=904)
🎯 GUIDANCE STEP 12 (t=904): Loss=0.6016, Rho=13.243688, Grad_norm=0.0755, Final_scale=13.2437
🚀 APPLYING GUIDANCE at step 13 (timestep=894)
🎯 GUIDANCE STEP 13 (t=894): Loss=0.6001, Rho=7.275468, Grad_norm=0.1374, Final_scale=7.2755
🚀 APPLYING GUIDANCE at step 14 (timestep=884)
🎯 GUIDANCE STEP 14 (t=884): Loss=0.5967, Rho=10.740689, Grad_norm=0.0931, Final_scale=10.7407
🚀 APPLYING GUIDANCE at step 15 (timestep=874)
🎯 GUIDANCE STEP 15 (t=874): Loss=0.5942, Rho=17.477537, Grad_norm=0.0572, Final_scale=17.4775
🚀 APPLYING GUIDANCE at step 16 (timestep=864)
🎯 GUIDANCE STEP 16 (t=864): Loss=0.5908, Rho=21.465395, Grad_norm=0.0466, Final_scale=21.4654
🚀 APPLYING GUIDANCE at step 17 (timestep=853)
🎯 GUIDANCE STEP 17 (t=853): Loss=0.5977, Rho=16.064314, Grad_norm=0.0622, Final_scale=16.0643
🚀 APPLYING GUIDANCE at step 18 (timestep=841)
🎯 GUIDANCE STEP 18 (t=841): Loss=0.5977, Rho=3.724203, Grad_norm=0.2685, Final_scale=3.7242
🚀 APPLYING GUIDANCE at step 19 (timestep=829)
🎯 GUIDANCE STEP 19 (t=829): Loss=0.5977, Rho=18.774872, Grad_norm=0.0533, Final_scale=18.7749
🚀 APPLYING GUIDANCE at step 20 (timestep=817)
🎯 GUIDANCE STEP 20 (t=817): Loss=0.5996, Rho=14.043362, Grad_norm=0.0712, Final_scale=14.0434
🚀 APPLYING GUIDANCE at step 21 (timestep=805)
🎯 GUIDANCE STEP 21 (t=805): Loss=0.5991, Rho=10.398855, Grad_norm=0.0962, Final_scale=10.3989
🚀 APPLYING GUIDANCE at step 22 (timestep=792)
🎯 GUIDANCE STEP 22 (t=792): Loss=0.6006, Rho=9.033111, Grad_norm=0.1107, Final_scale=9.0331
🚀 APPLYING GUIDANCE at step 23 (timestep=778)
🎯 GUIDANCE STEP 23 (t=778): Loss=0.6001, Rho=13.361794, Grad_norm=0.0748, Final_scale=13.3618
🚀 APPLYING GUIDANCE at step 24 (timestep=764)
🎯 GUIDANCE STEP 24 (t=764): Loss=0.6006, Rho=10.513695, Grad_norm=0.0951, Final_scale=10.5137
🚀 APPLYING GUIDANCE at step 25 (timestep=749)
🎯 GUIDANCE STEP 25 (t=749): Loss=0.6045, Rho=13.377777, Grad_norm=0.0748, Final_scale=13.3778
🚀 APPLYING GUIDANCE at step 26 (timestep=734)
🎯 GUIDANCE STEP 26 (t=734): Loss=0.6084, Rho=17.104246, Grad_norm=0.0585, Final_scale=17.1042
🚀 APPLYING GUIDANCE at step 27 (timestep=718)
🎯 GUIDANCE STEP 27 (t=718): Loss=0.6035, Rho=12.080709, Grad_norm=0.0828, Final_scale=12.0807
🚀 APPLYING GUIDANCE at step 28 (timestep=701)
🎯 GUIDANCE STEP 28 (t=701): Loss=0.6045, Rho=8.453657, Grad_norm=0.1183, Final_scale=8.4537
🚀 APPLYING GUIDANCE at step 29 (timestep=684)
🎯 GUIDANCE STEP 29 (t=684): Loss=0.6069, Rho=2.151416, Grad_norm=0.4648, Final_scale=2.1514
🚀 APPLYING GUIDANCE at step 30 (timestep=666)
🎯 GUIDANCE STEP 30 (t=666): Loss=0.6040, Rho=9.190285, Grad_norm=0.1088, Final_scale=9.1903
🚀 APPLYING GUIDANCE at step 31 (timestep=647)
🎯 GUIDANCE STEP 31 (t=647): Loss=0.6089, Rho=15.199092, Grad_norm=0.0658, Final_scale=15.1991
🚀 APPLYING GUIDANCE at step 32 (timestep=627)
🎯 GUIDANCE STEP 32 (t=627): Loss=0.6021, Rho=11.239977, Grad_norm=0.0890, Final_scale=11.2400
🚀 APPLYING GUIDANCE at step 33 (timestep=606)
🎯 GUIDANCE STEP 33 (t=606): Loss=0.6035, Rho=10.082395, Grad_norm=0.0992, Final_scale=10.0824
🚀 APPLYING GUIDANCE at step 34 (timestep=585)
🎯 GUIDANCE STEP 34 (t=585): Loss=0.6016, Rho=8.863762, Grad_norm=0.1128, Final_scale=8.8638
🚀 APPLYING GUIDANCE at step 35 (timestep=562)
🎯 GUIDANCE STEP 35 (t=562): Loss=0.6040, Rho=15.514232, Grad_norm=0.0645, Final_scale=15.5142
🚀 APPLYING GUIDANCE at step 36 (timestep=538)
🎯 GUIDANCE STEP 36 (t=538): Loss=0.6030, Rho=8.583464, Grad_norm=0.1165, Final_scale=8.5835
🚀 APPLYING GUIDANCE at step 37 (timestep=512)
🎯 GUIDANCE STEP 37 (t=512): Loss=0.6069, Rho=3.553938, Grad_norm=0.2814, Final_scale=3.5539
🚀 APPLYING GUIDANCE at step 38 (timestep=486)
🎯 GUIDANCE STEP 38 (t=486): Loss=0.6055, Rho=14.438685, Grad_norm=0.0693, Final_scale=14.4387
🚀 APPLYING GUIDANCE at step 39 (timestep=458)
🎯 GUIDANCE STEP 39 (t=458): Loss=0.6045, Rho=11.981793, Grad_norm=0.0835, Final_scale=11.9818
🚀 APPLYING GUIDANCE at step 40 (timestep=428)
🎯 GUIDANCE STEP 40 (t=428): Loss=0.6055, Rho=21.307093, Grad_norm=0.0469, Final_scale=21.3071
🚀 APPLYING GUIDANCE at step 41 (timestep=396)
🎯 GUIDANCE STEP 41 (t=396): Loss=0.6055, Rho=18.093504, Grad_norm=0.0553, Final_scale=18.0935
🚀 APPLYING GUIDANCE at step 42 (timestep=363)
🎯 GUIDANCE STEP 42 (t=363): Loss=0.6055, Rho=15.719673, Grad_norm=0.0636, Final_scale=15.7197
🚀 APPLYING GUIDANCE at step 43 (timestep=327)
🎯 GUIDANCE STEP 43 (t=327): Loss=0.6030, Rho=15.775275, Grad_norm=0.0634, Final_scale=15.7753
🚀 APPLYING GUIDANCE at step 44 (timestep=290)
🎯 GUIDANCE STEP 44 (t=290): Loss=0.6060, Rho=19.022974, Grad_norm=0.0526, Final_scale=19.0230
🚀 APPLYING GUIDANCE at step 45 (timestep=249)
🎯 GUIDANCE STEP 45 (t=249): Loss=0.6030, Rho=12.231796, Grad_norm=0.0818, Final_scale=12.2318
🚀 APPLYING GUIDANCE at step 46 (timestep=206)
🎯 GUIDANCE STEP 46 (t=206): Loss=0.6025, Rho=14.088901, Grad_norm=0.0710, Final_scale=14.0889
🚀 APPLYING GUIDANCE at step 47 (timestep=160)
🎯 GUIDANCE STEP 47 (t=160): Loss=0.6025, Rho=26.093985, Grad_norm=0.0383, Final_scale=26.0940
🚀 APPLYING GUIDANCE at step 48 (timestep=111)
🎯 GUIDANCE STEP 48 (t=111): Loss=0.5981, Rho=21.943947, Grad_norm=0.0456, Final_scale=21.9439
🚀 APPLYING GUIDANCE at step 49 (timestep=57)
🎯 GUIDANCE STEP 49 (t=57): Loss=0.5972, Rho=4.642021, Grad_norm=0.2154, Final_scale=4.6420
[guidance_f17_s50_w8c6_rho1.0_cfg5.0_0701_1448] Generated: generated_videos/subject_consistency/guidance_f17_s50_w8c6_rho1.0_cfg5.0_0701_1448/003_a_cow_chewing_cud_while_resting_in_a_tranquil_barn.mp4
[guidance_f17_s50_w8c6_rho1.0_cfg5.0_0701_1448] Generating video 5/9 (guidance): a cow running to join a herd of its kind
🎬 STARTING GUIDANCE PIPELINE GENERATION
   Frames: 17, Steps: 50, CFG Scale: 5.0

🔧 GUIDANCE PIPELINE CONFIGURATION:
   Guidance range: 0 - 1001
   Rho scale: 1.0
   V-JEPA kernel_size: 8
   V-JEPA context_length: 6
   V-JEPA stride: 2
   V-JEPA mode: max
   Total timesteps: 50

🚀 APPLYING GUIDANCE at step 0 (timestep=999)
🎯 GUIDANCE STEP 0 (t=999): Loss=0.5635, Rho=10.905658, Grad_norm=0.0917, Final_scale=10.9057
🚀 APPLYING GUIDANCE at step 1 (timestep=992)
🎯 GUIDANCE STEP 1 (t=992): Loss=0.5322, Rho=27.060282, Grad_norm=0.0370, Final_scale=27.0603
🚀 APPLYING GUIDANCE at step 2 (timestep=985)
🎯 GUIDANCE STEP 2 (t=985): Loss=0.5376, Rho=28.527668, Grad_norm=0.0351, Final_scale=28.5277
🚀 APPLYING GUIDANCE at step 3 (timestep=978)
🎯 GUIDANCE STEP 3 (t=978): Loss=0.5596, Rho=17.332512, Grad_norm=0.0577, Final_scale=17.3325
🚀 APPLYING GUIDANCE at step 4 (timestep=971)
🎯 GUIDANCE STEP 4 (t=971): Loss=0.5879, Rho=6.686316, Grad_norm=0.1496, Final_scale=6.6863
🚀 APPLYING GUIDANCE at step 5 (timestep=963)
🎯 GUIDANCE STEP 5 (t=963): Loss=0.6123, Rho=5.488707, Grad_norm=0.1822, Final_scale=5.4887
🚀 APPLYING GUIDANCE at step 6 (timestep=956)
🎯 GUIDANCE STEP 6 (t=956): Loss=0.6162, Rho=6.056160, Grad_norm=0.1651, Final_scale=6.0562
🚀 APPLYING GUIDANCE at step 7 (timestep=948)
🎯 GUIDANCE STEP 7 (t=948): Loss=0.6406, Rho=5.065363, Grad_norm=0.1974, Final_scale=5.0654
🚀 APPLYING GUIDANCE at step 8 (timestep=939)
🎯 GUIDANCE STEP 8 (t=939): Loss=0.6284, Rho=1.536135, Grad_norm=0.6510, Final_scale=1.5361
🚀 APPLYING GUIDANCE at step 9 (timestep=931)
🎯 GUIDANCE STEP 9 (t=931): Loss=0.6328, Rho=1.253079, Grad_norm=0.7980, Final_scale=1.2531
🚀 APPLYING GUIDANCE at step 10 (timestep=922)
🎯 GUIDANCE STEP 10 (t=922): Loss=0.6372, Rho=3.468961, Grad_norm=0.2883, Final_scale=3.4690
🚀 APPLYING GUIDANCE at step 11 (timestep=913)
🎯 GUIDANCE STEP 11 (t=913): Loss=0.6299, Rho=2.966298, Grad_norm=0.3371, Final_scale=2.9663
🚀 APPLYING GUIDANCE at step 12 (timestep=904)
🎯 GUIDANCE STEP 12 (t=904): Loss=0.6357, Rho=2.199250, Grad_norm=0.4547, Final_scale=2.1992
🚀 APPLYING GUIDANCE at step 13 (timestep=894)
🎯 GUIDANCE STEP 13 (t=894): Loss=0.6323, Rho=2.066921, Grad_norm=0.4838, Final_scale=2.0669
🚀 APPLYING GUIDANCE at step 14 (timestep=884)
🎯 GUIDANCE STEP 14 (t=884): Loss=0.6338, Rho=3.948397, Grad_norm=0.2533, Final_scale=3.9484
🚀 APPLYING GUIDANCE at step 15 (timestep=874)
🎯 GUIDANCE STEP 15 (t=874): Loss=0.6323, Rho=1.942840, Grad_norm=0.5147, Final_scale=1.9428
🚀 APPLYING GUIDANCE at step 16 (timestep=864)
🎯 GUIDANCE STEP 16 (t=864): Loss=0.6279, Rho=2.591002, Grad_norm=0.3860, Final_scale=2.5910
🚀 APPLYING GUIDANCE at step 17 (timestep=853)
🎯 GUIDANCE STEP 17 (t=853): Loss=0.6313, Rho=0.687096, Grad_norm=1.4554, Final_scale=0.6871
🚀 APPLYING GUIDANCE at step 18 (timestep=841)
🎯 GUIDANCE STEP 18 (t=841): Loss=0.6279, Rho=1.758224, Grad_norm=0.5688, Final_scale=1.7582
🚀 APPLYING GUIDANCE at step 19 (timestep=829)
🎯 GUIDANCE STEP 19 (t=829): Loss=0.6284, Rho=2.747184, Grad_norm=0.3640, Final_scale=2.7472
🚀 APPLYING GUIDANCE at step 20 (timestep=817)
🎯 GUIDANCE STEP 20 (t=817): Loss=0.6250, Rho=2.472044, Grad_norm=0.4045, Final_scale=2.4720
🚀 APPLYING GUIDANCE at step 21 (timestep=805)
🎯 GUIDANCE STEP 21 (t=805): Loss=0.6226, Rho=2.175503, Grad_norm=0.4597, Final_scale=2.1755
🚀 APPLYING GUIDANCE at step 22 (timestep=792)
🎯 GUIDANCE STEP 22 (t=792): Loss=0.6270, Rho=1.864777, Grad_norm=0.5363, Final_scale=1.8648
🚀 APPLYING GUIDANCE at step 23 (timestep=778)
🎯 GUIDANCE STEP 23 (t=778): Loss=0.6274, Rho=3.196083, Grad_norm=0.3129, Final_scale=3.1961
🚀 APPLYING GUIDANCE at step 24 (timestep=764)
🎯 GUIDANCE STEP 24 (t=764): Loss=0.6304, Rho=4.736227, Grad_norm=0.2111, Final_scale=4.7362
🚀 APPLYING GUIDANCE at step 25 (timestep=749)
🎯 GUIDANCE STEP 25 (t=749): Loss=0.6260, Rho=2.385008, Grad_norm=0.4193, Final_scale=2.3850
🚀 APPLYING GUIDANCE at step 26 (timestep=734)
🎯 GUIDANCE STEP 26 (t=734): Loss=0.6206, Rho=5.131662, Grad_norm=0.1949, Final_scale=5.1317
🚀 APPLYING GUIDANCE at step 27 (timestep=718)
🎯 GUIDANCE STEP 27 (t=718): Loss=0.6187, Rho=5.047618, Grad_norm=0.1981, Final_scale=5.0476
🚀 APPLYING GUIDANCE at step 28 (timestep=701)
🎯 GUIDANCE STEP 28 (t=701): Loss=0.6167, Rho=1.884266, Grad_norm=0.5307, Final_scale=1.8843
🚀 APPLYING GUIDANCE at step 29 (timestep=684)
🎯 GUIDANCE STEP 29 (t=684): Loss=0.6206, Rho=0.253708, Grad_norm=3.9415, Final_scale=0.2537
🚀 APPLYING GUIDANCE at step 30 (timestep=666)
🎯 GUIDANCE STEP 30 (t=666): Loss=0.6191, Rho=3.090071, Grad_norm=0.3236, Final_scale=3.0901
🚀 APPLYING GUIDANCE at step 31 (timestep=647)
🎯 GUIDANCE STEP 31 (t=647): Loss=0.6240, Rho=1.803703, Grad_norm=0.5544, Final_scale=1.8037
🚀 APPLYING GUIDANCE at step 32 (timestep=627)
🎯 GUIDANCE STEP 32 (t=627): Loss=0.6216, Rho=4.861672, Grad_norm=0.2057, Final_scale=4.8617
🚀 APPLYING GUIDANCE at step 33 (timestep=606)
🎯 GUIDANCE STEP 33 (t=606): Loss=0.6201, Rho=4.156988, Grad_norm=0.2406, Final_scale=4.1570
🚀 APPLYING GUIDANCE at step 34 (timestep=585)
🎯 GUIDANCE STEP 34 (t=585): Loss=0.6240, Rho=8.323956, Grad_norm=0.1201, Final_scale=8.3240
🚀 APPLYING GUIDANCE at step 35 (timestep=562)
🎯 GUIDANCE STEP 35 (t=562): Loss=0.6226, Rho=5.839806, Grad_norm=0.1712, Final_scale=5.8398
🚀 APPLYING GUIDANCE at step 36 (timestep=538)
🎯 GUIDANCE STEP 36 (t=538): Loss=0.6235, Rho=3.733751, Grad_norm=0.2678, Final_scale=3.7338
🚀 APPLYING GUIDANCE at step 37 (timestep=512)
🎯 GUIDANCE STEP 37 (t=512): Loss=0.6255, Rho=4.278382, Grad_norm=0.2337, Final_scale=4.2784
🚀 APPLYING GUIDANCE at step 38 (timestep=486)
🎯 GUIDANCE STEP 38 (t=486): Loss=0.6255, Rho=7.796310, Grad_norm=0.1283, Final_scale=7.7963
🚀 APPLYING GUIDANCE at step 39 (timestep=458)
🎯 GUIDANCE STEP 39 (t=458): Loss=0.6235, Rho=9.226721, Grad_norm=0.1084, Final_scale=9.2267
🚀 APPLYING GUIDANCE at step 40 (timestep=428)
🎯 GUIDANCE STEP 40 (t=428): Loss=0.6250, Rho=7.755075, Grad_norm=0.1289, Final_scale=7.7551
🚀 APPLYING GUIDANCE at step 41 (timestep=396)
🎯 GUIDANCE STEP 41 (t=396): Loss=0.6245, Rho=7.888573, Grad_norm=0.1268, Final_scale=7.8886
🚀 APPLYING GUIDANCE at step 42 (timestep=363)
🎯 GUIDANCE STEP 42 (t=363): Loss=0.6240, Rho=13.652521, Grad_norm=0.0732, Final_scale=13.6525
🚀 APPLYING GUIDANCE at step 43 (timestep=327)
🎯 GUIDANCE STEP 43 (t=327): Loss=0.6226, Rho=6.374049, Grad_norm=0.1569, Final_scale=6.3740
🚀 APPLYING GUIDANCE at step 44 (timestep=290)
🎯 GUIDANCE STEP 44 (t=290): Loss=0.6235, Rho=3.177605, Grad_norm=0.3147, Final_scale=3.1776
🚀 APPLYING GUIDANCE at step 45 (timestep=249)
🎯 GUIDANCE STEP 45 (t=249): Loss=0.6230, Rho=10.664180, Grad_norm=0.0938, Final_scale=10.6642
🚀 APPLYING GUIDANCE at step 46 (timestep=206)
🎯 GUIDANCE STEP 46 (t=206): Loss=0.6250, Rho=5.081300, Grad_norm=0.1968, Final_scale=5.0813
🚀 APPLYING GUIDANCE at step 47 (timestep=160)
🎯 GUIDANCE STEP 47 (t=160): Loss=0.6240, Rho=25.586470, Grad_norm=0.0391, Final_scale=25.5865
🚀 APPLYING GUIDANCE at step 48 (timestep=111)
🎯 GUIDANCE STEP 48 (t=111): Loss=0.6221, Rho=4.745720, Grad_norm=0.2107, Final_scale=4.7457
🚀 APPLYING GUIDANCE at step 49 (timestep=57)
🎯 GUIDANCE STEP 49 (t=57): Loss=0.6211, Rho=7.721355, Grad_norm=0.1295, Final_scale=7.7214
[guidance_f17_s50_w8c6_rho1.0_cfg5.0_0701_1448] Generated: generated_videos/subject_consistency/guidance_f17_s50_w8c6_rho1.0_cfg5.0_0701_1448/003_a_car_turning_a_corner.mp4
[guidance_f17_s50_w8c6_rho1.0_cfg5.0_0701_1448] Generating video 5/9 (guidance): a car slowing down to stop
🎬 STARTING GUIDANCE PIPELINE GENERATION
   Frames: 17, Steps: 50, CFG Scale: 5.0

🔧 GUIDANCE PIPELINE CONFIGURATION:
   Guidance range: 0 - 1001
   Rho scale: 1.0
   V-JEPA kernel_size: 8
   V-JEPA context_length: 6
   V-JEPA stride: 2
   V-JEPA mode: max
   Total timesteps: 50

🚀 APPLYING GUIDANCE at step 0 (timestep=999)
🎯 GUIDANCE STEP 0 (t=999): Loss=0.5918, Rho=13.600321, Grad_norm=0.0735, Final_scale=13.6003
🚀 APPLYING GUIDANCE at step 1 (timestep=992)
🎯 GUIDANCE STEP 1 (t=992): Loss=0.5581, Rho=5.132051, Grad_norm=0.1949, Final_scale=5.1321
🚀 APPLYING GUIDANCE at step 2 (timestep=985)
🎯 GUIDANCE STEP 2 (t=985): Loss=0.5332, Rho=29.340508, Grad_norm=0.0341, Final_scale=29.3405
🚀 APPLYING GUIDANCE at step 3 (timestep=978)
🎯 GUIDANCE STEP 3 (t=978): Loss=0.5684, Rho=9.193679, Grad_norm=0.1088, Final_scale=9.1937
🚀 APPLYING GUIDANCE at step 4 (timestep=971)
🎯 GUIDANCE STEP 4 (t=971): Loss=0.5874, Rho=6.270076, Grad_norm=0.1595, Final_scale=6.2701
🚀 APPLYING GUIDANCE at step 5 (timestep=963)
🎯 GUIDANCE STEP 5 (t=963): Loss=0.6055, Rho=7.519794, Grad_norm=0.1330, Final_scale=7.5198
🚀 APPLYING GUIDANCE at step 6 (timestep=956)
🎯 GUIDANCE STEP 6 (t=956): Loss=0.6006, Rho=10.549678, Grad_norm=0.0948, Final_scale=10.5497
🚀 APPLYING GUIDANCE at step 7 (timestep=948)
🎯 GUIDANCE STEP 7 (t=948): Loss=0.6035, Rho=0.705622, Grad_norm=1.4172, Final_scale=0.7056
🚀 APPLYING GUIDANCE at step 8 (timestep=939)
🎯 GUIDANCE STEP 8 (t=939): Loss=0.6040, Rho=3.710930, Grad_norm=0.2695, Final_scale=3.7109
🚀 APPLYING GUIDANCE at step 9 (timestep=931)
🎯 GUIDANCE STEP 9 (t=931): Loss=0.6123, Rho=5.550407, Grad_norm=0.1802, Final_scale=5.5504
🚀 APPLYING GUIDANCE at step 10 (timestep=922)
🎯 GUIDANCE STEP 10 (t=922): Loss=0.6074, Rho=5.509844, Grad_norm=0.1815, Final_scale=5.5098
🚀 APPLYING GUIDANCE at step 11 (timestep=913)
🎯 GUIDANCE STEP 11 (t=913): Loss=0.6064, Rho=7.684274, Grad_norm=0.1301, Final_scale=7.6843
🚀 APPLYING GUIDANCE at step 12 (timestep=904)
🎯 GUIDANCE STEP 12 (t=904): Loss=0.6108, Rho=2.708135, Grad_norm=0.3693, Final_scale=2.7081
🚀 APPLYING GUIDANCE at step 13 (timestep=894)
🎯 GUIDANCE STEP 13 (t=894): Loss=0.6104, Rho=2.408174, Grad_norm=0.4153, Final_scale=2.4082
🚀 APPLYING GUIDANCE at step 14 (timestep=884)
🎯 GUIDANCE STEP 14 (t=884): Loss=0.6128, Rho=2.993099, Grad_norm=0.3341, Final_scale=2.9931
🚀 APPLYING GUIDANCE at step 15 (timestep=874)
🎯 GUIDANCE STEP 15 (t=874): Loss=0.6108, Rho=8.034001, Grad_norm=0.1245, Final_scale=8.0340
🚀 APPLYING GUIDANCE at step 16 (timestep=864)
🎯 GUIDANCE STEP 16 (t=864): Loss=0.6084, Rho=2.766751, Grad_norm=0.3614, Final_scale=2.7668
🚀 APPLYING GUIDANCE at step 17 (timestep=853)
🎯 GUIDANCE STEP 17 (t=853): Loss=0.6094, Rho=4.530485, Grad_norm=0.2207, Final_scale=4.5305
🚀 APPLYING GUIDANCE at step 18 (timestep=841)
🎯 GUIDANCE STEP 18 (t=841): Loss=0.6128, Rho=7.669158, Grad_norm=0.1304, Final_scale=7.6692
🚀 APPLYING GUIDANCE at step 19 (timestep=829)
🎯 GUIDANCE STEP 19 (t=829): Loss=0.6157, Rho=3.855992, Grad_norm=0.2593, Final_scale=3.8560
🚀 APPLYING GUIDANCE at step 20 (timestep=817)
🎯 GUIDANCE STEP 20 (t=817): Loss=0.6118, Rho=6.330352, Grad_norm=0.1580, Final_scale=6.3304
🚀 APPLYING GUIDANCE at step 21 (timestep=805)
🎯 GUIDANCE STEP 21 (t=805): Loss=0.6123, Rho=7.438726, Grad_norm=0.1344, Final_scale=7.4387
🚀 APPLYING GUIDANCE at step 22 (timestep=792)
🎯 GUIDANCE STEP 22 (t=792): Loss=0.6128, Rho=5.378040, Grad_norm=0.1859, Final_scale=5.3780
🚀 APPLYING GUIDANCE at step 23 (timestep=778)
🎯 GUIDANCE STEP 23 (t=778): Loss=0.6157, Rho=9.202047, Grad_norm=0.1087, Final_scale=9.2020
🚀 APPLYING GUIDANCE at step 24 (timestep=764)
🎯 GUIDANCE STEP 24 (t=764): Loss=0.6172, Rho=11.157316, Grad_norm=0.0896, Final_scale=11.1573
🚀 APPLYING GUIDANCE at step 25 (timestep=749)
🎯 GUIDANCE STEP 25 (t=749): Loss=0.6177, Rho=7.606417, Grad_norm=0.1315, Final_scale=7.6064
🚀 APPLYING GUIDANCE at step 26 (timestep=734)
🎯 GUIDANCE STEP 26 (t=734): Loss=0.6172, Rho=11.104323, Grad_norm=0.0901, Final_scale=11.1043
🚀 APPLYING GUIDANCE at step 27 (timestep=718)
🎯 GUIDANCE STEP 27 (t=718): Loss=0.6162, Rho=10.170384, Grad_norm=0.0983, Final_scale=10.1704
🚀 APPLYING GUIDANCE at step 28 (timestep=701)
🎯 GUIDANCE STEP 28 (t=701): Loss=0.6162, Rho=6.568613, Grad_norm=0.1522, Final_scale=6.5686
🚀 APPLYING GUIDANCE at step 29 (timestep=684)
🎯 GUIDANCE STEP 29 (t=684): Loss=0.6157, Rho=12.148456, Grad_norm=0.0823, Final_scale=12.1485
🚀 APPLYING GUIDANCE at step 30 (timestep=666)
🎯 GUIDANCE STEP 30 (t=666): Loss=0.6147, Rho=7.734120, Grad_norm=0.1293, Final_scale=7.7341
🚀 APPLYING GUIDANCE at step 31 (timestep=647)
🎯 GUIDANCE STEP 31 (t=647): Loss=0.6157, Rho=10.331096, Grad_norm=0.0968, Final_scale=10.3311
🚀 APPLYING GUIDANCE at step 32 (timestep=627)
🎯 GUIDANCE STEP 32 (t=627): Loss=0.6162, Rho=12.342714, Grad_norm=0.0810, Final_scale=12.3427
🚀 APPLYING GUIDANCE at step 33 (timestep=606)
🎯 GUIDANCE STEP 33 (t=606): Loss=0.6152, Rho=19.078314, Grad_norm=0.0524, Final_scale=19.0783
🚀 APPLYING GUIDANCE at step 34 (timestep=585)
🎯 GUIDANCE STEP 34 (t=585): Loss=0.6138, Rho=27.281301, Grad_norm=0.0367, Final_scale=27.2813
🚀 APPLYING GUIDANCE at step 35 (timestep=562)
🎯 GUIDANCE STEP 35 (t=562): Loss=0.6157, Rho=15.272801, Grad_norm=0.0655, Final_scale=15.2728
🚀 APPLYING GUIDANCE at step 36 (timestep=538)
🎯 GUIDANCE STEP 36 (t=538): Loss=0.6157, Rho=12.456978, Grad_norm=0.0803, Final_scale=12.4570
🚀 APPLYING GUIDANCE at step 37 (timestep=512)
🎯 GUIDANCE STEP 37 (t=512): Loss=0.6162, Rho=8.255524, Grad_norm=0.1211, Final_scale=8.2555
🚀 APPLYING GUIDANCE at step 38 (timestep=486)
🎯 GUIDANCE STEP 38 (t=486): Loss=0.6152, Rho=9.712912, Grad_norm=0.1030, Final_scale=9.7129
🚀 APPLYING GUIDANCE at step 39 (timestep=458)
🎯 GUIDANCE STEP 39 (t=458): Loss=0.6143, Rho=28.158125, Grad_norm=0.0355, Final_scale=28.1581
🚀 APPLYING GUIDANCE at step 40 (timestep=428)
🎯 GUIDANCE STEP 40 (t=428): Loss=0.6167, Rho=20.656841, Grad_norm=0.0484, Final_scale=20.6568
🚀 APPLYING GUIDANCE at step 41 (timestep=396)
🎯 GUIDANCE STEP 41 (t=396): Loss=0.6167, Rho=8.521225, Grad_norm=0.1174, Final_scale=8.5212
🚀 APPLYING GUIDANCE at step 42 (timestep=363)
🎯 GUIDANCE STEP 42 (t=363): Loss=0.6162, Rho=16.672197, Grad_norm=0.0600, Final_scale=16.6722
🚀 APPLYING GUIDANCE at step 43 (timestep=327)
🎯 GUIDANCE STEP 43 (t=327): Loss=0.6157, Rho=28.725929, Grad_norm=0.0348, Final_scale=28.7259
🚀 APPLYING GUIDANCE at step 44 (timestep=290)
🎯 GUIDANCE STEP 44 (t=290): Loss=0.6143, Rho=14.062743, Grad_norm=0.0711, Final_scale=14.0627
🚀 APPLYING GUIDANCE at step 45 (timestep=249)
🎯 GUIDANCE STEP 45 (t=249): Loss=0.6157, Rho=32.828949, Grad_norm=0.0305, Final_scale=32.8289
🚀 APPLYING GUIDANCE at step 46 (timestep=206)
🎯 GUIDANCE STEP 46 (t=206): Loss=0.6143, Rho=11.697423, Grad_norm=0.0855, Final_scale=11.6974
🚀 APPLYING GUIDANCE at step 47 (timestep=160)
🎯 GUIDANCE STEP 47 (t=160): Loss=0.6138, Rho=20.616877, Grad_norm=0.0485, Final_scale=20.6169
🚀 APPLYING GUIDANCE at step 48 (timestep=111)
🎯 GUIDANCE STEP 48 (t=111): Loss=0.6143, Rho=11.333996, Grad_norm=0.0882, Final_scale=11.3340
🚀 APPLYING GUIDANCE at step 49 (timestep=57)
🎯 GUIDANCE STEP 49 (t=57): Loss=0.6147, Rho=17.478527, Grad_norm=0.0572, Final_scale=17.4785
[guidance_f17_s50_w8c6_rho1.0_cfg5.0_0701_1448] Generated: generated_videos/subject_consistency/guidance_f17_s50_w8c6_rho1.0_cfg5.0_0701_1448/003_a_truck_turning_a_corner.mp4
[guidance_f17_s50_w8c6_rho1.0_cfg5.0_0701_1448] Generating video 5/9 (guidance): a truck anchored in a tranquil bay
🎬 STARTING GUIDANCE PIPELINE GENERATION
   Frames: 17, Steps: 50, CFG Scale: 5.0

🔧 GUIDANCE PIPELINE CONFIGURATION:
   Guidance range: 0 - 1001
   Rho scale: 1.0
   V-JEPA kernel_size: 8
   V-JEPA context_length: 6
   V-JEPA stride: 2
   V-JEPA mode: max
   Total timesteps: 50

🚀 APPLYING GUIDANCE at step 0 (timestep=999)
🎯 GUIDANCE STEP 0 (t=999): Loss=0.5889, Rho=7.657587, Grad_norm=0.1306, Final_scale=7.6576
🚀 APPLYING GUIDANCE at step 1 (timestep=992)
🎯 GUIDANCE STEP 1 (t=992): Loss=0.5337, Rho=15.223049, Grad_norm=0.0657, Final_scale=15.2230
🚀 APPLYING GUIDANCE at step 2 (timestep=985)
🎯 GUIDANCE STEP 2 (t=985): Loss=0.5483, Rho=13.537535, Grad_norm=0.0739, Final_scale=13.5375
🚀 APPLYING GUIDANCE at step 3 (timestep=978)
🎯 GUIDANCE STEP 3 (t=978): Loss=0.5645, Rho=9.315436, Grad_norm=0.1073, Final_scale=9.3154
🚀 APPLYING GUIDANCE at step 4 (timestep=971)
🎯 GUIDANCE STEP 4 (t=971): Loss=0.5742, Rho=11.357419, Grad_norm=0.0880, Final_scale=11.3574
🚀 APPLYING GUIDANCE at step 5 (timestep=963)
🎯 GUIDANCE STEP 5 (t=963): Loss=0.5864, Rho=8.271523, Grad_norm=0.1209, Final_scale=8.2715
🚀 APPLYING GUIDANCE at step 6 (timestep=956)
🎯 GUIDANCE STEP 6 (t=956): Loss=0.6074, Rho=7.367366, Grad_norm=0.1357, Final_scale=7.3674
🚀 APPLYING GUIDANCE at step 7 (timestep=948)
🎯 GUIDANCE STEP 7 (t=948): Loss=0.6338, Rho=5.309706, Grad_norm=0.1883, Final_scale=5.3097
🚀 APPLYING GUIDANCE at step 8 (timestep=939)
🎯 GUIDANCE STEP 8 (t=939): Loss=0.6406, Rho=3.932743, Grad_norm=0.2543, Final_scale=3.9327
🚀 APPLYING GUIDANCE at step 9 (timestep=931)
🎯 GUIDANCE STEP 9 (t=931): Loss=0.6318, Rho=3.455471, Grad_norm=0.2894, Final_scale=3.4555
🚀 APPLYING GUIDANCE at step 10 (timestep=922)
🎯 GUIDANCE STEP 10 (t=922): Loss=0.6309, Rho=6.195728, Grad_norm=0.1614, Final_scale=6.1957
🚀 APPLYING GUIDANCE at step 11 (timestep=913)
🎯 GUIDANCE STEP 11 (t=913): Loss=0.6353, Rho=7.049626, Grad_norm=0.1419, Final_scale=7.0496
🚀 APPLYING GUIDANCE at step 12 (timestep=904)
🎯 GUIDANCE STEP 12 (t=904): Loss=0.6313, Rho=4.031834, Grad_norm=0.2480, Final_scale=4.0318
🚀 APPLYING GUIDANCE at step 13 (timestep=894)
🎯 GUIDANCE STEP 13 (t=894): Loss=0.6338, Rho=2.935483, Grad_norm=0.3407, Final_scale=2.9355
🚀 APPLYING GUIDANCE at step 14 (timestep=884)
🎯 GUIDANCE STEP 14 (t=884): Loss=0.6343, Rho=4.144451, Grad_norm=0.2413, Final_scale=4.1445
🚀 APPLYING GUIDANCE at step 15 (timestep=874)
🎯 GUIDANCE STEP 15 (t=874): Loss=0.6377, Rho=5.633973, Grad_norm=0.1775, Final_scale=5.6340
🚀 APPLYING GUIDANCE at step 16 (timestep=864)
🎯 GUIDANCE STEP 16 (t=864): Loss=0.6372, Rho=3.587931, Grad_norm=0.2787, Final_scale=3.5879
🚀 APPLYING GUIDANCE at step 17 (timestep=853)
🎯 GUIDANCE STEP 17 (t=853): Loss=0.6357, Rho=3.143369, Grad_norm=0.3181, Final_scale=3.1434
🚀 APPLYING GUIDANCE at step 18 (timestep=841)
🎯 GUIDANCE STEP 18 (t=841): Loss=0.6362, Rho=7.540097, Grad_norm=0.1326, Final_scale=7.5401
🚀 APPLYING GUIDANCE at step 19 (timestep=829)
🎯 GUIDANCE STEP 19 (t=829): Loss=0.6348, Rho=8.196492, Grad_norm=0.1220, Final_scale=8.1965
🚀 APPLYING GUIDANCE at step 20 (timestep=817)
🎯 GUIDANCE STEP 20 (t=817): Loss=0.6372, Rho=5.359536, Grad_norm=0.1866, Final_scale=5.3595
🚀 APPLYING GUIDANCE at step 21 (timestep=805)
🎯 GUIDANCE STEP 21 (t=805): Loss=0.6313, Rho=3.336905, Grad_norm=0.2997, Final_scale=3.3369
🚀 APPLYING GUIDANCE at step 22 (timestep=792)
🎯 GUIDANCE STEP 22 (t=792): Loss=0.6289, Rho=1.758363, Grad_norm=0.5687, Final_scale=1.7584
🚀 APPLYING GUIDANCE at step 23 (timestep=778)
🎯 GUIDANCE STEP 23 (t=778): Loss=0.6323, Rho=8.111782, Grad_norm=0.1233, Final_scale=8.1118
🚀 APPLYING GUIDANCE at step 24 (timestep=764)
🎯 GUIDANCE STEP 24 (t=764): Loss=0.6309, Rho=4.719760, Grad_norm=0.2119, Final_scale=4.7198
🚀 APPLYING GUIDANCE at step 25 (timestep=749)
🎯 GUIDANCE STEP 25 (t=749): Loss=0.6270, Rho=4.828815, Grad_norm=0.2071, Final_scale=4.8288
🚀 APPLYING GUIDANCE at step 26 (timestep=734)
🎯 GUIDANCE STEP 26 (t=734): Loss=0.6270, Rho=4.488437, Grad_norm=0.2228, Final_scale=4.4884
🚀 APPLYING GUIDANCE at step 27 (timestep=718)
🎯 GUIDANCE STEP 27 (t=718): Loss=0.6270, Rho=8.801908, Grad_norm=0.1136, Final_scale=8.8019
🚀 APPLYING GUIDANCE at step 28 (timestep=701)
🎯 GUIDANCE STEP 28 (t=701): Loss=0.6235, Rho=10.909219, Grad_norm=0.0917, Final_scale=10.9092
🚀 APPLYING GUIDANCE at step 29 (timestep=684)
🎯 GUIDANCE STEP 29 (t=684): Loss=0.6245, Rho=7.631538, Grad_norm=0.1310, Final_scale=7.6315
🚀 APPLYING GUIDANCE at step 30 (timestep=666)
🎯 GUIDANCE STEP 30 (t=666): Loss=0.6235, Rho=4.099627, Grad_norm=0.2439, Final_scale=4.0996
🚀 APPLYING GUIDANCE at step 31 (timestep=647)
🎯 GUIDANCE STEP 31 (t=647): Loss=0.6284, Rho=7.720997, Grad_norm=0.1295, Final_scale=7.7210
🚀 APPLYING GUIDANCE at step 32 (timestep=627)
🎯 GUIDANCE STEP 32 (t=627): Loss=0.6255, Rho=8.182424, Grad_norm=0.1222, Final_scale=8.1824
🚀 APPLYING GUIDANCE at step 33 (timestep=606)
🎯 GUIDANCE STEP 33 (t=606): Loss=0.6216, Rho=5.782011, Grad_norm=0.1730, Final_scale=5.7820
🚀 APPLYING GUIDANCE at step 34 (timestep=585)
🎯 GUIDANCE STEP 34 (t=585): Loss=0.6250, Rho=5.299531, Grad_norm=0.1887, Final_scale=5.2995
🚀 APPLYING GUIDANCE at step 35 (timestep=562)
🎯 GUIDANCE STEP 35 (t=562): Loss=0.6216, Rho=8.488662, Grad_norm=0.1178, Final_scale=8.4887
🚀 APPLYING GUIDANCE at step 36 (timestep=538)
🎯 GUIDANCE STEP 36 (t=538): Loss=0.6221, Rho=5.139191, Grad_norm=0.1946, Final_scale=5.1392
🚀 APPLYING GUIDANCE at step 37 (timestep=512)
🎯 GUIDANCE STEP 37 (t=512): Loss=0.6255, Rho=7.702570, Grad_norm=0.1298, Final_scale=7.7026
🚀 APPLYING GUIDANCE at step 38 (timestep=486)
🎯 GUIDANCE STEP 38 (t=486): Loss=0.6221, Rho=11.665902, Grad_norm=0.0857, Final_scale=11.6659
🚀 APPLYING GUIDANCE at step 39 (timestep=458)
🎯 GUIDANCE STEP 39 (t=458): Loss=0.6221, Rho=19.222025, Grad_norm=0.0520, Final_scale=19.2220
🚀 APPLYING GUIDANCE at step 40 (timestep=428)
🎯 GUIDANCE STEP 40 (t=428): Loss=0.6216, Rho=8.762565, Grad_norm=0.1141, Final_scale=8.7626
🚀 APPLYING GUIDANCE at step 41 (timestep=396)
🎯 GUIDANCE STEP 41 (t=396): Loss=0.6191, Rho=13.219861, Grad_norm=0.0756, Final_scale=13.2199
🚀 APPLYING GUIDANCE at step 42 (timestep=363)
🎯 GUIDANCE STEP 42 (t=363): Loss=0.6221, Rho=2.597301, Grad_norm=0.3850, Final_scale=2.5973
🚀 APPLYING GUIDANCE at step 43 (timestep=327)
🎯 GUIDANCE STEP 43 (t=327): Loss=0.6216, Rho=10.164456, Grad_norm=0.0984, Final_scale=10.1645
🚀 APPLYING GUIDANCE at step 44 (timestep=290)
🎯 GUIDANCE STEP 44 (t=290): Loss=0.6221, Rho=9.515454, Grad_norm=0.1051, Final_scale=9.5155
🚀 APPLYING GUIDANCE at step 45 (timestep=249)
🎯 GUIDANCE STEP 45 (t=249): Loss=0.6196, Rho=9.314563, Grad_norm=0.1074, Final_scale=9.3146
🚀 APPLYING GUIDANCE at step 46 (timestep=206)
🎯 GUIDANCE STEP 46 (t=206): Loss=0.6201, Rho=21.118145, Grad_norm=0.0474, Final_scale=21.1181
🚀 APPLYING GUIDANCE at step 47 (timestep=160)
🎯 GUIDANCE STEP 47 (t=160): Loss=0.6211, Rho=13.026613, Grad_norm=0.0768, Final_scale=13.0266
🚀 APPLYING GUIDANCE at step 48 (timestep=111)
🎯 GUIDANCE STEP 48 (t=111): Loss=0.6172, Rho=33.347797, Grad_norm=0.0300, Final_scale=33.3478
🚀 APPLYING GUIDANCE at step 49 (timestep=57)
🎯 GUIDANCE STEP 49 (t=57): Loss=0.6162, Rho=12.554420, Grad_norm=0.0797, Final_scale=12.5544
[guidance_f17_s50_w8c6_rho1.0_cfg5.0_0701_1448] Generated: generated_videos/subject_consistency/guidance_f17_s50_w8c6_rho1.0_cfg5.0_0701_1448/003_a_zebra_bending_down_to_drink_water_from_a_river.mp4
[guidance_f17_s50_w8c6_rho1.0_cfg5.0_0701_1448] Generating video 5/9 (guidance): a zebra running to join a herd of its kind
🎬 STARTING GUIDANCE PIPELINE GENERATION
   Frames: 17, Steps: 50, CFG Scale: 5.0

🔧 GUIDANCE PIPELINE CONFIGURATION:
   Guidance range: 0 - 1001
   Rho scale: 1.0
   V-JEPA kernel_size: 8
   V-JEPA context_length: 6
   V-JEPA stride: 2
   V-JEPA mode: max
   Total timesteps: 50

🚀 APPLYING GUIDANCE at step 0 (timestep=999)
🎯 GUIDANCE STEP 0 (t=999): Loss=0.5410, Rho=10.410882, Grad_norm=0.0961, Final_scale=10.4109
🚀 APPLYING GUIDANCE at step 1 (timestep=992)
🎯 GUIDANCE STEP 1 (t=992): Loss=0.5601, Rho=23.205294, Grad_norm=0.0431, Final_scale=23.2053
🚀 APPLYING GUIDANCE at step 2 (timestep=985)
🎯 GUIDANCE STEP 2 (t=985): Loss=0.5796, Rho=21.623590, Grad_norm=0.0462, Final_scale=21.6236
🚀 APPLYING GUIDANCE at step 3 (timestep=978)
🎯 GUIDANCE STEP 3 (t=978): Loss=0.5879, Rho=17.510952, Grad_norm=0.0571, Final_scale=17.5110
🚀 APPLYING GUIDANCE at step 4 (timestep=971)
🎯 GUIDANCE STEP 4 (t=971): Loss=0.6006, Rho=6.444862, Grad_norm=0.1552, Final_scale=6.4449
🚀 APPLYING GUIDANCE at step 5 (timestep=963)
🎯 GUIDANCE STEP 5 (t=963): Loss=0.6025, Rho=5.379818, Grad_norm=0.1859, Final_scale=5.3798
🚀 APPLYING GUIDANCE at step 6 (timestep=956)
🎯 GUIDANCE STEP 6 (t=956): Loss=0.6162, Rho=8.081459, Grad_norm=0.1237, Final_scale=8.0815
🚀 APPLYING GUIDANCE at step 7 (timestep=948)
🎯 GUIDANCE STEP 7 (t=948): Loss=0.6128, Rho=5.351023, Grad_norm=0.1869, Final_scale=5.3510
🚀 APPLYING GUIDANCE at step 8 (timestep=939)
🎯 GUIDANCE STEP 8 (t=939): Loss=0.6187, Rho=9.205941, Grad_norm=0.1086, Final_scale=9.2059
🚀 APPLYING GUIDANCE at step 9 (timestep=931)
🎯 GUIDANCE STEP 9 (t=931): Loss=0.6138, Rho=8.063772, Grad_norm=0.1240, Final_scale=8.0638
🚀 APPLYING GUIDANCE at step 10 (timestep=922)
🎯 GUIDANCE STEP 10 (t=922): Loss=0.6201, Rho=7.714255, Grad_norm=0.1296, Final_scale=7.7143
🚀 APPLYING GUIDANCE at step 11 (timestep=913)
🎯 GUIDANCE STEP 11 (t=913): Loss=0.6143, Rho=6.078445, Grad_norm=0.1645, Final_scale=6.0784
🚀 APPLYING GUIDANCE at step 12 (timestep=904)
🎯 GUIDANCE STEP 12 (t=904): Loss=0.6069, Rho=2.921720, Grad_norm=0.3423, Final_scale=2.9217
🚀 APPLYING GUIDANCE at step 13 (timestep=894)
🎯 GUIDANCE STEP 13 (t=894): Loss=0.6060, Rho=5.748025, Grad_norm=0.1740, Final_scale=5.7480
🚀 APPLYING GUIDANCE at step 14 (timestep=884)
🎯 GUIDANCE STEP 14 (t=884): Loss=0.6123, Rho=4.673121, Grad_norm=0.2140, Final_scale=4.6731
🚀 APPLYING GUIDANCE at step 15 (timestep=874)
🎯 GUIDANCE STEP 15 (t=874): Loss=0.6094, Rho=10.251005, Grad_norm=0.0976, Final_scale=10.2510
🚀 APPLYING GUIDANCE at step 16 (timestep=864)
🎯 GUIDANCE STEP 16 (t=864): Loss=0.6113, Rho=6.675188, Grad_norm=0.1498, Final_scale=6.6752
🚀 APPLYING GUIDANCE at step 17 (timestep=853)
🎯 GUIDANCE STEP 17 (t=853): Loss=0.6128, Rho=9.581593, Grad_norm=0.1044, Final_scale=9.5816
🚀 APPLYING GUIDANCE at step 18 (timestep=841)
🎯 GUIDANCE STEP 18 (t=841): Loss=0.6104, Rho=3.649374, Grad_norm=0.2740, Final_scale=3.6494
🚀 APPLYING GUIDANCE at step 19 (timestep=829)
🎯 GUIDANCE STEP 19 (t=829): Loss=0.6118, Rho=7.214091, Grad_norm=0.1386, Final_scale=7.2141
🚀 APPLYING GUIDANCE at step 20 (timestep=817)
🎯 GUIDANCE STEP 20 (t=817): Loss=0.6104, Rho=8.560291, Grad_norm=0.1168, Final_scale=8.5603
🚀 APPLYING GUIDANCE at step 21 (timestep=805)
🎯 GUIDANCE STEP 21 (t=805): Loss=0.6108, Rho=8.305307, Grad_norm=0.1204, Final_scale=8.3053
🚀 APPLYING GUIDANCE at step 22 (timestep=792)
🎯 GUIDANCE STEP 22 (t=792): Loss=0.6138, Rho=7.217096, Grad_norm=0.1386, Final_scale=7.2171
🚀 APPLYING GUIDANCE at step 23 (timestep=778)
🎯 GUIDANCE STEP 23 (t=778): Loss=0.6094, Rho=9.997523, Grad_norm=0.1000, Final_scale=9.9975
🚀 APPLYING GUIDANCE at step 24 (timestep=764)
🎯 GUIDANCE STEP 24 (t=764): Loss=0.6064, Rho=8.172523, Grad_norm=0.1224, Final_scale=8.1725
🚀 APPLYING GUIDANCE at step 25 (timestep=749)
🎯 GUIDANCE STEP 25 (t=749): Loss=0.6050, Rho=8.994631, Grad_norm=0.1112, Final_scale=8.9946
🚀 APPLYING GUIDANCE at step 26 (timestep=734)
🎯 GUIDANCE STEP 26 (t=734): Loss=0.6064, Rho=3.498190, Grad_norm=0.2859, Final_scale=3.4982
🚀 APPLYING GUIDANCE at step 27 (timestep=718)
🎯 GUIDANCE STEP 27 (t=718): Loss=0.6055, Rho=12.242389, Grad_norm=0.0817, Final_scale=12.2424
🚀 APPLYING GUIDANCE at step 28 (timestep=701)
🎯 GUIDANCE STEP 28 (t=701): Loss=0.6035, Rho=15.706665, Grad_norm=0.0637, Final_scale=15.7067
🚀 APPLYING GUIDANCE at step 29 (timestep=684)
🎯 GUIDANCE STEP 29 (t=684): Loss=0.6040, Rho=3.683465, Grad_norm=0.2715, Final_scale=3.6835
🚀 APPLYING GUIDANCE at step 30 (timestep=666)
🎯 GUIDANCE STEP 30 (t=666): Loss=0.6079, Rho=15.595879, Grad_norm=0.0641, Final_scale=15.5959
🚀 APPLYING GUIDANCE at step 31 (timestep=647)
🎯 GUIDANCE STEP 31 (t=647): Loss=0.6094, Rho=18.887829, Grad_norm=0.0529, Final_scale=18.8878
🚀 APPLYING GUIDANCE at step 32 (timestep=627)
🎯 GUIDANCE STEP 32 (t=627): Loss=0.6108, Rho=12.643969, Grad_norm=0.0791, Final_scale=12.6440
🚀 APPLYING GUIDANCE at step 33 (timestep=606)
🎯 GUIDANCE STEP 33 (t=606): Loss=0.6094, Rho=5.308546, Grad_norm=0.1884, Final_scale=5.3085
🚀 APPLYING GUIDANCE at step 34 (timestep=585)
🎯 GUIDANCE STEP 34 (t=585): Loss=0.6074, Rho=17.229820, Grad_norm=0.0580, Final_scale=17.2298
🚀 APPLYING GUIDANCE at step 35 (timestep=562)
🎯 GUIDANCE STEP 35 (t=562): Loss=0.6094, Rho=19.185022, Grad_norm=0.0521, Final_scale=19.1850
🚀 APPLYING GUIDANCE at step 36 (timestep=538)
🎯 GUIDANCE STEP 36 (t=538): Loss=0.6079, Rho=11.236753, Grad_norm=0.0890, Final_scale=11.2368
🚀 APPLYING GUIDANCE at step 37 (timestep=512)
🎯 GUIDANCE STEP 37 (t=512): Loss=0.6084, Rho=17.014475, Grad_norm=0.0588, Final_scale=17.0145
🚀 APPLYING GUIDANCE at step 38 (timestep=486)
🎯 GUIDANCE STEP 38 (t=486): Loss=0.6113, Rho=11.752698, Grad_norm=0.0851, Final_scale=11.7527
🚀 APPLYING GUIDANCE at step 39 (timestep=458)
🎯 GUIDANCE STEP 39 (t=458): Loss=0.6050, Rho=7.254125, Grad_norm=0.1379, Final_scale=7.2541
🚀 APPLYING GUIDANCE at step 40 (timestep=428)
🎯 GUIDANCE STEP 40 (t=428): Loss=0.6045, Rho=22.159193, Grad_norm=0.0451, Final_scale=22.1592
🚀 APPLYING GUIDANCE at step 41 (timestep=396)
🎯 GUIDANCE STEP 41 (t=396): Loss=0.6094, Rho=7.664189, Grad_norm=0.1305, Final_scale=7.6642
🚀 APPLYING GUIDANCE at step 42 (timestep=363)
🎯 GUIDANCE STEP 42 (t=363): Loss=0.6084, Rho=16.981663, Grad_norm=0.0589, Final_scale=16.9817
🚀 APPLYING GUIDANCE at step 43 (timestep=327)
🎯 GUIDANCE STEP 43 (t=327): Loss=0.6064, Rho=11.644860, Grad_norm=0.0859, Final_scale=11.6449
🚀 APPLYING GUIDANCE at step 44 (timestep=290)
🎯 GUIDANCE STEP 44 (t=290): Loss=0.6045, Rho=13.811031, Grad_norm=0.0724, Final_scale=13.8110
🚀 APPLYING GUIDANCE at step 45 (timestep=249)
🎯 GUIDANCE STEP 45 (t=249): Loss=0.6094, Rho=4.098544, Grad_norm=0.2440, Final_scale=4.0985
🚀 APPLYING GUIDANCE at step 46 (timestep=206)
🎯 GUIDANCE STEP 46 (t=206): Loss=0.6089, Rho=23.162813, Grad_norm=0.0432, Final_scale=23.1628
🚀 APPLYING GUIDANCE at step 47 (timestep=160)
🎯 GUIDANCE STEP 47 (t=160): Loss=0.6069, Rho=11.745097, Grad_norm=0.0851, Final_scale=11.7451
🚀 APPLYING GUIDANCE at step 48 (timestep=111)
🎯 GUIDANCE STEP 48 (t=111): Loss=0.6050, Rho=10.824944, Grad_norm=0.0924, Final_scale=10.8249
🚀 APPLYING GUIDANCE at step 49 (timestep=57)
🎯 GUIDANCE STEP 49 (t=57): Loss=0.6069, Rho=5.368124, Grad_norm=0.1863, Final_scale=5.3681
[guidance_f17_s50_w8c6_rho1.0_cfg5.0_0701_1448] Generated: generated_videos/subject_consistency/guidance_f17_s50_w8c6_rho1.0_cfg5.0_0701_1448/003_an_airplane_taking_off.mp4
[guidance_f17_s50_w8c6_rho1.0_cfg5.0_0701_1448] Generating video 5/9 (guidance): an airplane landing smoothly on a runway
🎬 STARTING GUIDANCE PIPELINE GENERATION
   Frames: 17, Steps: 50, CFG Scale: 5.0

🔧 GUIDANCE PIPELINE CONFIGURATION:
   Guidance range: 0 - 1001
   Rho scale: 1.0
   V-JEPA kernel_size: 8
   V-JEPA context_length: 6
   V-JEPA stride: 2
   V-JEPA mode: max
   Total timesteps: 50

🚀 APPLYING GUIDANCE at step 0 (timestep=999)
🎯 GUIDANCE STEP 0 (t=999): Loss=0.5518, Rho=20.742878, Grad_norm=0.0482, Final_scale=20.7429
🚀 APPLYING GUIDANCE at step 1 (timestep=992)
🎯 GUIDANCE STEP 1 (t=992): Loss=0.5479, Rho=15.696952, Grad_norm=0.0637, Final_scale=15.6970
🚀 APPLYING GUIDANCE at step 2 (timestep=985)
🎯 GUIDANCE STEP 2 (t=985): Loss=0.5381, Rho=20.985201, Grad_norm=0.0477, Final_scale=20.9852
🚀 APPLYING GUIDANCE at step 3 (timestep=978)
🎯 GUIDANCE STEP 3 (t=978): Loss=0.5659, Rho=12.499228, Grad_norm=0.0800, Final_scale=12.4992
🚀 APPLYING GUIDANCE at step 4 (timestep=971)
🎯 GUIDANCE STEP 4 (t=971): Loss=0.5967, Rho=12.298224, Grad_norm=0.0813, Final_scale=12.2982
🚀 APPLYING GUIDANCE at step 5 (timestep=963)
🎯 GUIDANCE STEP 5 (t=963): Loss=0.6240, Rho=6.727852, Grad_norm=0.1486, Final_scale=6.7279
🚀 APPLYING GUIDANCE at step 6 (timestep=956)
🎯 GUIDANCE STEP 6 (t=956): Loss=0.6279, Rho=1.135926, Grad_norm=0.8803, Final_scale=1.1359
🚀 APPLYING GUIDANCE at step 7 (timestep=948)
🎯 GUIDANCE STEP 7 (t=948): Loss=0.6284, Rho=7.303120, Grad_norm=0.1369, Final_scale=7.3031
🚀 APPLYING GUIDANCE at step 8 (timestep=939)
🎯 GUIDANCE STEP 8 (t=939): Loss=0.6328, Rho=4.733592, Grad_norm=0.2113, Final_scale=4.7336
🚀 APPLYING GUIDANCE at step 9 (timestep=931)
🎯 GUIDANCE STEP 9 (t=931): Loss=0.6309, Rho=3.915857, Grad_norm=0.2554, Final_scale=3.9159
🚀 APPLYING GUIDANCE at step 10 (timestep=922)
🎯 GUIDANCE STEP 10 (t=922): Loss=0.6328, Rho=6.498021, Grad_norm=0.1539, Final_scale=6.4980
🚀 APPLYING GUIDANCE at step 11 (timestep=913)
🎯 GUIDANCE STEP 11 (t=913): Loss=0.6309, Rho=8.871640, Grad_norm=0.1127, Final_scale=8.8716
🚀 APPLYING GUIDANCE at step 12 (timestep=904)
🎯 GUIDANCE STEP 12 (t=904): Loss=0.6338, Rho=6.230165, Grad_norm=0.1605, Final_scale=6.2302
🚀 APPLYING GUIDANCE at step 13 (timestep=894)
🎯 GUIDANCE STEP 13 (t=894): Loss=0.6299, Rho=9.014654, Grad_norm=0.1109, Final_scale=9.0147
🚀 APPLYING GUIDANCE at step 14 (timestep=884)
🎯 GUIDANCE STEP 14 (t=884): Loss=0.6304, Rho=8.883321, Grad_norm=0.1126, Final_scale=8.8833
🚀 APPLYING GUIDANCE at step 15 (timestep=874)
🎯 GUIDANCE STEP 15 (t=874): Loss=0.6304, Rho=10.460763, Grad_norm=0.0956, Final_scale=10.4608
🚀 APPLYING GUIDANCE at step 16 (timestep=864)
🎯 GUIDANCE STEP 16 (t=864): Loss=0.6304, Rho=6.344997, Grad_norm=0.1576, Final_scale=6.3450
🚀 APPLYING GUIDANCE at step 17 (timestep=853)
🎯 GUIDANCE STEP 17 (t=853): Loss=0.6318, Rho=9.096486, Grad_norm=0.1099, Final_scale=9.0965
🚀 APPLYING GUIDANCE at step 18 (timestep=841)
🎯 GUIDANCE STEP 18 (t=841): Loss=0.6289, Rho=10.427256, Grad_norm=0.0959, Final_scale=10.4273
🚀 APPLYING GUIDANCE at step 19 (timestep=829)
🎯 GUIDANCE STEP 19 (t=829): Loss=0.6313, Rho=10.461813, Grad_norm=0.0956, Final_scale=10.4618
🚀 APPLYING GUIDANCE at step 20 (timestep=817)
🎯 GUIDANCE STEP 20 (t=817): Loss=0.6294, Rho=9.932572, Grad_norm=0.1007, Final_scale=9.9326
🚀 APPLYING GUIDANCE at step 21 (timestep=805)
🎯 GUIDANCE STEP 21 (t=805): Loss=0.6318, Rho=9.761537, Grad_norm=0.1024, Final_scale=9.7615
🚀 APPLYING GUIDANCE at step 22 (timestep=792)
🎯 GUIDANCE STEP 22 (t=792): Loss=0.6333, Rho=7.295878, Grad_norm=0.1371, Final_scale=7.2959
🚀 APPLYING GUIDANCE at step 23 (timestep=778)
🎯 GUIDANCE STEP 23 (t=778): Loss=0.6328, Rho=10.323168, Grad_norm=0.0969, Final_scale=10.3232
🚀 APPLYING GUIDANCE at step 24 (timestep=764)
🎯 GUIDANCE STEP 24 (t=764): Loss=0.6294, Rho=2.677367, Grad_norm=0.3735, Final_scale=2.6774
🚀 APPLYING GUIDANCE at step 25 (timestep=749)
🎯 GUIDANCE STEP 25 (t=749): Loss=0.6348, Rho=8.415813, Grad_norm=0.1188, Final_scale=8.4158
🚀 APPLYING GUIDANCE at step 26 (timestep=734)
🎯 GUIDANCE STEP 26 (t=734): Loss=0.6284, Rho=9.526698, Grad_norm=0.1050, Final_scale=9.5267
🚀 APPLYING GUIDANCE at step 27 (timestep=718)
🎯 GUIDANCE STEP 27 (t=718): Loss=0.6328, Rho=8.864905, Grad_norm=0.1128, Final_scale=8.8649
🚀 APPLYING GUIDANCE at step 28 (timestep=701)
🎯 GUIDANCE STEP 28 (t=701): Loss=0.6289, Rho=10.708432, Grad_norm=0.0934, Final_scale=10.7084
🚀 APPLYING GUIDANCE at step 29 (timestep=684)
🎯 GUIDANCE STEP 29 (t=684): Loss=0.6265, Rho=11.258268, Grad_norm=0.0888, Final_scale=11.2583
🚀 APPLYING GUIDANCE at step 30 (timestep=666)
🎯 GUIDANCE STEP 30 (t=666): Loss=0.6274, Rho=7.201815, Grad_norm=0.1389, Final_scale=7.2018
🚀 APPLYING GUIDANCE at step 31 (timestep=647)
🎯 GUIDANCE STEP 31 (t=647): Loss=0.6279, Rho=16.111639, Grad_norm=0.0621, Final_scale=16.1116
🚀 APPLYING GUIDANCE at step 32 (timestep=627)
🎯 GUIDANCE STEP 32 (t=627): Loss=0.6265, Rho=11.066083, Grad_norm=0.0904, Final_scale=11.0661
🚀 APPLYING GUIDANCE at step 33 (timestep=606)
🎯 GUIDANCE STEP 33 (t=606): Loss=0.6255, Rho=4.646746, Grad_norm=0.2152, Final_scale=4.6467
🚀 APPLYING GUIDANCE at step 34 (timestep=585)
🎯 GUIDANCE STEP 34 (t=585): Loss=0.6260, Rho=9.430473, Grad_norm=0.1060, Final_scale=9.4305
🚀 APPLYING GUIDANCE at step 35 (timestep=562)
🎯 GUIDANCE STEP 35 (t=562): Loss=0.6274, Rho=15.086542, Grad_norm=0.0663, Final_scale=15.0865
🚀 APPLYING GUIDANCE at step 36 (timestep=538)
🎯 GUIDANCE STEP 36 (t=538): Loss=0.6289, Rho=5.028361, Grad_norm=0.1989, Final_scale=5.0284
🚀 APPLYING GUIDANCE at step 37 (timestep=512)
🎯 GUIDANCE STEP 37 (t=512): Loss=0.6260, Rho=16.774799, Grad_norm=0.0596, Final_scale=16.7748
🚀 APPLYING GUIDANCE at step 38 (timestep=486)
🎯 GUIDANCE STEP 38 (t=486): Loss=0.6274, Rho=16.961491, Grad_norm=0.0590, Final_scale=16.9615
🚀 APPLYING GUIDANCE at step 39 (timestep=458)
🎯 GUIDANCE STEP 39 (t=458): Loss=0.6265, Rho=16.277571, Grad_norm=0.0614, Final_scale=16.2776
🚀 APPLYING GUIDANCE at step 40 (timestep=428)
🎯 GUIDANCE STEP 40 (t=428): Loss=0.6255, Rho=18.203356, Grad_norm=0.0549, Final_scale=18.2034
🚀 APPLYING GUIDANCE at step 41 (timestep=396)
🎯 GUIDANCE STEP 41 (t=396): Loss=0.6274, Rho=9.127566, Grad_norm=0.1096, Final_scale=9.1276
🚀 APPLYING GUIDANCE at step 42 (timestep=363)
🎯 GUIDANCE STEP 42 (t=363): Loss=0.6270, Rho=23.309546, Grad_norm=0.0429, Final_scale=23.3095
🚀 APPLYING GUIDANCE at step 43 (timestep=327)
🎯 GUIDANCE STEP 43 (t=327): Loss=0.6245, Rho=25.041649, Grad_norm=0.0399, Final_scale=25.0416
🚀 APPLYING GUIDANCE at step 44 (timestep=290)
🎯 GUIDANCE STEP 44 (t=290): Loss=0.6240, Rho=16.190002, Grad_norm=0.0618, Final_scale=16.1900
🚀 APPLYING GUIDANCE at step 45 (timestep=249)
🎯 GUIDANCE STEP 45 (t=249): Loss=0.6255, Rho=27.051897, Grad_norm=0.0370, Final_scale=27.0519
🚀 APPLYING GUIDANCE at step 46 (timestep=206)
🎯 GUIDANCE STEP 46 (t=206): Loss=0.6216, Rho=32.247383, Grad_norm=0.0310, Final_scale=32.2474
🚀 APPLYING GUIDANCE at step 47 (timestep=160)
🎯 GUIDANCE STEP 47 (t=160): Loss=0.6230, Rho=27.568741, Grad_norm=0.0363, Final_scale=27.5687
🚀 APPLYING GUIDANCE at step 48 (timestep=111)
🎯 GUIDANCE STEP 48 (t=111): Loss=0.6221, Rho=30.179657, Grad_norm=0.0331, Final_scale=30.1797
🚀 APPLYING GUIDANCE at step 49 (timestep=57)
🎯 GUIDANCE STEP 49 (t=57): Loss=0.6226, Rho=24.996431, Grad_norm=0.0400, Final_scale=24.9964
[guidance_f17_s50_w8c6_rho1.0_cfg5.0_0701_1448] Generated: generated_videos/subject_consistency/guidance_f17_s50_w8c6_rho1.0_cfg5.0_0701_1448/003_a_person_eating_a_burger.mp4
[guidance_f17_s50_w8c6_rho1.0_cfg5.0_0701_1448] Generating video 5/9 (guidance): a person walking in the snowstorm
🎬 STARTING GUIDANCE PIPELINE GENERATION
   Frames: 17, Steps: 50, CFG Scale: 5.0

🔧 GUIDANCE PIPELINE CONFIGURATION:
   Guidance range: 0 - 1001
   Rho scale: 1.0
   V-JEPA kernel_size: 8
   V-JEPA context_length: 6
   V-JEPA stride: 2
   V-JEPA mode: max
   Total timesteps: 50

🚀 APPLYING GUIDANCE at step 0 (timestep=999)
🎯 GUIDANCE STEP 0 (t=999): Loss=0.5518, Rho=27.225754, Grad_norm=0.0367, Final_scale=27.2258
🚀 APPLYING GUIDANCE at step 1 (timestep=992)
🎯 GUIDANCE STEP 1 (t=992): Loss=0.5410, Rho=42.949394, Grad_norm=0.0233, Final_scale=42.9494
🚀 APPLYING GUIDANCE at step 2 (timestep=985)
🎯 GUIDANCE STEP 2 (t=985): Loss=0.5483, Rho=34.302765, Grad_norm=0.0292, Final_scale=34.3028
🚀 APPLYING GUIDANCE at step 3 (timestep=978)
🎯 GUIDANCE STEP 3 (t=978): Loss=0.5400, Rho=35.370514, Grad_norm=0.0283, Final_scale=35.3705
🚀 APPLYING GUIDANCE at step 4 (timestep=971)
🎯 GUIDANCE STEP 4 (t=971): Loss=0.5479, Rho=25.790766, Grad_norm=0.0388, Final_scale=25.7908
🚀 APPLYING GUIDANCE at step 5 (timestep=963)
🎯 GUIDANCE STEP 5 (t=963): Loss=0.5483, Rho=13.569062, Grad_norm=0.0737, Final_scale=13.5691
🚀 APPLYING GUIDANCE at step 6 (timestep=956)
🎯 GUIDANCE STEP 6 (t=956): Loss=0.5596, Rho=13.016440, Grad_norm=0.0768, Final_scale=13.0164
🚀 APPLYING GUIDANCE at step 7 (timestep=948)
🎯 GUIDANCE STEP 7 (t=948): Loss=0.5757, Rho=15.410707, Grad_norm=0.0649, Final_scale=15.4107
🚀 APPLYING GUIDANCE at step 8 (timestep=939)
🎯 GUIDANCE STEP 8 (t=939): Loss=0.5757, Rho=17.423027, Grad_norm=0.0574, Final_scale=17.4230
🚀 APPLYING GUIDANCE at step 9 (timestep=931)
🎯 GUIDANCE STEP 9 (t=931): Loss=0.5854, Rho=8.704587, Grad_norm=0.1149, Final_scale=8.7046
🚀 APPLYING GUIDANCE at step 10 (timestep=922)
🎯 GUIDANCE STEP 10 (t=922): Loss=0.5923, Rho=5.578682, Grad_norm=0.1793, Final_scale=5.5787
🚀 APPLYING GUIDANCE at step 11 (timestep=913)
🎯 GUIDANCE STEP 11 (t=913): Loss=0.6035, Rho=11.738955, Grad_norm=0.0852, Final_scale=11.7390
🚀 APPLYING GUIDANCE at step 12 (timestep=904)
🎯 GUIDANCE STEP 12 (t=904): Loss=0.5952, Rho=10.737513, Grad_norm=0.0931, Final_scale=10.7375
🚀 APPLYING GUIDANCE at step 13 (timestep=894)
🎯 GUIDANCE STEP 13 (t=894): Loss=0.5991, Rho=4.872126, Grad_norm=0.2052, Final_scale=4.8721
🚀 APPLYING GUIDANCE at step 14 (timestep=884)
🎯 GUIDANCE STEP 14 (t=884): Loss=0.6099, Rho=9.466997, Grad_norm=0.1056, Final_scale=9.4670
🚀 APPLYING GUIDANCE at step 15 (timestep=874)
🎯 GUIDANCE STEP 15 (t=874): Loss=0.6074, Rho=4.570546, Grad_norm=0.2188, Final_scale=4.5705
🚀 APPLYING GUIDANCE at step 16 (timestep=864)
🎯 GUIDANCE STEP 16 (t=864): Loss=0.6074, Rho=13.356575, Grad_norm=0.0749, Final_scale=13.3566
🚀 APPLYING GUIDANCE at step 17 (timestep=853)
🎯 GUIDANCE STEP 17 (t=853): Loss=0.6089, Rho=3.401317, Grad_norm=0.2940, Final_scale=3.4013
🚀 APPLYING GUIDANCE at step 18 (timestep=841)
🎯 GUIDANCE STEP 18 (t=841): Loss=0.6118, Rho=11.760443, Grad_norm=0.0850, Final_scale=11.7604
🚀 APPLYING GUIDANCE at step 19 (timestep=829)
🎯 GUIDANCE STEP 19 (t=829): Loss=0.6108, Rho=9.960187, Grad_norm=0.1004, Final_scale=9.9602
🚀 APPLYING GUIDANCE at step 20 (timestep=817)
🎯 GUIDANCE STEP 20 (t=817): Loss=0.6123, Rho=8.746615, Grad_norm=0.1143, Final_scale=8.7466
🚀 APPLYING GUIDANCE at step 21 (timestep=805)
🎯 GUIDANCE STEP 21 (t=805): Loss=0.6104, Rho=3.143457, Grad_norm=0.3181, Final_scale=3.1435
🚀 APPLYING GUIDANCE at step 22 (timestep=792)
🎯 GUIDANCE STEP 22 (t=792): Loss=0.6108, Rho=11.718423, Grad_norm=0.0853, Final_scale=11.7184
🚀 APPLYING GUIDANCE at step 23 (timestep=778)
🎯 GUIDANCE STEP 23 (t=778): Loss=0.6133, Rho=3.259180, Grad_norm=0.3068, Final_scale=3.2592
🚀 APPLYING GUIDANCE at step 24 (timestep=764)
🎯 GUIDANCE STEP 24 (t=764): Loss=0.6045, Rho=7.145860, Grad_norm=0.1399, Final_scale=7.1459
🚀 APPLYING GUIDANCE at step 25 (timestep=749)
🎯 GUIDANCE STEP 25 (t=749): Loss=0.5996, Rho=5.599112, Grad_norm=0.1786, Final_scale=5.5991
🚀 APPLYING GUIDANCE at step 26 (timestep=734)
🎯 GUIDANCE STEP 26 (t=734): Loss=0.6060, Rho=3.471766, Grad_norm=0.2880, Final_scale=3.4718
🚀 APPLYING GUIDANCE at step 27 (timestep=718)
🎯 GUIDANCE STEP 27 (t=718): Loss=0.6104, Rho=10.442587, Grad_norm=0.0958, Final_scale=10.4426
🚀 APPLYING GUIDANCE at step 28 (timestep=701)
🎯 GUIDANCE STEP 28 (t=701): Loss=0.6108, Rho=10.051965, Grad_norm=0.0995, Final_scale=10.0520
🚀 APPLYING GUIDANCE at step 29 (timestep=684)
🎯 GUIDANCE STEP 29 (t=684): Loss=0.6074, Rho=9.069312, Grad_norm=0.1103, Final_scale=9.0693
🚀 APPLYING GUIDANCE at step 30 (timestep=666)
🎯 GUIDANCE STEP 30 (t=666): Loss=0.6079, Rho=8.792552, Grad_norm=0.1137, Final_scale=8.7926
🚀 APPLYING GUIDANCE at step 31 (timestep=647)
🎯 GUIDANCE STEP 31 (t=647): Loss=0.6055, Rho=6.233017, Grad_norm=0.1604, Final_scale=6.2330
🚀 APPLYING GUIDANCE at step 32 (timestep=627)
🎯 GUIDANCE STEP 32 (t=627): Loss=0.6025, Rho=6.673715, Grad_norm=0.1498, Final_scale=6.6737
🚀 APPLYING GUIDANCE at step 33 (timestep=606)
🎯 GUIDANCE STEP 33 (t=606): Loss=0.6074, Rho=11.582250, Grad_norm=0.0863, Final_scale=11.5822
🚀 APPLYING GUIDANCE at step 34 (timestep=585)
🎯 GUIDANCE STEP 34 (t=585): Loss=0.6055, Rho=9.917323, Grad_norm=0.1008, Final_scale=9.9173
🚀 APPLYING GUIDANCE at step 35 (timestep=562)
🎯 GUIDANCE STEP 35 (t=562): Loss=0.6060, Rho=10.825382, Grad_norm=0.0924, Final_scale=10.8254
🚀 APPLYING GUIDANCE at step 36 (timestep=538)
🎯 GUIDANCE STEP 36 (t=538): Loss=0.6050, Rho=2.818267, Grad_norm=0.3548, Final_scale=2.8183
🚀 APPLYING GUIDANCE at step 37 (timestep=512)
🎯 GUIDANCE STEP 37 (t=512): Loss=0.6069, Rho=11.934646, Grad_norm=0.0838, Final_scale=11.9346
🚀 APPLYING GUIDANCE at step 38 (timestep=486)
🎯 GUIDANCE STEP 38 (t=486): Loss=0.6094, Rho=11.665456, Grad_norm=0.0857, Final_scale=11.6655
🚀 APPLYING GUIDANCE at step 39 (timestep=458)
🎯 GUIDANCE STEP 39 (t=458): Loss=0.6104, Rho=10.877115, Grad_norm=0.0919, Final_scale=10.8771
🚀 APPLYING GUIDANCE at step 40 (timestep=428)
🎯 GUIDANCE STEP 40 (t=428): Loss=0.6094, Rho=3.939427, Grad_norm=0.2538, Final_scale=3.9394
🚀 APPLYING GUIDANCE at step 41 (timestep=396)
🎯 GUIDANCE STEP 41 (t=396): Loss=0.6001, Rho=9.430412, Grad_norm=0.1060, Final_scale=9.4304
🚀 APPLYING GUIDANCE at step 42 (timestep=363)
🎯 GUIDANCE STEP 42 (t=363): Loss=0.5957, Rho=14.923035, Grad_norm=0.0670, Final_scale=14.9230
🚀 APPLYING GUIDANCE at step 43 (timestep=327)
🎯 GUIDANCE STEP 43 (t=327): Loss=0.5938, Rho=16.526285, Grad_norm=0.0605, Final_scale=16.5263
🚀 APPLYING GUIDANCE at step 44 (timestep=290)
🎯 GUIDANCE STEP 44 (t=290): Loss=0.5952, Rho=4.652208, Grad_norm=0.2150, Final_scale=4.6522
🚀 APPLYING GUIDANCE at step 45 (timestep=249)
🎯 GUIDANCE STEP 45 (t=249): Loss=0.5957, Rho=15.669622, Grad_norm=0.0638, Final_scale=15.6696
🚀 APPLYING GUIDANCE at step 46 (timestep=206)
🎯 GUIDANCE STEP 46 (t=206): Loss=0.5957, Rho=14.602986, Grad_norm=0.0685, Final_scale=14.6030
🚀 APPLYING GUIDANCE at step 47 (timestep=160)
🎯 GUIDANCE STEP 47 (t=160): Loss=0.5938, Rho=13.228100, Grad_norm=0.0756, Final_scale=13.2281
🚀 APPLYING GUIDANCE at step 48 (timestep=111)
🎯 GUIDANCE STEP 48 (t=111): Loss=0.5947, Rho=12.178271, Grad_norm=0.0821, Final_scale=12.1783
🚀 APPLYING GUIDANCE at step 49 (timestep=57)
🎯 GUIDANCE STEP 49 (t=57): Loss=0.5913, Rho=10.707517, Grad_norm=0.0934, Final_scale=10.7075
[guidance_f17_s50_w8c6_rho1.0_cfg5.0_0701_1448] Generated: generated_videos/subject_consistency/guidance_f17_s50_w8c6_rho1.0_cfg5.0_0701_1448/002_a_dog_drinking_water.mp4
[guidance_f17_s50_w8c6_rho1.0_cfg5.0_0701_1448] Generating video 4/9 (guidance): a dog running happily
🎬 STARTING GUIDANCE PIPELINE GENERATION
   Frames: 17, Steps: 50, CFG Scale: 5.0

🔧 GUIDANCE PIPELINE CONFIGURATION:
   Guidance range: 0 - 1001
   Rho scale: 1.0
   V-JEPA kernel_size: 8
   V-JEPA context_length: 6
   V-JEPA stride: 2
   V-JEPA mode: max
   Total timesteps: 50

🚀 APPLYING GUIDANCE at step 0 (timestep=999)
🎯 GUIDANCE STEP 0 (t=999): Loss=0.5356, Rho=93.973915, Grad_norm=0.0106, Final_scale=93.9739
🚀 APPLYING GUIDANCE at step 1 (timestep=992)
🎯 GUIDANCE STEP 1 (t=992): Loss=0.5576, Rho=22.192680, Grad_norm=0.0451, Final_scale=22.1927
🚀 APPLYING GUIDANCE at step 2 (timestep=985)
🎯 GUIDANCE STEP 2 (t=985): Loss=0.5786, Rho=40.801224, Grad_norm=0.0245, Final_scale=40.8012
🚀 APPLYING GUIDANCE at step 3 (timestep=978)
🎯 GUIDANCE STEP 3 (t=978): Loss=0.5889, Rho=11.730542, Grad_norm=0.0852, Final_scale=11.7305
🚀 APPLYING GUIDANCE at step 4 (timestep=971)
🎯 GUIDANCE STEP 4 (t=971): Loss=0.5981, Rho=7.887071, Grad_norm=0.1268, Final_scale=7.8871
🚀 APPLYING GUIDANCE at step 5 (timestep=963)
🎯 GUIDANCE STEP 5 (t=963): Loss=0.6040, Rho=6.425332, Grad_norm=0.1556, Final_scale=6.4253
🚀 APPLYING GUIDANCE at step 6 (timestep=956)
🎯 GUIDANCE STEP 6 (t=956): Loss=0.6123, Rho=8.637279, Grad_norm=0.1158, Final_scale=8.6373
🚀 APPLYING GUIDANCE at step 7 (timestep=948)
🎯 GUIDANCE STEP 7 (t=948): Loss=0.6172, Rho=4.151004, Grad_norm=0.2409, Final_scale=4.1510
🚀 APPLYING GUIDANCE at step 8 (timestep=939)
🎯 GUIDANCE STEP 8 (t=939): Loss=0.6187, Rho=13.464423, Grad_norm=0.0743, Final_scale=13.4644
🚀 APPLYING GUIDANCE at step 9 (timestep=931)
🎯 GUIDANCE STEP 9 (t=931): Loss=0.6167, Rho=25.772736, Grad_norm=0.0388, Final_scale=25.7727
🚀 APPLYING GUIDANCE at step 10 (timestep=922)
🎯 GUIDANCE STEP 10 (t=922): Loss=0.6172, Rho=16.145693, Grad_norm=0.0619, Final_scale=16.1457
🚀 APPLYING GUIDANCE at step 11 (timestep=913)
🎯 GUIDANCE STEP 11 (t=913): Loss=0.6206, Rho=5.151499, Grad_norm=0.1941, Final_scale=5.1515
🚀 APPLYING GUIDANCE at step 12 (timestep=904)
🎯 GUIDANCE STEP 12 (t=904): Loss=0.6230, Rho=17.045200, Grad_norm=0.0587, Final_scale=17.0452
🚀 APPLYING GUIDANCE at step 13 (timestep=894)
🎯 GUIDANCE STEP 13 (t=894): Loss=0.6226, Rho=20.586811, Grad_norm=0.0486, Final_scale=20.5868
🚀 APPLYING GUIDANCE at step 14 (timestep=884)
🎯 GUIDANCE STEP 14 (t=884): Loss=0.6196, Rho=19.713518, Grad_norm=0.0507, Final_scale=19.7135
🚀 APPLYING GUIDANCE at step 15 (timestep=874)
🎯 GUIDANCE STEP 15 (t=874): Loss=0.6226, Rho=25.082777, Grad_norm=0.0399, Final_scale=25.0828
🚀 APPLYING GUIDANCE at step 16 (timestep=864)
🎯 GUIDANCE STEP 16 (t=864): Loss=0.6187, Rho=33.727497, Grad_norm=0.0296, Final_scale=33.7275
🚀 APPLYING GUIDANCE at step 17 (timestep=853)
🎯 GUIDANCE STEP 17 (t=853): Loss=0.6226, Rho=11.772053, Grad_norm=0.0849, Final_scale=11.7721
🚀 APPLYING GUIDANCE at step 18 (timestep=841)
🎯 GUIDANCE STEP 18 (t=841): Loss=0.6230, Rho=24.084734, Grad_norm=0.0415, Final_scale=24.0847
🚀 APPLYING GUIDANCE at step 19 (timestep=829)
🎯 GUIDANCE STEP 19 (t=829): Loss=0.6230, Rho=26.482065, Grad_norm=0.0378, Final_scale=26.4821
🚀 APPLYING GUIDANCE at step 20 (timestep=817)
🎯 GUIDANCE STEP 20 (t=817): Loss=0.6196, Rho=32.035248, Grad_norm=0.0312, Final_scale=32.0352
🚀 APPLYING GUIDANCE at step 21 (timestep=805)
🎯 GUIDANCE STEP 21 (t=805): Loss=0.6230, Rho=18.610128, Grad_norm=0.0537, Final_scale=18.6101
🚀 APPLYING GUIDANCE at step 22 (timestep=792)
🎯 GUIDANCE STEP 22 (t=792): Loss=0.6240, Rho=45.373993, Grad_norm=0.0220, Final_scale=45.3740
🚀 APPLYING GUIDANCE at step 23 (timestep=778)
🎯 GUIDANCE STEP 23 (t=778): Loss=0.6235, Rho=12.735429, Grad_norm=0.0785, Final_scale=12.7354
🚀 APPLYING GUIDANCE at step 24 (timestep=764)
🎯 GUIDANCE STEP 24 (t=764): Loss=0.6216, Rho=20.420532, Grad_norm=0.0490, Final_scale=20.4205
🚀 APPLYING GUIDANCE at step 25 (timestep=749)
🎯 GUIDANCE STEP 25 (t=749): Loss=0.6187, Rho=16.563116, Grad_norm=0.0604, Final_scale=16.5631
🚀 APPLYING GUIDANCE at step 26 (timestep=734)
🎯 GUIDANCE STEP 26 (t=734): Loss=0.6206, Rho=29.548117, Grad_norm=0.0338, Final_scale=29.5481
🚀 APPLYING GUIDANCE at step 27 (timestep=718)
🎯 GUIDANCE STEP 27 (t=718): Loss=0.6211, Rho=29.382614, Grad_norm=0.0340, Final_scale=29.3826
🚀 APPLYING GUIDANCE at step 28 (timestep=701)
🎯 GUIDANCE STEP 28 (t=701): Loss=0.6187, Rho=23.906956, Grad_norm=0.0418, Final_scale=23.9070
🚀 APPLYING GUIDANCE at step 29 (timestep=684)
🎯 GUIDANCE STEP 29 (t=684): Loss=0.6216, Rho=32.403000, Grad_norm=0.0309, Final_scale=32.4030
🚀 APPLYING GUIDANCE at step 30 (timestep=666)
🎯 GUIDANCE STEP 30 (t=666): Loss=0.6191, Rho=27.489820, Grad_norm=0.0364, Final_scale=27.4898
🚀 APPLYING GUIDANCE at step 31 (timestep=647)
🎯 GUIDANCE STEP 31 (t=647): Loss=0.6221, Rho=25.935684, Grad_norm=0.0386, Final_scale=25.9357
🚀 APPLYING GUIDANCE at step 32 (timestep=627)
🎯 GUIDANCE STEP 32 (t=627): Loss=0.6187, Rho=16.690805, Grad_norm=0.0599, Final_scale=16.6908
🚀 APPLYING GUIDANCE at step 33 (timestep=606)
🎯 GUIDANCE STEP 33 (t=606): Loss=0.6226, Rho=12.625746, Grad_norm=0.0792, Final_scale=12.6257
🚀 APPLYING GUIDANCE at step 34 (timestep=585)
🎯 GUIDANCE STEP 34 (t=585): Loss=0.6196, Rho=30.755526, Grad_norm=0.0325, Final_scale=30.7555
🚀 APPLYING GUIDANCE at step 35 (timestep=562)
🎯 GUIDANCE STEP 35 (t=562): Loss=0.6187, Rho=38.334148, Grad_norm=0.0261, Final_scale=38.3341
🚀 APPLYING GUIDANCE at step 36 (timestep=538)
🎯 GUIDANCE STEP 36 (t=538): Loss=0.6172, Rho=27.688770, Grad_norm=0.0361, Final_scale=27.6888
🚀 APPLYING GUIDANCE at step 37 (timestep=512)
🎯 GUIDANCE STEP 37 (t=512): Loss=0.6172, Rho=20.404839, Grad_norm=0.0490, Final_scale=20.4048
🚀 APPLYING GUIDANCE at step 38 (timestep=486)
🎯 GUIDANCE STEP 38 (t=486): Loss=0.6177, Rho=28.138950, Grad_norm=0.0355, Final_scale=28.1390
🚀 APPLYING GUIDANCE at step 39 (timestep=458)
🎯 GUIDANCE STEP 39 (t=458): Loss=0.6162, Rho=50.038265, Grad_norm=0.0200, Final_scale=50.0383
🚀 APPLYING GUIDANCE at step 40 (timestep=428)
🎯 GUIDANCE STEP 40 (t=428): Loss=0.6177, Rho=24.166920, Grad_norm=0.0414, Final_scale=24.1669
🚀 APPLYING GUIDANCE at step 41 (timestep=396)
🎯 GUIDANCE STEP 41 (t=396): Loss=0.6177, Rho=10.667033, Grad_norm=0.0937, Final_scale=10.6670
🚀 APPLYING GUIDANCE at step 42 (timestep=363)
🎯 GUIDANCE STEP 42 (t=363): Loss=0.6187, Rho=26.889318, Grad_norm=0.0372, Final_scale=26.8893
🚀 APPLYING GUIDANCE at step 43 (timestep=327)
🎯 GUIDANCE STEP 43 (t=327): Loss=0.6182, Rho=25.312176, Grad_norm=0.0395, Final_scale=25.3122
🚀 APPLYING GUIDANCE at step 44 (timestep=290)
🎯 GUIDANCE STEP 44 (t=290): Loss=0.6187, Rho=9.774963, Grad_norm=0.1023, Final_scale=9.7750
🚀 APPLYING GUIDANCE at step 45 (timestep=249)
🎯 GUIDANCE STEP 45 (t=249): Loss=0.6187, Rho=10.652018, Grad_norm=0.0939, Final_scale=10.6520
🚀 APPLYING GUIDANCE at step 46 (timestep=206)
🎯 GUIDANCE STEP 46 (t=206): Loss=0.6182, Rho=14.070649, Grad_norm=0.0711, Final_scale=14.0706
🚀 APPLYING GUIDANCE at step 47 (timestep=160)
🎯 GUIDANCE STEP 47 (t=160): Loss=0.6167, Rho=11.111059, Grad_norm=0.0900, Final_scale=11.1111
🚀 APPLYING GUIDANCE at step 48 (timestep=111)
🎯 GUIDANCE STEP 48 (t=111): Loss=0.6172, Rho=10.439340, Grad_norm=0.0958, Final_scale=10.4393
🚀 APPLYING GUIDANCE at step 49 (timestep=57)
🎯 GUIDANCE STEP 49 (t=57): Loss=0.6182, Rho=0.947769, Grad_norm=1.0551, Final_scale=0.9478
[guidance_f17_s50_w8c6_rho1.0_cfg5.0_0701_1448] Generated: generated_videos/subject_consistency/guidance_f17_s50_w8c6_rho1.0_cfg5.0_0701_1448/002_a_bird_soaring_gracefully_in_the_sky.mp4
[guidance_f17_s50_w8c6_rho1.0_cfg5.0_0701_1448] Generating video 4/9 (guidance): a bird building a nest from twigs and leaves
🎬 STARTING GUIDANCE PIPELINE GENERATION
   Frames: 17, Steps: 50, CFG Scale: 5.0

🔧 GUIDANCE PIPELINE CONFIGURATION:
   Guidance range: 0 - 1001
   Rho scale: 1.0
   V-JEPA kernel_size: 8
   V-JEPA context_length: 6
   V-JEPA stride: 2
   V-JEPA mode: max
   Total timesteps: 50

🚀 APPLYING GUIDANCE at step 0 (timestep=999)
🎯 GUIDANCE STEP 0 (t=999): Loss=0.5703, Rho=10.334030, Grad_norm=0.0968, Final_scale=10.3340
🚀 APPLYING GUIDANCE at step 1 (timestep=992)
🎯 GUIDANCE STEP 1 (t=992): Loss=0.5435, Rho=16.999956, Grad_norm=0.0588, Final_scale=17.0000
🚀 APPLYING GUIDANCE at step 2 (timestep=985)
🎯 GUIDANCE STEP 2 (t=985): Loss=0.5396, Rho=15.709471, Grad_norm=0.0637, Final_scale=15.7095
🚀 APPLYING GUIDANCE at step 3 (timestep=978)
🎯 GUIDANCE STEP 3 (t=978): Loss=0.5400, Rho=9.274512, Grad_norm=0.1078, Final_scale=9.2745
🚀 APPLYING GUIDANCE at step 4 (timestep=971)
🎯 GUIDANCE STEP 4 (t=971): Loss=0.5542, Rho=10.931949, Grad_norm=0.0915, Final_scale=10.9319
🚀 APPLYING GUIDANCE at step 5 (timestep=963)
🎯 GUIDANCE STEP 5 (t=963): Loss=0.5698, Rho=5.331272, Grad_norm=0.1876, Final_scale=5.3313
🚀 APPLYING GUIDANCE at step 6 (timestep=956)
🎯 GUIDANCE STEP 6 (t=956): Loss=0.5688, Rho=4.848793, Grad_norm=0.2062, Final_scale=4.8488
🚀 APPLYING GUIDANCE at step 7 (timestep=948)
🎯 GUIDANCE STEP 7 (t=948): Loss=0.5786, Rho=4.627609, Grad_norm=0.2161, Final_scale=4.6276
🚀 APPLYING GUIDANCE at step 8 (timestep=939)
🎯 GUIDANCE STEP 8 (t=939): Loss=0.5815, Rho=4.352458, Grad_norm=0.2298, Final_scale=4.3525
🚀 APPLYING GUIDANCE at step 9 (timestep=931)
🎯 GUIDANCE STEP 9 (t=931): Loss=0.5869, Rho=5.103579, Grad_norm=0.1959, Final_scale=5.1036
🚀 APPLYING GUIDANCE at step 10 (timestep=922)
🎯 GUIDANCE STEP 10 (t=922): Loss=0.6001, Rho=1.395225, Grad_norm=0.7167, Final_scale=1.3952
🚀 APPLYING GUIDANCE at step 11 (timestep=913)
🎯 GUIDANCE STEP 11 (t=913): Loss=0.6372, Rho=3.036810, Grad_norm=0.3293, Final_scale=3.0368
🚀 APPLYING GUIDANCE at step 12 (timestep=904)
🎯 GUIDANCE STEP 12 (t=904): Loss=0.6343, Rho=3.584970, Grad_norm=0.2789, Final_scale=3.5850
🚀 APPLYING GUIDANCE at step 13 (timestep=894)
🎯 GUIDANCE STEP 13 (t=894): Loss=0.6362, Rho=2.366313, Grad_norm=0.4226, Final_scale=2.3663
🚀 APPLYING GUIDANCE at step 14 (timestep=884)
🎯 GUIDANCE STEP 14 (t=884): Loss=0.6304, Rho=0.355464, Grad_norm=2.8132, Final_scale=0.3555
🚀 APPLYING GUIDANCE at step 15 (timestep=874)
🎯 GUIDANCE STEP 15 (t=874): Loss=0.6406, Rho=4.865520, Grad_norm=0.2055, Final_scale=4.8655
🚀 APPLYING GUIDANCE at step 16 (timestep=864)
🎯 GUIDANCE STEP 16 (t=864): Loss=0.6309, Rho=2.962356, Grad_norm=0.3376, Final_scale=2.9624
🚀 APPLYING GUIDANCE at step 17 (timestep=853)
🎯 GUIDANCE STEP 17 (t=853): Loss=0.6333, Rho=3.410150, Grad_norm=0.2932, Final_scale=3.4101
🚀 APPLYING GUIDANCE at step 18 (timestep=841)
🎯 GUIDANCE STEP 18 (t=841): Loss=0.6309, Rho=4.552829, Grad_norm=0.2196, Final_scale=4.5528
🚀 APPLYING GUIDANCE at step 19 (timestep=829)
🎯 GUIDANCE STEP 19 (t=829): Loss=0.6260, Rho=3.112603, Grad_norm=0.3213, Final_scale=3.1126
🚀 APPLYING GUIDANCE at step 20 (timestep=817)
🎯 GUIDANCE STEP 20 (t=817): Loss=0.6294, Rho=4.558099, Grad_norm=0.2194, Final_scale=4.5581
🚀 APPLYING GUIDANCE at step 21 (timestep=805)
🎯 GUIDANCE STEP 21 (t=805): Loss=0.6260, Rho=4.510972, Grad_norm=0.2217, Final_scale=4.5110
🚀 APPLYING GUIDANCE at step 22 (timestep=792)
🎯 GUIDANCE STEP 22 (t=792): Loss=0.6255, Rho=3.095654, Grad_norm=0.3230, Final_scale=3.0957
🚀 APPLYING GUIDANCE at step 23 (timestep=778)
🎯 GUIDANCE STEP 23 (t=778): Loss=0.6245, Rho=3.691944, Grad_norm=0.2709, Final_scale=3.6919
🚀 APPLYING GUIDANCE at step 24 (timestep=764)
🎯 GUIDANCE STEP 24 (t=764): Loss=0.6323, Rho=3.860682, Grad_norm=0.2590, Final_scale=3.8607
🚀 APPLYING GUIDANCE at step 25 (timestep=749)
🎯 GUIDANCE STEP 25 (t=749): Loss=0.6299, Rho=4.577570, Grad_norm=0.2185, Final_scale=4.5776
🚀 APPLYING GUIDANCE at step 26 (timestep=734)
🎯 GUIDANCE STEP 26 (t=734): Loss=0.6279, Rho=6.139671, Grad_norm=0.1629, Final_scale=6.1397
🚀 APPLYING GUIDANCE at step 27 (timestep=718)
🎯 GUIDANCE STEP 27 (t=718): Loss=0.6270, Rho=4.960904, Grad_norm=0.2016, Final_scale=4.9609
🚀 APPLYING GUIDANCE at step 28 (timestep=701)
🎯 GUIDANCE STEP 28 (t=701): Loss=0.6255, Rho=7.745501, Grad_norm=0.1291, Final_scale=7.7455
🚀 APPLYING GUIDANCE at step 29 (timestep=684)
🎯 GUIDANCE STEP 29 (t=684): Loss=0.6284, Rho=10.735166, Grad_norm=0.0932, Final_scale=10.7352
🚀 APPLYING GUIDANCE at step 30 (timestep=666)
🎯 GUIDANCE STEP 30 (t=666): Loss=0.6299, Rho=9.163499, Grad_norm=0.1091, Final_scale=9.1635
🚀 APPLYING GUIDANCE at step 31 (timestep=647)
🎯 GUIDANCE STEP 31 (t=647): Loss=0.6284, Rho=7.844522, Grad_norm=0.1275, Final_scale=7.8445
🚀 APPLYING GUIDANCE at step 32 (timestep=627)
🎯 GUIDANCE STEP 32 (t=627): Loss=0.6294, Rho=11.027503, Grad_norm=0.0907, Final_scale=11.0275
🚀 APPLYING GUIDANCE at step 33 (timestep=606)
🎯 GUIDANCE STEP 33 (t=606): Loss=0.6318, Rho=7.640770, Grad_norm=0.1309, Final_scale=7.6408
🚀 APPLYING GUIDANCE at step 34 (timestep=585)
🎯 GUIDANCE STEP 34 (t=585): Loss=0.6284, Rho=12.339346, Grad_norm=0.0810, Final_scale=12.3393
🚀 APPLYING GUIDANCE at step 35 (timestep=562)
🎯 GUIDANCE STEP 35 (t=562): Loss=0.6274, Rho=7.007027, Grad_norm=0.1427, Final_scale=7.0070
🚀 APPLYING GUIDANCE at step 36 (timestep=538)
🎯 GUIDANCE STEP 36 (t=538): Loss=0.6270, Rho=13.778409, Grad_norm=0.0726, Final_scale=13.7784
🚀 APPLYING GUIDANCE at step 37 (timestep=512)
🎯 GUIDANCE STEP 37 (t=512): Loss=0.6255, Rho=13.298899, Grad_norm=0.0752, Final_scale=13.2989
🚀 APPLYING GUIDANCE at step 38 (timestep=486)
🎯 GUIDANCE STEP 38 (t=486): Loss=0.6240, Rho=21.767693, Grad_norm=0.0459, Final_scale=21.7677
🚀 APPLYING GUIDANCE at step 39 (timestep=458)
🎯 GUIDANCE STEP 39 (t=458): Loss=0.6230, Rho=21.510334, Grad_norm=0.0465, Final_scale=21.5103
🚀 APPLYING GUIDANCE at step 40 (timestep=428)
🎯 GUIDANCE STEP 40 (t=428): Loss=0.6230, Rho=13.765702, Grad_norm=0.0726, Final_scale=13.7657
🚀 APPLYING GUIDANCE at step 41 (timestep=396)
🎯 GUIDANCE STEP 41 (t=396): Loss=0.6260, Rho=22.530952, Grad_norm=0.0444, Final_scale=22.5310
🚀 APPLYING GUIDANCE at step 42 (timestep=363)
🎯 GUIDANCE STEP 42 (t=363): Loss=0.6226, Rho=25.366709, Grad_norm=0.0394, Final_scale=25.3667
🚀 APPLYING GUIDANCE at step 43 (timestep=327)
🎯 GUIDANCE STEP 43 (t=327): Loss=0.6226, Rho=21.178114, Grad_norm=0.0472, Final_scale=21.1781
🚀 APPLYING GUIDANCE at step 44 (timestep=290)
🎯 GUIDANCE STEP 44 (t=290): Loss=0.6196, Rho=18.354401, Grad_norm=0.0545, Final_scale=18.3544
🚀 APPLYING GUIDANCE at step 45 (timestep=249)
🎯 GUIDANCE STEP 45 (t=249): Loss=0.6201, Rho=14.893641, Grad_norm=0.0671, Final_scale=14.8936
🚀 APPLYING GUIDANCE at step 46 (timestep=206)
🎯 GUIDANCE STEP 46 (t=206): Loss=0.6211, Rho=24.048666, Grad_norm=0.0416, Final_scale=24.0487
🚀 APPLYING GUIDANCE at step 47 (timestep=160)
🎯 GUIDANCE STEP 47 (t=160): Loss=0.6187, Rho=26.445780, Grad_norm=0.0378, Final_scale=26.4458
🚀 APPLYING GUIDANCE at step 48 (timestep=111)
🎯 GUIDANCE STEP 48 (t=111): Loss=0.6201, Rho=6.991267, Grad_norm=0.1430, Final_scale=6.9913
🚀 APPLYING GUIDANCE at step 49 (timestep=57)
🎯 GUIDANCE STEP 49 (t=57): Loss=0.6182, Rho=20.460688, Grad_norm=0.0489, Final_scale=20.4607
[guidance_f17_s50_w8c6_rho1.0_cfg5.0_0701_1448] Generated: generated_videos/subject_consistency/guidance_f17_s50_w8c6_rho1.0_cfg5.0_0701_1448/004_a_cow_running_to_join_a_herd_of_its_kind.mp4
[guidance_f17_s50_w8c6_rho1.0_cfg5.0_0701_1448] Generating video 6/9 (guidance): an elephant spraying itself with water using its trunk to cool down
🎬 STARTING GUIDANCE PIPELINE GENERATION
   Frames: 17, Steps: 50, CFG Scale: 5.0

🔧 GUIDANCE PIPELINE CONFIGURATION:
   Guidance range: 0 - 1001
   Rho scale: 1.0
   V-JEPA kernel_size: 8
   V-JEPA context_length: 6
   V-JEPA stride: 2
   V-JEPA mode: max
   Total timesteps: 50

🚀 APPLYING GUIDANCE at step 0 (timestep=999)
🎯 GUIDANCE STEP 0 (t=999): Loss=0.5513, Rho=17.888596, Grad_norm=0.0559, Final_scale=17.8886
🚀 APPLYING GUIDANCE at step 1 (timestep=992)
🎯 GUIDANCE STEP 1 (t=992): Loss=0.5381, Rho=19.345846, Grad_norm=0.0517, Final_scale=19.3458
🚀 APPLYING GUIDANCE at step 2 (timestep=985)
🎯 GUIDANCE STEP 2 (t=985): Loss=0.5449, Rho=18.392836, Grad_norm=0.0544, Final_scale=18.3928
🚀 APPLYING GUIDANCE at step 3 (timestep=978)
🎯 GUIDANCE STEP 3 (t=978): Loss=0.5840, Rho=6.889329, Grad_norm=0.1452, Final_scale=6.8893
🚀 APPLYING GUIDANCE at step 4 (timestep=971)
🎯 GUIDANCE STEP 4 (t=971): Loss=0.6118, Rho=3.812095, Grad_norm=0.2623, Final_scale=3.8121
🚀 APPLYING GUIDANCE at step 5 (timestep=963)
🎯 GUIDANCE STEP 5 (t=963): Loss=0.6270, Rho=5.611148, Grad_norm=0.1782, Final_scale=5.6111
🚀 APPLYING GUIDANCE at step 6 (timestep=956)
🎯 GUIDANCE STEP 6 (t=956): Loss=0.6284, Rho=9.099598, Grad_norm=0.1099, Final_scale=9.0996
🚀 APPLYING GUIDANCE at step 7 (timestep=948)
🎯 GUIDANCE STEP 7 (t=948): Loss=0.6362, Rho=3.825166, Grad_norm=0.2614, Final_scale=3.8252
🚀 APPLYING GUIDANCE at step 8 (timestep=939)
🎯 GUIDANCE STEP 8 (t=939): Loss=0.6318, Rho=6.365730, Grad_norm=0.1571, Final_scale=6.3657
🚀 APPLYING GUIDANCE at step 9 (timestep=931)
🎯 GUIDANCE STEP 9 (t=931): Loss=0.6348, Rho=5.246168, Grad_norm=0.1906, Final_scale=5.2462
🚀 APPLYING GUIDANCE at step 10 (timestep=922)
🎯 GUIDANCE STEP 10 (t=922): Loss=0.6323, Rho=4.243468, Grad_norm=0.2357, Final_scale=4.2435
🚀 APPLYING GUIDANCE at step 11 (timestep=913)
🎯 GUIDANCE STEP 11 (t=913): Loss=0.6372, Rho=3.934099, Grad_norm=0.2542, Final_scale=3.9341
🚀 APPLYING GUIDANCE at step 12 (timestep=904)
🎯 GUIDANCE STEP 12 (t=904): Loss=0.6401, Rho=2.618593, Grad_norm=0.3819, Final_scale=2.6186
🚀 APPLYING GUIDANCE at step 13 (timestep=894)
🎯 GUIDANCE STEP 13 (t=894): Loss=0.6328, Rho=3.465300, Grad_norm=0.2886, Final_scale=3.4653
🚀 APPLYING GUIDANCE at step 14 (timestep=884)
🎯 GUIDANCE STEP 14 (t=884): Loss=0.6304, Rho=5.083420, Grad_norm=0.1967, Final_scale=5.0834
🚀 APPLYING GUIDANCE at step 15 (timestep=874)
🎯 GUIDANCE STEP 15 (t=874): Loss=0.6372, Rho=2.618482, Grad_norm=0.3819, Final_scale=2.6185
🚀 APPLYING GUIDANCE at step 16 (timestep=864)
🎯 GUIDANCE STEP 16 (t=864): Loss=0.6421, Rho=4.709049, Grad_norm=0.2124, Final_scale=4.7090
🚀 APPLYING GUIDANCE at step 17 (timestep=853)
🎯 GUIDANCE STEP 17 (t=853): Loss=0.6396, Rho=5.204274, Grad_norm=0.1921, Final_scale=5.2043
🚀 APPLYING GUIDANCE at step 18 (timestep=841)
🎯 GUIDANCE STEP 18 (t=841): Loss=0.6416, Rho=4.319167, Grad_norm=0.2315, Final_scale=4.3192
🚀 APPLYING GUIDANCE at step 19 (timestep=829)
🎯 GUIDANCE STEP 19 (t=829): Loss=0.6338, Rho=2.732112, Grad_norm=0.3660, Final_scale=2.7321
🚀 APPLYING GUIDANCE at step 20 (timestep=817)
🎯 GUIDANCE STEP 20 (t=817): Loss=0.6313, Rho=6.473376, Grad_norm=0.1545, Final_scale=6.4734
🚀 APPLYING GUIDANCE at step 21 (timestep=805)
🎯 GUIDANCE STEP 21 (t=805): Loss=0.6367, Rho=2.596637, Grad_norm=0.3851, Final_scale=2.5966
🚀 APPLYING GUIDANCE at step 22 (timestep=792)
🎯 GUIDANCE STEP 22 (t=792): Loss=0.6338, Rho=2.814847, Grad_norm=0.3553, Final_scale=2.8148
🚀 APPLYING GUIDANCE at step 23 (timestep=778)
🎯 GUIDANCE STEP 23 (t=778): Loss=0.6382, Rho=4.880372, Grad_norm=0.2049, Final_scale=4.8804
🚀 APPLYING GUIDANCE at step 24 (timestep=764)
🎯 GUIDANCE STEP 24 (t=764): Loss=0.6362, Rho=3.707921, Grad_norm=0.2697, Final_scale=3.7079
🚀 APPLYING GUIDANCE at step 25 (timestep=749)
🎯 GUIDANCE STEP 25 (t=749): Loss=0.6357, Rho=5.004948, Grad_norm=0.1998, Final_scale=5.0049
🚀 APPLYING GUIDANCE at step 26 (timestep=734)
🎯 GUIDANCE STEP 26 (t=734): Loss=0.6362, Rho=6.056859, Grad_norm=0.1651, Final_scale=6.0569
🚀 APPLYING GUIDANCE at step 27 (timestep=718)
🎯 GUIDANCE STEP 27 (t=718): Loss=0.6362, Rho=7.117050, Grad_norm=0.1405, Final_scale=7.1171
🚀 APPLYING GUIDANCE at step 28 (timestep=701)
🎯 GUIDANCE STEP 28 (t=701): Loss=0.6353, Rho=6.234627, Grad_norm=0.1604, Final_scale=6.2346
🚀 APPLYING GUIDANCE at step 29 (timestep=684)
🎯 GUIDANCE STEP 29 (t=684): Loss=0.6333, Rho=3.782959, Grad_norm=0.2643, Final_scale=3.7830
🚀 APPLYING GUIDANCE at step 30 (timestep=666)
🎯 GUIDANCE STEP 30 (t=666): Loss=0.6338, Rho=7.232194, Grad_norm=0.1383, Final_scale=7.2322
🚀 APPLYING GUIDANCE at step 31 (timestep=647)
🎯 GUIDANCE STEP 31 (t=647): Loss=0.6353, Rho=7.750032, Grad_norm=0.1290, Final_scale=7.7500
🚀 APPLYING GUIDANCE at step 32 (timestep=627)
🎯 GUIDANCE STEP 32 (t=627): Loss=0.6309, Rho=3.408878, Grad_norm=0.2934, Final_scale=3.4089
🚀 APPLYING GUIDANCE at step 33 (timestep=606)
🎯 GUIDANCE STEP 33 (t=606): Loss=0.6328, Rho=8.028520, Grad_norm=0.1246, Final_scale=8.0285
🚀 APPLYING GUIDANCE at step 34 (timestep=585)
🎯 GUIDANCE STEP 34 (t=585): Loss=0.6357, Rho=8.203380, Grad_norm=0.1219, Final_scale=8.2034
🚀 APPLYING GUIDANCE at step 35 (timestep=562)
🎯 GUIDANCE STEP 35 (t=562): Loss=0.6343, Rho=4.434227, Grad_norm=0.2255, Final_scale=4.4342
🚀 APPLYING GUIDANCE at step 36 (timestep=538)
🎯 GUIDANCE STEP 36 (t=538): Loss=0.6323, Rho=7.633605, Grad_norm=0.1310, Final_scale=7.6336
🚀 APPLYING GUIDANCE at step 37 (timestep=512)
🎯 GUIDANCE STEP 37 (t=512): Loss=0.6309, Rho=7.237416, Grad_norm=0.1382, Final_scale=7.2374
🚀 APPLYING GUIDANCE at step 38 (timestep=486)
🎯 GUIDANCE STEP 38 (t=486): Loss=0.6333, Rho=3.547761, Grad_norm=0.2819, Final_scale=3.5478
🚀 APPLYING GUIDANCE at step 39 (timestep=458)
🎯 GUIDANCE STEP 39 (t=458): Loss=0.6304, Rho=12.708158, Grad_norm=0.0787, Final_scale=12.7082
🚀 APPLYING GUIDANCE at step 40 (timestep=428)
🎯 GUIDANCE STEP 40 (t=428): Loss=0.6313, Rho=19.066996, Grad_norm=0.0524, Final_scale=19.0670
🚀 APPLYING GUIDANCE at step 41 (timestep=396)
🎯 GUIDANCE STEP 41 (t=396): Loss=0.6348, Rho=10.929193, Grad_norm=0.0915, Final_scale=10.9292
🚀 APPLYING GUIDANCE at step 42 (timestep=363)
🎯 GUIDANCE STEP 42 (t=363): Loss=0.6318, Rho=12.981549, Grad_norm=0.0770, Final_scale=12.9815
🚀 APPLYING GUIDANCE at step 43 (timestep=327)
🎯 GUIDANCE STEP 43 (t=327): Loss=0.6309, Rho=19.199093, Grad_norm=0.0521, Final_scale=19.1991
🚀 APPLYING GUIDANCE at step 44 (timestep=290)
🎯 GUIDANCE STEP 44 (t=290): Loss=0.6323, Rho=18.218412, Grad_norm=0.0549, Final_scale=18.2184
🚀 APPLYING GUIDANCE at step 45 (timestep=249)
🎯 GUIDANCE STEP 45 (t=249): Loss=0.6313, Rho=33.997807, Grad_norm=0.0294, Final_scale=33.9978
🚀 APPLYING GUIDANCE at step 46 (timestep=206)
🎯 GUIDANCE STEP 46 (t=206): Loss=0.6304, Rho=13.635173, Grad_norm=0.0733, Final_scale=13.6352
🚀 APPLYING GUIDANCE at step 47 (timestep=160)
🎯 GUIDANCE STEP 47 (t=160): Loss=0.6313, Rho=15.075154, Grad_norm=0.0663, Final_scale=15.0752
🚀 APPLYING GUIDANCE at step 48 (timestep=111)
🎯 GUIDANCE STEP 48 (t=111): Loss=0.6313, Rho=6.908651, Grad_norm=0.1447, Final_scale=6.9087
🚀 APPLYING GUIDANCE at step 49 (timestep=57)
🎯 GUIDANCE STEP 49 (t=57): Loss=0.6318, Rho=11.996578, Grad_norm=0.0834, Final_scale=11.9966
[guidance_f17_s50_w8c6_rho1.0_cfg5.0_0701_1448] Generated: generated_videos/subject_consistency/guidance_f17_s50_w8c6_rho1.0_cfg5.0_0701_1448/004_a_car_slowing_down_to_stop.mp4
[guidance_f17_s50_w8c6_rho1.0_cfg5.0_0701_1448] Generating video 6/9 (guidance): a car accelerating to gain speed
🎬 STARTING GUIDANCE PIPELINE GENERATION
   Frames: 17, Steps: 50, CFG Scale: 5.0

🔧 GUIDANCE PIPELINE CONFIGURATION:
   Guidance range: 0 - 1001
   Rho scale: 1.0
   V-JEPA kernel_size: 8
   V-JEPA context_length: 6
   V-JEPA stride: 2
   V-JEPA mode: max
   Total timesteps: 50

🚀 APPLYING GUIDANCE at step 0 (timestep=999)
🎯 GUIDANCE STEP 0 (t=999): Loss=0.5366, Rho=34.813511, Grad_norm=0.0287, Final_scale=34.8135
🚀 APPLYING GUIDANCE at step 1 (timestep=992)
🎯 GUIDANCE STEP 1 (t=992): Loss=0.5562, Rho=6.814147, Grad_norm=0.1468, Final_scale=6.8141
🚀 APPLYING GUIDANCE at step 2 (timestep=985)
🎯 GUIDANCE STEP 2 (t=985): Loss=0.5522, Rho=14.523679, Grad_norm=0.0689, Final_scale=14.5237
🚀 APPLYING GUIDANCE at step 3 (timestep=978)
🎯 GUIDANCE STEP 3 (t=978): Loss=0.5796, Rho=15.116798, Grad_norm=0.0662, Final_scale=15.1168
🚀 APPLYING GUIDANCE at step 4 (timestep=971)
🎯 GUIDANCE STEP 4 (t=971): Loss=0.5728, Rho=19.885303, Grad_norm=0.0503, Final_scale=19.8853
🚀 APPLYING GUIDANCE at step 5 (timestep=963)
🎯 GUIDANCE STEP 5 (t=963): Loss=0.5684, Rho=15.099307, Grad_norm=0.0662, Final_scale=15.0993
🚀 APPLYING GUIDANCE at step 6 (timestep=956)
🎯 GUIDANCE STEP 6 (t=956): Loss=0.5791, Rho=24.845160, Grad_norm=0.0402, Final_scale=24.8452
🚀 APPLYING GUIDANCE at step 7 (timestep=948)
🎯 GUIDANCE STEP 7 (t=948): Loss=0.5742, Rho=14.897359, Grad_norm=0.0671, Final_scale=14.8974
🚀 APPLYING GUIDANCE at step 8 (timestep=939)
🎯 GUIDANCE STEP 8 (t=939): Loss=0.5664, Rho=13.885338, Grad_norm=0.0720, Final_scale=13.8853
🚀 APPLYING GUIDANCE at step 9 (timestep=931)
🎯 GUIDANCE STEP 9 (t=931): Loss=0.5659, Rho=14.917371, Grad_norm=0.0670, Final_scale=14.9174
🚀 APPLYING GUIDANCE at step 10 (timestep=922)
🎯 GUIDANCE STEP 10 (t=922): Loss=0.5649, Rho=14.113545, Grad_norm=0.0709, Final_scale=14.1135
🚀 APPLYING GUIDANCE at step 11 (timestep=913)
🎯 GUIDANCE STEP 11 (t=913): Loss=0.5615, Rho=6.482370, Grad_norm=0.1543, Final_scale=6.4824
🚀 APPLYING GUIDANCE at step 12 (timestep=904)
🎯 GUIDANCE STEP 12 (t=904): Loss=0.5649, Rho=14.736386, Grad_norm=0.0679, Final_scale=14.7364
🚀 APPLYING GUIDANCE at step 13 (timestep=894)
🎯 GUIDANCE STEP 13 (t=894): Loss=0.5693, Rho=15.455992, Grad_norm=0.0647, Final_scale=15.4560
🚀 APPLYING GUIDANCE at step 14 (timestep=884)
🎯 GUIDANCE STEP 14 (t=884): Loss=0.5674, Rho=15.459468, Grad_norm=0.0647, Final_scale=15.4595
🚀 APPLYING GUIDANCE at step 15 (timestep=874)
🎯 GUIDANCE STEP 15 (t=874): Loss=0.5742, Rho=13.343548, Grad_norm=0.0749, Final_scale=13.3435
🚀 APPLYING GUIDANCE at step 16 (timestep=864)
🎯 GUIDANCE STEP 16 (t=864): Loss=0.5801, Rho=8.790847, Grad_norm=0.1138, Final_scale=8.7908
🚀 APPLYING GUIDANCE at step 17 (timestep=853)
🎯 GUIDANCE STEP 17 (t=853): Loss=0.5806, Rho=9.849522, Grad_norm=0.1015, Final_scale=9.8495
🚀 APPLYING GUIDANCE at step 18 (timestep=841)
🎯 GUIDANCE STEP 18 (t=841): Loss=0.5864, Rho=9.366934, Grad_norm=0.1068, Final_scale=9.3669
🚀 APPLYING GUIDANCE at step 19 (timestep=829)
🎯 GUIDANCE STEP 19 (t=829): Loss=0.5840, Rho=7.841515, Grad_norm=0.1275, Final_scale=7.8415
🚀 APPLYING GUIDANCE at step 20 (timestep=817)
🎯 GUIDANCE STEP 20 (t=817): Loss=0.5869, Rho=5.809233, Grad_norm=0.1721, Final_scale=5.8092
🚀 APPLYING GUIDANCE at step 21 (timestep=805)
🎯 GUIDANCE STEP 21 (t=805): Loss=0.5942, Rho=8.047334, Grad_norm=0.1243, Final_scale=8.0473
🚀 APPLYING GUIDANCE at step 22 (timestep=792)
🎯 GUIDANCE STEP 22 (t=792): Loss=0.5986, Rho=11.363808, Grad_norm=0.0880, Final_scale=11.3638
🚀 APPLYING GUIDANCE at step 23 (timestep=778)
🎯 GUIDANCE STEP 23 (t=778): Loss=0.5923, Rho=9.409049, Grad_norm=0.1063, Final_scale=9.4090
🚀 APPLYING GUIDANCE at step 24 (timestep=764)
🎯 GUIDANCE STEP 24 (t=764): Loss=0.5908, Rho=1.233703, Grad_norm=0.8106, Final_scale=1.2337
🚀 APPLYING GUIDANCE at step 25 (timestep=749)
🎯 GUIDANCE STEP 25 (t=749): Loss=0.5918, Rho=5.839898, Grad_norm=0.1712, Final_scale=5.8399
🚀 APPLYING GUIDANCE at step 26 (timestep=734)
🎯 GUIDANCE STEP 26 (t=734): Loss=0.5918, Rho=4.198690, Grad_norm=0.2382, Final_scale=4.1987
🚀 APPLYING GUIDANCE at step 27 (timestep=718)
🎯 GUIDANCE STEP 27 (t=718): Loss=0.5913, Rho=10.925839, Grad_norm=0.0915, Final_scale=10.9258
🚀 APPLYING GUIDANCE at step 28 (timestep=701)
🎯 GUIDANCE STEP 28 (t=701): Loss=0.5928, Rho=2.871167, Grad_norm=0.3483, Final_scale=2.8712
🚀 APPLYING GUIDANCE at step 29 (timestep=684)
🎯 GUIDANCE STEP 29 (t=684): Loss=0.5898, Rho=6.447356, Grad_norm=0.1551, Final_scale=6.4474
🚀 APPLYING GUIDANCE at step 30 (timestep=666)
🎯 GUIDANCE STEP 30 (t=666): Loss=0.5933, Rho=9.113727, Grad_norm=0.1097, Final_scale=9.1137
🚀 APPLYING GUIDANCE at step 31 (timestep=647)
🎯 GUIDANCE STEP 31 (t=647): Loss=0.5879, Rho=5.672671, Grad_norm=0.1763, Final_scale=5.6727
🚀 APPLYING GUIDANCE at step 32 (timestep=627)
🎯 GUIDANCE STEP 32 (t=627): Loss=0.5874, Rho=2.904335, Grad_norm=0.3443, Final_scale=2.9043
🚀 APPLYING GUIDANCE at step 33 (timestep=606)
🎯 GUIDANCE STEP 33 (t=606): Loss=0.5898, Rho=3.061665, Grad_norm=0.3266, Final_scale=3.0617
🚀 APPLYING GUIDANCE at step 34 (timestep=585)
🎯 GUIDANCE STEP 34 (t=585): Loss=0.5889, Rho=3.180956, Grad_norm=0.3144, Final_scale=3.1810
🚀 APPLYING GUIDANCE at step 35 (timestep=562)
🎯 GUIDANCE STEP 35 (t=562): Loss=0.5898, Rho=1.804596, Grad_norm=0.5541, Final_scale=1.8046
🚀 APPLYING GUIDANCE at step 36 (timestep=538)
🎯 GUIDANCE STEP 36 (t=538): Loss=0.5918, Rho=14.188751, Grad_norm=0.0705, Final_scale=14.1888
🚀 APPLYING GUIDANCE at step 37 (timestep=512)
🎯 GUIDANCE STEP 37 (t=512): Loss=0.5913, Rho=16.528820, Grad_norm=0.0605, Final_scale=16.5288
🚀 APPLYING GUIDANCE at step 38 (timestep=486)
🎯 GUIDANCE STEP 38 (t=486): Loss=0.5938, Rho=13.718170, Grad_norm=0.0729, Final_scale=13.7182
🚀 APPLYING GUIDANCE at step 39 (timestep=458)
🎯 GUIDANCE STEP 39 (t=458): Loss=0.5957, Rho=17.529802, Grad_norm=0.0570, Final_scale=17.5298
🚀 APPLYING GUIDANCE at step 40 (timestep=428)
🎯 GUIDANCE STEP 40 (t=428): Loss=0.5952, Rho=8.310133, Grad_norm=0.1203, Final_scale=8.3101
🚀 APPLYING GUIDANCE at step 41 (timestep=396)
🎯 GUIDANCE STEP 41 (t=396): Loss=0.5952, Rho=7.027922, Grad_norm=0.1423, Final_scale=7.0279
🚀 APPLYING GUIDANCE at step 42 (timestep=363)
🎯 GUIDANCE STEP 42 (t=363): Loss=0.5933, Rho=8.470232, Grad_norm=0.1181, Final_scale=8.4702
🚀 APPLYING GUIDANCE at step 43 (timestep=327)
🎯 GUIDANCE STEP 43 (t=327): Loss=0.5942, Rho=16.206146, Grad_norm=0.0617, Final_scale=16.2061
🚀 APPLYING GUIDANCE at step 44 (timestep=290)
🎯 GUIDANCE STEP 44 (t=290): Loss=0.5938, Rho=8.315696, Grad_norm=0.1203, Final_scale=8.3157
🚀 APPLYING GUIDANCE at step 45 (timestep=249)
🎯 GUIDANCE STEP 45 (t=249): Loss=0.5981, Rho=12.704290, Grad_norm=0.0787, Final_scale=12.7043
🚀 APPLYING GUIDANCE at step 46 (timestep=206)
🎯 GUIDANCE STEP 46 (t=206): Loss=0.5962, Rho=15.158561, Grad_norm=0.0660, Final_scale=15.1586
🚀 APPLYING GUIDANCE at step 47 (timestep=160)
🎯 GUIDANCE STEP 47 (t=160): Loss=0.5913, Rho=6.376067, Grad_norm=0.1568, Final_scale=6.3761
🚀 APPLYING GUIDANCE at step 48 (timestep=111)
🎯 GUIDANCE STEP 48 (t=111): Loss=0.5967, Rho=9.726895, Grad_norm=0.1028, Final_scale=9.7269
🚀 APPLYING GUIDANCE at step 49 (timestep=57)
🎯 GUIDANCE STEP 49 (t=57): Loss=0.5942, Rho=15.291148, Grad_norm=0.0654, Final_scale=15.2911
[guidance_f17_s50_w8c6_rho1.0_cfg5.0_0701_1448] Generated: generated_videos/subject_consistency/guidance_f17_s50_w8c6_rho1.0_cfg5.0_0701_1448/004_a_truck_anchored_in_a_tranquil_bay.mp4
[guidance_f17_s50_w8c6_rho1.0_cfg5.0_0701_1448] Generating video 6/9 (guidance): a truck stuck in traffic during rush hour
🎬 STARTING GUIDANCE PIPELINE GENERATION
   Frames: 17, Steps: 50, CFG Scale: 5.0

🔧 GUIDANCE PIPELINE CONFIGURATION:
   Guidance range: 0 - 1001
   Rho scale: 1.0
   V-JEPA kernel_size: 8
   V-JEPA context_length: 6
   V-JEPA stride: 2
   V-JEPA mode: max
   Total timesteps: 50

🚀 APPLYING GUIDANCE at step 0 (timestep=999)
🎯 GUIDANCE STEP 0 (t=999): Loss=0.5576, Rho=22.996023, Grad_norm=0.0435, Final_scale=22.9960
🚀 APPLYING GUIDANCE at step 1 (timestep=992)
🎯 GUIDANCE STEP 1 (t=992): Loss=0.5405, Rho=35.185162, Grad_norm=0.0284, Final_scale=35.1852
🚀 APPLYING GUIDANCE at step 2 (timestep=985)
🎯 GUIDANCE STEP 2 (t=985): Loss=0.5361, Rho=29.654358, Grad_norm=0.0337, Final_scale=29.6544
🚀 APPLYING GUIDANCE at step 3 (timestep=978)
🎯 GUIDANCE STEP 3 (t=978): Loss=0.5488, Rho=23.363659, Grad_norm=0.0428, Final_scale=23.3637
🚀 APPLYING GUIDANCE at step 4 (timestep=971)
🎯 GUIDANCE STEP 4 (t=971): Loss=0.5562, Rho=13.323034, Grad_norm=0.0751, Final_scale=13.3230
🚀 APPLYING GUIDANCE at step 5 (timestep=963)
🎯 GUIDANCE STEP 5 (t=963): Loss=0.5645, Rho=8.980053, Grad_norm=0.1114, Final_scale=8.9801
🚀 APPLYING GUIDANCE at step 6 (timestep=956)
🎯 GUIDANCE STEP 6 (t=956): Loss=0.5889, Rho=8.640942, Grad_norm=0.1157, Final_scale=8.6409
🚀 APPLYING GUIDANCE at step 7 (timestep=948)
🎯 GUIDANCE STEP 7 (t=948): Loss=0.6006, Rho=6.922371, Grad_norm=0.1445, Final_scale=6.9224
🚀 APPLYING GUIDANCE at step 8 (timestep=939)
🎯 GUIDANCE STEP 8 (t=939): Loss=0.6147, Rho=9.502582, Grad_norm=0.1052, Final_scale=9.5026
🚀 APPLYING GUIDANCE at step 9 (timestep=931)
🎯 GUIDANCE STEP 9 (t=931): Loss=0.6143, Rho=9.256774, Grad_norm=0.1080, Final_scale=9.2568
🚀 APPLYING GUIDANCE at step 10 (timestep=922)
🎯 GUIDANCE STEP 10 (t=922): Loss=0.6201, Rho=6.467738, Grad_norm=0.1546, Final_scale=6.4677
🚀 APPLYING GUIDANCE at step 11 (timestep=913)
🎯 GUIDANCE STEP 11 (t=913): Loss=0.6265, Rho=4.226304, Grad_norm=0.2366, Final_scale=4.2263
🚀 APPLYING GUIDANCE at step 12 (timestep=904)
🎯 GUIDANCE STEP 12 (t=904): Loss=0.6235, Rho=3.867020, Grad_norm=0.2586, Final_scale=3.8670
🚀 APPLYING GUIDANCE at step 13 (timestep=894)
🎯 GUIDANCE STEP 13 (t=894): Loss=0.6294, Rho=3.064949, Grad_norm=0.3263, Final_scale=3.0649
🚀 APPLYING GUIDANCE at step 14 (timestep=884)
🎯 GUIDANCE STEP 14 (t=884): Loss=0.6401, Rho=5.107371, Grad_norm=0.1958, Final_scale=5.1074
🚀 APPLYING GUIDANCE at step 15 (timestep=874)
🎯 GUIDANCE STEP 15 (t=874): Loss=0.6367, Rho=3.364888, Grad_norm=0.2972, Final_scale=3.3649
🚀 APPLYING GUIDANCE at step 16 (timestep=864)
🎯 GUIDANCE STEP 16 (t=864): Loss=0.6304, Rho=1.956043, Grad_norm=0.5112, Final_scale=1.9560
🚀 APPLYING GUIDANCE at step 17 (timestep=853)
🎯 GUIDANCE STEP 17 (t=853): Loss=0.6372, Rho=6.169105, Grad_norm=0.1621, Final_scale=6.1691
🚀 APPLYING GUIDANCE at step 18 (timestep=841)
🎯 GUIDANCE STEP 18 (t=841): Loss=0.6357, Rho=2.596726, Grad_norm=0.3851, Final_scale=2.5967
🚀 APPLYING GUIDANCE at step 19 (timestep=829)
🎯 GUIDANCE STEP 19 (t=829): Loss=0.6362, Rho=6.128875, Grad_norm=0.1632, Final_scale=6.1289
🚀 APPLYING GUIDANCE at step 20 (timestep=817)
🎯 GUIDANCE STEP 20 (t=817): Loss=0.6367, Rho=2.406265, Grad_norm=0.4156, Final_scale=2.4063
🚀 APPLYING GUIDANCE at step 21 (timestep=805)
🎯 GUIDANCE STEP 21 (t=805): Loss=0.6382, Rho=8.631071, Grad_norm=0.1159, Final_scale=8.6311
🚀 APPLYING GUIDANCE at step 22 (timestep=792)
🎯 GUIDANCE STEP 22 (t=792): Loss=0.6396, Rho=5.825608, Grad_norm=0.1717, Final_scale=5.8256
🚀 APPLYING GUIDANCE at step 23 (timestep=778)
🎯 GUIDANCE STEP 23 (t=778): Loss=0.6372, Rho=5.496462, Grad_norm=0.1819, Final_scale=5.4965
🚀 APPLYING GUIDANCE at step 24 (timestep=764)
🎯 GUIDANCE STEP 24 (t=764): Loss=0.6367, Rho=1.548424, Grad_norm=0.6458, Final_scale=1.5484
🚀 APPLYING GUIDANCE at step 25 (timestep=749)
🎯 GUIDANCE STEP 25 (t=749): Loss=0.6367, Rho=5.804924, Grad_norm=0.1723, Final_scale=5.8049
🚀 APPLYING GUIDANCE at step 26 (timestep=734)
🎯 GUIDANCE STEP 26 (t=734): Loss=0.6367, Rho=8.048993, Grad_norm=0.1242, Final_scale=8.0490
🚀 APPLYING GUIDANCE at step 27 (timestep=718)
🎯 GUIDANCE STEP 27 (t=718): Loss=0.6328, Rho=4.263343, Grad_norm=0.2346, Final_scale=4.2633
🚀 APPLYING GUIDANCE at step 28 (timestep=701)
🎯 GUIDANCE STEP 28 (t=701): Loss=0.6343, Rho=9.206949, Grad_norm=0.1086, Final_scale=9.2069
🚀 APPLYING GUIDANCE at step 29 (timestep=684)
🎯 GUIDANCE STEP 29 (t=684): Loss=0.6357, Rho=3.702461, Grad_norm=0.2701, Final_scale=3.7025
🚀 APPLYING GUIDANCE at step 30 (timestep=666)
🎯 GUIDANCE STEP 30 (t=666): Loss=0.6338, Rho=6.157675, Grad_norm=0.1624, Final_scale=6.1577
🚀 APPLYING GUIDANCE at step 31 (timestep=647)
🎯 GUIDANCE STEP 31 (t=647): Loss=0.6328, Rho=5.377014, Grad_norm=0.1860, Final_scale=5.3770
🚀 APPLYING GUIDANCE at step 32 (timestep=627)
🎯 GUIDANCE STEP 32 (t=627): Loss=0.6338, Rho=7.793163, Grad_norm=0.1283, Final_scale=7.7932
🚀 APPLYING GUIDANCE at step 33 (timestep=606)
🎯 GUIDANCE STEP 33 (t=606): Loss=0.6333, Rho=2.991070, Grad_norm=0.3343, Final_scale=2.9911
🚀 APPLYING GUIDANCE at step 34 (timestep=585)
🎯 GUIDANCE STEP 34 (t=585): Loss=0.6362, Rho=6.009680, Grad_norm=0.1664, Final_scale=6.0097
🚀 APPLYING GUIDANCE at step 35 (timestep=562)
🎯 GUIDANCE STEP 35 (t=562): Loss=0.6343, Rho=14.867872, Grad_norm=0.0673, Final_scale=14.8679
🚀 APPLYING GUIDANCE at step 36 (timestep=538)
🎯 GUIDANCE STEP 36 (t=538): Loss=0.6313, Rho=3.787408, Grad_norm=0.2640, Final_scale=3.7874
🚀 APPLYING GUIDANCE at step 37 (timestep=512)
🎯 GUIDANCE STEP 37 (t=512): Loss=0.6333, Rho=15.431253, Grad_norm=0.0648, Final_scale=15.4313
🚀 APPLYING GUIDANCE at step 38 (timestep=486)
🎯 GUIDANCE STEP 38 (t=486): Loss=0.6333, Rho=22.411961, Grad_norm=0.0446, Final_scale=22.4120
🚀 APPLYING GUIDANCE at step 39 (timestep=458)
🎯 GUIDANCE STEP 39 (t=458): Loss=0.6333, Rho=17.783699, Grad_norm=0.0562, Final_scale=17.7837
🚀 APPLYING GUIDANCE at step 40 (timestep=428)
🎯 GUIDANCE STEP 40 (t=428): Loss=0.6328, Rho=17.134634, Grad_norm=0.0584, Final_scale=17.1346
🚀 APPLYING GUIDANCE at step 41 (timestep=396)
🎯 GUIDANCE STEP 41 (t=396): Loss=0.6313, Rho=24.338169, Grad_norm=0.0411, Final_scale=24.3382
🚀 APPLYING GUIDANCE at step 42 (timestep=363)
🎯 GUIDANCE STEP 42 (t=363): Loss=0.6323, Rho=15.727826, Grad_norm=0.0636, Final_scale=15.7278
🚀 APPLYING GUIDANCE at step 43 (timestep=327)
🎯 GUIDANCE STEP 43 (t=327): Loss=0.6328, Rho=23.553068, Grad_norm=0.0425, Final_scale=23.5531
🚀 APPLYING GUIDANCE at step 44 (timestep=290)
🎯 GUIDANCE STEP 44 (t=290): Loss=0.6328, Rho=16.658213, Grad_norm=0.0600, Final_scale=16.6582
🚀 APPLYING GUIDANCE at step 45 (timestep=249)
🎯 GUIDANCE STEP 45 (t=249): Loss=0.6338, Rho=23.366758, Grad_norm=0.0428, Final_scale=23.3668
🚀 APPLYING GUIDANCE at step 46 (timestep=206)
🎯 GUIDANCE STEP 46 (t=206): Loss=0.6333, Rho=28.272226, Grad_norm=0.0354, Final_scale=28.2722
🚀 APPLYING GUIDANCE at step 47 (timestep=160)
🎯 GUIDANCE STEP 47 (t=160): Loss=0.6328, Rho=29.621756, Grad_norm=0.0338, Final_scale=29.6218
🚀 APPLYING GUIDANCE at step 48 (timestep=111)
🎯 GUIDANCE STEP 48 (t=111): Loss=0.6323, Rho=29.060394, Grad_norm=0.0344, Final_scale=29.0604
🚀 APPLYING GUIDANCE at step 49 (timestep=57)
🎯 GUIDANCE STEP 49 (t=57): Loss=0.6313, Rho=25.949825, Grad_norm=0.0385, Final_scale=25.9498
[guidance_f17_s50_w8c6_rho1.0_cfg5.0_0701_1448] Generated: generated_videos/subject_consistency/guidance_f17_s50_w8c6_rho1.0_cfg5.0_0701_1448/004_a_zebra_running_to_join_a_herd_of_its_kind.mp4
[guidance_f17_s50_w8c6_rho1.0_cfg5.0_0701_1448] Generating video 6/9 (guidance): a zebra taking a peaceful walk
🎬 STARTING GUIDANCE PIPELINE GENERATION
   Frames: 17, Steps: 50, CFG Scale: 5.0

🔧 GUIDANCE PIPELINE CONFIGURATION:
   Guidance range: 0 - 1001
   Rho scale: 1.0
   V-JEPA kernel_size: 8
   V-JEPA context_length: 6
   V-JEPA stride: 2
   V-JEPA mode: max
   Total timesteps: 50

🚀 APPLYING GUIDANCE at step 0 (timestep=999)
🎯 GUIDANCE STEP 0 (t=999): Loss=0.5352, Rho=27.404709, Grad_norm=0.0365, Final_scale=27.4047
🚀 APPLYING GUIDANCE at step 1 (timestep=992)
🎯 GUIDANCE STEP 1 (t=992): Loss=0.5479, Rho=18.722683, Grad_norm=0.0534, Final_scale=18.7227
🚀 APPLYING GUIDANCE at step 2 (timestep=985)
🎯 GUIDANCE STEP 2 (t=985): Loss=0.5430, Rho=23.053194, Grad_norm=0.0434, Final_scale=23.0532
🚀 APPLYING GUIDANCE at step 3 (timestep=978)
🎯 GUIDANCE STEP 3 (t=978): Loss=0.5679, Rho=20.497694, Grad_norm=0.0488, Final_scale=20.4977
🚀 APPLYING GUIDANCE at step 4 (timestep=971)
🎯 GUIDANCE STEP 4 (t=971): Loss=0.5620, Rho=12.895494, Grad_norm=0.0775, Final_scale=12.8955
🚀 APPLYING GUIDANCE at step 5 (timestep=963)
🎯 GUIDANCE STEP 5 (t=963): Loss=0.5635, Rho=20.935049, Grad_norm=0.0478, Final_scale=20.9350
🚀 APPLYING GUIDANCE at step 6 (timestep=956)
🎯 GUIDANCE STEP 6 (t=956): Loss=0.5747, Rho=17.975351, Grad_norm=0.0556, Final_scale=17.9754
🚀 APPLYING GUIDANCE at step 7 (timestep=948)
🎯 GUIDANCE STEP 7 (t=948): Loss=0.5879, Rho=8.767243, Grad_norm=0.1141, Final_scale=8.7672
🚀 APPLYING GUIDANCE at step 8 (timestep=939)
🎯 GUIDANCE STEP 8 (t=939): Loss=0.5942, Rho=4.582489, Grad_norm=0.2182, Final_scale=4.5825
🚀 APPLYING GUIDANCE at step 9 (timestep=931)
🎯 GUIDANCE STEP 9 (t=931): Loss=0.5815, Rho=13.490437, Grad_norm=0.0741, Final_scale=13.4904
🚀 APPLYING GUIDANCE at step 10 (timestep=922)
🎯 GUIDANCE STEP 10 (t=922): Loss=0.5903, Rho=4.593795, Grad_norm=0.2177, Final_scale=4.5938
🚀 APPLYING GUIDANCE at step 11 (timestep=913)
🎯 GUIDANCE STEP 11 (t=913): Loss=0.5850, Rho=10.419607, Grad_norm=0.0960, Final_scale=10.4196
🚀 APPLYING GUIDANCE at step 12 (timestep=904)
🎯 GUIDANCE STEP 12 (t=904): Loss=0.5796, Rho=12.756065, Grad_norm=0.0784, Final_scale=12.7561
🚀 APPLYING GUIDANCE at step 13 (timestep=894)
🎯 GUIDANCE STEP 13 (t=894): Loss=0.5796, Rho=6.632689, Grad_norm=0.1508, Final_scale=6.6327
🚀 APPLYING GUIDANCE at step 14 (timestep=884)
🎯 GUIDANCE STEP 14 (t=884): Loss=0.5757, Rho=4.752385, Grad_norm=0.2104, Final_scale=4.7524
🚀 APPLYING GUIDANCE at step 15 (timestep=874)
🎯 GUIDANCE STEP 15 (t=874): Loss=0.5767, Rho=6.262609, Grad_norm=0.1597, Final_scale=6.2626
🚀 APPLYING GUIDANCE at step 16 (timestep=864)
🎯 GUIDANCE STEP 16 (t=864): Loss=0.5757, Rho=2.885587, Grad_norm=0.3465, Final_scale=2.8856
🚀 APPLYING GUIDANCE at step 17 (timestep=853)
🎯 GUIDANCE STEP 17 (t=853): Loss=0.5796, Rho=3.507937, Grad_norm=0.2851, Final_scale=3.5079
🚀 APPLYING GUIDANCE at step 18 (timestep=841)
🎯 GUIDANCE STEP 18 (t=841): Loss=0.5928, Rho=4.062769, Grad_norm=0.2461, Final_scale=4.0628
🚀 APPLYING GUIDANCE at step 19 (timestep=829)
🎯 GUIDANCE STEP 19 (t=829): Loss=0.5898, Rho=5.516869, Grad_norm=0.1813, Final_scale=5.5169
🚀 APPLYING GUIDANCE at step 20 (timestep=817)
🎯 GUIDANCE STEP 20 (t=817): Loss=0.5952, Rho=5.319338, Grad_norm=0.1880, Final_scale=5.3193
🚀 APPLYING GUIDANCE at step 21 (timestep=805)
🎯 GUIDANCE STEP 21 (t=805): Loss=0.5957, Rho=4.758011, Grad_norm=0.2102, Final_scale=4.7580
🚀 APPLYING GUIDANCE at step 22 (timestep=792)
🎯 GUIDANCE STEP 22 (t=792): Loss=0.6025, Rho=3.410355, Grad_norm=0.2932, Final_scale=3.4104
🚀 APPLYING GUIDANCE at step 23 (timestep=778)
🎯 GUIDANCE STEP 23 (t=778): Loss=0.6035, Rho=5.614807, Grad_norm=0.1781, Final_scale=5.6148
🚀 APPLYING GUIDANCE at step 24 (timestep=764)
🎯 GUIDANCE STEP 24 (t=764): Loss=0.6079, Rho=5.365311, Grad_norm=0.1864, Final_scale=5.3653
🚀 APPLYING GUIDANCE at step 25 (timestep=749)
🎯 GUIDANCE STEP 25 (t=749): Loss=0.6108, Rho=3.313040, Grad_norm=0.3018, Final_scale=3.3130
🚀 APPLYING GUIDANCE at step 26 (timestep=734)
🎯 GUIDANCE STEP 26 (t=734): Loss=0.6064, Rho=6.670688, Grad_norm=0.1499, Final_scale=6.6707
🚀 APPLYING GUIDANCE at step 27 (timestep=718)
🎯 GUIDANCE STEP 27 (t=718): Loss=0.6050, Rho=5.285031, Grad_norm=0.1892, Final_scale=5.2850
🚀 APPLYING GUIDANCE at step 28 (timestep=701)
🎯 GUIDANCE STEP 28 (t=701): Loss=0.6069, Rho=9.965682, Grad_norm=0.1003, Final_scale=9.9657
🚀 APPLYING GUIDANCE at step 29 (timestep=684)
🎯 GUIDANCE STEP 29 (t=684): Loss=0.6045, Rho=7.716885, Grad_norm=0.1296, Final_scale=7.7169
🚀 APPLYING GUIDANCE at step 30 (timestep=666)
🎯 GUIDANCE STEP 30 (t=666): Loss=0.6040, Rho=3.408875, Grad_norm=0.2934, Final_scale=3.4089
🚀 APPLYING GUIDANCE at step 31 (timestep=647)
🎯 GUIDANCE STEP 31 (t=647): Loss=0.6084, Rho=1.984360, Grad_norm=0.5039, Final_scale=1.9844
🚀 APPLYING GUIDANCE at step 32 (timestep=627)
🎯 GUIDANCE STEP 32 (t=627): Loss=0.6084, Rho=2.349523, Grad_norm=0.4256, Final_scale=2.3495
🚀 APPLYING GUIDANCE at step 33 (timestep=606)
🎯 GUIDANCE STEP 33 (t=606): Loss=0.6055, Rho=2.310524, Grad_norm=0.4328, Final_scale=2.3105
🚀 APPLYING GUIDANCE at step 34 (timestep=585)
🎯 GUIDANCE STEP 34 (t=585): Loss=0.6064, Rho=1.740949, Grad_norm=0.5744, Final_scale=1.7409
🚀 APPLYING GUIDANCE at step 35 (timestep=562)
🎯 GUIDANCE STEP 35 (t=562): Loss=0.6060, Rho=5.044762, Grad_norm=0.1982, Final_scale=5.0448
🚀 APPLYING GUIDANCE at step 36 (timestep=538)
🎯 GUIDANCE STEP 36 (t=538): Loss=0.6006, Rho=14.586880, Grad_norm=0.0686, Final_scale=14.5869
🚀 APPLYING GUIDANCE at step 37 (timestep=512)
🎯 GUIDANCE STEP 37 (t=512): Loss=0.6074, Rho=11.291053, Grad_norm=0.0886, Final_scale=11.2911
🚀 APPLYING GUIDANCE at step 38 (timestep=486)
🎯 GUIDANCE STEP 38 (t=486): Loss=0.6055, Rho=9.683357, Grad_norm=0.1033, Final_scale=9.6834
🚀 APPLYING GUIDANCE at step 39 (timestep=458)
🎯 GUIDANCE STEP 39 (t=458): Loss=0.6045, Rho=6.133066, Grad_norm=0.1631, Final_scale=6.1331
🚀 APPLYING GUIDANCE at step 40 (timestep=428)
🎯 GUIDANCE STEP 40 (t=428): Loss=0.6055, Rho=13.949070, Grad_norm=0.0717, Final_scale=13.9491
🚀 APPLYING GUIDANCE at step 41 (timestep=396)
🎯 GUIDANCE STEP 41 (t=396): Loss=0.6069, Rho=1.944117, Grad_norm=0.5144, Final_scale=1.9441
🚀 APPLYING GUIDANCE at step 42 (timestep=363)
🎯 GUIDANCE STEP 42 (t=363): Loss=0.6060, Rho=4.597421, Grad_norm=0.2175, Final_scale=4.5974
🚀 APPLYING GUIDANCE at step 43 (timestep=327)
🎯 GUIDANCE STEP 43 (t=327): Loss=0.6025, Rho=10.774814, Grad_norm=0.0928, Final_scale=10.7748
🚀 APPLYING GUIDANCE at step 44 (timestep=290)
🎯 GUIDANCE STEP 44 (t=290): Loss=0.6069, Rho=12.439116, Grad_norm=0.0804, Final_scale=12.4391
🚀 APPLYING GUIDANCE at step 45 (timestep=249)
🎯 GUIDANCE STEP 45 (t=249): Loss=0.6050, Rho=15.323627, Grad_norm=0.0653, Final_scale=15.3236
🚀 APPLYING GUIDANCE at step 46 (timestep=206)
🎯 GUIDANCE STEP 46 (t=206): Loss=0.6045, Rho=20.975143, Grad_norm=0.0477, Final_scale=20.9751
🚀 APPLYING GUIDANCE at step 47 (timestep=160)
🎯 GUIDANCE STEP 47 (t=160): Loss=0.6045, Rho=12.137109, Grad_norm=0.0824, Final_scale=12.1371
🚀 APPLYING GUIDANCE at step 48 (timestep=111)
🎯 GUIDANCE STEP 48 (t=111): Loss=0.6079, Rho=9.706223, Grad_norm=0.1030, Final_scale=9.7062
🚀 APPLYING GUIDANCE at step 49 (timestep=57)
🎯 GUIDANCE STEP 49 (t=57): Loss=0.6050, Rho=12.469164, Grad_norm=0.0802, Final_scale=12.4692
[guidance_f17_s50_w8c6_rho1.0_cfg5.0_0701_1448] Generated: generated_videos/subject_consistency/guidance_f17_s50_w8c6_rho1.0_cfg5.0_0701_1448/004_an_airplane_landing_smoothly_on_a_runway.mp4
[guidance_f17_s50_w8c6_rho1.0_cfg5.0_0701_1448] Generating video 6/9 (guidance): an airplane accelerating to gain speed
🎬 STARTING GUIDANCE PIPELINE GENERATION
   Frames: 17, Steps: 50, CFG Scale: 5.0

🔧 GUIDANCE PIPELINE CONFIGURATION:
   Guidance range: 0 - 1001
   Rho scale: 1.0
   V-JEPA kernel_size: 8
   V-JEPA context_length: 6
   V-JEPA stride: 2
   V-JEPA mode: max
   Total timesteps: 50

🚀 APPLYING GUIDANCE at step 0 (timestep=999)
🎯 GUIDANCE STEP 0 (t=999): Loss=0.5405, Rho=43.909420, Grad_norm=0.0228, Final_scale=43.9094
🚀 APPLYING GUIDANCE at step 1 (timestep=992)
🎯 GUIDANCE STEP 1 (t=992): Loss=0.5767, Rho=14.694026, Grad_norm=0.0681, Final_scale=14.6940
🚀 APPLYING GUIDANCE at step 2 (timestep=985)
🎯 GUIDANCE STEP 2 (t=985): Loss=0.5879, Rho=4.702289, Grad_norm=0.2127, Final_scale=4.7023
🚀 APPLYING GUIDANCE at step 3 (timestep=978)
🎯 GUIDANCE STEP 3 (t=978): Loss=0.5757, Rho=16.592834, Grad_norm=0.0603, Final_scale=16.5928
🚀 APPLYING GUIDANCE at step 4 (timestep=971)
🎯 GUIDANCE STEP 4 (t=971): Loss=0.6021, Rho=12.558230, Grad_norm=0.0796, Final_scale=12.5582
🚀 APPLYING GUIDANCE at step 5 (timestep=963)
🎯 GUIDANCE STEP 5 (t=963): Loss=0.6094, Rho=9.985153, Grad_norm=0.1001, Final_scale=9.9852
🚀 APPLYING GUIDANCE at step 6 (timestep=956)
🎯 GUIDANCE STEP 6 (t=956): Loss=0.6094, Rho=6.803376, Grad_norm=0.1470, Final_scale=6.8034
🚀 APPLYING GUIDANCE at step 7 (timestep=948)
🎯 GUIDANCE STEP 7 (t=948): Loss=0.6157, Rho=12.215866, Grad_norm=0.0819, Final_scale=12.2159
🚀 APPLYING GUIDANCE at step 8 (timestep=939)
🎯 GUIDANCE STEP 8 (t=939): Loss=0.6147, Rho=8.497242, Grad_norm=0.1177, Final_scale=8.4972
🚀 APPLYING GUIDANCE at step 9 (timestep=931)
🎯 GUIDANCE STEP 9 (t=931): Loss=0.6152, Rho=8.021767, Grad_norm=0.1247, Final_scale=8.0218
🚀 APPLYING GUIDANCE at step 10 (timestep=922)
🎯 GUIDANCE STEP 10 (t=922): Loss=0.6138, Rho=9.336776, Grad_norm=0.1071, Final_scale=9.3368
🚀 APPLYING GUIDANCE at step 11 (timestep=913)
🎯 GUIDANCE STEP 11 (t=913): Loss=0.6143, Rho=7.171546, Grad_norm=0.1394, Final_scale=7.1715
🚀 APPLYING GUIDANCE at step 12 (timestep=904)
🎯 GUIDANCE STEP 12 (t=904): Loss=0.6162, Rho=6.979311, Grad_norm=0.1433, Final_scale=6.9793
🚀 APPLYING GUIDANCE at step 13 (timestep=894)
🎯 GUIDANCE STEP 13 (t=894): Loss=0.6157, Rho=5.123423, Grad_norm=0.1952, Final_scale=5.1234
🚀 APPLYING GUIDANCE at step 14 (timestep=884)
🎯 GUIDANCE STEP 14 (t=884): Loss=0.6162, Rho=5.109736, Grad_norm=0.1957, Final_scale=5.1097
🚀 APPLYING GUIDANCE at step 15 (timestep=874)
🎯 GUIDANCE STEP 15 (t=874): Loss=0.6172, Rho=12.964643, Grad_norm=0.0771, Final_scale=12.9646
🚀 APPLYING GUIDANCE at step 16 (timestep=864)
🎯 GUIDANCE STEP 16 (t=864): Loss=0.6123, Rho=11.479317, Grad_norm=0.0871, Final_scale=11.4793
🚀 APPLYING GUIDANCE at step 17 (timestep=853)
🎯 GUIDANCE STEP 17 (t=853): Loss=0.6133, Rho=12.044389, Grad_norm=0.0830, Final_scale=12.0444
🚀 APPLYING GUIDANCE at step 18 (timestep=841)
🎯 GUIDANCE STEP 18 (t=841): Loss=0.6167, Rho=4.584353, Grad_norm=0.2181, Final_scale=4.5844
🚀 APPLYING GUIDANCE at step 19 (timestep=829)
🎯 GUIDANCE STEP 19 (t=829): Loss=0.6206, Rho=7.059000, Grad_norm=0.1417, Final_scale=7.0590
🚀 APPLYING GUIDANCE at step 20 (timestep=817)
🎯 GUIDANCE STEP 20 (t=817): Loss=0.6172, Rho=7.191806, Grad_norm=0.1390, Final_scale=7.1918
🚀 APPLYING GUIDANCE at step 21 (timestep=805)
🎯 GUIDANCE STEP 21 (t=805): Loss=0.6211, Rho=7.130458, Grad_norm=0.1402, Final_scale=7.1305
🚀 APPLYING GUIDANCE at step 22 (timestep=792)
🎯 GUIDANCE STEP 22 (t=792): Loss=0.6187, Rho=6.005010, Grad_norm=0.1665, Final_scale=6.0050
🚀 APPLYING GUIDANCE at step 23 (timestep=778)
🎯 GUIDANCE STEP 23 (t=778): Loss=0.6152, Rho=6.353336, Grad_norm=0.1574, Final_scale=6.3533
🚀 APPLYING GUIDANCE at step 24 (timestep=764)
🎯 GUIDANCE STEP 24 (t=764): Loss=0.6177, Rho=3.744189, Grad_norm=0.2671, Final_scale=3.7442
🚀 APPLYING GUIDANCE at step 25 (timestep=749)
🎯 GUIDANCE STEP 25 (t=749): Loss=0.6123, Rho=10.783759, Grad_norm=0.0927, Final_scale=10.7838
🚀 APPLYING GUIDANCE at step 26 (timestep=734)
🎯 GUIDANCE STEP 26 (t=734): Loss=0.6167, Rho=8.251533, Grad_norm=0.1212, Final_scale=8.2515
🚀 APPLYING GUIDANCE at step 27 (timestep=718)
🎯 GUIDANCE STEP 27 (t=718): Loss=0.6133, Rho=10.348784, Grad_norm=0.0966, Final_scale=10.3488
🚀 APPLYING GUIDANCE at step 28 (timestep=701)
🎯 GUIDANCE STEP 28 (t=701): Loss=0.6133, Rho=10.678593, Grad_norm=0.0936, Final_scale=10.6786
🚀 APPLYING GUIDANCE at step 29 (timestep=684)
🎯 GUIDANCE STEP 29 (t=684): Loss=0.6138, Rho=6.704127, Grad_norm=0.1492, Final_scale=6.7041
🚀 APPLYING GUIDANCE at step 30 (timestep=666)
🎯 GUIDANCE STEP 30 (t=666): Loss=0.6128, Rho=8.526322, Grad_norm=0.1173, Final_scale=8.5263
🚀 APPLYING GUIDANCE at step 31 (timestep=647)
🎯 GUIDANCE STEP 31 (t=647): Loss=0.6162, Rho=2.321172, Grad_norm=0.4308, Final_scale=2.3212
🚀 APPLYING GUIDANCE at step 32 (timestep=627)
🎯 GUIDANCE STEP 32 (t=627): Loss=0.6162, Rho=7.907967, Grad_norm=0.1265, Final_scale=7.9080
🚀 APPLYING GUIDANCE at step 33 (timestep=606)
🎯 GUIDANCE STEP 33 (t=606): Loss=0.6138, Rho=11.031697, Grad_norm=0.0906, Final_scale=11.0317
🚀 APPLYING GUIDANCE at step 34 (timestep=585)
🎯 GUIDANCE STEP 34 (t=585): Loss=0.6143, Rho=10.905842, Grad_norm=0.0917, Final_scale=10.9058
🚀 APPLYING GUIDANCE at step 35 (timestep=562)
🎯 GUIDANCE STEP 35 (t=562): Loss=0.6128, Rho=11.589346, Grad_norm=0.0863, Final_scale=11.5893
🚀 APPLYING GUIDANCE at step 36 (timestep=538)
🎯 GUIDANCE STEP 36 (t=538): Loss=0.6118, Rho=7.946086, Grad_norm=0.1258, Final_scale=7.9461
🚀 APPLYING GUIDANCE at step 37 (timestep=512)
🎯 GUIDANCE STEP 37 (t=512): Loss=0.6094, Rho=7.373866, Grad_norm=0.1356, Final_scale=7.3739
🚀 APPLYING GUIDANCE at step 38 (timestep=486)
🎯 GUIDANCE STEP 38 (t=486): Loss=0.6133, Rho=12.241846, Grad_norm=0.0817, Final_scale=12.2418
🚀 APPLYING GUIDANCE at step 39 (timestep=458)
🎯 GUIDANCE STEP 39 (t=458): Loss=0.6118, Rho=10.608070, Grad_norm=0.0943, Final_scale=10.6081
🚀 APPLYING GUIDANCE at step 40 (timestep=428)
🎯 GUIDANCE STEP 40 (t=428): Loss=0.6113, Rho=11.950165, Grad_norm=0.0837, Final_scale=11.9502
🚀 APPLYING GUIDANCE at step 41 (timestep=396)
🎯 GUIDANCE STEP 41 (t=396): Loss=0.6094, Rho=10.209876, Grad_norm=0.0979, Final_scale=10.2099
🚀 APPLYING GUIDANCE at step 42 (timestep=363)
🎯 GUIDANCE STEP 42 (t=363): Loss=0.6118, Rho=11.996241, Grad_norm=0.0834, Final_scale=11.9962
🚀 APPLYING GUIDANCE at step 43 (timestep=327)
🎯 GUIDANCE STEP 43 (t=327): Loss=0.6128, Rho=24.306221, Grad_norm=0.0411, Final_scale=24.3062
🚀 APPLYING GUIDANCE at step 44 (timestep=290)
🎯 GUIDANCE STEP 44 (t=290): Loss=0.6108, Rho=15.515923, Grad_norm=0.0644, Final_scale=15.5159
🚀 APPLYING GUIDANCE at step 45 (timestep=249)
🎯 GUIDANCE STEP 45 (t=249): Loss=0.6123, Rho=18.173691, Grad_norm=0.0550, Final_scale=18.1737
🚀 APPLYING GUIDANCE at step 46 (timestep=206)
🎯 GUIDANCE STEP 46 (t=206): Loss=0.6094, Rho=37.424065, Grad_norm=0.0267, Final_scale=37.4241
🚀 APPLYING GUIDANCE at step 47 (timestep=160)
🎯 GUIDANCE STEP 47 (t=160): Loss=0.6099, Rho=28.980589, Grad_norm=0.0345, Final_scale=28.9806
🚀 APPLYING GUIDANCE at step 48 (timestep=111)
🎯 GUIDANCE STEP 48 (t=111): Loss=0.6108, Rho=25.675735, Grad_norm=0.0389, Final_scale=25.6757
🚀 APPLYING GUIDANCE at step 49 (timestep=57)
🎯 GUIDANCE STEP 49 (t=57): Loss=0.6104, Rho=13.711660, Grad_norm=0.0729, Final_scale=13.7117
[guidance_f17_s50_w8c6_rho1.0_cfg5.0_0701_1448] Generated: generated_videos/subject_consistency/guidance_f17_s50_w8c6_rho1.0_cfg5.0_0701_1448/004_a_person_walking_in_the_snowstorm.mp4
[guidance_f17_s50_w8c6_rho1.0_cfg5.0_0701_1448] Generating video 6/9 (guidance): a person drinking coffee in a cafe
🎬 STARTING GUIDANCE PIPELINE GENERATION
   Frames: 17, Steps: 50, CFG Scale: 5.0

🔧 GUIDANCE PIPELINE CONFIGURATION:
   Guidance range: 0 - 1001
   Rho scale: 1.0
   V-JEPA kernel_size: 8
   V-JEPA context_length: 6
   V-JEPA stride: 2
   V-JEPA mode: max
   Total timesteps: 50

🚀 APPLYING GUIDANCE at step 0 (timestep=999)
🎯 GUIDANCE STEP 0 (t=999): Loss=0.6143, Rho=13.605549, Grad_norm=0.0735, Final_scale=13.6055
🚀 APPLYING GUIDANCE at step 1 (timestep=992)
🎯 GUIDANCE STEP 1 (t=992): Loss=0.5410, Rho=20.371544, Grad_norm=0.0491, Final_scale=20.3715
🚀 APPLYING GUIDANCE at step 2 (timestep=985)
🎯 GUIDANCE STEP 2 (t=985): Loss=0.5542, Rho=13.170522, Grad_norm=0.0759, Final_scale=13.1705
🚀 APPLYING GUIDANCE at step 3 (timestep=978)
🎯 GUIDANCE STEP 3 (t=978): Loss=0.5850, Rho=8.839749, Grad_norm=0.1131, Final_scale=8.8397
🚀 APPLYING GUIDANCE at step 4 (timestep=971)
🎯 GUIDANCE STEP 4 (t=971): Loss=0.6006, Rho=5.299196, Grad_norm=0.1887, Final_scale=5.2992
🚀 APPLYING GUIDANCE at step 5 (timestep=963)
🎯 GUIDANCE STEP 5 (t=963): Loss=0.5913, Rho=7.599313, Grad_norm=0.1316, Final_scale=7.5993
🚀 APPLYING GUIDANCE at step 6 (timestep=956)
🎯 GUIDANCE STEP 6 (t=956): Loss=0.5981, Rho=9.943779, Grad_norm=0.1006, Final_scale=9.9438
🚀 APPLYING GUIDANCE at step 7 (timestep=948)
🎯 GUIDANCE STEP 7 (t=948): Loss=0.6172, Rho=6.266178, Grad_norm=0.1596, Final_scale=6.2662
🚀 APPLYING GUIDANCE at step 8 (timestep=939)
🎯 GUIDANCE STEP 8 (t=939): Loss=0.6279, Rho=3.758198, Grad_norm=0.2661, Final_scale=3.7582
🚀 APPLYING GUIDANCE at step 9 (timestep=931)
🎯 GUIDANCE STEP 9 (t=931): Loss=0.6289, Rho=4.778576, Grad_norm=0.2093, Final_scale=4.7786
🚀 APPLYING GUIDANCE at step 10 (timestep=922)
🎯 GUIDANCE STEP 10 (t=922): Loss=0.6431, Rho=7.536286, Grad_norm=0.1327, Final_scale=7.5363
🚀 APPLYING GUIDANCE at step 11 (timestep=913)
🎯 GUIDANCE STEP 11 (t=913): Loss=0.6479, Rho=7.093347, Grad_norm=0.1410, Final_scale=7.0933
🚀 APPLYING GUIDANCE at step 12 (timestep=904)
🎯 GUIDANCE STEP 12 (t=904): Loss=0.6411, Rho=4.867630, Grad_norm=0.2054, Final_scale=4.8676
🚀 APPLYING GUIDANCE at step 13 (timestep=894)
🎯 GUIDANCE STEP 13 (t=894): Loss=0.6509, Rho=5.479832, Grad_norm=0.1825, Final_scale=5.4798
🚀 APPLYING GUIDANCE at step 14 (timestep=884)
🎯 GUIDANCE STEP 14 (t=884): Loss=0.6470, Rho=4.026674, Grad_norm=0.2483, Final_scale=4.0267
🚀 APPLYING GUIDANCE at step 15 (timestep=874)
🎯 GUIDANCE STEP 15 (t=874): Loss=0.6543, Rho=7.985151, Grad_norm=0.1252, Final_scale=7.9852
🚀 APPLYING GUIDANCE at step 16 (timestep=864)
🎯 GUIDANCE STEP 16 (t=864): Loss=0.6499, Rho=4.711780, Grad_norm=0.2122, Final_scale=4.7118
🚀 APPLYING GUIDANCE at step 17 (timestep=853)
🎯 GUIDANCE STEP 17 (t=853): Loss=0.6489, Rho=2.581020, Grad_norm=0.3874, Final_scale=2.5810
🚀 APPLYING GUIDANCE at step 18 (timestep=841)
🎯 GUIDANCE STEP 18 (t=841): Loss=0.6436, Rho=8.124917, Grad_norm=0.1231, Final_scale=8.1249
🚀 APPLYING GUIDANCE at step 19 (timestep=829)
🎯 GUIDANCE STEP 19 (t=829): Loss=0.6450, Rho=7.201924, Grad_norm=0.1389, Final_scale=7.2019
🚀 APPLYING GUIDANCE at step 20 (timestep=817)
🎯 GUIDANCE STEP 20 (t=817): Loss=0.6392, Rho=2.834025, Grad_norm=0.3529, Final_scale=2.8340
🚀 APPLYING GUIDANCE at step 21 (timestep=805)
🎯 GUIDANCE STEP 21 (t=805): Loss=0.6367, Rho=5.080396, Grad_norm=0.1968, Final_scale=5.0804
🚀 APPLYING GUIDANCE at step 22 (timestep=792)
🎯 GUIDANCE STEP 22 (t=792): Loss=0.6377, Rho=2.185523, Grad_norm=0.4576, Final_scale=2.1855
🚀 APPLYING GUIDANCE at step 23 (timestep=778)
🎯 GUIDANCE STEP 23 (t=778): Loss=0.6387, Rho=6.052835, Grad_norm=0.1652, Final_scale=6.0528
🚀 APPLYING GUIDANCE at step 24 (timestep=764)
🎯 GUIDANCE STEP 24 (t=764): Loss=0.6377, Rho=6.696715, Grad_norm=0.1493, Final_scale=6.6967
🚀 APPLYING GUIDANCE at step 25 (timestep=749)
🎯 GUIDANCE STEP 25 (t=749): Loss=0.6382, Rho=5.677589, Grad_norm=0.1761, Final_scale=5.6776
🚀 APPLYING GUIDANCE at step 26 (timestep=734)
🎯 GUIDANCE STEP 26 (t=734): Loss=0.6382, Rho=4.438636, Grad_norm=0.2253, Final_scale=4.4386
🚀 APPLYING GUIDANCE at step 27 (timestep=718)
🎯 GUIDANCE STEP 27 (t=718): Loss=0.6387, Rho=10.722843, Grad_norm=0.0933, Final_scale=10.7228
🚀 APPLYING GUIDANCE at step 28 (timestep=701)
🎯 GUIDANCE STEP 28 (t=701): Loss=0.6392, Rho=4.445397, Grad_norm=0.2250, Final_scale=4.4454
🚀 APPLYING GUIDANCE at step 29 (timestep=684)
🎯 GUIDANCE STEP 29 (t=684): Loss=0.6421, Rho=7.410680, Grad_norm=0.1349, Final_scale=7.4107
🚀 APPLYING GUIDANCE at step 30 (timestep=666)
🎯 GUIDANCE STEP 30 (t=666): Loss=0.6436, Rho=6.504412, Grad_norm=0.1537, Final_scale=6.5044
🚀 APPLYING GUIDANCE at step 31 (timestep=647)
🎯 GUIDANCE STEP 31 (t=647): Loss=0.6450, Rho=6.355633, Grad_norm=0.1573, Final_scale=6.3556
🚀 APPLYING GUIDANCE at step 32 (timestep=627)
🎯 GUIDANCE STEP 32 (t=627): Loss=0.6450, Rho=7.843264, Grad_norm=0.1275, Final_scale=7.8433
🚀 APPLYING GUIDANCE at step 33 (timestep=606)
🎯 GUIDANCE STEP 33 (t=606): Loss=0.6475, Rho=7.256061, Grad_norm=0.1378, Final_scale=7.2561
🚀 APPLYING GUIDANCE at step 34 (timestep=585)
🎯 GUIDANCE STEP 34 (t=585): Loss=0.6465, Rho=8.798076, Grad_norm=0.1137, Final_scale=8.7981
🚀 APPLYING GUIDANCE at step 35 (timestep=562)
🎯 GUIDANCE STEP 35 (t=562): Loss=0.6475, Rho=10.601266, Grad_norm=0.0943, Final_scale=10.6013
🚀 APPLYING GUIDANCE at step 36 (timestep=538)
🎯 GUIDANCE STEP 36 (t=538): Loss=0.6479, Rho=11.047862, Grad_norm=0.0905, Final_scale=11.0479
🚀 APPLYING GUIDANCE at step 37 (timestep=512)
🎯 GUIDANCE STEP 37 (t=512): Loss=0.6445, Rho=10.199737, Grad_norm=0.0980, Final_scale=10.1997
🚀 APPLYING GUIDANCE at step 38 (timestep=486)
🎯 GUIDANCE STEP 38 (t=486): Loss=0.6436, Rho=12.292858, Grad_norm=0.0813, Final_scale=12.2929
🚀 APPLYING GUIDANCE at step 39 (timestep=458)
🎯 GUIDANCE STEP 39 (t=458): Loss=0.6440, Rho=7.419680, Grad_norm=0.1348, Final_scale=7.4197
🚀 APPLYING GUIDANCE at step 40 (timestep=428)
🎯 GUIDANCE STEP 40 (t=428): Loss=0.6479, Rho=7.201746, Grad_norm=0.1389, Final_scale=7.2017
🚀 APPLYING GUIDANCE at step 41 (timestep=396)
🎯 GUIDANCE STEP 41 (t=396): Loss=0.6475, Rho=7.155881, Grad_norm=0.1397, Final_scale=7.1559
🚀 APPLYING GUIDANCE at step 42 (timestep=363)
🎯 GUIDANCE STEP 42 (t=363): Loss=0.6470, Rho=7.053996, Grad_norm=0.1418, Final_scale=7.0540
🚀 APPLYING GUIDANCE at step 43 (timestep=327)
🎯 GUIDANCE STEP 43 (t=327): Loss=0.6426, Rho=17.050678, Grad_norm=0.0586, Final_scale=17.0507
🚀 APPLYING GUIDANCE at step 44 (timestep=290)
🎯 GUIDANCE STEP 44 (t=290): Loss=0.6475, Rho=3.213510, Grad_norm=0.3112, Final_scale=3.2135
🚀 APPLYING GUIDANCE at step 45 (timestep=249)
🎯 GUIDANCE STEP 45 (t=249): Loss=0.6475, Rho=5.993378, Grad_norm=0.1669, Final_scale=5.9934
🚀 APPLYING GUIDANCE at step 46 (timestep=206)
🎯 GUIDANCE STEP 46 (t=206): Loss=0.6460, Rho=22.781931, Grad_norm=0.0439, Final_scale=22.7819
🚀 APPLYING GUIDANCE at step 47 (timestep=160)
🎯 GUIDANCE STEP 47 (t=160): Loss=0.6465, Rho=4.101685, Grad_norm=0.2438, Final_scale=4.1017
🚀 APPLYING GUIDANCE at step 48 (timestep=111)
🎯 GUIDANCE STEP 48 (t=111): Loss=0.6475, Rho=14.506563, Grad_norm=0.0689, Final_scale=14.5066
🚀 APPLYING GUIDANCE at step 49 (timestep=57)
🎯 GUIDANCE STEP 49 (t=57): Loss=0.6489, Rho=19.137550, Grad_norm=0.0523, Final_scale=19.1376
[guidance_f17_s50_w8c6_rho1.0_cfg5.0_0701_1448] Generated: generated_videos/subject_consistency/guidance_f17_s50_w8c6_rho1.0_cfg5.0_0701_1448/005_an_elephant_spraying_itself_with_water_using_its_t.mp4
[guidance_f17_s50_w8c6_rho1.0_cfg5.0_0701_1448] Generating video 7/9 (guidance): an elephant taking a peaceful walk
🎬 STARTING GUIDANCE PIPELINE GENERATION
   Frames: 17, Steps: 50, CFG Scale: 5.0

🔧 GUIDANCE PIPELINE CONFIGURATION:
   Guidance range: 0 - 1001
   Rho scale: 1.0
   V-JEPA kernel_size: 8
   V-JEPA context_length: 6
   V-JEPA stride: 2
   V-JEPA mode: max
   Total timesteps: 50

🚀 APPLYING GUIDANCE at step 0 (timestep=999)
🎯 GUIDANCE STEP 0 (t=999): Loss=0.5532, Rho=15.705374, Grad_norm=0.0637, Final_scale=15.7054
🚀 APPLYING GUIDANCE at step 1 (timestep=992)
🎯 GUIDANCE STEP 1 (t=992): Loss=0.5425, Rho=27.447546, Grad_norm=0.0364, Final_scale=27.4475
🚀 APPLYING GUIDANCE at step 2 (timestep=985)
🎯 GUIDANCE STEP 2 (t=985): Loss=0.5415, Rho=19.042910, Grad_norm=0.0525, Final_scale=19.0429
🚀 APPLYING GUIDANCE at step 3 (timestep=978)
🎯 GUIDANCE STEP 3 (t=978): Loss=0.5684, Rho=11.264788, Grad_norm=0.0888, Final_scale=11.2648
🚀 APPLYING GUIDANCE at step 4 (timestep=971)
🎯 GUIDANCE STEP 4 (t=971): Loss=0.5811, Rho=5.494024, Grad_norm=0.1820, Final_scale=5.4940
🚀 APPLYING GUIDANCE at step 5 (timestep=963)
🎯 GUIDANCE STEP 5 (t=963): Loss=0.5996, Rho=10.701415, Grad_norm=0.0934, Final_scale=10.7014
🚀 APPLYING GUIDANCE at step 6 (timestep=956)
🎯 GUIDANCE STEP 6 (t=956): Loss=0.6050, Rho=7.995066, Grad_norm=0.1251, Final_scale=7.9951
🚀 APPLYING GUIDANCE at step 7 (timestep=948)
🎯 GUIDANCE STEP 7 (t=948): Loss=0.6270, Rho=8.876381, Grad_norm=0.1127, Final_scale=8.8764
🚀 APPLYING GUIDANCE at step 8 (timestep=939)
🎯 GUIDANCE STEP 8 (t=939): Loss=0.6157, Rho=7.223616, Grad_norm=0.1384, Final_scale=7.2236
🚀 APPLYING GUIDANCE at step 9 (timestep=931)
🎯 GUIDANCE STEP 9 (t=931): Loss=0.6064, Rho=7.424123, Grad_norm=0.1347, Final_scale=7.4241
🚀 APPLYING GUIDANCE at step 10 (timestep=922)
🎯 GUIDANCE STEP 10 (t=922): Loss=0.6143, Rho=4.902816, Grad_norm=0.2040, Final_scale=4.9028
🚀 APPLYING GUIDANCE at step 11 (timestep=913)
🎯 GUIDANCE STEP 11 (t=913): Loss=0.6104, Rho=5.238527, Grad_norm=0.1909, Final_scale=5.2385
🚀 APPLYING GUIDANCE at step 12 (timestep=904)
🎯 GUIDANCE STEP 12 (t=904): Loss=0.6133, Rho=7.005068, Grad_norm=0.1428, Final_scale=7.0051
🚀 APPLYING GUIDANCE at step 13 (timestep=894)
🎯 GUIDANCE STEP 13 (t=894): Loss=0.6157, Rho=11.123327, Grad_norm=0.0899, Final_scale=11.1233
🚀 APPLYING GUIDANCE at step 14 (timestep=884)
🎯 GUIDANCE STEP 14 (t=884): Loss=0.6221, Rho=5.732138, Grad_norm=0.1745, Final_scale=5.7321
🚀 APPLYING GUIDANCE at step 15 (timestep=874)
🎯 GUIDANCE STEP 15 (t=874): Loss=0.6245, Rho=7.136719, Grad_norm=0.1401, Final_scale=7.1367
🚀 APPLYING GUIDANCE at step 16 (timestep=864)
🎯 GUIDANCE STEP 16 (t=864): Loss=0.6245, Rho=3.889188, Grad_norm=0.2571, Final_scale=3.8892
🚀 APPLYING GUIDANCE at step 17 (timestep=853)
🎯 GUIDANCE STEP 17 (t=853): Loss=0.6255, Rho=6.168308, Grad_norm=0.1621, Final_scale=6.1683
🚀 APPLYING GUIDANCE at step 18 (timestep=841)
🎯 GUIDANCE STEP 18 (t=841): Loss=0.6221, Rho=9.427007, Grad_norm=0.1061, Final_scale=9.4270
🚀 APPLYING GUIDANCE at step 19 (timestep=829)
🎯 GUIDANCE STEP 19 (t=829): Loss=0.6245, Rho=13.357766, Grad_norm=0.0749, Final_scale=13.3578
🚀 APPLYING GUIDANCE at step 20 (timestep=817)
🎯 GUIDANCE STEP 20 (t=817): Loss=0.6221, Rho=8.974893, Grad_norm=0.1114, Final_scale=8.9749
🚀 APPLYING GUIDANCE at step 21 (timestep=805)
🎯 GUIDANCE STEP 21 (t=805): Loss=0.6245, Rho=3.244326, Grad_norm=0.3082, Final_scale=3.2443
🚀 APPLYING GUIDANCE at step 22 (timestep=792)
🎯 GUIDANCE STEP 22 (t=792): Loss=0.6309, Rho=4.216264, Grad_norm=0.2372, Final_scale=4.2163
🚀 APPLYING GUIDANCE at step 23 (timestep=778)
🎯 GUIDANCE STEP 23 (t=778): Loss=0.6265, Rho=10.484314, Grad_norm=0.0954, Final_scale=10.4843
🚀 APPLYING GUIDANCE at step 24 (timestep=764)
🎯 GUIDANCE STEP 24 (t=764): Loss=0.6226, Rho=8.152382, Grad_norm=0.1227, Final_scale=8.1524
🚀 APPLYING GUIDANCE at step 25 (timestep=749)
🎯 GUIDANCE STEP 25 (t=749): Loss=0.6226, Rho=12.679985, Grad_norm=0.0789, Final_scale=12.6800
🚀 APPLYING GUIDANCE at step 26 (timestep=734)
🎯 GUIDANCE STEP 26 (t=734): Loss=0.6235, Rho=1.835468, Grad_norm=0.5448, Final_scale=1.8355
🚀 APPLYING GUIDANCE at step 27 (timestep=718)
🎯 GUIDANCE STEP 27 (t=718): Loss=0.6226, Rho=6.781348, Grad_norm=0.1475, Final_scale=6.7813
🚀 APPLYING GUIDANCE at step 28 (timestep=701)
🎯 GUIDANCE STEP 28 (t=701): Loss=0.6260, Rho=4.238141, Grad_norm=0.2360, Final_scale=4.2381
🚀 APPLYING GUIDANCE at step 29 (timestep=684)
🎯 GUIDANCE STEP 29 (t=684): Loss=0.6289, Rho=7.780783, Grad_norm=0.1285, Final_scale=7.7808
🚀 APPLYING GUIDANCE at step 30 (timestep=666)
🎯 GUIDANCE STEP 30 (t=666): Loss=0.6294, Rho=11.010044, Grad_norm=0.0908, Final_scale=11.0100
🚀 APPLYING GUIDANCE at step 31 (timestep=647)
🎯 GUIDANCE STEP 31 (t=647): Loss=0.6289, Rho=11.869435, Grad_norm=0.0843, Final_scale=11.8694
🚀 APPLYING GUIDANCE at step 32 (timestep=627)
🎯 GUIDANCE STEP 32 (t=627): Loss=0.6235, Rho=6.506166, Grad_norm=0.1537, Final_scale=6.5062
🚀 APPLYING GUIDANCE at step 33 (timestep=606)
🎯 GUIDANCE STEP 33 (t=606): Loss=0.6274, Rho=5.942352, Grad_norm=0.1683, Final_scale=5.9424
🚀 APPLYING GUIDANCE at step 34 (timestep=585)
🎯 GUIDANCE STEP 34 (t=585): Loss=0.6230, Rho=19.450533, Grad_norm=0.0514, Final_scale=19.4505
🚀 APPLYING GUIDANCE at step 35 (timestep=562)
🎯 GUIDANCE STEP 35 (t=562): Loss=0.6206, Rho=12.338582, Grad_norm=0.0810, Final_scale=12.3386
🚀 APPLYING GUIDANCE at step 36 (timestep=538)
🎯 GUIDANCE STEP 36 (t=538): Loss=0.6265, Rho=7.414370, Grad_norm=0.1349, Final_scale=7.4144
🚀 APPLYING GUIDANCE at step 37 (timestep=512)
🎯 GUIDANCE STEP 37 (t=512): Loss=0.6245, Rho=7.577213, Grad_norm=0.1320, Final_scale=7.5772
🚀 APPLYING GUIDANCE at step 38 (timestep=486)
🎯 GUIDANCE STEP 38 (t=486): Loss=0.6250, Rho=6.815262, Grad_norm=0.1467, Final_scale=6.8153
🚀 APPLYING GUIDANCE at step 39 (timestep=458)
🎯 GUIDANCE STEP 39 (t=458): Loss=0.6226, Rho=11.019067, Grad_norm=0.0908, Final_scale=11.0191
🚀 APPLYING GUIDANCE at step 40 (timestep=428)
🎯 GUIDANCE STEP 40 (t=428): Loss=0.6245, Rho=11.009534, Grad_norm=0.0908, Final_scale=11.0095
🚀 APPLYING GUIDANCE at step 41 (timestep=396)
🎯 GUIDANCE STEP 41 (t=396): Loss=0.6265, Rho=21.625765, Grad_norm=0.0462, Final_scale=21.6258
🚀 APPLYING GUIDANCE at step 42 (timestep=363)
🎯 GUIDANCE STEP 42 (t=363): Loss=0.6245, Rho=14.693451, Grad_norm=0.0681, Final_scale=14.6935
🚀 APPLYING GUIDANCE at step 43 (timestep=327)
🎯 GUIDANCE STEP 43 (t=327): Loss=0.6260, Rho=22.976982, Grad_norm=0.0435, Final_scale=22.9770
🚀 APPLYING GUIDANCE at step 44 (timestep=290)
🎯 GUIDANCE STEP 44 (t=290): Loss=0.6221, Rho=16.022474, Grad_norm=0.0624, Final_scale=16.0225
🚀 APPLYING GUIDANCE at step 45 (timestep=249)
🎯 GUIDANCE STEP 45 (t=249): Loss=0.6221, Rho=11.359641, Grad_norm=0.0880, Final_scale=11.3596
🚀 APPLYING GUIDANCE at step 46 (timestep=206)
🎯 GUIDANCE STEP 46 (t=206): Loss=0.6235, Rho=13.718755, Grad_norm=0.0729, Final_scale=13.7188
🚀 APPLYING GUIDANCE at step 47 (timestep=160)
🎯 GUIDANCE STEP 47 (t=160): Loss=0.6191, Rho=28.342922, Grad_norm=0.0353, Final_scale=28.3429
🚀 APPLYING GUIDANCE at step 48 (timestep=111)
🎯 GUIDANCE STEP 48 (t=111): Loss=0.6157, Rho=13.129750, Grad_norm=0.0762, Final_scale=13.1298
🚀 APPLYING GUIDANCE at step 49 (timestep=57)
🎯 GUIDANCE STEP 49 (t=57): Loss=0.6147, Rho=10.298486, Grad_norm=0.0971, Final_scale=10.2985
[guidance_f17_s50_w8c6_rho1.0_cfg5.0_0701_1448] Generated: generated_videos/subject_consistency/guidance_f17_s50_w8c6_rho1.0_cfg5.0_0701_1448/005_a_car_accelerating_to_gain_speed.mp4
[guidance_f17_s50_w8c6_rho1.0_cfg5.0_0701_1448] Generating video 7/9 (guidance): a motorcycle cruising along a coastal highway
🎬 STARTING GUIDANCE PIPELINE GENERATION
   Frames: 17, Steps: 50, CFG Scale: 5.0

🔧 GUIDANCE PIPELINE CONFIGURATION:
   Guidance range: 0 - 1001
   Rho scale: 1.0
   V-JEPA kernel_size: 8
   V-JEPA context_length: 6
   V-JEPA stride: 2
   V-JEPA mode: max
   Total timesteps: 50

🚀 APPLYING GUIDANCE at step 0 (timestep=999)
🎯 GUIDANCE STEP 0 (t=999): Loss=0.6011, Rho=11.629347, Grad_norm=0.0860, Final_scale=11.6293
🚀 APPLYING GUIDANCE at step 1 (timestep=992)
🎯 GUIDANCE STEP 1 (t=992): Loss=0.5464, Rho=22.679123, Grad_norm=0.0441, Final_scale=22.6791
🚀 APPLYING GUIDANCE at step 2 (timestep=985)
🎯 GUIDANCE STEP 2 (t=985): Loss=0.5625, Rho=9.259985, Grad_norm=0.1080, Final_scale=9.2600
🚀 APPLYING GUIDANCE at step 3 (timestep=978)
🎯 GUIDANCE STEP 3 (t=978): Loss=0.5737, Rho=15.621696, Grad_norm=0.0640, Final_scale=15.6217
🚀 APPLYING GUIDANCE at step 4 (timestep=971)
🎯 GUIDANCE STEP 4 (t=971): Loss=0.5654, Rho=12.296324, Grad_norm=0.0813, Final_scale=12.2963
🚀 APPLYING GUIDANCE at step 5 (timestep=963)
🎯 GUIDANCE STEP 5 (t=963): Loss=0.5869, Rho=4.921410, Grad_norm=0.2032, Final_scale=4.9214
🚀 APPLYING GUIDANCE at step 6 (timestep=956)
🎯 GUIDANCE STEP 6 (t=956): Loss=0.6001, Rho=4.052263, Grad_norm=0.2468, Final_scale=4.0523
🚀 APPLYING GUIDANCE at step 7 (timestep=948)
🎯 GUIDANCE STEP 7 (t=948): Loss=0.6187, Rho=11.014158, Grad_norm=0.0908, Final_scale=11.0142
🚀 APPLYING GUIDANCE at step 8 (timestep=939)
🎯 GUIDANCE STEP 8 (t=939): Loss=0.6348, Rho=6.903115, Grad_norm=0.1449, Final_scale=6.9031
🚀 APPLYING GUIDANCE at step 9 (timestep=931)
🎯 GUIDANCE STEP 9 (t=931): Loss=0.6309, Rho=12.627577, Grad_norm=0.0792, Final_scale=12.6276
🚀 APPLYING GUIDANCE at step 10 (timestep=922)
🎯 GUIDANCE STEP 10 (t=922): Loss=0.6304, Rho=6.933007, Grad_norm=0.1442, Final_scale=6.9330
🚀 APPLYING GUIDANCE at step 11 (timestep=913)
🎯 GUIDANCE STEP 11 (t=913): Loss=0.6299, Rho=9.117818, Grad_norm=0.1097, Final_scale=9.1178
🚀 APPLYING GUIDANCE at step 12 (timestep=904)
🎯 GUIDANCE STEP 12 (t=904): Loss=0.6274, Rho=10.354659, Grad_norm=0.0966, Final_scale=10.3547
🚀 APPLYING GUIDANCE at step 13 (timestep=894)
🎯 GUIDANCE STEP 13 (t=894): Loss=0.6294, Rho=19.361603, Grad_norm=0.0516, Final_scale=19.3616
🚀 APPLYING GUIDANCE at step 14 (timestep=884)
🎯 GUIDANCE STEP 14 (t=884): Loss=0.6328, Rho=7.594087, Grad_norm=0.1317, Final_scale=7.5941
🚀 APPLYING GUIDANCE at step 15 (timestep=874)
🎯 GUIDANCE STEP 15 (t=874): Loss=0.6309, Rho=7.618771, Grad_norm=0.1313, Final_scale=7.6188
🚀 APPLYING GUIDANCE at step 16 (timestep=864)
🎯 GUIDANCE STEP 16 (t=864): Loss=0.6289, Rho=5.161098, Grad_norm=0.1938, Final_scale=5.1611
🚀 APPLYING GUIDANCE at step 17 (timestep=853)
🎯 GUIDANCE STEP 17 (t=853): Loss=0.6323, Rho=7.807207, Grad_norm=0.1281, Final_scale=7.8072
🚀 APPLYING GUIDANCE at step 18 (timestep=841)
🎯 GUIDANCE STEP 18 (t=841): Loss=0.6309, Rho=9.992199, Grad_norm=0.1001, Final_scale=9.9922
🚀 APPLYING GUIDANCE at step 19 (timestep=829)
🎯 GUIDANCE STEP 19 (t=829): Loss=0.6304, Rho=10.264519, Grad_norm=0.0974, Final_scale=10.2645
🚀 APPLYING GUIDANCE at step 20 (timestep=817)
🎯 GUIDANCE STEP 20 (t=817): Loss=0.6304, Rho=10.801479, Grad_norm=0.0926, Final_scale=10.8015
🚀 APPLYING GUIDANCE at step 21 (timestep=805)
🎯 GUIDANCE STEP 21 (t=805): Loss=0.6294, Rho=3.938112, Grad_norm=0.2539, Final_scale=3.9381
🚀 APPLYING GUIDANCE at step 22 (timestep=792)
🎯 GUIDANCE STEP 22 (t=792): Loss=0.6284, Rho=7.113925, Grad_norm=0.1406, Final_scale=7.1139
🚀 APPLYING GUIDANCE at step 23 (timestep=778)
🎯 GUIDANCE STEP 23 (t=778): Loss=0.6230, Rho=4.004102, Grad_norm=0.2497, Final_scale=4.0041
🚀 APPLYING GUIDANCE at step 24 (timestep=764)
🎯 GUIDANCE STEP 24 (t=764): Loss=0.6260, Rho=9.628353, Grad_norm=0.1039, Final_scale=9.6284
🚀 APPLYING GUIDANCE at step 25 (timestep=749)
🎯 GUIDANCE STEP 25 (t=749): Loss=0.6299, Rho=9.107409, Grad_norm=0.1098, Final_scale=9.1074
🚀 APPLYING GUIDANCE at step 26 (timestep=734)
🎯 GUIDANCE STEP 26 (t=734): Loss=0.6265, Rho=6.952826, Grad_norm=0.1438, Final_scale=6.9528
🚀 APPLYING GUIDANCE at step 27 (timestep=718)
🎯 GUIDANCE STEP 27 (t=718): Loss=0.6294, Rho=7.158632, Grad_norm=0.1397, Final_scale=7.1586
🚀 APPLYING GUIDANCE at step 28 (timestep=701)
🎯 GUIDANCE STEP 28 (t=701): Loss=0.6304, Rho=11.287922, Grad_norm=0.0886, Final_scale=11.2879
🚀 APPLYING GUIDANCE at step 29 (timestep=684)
🎯 GUIDANCE STEP 29 (t=684): Loss=0.6294, Rho=6.563233, Grad_norm=0.1524, Final_scale=6.5632
🚀 APPLYING GUIDANCE at step 30 (timestep=666)
🎯 GUIDANCE STEP 30 (t=666): Loss=0.6304, Rho=7.892468, Grad_norm=0.1267, Final_scale=7.8925
🚀 APPLYING GUIDANCE at step 31 (timestep=647)
🎯 GUIDANCE STEP 31 (t=647): Loss=0.6289, Rho=13.184976, Grad_norm=0.0758, Final_scale=13.1850
🚀 APPLYING GUIDANCE at step 32 (timestep=627)
🎯 GUIDANCE STEP 32 (t=627): Loss=0.6265, Rho=9.061200, Grad_norm=0.1104, Final_scale=9.0612
🚀 APPLYING GUIDANCE at step 33 (timestep=606)
🎯 GUIDANCE STEP 33 (t=606): Loss=0.6279, Rho=6.493268, Grad_norm=0.1540, Final_scale=6.4933
🚀 APPLYING GUIDANCE at step 34 (timestep=585)
🎯 GUIDANCE STEP 34 (t=585): Loss=0.6265, Rho=17.835691, Grad_norm=0.0561, Final_scale=17.8357
🚀 APPLYING GUIDANCE at step 35 (timestep=562)
🎯 GUIDANCE STEP 35 (t=562): Loss=0.6240, Rho=11.134708, Grad_norm=0.0898, Final_scale=11.1347
🚀 APPLYING GUIDANCE at step 36 (timestep=538)
🎯 GUIDANCE STEP 36 (t=538): Loss=0.6260, Rho=8.076487, Grad_norm=0.1238, Final_scale=8.0765
🚀 APPLYING GUIDANCE at step 37 (timestep=512)
🎯 GUIDANCE STEP 37 (t=512): Loss=0.6260, Rho=22.861057, Grad_norm=0.0437, Final_scale=22.8611
🚀 APPLYING GUIDANCE at step 38 (timestep=486)
🎯 GUIDANCE STEP 38 (t=486): Loss=0.6294, Rho=20.831137, Grad_norm=0.0480, Final_scale=20.8311
🚀 APPLYING GUIDANCE at step 39 (timestep=458)
🎯 GUIDANCE STEP 39 (t=458): Loss=0.6284, Rho=10.515730, Grad_norm=0.0951, Final_scale=10.5157
🚀 APPLYING GUIDANCE at step 40 (timestep=428)
🎯 GUIDANCE STEP 40 (t=428): Loss=0.6274, Rho=4.870089, Grad_norm=0.2053, Final_scale=4.8701
🚀 APPLYING GUIDANCE at step 41 (timestep=396)
🎯 GUIDANCE STEP 41 (t=396): Loss=0.6265, Rho=14.515625, Grad_norm=0.0689, Final_scale=14.5156
🚀 APPLYING GUIDANCE at step 42 (timestep=363)
🎯 GUIDANCE STEP 42 (t=363): Loss=0.6265, Rho=23.897848, Grad_norm=0.0418, Final_scale=23.8978
🚀 APPLYING GUIDANCE at step 43 (timestep=327)
🎯 GUIDANCE STEP 43 (t=327): Loss=0.6255, Rho=15.813828, Grad_norm=0.0632, Final_scale=15.8138
🚀 APPLYING GUIDANCE at step 44 (timestep=290)
🎯 GUIDANCE STEP 44 (t=290): Loss=0.6279, Rho=17.348249, Grad_norm=0.0576, Final_scale=17.3482
🚀 APPLYING GUIDANCE at step 45 (timestep=249)
🎯 GUIDANCE STEP 45 (t=249): Loss=0.6279, Rho=22.691496, Grad_norm=0.0441, Final_scale=22.6915
🚀 APPLYING GUIDANCE at step 46 (timestep=206)
🎯 GUIDANCE STEP 46 (t=206): Loss=0.6279, Rho=18.686377, Grad_norm=0.0535, Final_scale=18.6864
🚀 APPLYING GUIDANCE at step 47 (timestep=160)
🎯 GUIDANCE STEP 47 (t=160): Loss=0.6250, Rho=27.033211, Grad_norm=0.0370, Final_scale=27.0332
🚀 APPLYING GUIDANCE at step 48 (timestep=111)
🎯 GUIDANCE STEP 48 (t=111): Loss=0.6245, Rho=23.422215, Grad_norm=0.0427, Final_scale=23.4222
🚀 APPLYING GUIDANCE at step 49 (timestep=57)
🎯 GUIDANCE STEP 49 (t=57): Loss=0.6226, Rho=8.825172, Grad_norm=0.1133, Final_scale=8.8252
[guidance_f17_s50_w8c6_rho1.0_cfg5.0_0701_1448] Generated: generated_videos/subject_consistency/guidance_f17_s50_w8c6_rho1.0_cfg5.0_0701_1448/005_a_zebra_taking_a_peaceful_walk.mp4
[guidance_f17_s50_w8c6_rho1.0_cfg5.0_0701_1448] Generating video 7/9 (guidance): a giraffe bending down to drink water from a river
🎬 STARTING GUIDANCE PIPELINE GENERATION
   Frames: 17, Steps: 50, CFG Scale: 5.0

🔧 GUIDANCE PIPELINE CONFIGURATION:
   Guidance range: 0 - 1001
   Rho scale: 1.0
   V-JEPA kernel_size: 8
   V-JEPA context_length: 6
   V-JEPA stride: 2
   V-JEPA mode: max
   Total timesteps: 50

🚀 APPLYING GUIDANCE at step 0 (timestep=999)
🎯 GUIDANCE STEP 0 (t=999): Loss=0.5728, Rho=14.182946, Grad_norm=0.0705, Final_scale=14.1829
🚀 APPLYING GUIDANCE at step 1 (timestep=992)
🎯 GUIDANCE STEP 1 (t=992): Loss=0.5381, Rho=29.673025, Grad_norm=0.0337, Final_scale=29.6730
🚀 APPLYING GUIDANCE at step 2 (timestep=985)
🎯 GUIDANCE STEP 2 (t=985): Loss=0.5469, Rho=26.034079, Grad_norm=0.0384, Final_scale=26.0341
🚀 APPLYING GUIDANCE at step 3 (timestep=978)
🎯 GUIDANCE STEP 3 (t=978): Loss=0.5859, Rho=16.292685, Grad_norm=0.0614, Final_scale=16.2927
🚀 APPLYING GUIDANCE at step 4 (timestep=971)
🎯 GUIDANCE STEP 4 (t=971): Loss=0.5854, Rho=10.950854, Grad_norm=0.0913, Final_scale=10.9509
🚀 APPLYING GUIDANCE at step 5 (timestep=963)
🎯 GUIDANCE STEP 5 (t=963): Loss=0.5898, Rho=9.855490, Grad_norm=0.1015, Final_scale=9.8555
🚀 APPLYING GUIDANCE at step 6 (timestep=956)
🎯 GUIDANCE STEP 6 (t=956): Loss=0.6025, Rho=4.934523, Grad_norm=0.2027, Final_scale=4.9345
🚀 APPLYING GUIDANCE at step 7 (timestep=948)
🎯 GUIDANCE STEP 7 (t=948): Loss=0.6089, Rho=5.633126, Grad_norm=0.1775, Final_scale=5.6331
🚀 APPLYING GUIDANCE at step 8 (timestep=939)
🎯 GUIDANCE STEP 8 (t=939): Loss=0.6230, Rho=7.348088, Grad_norm=0.1361, Final_scale=7.3481
🚀 APPLYING GUIDANCE at step 9 (timestep=931)
🎯 GUIDANCE STEP 9 (t=931): Loss=0.6235, Rho=5.539164, Grad_norm=0.1805, Final_scale=5.5392
🚀 APPLYING GUIDANCE at step 10 (timestep=922)
🎯 GUIDANCE STEP 10 (t=922): Loss=0.6392, Rho=3.972040, Grad_norm=0.2518, Final_scale=3.9720
🚀 APPLYING GUIDANCE at step 11 (timestep=913)
🎯 GUIDANCE STEP 11 (t=913): Loss=0.6450, Rho=3.633748, Grad_norm=0.2752, Final_scale=3.6337
🚀 APPLYING GUIDANCE at step 12 (timestep=904)
🎯 GUIDANCE STEP 12 (t=904): Loss=0.6436, Rho=5.428361, Grad_norm=0.1842, Final_scale=5.4284
🚀 APPLYING GUIDANCE at step 13 (timestep=894)
🎯 GUIDANCE STEP 13 (t=894): Loss=0.6401, Rho=4.954259, Grad_norm=0.2018, Final_scale=4.9543
🚀 APPLYING GUIDANCE at step 14 (timestep=884)
🎯 GUIDANCE STEP 14 (t=884): Loss=0.6382, Rho=4.805924, Grad_norm=0.2081, Final_scale=4.8059
🚀 APPLYING GUIDANCE at step 15 (timestep=874)
🎯 GUIDANCE STEP 15 (t=874): Loss=0.6382, Rho=3.770341, Grad_norm=0.2652, Final_scale=3.7703
🚀 APPLYING GUIDANCE at step 16 (timestep=864)
🎯 GUIDANCE STEP 16 (t=864): Loss=0.6367, Rho=6.666079, Grad_norm=0.1500, Final_scale=6.6661
🚀 APPLYING GUIDANCE at step 17 (timestep=853)
🎯 GUIDANCE STEP 17 (t=853): Loss=0.6382, Rho=3.143914, Grad_norm=0.3181, Final_scale=3.1439
🚀 APPLYING GUIDANCE at step 18 (timestep=841)
🎯 GUIDANCE STEP 18 (t=841): Loss=0.6382, Rho=4.108891, Grad_norm=0.2434, Final_scale=4.1089
🚀 APPLYING GUIDANCE at step 19 (timestep=829)
🎯 GUIDANCE STEP 19 (t=829): Loss=0.6382, Rho=3.284002, Grad_norm=0.3045, Final_scale=3.2840
🚀 APPLYING GUIDANCE at step 20 (timestep=817)
🎯 GUIDANCE STEP 20 (t=817): Loss=0.6392, Rho=6.492539, Grad_norm=0.1540, Final_scale=6.4925
🚀 APPLYING GUIDANCE at step 21 (timestep=805)
🎯 GUIDANCE STEP 21 (t=805): Loss=0.6387, Rho=3.958234, Grad_norm=0.2526, Final_scale=3.9582
🚀 APPLYING GUIDANCE at step 22 (timestep=792)
🎯 GUIDANCE STEP 22 (t=792): Loss=0.6372, Rho=5.404652, Grad_norm=0.1850, Final_scale=5.4047
🚀 APPLYING GUIDANCE at step 23 (timestep=778)
🎯 GUIDANCE STEP 23 (t=778): Loss=0.6338, Rho=1.747807, Grad_norm=0.5721, Final_scale=1.7478
🚀 APPLYING GUIDANCE at step 24 (timestep=764)
🎯 GUIDANCE STEP 24 (t=764): Loss=0.6357, Rho=9.171958, Grad_norm=0.1090, Final_scale=9.1720
🚀 APPLYING GUIDANCE at step 25 (timestep=749)
🎯 GUIDANCE STEP 25 (t=749): Loss=0.6357, Rho=2.818426, Grad_norm=0.3548, Final_scale=2.8184
🚀 APPLYING GUIDANCE at step 26 (timestep=734)
🎯 GUIDANCE STEP 26 (t=734): Loss=0.6387, Rho=9.423643, Grad_norm=0.1061, Final_scale=9.4236
🚀 APPLYING GUIDANCE at step 27 (timestep=718)
🎯 GUIDANCE STEP 27 (t=718): Loss=0.6436, Rho=6.688696, Grad_norm=0.1495, Final_scale=6.6887
🚀 APPLYING GUIDANCE at step 28 (timestep=701)
🎯 GUIDANCE STEP 28 (t=701): Loss=0.6392, Rho=11.706614, Grad_norm=0.0854, Final_scale=11.7066
🚀 APPLYING GUIDANCE at step 29 (timestep=684)
🎯 GUIDANCE STEP 29 (t=684): Loss=0.6396, Rho=8.071606, Grad_norm=0.1239, Final_scale=8.0716
🚀 APPLYING GUIDANCE at step 30 (timestep=666)
🎯 GUIDANCE STEP 30 (t=666): Loss=0.6406, Rho=10.102525, Grad_norm=0.0990, Final_scale=10.1025
🚀 APPLYING GUIDANCE at step 31 (timestep=647)
🎯 GUIDANCE STEP 31 (t=647): Loss=0.6387, Rho=7.879259, Grad_norm=0.1269, Final_scale=7.8793
🚀 APPLYING GUIDANCE at step 32 (timestep=627)
🎯 GUIDANCE STEP 32 (t=627): Loss=0.6357, Rho=4.420077, Grad_norm=0.2262, Final_scale=4.4201
🚀 APPLYING GUIDANCE at step 33 (timestep=606)
🎯 GUIDANCE STEP 33 (t=606): Loss=0.6372, Rho=4.783518, Grad_norm=0.2091, Final_scale=4.7835
🚀 APPLYING GUIDANCE at step 34 (timestep=585)
🎯 GUIDANCE STEP 34 (t=585): Loss=0.6343, Rho=16.766817, Grad_norm=0.0596, Final_scale=16.7668
🚀 APPLYING GUIDANCE at step 35 (timestep=562)
🎯 GUIDANCE STEP 35 (t=562): Loss=0.6372, Rho=13.288013, Grad_norm=0.0753, Final_scale=13.2880
🚀 APPLYING GUIDANCE at step 36 (timestep=538)
🎯 GUIDANCE STEP 36 (t=538): Loss=0.6353, Rho=16.537756, Grad_norm=0.0605, Final_scale=16.5378
🚀 APPLYING GUIDANCE at step 37 (timestep=512)
🎯 GUIDANCE STEP 37 (t=512): Loss=0.6401, Rho=14.241817, Grad_norm=0.0702, Final_scale=14.2418
🚀 APPLYING GUIDANCE at step 38 (timestep=486)
🎯 GUIDANCE STEP 38 (t=486): Loss=0.6348, Rho=17.156626, Grad_norm=0.0583, Final_scale=17.1566
🚀 APPLYING GUIDANCE at step 39 (timestep=458)
🎯 GUIDANCE STEP 39 (t=458): Loss=0.6377, Rho=21.860216, Grad_norm=0.0457, Final_scale=21.8602
🚀 APPLYING GUIDANCE at step 40 (timestep=428)
🎯 GUIDANCE STEP 40 (t=428): Loss=0.6333, Rho=27.451605, Grad_norm=0.0364, Final_scale=27.4516
🚀 APPLYING GUIDANCE at step 41 (timestep=396)
🎯 GUIDANCE STEP 41 (t=396): Loss=0.6328, Rho=17.249889, Grad_norm=0.0580, Final_scale=17.2499
🚀 APPLYING GUIDANCE at step 42 (timestep=363)
🎯 GUIDANCE STEP 42 (t=363): Loss=0.6362, Rho=4.119701, Grad_norm=0.2427, Final_scale=4.1197
🚀 APPLYING GUIDANCE at step 43 (timestep=327)
🎯 GUIDANCE STEP 43 (t=327): Loss=0.6353, Rho=14.156413, Grad_norm=0.0706, Final_scale=14.1564
🚀 APPLYING GUIDANCE at step 44 (timestep=290)
🎯 GUIDANCE STEP 44 (t=290): Loss=0.6313, Rho=30.499392, Grad_norm=0.0328, Final_scale=30.4994
🚀 APPLYING GUIDANCE at step 45 (timestep=249)
🎯 GUIDANCE STEP 45 (t=249): Loss=0.6323, Rho=10.368049, Grad_norm=0.0965, Final_scale=10.3680
🚀 APPLYING GUIDANCE at step 46 (timestep=206)
🎯 GUIDANCE STEP 46 (t=206): Loss=0.6328, Rho=20.713339, Grad_norm=0.0483, Final_scale=20.7133
🚀 APPLYING GUIDANCE at step 47 (timestep=160)
🎯 GUIDANCE STEP 47 (t=160): Loss=0.6348, Rho=8.482070, Grad_norm=0.1179, Final_scale=8.4821
🚀 APPLYING GUIDANCE at step 48 (timestep=111)
🎯 GUIDANCE STEP 48 (t=111): Loss=0.6318, Rho=18.029566, Grad_norm=0.0555, Final_scale=18.0296
🚀 APPLYING GUIDANCE at step 49 (timestep=57)
🎯 GUIDANCE STEP 49 (t=57): Loss=0.6318, Rho=8.729993, Grad_norm=0.1145, Final_scale=8.7300
[guidance_f17_s50_w8c6_rho1.0_cfg5.0_0701_1448] Generated: generated_videos/subject_consistency/guidance_f17_s50_w8c6_rho1.0_cfg5.0_0701_1448/005_a_truck_stuck_in_traffic_during_rush_hour.mp4
[guidance_f17_s50_w8c6_rho1.0_cfg5.0_0701_1448] Generating video 7/9 (guidance): a truck slowing down to stop
🎬 STARTING GUIDANCE PIPELINE GENERATION
   Frames: 17, Steps: 50, CFG Scale: 5.0

🔧 GUIDANCE PIPELINE CONFIGURATION:
   Guidance range: 0 - 1001
   Rho scale: 1.0
   V-JEPA kernel_size: 8
   V-JEPA context_length: 6
   V-JEPA stride: 2
   V-JEPA mode: max
   Total timesteps: 50

🚀 APPLYING GUIDANCE at step 0 (timestep=999)
🎯 GUIDANCE STEP 0 (t=999): Loss=0.5454, Rho=31.487379, Grad_norm=0.0318, Final_scale=31.4874
🚀 APPLYING GUIDANCE at step 1 (timestep=992)
🎯 GUIDANCE STEP 1 (t=992): Loss=0.5547, Rho=10.992779, Grad_norm=0.0910, Final_scale=10.9928
🚀 APPLYING GUIDANCE at step 2 (timestep=985)
🎯 GUIDANCE STEP 2 (t=985): Loss=0.5400, Rho=20.293890, Grad_norm=0.0493, Final_scale=20.2939
🚀 APPLYING GUIDANCE at step 3 (timestep=978)
🎯 GUIDANCE STEP 3 (t=978): Loss=0.5420, Rho=18.414234, Grad_norm=0.0543, Final_scale=18.4142
🚀 APPLYING GUIDANCE at step 4 (timestep=971)
🎯 GUIDANCE STEP 4 (t=971): Loss=0.5811, Rho=9.832636, Grad_norm=0.1017, Final_scale=9.8326
🚀 APPLYING GUIDANCE at step 5 (timestep=963)
🎯 GUIDANCE STEP 5 (t=963): Loss=0.5996, Rho=3.426220, Grad_norm=0.2919, Final_scale=3.4262
🚀 APPLYING GUIDANCE at step 6 (timestep=956)
🎯 GUIDANCE STEP 6 (t=956): Loss=0.6021, Rho=11.073384, Grad_norm=0.0903, Final_scale=11.0734
🚀 APPLYING GUIDANCE at step 7 (timestep=948)
🎯 GUIDANCE STEP 7 (t=948): Loss=0.5850, Rho=6.539596, Grad_norm=0.1529, Final_scale=6.5396
🚀 APPLYING GUIDANCE at step 8 (timestep=939)
🎯 GUIDANCE STEP 8 (t=939): Loss=0.5869, Rho=5.447455, Grad_norm=0.1836, Final_scale=5.4475
🚀 APPLYING GUIDANCE at step 9 (timestep=931)
🎯 GUIDANCE STEP 9 (t=931): Loss=0.5923, Rho=9.625048, Grad_norm=0.1039, Final_scale=9.6250
🚀 APPLYING GUIDANCE at step 10 (timestep=922)
🎯 GUIDANCE STEP 10 (t=922): Loss=0.5952, Rho=4.796799, Grad_norm=0.2085, Final_scale=4.7968
🚀 APPLYING GUIDANCE at step 11 (timestep=913)
🎯 GUIDANCE STEP 11 (t=913): Loss=0.5991, Rho=11.038380, Grad_norm=0.0906, Final_scale=11.0384
🚀 APPLYING GUIDANCE at step 12 (timestep=904)
🎯 GUIDANCE STEP 12 (t=904): Loss=0.5957, Rho=9.786008, Grad_norm=0.1022, Final_scale=9.7860
🚀 APPLYING GUIDANCE at step 13 (timestep=894)
🎯 GUIDANCE STEP 13 (t=894): Loss=0.5957, Rho=15.461966, Grad_norm=0.0647, Final_scale=15.4620
🚀 APPLYING GUIDANCE at step 14 (timestep=884)
🎯 GUIDANCE STEP 14 (t=884): Loss=0.5942, Rho=6.956098, Grad_norm=0.1438, Final_scale=6.9561
🚀 APPLYING GUIDANCE at step 15 (timestep=874)
🎯 GUIDANCE STEP 15 (t=874): Loss=0.5952, Rho=3.804651, Grad_norm=0.2628, Final_scale=3.8047
🚀 APPLYING GUIDANCE at step 16 (timestep=864)
🎯 GUIDANCE STEP 16 (t=864): Loss=0.5938, Rho=7.045838, Grad_norm=0.1419, Final_scale=7.0458
🚀 APPLYING GUIDANCE at step 17 (timestep=853)
🎯 GUIDANCE STEP 17 (t=853): Loss=0.5981, Rho=9.390036, Grad_norm=0.1065, Final_scale=9.3900
🚀 APPLYING GUIDANCE at step 18 (timestep=841)
🎯 GUIDANCE STEP 18 (t=841): Loss=0.5957, Rho=5.237668, Grad_norm=0.1909, Final_scale=5.2377
🚀 APPLYING GUIDANCE at step 19 (timestep=829)
🎯 GUIDANCE STEP 19 (t=829): Loss=0.5947, Rho=10.051578, Grad_norm=0.0995, Final_scale=10.0516
🚀 APPLYING GUIDANCE at step 20 (timestep=817)
🎯 GUIDANCE STEP 20 (t=817): Loss=0.5957, Rho=8.359381, Grad_norm=0.1196, Final_scale=8.3594
🚀 APPLYING GUIDANCE at step 21 (timestep=805)
🎯 GUIDANCE STEP 21 (t=805): Loss=0.5938, Rho=5.728684, Grad_norm=0.1746, Final_scale=5.7287
🚀 APPLYING GUIDANCE at step 22 (timestep=792)
🎯 GUIDANCE STEP 22 (t=792): Loss=0.5977, Rho=9.374723, Grad_norm=0.1067, Final_scale=9.3747
🚀 APPLYING GUIDANCE at step 23 (timestep=778)
🎯 GUIDANCE STEP 23 (t=778): Loss=0.5972, Rho=7.966206, Grad_norm=0.1255, Final_scale=7.9662
🚀 APPLYING GUIDANCE at step 24 (timestep=764)
🎯 GUIDANCE STEP 24 (t=764): Loss=0.5991, Rho=8.241944, Grad_norm=0.1213, Final_scale=8.2419
🚀 APPLYING GUIDANCE at step 25 (timestep=749)
🎯 GUIDANCE STEP 25 (t=749): Loss=0.5981, Rho=3.878848, Grad_norm=0.2578, Final_scale=3.8788
🚀 APPLYING GUIDANCE at step 26 (timestep=734)
🎯 GUIDANCE STEP 26 (t=734): Loss=0.5996, Rho=11.095478, Grad_norm=0.0901, Final_scale=11.0955
🚀 APPLYING GUIDANCE at step 27 (timestep=718)
🎯 GUIDANCE STEP 27 (t=718): Loss=0.5986, Rho=10.523646, Grad_norm=0.0950, Final_scale=10.5236
🚀 APPLYING GUIDANCE at step 28 (timestep=701)
🎯 GUIDANCE STEP 28 (t=701): Loss=0.5957, Rho=3.708434, Grad_norm=0.2697, Final_scale=3.7084
🚀 APPLYING GUIDANCE at step 29 (timestep=684)
🎯 GUIDANCE STEP 29 (t=684): Loss=0.6011, Rho=8.972472, Grad_norm=0.1115, Final_scale=8.9725
🚀 APPLYING GUIDANCE at step 30 (timestep=666)
🎯 GUIDANCE STEP 30 (t=666): Loss=0.5981, Rho=8.290376, Grad_norm=0.1206, Final_scale=8.2904
🚀 APPLYING GUIDANCE at step 31 (timestep=647)
🎯 GUIDANCE STEP 31 (t=647): Loss=0.5967, Rho=10.700034, Grad_norm=0.0935, Final_scale=10.7000
🚀 APPLYING GUIDANCE at step 32 (timestep=627)
🎯 GUIDANCE STEP 32 (t=627): Loss=0.5977, Rho=8.661022, Grad_norm=0.1155, Final_scale=8.6610
🚀 APPLYING GUIDANCE at step 33 (timestep=606)
🎯 GUIDANCE STEP 33 (t=606): Loss=0.5986, Rho=16.210564, Grad_norm=0.0617, Final_scale=16.2106
🚀 APPLYING GUIDANCE at step 34 (timestep=585)
🎯 GUIDANCE STEP 34 (t=585): Loss=0.6021, Rho=14.614799, Grad_norm=0.0684, Final_scale=14.6148
🚀 APPLYING GUIDANCE at step 35 (timestep=562)
🎯 GUIDANCE STEP 35 (t=562): Loss=0.5981, Rho=12.736873, Grad_norm=0.0785, Final_scale=12.7369
🚀 APPLYING GUIDANCE at step 36 (timestep=538)
🎯 GUIDANCE STEP 36 (t=538): Loss=0.5981, Rho=10.231472, Grad_norm=0.0977, Final_scale=10.2315
🚀 APPLYING GUIDANCE at step 37 (timestep=512)
🎯 GUIDANCE STEP 37 (t=512): Loss=0.5991, Rho=9.991499, Grad_norm=0.1001, Final_scale=9.9915
🚀 APPLYING GUIDANCE at step 38 (timestep=486)
🎯 GUIDANCE STEP 38 (t=486): Loss=0.6011, Rho=10.937120, Grad_norm=0.0914, Final_scale=10.9371
🚀 APPLYING GUIDANCE at step 39 (timestep=458)
🎯 GUIDANCE STEP 39 (t=458): Loss=0.6011, Rho=13.851449, Grad_norm=0.0722, Final_scale=13.8514
🚀 APPLYING GUIDANCE at step 40 (timestep=428)
🎯 GUIDANCE STEP 40 (t=428): Loss=0.5996, Rho=8.384083, Grad_norm=0.1193, Final_scale=8.3841
🚀 APPLYING GUIDANCE at step 41 (timestep=396)
🎯 GUIDANCE STEP 41 (t=396): Loss=0.6001, Rho=4.784107, Grad_norm=0.2090, Final_scale=4.7841
🚀 APPLYING GUIDANCE at step 42 (timestep=363)
🎯 GUIDANCE STEP 42 (t=363): Loss=0.6011, Rho=25.231403, Grad_norm=0.0396, Final_scale=25.2314
🚀 APPLYING GUIDANCE at step 43 (timestep=327)
🎯 GUIDANCE STEP 43 (t=327): Loss=0.5962, Rho=2.522635, Grad_norm=0.3964, Final_scale=2.5226
🚀 APPLYING GUIDANCE at step 44 (timestep=290)
🎯 GUIDANCE STEP 44 (t=290): Loss=0.5981, Rho=17.469355, Grad_norm=0.0572, Final_scale=17.4694
🚀 APPLYING GUIDANCE at step 45 (timestep=249)
🎯 GUIDANCE STEP 45 (t=249): Loss=0.5996, Rho=16.248186, Grad_norm=0.0615, Final_scale=16.2482
🚀 APPLYING GUIDANCE at step 46 (timestep=206)
🎯 GUIDANCE STEP 46 (t=206): Loss=0.5981, Rho=15.021643, Grad_norm=0.0666, Final_scale=15.0216
🚀 APPLYING GUIDANCE at step 47 (timestep=160)
🎯 GUIDANCE STEP 47 (t=160): Loss=0.5996, Rho=11.409834, Grad_norm=0.0876, Final_scale=11.4098
🚀 APPLYING GUIDANCE at step 48 (timestep=111)
🎯 GUIDANCE STEP 48 (t=111): Loss=0.6011, Rho=16.242418, Grad_norm=0.0616, Final_scale=16.2424
🚀 APPLYING GUIDANCE at step 49 (timestep=57)
🎯 GUIDANCE STEP 49 (t=57): Loss=0.6011, Rho=13.159201, Grad_norm=0.0760, Final_scale=13.1592
[guidance_f17_s50_w8c6_rho1.0_cfg5.0_0701_1448] Generated: generated_videos/subject_consistency/guidance_f17_s50_w8c6_rho1.0_cfg5.0_0701_1448/005_an_airplane_accelerating_to_gain_speed.mp4
[guidance_f17_s50_w8c6_rho1.0_cfg5.0_0701_1448] Generating video 7/9 (guidance): a bus turning a corner
🎬 STARTING GUIDANCE PIPELINE GENERATION
   Frames: 17, Steps: 50, CFG Scale: 5.0

🔧 GUIDANCE PIPELINE CONFIGURATION:
   Guidance range: 0 - 1001
   Rho scale: 1.0
   V-JEPA kernel_size: 8
   V-JEPA context_length: 6
   V-JEPA stride: 2
   V-JEPA mode: max
   Total timesteps: 50

🚀 APPLYING GUIDANCE at step 0 (timestep=999)
🎯 GUIDANCE STEP 0 (t=999): Loss=0.5498, Rho=17.563616, Grad_norm=0.0569, Final_scale=17.5636
🚀 APPLYING GUIDANCE at step 1 (timestep=992)
🎯 GUIDANCE STEP 1 (t=992): Loss=0.5405, Rho=23.621483, Grad_norm=0.0423, Final_scale=23.6215
🚀 APPLYING GUIDANCE at step 2 (timestep=985)
🎯 GUIDANCE STEP 2 (t=985): Loss=0.5439, Rho=15.720002, Grad_norm=0.0636, Final_scale=15.7200
🚀 APPLYING GUIDANCE at step 3 (timestep=978)
🎯 GUIDANCE STEP 3 (t=978): Loss=0.5547, Rho=10.867979, Grad_norm=0.0920, Final_scale=10.8680
🚀 APPLYING GUIDANCE at step 4 (timestep=971)
🎯 GUIDANCE STEP 4 (t=971): Loss=0.5767, Rho=9.156153, Grad_norm=0.1092, Final_scale=9.1562
🚀 APPLYING GUIDANCE at step 5 (timestep=963)
🎯 GUIDANCE STEP 5 (t=963): Loss=0.5811, Rho=3.366110, Grad_norm=0.2971, Final_scale=3.3661
🚀 APPLYING GUIDANCE at step 6 (timestep=956)
🎯 GUIDANCE STEP 6 (t=956): Loss=0.6035, Rho=4.394774, Grad_norm=0.2275, Final_scale=4.3948
🚀 APPLYING GUIDANCE at step 7 (timestep=948)
🎯 GUIDANCE STEP 7 (t=948): Loss=0.6260, Rho=7.292169, Grad_norm=0.1371, Final_scale=7.2922
🚀 APPLYING GUIDANCE at step 8 (timestep=939)
🎯 GUIDANCE STEP 8 (t=939): Loss=0.6279, Rho=6.320376, Grad_norm=0.1582, Final_scale=6.3204
🚀 APPLYING GUIDANCE at step 9 (timestep=931)
🎯 GUIDANCE STEP 9 (t=931): Loss=0.6299, Rho=4.258686, Grad_norm=0.2348, Final_scale=4.2587
🚀 APPLYING GUIDANCE at step 10 (timestep=922)
🎯 GUIDANCE STEP 10 (t=922): Loss=0.6235, Rho=6.818801, Grad_norm=0.1467, Final_scale=6.8188
🚀 APPLYING GUIDANCE at step 11 (timestep=913)
🎯 GUIDANCE STEP 11 (t=913): Loss=0.6270, Rho=8.046671, Grad_norm=0.1243, Final_scale=8.0467
🚀 APPLYING GUIDANCE at step 12 (timestep=904)
🎯 GUIDANCE STEP 12 (t=904): Loss=0.6265, Rho=3.111809, Grad_norm=0.3214, Final_scale=3.1118
🚀 APPLYING GUIDANCE at step 13 (timestep=894)
🎯 GUIDANCE STEP 13 (t=894): Loss=0.6245, Rho=2.703858, Grad_norm=0.3698, Final_scale=2.7039
🚀 APPLYING GUIDANCE at step 14 (timestep=884)
🎯 GUIDANCE STEP 14 (t=884): Loss=0.6270, Rho=2.146070, Grad_norm=0.4660, Final_scale=2.1461
🚀 APPLYING GUIDANCE at step 15 (timestep=874)
🎯 GUIDANCE STEP 15 (t=874): Loss=0.6313, Rho=2.609593, Grad_norm=0.3832, Final_scale=2.6096
🚀 APPLYING GUIDANCE at step 16 (timestep=864)
🎯 GUIDANCE STEP 16 (t=864): Loss=0.6279, Rho=3.621504, Grad_norm=0.2761, Final_scale=3.6215
🚀 APPLYING GUIDANCE at step 17 (timestep=853)
🎯 GUIDANCE STEP 17 (t=853): Loss=0.6279, Rho=6.110725, Grad_norm=0.1636, Final_scale=6.1107
🚀 APPLYING GUIDANCE at step 18 (timestep=841)
🎯 GUIDANCE STEP 18 (t=841): Loss=0.6250, Rho=4.031024, Grad_norm=0.2481, Final_scale=4.0310
🚀 APPLYING GUIDANCE at step 19 (timestep=829)
🎯 GUIDANCE STEP 19 (t=829): Loss=0.6260, Rho=4.179223, Grad_norm=0.2393, Final_scale=4.1792
🚀 APPLYING GUIDANCE at step 20 (timestep=817)
🎯 GUIDANCE STEP 20 (t=817): Loss=0.6255, Rho=4.492995, Grad_norm=0.2226, Final_scale=4.4930
🚀 APPLYING GUIDANCE at step 21 (timestep=805)
🎯 GUIDANCE STEP 21 (t=805): Loss=0.6216, Rho=7.581619, Grad_norm=0.1319, Final_scale=7.5816
🚀 APPLYING GUIDANCE at step 22 (timestep=792)
🎯 GUIDANCE STEP 22 (t=792): Loss=0.6255, Rho=3.193819, Grad_norm=0.3131, Final_scale=3.1938
🚀 APPLYING GUIDANCE at step 23 (timestep=778)
🎯 GUIDANCE STEP 23 (t=778): Loss=0.6221, Rho=3.645720, Grad_norm=0.2743, Final_scale=3.6457
🚀 APPLYING GUIDANCE at step 24 (timestep=764)
🎯 GUIDANCE STEP 24 (t=764): Loss=0.6255, Rho=4.264860, Grad_norm=0.2345, Final_scale=4.2649
🚀 APPLYING GUIDANCE at step 25 (timestep=749)
🎯 GUIDANCE STEP 25 (t=749): Loss=0.6196, Rho=4.269921, Grad_norm=0.2342, Final_scale=4.2699
🚀 APPLYING GUIDANCE at step 26 (timestep=734)
🎯 GUIDANCE STEP 26 (t=734): Loss=0.6206, Rho=3.077347, Grad_norm=0.3250, Final_scale=3.0773
🚀 APPLYING GUIDANCE at step 27 (timestep=718)
🎯 GUIDANCE STEP 27 (t=718): Loss=0.6196, Rho=6.508229, Grad_norm=0.1537, Final_scale=6.5082
🚀 APPLYING GUIDANCE at step 28 (timestep=701)
🎯 GUIDANCE STEP 28 (t=701): Loss=0.6172, Rho=7.191364, Grad_norm=0.1391, Final_scale=7.1914
🚀 APPLYING GUIDANCE at step 29 (timestep=684)
🎯 GUIDANCE STEP 29 (t=684): Loss=0.6221, Rho=8.684608, Grad_norm=0.1151, Final_scale=8.6846
🚀 APPLYING GUIDANCE at step 30 (timestep=666)
🎯 GUIDANCE STEP 30 (t=666): Loss=0.6172, Rho=5.944435, Grad_norm=0.1682, Final_scale=5.9444
🚀 APPLYING GUIDANCE at step 31 (timestep=647)
🎯 GUIDANCE STEP 31 (t=647): Loss=0.6201, Rho=9.554854, Grad_norm=0.1047, Final_scale=9.5549
🚀 APPLYING GUIDANCE at step 32 (timestep=627)
🎯 GUIDANCE STEP 32 (t=627): Loss=0.6196, Rho=11.416780, Grad_norm=0.0876, Final_scale=11.4168
🚀 APPLYING GUIDANCE at step 33 (timestep=606)
🎯 GUIDANCE STEP 33 (t=606): Loss=0.6201, Rho=16.679094, Grad_norm=0.0600, Final_scale=16.6791
🚀 APPLYING GUIDANCE at step 34 (timestep=585)
🎯 GUIDANCE STEP 34 (t=585): Loss=0.6191, Rho=14.502714, Grad_norm=0.0690, Final_scale=14.5027
🚀 APPLYING GUIDANCE at step 35 (timestep=562)
🎯 GUIDANCE STEP 35 (t=562): Loss=0.6167, Rho=23.365015, Grad_norm=0.0428, Final_scale=23.3650
🚀 APPLYING GUIDANCE at step 36 (timestep=538)
🎯 GUIDANCE STEP 36 (t=538): Loss=0.6152, Rho=9.666098, Grad_norm=0.1035, Final_scale=9.6661
🚀 APPLYING GUIDANCE at step 37 (timestep=512)
🎯 GUIDANCE STEP 37 (t=512): Loss=0.6162, Rho=15.578476, Grad_norm=0.0642, Final_scale=15.5785
🚀 APPLYING GUIDANCE at step 38 (timestep=486)
🎯 GUIDANCE STEP 38 (t=486): Loss=0.6152, Rho=34.822514, Grad_norm=0.0287, Final_scale=34.8225
🚀 APPLYING GUIDANCE at step 39 (timestep=458)
🎯 GUIDANCE STEP 39 (t=458): Loss=0.6143, Rho=7.366696, Grad_norm=0.1357, Final_scale=7.3667
🚀 APPLYING GUIDANCE at step 40 (timestep=428)
🎯 GUIDANCE STEP 40 (t=428): Loss=0.6162, Rho=23.824806, Grad_norm=0.0420, Final_scale=23.8248
🚀 APPLYING GUIDANCE at step 41 (timestep=396)
🎯 GUIDANCE STEP 41 (t=396): Loss=0.6157, Rho=12.681263, Grad_norm=0.0789, Final_scale=12.6813
🚀 APPLYING GUIDANCE at step 42 (timestep=363)
🎯 GUIDANCE STEP 42 (t=363): Loss=0.6162, Rho=24.159092, Grad_norm=0.0414, Final_scale=24.1591
🚀 APPLYING GUIDANCE at step 43 (timestep=327)
🎯 GUIDANCE STEP 43 (t=327): Loss=0.6147, Rho=49.597942, Grad_norm=0.0202, Final_scale=49.5979
🚀 APPLYING GUIDANCE at step 44 (timestep=290)
🎯 GUIDANCE STEP 44 (t=290): Loss=0.6147, Rho=38.759933, Grad_norm=0.0258, Final_scale=38.7599
🚀 APPLYING GUIDANCE at step 45 (timestep=249)
🎯 GUIDANCE STEP 45 (t=249): Loss=0.6143, Rho=33.950729, Grad_norm=0.0295, Final_scale=33.9507
🚀 APPLYING GUIDANCE at step 46 (timestep=206)
🎯 GUIDANCE STEP 46 (t=206): Loss=0.6167, Rho=59.383915, Grad_norm=0.0168, Final_scale=59.3839
🚀 APPLYING GUIDANCE at step 47 (timestep=160)
🎯 GUIDANCE STEP 47 (t=160): Loss=0.6162, Rho=8.695807, Grad_norm=0.1150, Final_scale=8.6958
🚀 APPLYING GUIDANCE at step 48 (timestep=111)
🎯 GUIDANCE STEP 48 (t=111): Loss=0.6143, Rho=35.543514, Grad_norm=0.0281, Final_scale=35.5435
🚀 APPLYING GUIDANCE at step 49 (timestep=57)
🎯 GUIDANCE STEP 49 (t=57): Loss=0.6123, Rho=20.322878, Grad_norm=0.0492, Final_scale=20.3229
[guidance_f17_s50_w8c6_rho1.0_cfg5.0_0701_1448] Generated: generated_videos/subject_consistency/guidance_f17_s50_w8c6_rho1.0_cfg5.0_0701_1448/005_a_person_drinking_coffee_in_a_cafe.mp4
[guidance_f17_s50_w8c6_rho1.0_cfg5.0_0701_1448] Generating video 7/9 (guidance): a person playing guitar
🎬 STARTING GUIDANCE PIPELINE GENERATION
   Frames: 17, Steps: 50, CFG Scale: 5.0

🔧 GUIDANCE PIPELINE CONFIGURATION:
   Guidance range: 0 - 1001
   Rho scale: 1.0
   V-JEPA kernel_size: 8
   V-JEPA context_length: 6
   V-JEPA stride: 2
   V-JEPA mode: max
   Total timesteps: 50

🚀 APPLYING GUIDANCE at step 0 (timestep=999)
🎯 GUIDANCE STEP 0 (t=999): Loss=0.5391, Rho=16.079041, Grad_norm=0.0622, Final_scale=16.0790
🚀 APPLYING GUIDANCE at step 1 (timestep=992)
🎯 GUIDANCE STEP 1 (t=992): Loss=0.5425, Rho=28.092228, Grad_norm=0.0356, Final_scale=28.0922
🚀 APPLYING GUIDANCE at step 2 (timestep=985)
🎯 GUIDANCE STEP 2 (t=985): Loss=0.5601, Rho=31.654852, Grad_norm=0.0316, Final_scale=31.6549
🚀 APPLYING GUIDANCE at step 3 (timestep=978)
🎯 GUIDANCE STEP 3 (t=978): Loss=0.5527, Rho=25.621794, Grad_norm=0.0390, Final_scale=25.6218
🚀 APPLYING GUIDANCE at step 4 (timestep=971)
🎯 GUIDANCE STEP 4 (t=971): Loss=0.5625, Rho=26.453074, Grad_norm=0.0378, Final_scale=26.4531
🚀 APPLYING GUIDANCE at step 5 (timestep=963)
🎯 GUIDANCE STEP 5 (t=963): Loss=0.5698, Rho=15.354002, Grad_norm=0.0651, Final_scale=15.3540
🚀 APPLYING GUIDANCE at step 6 (timestep=956)
🎯 GUIDANCE STEP 6 (t=956): Loss=0.5825, Rho=11.333229, Grad_norm=0.0882, Final_scale=11.3332
🚀 APPLYING GUIDANCE at step 7 (timestep=948)
🎯 GUIDANCE STEP 7 (t=948): Loss=0.5952, Rho=4.776790, Grad_norm=0.2093, Final_scale=4.7768
🚀 APPLYING GUIDANCE at step 8 (timestep=939)
🎯 GUIDANCE STEP 8 (t=939): Loss=0.6157, Rho=5.960857, Grad_norm=0.1678, Final_scale=5.9609
🚀 APPLYING GUIDANCE at step 9 (timestep=931)
🎯 GUIDANCE STEP 9 (t=931): Loss=0.6230, Rho=11.850349, Grad_norm=0.0844, Final_scale=11.8503
🚀 APPLYING GUIDANCE at step 10 (timestep=922)
🎯 GUIDANCE STEP 10 (t=922): Loss=0.6143, Rho=8.761296, Grad_norm=0.1141, Final_scale=8.7613
🚀 APPLYING GUIDANCE at step 11 (timestep=913)
🎯 GUIDANCE STEP 11 (t=913): Loss=0.6187, Rho=3.567330, Grad_norm=0.2803, Final_scale=3.5673
🚀 APPLYING GUIDANCE at step 12 (timestep=904)
🎯 GUIDANCE STEP 12 (t=904): Loss=0.6196, Rho=6.699193, Grad_norm=0.1493, Final_scale=6.6992
🚀 APPLYING GUIDANCE at step 13 (timestep=894)
🎯 GUIDANCE STEP 13 (t=894): Loss=0.6182, Rho=5.037920, Grad_norm=0.1985, Final_scale=5.0379
🚀 APPLYING GUIDANCE at step 14 (timestep=884)
🎯 GUIDANCE STEP 14 (t=884): Loss=0.6157, Rho=6.571935, Grad_norm=0.1522, Final_scale=6.5719
🚀 APPLYING GUIDANCE at step 15 (timestep=874)
🎯 GUIDANCE STEP 15 (t=874): Loss=0.6133, Rho=7.383997, Grad_norm=0.1354, Final_scale=7.3840
🚀 APPLYING GUIDANCE at step 16 (timestep=864)
🎯 GUIDANCE STEP 16 (t=864): Loss=0.6157, Rho=8.811114, Grad_norm=0.1135, Final_scale=8.8111
🚀 APPLYING GUIDANCE at step 17 (timestep=853)
🎯 GUIDANCE STEP 17 (t=853): Loss=0.6104, Rho=7.596106, Grad_norm=0.1316, Final_scale=7.5961
🚀 APPLYING GUIDANCE at step 18 (timestep=841)
🎯 GUIDANCE STEP 18 (t=841): Loss=0.6113, Rho=10.740425, Grad_norm=0.0931, Final_scale=10.7404
🚀 APPLYING GUIDANCE at step 19 (timestep=829)
🎯 GUIDANCE STEP 19 (t=829): Loss=0.6133, Rho=6.739643, Grad_norm=0.1484, Final_scale=6.7396
🚀 APPLYING GUIDANCE at step 20 (timestep=817)
🎯 GUIDANCE STEP 20 (t=817): Loss=0.6157, Rho=8.415257, Grad_norm=0.1188, Final_scale=8.4153
🚀 APPLYING GUIDANCE at step 21 (timestep=805)
🎯 GUIDANCE STEP 21 (t=805): Loss=0.6128, Rho=5.957768, Grad_norm=0.1678, Final_scale=5.9578
🚀 APPLYING GUIDANCE at step 22 (timestep=792)
🎯 GUIDANCE STEP 22 (t=792): Loss=0.6182, Rho=7.343035, Grad_norm=0.1362, Final_scale=7.3430
🚀 APPLYING GUIDANCE at step 23 (timestep=778)
🎯 GUIDANCE STEP 23 (t=778): Loss=0.6230, Rho=8.367814, Grad_norm=0.1195, Final_scale=8.3678
🚀 APPLYING GUIDANCE at step 24 (timestep=764)
🎯 GUIDANCE STEP 24 (t=764): Loss=0.6152, Rho=2.933753, Grad_norm=0.3409, Final_scale=2.9338
🚀 APPLYING GUIDANCE at step 25 (timestep=749)
🎯 GUIDANCE STEP 25 (t=749): Loss=0.6167, Rho=6.045212, Grad_norm=0.1654, Final_scale=6.0452
🚀 APPLYING GUIDANCE at step 26 (timestep=734)
🎯 GUIDANCE STEP 26 (t=734): Loss=0.6104, Rho=10.097828, Grad_norm=0.0990, Final_scale=10.0978
🚀 APPLYING GUIDANCE at step 27 (timestep=718)
🎯 GUIDANCE STEP 27 (t=718): Loss=0.6099, Rho=7.986314, Grad_norm=0.1252, Final_scale=7.9863
🚀 APPLYING GUIDANCE at step 28 (timestep=701)
🎯 GUIDANCE STEP 28 (t=701): Loss=0.6133, Rho=7.862254, Grad_norm=0.1272, Final_scale=7.8623
🚀 APPLYING GUIDANCE at step 29 (timestep=684)
🎯 GUIDANCE STEP 29 (t=684): Loss=0.6147, Rho=7.104898, Grad_norm=0.1407, Final_scale=7.1049
🚀 APPLYING GUIDANCE at step 30 (timestep=666)
🎯 GUIDANCE STEP 30 (t=666): Loss=0.6157, Rho=10.709340, Grad_norm=0.0934, Final_scale=10.7093
🚀 APPLYING GUIDANCE at step 31 (timestep=647)
🎯 GUIDANCE STEP 31 (t=647): Loss=0.6172, Rho=2.990277, Grad_norm=0.3344, Final_scale=2.9903
🚀 APPLYING GUIDANCE at step 32 (timestep=627)
🎯 GUIDANCE STEP 32 (t=627): Loss=0.6152, Rho=8.797127, Grad_norm=0.1137, Final_scale=8.7971
🚀 APPLYING GUIDANCE at step 33 (timestep=606)
🎯 GUIDANCE STEP 33 (t=606): Loss=0.6162, Rho=16.930641, Grad_norm=0.0591, Final_scale=16.9306
🚀 APPLYING GUIDANCE at step 34 (timestep=585)
🎯 GUIDANCE STEP 34 (t=585): Loss=0.6123, Rho=7.914312, Grad_norm=0.1264, Final_scale=7.9143
🚀 APPLYING GUIDANCE at step 35 (timestep=562)
🎯 GUIDANCE STEP 35 (t=562): Loss=0.6138, Rho=8.984274, Grad_norm=0.1113, Final_scale=8.9843
🚀 APPLYING GUIDANCE at step 36 (timestep=538)
🎯 GUIDANCE STEP 36 (t=538): Loss=0.6128, Rho=9.249666, Grad_norm=0.1081, Final_scale=9.2497
🚀 APPLYING GUIDANCE at step 37 (timestep=512)
🎯 GUIDANCE STEP 37 (t=512): Loss=0.6143, Rho=8.595017, Grad_norm=0.1163, Final_scale=8.5950
🚀 APPLYING GUIDANCE at step 38 (timestep=486)
🎯 GUIDANCE STEP 38 (t=486): Loss=0.6147, Rho=20.111357, Grad_norm=0.0497, Final_scale=20.1114
🚀 APPLYING GUIDANCE at step 39 (timestep=458)
🎯 GUIDANCE STEP 39 (t=458): Loss=0.6152, Rho=17.051085, Grad_norm=0.0586, Final_scale=17.0511
🚀 APPLYING GUIDANCE at step 40 (timestep=428)
🎯 GUIDANCE STEP 40 (t=428): Loss=0.6152, Rho=11.676198, Grad_norm=0.0856, Final_scale=11.6762
🚀 APPLYING GUIDANCE at step 41 (timestep=396)
🎯 GUIDANCE STEP 41 (t=396): Loss=0.6143, Rho=30.738197, Grad_norm=0.0325, Final_scale=30.7382
🚀 APPLYING GUIDANCE at step 42 (timestep=363)
🎯 GUIDANCE STEP 42 (t=363): Loss=0.6167, Rho=21.812344, Grad_norm=0.0458, Final_scale=21.8123
🚀 APPLYING GUIDANCE at step 43 (timestep=327)
🎯 GUIDANCE STEP 43 (t=327): Loss=0.6147, Rho=11.211119, Grad_norm=0.0892, Final_scale=11.2111
🚀 APPLYING GUIDANCE at step 44 (timestep=290)
🎯 GUIDANCE STEP 44 (t=290): Loss=0.6152, Rho=4.502503, Grad_norm=0.2221, Final_scale=4.5025
🚀 APPLYING GUIDANCE at step 45 (timestep=249)
🎯 GUIDANCE STEP 45 (t=249): Loss=0.6172, Rho=5.257770, Grad_norm=0.1902, Final_scale=5.2578
🚀 APPLYING GUIDANCE at step 46 (timestep=206)
🎯 GUIDANCE STEP 46 (t=206): Loss=0.6177, Rho=23.390165, Grad_norm=0.0428, Final_scale=23.3902
🚀 APPLYING GUIDANCE at step 47 (timestep=160)
🎯 GUIDANCE STEP 47 (t=160): Loss=0.6147, Rho=16.515877, Grad_norm=0.0605, Final_scale=16.5159
🚀 APPLYING GUIDANCE at step 48 (timestep=111)
🎯 GUIDANCE STEP 48 (t=111): Loss=0.6133, Rho=8.939993, Grad_norm=0.1119, Final_scale=8.9400
🚀 APPLYING GUIDANCE at step 49 (timestep=57)
🎯 GUIDANCE STEP 49 (t=57): Loss=0.6138, Rho=4.066050, Grad_norm=0.2459, Final_scale=4.0661
[guidance_f17_s50_w8c6_rho1.0_cfg5.0_0701_1448] Generated: generated_videos/subject_consistency/guidance_f17_s50_w8c6_rho1.0_cfg5.0_0701_1448/003_a_dog_running_happily.mp4
[guidance_f17_s50_w8c6_rho1.0_cfg5.0_0701_1448] Generating video 5/9 (guidance): a horse bending down to drink water from a river
🎬 STARTING GUIDANCE PIPELINE GENERATION
   Frames: 17, Steps: 50, CFG Scale: 5.0

🔧 GUIDANCE PIPELINE CONFIGURATION:
   Guidance range: 0 - 1001
   Rho scale: 1.0
   V-JEPA kernel_size: 8
   V-JEPA context_length: 6
   V-JEPA stride: 2
   V-JEPA mode: max
   Total timesteps: 50

🚀 APPLYING GUIDANCE at step 0 (timestep=999)
🎯 GUIDANCE STEP 0 (t=999): Loss=0.6118, Rho=15.038912, Grad_norm=0.0665, Final_scale=15.0389
🚀 APPLYING GUIDANCE at step 1 (timestep=992)
🎯 GUIDANCE STEP 1 (t=992): Loss=0.5435, Rho=19.455282, Grad_norm=0.0514, Final_scale=19.4553
🚀 APPLYING GUIDANCE at step 2 (timestep=985)
🎯 GUIDANCE STEP 2 (t=985): Loss=0.5601, Rho=9.934541, Grad_norm=0.1007, Final_scale=9.9345
🚀 APPLYING GUIDANCE at step 3 (timestep=978)
🎯 GUIDANCE STEP 3 (t=978): Loss=0.5889, Rho=21.491138, Grad_norm=0.0465, Final_scale=21.4911
🚀 APPLYING GUIDANCE at step 4 (timestep=971)
🎯 GUIDANCE STEP 4 (t=971): Loss=0.5835, Rho=9.108315, Grad_norm=0.1098, Final_scale=9.1083
🚀 APPLYING GUIDANCE at step 5 (timestep=963)
🎯 GUIDANCE STEP 5 (t=963): Loss=0.6084, Rho=4.214293, Grad_norm=0.2373, Final_scale=4.2143
🚀 APPLYING GUIDANCE at step 6 (timestep=956)
🎯 GUIDANCE STEP 6 (t=956): Loss=0.6201, Rho=6.024074, Grad_norm=0.1660, Final_scale=6.0241
🚀 APPLYING GUIDANCE at step 7 (timestep=948)
🎯 GUIDANCE STEP 7 (t=948): Loss=0.6211, Rho=6.202473, Grad_norm=0.1612, Final_scale=6.2025
🚀 APPLYING GUIDANCE at step 8 (timestep=939)
🎯 GUIDANCE STEP 8 (t=939): Loss=0.6108, Rho=2.977369, Grad_norm=0.3359, Final_scale=2.9774
🚀 APPLYING GUIDANCE at step 9 (timestep=931)
🎯 GUIDANCE STEP 9 (t=931): Loss=0.6133, Rho=9.203060, Grad_norm=0.1087, Final_scale=9.2031
🚀 APPLYING GUIDANCE at step 10 (timestep=922)
🎯 GUIDANCE STEP 10 (t=922): Loss=0.6187, Rho=6.614829, Grad_norm=0.1512, Final_scale=6.6148
🚀 APPLYING GUIDANCE at step 11 (timestep=913)
🎯 GUIDANCE STEP 11 (t=913): Loss=0.6099, Rho=4.797729, Grad_norm=0.2084, Final_scale=4.7977
🚀 APPLYING GUIDANCE at step 12 (timestep=904)
🎯 GUIDANCE STEP 12 (t=904): Loss=0.6104, Rho=7.117338, Grad_norm=0.1405, Final_scale=7.1173
🚀 APPLYING GUIDANCE at step 13 (timestep=894)
🎯 GUIDANCE STEP 13 (t=894): Loss=0.6084, Rho=7.841038, Grad_norm=0.1275, Final_scale=7.8410
🚀 APPLYING GUIDANCE at step 14 (timestep=884)
🎯 GUIDANCE STEP 14 (t=884): Loss=0.6094, Rho=10.510735, Grad_norm=0.0951, Final_scale=10.5107
🚀 APPLYING GUIDANCE at step 15 (timestep=874)
🎯 GUIDANCE STEP 15 (t=874): Loss=0.6074, Rho=7.167945, Grad_norm=0.1395, Final_scale=7.1679
🚀 APPLYING GUIDANCE at step 16 (timestep=864)
🎯 GUIDANCE STEP 16 (t=864): Loss=0.6162, Rho=6.330009, Grad_norm=0.1580, Final_scale=6.3300
🚀 APPLYING GUIDANCE at step 17 (timestep=853)
🎯 GUIDANCE STEP 17 (t=853): Loss=0.6172, Rho=6.608387, Grad_norm=0.1513, Final_scale=6.6084
🚀 APPLYING GUIDANCE at step 18 (timestep=841)
🎯 GUIDANCE STEP 18 (t=841): Loss=0.6206, Rho=8.609393, Grad_norm=0.1162, Final_scale=8.6094
🚀 APPLYING GUIDANCE at step 19 (timestep=829)
🎯 GUIDANCE STEP 19 (t=829): Loss=0.6157, Rho=7.937294, Grad_norm=0.1260, Final_scale=7.9373
🚀 APPLYING GUIDANCE at step 20 (timestep=817)
🎯 GUIDANCE STEP 20 (t=817): Loss=0.6182, Rho=2.918664, Grad_norm=0.3426, Final_scale=2.9187
🚀 APPLYING GUIDANCE at step 21 (timestep=805)
🎯 GUIDANCE STEP 21 (t=805): Loss=0.6162, Rho=2.665926, Grad_norm=0.3751, Final_scale=2.6659
🚀 APPLYING GUIDANCE at step 22 (timestep=792)
🎯 GUIDANCE STEP 22 (t=792): Loss=0.6221, Rho=6.564748, Grad_norm=0.1523, Final_scale=6.5647
🚀 APPLYING GUIDANCE at step 23 (timestep=778)
🎯 GUIDANCE STEP 23 (t=778): Loss=0.6196, Rho=7.413706, Grad_norm=0.1349, Final_scale=7.4137
🚀 APPLYING GUIDANCE at step 24 (timestep=764)
🎯 GUIDANCE STEP 24 (t=764): Loss=0.6255, Rho=7.947602, Grad_norm=0.1258, Final_scale=7.9476
🚀 APPLYING GUIDANCE at step 25 (timestep=749)
🎯 GUIDANCE STEP 25 (t=749): Loss=0.6304, Rho=2.574949, Grad_norm=0.3884, Final_scale=2.5749
🚀 APPLYING GUIDANCE at step 26 (timestep=734)
🎯 GUIDANCE STEP 26 (t=734): Loss=0.6279, Rho=12.342219, Grad_norm=0.0810, Final_scale=12.3422
🚀 APPLYING GUIDANCE at step 27 (timestep=718)
🎯 GUIDANCE STEP 27 (t=718): Loss=0.6333, Rho=6.446155, Grad_norm=0.1551, Final_scale=6.4462
🚀 APPLYING GUIDANCE at step 28 (timestep=701)
🎯 GUIDANCE STEP 28 (t=701): Loss=0.6270, Rho=5.485069, Grad_norm=0.1823, Final_scale=5.4851
🚀 APPLYING GUIDANCE at step 29 (timestep=684)
🎯 GUIDANCE STEP 29 (t=684): Loss=0.6289, Rho=11.908669, Grad_norm=0.0840, Final_scale=11.9087
🚀 APPLYING GUIDANCE at step 30 (timestep=666)
🎯 GUIDANCE STEP 30 (t=666): Loss=0.6235, Rho=18.751522, Grad_norm=0.0533, Final_scale=18.7515
🚀 APPLYING GUIDANCE at step 31 (timestep=647)
🎯 GUIDANCE STEP 31 (t=647): Loss=0.6235, Rho=7.698966, Grad_norm=0.1299, Final_scale=7.6990
🚀 APPLYING GUIDANCE at step 32 (timestep=627)
🎯 GUIDANCE STEP 32 (t=627): Loss=0.6221, Rho=10.164336, Grad_norm=0.0984, Final_scale=10.1643
🚀 APPLYING GUIDANCE at step 33 (timestep=606)
🎯 GUIDANCE STEP 33 (t=606): Loss=0.6260, Rho=16.981781, Grad_norm=0.0589, Final_scale=16.9818
🚀 APPLYING GUIDANCE at step 34 (timestep=585)
🎯 GUIDANCE STEP 34 (t=585): Loss=0.6245, Rho=5.706149, Grad_norm=0.1752, Final_scale=5.7061
🚀 APPLYING GUIDANCE at step 35 (timestep=562)
🎯 GUIDANCE STEP 35 (t=562): Loss=0.6211, Rho=19.183283, Grad_norm=0.0521, Final_scale=19.1833
🚀 APPLYING GUIDANCE at step 36 (timestep=538)
🎯 GUIDANCE STEP 36 (t=538): Loss=0.6240, Rho=9.878339, Grad_norm=0.1012, Final_scale=9.8783
🚀 APPLYING GUIDANCE at step 37 (timestep=512)
🎯 GUIDANCE STEP 37 (t=512): Loss=0.6226, Rho=7.815685, Grad_norm=0.1279, Final_scale=7.8157
🚀 APPLYING GUIDANCE at step 38 (timestep=486)
🎯 GUIDANCE STEP 38 (t=486): Loss=0.6211, Rho=5.440936, Grad_norm=0.1838, Final_scale=5.4409
🚀 APPLYING GUIDANCE at step 39 (timestep=458)
🎯 GUIDANCE STEP 39 (t=458): Loss=0.6196, Rho=16.938040, Grad_norm=0.0590, Final_scale=16.9380
🚀 APPLYING GUIDANCE at step 40 (timestep=428)
🎯 GUIDANCE STEP 40 (t=428): Loss=0.6206, Rho=10.032765, Grad_norm=0.0997, Final_scale=10.0328
🚀 APPLYING GUIDANCE at step 41 (timestep=396)
🎯 GUIDANCE STEP 41 (t=396): Loss=0.6201, Rho=14.695995, Grad_norm=0.0680, Final_scale=14.6960
🚀 APPLYING GUIDANCE at step 42 (timestep=363)
🎯 GUIDANCE STEP 42 (t=363): Loss=0.6201, Rho=23.489656, Grad_norm=0.0426, Final_scale=23.4897
🚀 APPLYING GUIDANCE at step 43 (timestep=327)
🎯 GUIDANCE STEP 43 (t=327): Loss=0.6211, Rho=22.768576, Grad_norm=0.0439, Final_scale=22.7686
🚀 APPLYING GUIDANCE at step 44 (timestep=290)
🎯 GUIDANCE STEP 44 (t=290): Loss=0.6211, Rho=14.667996, Grad_norm=0.0682, Final_scale=14.6680
🚀 APPLYING GUIDANCE at step 45 (timestep=249)
🎯 GUIDANCE STEP 45 (t=249): Loss=0.6221, Rho=23.951197, Grad_norm=0.0418, Final_scale=23.9512
🚀 APPLYING GUIDANCE at step 46 (timestep=206)
🎯 GUIDANCE STEP 46 (t=206): Loss=0.6201, Rho=19.361996, Grad_norm=0.0516, Final_scale=19.3620
🚀 APPLYING GUIDANCE at step 47 (timestep=160)
🎯 GUIDANCE STEP 47 (t=160): Loss=0.6206, Rho=20.315796, Grad_norm=0.0492, Final_scale=20.3158
🚀 APPLYING GUIDANCE at step 48 (timestep=111)
🎯 GUIDANCE STEP 48 (t=111): Loss=0.6167, Rho=18.871874, Grad_norm=0.0530, Final_scale=18.8719
🚀 APPLYING GUIDANCE at step 49 (timestep=57)
🎯 GUIDANCE STEP 49 (t=57): Loss=0.6177, Rho=17.514950, Grad_norm=0.0571, Final_scale=17.5149
[guidance_f17_s50_w8c6_rho1.0_cfg5.0_0701_1448] Generated: generated_videos/subject_consistency/guidance_f17_s50_w8c6_rho1.0_cfg5.0_0701_1448/003_a_bird_building_a_nest_from_twigs_and_leaves.mp4
[guidance_f17_s50_w8c6_rho1.0_cfg5.0_0701_1448] Generating video 5/9 (guidance): a bird flying over a snowy forest
🎬 STARTING GUIDANCE PIPELINE GENERATION
   Frames: 17, Steps: 50, CFG Scale: 5.0

🔧 GUIDANCE PIPELINE CONFIGURATION:
   Guidance range: 0 - 1001
   Rho scale: 1.0
   V-JEPA kernel_size: 8
   V-JEPA context_length: 6
   V-JEPA stride: 2
   V-JEPA mode: max
   Total timesteps: 50

🚀 APPLYING GUIDANCE at step 0 (timestep=999)
🎯 GUIDANCE STEP 0 (t=999): Loss=0.6177, Rho=2.574861, Grad_norm=0.3884, Final_scale=2.5749
🚀 APPLYING GUIDANCE at step 1 (timestep=992)
🎯 GUIDANCE STEP 1 (t=992): Loss=0.5464, Rho=7.875775, Grad_norm=0.1270, Final_scale=7.8758
🚀 APPLYING GUIDANCE at step 2 (timestep=985)
🎯 GUIDANCE STEP 2 (t=985): Loss=0.5552, Rho=13.265755, Grad_norm=0.0754, Final_scale=13.2658
🚀 APPLYING GUIDANCE at step 3 (timestep=978)
🎯 GUIDANCE STEP 3 (t=978): Loss=0.5532, Rho=33.294491, Grad_norm=0.0300, Final_scale=33.2945
🚀 APPLYING GUIDANCE at step 4 (timestep=971)
🎯 GUIDANCE STEP 4 (t=971): Loss=0.5801, Rho=7.530705, Grad_norm=0.1328, Final_scale=7.5307
🚀 APPLYING GUIDANCE at step 5 (timestep=963)
🎯 GUIDANCE STEP 5 (t=963): Loss=0.5762, Rho=14.633921, Grad_norm=0.0683, Final_scale=14.6339
🚀 APPLYING GUIDANCE at step 6 (timestep=956)
🎯 GUIDANCE STEP 6 (t=956): Loss=0.5806, Rho=11.449814, Grad_norm=0.0873, Final_scale=11.4498
🚀 APPLYING GUIDANCE at step 7 (timestep=948)
🎯 GUIDANCE STEP 7 (t=948): Loss=0.5903, Rho=13.571840, Grad_norm=0.0737, Final_scale=13.5718
🚀 APPLYING GUIDANCE at step 8 (timestep=939)
🎯 GUIDANCE STEP 8 (t=939): Loss=0.6040, Rho=6.297841, Grad_norm=0.1588, Final_scale=6.2978
🚀 APPLYING GUIDANCE at step 9 (timestep=931)
🎯 GUIDANCE STEP 9 (t=931): Loss=0.6162, Rho=13.182922, Grad_norm=0.0759, Final_scale=13.1829
🚀 APPLYING GUIDANCE at step 10 (timestep=922)
🎯 GUIDANCE STEP 10 (t=922): Loss=0.6284, Rho=4.740355, Grad_norm=0.2110, Final_scale=4.7404
🚀 APPLYING GUIDANCE at step 11 (timestep=913)
🎯 GUIDANCE STEP 11 (t=913): Loss=0.6191, Rho=8.854507, Grad_norm=0.1129, Final_scale=8.8545
🚀 APPLYING GUIDANCE at step 12 (timestep=904)
🎯 GUIDANCE STEP 12 (t=904): Loss=0.6211, Rho=7.929684, Grad_norm=0.1261, Final_scale=7.9297
🚀 APPLYING GUIDANCE at step 13 (timestep=894)
🎯 GUIDANCE STEP 13 (t=894): Loss=0.6250, Rho=8.485551, Grad_norm=0.1178, Final_scale=8.4856
🚀 APPLYING GUIDANCE at step 14 (timestep=884)
🎯 GUIDANCE STEP 14 (t=884): Loss=0.6372, Rho=10.139111, Grad_norm=0.0986, Final_scale=10.1391
🚀 APPLYING GUIDANCE at step 15 (timestep=874)
🎯 GUIDANCE STEP 15 (t=874): Loss=0.6367, Rho=10.020434, Grad_norm=0.0998, Final_scale=10.0204
🚀 APPLYING GUIDANCE at step 16 (timestep=864)
🎯 GUIDANCE STEP 16 (t=864): Loss=0.6343, Rho=10.174063, Grad_norm=0.0983, Final_scale=10.1741
🚀 APPLYING GUIDANCE at step 17 (timestep=853)
🎯 GUIDANCE STEP 17 (t=853): Loss=0.6333, Rho=5.818113, Grad_norm=0.1719, Final_scale=5.8181
🚀 APPLYING GUIDANCE at step 18 (timestep=841)
🎯 GUIDANCE STEP 18 (t=841): Loss=0.6343, Rho=6.454398, Grad_norm=0.1549, Final_scale=6.4544
🚀 APPLYING GUIDANCE at step 19 (timestep=829)
🎯 GUIDANCE STEP 19 (t=829): Loss=0.6309, Rho=7.187062, Grad_norm=0.1391, Final_scale=7.1871
🚀 APPLYING GUIDANCE at step 20 (timestep=817)
🎯 GUIDANCE STEP 20 (t=817): Loss=0.6343, Rho=6.623384, Grad_norm=0.1510, Final_scale=6.6234
🚀 APPLYING GUIDANCE at step 21 (timestep=805)
🎯 GUIDANCE STEP 21 (t=805): Loss=0.6323, Rho=7.124310, Grad_norm=0.1404, Final_scale=7.1243
🚀 APPLYING GUIDANCE at step 22 (timestep=792)
🎯 GUIDANCE STEP 22 (t=792): Loss=0.6362, Rho=13.377958, Grad_norm=0.0747, Final_scale=13.3780
🚀 APPLYING GUIDANCE at step 23 (timestep=778)
🎯 GUIDANCE STEP 23 (t=778): Loss=0.6362, Rho=10.574752, Grad_norm=0.0946, Final_scale=10.5748
🚀 APPLYING GUIDANCE at step 24 (timestep=764)
🎯 GUIDANCE STEP 24 (t=764): Loss=0.6377, Rho=13.424956, Grad_norm=0.0745, Final_scale=13.4250
🚀 APPLYING GUIDANCE at step 25 (timestep=749)
🎯 GUIDANCE STEP 25 (t=749): Loss=0.6382, Rho=11.389091, Grad_norm=0.0878, Final_scale=11.3891
🚀 APPLYING GUIDANCE at step 26 (timestep=734)
🎯 GUIDANCE STEP 26 (t=734): Loss=0.6382, Rho=9.321798, Grad_norm=0.1073, Final_scale=9.3218
🚀 APPLYING GUIDANCE at step 27 (timestep=718)
🎯 GUIDANCE STEP 27 (t=718): Loss=0.6333, Rho=9.239886, Grad_norm=0.1082, Final_scale=9.2399
🚀 APPLYING GUIDANCE at step 28 (timestep=701)
🎯 GUIDANCE STEP 28 (t=701): Loss=0.6338, Rho=7.190502, Grad_norm=0.1391, Final_scale=7.1905
🚀 APPLYING GUIDANCE at step 29 (timestep=684)
🎯 GUIDANCE STEP 29 (t=684): Loss=0.6318, Rho=6.761728, Grad_norm=0.1479, Final_scale=6.7617
🚀 APPLYING GUIDANCE at step 30 (timestep=666)
🎯 GUIDANCE STEP 30 (t=666): Loss=0.6333, Rho=4.476991, Grad_norm=0.2234, Final_scale=4.4770
🚀 APPLYING GUIDANCE at step 31 (timestep=647)
🎯 GUIDANCE STEP 31 (t=647): Loss=0.6318, Rho=8.016186, Grad_norm=0.1247, Final_scale=8.0162
🚀 APPLYING GUIDANCE at step 32 (timestep=627)
🎯 GUIDANCE STEP 32 (t=627): Loss=0.6343, Rho=8.920695, Grad_norm=0.1121, Final_scale=8.9207
🚀 APPLYING GUIDANCE at step 33 (timestep=606)
🎯 GUIDANCE STEP 33 (t=606): Loss=0.6333, Rho=7.074944, Grad_norm=0.1413, Final_scale=7.0749
🚀 APPLYING GUIDANCE at step 34 (timestep=585)
🎯 GUIDANCE STEP 34 (t=585): Loss=0.6323, Rho=16.568710, Grad_norm=0.0604, Final_scale=16.5687
🚀 APPLYING GUIDANCE at step 35 (timestep=562)
🎯 GUIDANCE STEP 35 (t=562): Loss=0.6313, Rho=8.112048, Grad_norm=0.1233, Final_scale=8.1120
🚀 APPLYING GUIDANCE at step 36 (timestep=538)
🎯 GUIDANCE STEP 36 (t=538): Loss=0.6289, Rho=14.076365, Grad_norm=0.0710, Final_scale=14.0764
🚀 APPLYING GUIDANCE at step 37 (timestep=512)
🎯 GUIDANCE STEP 37 (t=512): Loss=0.6309, Rho=13.231695, Grad_norm=0.0756, Final_scale=13.2317
🚀 APPLYING GUIDANCE at step 38 (timestep=486)
🎯 GUIDANCE STEP 38 (t=486): Loss=0.6289, Rho=9.799770, Grad_norm=0.1020, Final_scale=9.7998
🚀 APPLYING GUIDANCE at step 39 (timestep=458)
🎯 GUIDANCE STEP 39 (t=458): Loss=0.6333, Rho=14.048031, Grad_norm=0.0712, Final_scale=14.0480
🚀 APPLYING GUIDANCE at step 40 (timestep=428)
🎯 GUIDANCE STEP 40 (t=428): Loss=0.6313, Rho=3.192560, Grad_norm=0.3132, Final_scale=3.1926
🚀 APPLYING GUIDANCE at step 41 (timestep=396)
🎯 GUIDANCE STEP 41 (t=396): Loss=0.6348, Rho=8.149797, Grad_norm=0.1227, Final_scale=8.1498
🚀 APPLYING GUIDANCE at step 42 (timestep=363)
🎯 GUIDANCE STEP 42 (t=363): Loss=0.6343, Rho=7.709257, Grad_norm=0.1297, Final_scale=7.7093
🚀 APPLYING GUIDANCE at step 43 (timestep=327)
🎯 GUIDANCE STEP 43 (t=327): Loss=0.6328, Rho=16.021177, Grad_norm=0.0624, Final_scale=16.0212
🚀 APPLYING GUIDANCE at step 44 (timestep=290)
🎯 GUIDANCE STEP 44 (t=290): Loss=0.6338, Rho=18.982306, Grad_norm=0.0527, Final_scale=18.9823
🚀 APPLYING GUIDANCE at step 45 (timestep=249)
🎯 GUIDANCE STEP 45 (t=249): Loss=0.6318, Rho=14.448621, Grad_norm=0.0692, Final_scale=14.4486
🚀 APPLYING GUIDANCE at step 46 (timestep=206)
🎯 GUIDANCE STEP 46 (t=206): Loss=0.6328, Rho=12.039783, Grad_norm=0.0831, Final_scale=12.0398
🚀 APPLYING GUIDANCE at step 47 (timestep=160)
🎯 GUIDANCE STEP 47 (t=160): Loss=0.6343, Rho=8.377985, Grad_norm=0.1194, Final_scale=8.3780
🚀 APPLYING GUIDANCE at step 48 (timestep=111)
🎯 GUIDANCE STEP 48 (t=111): Loss=0.6328, Rho=12.185605, Grad_norm=0.0821, Final_scale=12.1856
🚀 APPLYING GUIDANCE at step 49 (timestep=57)
🎯 GUIDANCE STEP 49 (t=57): Loss=0.6313, Rho=9.708900, Grad_norm=0.1030, Final_scale=9.7089
[guidance_f17_s50_w8c6_rho1.0_cfg5.0_0701_1448] Generated: generated_videos/subject_consistency/guidance_f17_s50_w8c6_rho1.0_cfg5.0_0701_1448/006_an_elephant_taking_a_peaceful_walk.mp4
[guidance_f17_s50_w8c6_rho1.0_cfg5.0_0701_1448] Generating video 8/9 (guidance): an elephant running to join a herd of its kind
🎬 STARTING GUIDANCE PIPELINE GENERATION
   Frames: 17, Steps: 50, CFG Scale: 5.0

🔧 GUIDANCE PIPELINE CONFIGURATION:
   Guidance range: 0 - 1001
   Rho scale: 1.0
   V-JEPA kernel_size: 8
   V-JEPA context_length: 6
   V-JEPA stride: 2
   V-JEPA mode: max
   Total timesteps: 50

🚀 APPLYING GUIDANCE at step 0 (timestep=999)
🎯 GUIDANCE STEP 0 (t=999): Loss=0.5513, Rho=20.866879, Grad_norm=0.0479, Final_scale=20.8669
🚀 APPLYING GUIDANCE at step 1 (timestep=992)
🎯 GUIDANCE STEP 1 (t=992): Loss=0.5518, Rho=26.752216, Grad_norm=0.0374, Final_scale=26.7522
🚀 APPLYING GUIDANCE at step 2 (timestep=985)
🎯 GUIDANCE STEP 2 (t=985): Loss=0.5542, Rho=26.782776, Grad_norm=0.0373, Final_scale=26.7828
🚀 APPLYING GUIDANCE at step 3 (timestep=978)
🎯 GUIDANCE STEP 3 (t=978): Loss=0.5718, Rho=18.558283, Grad_norm=0.0539, Final_scale=18.5583
🚀 APPLYING GUIDANCE at step 4 (timestep=971)
🎯 GUIDANCE STEP 4 (t=971): Loss=0.5825, Rho=17.170441, Grad_norm=0.0582, Final_scale=17.1704
🚀 APPLYING GUIDANCE at step 5 (timestep=963)
🎯 GUIDANCE STEP 5 (t=963): Loss=0.5884, Rho=10.009095, Grad_norm=0.0999, Final_scale=10.0091
🚀 APPLYING GUIDANCE at step 6 (timestep=956)
🎯 GUIDANCE STEP 6 (t=956): Loss=0.5796, Rho=12.878374, Grad_norm=0.0776, Final_scale=12.8784
🚀 APPLYING GUIDANCE at step 7 (timestep=948)
🎯 GUIDANCE STEP 7 (t=948): Loss=0.5986, Rho=9.673104, Grad_norm=0.1034, Final_scale=9.6731
🚀 APPLYING GUIDANCE at step 8 (timestep=939)
🎯 GUIDANCE STEP 8 (t=939): Loss=0.6025, Rho=6.291781, Grad_norm=0.1589, Final_scale=6.2918
🚀 APPLYING GUIDANCE at step 9 (timestep=931)
🎯 GUIDANCE STEP 9 (t=931): Loss=0.6089, Rho=3.361421, Grad_norm=0.2975, Final_scale=3.3614
🚀 APPLYING GUIDANCE at step 10 (timestep=922)
🎯 GUIDANCE STEP 10 (t=922): Loss=0.6182, Rho=7.461817, Grad_norm=0.1340, Final_scale=7.4618
🚀 APPLYING GUIDANCE at step 11 (timestep=913)
🎯 GUIDANCE STEP 11 (t=913): Loss=0.6143, Rho=4.183662, Grad_norm=0.2390, Final_scale=4.1837
🚀 APPLYING GUIDANCE at step 12 (timestep=904)
🎯 GUIDANCE STEP 12 (t=904): Loss=0.6128, Rho=8.658726, Grad_norm=0.1155, Final_scale=8.6587
🚀 APPLYING GUIDANCE at step 13 (timestep=894)
🎯 GUIDANCE STEP 13 (t=894): Loss=0.6128, Rho=9.120878, Grad_norm=0.1096, Final_scale=9.1209
🚀 APPLYING GUIDANCE at step 14 (timestep=884)
🎯 GUIDANCE STEP 14 (t=884): Loss=0.6079, Rho=9.592255, Grad_norm=0.1043, Final_scale=9.5923
🚀 APPLYING GUIDANCE at step 15 (timestep=874)
🎯 GUIDANCE STEP 15 (t=874): Loss=0.6133, Rho=8.117854, Grad_norm=0.1232, Final_scale=8.1179
🚀 APPLYING GUIDANCE at step 16 (timestep=864)
🎯 GUIDANCE STEP 16 (t=864): Loss=0.6162, Rho=11.900492, Grad_norm=0.0840, Final_scale=11.9005
🚀 APPLYING GUIDANCE at step 17 (timestep=853)
🎯 GUIDANCE STEP 17 (t=853): Loss=0.6201, Rho=7.246199, Grad_norm=0.1380, Final_scale=7.2462
🚀 APPLYING GUIDANCE at step 18 (timestep=841)
🎯 GUIDANCE STEP 18 (t=841): Loss=0.6196, Rho=8.962547, Grad_norm=0.1116, Final_scale=8.9625
🚀 APPLYING GUIDANCE at step 19 (timestep=829)
🎯 GUIDANCE STEP 19 (t=829): Loss=0.6221, Rho=7.119262, Grad_norm=0.1405, Final_scale=7.1193
🚀 APPLYING GUIDANCE at step 20 (timestep=817)
🎯 GUIDANCE STEP 20 (t=817): Loss=0.6157, Rho=4.285646, Grad_norm=0.2333, Final_scale=4.2856
🚀 APPLYING GUIDANCE at step 21 (timestep=805)
🎯 GUIDANCE STEP 21 (t=805): Loss=0.6123, Rho=3.028174, Grad_norm=0.3302, Final_scale=3.0282
🚀 APPLYING GUIDANCE at step 22 (timestep=792)
🎯 GUIDANCE STEP 22 (t=792): Loss=0.6113, Rho=8.806829, Grad_norm=0.1135, Final_scale=8.8068
🚀 APPLYING GUIDANCE at step 23 (timestep=778)
🎯 GUIDANCE STEP 23 (t=778): Loss=0.6157, Rho=9.982170, Grad_norm=0.1002, Final_scale=9.9822
🚀 APPLYING GUIDANCE at step 24 (timestep=764)
🎯 GUIDANCE STEP 24 (t=764): Loss=0.6147, Rho=7.624662, Grad_norm=0.1312, Final_scale=7.6247
🚀 APPLYING GUIDANCE at step 25 (timestep=749)
🎯 GUIDANCE STEP 25 (t=749): Loss=0.6152, Rho=7.242091, Grad_norm=0.1381, Final_scale=7.2421
🚀 APPLYING GUIDANCE at step 26 (timestep=734)
🎯 GUIDANCE STEP 26 (t=734): Loss=0.6191, Rho=7.211838, Grad_norm=0.1387, Final_scale=7.2118
🚀 APPLYING GUIDANCE at step 27 (timestep=718)
🎯 GUIDANCE STEP 27 (t=718): Loss=0.6211, Rho=6.894552, Grad_norm=0.1450, Final_scale=6.8946
🚀 APPLYING GUIDANCE at step 28 (timestep=701)
🎯 GUIDANCE STEP 28 (t=701): Loss=0.6216, Rho=6.104987, Grad_norm=0.1638, Final_scale=6.1050
🚀 APPLYING GUIDANCE at step 29 (timestep=684)
🎯 GUIDANCE STEP 29 (t=684): Loss=0.6182, Rho=7.145441, Grad_norm=0.1399, Final_scale=7.1454
🚀 APPLYING GUIDANCE at step 30 (timestep=666)
🎯 GUIDANCE STEP 30 (t=666): Loss=0.6152, Rho=6.406122, Grad_norm=0.1561, Final_scale=6.4061
🚀 APPLYING GUIDANCE at step 31 (timestep=647)
🎯 GUIDANCE STEP 31 (t=647): Loss=0.6167, Rho=3.777868, Grad_norm=0.2647, Final_scale=3.7779
🚀 APPLYING GUIDANCE at step 32 (timestep=627)
🎯 GUIDANCE STEP 32 (t=627): Loss=0.6235, Rho=3.341918, Grad_norm=0.2992, Final_scale=3.3419
🚀 APPLYING GUIDANCE at step 33 (timestep=606)
🎯 GUIDANCE STEP 33 (t=606): Loss=0.6201, Rho=5.253391, Grad_norm=0.1904, Final_scale=5.2534
🚀 APPLYING GUIDANCE at step 34 (timestep=585)
🎯 GUIDANCE STEP 34 (t=585): Loss=0.6162, Rho=9.422141, Grad_norm=0.1061, Final_scale=9.4221
🚀 APPLYING GUIDANCE at step 35 (timestep=562)
🎯 GUIDANCE STEP 35 (t=562): Loss=0.6172, Rho=11.669867, Grad_norm=0.0857, Final_scale=11.6699
🚀 APPLYING GUIDANCE at step 36 (timestep=538)
🎯 GUIDANCE STEP 36 (t=538): Loss=0.6187, Rho=5.012206, Grad_norm=0.1995, Final_scale=5.0122
🚀 APPLYING GUIDANCE at step 37 (timestep=512)
🎯 GUIDANCE STEP 37 (t=512): Loss=0.6187, Rho=7.772797, Grad_norm=0.1287, Final_scale=7.7728
🚀 APPLYING GUIDANCE at step 38 (timestep=486)
🎯 GUIDANCE STEP 38 (t=486): Loss=0.6172, Rho=12.696326, Grad_norm=0.0788, Final_scale=12.6963
🚀 APPLYING GUIDANCE at step 39 (timestep=458)
🎯 GUIDANCE STEP 39 (t=458): Loss=0.6196, Rho=4.045563, Grad_norm=0.2472, Final_scale=4.0456
🚀 APPLYING GUIDANCE at step 40 (timestep=428)
🎯 GUIDANCE STEP 40 (t=428): Loss=0.6216, Rho=14.998593, Grad_norm=0.0667, Final_scale=14.9986
🚀 APPLYING GUIDANCE at step 41 (timestep=396)
🎯 GUIDANCE STEP 41 (t=396): Loss=0.6187, Rho=12.286082, Grad_norm=0.0814, Final_scale=12.2861
🚀 APPLYING GUIDANCE at step 42 (timestep=363)
🎯 GUIDANCE STEP 42 (t=363): Loss=0.6162, Rho=4.450901, Grad_norm=0.2247, Final_scale=4.4509
🚀 APPLYING GUIDANCE at step 43 (timestep=327)
🎯 GUIDANCE STEP 43 (t=327): Loss=0.6177, Rho=21.066963, Grad_norm=0.0475, Final_scale=21.0670
🚀 APPLYING GUIDANCE at step 44 (timestep=290)
🎯 GUIDANCE STEP 44 (t=290): Loss=0.6157, Rho=13.031618, Grad_norm=0.0767, Final_scale=13.0316
🚀 APPLYING GUIDANCE at step 45 (timestep=249)
🎯 GUIDANCE STEP 45 (t=249): Loss=0.6147, Rho=9.952567, Grad_norm=0.1005, Final_scale=9.9526
🚀 APPLYING GUIDANCE at step 46 (timestep=206)
🎯 GUIDANCE STEP 46 (t=206): Loss=0.6187, Rho=8.897384, Grad_norm=0.1124, Final_scale=8.8974
🚀 APPLYING GUIDANCE at step 47 (timestep=160)
🎯 GUIDANCE STEP 47 (t=160): Loss=0.6201, Rho=10.688509, Grad_norm=0.0936, Final_scale=10.6885
🚀 APPLYING GUIDANCE at step 48 (timestep=111)
🎯 GUIDANCE STEP 48 (t=111): Loss=0.6201, Rho=10.366483, Grad_norm=0.0965, Final_scale=10.3665
🚀 APPLYING GUIDANCE at step 49 (timestep=57)
🎯 GUIDANCE STEP 49 (t=57): Loss=0.6182, Rho=11.997928, Grad_norm=0.0833, Final_scale=11.9979
[guidance_f17_s50_w8c6_rho1.0_cfg5.0_0701_1448] Generated: generated_videos/subject_consistency/guidance_f17_s50_w8c6_rho1.0_cfg5.0_0701_1448/006_a_motorcycle_cruising_along_a_coastal_highway.mp4
[guidance_f17_s50_w8c6_rho1.0_cfg5.0_0701_1448] Generating video 8/9 (guidance): a motorcycle turning a corner
🎬 STARTING GUIDANCE PIPELINE GENERATION
   Frames: 17, Steps: 50, CFG Scale: 5.0

🔧 GUIDANCE PIPELINE CONFIGURATION:
   Guidance range: 0 - 1001
   Rho scale: 1.0
   V-JEPA kernel_size: 8
   V-JEPA context_length: 6
   V-JEPA stride: 2
   V-JEPA mode: max
   Total timesteps: 50

🚀 APPLYING GUIDANCE at step 0 (timestep=999)
🎯 GUIDANCE STEP 0 (t=999): Loss=0.5757, Rho=12.341309, Grad_norm=0.0810, Final_scale=12.3413
🚀 APPLYING GUIDANCE at step 1 (timestep=992)
🎯 GUIDANCE STEP 1 (t=992): Loss=0.5371, Rho=40.316807, Grad_norm=0.0248, Final_scale=40.3168
🚀 APPLYING GUIDANCE at step 2 (timestep=985)
🎯 GUIDANCE STEP 2 (t=985): Loss=0.5444, Rho=25.819120, Grad_norm=0.0387, Final_scale=25.8191
🚀 APPLYING GUIDANCE at step 3 (timestep=978)
🎯 GUIDANCE STEP 3 (t=978): Loss=0.5674, Rho=13.772953, Grad_norm=0.0726, Final_scale=13.7730
🚀 APPLYING GUIDANCE at step 4 (timestep=971)
🎯 GUIDANCE STEP 4 (t=971): Loss=0.5820, Rho=2.885950, Grad_norm=0.3465, Final_scale=2.8859
🚀 APPLYING GUIDANCE at step 5 (timestep=963)
🎯 GUIDANCE STEP 5 (t=963): Loss=0.5874, Rho=4.894821, Grad_norm=0.2043, Final_scale=4.8948
🚀 APPLYING GUIDANCE at step 6 (timestep=956)
🎯 GUIDANCE STEP 6 (t=956): Loss=0.6035, Rho=5.043566, Grad_norm=0.1983, Final_scale=5.0436
🚀 APPLYING GUIDANCE at step 7 (timestep=948)
🎯 GUIDANCE STEP 7 (t=948): Loss=0.5991, Rho=5.075879, Grad_norm=0.1970, Final_scale=5.0759
🚀 APPLYING GUIDANCE at step 8 (timestep=939)
🎯 GUIDANCE STEP 8 (t=939): Loss=0.6113, Rho=2.755618, Grad_norm=0.3629, Final_scale=2.7556
🚀 APPLYING GUIDANCE at step 9 (timestep=931)
🎯 GUIDANCE STEP 9 (t=931): Loss=0.6108, Rho=2.376004, Grad_norm=0.4209, Final_scale=2.3760
🚀 APPLYING GUIDANCE at step 10 (timestep=922)
🎯 GUIDANCE STEP 10 (t=922): Loss=0.6128, Rho=4.249343, Grad_norm=0.2353, Final_scale=4.2493
🚀 APPLYING GUIDANCE at step 11 (timestep=913)
🎯 GUIDANCE STEP 11 (t=913): Loss=0.6108, Rho=2.081524, Grad_norm=0.4804, Final_scale=2.0815
🚀 APPLYING GUIDANCE at step 12 (timestep=904)
🎯 GUIDANCE STEP 12 (t=904): Loss=0.6265, Rho=5.284770, Grad_norm=0.1892, Final_scale=5.2848
🚀 APPLYING GUIDANCE at step 13 (timestep=894)
🎯 GUIDANCE STEP 13 (t=894): Loss=0.6274, Rho=5.762024, Grad_norm=0.1736, Final_scale=5.7620
🚀 APPLYING GUIDANCE at step 14 (timestep=884)
🎯 GUIDANCE STEP 14 (t=884): Loss=0.6240, Rho=4.035162, Grad_norm=0.2478, Final_scale=4.0352
🚀 APPLYING GUIDANCE at step 15 (timestep=874)
🎯 GUIDANCE STEP 15 (t=874): Loss=0.6260, Rho=3.856202, Grad_norm=0.2593, Final_scale=3.8562
🚀 APPLYING GUIDANCE at step 16 (timestep=864)
🎯 GUIDANCE STEP 16 (t=864): Loss=0.6250, Rho=3.276588, Grad_norm=0.3052, Final_scale=3.2766
🚀 APPLYING GUIDANCE at step 17 (timestep=853)
🎯 GUIDANCE STEP 17 (t=853): Loss=0.6260, Rho=5.568295, Grad_norm=0.1796, Final_scale=5.5683
🚀 APPLYING GUIDANCE at step 18 (timestep=841)
🎯 GUIDANCE STEP 18 (t=841): Loss=0.6240, Rho=7.211763, Grad_norm=0.1387, Final_scale=7.2118
🚀 APPLYING GUIDANCE at step 19 (timestep=829)
🎯 GUIDANCE STEP 19 (t=829): Loss=0.6187, Rho=8.551128, Grad_norm=0.1169, Final_scale=8.5511
🚀 APPLYING GUIDANCE at step 20 (timestep=817)
🎯 GUIDANCE STEP 20 (t=817): Loss=0.6235, Rho=6.270642, Grad_norm=0.1595, Final_scale=6.2706
🚀 APPLYING GUIDANCE at step 21 (timestep=805)
🎯 GUIDANCE STEP 21 (t=805): Loss=0.6240, Rho=6.286011, Grad_norm=0.1591, Final_scale=6.2860
🚀 APPLYING GUIDANCE at step 22 (timestep=792)
🎯 GUIDANCE STEP 22 (t=792): Loss=0.6187, Rho=9.938031, Grad_norm=0.1006, Final_scale=9.9380
🚀 APPLYING GUIDANCE at step 23 (timestep=778)
🎯 GUIDANCE STEP 23 (t=778): Loss=0.6196, Rho=8.161926, Grad_norm=0.1225, Final_scale=8.1619
🚀 APPLYING GUIDANCE at step 24 (timestep=764)
🎯 GUIDANCE STEP 24 (t=764): Loss=0.6230, Rho=4.263603, Grad_norm=0.2345, Final_scale=4.2636
🚀 APPLYING GUIDANCE at step 25 (timestep=749)
🎯 GUIDANCE STEP 25 (t=749): Loss=0.6235, Rho=3.154345, Grad_norm=0.3170, Final_scale=3.1543
🚀 APPLYING GUIDANCE at step 26 (timestep=734)
🎯 GUIDANCE STEP 26 (t=734): Loss=0.6196, Rho=10.326563, Grad_norm=0.0968, Final_scale=10.3266
🚀 APPLYING GUIDANCE at step 27 (timestep=718)
🎯 GUIDANCE STEP 27 (t=718): Loss=0.6230, Rho=11.581765, Grad_norm=0.0863, Final_scale=11.5818
🚀 APPLYING GUIDANCE at step 28 (timestep=701)
🎯 GUIDANCE STEP 28 (t=701): Loss=0.6240, Rho=12.817571, Grad_norm=0.0780, Final_scale=12.8176
🚀 APPLYING GUIDANCE at step 29 (timestep=684)
🎯 GUIDANCE STEP 29 (t=684): Loss=0.6226, Rho=10.810801, Grad_norm=0.0925, Final_scale=10.8108
🚀 APPLYING GUIDANCE at step 30 (timestep=666)
🎯 GUIDANCE STEP 30 (t=666): Loss=0.6226, Rho=17.590511, Grad_norm=0.0568, Final_scale=17.5905
🚀 APPLYING GUIDANCE at step 31 (timestep=647)
🎯 GUIDANCE STEP 31 (t=647): Loss=0.6230, Rho=12.946717, Grad_norm=0.0772, Final_scale=12.9467
🚀 APPLYING GUIDANCE at step 32 (timestep=627)
🎯 GUIDANCE STEP 32 (t=627): Loss=0.6230, Rho=9.210735, Grad_norm=0.1086, Final_scale=9.2107
🚀 APPLYING GUIDANCE at step 33 (timestep=606)
🎯 GUIDANCE STEP 33 (t=606): Loss=0.6206, Rho=18.601339, Grad_norm=0.0538, Final_scale=18.6013
🚀 APPLYING GUIDANCE at step 34 (timestep=585)
🎯 GUIDANCE STEP 34 (t=585): Loss=0.6216, Rho=11.297664, Grad_norm=0.0885, Final_scale=11.2977
🚀 APPLYING GUIDANCE at step 35 (timestep=562)
🎯 GUIDANCE STEP 35 (t=562): Loss=0.6230, Rho=18.022757, Grad_norm=0.0555, Final_scale=18.0228
🚀 APPLYING GUIDANCE at step 36 (timestep=538)
🎯 GUIDANCE STEP 36 (t=538): Loss=0.6201, Rho=11.913702, Grad_norm=0.0839, Final_scale=11.9137
🚀 APPLYING GUIDANCE at step 37 (timestep=512)
🎯 GUIDANCE STEP 37 (t=512): Loss=0.6191, Rho=26.883263, Grad_norm=0.0372, Final_scale=26.8833
🚀 APPLYING GUIDANCE at step 38 (timestep=486)
🎯 GUIDANCE STEP 38 (t=486): Loss=0.6196, Rho=32.028851, Grad_norm=0.0312, Final_scale=32.0289
🚀 APPLYING GUIDANCE at step 39 (timestep=458)
🎯 GUIDANCE STEP 39 (t=458): Loss=0.6187, Rho=22.641148, Grad_norm=0.0442, Final_scale=22.6411
🚀 APPLYING GUIDANCE at step 40 (timestep=428)
🎯 GUIDANCE STEP 40 (t=428): Loss=0.6201, Rho=11.168344, Grad_norm=0.0895, Final_scale=11.1683
🚀 APPLYING GUIDANCE at step 41 (timestep=396)
🎯 GUIDANCE STEP 41 (t=396): Loss=0.6206, Rho=21.369339, Grad_norm=0.0468, Final_scale=21.3693
🚀 APPLYING GUIDANCE at step 42 (timestep=363)
🎯 GUIDANCE STEP 42 (t=363): Loss=0.6211, Rho=26.315458, Grad_norm=0.0380, Final_scale=26.3155
🚀 APPLYING GUIDANCE at step 43 (timestep=327)
🎯 GUIDANCE STEP 43 (t=327): Loss=0.6196, Rho=16.383392, Grad_norm=0.0610, Final_scale=16.3834
🚀 APPLYING GUIDANCE at step 44 (timestep=290)
🎯 GUIDANCE STEP 44 (t=290): Loss=0.6191, Rho=19.474268, Grad_norm=0.0513, Final_scale=19.4743
🚀 APPLYING GUIDANCE at step 45 (timestep=249)
🎯 GUIDANCE STEP 45 (t=249): Loss=0.6206, Rho=17.928839, Grad_norm=0.0558, Final_scale=17.9288
🚀 APPLYING GUIDANCE at step 46 (timestep=206)
🎯 GUIDANCE STEP 46 (t=206): Loss=0.6211, Rho=44.645924, Grad_norm=0.0224, Final_scale=44.6459
🚀 APPLYING GUIDANCE at step 47 (timestep=160)
🎯 GUIDANCE STEP 47 (t=160): Loss=0.6187, Rho=6.083992, Grad_norm=0.1644, Final_scale=6.0840
🚀 APPLYING GUIDANCE at step 48 (timestep=111)
🎯 GUIDANCE STEP 48 (t=111): Loss=0.6191, Rho=16.620077, Grad_norm=0.0602, Final_scale=16.6201
🚀 APPLYING GUIDANCE at step 49 (timestep=57)
🎯 GUIDANCE STEP 49 (t=57): Loss=0.6162, Rho=20.193115, Grad_norm=0.0495, Final_scale=20.1931
[guidance_f17_s50_w8c6_rho1.0_cfg5.0_0701_1448] Generated: generated_videos/subject_consistency/guidance_f17_s50_w8c6_rho1.0_cfg5.0_0701_1448/006_a_truck_slowing_down_to_stop.mp4
[guidance_f17_s50_w8c6_rho1.0_cfg5.0_0701_1448] Generating video 8/9 (guidance): a truck accelerating to gain speed
🎬 STARTING GUIDANCE PIPELINE GENERATION
   Frames: 17, Steps: 50, CFG Scale: 5.0

🔧 GUIDANCE PIPELINE CONFIGURATION:
   Guidance range: 0 - 1001
   Rho scale: 1.0
   V-JEPA kernel_size: 8
   V-JEPA context_length: 6
   V-JEPA stride: 2
   V-JEPA mode: max
   Total timesteps: 50

🚀 APPLYING GUIDANCE at step 0 (timestep=999)
🎯 GUIDANCE STEP 0 (t=999): Loss=0.5840, Rho=10.880479, Grad_norm=0.0919, Final_scale=10.8805
🚀 APPLYING GUIDANCE at step 1 (timestep=992)
🎯 GUIDANCE STEP 1 (t=992): Loss=0.5391, Rho=2.550630, Grad_norm=0.3921, Final_scale=2.5506
🚀 APPLYING GUIDANCE at step 2 (timestep=985)
🎯 GUIDANCE STEP 2 (t=985): Loss=0.5674, Rho=14.690706, Grad_norm=0.0681, Final_scale=14.6907
🚀 APPLYING GUIDANCE at step 3 (timestep=978)
🎯 GUIDANCE STEP 3 (t=978): Loss=0.5586, Rho=18.746588, Grad_norm=0.0533, Final_scale=18.7466
🚀 APPLYING GUIDANCE at step 4 (timestep=971)
🎯 GUIDANCE STEP 4 (t=971): Loss=0.5503, Rho=19.922302, Grad_norm=0.0502, Final_scale=19.9223
🚀 APPLYING GUIDANCE at step 5 (timestep=963)
🎯 GUIDANCE STEP 5 (t=963): Loss=0.5640, Rho=15.836263, Grad_norm=0.0631, Final_scale=15.8363
🚀 APPLYING GUIDANCE at step 6 (timestep=956)
🎯 GUIDANCE STEP 6 (t=956): Loss=0.5659, Rho=10.163323, Grad_norm=0.0984, Final_scale=10.1633
🚀 APPLYING GUIDANCE at step 7 (timestep=948)
🎯 GUIDANCE STEP 7 (t=948): Loss=0.5815, Rho=4.394510, Grad_norm=0.2276, Final_scale=4.3945
🚀 APPLYING GUIDANCE at step 8 (timestep=939)
🎯 GUIDANCE STEP 8 (t=939): Loss=0.5884, Rho=8.866496, Grad_norm=0.1128, Final_scale=8.8665
🚀 APPLYING GUIDANCE at step 9 (timestep=931)
🎯 GUIDANCE STEP 9 (t=931): Loss=0.6025, Rho=16.018764, Grad_norm=0.0624, Final_scale=16.0188
🚀 APPLYING GUIDANCE at step 10 (timestep=922)
🎯 GUIDANCE STEP 10 (t=922): Loss=0.5967, Rho=10.047290, Grad_norm=0.0995, Final_scale=10.0473
🚀 APPLYING GUIDANCE at step 11 (timestep=913)
🎯 GUIDANCE STEP 11 (t=913): Loss=0.6045, Rho=7.844548, Grad_norm=0.1275, Final_scale=7.8445
🚀 APPLYING GUIDANCE at step 12 (timestep=904)
🎯 GUIDANCE STEP 12 (t=904): Loss=0.6084, Rho=14.044368, Grad_norm=0.0712, Final_scale=14.0444
🚀 APPLYING GUIDANCE at step 13 (timestep=894)
🎯 GUIDANCE STEP 13 (t=894): Loss=0.6089, Rho=8.137154, Grad_norm=0.1229, Final_scale=8.1372
🚀 APPLYING GUIDANCE at step 14 (timestep=884)
🎯 GUIDANCE STEP 14 (t=884): Loss=0.6030, Rho=7.740135, Grad_norm=0.1292, Final_scale=7.7401
🚀 APPLYING GUIDANCE at step 15 (timestep=874)
🎯 GUIDANCE STEP 15 (t=874): Loss=0.6074, Rho=10.931146, Grad_norm=0.0915, Final_scale=10.9311
🚀 APPLYING GUIDANCE at step 16 (timestep=864)
🎯 GUIDANCE STEP 16 (t=864): Loss=0.6045, Rho=7.244402, Grad_norm=0.1380, Final_scale=7.2444
🚀 APPLYING GUIDANCE at step 17 (timestep=853)
🎯 GUIDANCE STEP 17 (t=853): Loss=0.6030, Rho=6.456828, Grad_norm=0.1549, Final_scale=6.4568
🚀 APPLYING GUIDANCE at step 18 (timestep=841)
🎯 GUIDANCE STEP 18 (t=841): Loss=0.6006, Rho=4.997548, Grad_norm=0.2001, Final_scale=4.9975
🚀 APPLYING GUIDANCE at step 19 (timestep=829)
🎯 GUIDANCE STEP 19 (t=829): Loss=0.5991, Rho=3.838533, Grad_norm=0.2605, Final_scale=3.8385
🚀 APPLYING GUIDANCE at step 20 (timestep=817)
🎯 GUIDANCE STEP 20 (t=817): Loss=0.5991, Rho=4.110702, Grad_norm=0.2433, Final_scale=4.1107
🚀 APPLYING GUIDANCE at step 21 (timestep=805)
🎯 GUIDANCE STEP 21 (t=805): Loss=0.6050, Rho=3.484871, Grad_norm=0.2870, Final_scale=3.4849
🚀 APPLYING GUIDANCE at step 22 (timestep=792)
🎯 GUIDANCE STEP 22 (t=792): Loss=0.6060, Rho=5.880553, Grad_norm=0.1701, Final_scale=5.8806
🚀 APPLYING GUIDANCE at step 23 (timestep=778)
🎯 GUIDANCE STEP 23 (t=778): Loss=0.6025, Rho=3.637444, Grad_norm=0.2749, Final_scale=3.6374
🚀 APPLYING GUIDANCE at step 24 (timestep=764)
🎯 GUIDANCE STEP 24 (t=764): Loss=0.6030, Rho=3.602205, Grad_norm=0.2776, Final_scale=3.6022
🚀 APPLYING GUIDANCE at step 25 (timestep=749)
🎯 GUIDANCE STEP 25 (t=749): Loss=0.6060, Rho=1.257913, Grad_norm=0.7950, Final_scale=1.2579
🚀 APPLYING GUIDANCE at step 26 (timestep=734)
🎯 GUIDANCE STEP 26 (t=734): Loss=0.5986, Rho=3.411408, Grad_norm=0.2931, Final_scale=3.4114
🚀 APPLYING GUIDANCE at step 27 (timestep=718)
🎯 GUIDANCE STEP 27 (t=718): Loss=0.5962, Rho=2.247686, Grad_norm=0.4449, Final_scale=2.2477
🚀 APPLYING GUIDANCE at step 28 (timestep=701)
🎯 GUIDANCE STEP 28 (t=701): Loss=0.5991, Rho=3.425332, Grad_norm=0.2919, Final_scale=3.4253
🚀 APPLYING GUIDANCE at step 29 (timestep=684)
🎯 GUIDANCE STEP 29 (t=684): Loss=0.5986, Rho=2.917167, Grad_norm=0.3428, Final_scale=2.9172
🚀 APPLYING GUIDANCE at step 30 (timestep=666)
🎯 GUIDANCE STEP 30 (t=666): Loss=0.5967, Rho=2.255346, Grad_norm=0.4434, Final_scale=2.2553
🚀 APPLYING GUIDANCE at step 31 (timestep=647)
🎯 GUIDANCE STEP 31 (t=647): Loss=0.5952, Rho=0.967423, Grad_norm=1.0337, Final_scale=0.9674
🚀 APPLYING GUIDANCE at step 32 (timestep=627)
🎯 GUIDANCE STEP 32 (t=627): Loss=0.5938, Rho=2.418341, Grad_norm=0.4135, Final_scale=2.4183
🚀 APPLYING GUIDANCE at step 33 (timestep=606)
🎯 GUIDANCE STEP 33 (t=606): Loss=0.5962, Rho=1.082478, Grad_norm=0.9238, Final_scale=1.0825
🚀 APPLYING GUIDANCE at step 34 (timestep=585)
🎯 GUIDANCE STEP 34 (t=585): Loss=0.5938, Rho=0.384171, Grad_norm=2.6030, Final_scale=0.3842
🚀 APPLYING GUIDANCE at step 35 (timestep=562)
🎯 GUIDANCE STEP 35 (t=562): Loss=0.5962, Rho=3.905955, Grad_norm=0.2560, Final_scale=3.9060
🚀 APPLYING GUIDANCE at step 36 (timestep=538)
🎯 GUIDANCE STEP 36 (t=538): Loss=0.5957, Rho=3.036241, Grad_norm=0.3294, Final_scale=3.0362
🚀 APPLYING GUIDANCE at step 37 (timestep=512)
🎯 GUIDANCE STEP 37 (t=512): Loss=0.5952, Rho=4.699468, Grad_norm=0.2128, Final_scale=4.6995
🚀 APPLYING GUIDANCE at step 38 (timestep=486)
🎯 GUIDANCE STEP 38 (t=486): Loss=0.5947, Rho=2.242258, Grad_norm=0.4460, Final_scale=2.2423
🚀 APPLYING GUIDANCE at step 39 (timestep=458)
🎯 GUIDANCE STEP 39 (t=458): Loss=0.5981, Rho=2.857380, Grad_norm=0.3500, Final_scale=2.8574
🚀 APPLYING GUIDANCE at step 40 (timestep=428)
🎯 GUIDANCE STEP 40 (t=428): Loss=0.5952, Rho=8.753063, Grad_norm=0.1142, Final_scale=8.7531
🚀 APPLYING GUIDANCE at step 41 (timestep=396)
🎯 GUIDANCE STEP 41 (t=396): Loss=0.5938, Rho=8.475648, Grad_norm=0.1180, Final_scale=8.4756
🚀 APPLYING GUIDANCE at step 42 (timestep=363)
🎯 GUIDANCE STEP 42 (t=363): Loss=0.5947, Rho=13.710318, Grad_norm=0.0729, Final_scale=13.7103
🚀 APPLYING GUIDANCE at step 43 (timestep=327)
🎯 GUIDANCE STEP 43 (t=327): Loss=0.5962, Rho=4.665858, Grad_norm=0.2143, Final_scale=4.6659
🚀 APPLYING GUIDANCE at step 44 (timestep=290)
🎯 GUIDANCE STEP 44 (t=290): Loss=0.5947, Rho=7.260941, Grad_norm=0.1377, Final_scale=7.2609
🚀 APPLYING GUIDANCE at step 45 (timestep=249)
🎯 GUIDANCE STEP 45 (t=249): Loss=0.5933, Rho=12.219757, Grad_norm=0.0818, Final_scale=12.2198
🚀 APPLYING GUIDANCE at step 46 (timestep=206)
🎯 GUIDANCE STEP 46 (t=206): Loss=0.5942, Rho=18.908657, Grad_norm=0.0529, Final_scale=18.9087
🚀 APPLYING GUIDANCE at step 47 (timestep=160)
🎯 GUIDANCE STEP 47 (t=160): Loss=0.5933, Rho=16.757307, Grad_norm=0.0597, Final_scale=16.7573
🚀 APPLYING GUIDANCE at step 48 (timestep=111)
🎯 GUIDANCE STEP 48 (t=111): Loss=0.5928, Rho=6.204779, Grad_norm=0.1612, Final_scale=6.2048
🚀 APPLYING GUIDANCE at step 49 (timestep=57)
🎯 GUIDANCE STEP 49 (t=57): Loss=0.5938, Rho=12.926712, Grad_norm=0.0774, Final_scale=12.9267
[guidance_f17_s50_w8c6_rho1.0_cfg5.0_0701_1448] Generated: generated_videos/subject_consistency/guidance_f17_s50_w8c6_rho1.0_cfg5.0_0701_1448/006_a_giraffe_bending_down_to_drink_water_from_a_river.mp4
[guidance_f17_s50_w8c6_rho1.0_cfg5.0_0701_1448] Generating video 8/9 (guidance): a giraffe taking a peaceful walk
🎬 STARTING GUIDANCE PIPELINE GENERATION
   Frames: 17, Steps: 50, CFG Scale: 5.0

🔧 GUIDANCE PIPELINE CONFIGURATION:
   Guidance range: 0 - 1001
   Rho scale: 1.0
   V-JEPA kernel_size: 8
   V-JEPA context_length: 6
   V-JEPA stride: 2
   V-JEPA mode: max
   Total timesteps: 50

🚀 APPLYING GUIDANCE at step 0 (timestep=999)
🎯 GUIDANCE STEP 0 (t=999): Loss=0.5752, Rho=10.324119, Grad_norm=0.0969, Final_scale=10.3241
🚀 APPLYING GUIDANCE at step 1 (timestep=992)
🎯 GUIDANCE STEP 1 (t=992): Loss=0.5342, Rho=6.172040, Grad_norm=0.1620, Final_scale=6.1720
🚀 APPLYING GUIDANCE at step 2 (timestep=985)
🎯 GUIDANCE STEP 2 (t=985): Loss=0.5366, Rho=22.641611, Grad_norm=0.0442, Final_scale=22.6416
🚀 APPLYING GUIDANCE at step 3 (timestep=978)
🎯 GUIDANCE STEP 3 (t=978): Loss=0.5605, Rho=16.598850, Grad_norm=0.0602, Final_scale=16.5989
🚀 APPLYING GUIDANCE at step 4 (timestep=971)
🎯 GUIDANCE STEP 4 (t=971): Loss=0.5850, Rho=14.543551, Grad_norm=0.0688, Final_scale=14.5436
🚀 APPLYING GUIDANCE at step 5 (timestep=963)
🎯 GUIDANCE STEP 5 (t=963): Loss=0.5845, Rho=13.507878, Grad_norm=0.0740, Final_scale=13.5079
🚀 APPLYING GUIDANCE at step 6 (timestep=956)
🎯 GUIDANCE STEP 6 (t=956): Loss=0.6035, Rho=8.716617, Grad_norm=0.1147, Final_scale=8.7166
🚀 APPLYING GUIDANCE at step 7 (timestep=948)
🎯 GUIDANCE STEP 7 (t=948): Loss=0.6055, Rho=4.067072, Grad_norm=0.2459, Final_scale=4.0671
🚀 APPLYING GUIDANCE at step 8 (timestep=939)
🎯 GUIDANCE STEP 8 (t=939): Loss=0.6099, Rho=9.985685, Grad_norm=0.1001, Final_scale=9.9857
🚀 APPLYING GUIDANCE at step 9 (timestep=931)
🎯 GUIDANCE STEP 9 (t=931): Loss=0.6147, Rho=6.550813, Grad_norm=0.1527, Final_scale=6.5508
🚀 APPLYING GUIDANCE at step 10 (timestep=922)
🎯 GUIDANCE STEP 10 (t=922): Loss=0.6074, Rho=5.841828, Grad_norm=0.1712, Final_scale=5.8418
🚀 APPLYING GUIDANCE at step 11 (timestep=913)
🎯 GUIDANCE STEP 11 (t=913): Loss=0.6118, Rho=6.838125, Grad_norm=0.1462, Final_scale=6.8381
🚀 APPLYING GUIDANCE at step 12 (timestep=904)
🎯 GUIDANCE STEP 12 (t=904): Loss=0.6104, Rho=6.702226, Grad_norm=0.1492, Final_scale=6.7022
🚀 APPLYING GUIDANCE at step 13 (timestep=894)
🎯 GUIDANCE STEP 13 (t=894): Loss=0.6089, Rho=4.798163, Grad_norm=0.2084, Final_scale=4.7982
🚀 APPLYING GUIDANCE at step 14 (timestep=884)
🎯 GUIDANCE STEP 14 (t=884): Loss=0.6133, Rho=7.658206, Grad_norm=0.1306, Final_scale=7.6582
🚀 APPLYING GUIDANCE at step 15 (timestep=874)
🎯 GUIDANCE STEP 15 (t=874): Loss=0.6094, Rho=4.307690, Grad_norm=0.2321, Final_scale=4.3077
🚀 APPLYING GUIDANCE at step 16 (timestep=864)
🎯 GUIDANCE STEP 16 (t=864): Loss=0.6123, Rho=7.928479, Grad_norm=0.1261, Final_scale=7.9285
🚀 APPLYING GUIDANCE at step 17 (timestep=853)
🎯 GUIDANCE STEP 17 (t=853): Loss=0.6128, Rho=9.806474, Grad_norm=0.1020, Final_scale=9.8065
🚀 APPLYING GUIDANCE at step 18 (timestep=841)
🎯 GUIDANCE STEP 18 (t=841): Loss=0.6118, Rho=7.689678, Grad_norm=0.1300, Final_scale=7.6897
🚀 APPLYING GUIDANCE at step 19 (timestep=829)
🎯 GUIDANCE STEP 19 (t=829): Loss=0.6069, Rho=4.140826, Grad_norm=0.2415, Final_scale=4.1408
🚀 APPLYING GUIDANCE at step 20 (timestep=817)
🎯 GUIDANCE STEP 20 (t=817): Loss=0.6108, Rho=5.685146, Grad_norm=0.1759, Final_scale=5.6851
🚀 APPLYING GUIDANCE at step 21 (timestep=805)
🎯 GUIDANCE STEP 21 (t=805): Loss=0.6108, Rho=6.657433, Grad_norm=0.1502, Final_scale=6.6574
🚀 APPLYING GUIDANCE at step 22 (timestep=792)
🎯 GUIDANCE STEP 22 (t=792): Loss=0.6118, Rho=5.684388, Grad_norm=0.1759, Final_scale=5.6844
🚀 APPLYING GUIDANCE at step 23 (timestep=778)
🎯 GUIDANCE STEP 23 (t=778): Loss=0.6113, Rho=5.631991, Grad_norm=0.1776, Final_scale=5.6320
🚀 APPLYING GUIDANCE at step 24 (timestep=764)
🎯 GUIDANCE STEP 24 (t=764): Loss=0.6143, Rho=1.828310, Grad_norm=0.5470, Final_scale=1.8283
🚀 APPLYING GUIDANCE at step 25 (timestep=749)
🎯 GUIDANCE STEP 25 (t=749): Loss=0.6143, Rho=9.053865, Grad_norm=0.1105, Final_scale=9.0539
🚀 APPLYING GUIDANCE at step 26 (timestep=734)
🎯 GUIDANCE STEP 26 (t=734): Loss=0.6147, Rho=10.832658, Grad_norm=0.0923, Final_scale=10.8327
🚀 APPLYING GUIDANCE at step 27 (timestep=718)
🎯 GUIDANCE STEP 27 (t=718): Loss=0.6152, Rho=12.094119, Grad_norm=0.0827, Final_scale=12.0941
🚀 APPLYING GUIDANCE at step 28 (timestep=701)
🎯 GUIDANCE STEP 28 (t=701): Loss=0.6133, Rho=10.809209, Grad_norm=0.0925, Final_scale=10.8092
🚀 APPLYING GUIDANCE at step 29 (timestep=684)
🎯 GUIDANCE STEP 29 (t=684): Loss=0.6118, Rho=9.068823, Grad_norm=0.1103, Final_scale=9.0688
🚀 APPLYING GUIDANCE at step 30 (timestep=666)
🎯 GUIDANCE STEP 30 (t=666): Loss=0.6167, Rho=11.438891, Grad_norm=0.0874, Final_scale=11.4389
🚀 APPLYING GUIDANCE at step 31 (timestep=647)
🎯 GUIDANCE STEP 31 (t=647): Loss=0.6162, Rho=15.364356, Grad_norm=0.0651, Final_scale=15.3644
🚀 APPLYING GUIDANCE at step 32 (timestep=627)
🎯 GUIDANCE STEP 32 (t=627): Loss=0.6172, Rho=3.578673, Grad_norm=0.2794, Final_scale=3.5787
🚀 APPLYING GUIDANCE at step 33 (timestep=606)
🎯 GUIDANCE STEP 33 (t=606): Loss=0.6177, Rho=20.348284, Grad_norm=0.0491, Final_scale=20.3483
🚀 APPLYING GUIDANCE at step 34 (timestep=585)
🎯 GUIDANCE STEP 34 (t=585): Loss=0.6177, Rho=9.361769, Grad_norm=0.1068, Final_scale=9.3618
🚀 APPLYING GUIDANCE at step 35 (timestep=562)
🎯 GUIDANCE STEP 35 (t=562): Loss=0.6177, Rho=9.905050, Grad_norm=0.1010, Final_scale=9.9051
🚀 APPLYING GUIDANCE at step 36 (timestep=538)
🎯 GUIDANCE STEP 36 (t=538): Loss=0.6191, Rho=14.496129, Grad_norm=0.0690, Final_scale=14.4961
🚀 APPLYING GUIDANCE at step 37 (timestep=512)
🎯 GUIDANCE STEP 37 (t=512): Loss=0.6196, Rho=6.783971, Grad_norm=0.1474, Final_scale=6.7840
🚀 APPLYING GUIDANCE at step 38 (timestep=486)
🎯 GUIDANCE STEP 38 (t=486): Loss=0.6201, Rho=18.431864, Grad_norm=0.0543, Final_scale=18.4319
🚀 APPLYING GUIDANCE at step 39 (timestep=458)
🎯 GUIDANCE STEP 39 (t=458): Loss=0.6167, Rho=21.820587, Grad_norm=0.0458, Final_scale=21.8206
🚀 APPLYING GUIDANCE at step 40 (timestep=428)
🎯 GUIDANCE STEP 40 (t=428): Loss=0.6182, Rho=12.698844, Grad_norm=0.0787, Final_scale=12.6988
🚀 APPLYING GUIDANCE at step 41 (timestep=396)
🎯 GUIDANCE STEP 41 (t=396): Loss=0.6187, Rho=10.588987, Grad_norm=0.0944, Final_scale=10.5890
🚀 APPLYING GUIDANCE at step 42 (timestep=363)
🎯 GUIDANCE STEP 42 (t=363): Loss=0.6191, Rho=21.239395, Grad_norm=0.0471, Final_scale=21.2394
🚀 APPLYING GUIDANCE at step 43 (timestep=327)
🎯 GUIDANCE STEP 43 (t=327): Loss=0.6177, Rho=25.208321, Grad_norm=0.0397, Final_scale=25.2083
🚀 APPLYING GUIDANCE at step 44 (timestep=290)
🎯 GUIDANCE STEP 44 (t=290): Loss=0.6157, Rho=19.549519, Grad_norm=0.0512, Final_scale=19.5495
🚀 APPLYING GUIDANCE at step 45 (timestep=249)
🎯 GUIDANCE STEP 45 (t=249): Loss=0.6167, Rho=20.229309, Grad_norm=0.0494, Final_scale=20.2293
🚀 APPLYING GUIDANCE at step 46 (timestep=206)
🎯 GUIDANCE STEP 46 (t=206): Loss=0.6152, Rho=20.295063, Grad_norm=0.0493, Final_scale=20.2951
🚀 APPLYING GUIDANCE at step 47 (timestep=160)
🎯 GUIDANCE STEP 47 (t=160): Loss=0.6128, Rho=19.845324, Grad_norm=0.0504, Final_scale=19.8453
🚀 APPLYING GUIDANCE at step 48 (timestep=111)
🎯 GUIDANCE STEP 48 (t=111): Loss=0.6147, Rho=29.752228, Grad_norm=0.0336, Final_scale=29.7522
🚀 APPLYING GUIDANCE at step 49 (timestep=57)
🎯 GUIDANCE STEP 49 (t=57): Loss=0.6118, Rho=20.203400, Grad_norm=0.0495, Final_scale=20.2034
[guidance_f17_s50_w8c6_rho1.0_cfg5.0_0701_1448] Generated: generated_videos/subject_consistency/guidance_f17_s50_w8c6_rho1.0_cfg5.0_0701_1448/006_a_bus_turning_a_corner.mp4
[guidance_f17_s50_w8c6_rho1.0_cfg5.0_0701_1448] Generating video 8/9 (guidance): a bus stuck in traffic during rush hour
🎬 STARTING GUIDANCE PIPELINE GENERATION
   Frames: 17, Steps: 50, CFG Scale: 5.0

🔧 GUIDANCE PIPELINE CONFIGURATION:
   Guidance range: 0 - 1001
   Rho scale: 1.0
   V-JEPA kernel_size: 8
   V-JEPA context_length: 6
   V-JEPA stride: 2
   V-JEPA mode: max
   Total timesteps: 50

🚀 APPLYING GUIDANCE at step 0 (timestep=999)
🎯 GUIDANCE STEP 0 (t=999): Loss=0.5420, Rho=26.640141, Grad_norm=0.0375, Final_scale=26.6401
🚀 APPLYING GUIDANCE at step 1 (timestep=992)
🎯 GUIDANCE STEP 1 (t=992): Loss=0.5400, Rho=26.626225, Grad_norm=0.0376, Final_scale=26.6262
🚀 APPLYING GUIDANCE at step 2 (timestep=985)
🎯 GUIDANCE STEP 2 (t=985): Loss=0.5371, Rho=21.779535, Grad_norm=0.0459, Final_scale=21.7795
🚀 APPLYING GUIDANCE at step 3 (timestep=978)
🎯 GUIDANCE STEP 3 (t=978): Loss=0.5444, Rho=9.732629, Grad_norm=0.1027, Final_scale=9.7326
🚀 APPLYING GUIDANCE at step 4 (timestep=971)
🎯 GUIDANCE STEP 4 (t=971): Loss=0.5674, Rho=4.933277, Grad_norm=0.2027, Final_scale=4.9333
🚀 APPLYING GUIDANCE at step 5 (timestep=963)
🎯 GUIDANCE STEP 5 (t=963): Loss=0.5703, Rho=4.944504, Grad_norm=0.2022, Final_scale=4.9445
🚀 APPLYING GUIDANCE at step 6 (timestep=956)
🎯 GUIDANCE STEP 6 (t=956): Loss=0.5840, Rho=8.014980, Grad_norm=0.1248, Final_scale=8.0150
🚀 APPLYING GUIDANCE at step 7 (timestep=948)
🎯 GUIDANCE STEP 7 (t=948): Loss=0.6074, Rho=4.150152, Grad_norm=0.2410, Final_scale=4.1502
🚀 APPLYING GUIDANCE at step 8 (timestep=939)
🎯 GUIDANCE STEP 8 (t=939): Loss=0.6060, Rho=10.625954, Grad_norm=0.0941, Final_scale=10.6260
🚀 APPLYING GUIDANCE at step 9 (timestep=931)
🎯 GUIDANCE STEP 9 (t=931): Loss=0.6338, Rho=4.773667, Grad_norm=0.2095, Final_scale=4.7737
🚀 APPLYING GUIDANCE at step 10 (timestep=922)
🎯 GUIDANCE STEP 10 (t=922): Loss=0.6333, Rho=2.625749, Grad_norm=0.3808, Final_scale=2.6257
🚀 APPLYING GUIDANCE at step 11 (timestep=913)
🎯 GUIDANCE STEP 11 (t=913): Loss=0.6294, Rho=1.592543, Grad_norm=0.6279, Final_scale=1.5925
🚀 APPLYING GUIDANCE at step 12 (timestep=904)
🎯 GUIDANCE STEP 12 (t=904): Loss=0.6333, Rho=2.820648, Grad_norm=0.3545, Final_scale=2.8206
🚀 APPLYING GUIDANCE at step 13 (timestep=894)
🎯 GUIDANCE STEP 13 (t=894): Loss=0.6382, Rho=3.403709, Grad_norm=0.2938, Final_scale=3.4037
🚀 APPLYING GUIDANCE at step 14 (timestep=884)
🎯 GUIDANCE STEP 14 (t=884): Loss=0.6450, Rho=3.004536, Grad_norm=0.3328, Final_scale=3.0045
🚀 APPLYING GUIDANCE at step 15 (timestep=874)
🎯 GUIDANCE STEP 15 (t=874): Loss=0.6318, Rho=5.201244, Grad_norm=0.1923, Final_scale=5.2012
🚀 APPLYING GUIDANCE at step 16 (timestep=864)
🎯 GUIDANCE STEP 16 (t=864): Loss=0.6313, Rho=4.117968, Grad_norm=0.2428, Final_scale=4.1180
🚀 APPLYING GUIDANCE at step 17 (timestep=853)
🎯 GUIDANCE STEP 17 (t=853): Loss=0.6313, Rho=5.446249, Grad_norm=0.1836, Final_scale=5.4462
🚀 APPLYING GUIDANCE at step 18 (timestep=841)
🎯 GUIDANCE STEP 18 (t=841): Loss=0.6304, Rho=3.330408, Grad_norm=0.3003, Final_scale=3.3304
🚀 APPLYING GUIDANCE at step 19 (timestep=829)
🎯 GUIDANCE STEP 19 (t=829): Loss=0.6294, Rho=2.188077, Grad_norm=0.4570, Final_scale=2.1881
🚀 APPLYING GUIDANCE at step 20 (timestep=817)
🎯 GUIDANCE STEP 20 (t=817): Loss=0.6377, Rho=3.071660, Grad_norm=0.3256, Final_scale=3.0717
🚀 APPLYING GUIDANCE at step 21 (timestep=805)
🎯 GUIDANCE STEP 21 (t=805): Loss=0.6367, Rho=3.536460, Grad_norm=0.2828, Final_scale=3.5365
🚀 APPLYING GUIDANCE at step 22 (timestep=792)
🎯 GUIDANCE STEP 22 (t=792): Loss=0.6411, Rho=6.272148, Grad_norm=0.1594, Final_scale=6.2721
🚀 APPLYING GUIDANCE at step 23 (timestep=778)
🎯 GUIDANCE STEP 23 (t=778): Loss=0.6426, Rho=4.340624, Grad_norm=0.2304, Final_scale=4.3406
🚀 APPLYING GUIDANCE at step 24 (timestep=764)
🎯 GUIDANCE STEP 24 (t=764): Loss=0.6377, Rho=5.505042, Grad_norm=0.1817, Final_scale=5.5050
🚀 APPLYING GUIDANCE at step 25 (timestep=749)
🎯 GUIDANCE STEP 25 (t=749): Loss=0.6343, Rho=6.271848, Grad_norm=0.1594, Final_scale=6.2718
🚀 APPLYING GUIDANCE at step 26 (timestep=734)
🎯 GUIDANCE STEP 26 (t=734): Loss=0.6309, Rho=8.470967, Grad_norm=0.1181, Final_scale=8.4710
🚀 APPLYING GUIDANCE at step 27 (timestep=718)
🎯 GUIDANCE STEP 27 (t=718): Loss=0.6284, Rho=9.366292, Grad_norm=0.1068, Final_scale=9.3663
🚀 APPLYING GUIDANCE at step 28 (timestep=701)
🎯 GUIDANCE STEP 28 (t=701): Loss=0.6323, Rho=6.655508, Grad_norm=0.1503, Final_scale=6.6555
🚀 APPLYING GUIDANCE at step 29 (timestep=684)
🎯 GUIDANCE STEP 29 (t=684): Loss=0.6279, Rho=10.736680, Grad_norm=0.0931, Final_scale=10.7367
🚀 APPLYING GUIDANCE at step 30 (timestep=666)
🎯 GUIDANCE STEP 30 (t=666): Loss=0.6333, Rho=6.951811, Grad_norm=0.1438, Final_scale=6.9518
🚀 APPLYING GUIDANCE at step 31 (timestep=647)
🎯 GUIDANCE STEP 31 (t=647): Loss=0.6328, Rho=7.505838, Grad_norm=0.1332, Final_scale=7.5058
🚀 APPLYING GUIDANCE at step 32 (timestep=627)
🎯 GUIDANCE STEP 32 (t=627): Loss=0.6333, Rho=7.780919, Grad_norm=0.1285, Final_scale=7.7809
🚀 APPLYING GUIDANCE at step 33 (timestep=606)
🎯 GUIDANCE STEP 33 (t=606): Loss=0.6333, Rho=2.100359, Grad_norm=0.4761, Final_scale=2.1004
🚀 APPLYING GUIDANCE at step 34 (timestep=585)
🎯 GUIDANCE STEP 34 (t=585): Loss=0.6313, Rho=10.214949, Grad_norm=0.0979, Final_scale=10.2149
🚀 APPLYING GUIDANCE at step 35 (timestep=562)
🎯 GUIDANCE STEP 35 (t=562): Loss=0.6318, Rho=7.644961, Grad_norm=0.1308, Final_scale=7.6450
🚀 APPLYING GUIDANCE at step 36 (timestep=538)
🎯 GUIDANCE STEP 36 (t=538): Loss=0.6338, Rho=16.214403, Grad_norm=0.0617, Final_scale=16.2144
🚀 APPLYING GUIDANCE at step 37 (timestep=512)
🎯 GUIDANCE STEP 37 (t=512): Loss=0.6323, Rho=13.064586, Grad_norm=0.0765, Final_scale=13.0646
🚀 APPLYING GUIDANCE at step 38 (timestep=486)
🎯 GUIDANCE STEP 38 (t=486): Loss=0.6333, Rho=7.739941, Grad_norm=0.1292, Final_scale=7.7399
🚀 APPLYING GUIDANCE at step 39 (timestep=458)
🎯 GUIDANCE STEP 39 (t=458): Loss=0.6333, Rho=5.951795, Grad_norm=0.1680, Final_scale=5.9518
🚀 APPLYING GUIDANCE at step 40 (timestep=428)
🎯 GUIDANCE STEP 40 (t=428): Loss=0.6313, Rho=9.780163, Grad_norm=0.1022, Final_scale=9.7802
🚀 APPLYING GUIDANCE at step 41 (timestep=396)
🎯 GUIDANCE STEP 41 (t=396): Loss=0.6313, Rho=20.554789, Grad_norm=0.0487, Final_scale=20.5548
🚀 APPLYING GUIDANCE at step 42 (timestep=363)
🎯 GUIDANCE STEP 42 (t=363): Loss=0.6313, Rho=17.489731, Grad_norm=0.0572, Final_scale=17.4897
🚀 APPLYING GUIDANCE at step 43 (timestep=327)
🎯 GUIDANCE STEP 43 (t=327): Loss=0.6343, Rho=12.392466, Grad_norm=0.0807, Final_scale=12.3925
🚀 APPLYING GUIDANCE at step 44 (timestep=290)
🎯 GUIDANCE STEP 44 (t=290): Loss=0.6338, Rho=7.912393, Grad_norm=0.1264, Final_scale=7.9124
🚀 APPLYING GUIDANCE at step 45 (timestep=249)
🎯 GUIDANCE STEP 45 (t=249): Loss=0.6309, Rho=3.817000, Grad_norm=0.2620, Final_scale=3.8170
🚀 APPLYING GUIDANCE at step 46 (timestep=206)
🎯 GUIDANCE STEP 46 (t=206): Loss=0.6304, Rho=29.935843, Grad_norm=0.0334, Final_scale=29.9358
🚀 APPLYING GUIDANCE at step 47 (timestep=160)
🎯 GUIDANCE STEP 47 (t=160): Loss=0.6323, Rho=10.726360, Grad_norm=0.0932, Final_scale=10.7264
🚀 APPLYING GUIDANCE at step 48 (timestep=111)
🎯 GUIDANCE STEP 48 (t=111): Loss=0.6343, Rho=14.405208, Grad_norm=0.0694, Final_scale=14.4052
🚀 APPLYING GUIDANCE at step 49 (timestep=57)
🎯 GUIDANCE STEP 49 (t=57): Loss=0.6343, Rho=10.858472, Grad_norm=0.0921, Final_scale=10.8585
[guidance_f17_s50_w8c6_rho1.0_cfg5.0_0701_1448] Generated: generated_videos/subject_consistency/guidance_f17_s50_w8c6_rho1.0_cfg5.0_0701_1448/006_a_person_playing_guitar.mp4
[guidance_f17_s50_w8c6_rho1.0_cfg5.0_0701_1448] Generating video 8/9 (guidance): a bicycle leaning against a tree
🎬 STARTING GUIDANCE PIPELINE GENERATION
   Frames: 17, Steps: 50, CFG Scale: 5.0

🔧 GUIDANCE PIPELINE CONFIGURATION:
   Guidance range: 0 - 1001
   Rho scale: 1.0
   V-JEPA kernel_size: 8
   V-JEPA context_length: 6
   V-JEPA stride: 2
   V-JEPA mode: max
   Total timesteps: 50

🚀 APPLYING GUIDANCE at step 0 (timestep=999)
🎯 GUIDANCE STEP 0 (t=999): Loss=0.5415, Rho=23.687651, Grad_norm=0.0422, Final_scale=23.6877
🚀 APPLYING GUIDANCE at step 1 (timestep=992)
🎯 GUIDANCE STEP 1 (t=992): Loss=0.5522, Rho=9.356108, Grad_norm=0.1069, Final_scale=9.3561
🚀 APPLYING GUIDANCE at step 2 (timestep=985)
🎯 GUIDANCE STEP 2 (t=985): Loss=0.5522, Rho=6.650498, Grad_norm=0.1504, Final_scale=6.6505
🚀 APPLYING GUIDANCE at step 3 (timestep=978)
🎯 GUIDANCE STEP 3 (t=978): Loss=0.5405, Rho=6.732078, Grad_norm=0.1485, Final_scale=6.7321
🚀 APPLYING GUIDANCE at step 4 (timestep=971)
🎯 GUIDANCE STEP 4 (t=971): Loss=0.5786, Rho=9.932837, Grad_norm=0.1007, Final_scale=9.9328
🚀 APPLYING GUIDANCE at step 5 (timestep=963)
🎯 GUIDANCE STEP 5 (t=963): Loss=0.5469, Rho=9.492058, Grad_norm=0.1054, Final_scale=9.4921
🚀 APPLYING GUIDANCE at step 6 (timestep=956)
🎯 GUIDANCE STEP 6 (t=956): Loss=0.5840, Rho=12.603086, Grad_norm=0.0793, Final_scale=12.6031
🚀 APPLYING GUIDANCE at step 7 (timestep=948)
🎯 GUIDANCE STEP 7 (t=948): Loss=0.5425, Rho=17.453463, Grad_norm=0.0573, Final_scale=17.4535
🚀 APPLYING GUIDANCE at step 8 (timestep=939)
🎯 GUIDANCE STEP 8 (t=939): Loss=0.5703, Rho=9.210039, Grad_norm=0.1086, Final_scale=9.2100
🚀 APPLYING GUIDANCE at step 9 (timestep=931)
🎯 GUIDANCE STEP 9 (t=931): Loss=0.5703, Rho=8.231437, Grad_norm=0.1215, Final_scale=8.2314
🚀 APPLYING GUIDANCE at step 10 (timestep=922)
🎯 GUIDANCE STEP 10 (t=922): Loss=0.5957, Rho=6.753725, Grad_norm=0.1481, Final_scale=6.7537
🚀 APPLYING GUIDANCE at step 11 (timestep=913)
🎯 GUIDANCE STEP 11 (t=913): Loss=0.6069, Rho=6.385779, Grad_norm=0.1566, Final_scale=6.3858
🚀 APPLYING GUIDANCE at step 12 (timestep=904)
🎯 GUIDANCE STEP 12 (t=904): Loss=0.6152, Rho=5.343010, Grad_norm=0.1872, Final_scale=5.3430
🚀 APPLYING GUIDANCE at step 13 (timestep=894)
🎯 GUIDANCE STEP 13 (t=894): Loss=0.6230, Rho=4.225327, Grad_norm=0.2367, Final_scale=4.2253
🚀 APPLYING GUIDANCE at step 14 (timestep=884)
🎯 GUIDANCE STEP 14 (t=884): Loss=0.6353, Rho=7.565695, Grad_norm=0.1322, Final_scale=7.5657
🚀 APPLYING GUIDANCE at step 15 (timestep=874)
🎯 GUIDANCE STEP 15 (t=874): Loss=0.6343, Rho=8.807521, Grad_norm=0.1135, Final_scale=8.8075
🚀 APPLYING GUIDANCE at step 16 (timestep=864)
🎯 GUIDANCE STEP 16 (t=864): Loss=0.6338, Rho=11.319987, Grad_norm=0.0883, Final_scale=11.3200
🚀 APPLYING GUIDANCE at step 17 (timestep=853)
🎯 GUIDANCE STEP 17 (t=853): Loss=0.6338, Rho=9.546470, Grad_norm=0.1048, Final_scale=9.5465
🚀 APPLYING GUIDANCE at step 18 (timestep=841)
🎯 GUIDANCE STEP 18 (t=841): Loss=0.6328, Rho=7.253089, Grad_norm=0.1379, Final_scale=7.2531
🚀 APPLYING GUIDANCE at step 19 (timestep=829)
🎯 GUIDANCE STEP 19 (t=829): Loss=0.6338, Rho=7.156173, Grad_norm=0.1397, Final_scale=7.1562
🚀 APPLYING GUIDANCE at step 20 (timestep=817)
🎯 GUIDANCE STEP 20 (t=817): Loss=0.6362, Rho=4.841575, Grad_norm=0.2065, Final_scale=4.8416
🚀 APPLYING GUIDANCE at step 21 (timestep=805)
🎯 GUIDANCE STEP 21 (t=805): Loss=0.6343, Rho=4.912617, Grad_norm=0.2036, Final_scale=4.9126
🚀 APPLYING GUIDANCE at step 22 (timestep=792)
🎯 GUIDANCE STEP 22 (t=792): Loss=0.6294, Rho=10.772885, Grad_norm=0.0928, Final_scale=10.7729
🚀 APPLYING GUIDANCE at step 23 (timestep=778)
🎯 GUIDANCE STEP 23 (t=778): Loss=0.6313, Rho=9.448717, Grad_norm=0.1058, Final_scale=9.4487
🚀 APPLYING GUIDANCE at step 24 (timestep=764)
🎯 GUIDANCE STEP 24 (t=764): Loss=0.6338, Rho=12.413104, Grad_norm=0.0806, Final_scale=12.4131
🚀 APPLYING GUIDANCE at step 25 (timestep=749)
🎯 GUIDANCE STEP 25 (t=749): Loss=0.6323, Rho=5.428854, Grad_norm=0.1842, Final_scale=5.4289
🚀 APPLYING GUIDANCE at step 26 (timestep=734)
🎯 GUIDANCE STEP 26 (t=734): Loss=0.6328, Rho=20.165525, Grad_norm=0.0496, Final_scale=20.1655
🚀 APPLYING GUIDANCE at step 27 (timestep=718)
🎯 GUIDANCE STEP 27 (t=718): Loss=0.6333, Rho=10.154650, Grad_norm=0.0985, Final_scale=10.1546
🚀 APPLYING GUIDANCE at step 28 (timestep=701)
🎯 GUIDANCE STEP 28 (t=701): Loss=0.6357, Rho=11.730674, Grad_norm=0.0852, Final_scale=11.7307
🚀 APPLYING GUIDANCE at step 29 (timestep=684)
🎯 GUIDANCE STEP 29 (t=684): Loss=0.6309, Rho=14.117129, Grad_norm=0.0708, Final_scale=14.1171
🚀 APPLYING GUIDANCE at step 30 (timestep=666)
🎯 GUIDANCE STEP 30 (t=666): Loss=0.6318, Rho=20.802250, Grad_norm=0.0481, Final_scale=20.8022
🚀 APPLYING GUIDANCE at step 31 (timestep=647)
🎯 GUIDANCE STEP 31 (t=647): Loss=0.6309, Rho=22.048067, Grad_norm=0.0454, Final_scale=22.0481
🚀 APPLYING GUIDANCE at step 32 (timestep=627)
🎯 GUIDANCE STEP 32 (t=627): Loss=0.6260, Rho=21.199436, Grad_norm=0.0472, Final_scale=21.1994
🚀 APPLYING GUIDANCE at step 33 (timestep=606)
🎯 GUIDANCE STEP 33 (t=606): Loss=0.6250, Rho=9.664234, Grad_norm=0.1035, Final_scale=9.6642
🚀 APPLYING GUIDANCE at step 34 (timestep=585)
🎯 GUIDANCE STEP 34 (t=585): Loss=0.6250, Rho=26.080168, Grad_norm=0.0383, Final_scale=26.0802
🚀 APPLYING GUIDANCE at step 35 (timestep=562)
🎯 GUIDANCE STEP 35 (t=562): Loss=0.6235, Rho=20.418526, Grad_norm=0.0490, Final_scale=20.4185
🚀 APPLYING GUIDANCE at step 36 (timestep=538)
🎯 GUIDANCE STEP 36 (t=538): Loss=0.6216, Rho=20.653282, Grad_norm=0.0484, Final_scale=20.6533
🚀 APPLYING GUIDANCE at step 37 (timestep=512)
🎯 GUIDANCE STEP 37 (t=512): Loss=0.6240, Rho=38.162796, Grad_norm=0.0262, Final_scale=38.1628
🚀 APPLYING GUIDANCE at step 38 (timestep=486)
🎯 GUIDANCE STEP 38 (t=486): Loss=0.6245, Rho=23.295774, Grad_norm=0.0429, Final_scale=23.2958
🚀 APPLYING GUIDANCE at step 39 (timestep=458)
🎯 GUIDANCE STEP 39 (t=458): Loss=0.6221, Rho=34.627628, Grad_norm=0.0289, Final_scale=34.6276
🚀 APPLYING GUIDANCE at step 40 (timestep=428)
🎯 GUIDANCE STEP 40 (t=428): Loss=0.6226, Rho=21.755295, Grad_norm=0.0460, Final_scale=21.7553
🚀 APPLYING GUIDANCE at step 41 (timestep=396)
🎯 GUIDANCE STEP 41 (t=396): Loss=0.6226, Rho=44.396549, Grad_norm=0.0225, Final_scale=44.3965
🚀 APPLYING GUIDANCE at step 42 (timestep=363)
🎯 GUIDANCE STEP 42 (t=363): Loss=0.6221, Rho=31.828629, Grad_norm=0.0314, Final_scale=31.8286
🚀 APPLYING GUIDANCE at step 43 (timestep=327)
🎯 GUIDANCE STEP 43 (t=327): Loss=0.6211, Rho=38.093887, Grad_norm=0.0263, Final_scale=38.0939
🚀 APPLYING GUIDANCE at step 44 (timestep=290)
🎯 GUIDANCE STEP 44 (t=290): Loss=0.6226, Rho=22.637035, Grad_norm=0.0442, Final_scale=22.6370
🚀 APPLYING GUIDANCE at step 45 (timestep=249)
🎯 GUIDANCE STEP 45 (t=249): Loss=0.6211, Rho=38.521244, Grad_norm=0.0260, Final_scale=38.5212
🚀 APPLYING GUIDANCE at step 46 (timestep=206)
🎯 GUIDANCE STEP 46 (t=206): Loss=0.6206, Rho=32.725769, Grad_norm=0.0306, Final_scale=32.7258
🚀 APPLYING GUIDANCE at step 47 (timestep=160)
🎯 GUIDANCE STEP 47 (t=160): Loss=0.6216, Rho=43.483555, Grad_norm=0.0230, Final_scale=43.4836
🚀 APPLYING GUIDANCE at step 48 (timestep=111)
🎯 GUIDANCE STEP 48 (t=111): Loss=0.6172, Rho=28.010052, Grad_norm=0.0357, Final_scale=28.0101
🚀 APPLYING GUIDANCE at step 49 (timestep=57)
🎯 GUIDANCE STEP 49 (t=57): Loss=0.6157, Rho=17.680147, Grad_norm=0.0566, Final_scale=17.6801
[guidance_f17_s50_w8c6_rho1.0_cfg5.0_0701_1448] Generated: generated_videos/subject_consistency/guidance_f17_s50_w8c6_rho1.0_cfg5.0_0701_1448/004_a_bird_flying_over_a_snowy_forest.mp4
[guidance_f17_s50_w8c6_rho1.0_cfg5.0_0701_1448] Generating video 6/9 (guidance): a cat grooming itself meticulously with its tongue
🎬 STARTING GUIDANCE PIPELINE GENERATION
   Frames: 17, Steps: 50, CFG Scale: 5.0

🔧 GUIDANCE PIPELINE CONFIGURATION:
   Guidance range: 0 - 1001
   Rho scale: 1.0
   V-JEPA kernel_size: 8
   V-JEPA context_length: 6
   V-JEPA stride: 2
   V-JEPA mode: max
   Total timesteps: 50

🚀 APPLYING GUIDANCE at step 0 (timestep=999)
🎯 GUIDANCE STEP 0 (t=999): Loss=0.5874, Rho=13.502610, Grad_norm=0.0741, Final_scale=13.5026
🚀 APPLYING GUIDANCE at step 1 (timestep=992)
🎯 GUIDANCE STEP 1 (t=992): Loss=0.5322, Rho=28.696409, Grad_norm=0.0348, Final_scale=28.6964
🚀 APPLYING GUIDANCE at step 2 (timestep=985)
🎯 GUIDANCE STEP 2 (t=985): Loss=0.5488, Rho=6.520336, Grad_norm=0.1534, Final_scale=6.5203
🚀 APPLYING GUIDANCE at step 3 (timestep=978)
🎯 GUIDANCE STEP 3 (t=978): Loss=0.5811, Rho=17.838379, Grad_norm=0.0561, Final_scale=17.8384
🚀 APPLYING GUIDANCE at step 4 (timestep=971)
🎯 GUIDANCE STEP 4 (t=971): Loss=0.5718, Rho=11.520521, Grad_norm=0.0868, Final_scale=11.5205
🚀 APPLYING GUIDANCE at step 5 (timestep=963)
🎯 GUIDANCE STEP 5 (t=963): Loss=0.5859, Rho=6.203829, Grad_norm=0.1612, Final_scale=6.2038
🚀 APPLYING GUIDANCE at step 6 (timestep=956)
🎯 GUIDANCE STEP 6 (t=956): Loss=0.5986, Rho=3.050263, Grad_norm=0.3278, Final_scale=3.0503
🚀 APPLYING GUIDANCE at step 7 (timestep=948)
🎯 GUIDANCE STEP 7 (t=948): Loss=0.6045, Rho=9.099246, Grad_norm=0.1099, Final_scale=9.0992
🚀 APPLYING GUIDANCE at step 8 (timestep=939)
🎯 GUIDANCE STEP 8 (t=939): Loss=0.6069, Rho=6.093513, Grad_norm=0.1641, Final_scale=6.0935
🚀 APPLYING GUIDANCE at step 9 (timestep=931)
🎯 GUIDANCE STEP 9 (t=931): Loss=0.6035, Rho=6.065523, Grad_norm=0.1649, Final_scale=6.0655
🚀 APPLYING GUIDANCE at step 10 (timestep=922)
🎯 GUIDANCE STEP 10 (t=922): Loss=0.6089, Rho=6.854404, Grad_norm=0.1459, Final_scale=6.8544
🚀 APPLYING GUIDANCE at step 11 (timestep=913)
🎯 GUIDANCE STEP 11 (t=913): Loss=0.6108, Rho=6.532497, Grad_norm=0.1531, Final_scale=6.5325
🚀 APPLYING GUIDANCE at step 12 (timestep=904)
🎯 GUIDANCE STEP 12 (t=904): Loss=0.6025, Rho=10.950239, Grad_norm=0.0913, Final_scale=10.9502
🚀 APPLYING GUIDANCE at step 13 (timestep=894)
🎯 GUIDANCE STEP 13 (t=894): Loss=0.6025, Rho=4.837373, Grad_norm=0.2067, Final_scale=4.8374
🚀 APPLYING GUIDANCE at step 14 (timestep=884)
🎯 GUIDANCE STEP 14 (t=884): Loss=0.6011, Rho=6.535178, Grad_norm=0.1530, Final_scale=6.5352
🚀 APPLYING GUIDANCE at step 15 (timestep=874)
🎯 GUIDANCE STEP 15 (t=874): Loss=0.5996, Rho=10.732769, Grad_norm=0.0932, Final_scale=10.7328
🚀 APPLYING GUIDANCE at step 16 (timestep=864)
🎯 GUIDANCE STEP 16 (t=864): Loss=0.6030, Rho=5.489597, Grad_norm=0.1822, Final_scale=5.4896
🚀 APPLYING GUIDANCE at step 17 (timestep=853)
🎯 GUIDANCE STEP 17 (t=853): Loss=0.6035, Rho=5.194726, Grad_norm=0.1925, Final_scale=5.1947
🚀 APPLYING GUIDANCE at step 18 (timestep=841)
🎯 GUIDANCE STEP 18 (t=841): Loss=0.6025, Rho=1.023208, Grad_norm=0.9773, Final_scale=1.0232
🚀 APPLYING GUIDANCE at step 19 (timestep=829)
🎯 GUIDANCE STEP 19 (t=829): Loss=0.5981, Rho=5.341988, Grad_norm=0.1872, Final_scale=5.3420
🚀 APPLYING GUIDANCE at step 20 (timestep=817)
🎯 GUIDANCE STEP 20 (t=817): Loss=0.6069, Rho=4.318294, Grad_norm=0.2316, Final_scale=4.3183
🚀 APPLYING GUIDANCE at step 21 (timestep=805)
🎯 GUIDANCE STEP 21 (t=805): Loss=0.6011, Rho=5.739199, Grad_norm=0.1742, Final_scale=5.7392
🚀 APPLYING GUIDANCE at step 22 (timestep=792)
🎯 GUIDANCE STEP 22 (t=792): Loss=0.5996, Rho=2.118185, Grad_norm=0.4721, Final_scale=2.1182
🚀 APPLYING GUIDANCE at step 23 (timestep=778)
🎯 GUIDANCE STEP 23 (t=778): Loss=0.5967, Rho=3.357046, Grad_norm=0.2979, Final_scale=3.3570
🚀 APPLYING GUIDANCE at step 24 (timestep=764)
🎯 GUIDANCE STEP 24 (t=764): Loss=0.5962, Rho=4.790451, Grad_norm=0.2087, Final_scale=4.7905
🚀 APPLYING GUIDANCE at step 25 (timestep=749)
🎯 GUIDANCE STEP 25 (t=749): Loss=0.5913, Rho=3.035066, Grad_norm=0.3295, Final_scale=3.0351
🚀 APPLYING GUIDANCE at step 26 (timestep=734)
🎯 GUIDANCE STEP 26 (t=734): Loss=0.5918, Rho=5.489109, Grad_norm=0.1822, Final_scale=5.4891
🚀 APPLYING GUIDANCE at step 27 (timestep=718)
🎯 GUIDANCE STEP 27 (t=718): Loss=0.5957, Rho=2.570984, Grad_norm=0.3890, Final_scale=2.5710
🚀 APPLYING GUIDANCE at step 28 (timestep=701)
🎯 GUIDANCE STEP 28 (t=701): Loss=0.5957, Rho=5.484925, Grad_norm=0.1823, Final_scale=5.4849
🚀 APPLYING GUIDANCE at step 29 (timestep=684)
🎯 GUIDANCE STEP 29 (t=684): Loss=0.5952, Rho=7.782893, Grad_norm=0.1285, Final_scale=7.7829
🚀 APPLYING GUIDANCE at step 30 (timestep=666)
🎯 GUIDANCE STEP 30 (t=666): Loss=0.5942, Rho=9.626491, Grad_norm=0.1039, Final_scale=9.6265
🚀 APPLYING GUIDANCE at step 31 (timestep=647)
🎯 GUIDANCE STEP 31 (t=647): Loss=0.5952, Rho=7.995420, Grad_norm=0.1251, Final_scale=7.9954
🚀 APPLYING GUIDANCE at step 32 (timestep=627)
🎯 GUIDANCE STEP 32 (t=627): Loss=0.5942, Rho=7.260688, Grad_norm=0.1377, Final_scale=7.2607
🚀 APPLYING GUIDANCE at step 33 (timestep=606)
🎯 GUIDANCE STEP 33 (t=606): Loss=0.5952, Rho=6.542301, Grad_norm=0.1529, Final_scale=6.5423
🚀 APPLYING GUIDANCE at step 34 (timestep=585)
🎯 GUIDANCE STEP 34 (t=585): Loss=0.5947, Rho=3.774420, Grad_norm=0.2649, Final_scale=3.7744
🚀 APPLYING GUIDANCE at step 35 (timestep=562)
🎯 GUIDANCE STEP 35 (t=562): Loss=0.5938, Rho=9.336825, Grad_norm=0.1071, Final_scale=9.3368
🚀 APPLYING GUIDANCE at step 36 (timestep=538)
🎯 GUIDANCE STEP 36 (t=538): Loss=0.5972, Rho=9.159630, Grad_norm=0.1092, Final_scale=9.1596
🚀 APPLYING GUIDANCE at step 37 (timestep=512)
🎯 GUIDANCE STEP 37 (t=512): Loss=0.5972, Rho=5.924372, Grad_norm=0.1688, Final_scale=5.9244
🚀 APPLYING GUIDANCE at step 38 (timestep=486)
🎯 GUIDANCE STEP 38 (t=486): Loss=0.5981, Rho=4.691320, Grad_norm=0.2132, Final_scale=4.6913
🚀 APPLYING GUIDANCE at step 39 (timestep=458)
🎯 GUIDANCE STEP 39 (t=458): Loss=0.5986, Rho=12.049804, Grad_norm=0.0830, Final_scale=12.0498
🚀 APPLYING GUIDANCE at step 40 (timestep=428)
🎯 GUIDANCE STEP 40 (t=428): Loss=0.5991, Rho=12.169180, Grad_norm=0.0822, Final_scale=12.1692
🚀 APPLYING GUIDANCE at step 41 (timestep=396)
🎯 GUIDANCE STEP 41 (t=396): Loss=0.5981, Rho=7.240143, Grad_norm=0.1381, Final_scale=7.2401
🚀 APPLYING GUIDANCE at step 42 (timestep=363)
🎯 GUIDANCE STEP 42 (t=363): Loss=0.5981, Rho=17.701874, Grad_norm=0.0565, Final_scale=17.7019
🚀 APPLYING GUIDANCE at step 43 (timestep=327)
🎯 GUIDANCE STEP 43 (t=327): Loss=0.5981, Rho=16.568525, Grad_norm=0.0604, Final_scale=16.5685
🚀 APPLYING GUIDANCE at step 44 (timestep=290)
🎯 GUIDANCE STEP 44 (t=290): Loss=0.5967, Rho=26.109194, Grad_norm=0.0383, Final_scale=26.1092
🚀 APPLYING GUIDANCE at step 45 (timestep=249)
🎯 GUIDANCE STEP 45 (t=249): Loss=0.5967, Rho=17.278442, Grad_norm=0.0579, Final_scale=17.2784
🚀 APPLYING GUIDANCE at step 46 (timestep=206)
🎯 GUIDANCE STEP 46 (t=206): Loss=0.5972, Rho=13.893347, Grad_norm=0.0720, Final_scale=13.8933
🚀 APPLYING GUIDANCE at step 47 (timestep=160)
🎯 GUIDANCE STEP 47 (t=160): Loss=0.5952, Rho=23.141874, Grad_norm=0.0432, Final_scale=23.1419
🚀 APPLYING GUIDANCE at step 48 (timestep=111)
🎯 GUIDANCE STEP 48 (t=111): Loss=0.5962, Rho=20.855593, Grad_norm=0.0479, Final_scale=20.8556
🚀 APPLYING GUIDANCE at step 49 (timestep=57)
🎯 GUIDANCE STEP 49 (t=57): Loss=0.5942, Rho=9.836629, Grad_norm=0.1017, Final_scale=9.8366
[guidance_f17_s50_w8c6_rho1.0_cfg5.0_0701_1448] Generated: generated_videos/subject_consistency/guidance_f17_s50_w8c6_rho1.0_cfg5.0_0701_1448/004_a_horse_bending_down_to_drink_water_from_a_river.mp4
[guidance_f17_s50_w8c6_rho1.0_cfg5.0_0701_1448] Generating video 6/9 (guidance): a horse galloping across an open field
🎬 STARTING GUIDANCE PIPELINE GENERATION
   Frames: 17, Steps: 50, CFG Scale: 5.0

🔧 GUIDANCE PIPELINE CONFIGURATION:
   Guidance range: 0 - 1001
   Rho scale: 1.0
   V-JEPA kernel_size: 8
   V-JEPA context_length: 6
   V-JEPA stride: 2
   V-JEPA mode: max
   Total timesteps: 50

🚀 APPLYING GUIDANCE at step 0 (timestep=999)
🎯 GUIDANCE STEP 0 (t=999): Loss=0.5962, Rho=15.011086, Grad_norm=0.0666, Final_scale=15.0111
🚀 APPLYING GUIDANCE at step 1 (timestep=992)
🎯 GUIDANCE STEP 1 (t=992): Loss=0.5371, Rho=4.636553, Grad_norm=0.2157, Final_scale=4.6366
🚀 APPLYING GUIDANCE at step 2 (timestep=985)
🎯 GUIDANCE STEP 2 (t=985): Loss=0.5356, Rho=27.671705, Grad_norm=0.0361, Final_scale=27.6717
🚀 APPLYING GUIDANCE at step 3 (timestep=978)
🎯 GUIDANCE STEP 3 (t=978): Loss=0.5391, Rho=20.984365, Grad_norm=0.0477, Final_scale=20.9844
🚀 APPLYING GUIDANCE at step 4 (timestep=971)
🎯 GUIDANCE STEP 4 (t=971): Loss=0.5366, Rho=16.234293, Grad_norm=0.0616, Final_scale=16.2343
🚀 APPLYING GUIDANCE at step 5 (timestep=963)
🎯 GUIDANCE STEP 5 (t=963): Loss=0.5474, Rho=16.003197, Grad_norm=0.0625, Final_scale=16.0032
🚀 APPLYING GUIDANCE at step 6 (timestep=956)
🎯 GUIDANCE STEP 6 (t=956): Loss=0.5503, Rho=14.901681, Grad_norm=0.0671, Final_scale=14.9017
🚀 APPLYING GUIDANCE at step 7 (timestep=948)
🎯 GUIDANCE STEP 7 (t=948): Loss=0.5591, Rho=7.900068, Grad_norm=0.1266, Final_scale=7.9001
🚀 APPLYING GUIDANCE at step 8 (timestep=939)
🎯 GUIDANCE STEP 8 (t=939): Loss=0.5728, Rho=9.415655, Grad_norm=0.1062, Final_scale=9.4157
🚀 APPLYING GUIDANCE at step 9 (timestep=931)
🎯 GUIDANCE STEP 9 (t=931): Loss=0.5938, Rho=8.679967, Grad_norm=0.1152, Final_scale=8.6800
🚀 APPLYING GUIDANCE at step 10 (timestep=922)
🎯 GUIDANCE STEP 10 (t=922): Loss=0.6162, Rho=6.089007, Grad_norm=0.1642, Final_scale=6.0890
🚀 APPLYING GUIDANCE at step 11 (timestep=913)
🎯 GUIDANCE STEP 11 (t=913): Loss=0.6255, Rho=3.827925, Grad_norm=0.2612, Final_scale=3.8279
🚀 APPLYING GUIDANCE at step 12 (timestep=904)
🎯 GUIDANCE STEP 12 (t=904): Loss=0.6270, Rho=1.974648, Grad_norm=0.5064, Final_scale=1.9746
🚀 APPLYING GUIDANCE at step 13 (timestep=894)
🎯 GUIDANCE STEP 13 (t=894): Loss=0.6274, Rho=6.643836, Grad_norm=0.1505, Final_scale=6.6438
🚀 APPLYING GUIDANCE at step 14 (timestep=884)
🎯 GUIDANCE STEP 14 (t=884): Loss=0.6294, Rho=5.158353, Grad_norm=0.1939, Final_scale=5.1584
🚀 APPLYING GUIDANCE at step 15 (timestep=874)
🎯 GUIDANCE STEP 15 (t=874): Loss=0.6245, Rho=6.105321, Grad_norm=0.1638, Final_scale=6.1053
🚀 APPLYING GUIDANCE at step 16 (timestep=864)
🎯 GUIDANCE STEP 16 (t=864): Loss=0.6167, Rho=5.210575, Grad_norm=0.1919, Final_scale=5.2106
🚀 APPLYING GUIDANCE at step 17 (timestep=853)
🎯 GUIDANCE STEP 17 (t=853): Loss=0.6221, Rho=8.324087, Grad_norm=0.1201, Final_scale=8.3241
🚀 APPLYING GUIDANCE at step 18 (timestep=841)
🎯 GUIDANCE STEP 18 (t=841): Loss=0.6211, Rho=7.852284, Grad_norm=0.1274, Final_scale=7.8523
🚀 APPLYING GUIDANCE at step 19 (timestep=829)
🎯 GUIDANCE STEP 19 (t=829): Loss=0.6196, Rho=10.503714, Grad_norm=0.0952, Final_scale=10.5037
🚀 APPLYING GUIDANCE at step 20 (timestep=817)
🎯 GUIDANCE STEP 20 (t=817): Loss=0.6201, Rho=7.170999, Grad_norm=0.1395, Final_scale=7.1710
🚀 APPLYING GUIDANCE at step 21 (timestep=805)
🎯 GUIDANCE STEP 21 (t=805): Loss=0.6270, Rho=3.880799, Grad_norm=0.2577, Final_scale=3.8808
🚀 APPLYING GUIDANCE at step 22 (timestep=792)
🎯 GUIDANCE STEP 22 (t=792): Loss=0.6255, Rho=3.631798, Grad_norm=0.2753, Final_scale=3.6318
🚀 APPLYING GUIDANCE at step 23 (timestep=778)
🎯 GUIDANCE STEP 23 (t=778): Loss=0.6289, Rho=8.674845, Grad_norm=0.1153, Final_scale=8.6748
🚀 APPLYING GUIDANCE at step 24 (timestep=764)
🎯 GUIDANCE STEP 24 (t=764): Loss=0.6260, Rho=5.538593, Grad_norm=0.1806, Final_scale=5.5386
🚀 APPLYING GUIDANCE at step 25 (timestep=749)
🎯 GUIDANCE STEP 25 (t=749): Loss=0.6255, Rho=7.026509, Grad_norm=0.1423, Final_scale=7.0265
🚀 APPLYING GUIDANCE at step 26 (timestep=734)
🎯 GUIDANCE STEP 26 (t=734): Loss=0.6230, Rho=6.985910, Grad_norm=0.1431, Final_scale=6.9859
🚀 APPLYING GUIDANCE at step 27 (timestep=718)
🎯 GUIDANCE STEP 27 (t=718): Loss=0.6235, Rho=9.361889, Grad_norm=0.1068, Final_scale=9.3619
🚀 APPLYING GUIDANCE at step 28 (timestep=701)
🎯 GUIDANCE STEP 28 (t=701): Loss=0.6216, Rho=7.585672, Grad_norm=0.1318, Final_scale=7.5857
🚀 APPLYING GUIDANCE at step 29 (timestep=684)
🎯 GUIDANCE STEP 29 (t=684): Loss=0.6230, Rho=4.829000, Grad_norm=0.2071, Final_scale=4.8290
🚀 APPLYING GUIDANCE at step 30 (timestep=666)
🎯 GUIDANCE STEP 30 (t=666): Loss=0.6226, Rho=3.272570, Grad_norm=0.3056, Final_scale=3.2726
🚀 APPLYING GUIDANCE at step 31 (timestep=647)
🎯 GUIDANCE STEP 31 (t=647): Loss=0.6201, Rho=7.308776, Grad_norm=0.1368, Final_scale=7.3088
🚀 APPLYING GUIDANCE at step 32 (timestep=627)
🎯 GUIDANCE STEP 32 (t=627): Loss=0.6196, Rho=9.546020, Grad_norm=0.1048, Final_scale=9.5460
🚀 APPLYING GUIDANCE at step 33 (timestep=606)
🎯 GUIDANCE STEP 33 (t=606): Loss=0.6196, Rho=9.837485, Grad_norm=0.1017, Final_scale=9.8375
🚀 APPLYING GUIDANCE at step 34 (timestep=585)
🎯 GUIDANCE STEP 34 (t=585): Loss=0.6206, Rho=15.595639, Grad_norm=0.0641, Final_scale=15.5956
🚀 APPLYING GUIDANCE at step 35 (timestep=562)
🎯 GUIDANCE STEP 35 (t=562): Loss=0.6206, Rho=9.630872, Grad_norm=0.1038, Final_scale=9.6309
🚀 APPLYING GUIDANCE at step 36 (timestep=538)
🎯 GUIDANCE STEP 36 (t=538): Loss=0.6211, Rho=15.581628, Grad_norm=0.0642, Final_scale=15.5816
🚀 APPLYING GUIDANCE at step 37 (timestep=512)
🎯 GUIDANCE STEP 37 (t=512): Loss=0.6216, Rho=13.955575, Grad_norm=0.0717, Final_scale=13.9556
🚀 APPLYING GUIDANCE at step 38 (timestep=486)
🎯 GUIDANCE STEP 38 (t=486): Loss=0.6206, Rho=11.357104, Grad_norm=0.0881, Final_scale=11.3571
🚀 APPLYING GUIDANCE at step 39 (timestep=458)
🎯 GUIDANCE STEP 39 (t=458): Loss=0.6226, Rho=16.583179, Grad_norm=0.0603, Final_scale=16.5832
🚀 APPLYING GUIDANCE at step 40 (timestep=428)
🎯 GUIDANCE STEP 40 (t=428): Loss=0.6201, Rho=31.308899, Grad_norm=0.0319, Final_scale=31.3089
🚀 APPLYING GUIDANCE at step 41 (timestep=396)
🎯 GUIDANCE STEP 41 (t=396): Loss=0.6240, Rho=14.629283, Grad_norm=0.0684, Final_scale=14.6293
🚀 APPLYING GUIDANCE at step 42 (timestep=363)
🎯 GUIDANCE STEP 42 (t=363): Loss=0.6226, Rho=17.463390, Grad_norm=0.0573, Final_scale=17.4634
🚀 APPLYING GUIDANCE at step 43 (timestep=327)
🎯 GUIDANCE STEP 43 (t=327): Loss=0.6235, Rho=14.699450, Grad_norm=0.0680, Final_scale=14.6995
🚀 APPLYING GUIDANCE at step 44 (timestep=290)
🎯 GUIDANCE STEP 44 (t=290): Loss=0.6240, Rho=18.796867, Grad_norm=0.0532, Final_scale=18.7969
🚀 APPLYING GUIDANCE at step 45 (timestep=249)
🎯 GUIDANCE STEP 45 (t=249): Loss=0.6221, Rho=21.088408, Grad_norm=0.0474, Final_scale=21.0884
🚀 APPLYING GUIDANCE at step 46 (timestep=206)
🎯 GUIDANCE STEP 46 (t=206): Loss=0.6216, Rho=20.834301, Grad_norm=0.0480, Final_scale=20.8343
🚀 APPLYING GUIDANCE at step 47 (timestep=160)
🎯 GUIDANCE STEP 47 (t=160): Loss=0.6216, Rho=15.378621, Grad_norm=0.0650, Final_scale=15.3786
🚀 APPLYING GUIDANCE at step 48 (timestep=111)
🎯 GUIDANCE STEP 48 (t=111): Loss=0.6216, Rho=13.482775, Grad_norm=0.0742, Final_scale=13.4828
🚀 APPLYING GUIDANCE at step 49 (timestep=57)
🎯 GUIDANCE STEP 49 (t=57): Loss=0.6201, Rho=21.396887, Grad_norm=0.0467, Final_scale=21.3969
[guidance_f17_s50_w8c6_rho1.0_cfg5.0_0701_1448] Generated: generated_videos/subject_consistency/guidance_f17_s50_w8c6_rho1.0_cfg5.0_0701_1448/007_an_elephant_running_to_join_a_herd_of_its_kind.mp4
[guidance_f17_s50_w8c6_rho1.0_cfg5.0_0701_1448] Generating video 9/9 (guidance): a bear catching a salmon in its powerful jaws
🎬 STARTING GUIDANCE PIPELINE GENERATION
   Frames: 17, Steps: 50, CFG Scale: 5.0

🔧 GUIDANCE PIPELINE CONFIGURATION:
   Guidance range: 0 - 1001
   Rho scale: 1.0
   V-JEPA kernel_size: 8
   V-JEPA context_length: 6
   V-JEPA stride: 2
   V-JEPA mode: max
   Total timesteps: 50

🚀 APPLYING GUIDANCE at step 0 (timestep=999)
🎯 GUIDANCE STEP 0 (t=999): Loss=0.6011, Rho=19.283762, Grad_norm=0.0519, Final_scale=19.2838
🚀 APPLYING GUIDANCE at step 1 (timestep=992)
🎯 GUIDANCE STEP 1 (t=992): Loss=0.5947, Rho=34.526943, Grad_norm=0.0290, Final_scale=34.5269
🚀 APPLYING GUIDANCE at step 2 (timestep=985)
🎯 GUIDANCE STEP 2 (t=985): Loss=0.5376, Rho=20.815668, Grad_norm=0.0480, Final_scale=20.8157
🚀 APPLYING GUIDANCE at step 3 (timestep=978)
🎯 GUIDANCE STEP 3 (t=978): Loss=0.5630, Rho=15.994576, Grad_norm=0.0625, Final_scale=15.9946
🚀 APPLYING GUIDANCE at step 4 (timestep=971)
🎯 GUIDANCE STEP 4 (t=971): Loss=0.5674, Rho=23.514145, Grad_norm=0.0425, Final_scale=23.5141
🚀 APPLYING GUIDANCE at step 5 (timestep=963)
🎯 GUIDANCE STEP 5 (t=963): Loss=0.5781, Rho=18.098104, Grad_norm=0.0553, Final_scale=18.0981
🚀 APPLYING GUIDANCE at step 6 (timestep=956)
🎯 GUIDANCE STEP 6 (t=956): Loss=0.5928, Rho=5.463582, Grad_norm=0.1830, Final_scale=5.4636
🚀 APPLYING GUIDANCE at step 7 (timestep=948)
🎯 GUIDANCE STEP 7 (t=948): Loss=0.6040, Rho=8.235754, Grad_norm=0.1214, Final_scale=8.2358
🚀 APPLYING GUIDANCE at step 8 (timestep=939)
🎯 GUIDANCE STEP 8 (t=939): Loss=0.6113, Rho=10.476575, Grad_norm=0.0955, Final_scale=10.4766
🚀 APPLYING GUIDANCE at step 9 (timestep=931)
🎯 GUIDANCE STEP 9 (t=931): Loss=0.6147, Rho=6.888317, Grad_norm=0.1452, Final_scale=6.8883
🚀 APPLYING GUIDANCE at step 10 (timestep=922)
🎯 GUIDANCE STEP 10 (t=922): Loss=0.6104, Rho=6.932210, Grad_norm=0.1443, Final_scale=6.9322
🚀 APPLYING GUIDANCE at step 11 (timestep=913)
🎯 GUIDANCE STEP 11 (t=913): Loss=0.6147, Rho=3.671700, Grad_norm=0.2724, Final_scale=3.6717
🚀 APPLYING GUIDANCE at step 12 (timestep=904)
🎯 GUIDANCE STEP 12 (t=904): Loss=0.6191, Rho=8.567562, Grad_norm=0.1167, Final_scale=8.5676
🚀 APPLYING GUIDANCE at step 13 (timestep=894)
🎯 GUIDANCE STEP 13 (t=894): Loss=0.6177, Rho=8.491021, Grad_norm=0.1178, Final_scale=8.4910
🚀 APPLYING GUIDANCE at step 14 (timestep=884)
🎯 GUIDANCE STEP 14 (t=884): Loss=0.6182, Rho=6.884572, Grad_norm=0.1453, Final_scale=6.8846
🚀 APPLYING GUIDANCE at step 15 (timestep=874)
🎯 GUIDANCE STEP 15 (t=874): Loss=0.6226, Rho=12.144178, Grad_norm=0.0823, Final_scale=12.1442
🚀 APPLYING GUIDANCE at step 16 (timestep=864)
🎯 GUIDANCE STEP 16 (t=864): Loss=0.6206, Rho=12.088966, Grad_norm=0.0827, Final_scale=12.0890
🚀 APPLYING GUIDANCE at step 17 (timestep=853)
🎯 GUIDANCE STEP 17 (t=853): Loss=0.6206, Rho=8.198380, Grad_norm=0.1220, Final_scale=8.1984
🚀 APPLYING GUIDANCE at step 18 (timestep=841)
🎯 GUIDANCE STEP 18 (t=841): Loss=0.6191, Rho=11.214231, Grad_norm=0.0892, Final_scale=11.2142
🚀 APPLYING GUIDANCE at step 19 (timestep=829)
🎯 GUIDANCE STEP 19 (t=829): Loss=0.6143, Rho=13.158677, Grad_norm=0.0760, Final_scale=13.1587
🚀 APPLYING GUIDANCE at step 20 (timestep=817)
🎯 GUIDANCE STEP 20 (t=817): Loss=0.6172, Rho=4.238632, Grad_norm=0.2359, Final_scale=4.2386
🚀 APPLYING GUIDANCE at step 21 (timestep=805)
🎯 GUIDANCE STEP 21 (t=805): Loss=0.6201, Rho=9.319342, Grad_norm=0.1073, Final_scale=9.3193
🚀 APPLYING GUIDANCE at step 22 (timestep=792)
🎯 GUIDANCE STEP 22 (t=792): Loss=0.6245, Rho=15.054020, Grad_norm=0.0664, Final_scale=15.0540
🚀 APPLYING GUIDANCE at step 23 (timestep=778)
🎯 GUIDANCE STEP 23 (t=778): Loss=0.6206, Rho=3.651566, Grad_norm=0.2739, Final_scale=3.6516
🚀 APPLYING GUIDANCE at step 24 (timestep=764)
🎯 GUIDANCE STEP 24 (t=764): Loss=0.6138, Rho=5.837187, Grad_norm=0.1713, Final_scale=5.8372
🚀 APPLYING GUIDANCE at step 25 (timestep=749)
🎯 GUIDANCE STEP 25 (t=749): Loss=0.6162, Rho=6.152356, Grad_norm=0.1625, Final_scale=6.1524
🚀 APPLYING GUIDANCE at step 26 (timestep=734)
🎯 GUIDANCE STEP 26 (t=734): Loss=0.6172, Rho=6.523490, Grad_norm=0.1533, Final_scale=6.5235
🚀 APPLYING GUIDANCE at step 27 (timestep=718)
🎯 GUIDANCE STEP 27 (t=718): Loss=0.6162, Rho=5.280239, Grad_norm=0.1894, Final_scale=5.2802
🚀 APPLYING GUIDANCE at step 28 (timestep=701)
🎯 GUIDANCE STEP 28 (t=701): Loss=0.6113, Rho=6.933413, Grad_norm=0.1442, Final_scale=6.9334
🚀 APPLYING GUIDANCE at step 29 (timestep=684)
🎯 GUIDANCE STEP 29 (t=684): Loss=0.6108, Rho=4.679056, Grad_norm=0.2137, Final_scale=4.6791
🚀 APPLYING GUIDANCE at step 30 (timestep=666)
🎯 GUIDANCE STEP 30 (t=666): Loss=0.6128, Rho=3.865500, Grad_norm=0.2587, Final_scale=3.8655
🚀 APPLYING GUIDANCE at step 31 (timestep=647)
🎯 GUIDANCE STEP 31 (t=647): Loss=0.6113, Rho=1.354244, Grad_norm=0.7384, Final_scale=1.3542
🚀 APPLYING GUIDANCE at step 32 (timestep=627)
🎯 GUIDANCE STEP 32 (t=627): Loss=0.6108, Rho=1.406177, Grad_norm=0.7111, Final_scale=1.4062
🚀 APPLYING GUIDANCE at step 33 (timestep=606)
🎯 GUIDANCE STEP 33 (t=606): Loss=0.6104, Rho=3.968130, Grad_norm=0.2520, Final_scale=3.9681
🚀 APPLYING GUIDANCE at step 34 (timestep=585)
🎯 GUIDANCE STEP 34 (t=585): Loss=0.6104, Rho=2.089100, Grad_norm=0.4787, Final_scale=2.0891
🚀 APPLYING GUIDANCE at step 35 (timestep=562)
🎯 GUIDANCE STEP 35 (t=562): Loss=0.6133, Rho=3.342236, Grad_norm=0.2992, Final_scale=3.3422
🚀 APPLYING GUIDANCE at step 36 (timestep=538)
🎯 GUIDANCE STEP 36 (t=538): Loss=0.6138, Rho=1.061265, Grad_norm=0.9423, Final_scale=1.0613
🚀 APPLYING GUIDANCE at step 37 (timestep=512)
🎯 GUIDANCE STEP 37 (t=512): Loss=0.6147, Rho=7.089678, Grad_norm=0.1411, Final_scale=7.0897
🚀 APPLYING GUIDANCE at step 38 (timestep=486)
🎯 GUIDANCE STEP 38 (t=486): Loss=0.6152, Rho=6.271862, Grad_norm=0.1594, Final_scale=6.2719
🚀 APPLYING GUIDANCE at step 39 (timestep=458)
🎯 GUIDANCE STEP 39 (t=458): Loss=0.6172, Rho=0.477758, Grad_norm=2.0931, Final_scale=0.4778
🚀 APPLYING GUIDANCE at step 40 (timestep=428)
🎯 GUIDANCE STEP 40 (t=428): Loss=0.6216, Rho=4.284168, Grad_norm=0.2334, Final_scale=4.2842
🚀 APPLYING GUIDANCE at step 41 (timestep=396)
🎯 GUIDANCE STEP 41 (t=396): Loss=0.6147, Rho=3.285152, Grad_norm=0.3044, Final_scale=3.2852
🚀 APPLYING GUIDANCE at step 42 (timestep=363)
🎯 GUIDANCE STEP 42 (t=363): Loss=0.6143, Rho=2.622052, Grad_norm=0.3814, Final_scale=2.6221
🚀 APPLYING GUIDANCE at step 43 (timestep=327)
🎯 GUIDANCE STEP 43 (t=327): Loss=0.6157, Rho=3.218187, Grad_norm=0.3107, Final_scale=3.2182
🚀 APPLYING GUIDANCE at step 44 (timestep=290)
🎯 GUIDANCE STEP 44 (t=290): Loss=0.6118, Rho=4.224703, Grad_norm=0.2367, Final_scale=4.2247
🚀 APPLYING GUIDANCE at step 45 (timestep=249)
🎯 GUIDANCE STEP 45 (t=249): Loss=0.6143, Rho=13.395554, Grad_norm=0.0747, Final_scale=13.3956
🚀 APPLYING GUIDANCE at step 46 (timestep=206)
🎯 GUIDANCE STEP 46 (t=206): Loss=0.6113, Rho=5.022166, Grad_norm=0.1991, Final_scale=5.0222
🚀 APPLYING GUIDANCE at step 47 (timestep=160)
🎯 GUIDANCE STEP 47 (t=160): Loss=0.6118, Rho=20.160337, Grad_norm=0.0496, Final_scale=20.1603
🚀 APPLYING GUIDANCE at step 48 (timestep=111)
🎯 GUIDANCE STEP 48 (t=111): Loss=0.6094, Rho=9.891022, Grad_norm=0.1011, Final_scale=9.8910
🚀 APPLYING GUIDANCE at step 49 (timestep=57)
🎯 GUIDANCE STEP 49 (t=57): Loss=0.6094, Rho=6.730433, Grad_norm=0.1486, Final_scale=6.7304
[guidance_f17_s50_w8c6_rho1.0_cfg5.0_0701_1448] Generated: generated_videos/subject_consistency/guidance_f17_s50_w8c6_rho1.0_cfg5.0_0701_1448/007_a_motorcycle_turning_a_corner.mp4
[guidance_f17_s50_w8c6_rho1.0_cfg5.0_0701_1448] Generating video 9/9 (guidance): a motorcycle slowing down to stop
🎬 STARTING GUIDANCE PIPELINE GENERATION
   Frames: 17, Steps: 50, CFG Scale: 5.0

🔧 GUIDANCE PIPELINE CONFIGURATION:
   Guidance range: 0 - 1001
   Rho scale: 1.0
   V-JEPA kernel_size: 8
   V-JEPA context_length: 6
   V-JEPA stride: 2
   V-JEPA mode: max
   Total timesteps: 50

🚀 APPLYING GUIDANCE at step 0 (timestep=999)
🎯 GUIDANCE STEP 0 (t=999): Loss=0.5684, Rho=14.553064, Grad_norm=0.0687, Final_scale=14.5531
🚀 APPLYING GUIDANCE at step 1 (timestep=992)
🎯 GUIDANCE STEP 1 (t=992): Loss=0.5459, Rho=8.757458, Grad_norm=0.1142, Final_scale=8.7575
🚀 APPLYING GUIDANCE at step 2 (timestep=985)
🎯 GUIDANCE STEP 2 (t=985): Loss=0.5391, Rho=11.059730, Grad_norm=0.0904, Final_scale=11.0597
🚀 APPLYING GUIDANCE at step 3 (timestep=978)
🎯 GUIDANCE STEP 3 (t=978): Loss=0.5376, Rho=17.562386, Grad_norm=0.0569, Final_scale=17.5624
🚀 APPLYING GUIDANCE at step 4 (timestep=971)
🎯 GUIDANCE STEP 4 (t=971): Loss=0.5576, Rho=12.846910, Grad_norm=0.0778, Final_scale=12.8469
🚀 APPLYING GUIDANCE at step 5 (timestep=963)
🎯 GUIDANCE STEP 5 (t=963): Loss=0.5674, Rho=19.109652, Grad_norm=0.0523, Final_scale=19.1097
🚀 APPLYING GUIDANCE at step 6 (timestep=956)
🎯 GUIDANCE STEP 6 (t=956): Loss=0.5825, Rho=11.610645, Grad_norm=0.0861, Final_scale=11.6106
🚀 APPLYING GUIDANCE at step 7 (timestep=948)
🎯 GUIDANCE STEP 7 (t=948): Loss=0.5840, Rho=8.442676, Grad_norm=0.1184, Final_scale=8.4427
🚀 APPLYING GUIDANCE at step 8 (timestep=939)
🎯 GUIDANCE STEP 8 (t=939): Loss=0.5874, Rho=7.451488, Grad_norm=0.1342, Final_scale=7.4515
🚀 APPLYING GUIDANCE at step 9 (timestep=931)
🎯 GUIDANCE STEP 9 (t=931): Loss=0.5986, Rho=4.845309, Grad_norm=0.2064, Final_scale=4.8453
🚀 APPLYING GUIDANCE at step 10 (timestep=922)
🎯 GUIDANCE STEP 10 (t=922): Loss=0.5991, Rho=7.324214, Grad_norm=0.1365, Final_scale=7.3242
🚀 APPLYING GUIDANCE at step 11 (timestep=913)
🎯 GUIDANCE STEP 11 (t=913): Loss=0.6113, Rho=6.648438, Grad_norm=0.1504, Final_scale=6.6484
🚀 APPLYING GUIDANCE at step 12 (timestep=904)
🎯 GUIDANCE STEP 12 (t=904): Loss=0.6128, Rho=5.515697, Grad_norm=0.1813, Final_scale=5.5157
🚀 APPLYING GUIDANCE at step 13 (timestep=894)
🎯 GUIDANCE STEP 13 (t=894): Loss=0.6216, Rho=8.219142, Grad_norm=0.1217, Final_scale=8.2191
🚀 APPLYING GUIDANCE at step 14 (timestep=884)
🎯 GUIDANCE STEP 14 (t=884): Loss=0.6230, Rho=8.277905, Grad_norm=0.1208, Final_scale=8.2779
🚀 APPLYING GUIDANCE at step 15 (timestep=874)
🎯 GUIDANCE STEP 15 (t=874): Loss=0.6255, Rho=1.914409, Grad_norm=0.5224, Final_scale=1.9144
🚀 APPLYING GUIDANCE at step 16 (timestep=864)
🎯 GUIDANCE STEP 16 (t=864): Loss=0.6270, Rho=2.934429, Grad_norm=0.3408, Final_scale=2.9344
🚀 APPLYING GUIDANCE at step 17 (timestep=853)
🎯 GUIDANCE STEP 17 (t=853): Loss=0.6265, Rho=13.587217, Grad_norm=0.0736, Final_scale=13.5872
🚀 APPLYING GUIDANCE at step 18 (timestep=841)
🎯 GUIDANCE STEP 18 (t=841): Loss=0.6289, Rho=8.800492, Grad_norm=0.1136, Final_scale=8.8005
🚀 APPLYING GUIDANCE at step 19 (timestep=829)
🎯 GUIDANCE STEP 19 (t=829): Loss=0.6226, Rho=5.343573, Grad_norm=0.1871, Final_scale=5.3436
🚀 APPLYING GUIDANCE at step 20 (timestep=817)
🎯 GUIDANCE STEP 20 (t=817): Loss=0.6230, Rho=6.850113, Grad_norm=0.1460, Final_scale=6.8501
🚀 APPLYING GUIDANCE at step 21 (timestep=805)
🎯 GUIDANCE STEP 21 (t=805): Loss=0.6250, Rho=1.032169, Grad_norm=0.9688, Final_scale=1.0322
🚀 APPLYING GUIDANCE at step 22 (timestep=792)
🎯 GUIDANCE STEP 22 (t=792): Loss=0.6260, Rho=5.893216, Grad_norm=0.1697, Final_scale=5.8932
🚀 APPLYING GUIDANCE at step 23 (timestep=778)
🎯 GUIDANCE STEP 23 (t=778): Loss=0.6240, Rho=10.668464, Grad_norm=0.0937, Final_scale=10.6685
🚀 APPLYING GUIDANCE at step 24 (timestep=764)
🎯 GUIDANCE STEP 24 (t=764): Loss=0.6226, Rho=9.536023, Grad_norm=0.1049, Final_scale=9.5360
🚀 APPLYING GUIDANCE at step 25 (timestep=749)
🎯 GUIDANCE STEP 25 (t=749): Loss=0.6201, Rho=0.195517, Grad_norm=5.1147, Final_scale=0.1955
🚀 APPLYING GUIDANCE at step 26 (timestep=734)
🎯 GUIDANCE STEP 26 (t=734): Loss=0.6221, Rho=3.351429, Grad_norm=0.2984, Final_scale=3.3514
🚀 APPLYING GUIDANCE at step 27 (timestep=718)
🎯 GUIDANCE STEP 27 (t=718): Loss=0.6221, Rho=7.267683, Grad_norm=0.1376, Final_scale=7.2677
🚀 APPLYING GUIDANCE at step 28 (timestep=701)
🎯 GUIDANCE STEP 28 (t=701): Loss=0.6196, Rho=9.037420, Grad_norm=0.1107, Final_scale=9.0374
🚀 APPLYING GUIDANCE at step 29 (timestep=684)
🎯 GUIDANCE STEP 29 (t=684): Loss=0.6226, Rho=5.259559, Grad_norm=0.1901, Final_scale=5.2596
🚀 APPLYING GUIDANCE at step 30 (timestep=666)
🎯 GUIDANCE STEP 30 (t=666): Loss=0.6221, Rho=4.887022, Grad_norm=0.2046, Final_scale=4.8870
🚀 APPLYING GUIDANCE at step 31 (timestep=647)
🎯 GUIDANCE STEP 31 (t=647): Loss=0.6216, Rho=5.183240, Grad_norm=0.1929, Final_scale=5.1832
🚀 APPLYING GUIDANCE at step 32 (timestep=627)
🎯 GUIDANCE STEP 32 (t=627): Loss=0.6201, Rho=2.165810, Grad_norm=0.4617, Final_scale=2.1658
🚀 APPLYING GUIDANCE at step 33 (timestep=606)
🎯 GUIDANCE STEP 33 (t=606): Loss=0.6211, Rho=9.278559, Grad_norm=0.1078, Final_scale=9.2786
🚀 APPLYING GUIDANCE at step 34 (timestep=585)
🎯 GUIDANCE STEP 34 (t=585): Loss=0.6230, Rho=9.177928, Grad_norm=0.1090, Final_scale=9.1779
🚀 APPLYING GUIDANCE at step 35 (timestep=562)
🎯 GUIDANCE STEP 35 (t=562): Loss=0.6230, Rho=11.335493, Grad_norm=0.0882, Final_scale=11.3355
🚀 APPLYING GUIDANCE at step 36 (timestep=538)
🎯 GUIDANCE STEP 36 (t=538): Loss=0.6196, Rho=5.284247, Grad_norm=0.1892, Final_scale=5.2842
🚀 APPLYING GUIDANCE at step 37 (timestep=512)
🎯 GUIDANCE STEP 37 (t=512): Loss=0.6206, Rho=17.827286, Grad_norm=0.0561, Final_scale=17.8273
🚀 APPLYING GUIDANCE at step 38 (timestep=486)
🎯 GUIDANCE STEP 38 (t=486): Loss=0.6216, Rho=2.992940, Grad_norm=0.3341, Final_scale=2.9929
🚀 APPLYING GUIDANCE at step 39 (timestep=458)
🎯 GUIDANCE STEP 39 (t=458): Loss=0.6221, Rho=12.086654, Grad_norm=0.0827, Final_scale=12.0867
🚀 APPLYING GUIDANCE at step 40 (timestep=428)
🎯 GUIDANCE STEP 40 (t=428): Loss=0.6226, Rho=15.663675, Grad_norm=0.0638, Final_scale=15.6637
🚀 APPLYING GUIDANCE at step 41 (timestep=396)
🎯 GUIDANCE STEP 41 (t=396): Loss=0.6240, Rho=16.971579, Grad_norm=0.0589, Final_scale=16.9716
🚀 APPLYING GUIDANCE at step 42 (timestep=363)
🎯 GUIDANCE STEP 42 (t=363): Loss=0.6226, Rho=7.834131, Grad_norm=0.1276, Final_scale=7.8341
🚀 APPLYING GUIDANCE at step 43 (timestep=327)
🎯 GUIDANCE STEP 43 (t=327): Loss=0.6211, Rho=23.100208, Grad_norm=0.0433, Final_scale=23.1002
🚀 APPLYING GUIDANCE at step 44 (timestep=290)
🎯 GUIDANCE STEP 44 (t=290): Loss=0.6201, Rho=11.257233, Grad_norm=0.0888, Final_scale=11.2572
🚀 APPLYING GUIDANCE at step 45 (timestep=249)
🎯 GUIDANCE STEP 45 (t=249): Loss=0.6182, Rho=17.692608, Grad_norm=0.0565, Final_scale=17.6926
🚀 APPLYING GUIDANCE at step 46 (timestep=206)
🎯 GUIDANCE STEP 46 (t=206): Loss=0.6206, Rho=10.000723, Grad_norm=0.1000, Final_scale=10.0007
🚀 APPLYING GUIDANCE at step 47 (timestep=160)
🎯 GUIDANCE STEP 47 (t=160): Loss=0.6191, Rho=1.113795, Grad_norm=0.8978, Final_scale=1.1138
🚀 APPLYING GUIDANCE at step 48 (timestep=111)
🎯 GUIDANCE STEP 48 (t=111): Loss=0.6191, Rho=21.487555, Grad_norm=0.0465, Final_scale=21.4876
🚀 APPLYING GUIDANCE at step 49 (timestep=57)
🎯 GUIDANCE STEP 49 (t=57): Loss=0.6187, Rho=16.057709, Grad_norm=0.0623, Final_scale=16.0577
[guidance_f17_s50_w8c6_rho1.0_cfg5.0_0701_1448] Generated: generated_videos/subject_consistency/guidance_f17_s50_w8c6_rho1.0_cfg5.0_0701_1448/007_a_truck_accelerating_to_gain_speed.mp4
[guidance_f17_s50_w8c6_rho1.0_cfg5.0_0701_1448] Generating video 9/9 (guidance): a boat sailing smoothly on a calm lake
🎬 STARTING GUIDANCE PIPELINE GENERATION
   Frames: 17, Steps: 50, CFG Scale: 5.0

🔧 GUIDANCE PIPELINE CONFIGURATION:
   Guidance range: 0 - 1001
   Rho scale: 1.0
   V-JEPA kernel_size: 8
   V-JEPA context_length: 6
   V-JEPA stride: 2
   V-JEPA mode: max
   Total timesteps: 50

🚀 APPLYING GUIDANCE at step 0 (timestep=999)
🎯 GUIDANCE STEP 0 (t=999): Loss=0.5723, Rho=15.247366, Grad_norm=0.0656, Final_scale=15.2474
🚀 APPLYING GUIDANCE at step 1 (timestep=992)
🎯 GUIDANCE STEP 1 (t=992): Loss=0.5762, Rho=17.286179, Grad_norm=0.0578, Final_scale=17.2862
🚀 APPLYING GUIDANCE at step 2 (timestep=985)
🎯 GUIDANCE STEP 2 (t=985): Loss=0.5537, Rho=25.751005, Grad_norm=0.0388, Final_scale=25.7510
🚀 APPLYING GUIDANCE at step 3 (timestep=978)
🎯 GUIDANCE STEP 3 (t=978): Loss=0.5513, Rho=21.211790, Grad_norm=0.0471, Final_scale=21.2118
🚀 APPLYING GUIDANCE at step 4 (timestep=971)
🎯 GUIDANCE STEP 4 (t=971): Loss=0.5444, Rho=25.407133, Grad_norm=0.0394, Final_scale=25.4071
🚀 APPLYING GUIDANCE at step 5 (timestep=963)
🎯 GUIDANCE STEP 5 (t=963): Loss=0.5513, Rho=19.571014, Grad_norm=0.0511, Final_scale=19.5710
🚀 APPLYING GUIDANCE at step 6 (timestep=956)
🎯 GUIDANCE STEP 6 (t=956): Loss=0.5591, Rho=16.936131, Grad_norm=0.0590, Final_scale=16.9361
🚀 APPLYING GUIDANCE at step 7 (timestep=948)
🎯 GUIDANCE STEP 7 (t=948): Loss=0.5737, Rho=17.016979, Grad_norm=0.0588, Final_scale=17.0170
🚀 APPLYING GUIDANCE at step 8 (timestep=939)
🎯 GUIDANCE STEP 8 (t=939): Loss=0.5854, Rho=18.469759, Grad_norm=0.0541, Final_scale=18.4698
🚀 APPLYING GUIDANCE at step 9 (timestep=931)
🎯 GUIDANCE STEP 9 (t=931): Loss=0.5864, Rho=27.548388, Grad_norm=0.0363, Final_scale=27.5484
🚀 APPLYING GUIDANCE at step 10 (timestep=922)
🎯 GUIDANCE STEP 10 (t=922): Loss=0.5825, Rho=12.593143, Grad_norm=0.0794, Final_scale=12.5931
🚀 APPLYING GUIDANCE at step 11 (timestep=913)
🎯 GUIDANCE STEP 11 (t=913): Loss=0.5830, Rho=14.757689, Grad_norm=0.0678, Final_scale=14.7577
🚀 APPLYING GUIDANCE at step 12 (timestep=904)
🎯 GUIDANCE STEP 12 (t=904): Loss=0.5859, Rho=15.709118, Grad_norm=0.0637, Final_scale=15.7091
🚀 APPLYING GUIDANCE at step 13 (timestep=894)
🎯 GUIDANCE STEP 13 (t=894): Loss=0.5894, Rho=24.811903, Grad_norm=0.0403, Final_scale=24.8119
🚀 APPLYING GUIDANCE at step 14 (timestep=884)
🎯 GUIDANCE STEP 14 (t=884): Loss=0.5825, Rho=9.402765, Grad_norm=0.1064, Final_scale=9.4028
🚀 APPLYING GUIDANCE at step 15 (timestep=874)
🎯 GUIDANCE STEP 15 (t=874): Loss=0.5869, Rho=13.365137, Grad_norm=0.0748, Final_scale=13.3651
🚀 APPLYING GUIDANCE at step 16 (timestep=864)
🎯 GUIDANCE STEP 16 (t=864): Loss=0.5874, Rho=9.279923, Grad_norm=0.1078, Final_scale=9.2799
🚀 APPLYING GUIDANCE at step 17 (timestep=853)
🎯 GUIDANCE STEP 17 (t=853): Loss=0.5928, Rho=6.847283, Grad_norm=0.1460, Final_scale=6.8473
🚀 APPLYING GUIDANCE at step 18 (timestep=841)
🎯 GUIDANCE STEP 18 (t=841): Loss=0.5879, Rho=6.392246, Grad_norm=0.1564, Final_scale=6.3922
🚀 APPLYING GUIDANCE at step 19 (timestep=829)
🎯 GUIDANCE STEP 19 (t=829): Loss=0.5977, Rho=8.136312, Grad_norm=0.1229, Final_scale=8.1363
🚀 APPLYING GUIDANCE at step 20 (timestep=817)
🎯 GUIDANCE STEP 20 (t=817): Loss=0.5957, Rho=4.539648, Grad_norm=0.2203, Final_scale=4.5396
🚀 APPLYING GUIDANCE at step 21 (timestep=805)
🎯 GUIDANCE STEP 21 (t=805): Loss=0.6074, Rho=6.692951, Grad_norm=0.1494, Final_scale=6.6930
🚀 APPLYING GUIDANCE at step 22 (timestep=792)
🎯 GUIDANCE STEP 22 (t=792): Loss=0.6104, Rho=6.334704, Grad_norm=0.1579, Final_scale=6.3347
🚀 APPLYING GUIDANCE at step 23 (timestep=778)
🎯 GUIDANCE STEP 23 (t=778): Loss=0.6099, Rho=6.945759, Grad_norm=0.1440, Final_scale=6.9458
🚀 APPLYING GUIDANCE at step 24 (timestep=764)
🎯 GUIDANCE STEP 24 (t=764): Loss=0.5952, Rho=7.299727, Grad_norm=0.1370, Final_scale=7.2997
🚀 APPLYING GUIDANCE at step 25 (timestep=749)
🎯 GUIDANCE STEP 25 (t=749): Loss=0.6060, Rho=7.762999, Grad_norm=0.1288, Final_scale=7.7630
🚀 APPLYING GUIDANCE at step 26 (timestep=734)
🎯 GUIDANCE STEP 26 (t=734): Loss=0.6108, Rho=11.393306, Grad_norm=0.0878, Final_scale=11.3933
🚀 APPLYING GUIDANCE at step 27 (timestep=718)
🎯 GUIDANCE STEP 27 (t=718): Loss=0.6182, Rho=11.722171, Grad_norm=0.0853, Final_scale=11.7222
🚀 APPLYING GUIDANCE at step 28 (timestep=701)
🎯 GUIDANCE STEP 28 (t=701): Loss=0.6187, Rho=4.388463, Grad_norm=0.2279, Final_scale=4.3885
🚀 APPLYING GUIDANCE at step 29 (timestep=684)
🎯 GUIDANCE STEP 29 (t=684): Loss=0.6167, Rho=11.561042, Grad_norm=0.0865, Final_scale=11.5610
🚀 APPLYING GUIDANCE at step 30 (timestep=666)
🎯 GUIDANCE STEP 30 (t=666): Loss=0.6128, Rho=7.130424, Grad_norm=0.1402, Final_scale=7.1304
🚀 APPLYING GUIDANCE at step 31 (timestep=647)
🎯 GUIDANCE STEP 31 (t=647): Loss=0.6172, Rho=3.824199, Grad_norm=0.2615, Final_scale=3.8242
🚀 APPLYING GUIDANCE at step 32 (timestep=627)
🎯 GUIDANCE STEP 32 (t=627): Loss=0.6206, Rho=4.066996, Grad_norm=0.2459, Final_scale=4.0670
🚀 APPLYING GUIDANCE at step 33 (timestep=606)
🎯 GUIDANCE STEP 33 (t=606): Loss=0.6167, Rho=4.756507, Grad_norm=0.2102, Final_scale=4.7565
🚀 APPLYING GUIDANCE at step 34 (timestep=585)
🎯 GUIDANCE STEP 34 (t=585): Loss=0.6177, Rho=7.137352, Grad_norm=0.1401, Final_scale=7.1374
🚀 APPLYING GUIDANCE at step 35 (timestep=562)
🎯 GUIDANCE STEP 35 (t=562): Loss=0.6187, Rho=6.283369, Grad_norm=0.1592, Final_scale=6.2834
🚀 APPLYING GUIDANCE at step 36 (timestep=538)
🎯 GUIDANCE STEP 36 (t=538): Loss=0.6206, Rho=5.869206, Grad_norm=0.1704, Final_scale=5.8692
🚀 APPLYING GUIDANCE at step 37 (timestep=512)
🎯 GUIDANCE STEP 37 (t=512): Loss=0.6177, Rho=7.442113, Grad_norm=0.1344, Final_scale=7.4421
🚀 APPLYING GUIDANCE at step 38 (timestep=486)
🎯 GUIDANCE STEP 38 (t=486): Loss=0.6133, Rho=4.749994, Grad_norm=0.2105, Final_scale=4.7500
🚀 APPLYING GUIDANCE at step 39 (timestep=458)
🎯 GUIDANCE STEP 39 (t=458): Loss=0.6191, Rho=6.378525, Grad_norm=0.1568, Final_scale=6.3785
🚀 APPLYING GUIDANCE at step 40 (timestep=428)
🎯 GUIDANCE STEP 40 (t=428): Loss=0.6201, Rho=4.697992, Grad_norm=0.2129, Final_scale=4.6980
🚀 APPLYING GUIDANCE at step 41 (timestep=396)
🎯 GUIDANCE STEP 41 (t=396): Loss=0.6216, Rho=12.461699, Grad_norm=0.0802, Final_scale=12.4617
🚀 APPLYING GUIDANCE at step 42 (timestep=363)
🎯 GUIDANCE STEP 42 (t=363): Loss=0.6201, Rho=12.698960, Grad_norm=0.0787, Final_scale=12.6990
🚀 APPLYING GUIDANCE at step 43 (timestep=327)
🎯 GUIDANCE STEP 43 (t=327): Loss=0.6206, Rho=10.213138, Grad_norm=0.0979, Final_scale=10.2131
🚀 APPLYING GUIDANCE at step 44 (timestep=290)
🎯 GUIDANCE STEP 44 (t=290): Loss=0.6177, Rho=11.419958, Grad_norm=0.0876, Final_scale=11.4200
🚀 APPLYING GUIDANCE at step 45 (timestep=249)
🎯 GUIDANCE STEP 45 (t=249): Loss=0.6152, Rho=2.745393, Grad_norm=0.3642, Final_scale=2.7454
🚀 APPLYING GUIDANCE at step 46 (timestep=206)
🎯 GUIDANCE STEP 46 (t=206): Loss=0.6118, Rho=11.972729, Grad_norm=0.0835, Final_scale=11.9727
🚀 APPLYING GUIDANCE at step 47 (timestep=160)
🎯 GUIDANCE STEP 47 (t=160): Loss=0.6128, Rho=10.508305, Grad_norm=0.0952, Final_scale=10.5083
🚀 APPLYING GUIDANCE at step 48 (timestep=111)
🎯 GUIDANCE STEP 48 (t=111): Loss=0.6143, Rho=9.370651, Grad_norm=0.1067, Final_scale=9.3707
🚀 APPLYING GUIDANCE at step 49 (timestep=57)
🎯 GUIDANCE STEP 49 (t=57): Loss=0.6113, Rho=6.268878, Grad_norm=0.1595, Final_scale=6.2689
[guidance_f17_s50_w8c6_rho1.0_cfg5.0_0701_1448] Generated: generated_videos/subject_consistency/guidance_f17_s50_w8c6_rho1.0_cfg5.0_0701_1448/007_a_giraffe_taking_a_peaceful_walk.mp4
[guidance_f17_s50_w8c6_rho1.0_cfg5.0_0701_1448] Generating video 9/9 (guidance): a giraffe running to join a herd of its kind
🎬 STARTING GUIDANCE PIPELINE GENERATION
   Frames: 17, Steps: 50, CFG Scale: 5.0

🔧 GUIDANCE PIPELINE CONFIGURATION:
   Guidance range: 0 - 1001
   Rho scale: 1.0
   V-JEPA kernel_size: 8
   V-JEPA context_length: 6
   V-JEPA stride: 2
   V-JEPA mode: max
   Total timesteps: 50

🚀 APPLYING GUIDANCE at step 0 (timestep=999)
🎯 GUIDANCE STEP 0 (t=999): Loss=0.5850, Rho=10.147263, Grad_norm=0.0985, Final_scale=10.1473
🚀 APPLYING GUIDANCE at step 1 (timestep=992)
🎯 GUIDANCE STEP 1 (t=992): Loss=0.5444, Rho=21.737892, Grad_norm=0.0460, Final_scale=21.7379
🚀 APPLYING GUIDANCE at step 2 (timestep=985)
🎯 GUIDANCE STEP 2 (t=985): Loss=0.5342, Rho=22.585228, Grad_norm=0.0443, Final_scale=22.5852
🚀 APPLYING GUIDANCE at step 3 (timestep=978)
🎯 GUIDANCE STEP 3 (t=978): Loss=0.5557, Rho=18.105576, Grad_norm=0.0552, Final_scale=18.1056
🚀 APPLYING GUIDANCE at step 4 (timestep=971)
🎯 GUIDANCE STEP 4 (t=971): Loss=0.5752, Rho=17.154325, Grad_norm=0.0583, Final_scale=17.1543
🚀 APPLYING GUIDANCE at step 5 (timestep=963)
🎯 GUIDANCE STEP 5 (t=963): Loss=0.5776, Rho=11.981779, Grad_norm=0.0835, Final_scale=11.9818
🚀 APPLYING GUIDANCE at step 6 (timestep=956)
🎯 GUIDANCE STEP 6 (t=956): Loss=0.5864, Rho=7.327296, Grad_norm=0.1365, Final_scale=7.3273
🚀 APPLYING GUIDANCE at step 7 (timestep=948)
🎯 GUIDANCE STEP 7 (t=948): Loss=0.6050, Rho=12.886133, Grad_norm=0.0776, Final_scale=12.8861
🚀 APPLYING GUIDANCE at step 8 (timestep=939)
🎯 GUIDANCE STEP 8 (t=939): Loss=0.6035, Rho=9.732663, Grad_norm=0.1027, Final_scale=9.7327
🚀 APPLYING GUIDANCE at step 9 (timestep=931)
🎯 GUIDANCE STEP 9 (t=931): Loss=0.5991, Rho=5.726117, Grad_norm=0.1746, Final_scale=5.7261
🚀 APPLYING GUIDANCE at step 10 (timestep=922)
🎯 GUIDANCE STEP 10 (t=922): Loss=0.6084, Rho=4.343919, Grad_norm=0.2302, Final_scale=4.3439
🚀 APPLYING GUIDANCE at step 11 (timestep=913)
🎯 GUIDANCE STEP 11 (t=913): Loss=0.6089, Rho=7.088991, Grad_norm=0.1411, Final_scale=7.0890
🚀 APPLYING GUIDANCE at step 12 (timestep=904)
🎯 GUIDANCE STEP 12 (t=904): Loss=0.6177, Rho=8.577555, Grad_norm=0.1166, Final_scale=8.5776
🚀 APPLYING GUIDANCE at step 13 (timestep=894)
🎯 GUIDANCE STEP 13 (t=894): Loss=0.6245, Rho=3.575568, Grad_norm=0.2797, Final_scale=3.5756
🚀 APPLYING GUIDANCE at step 14 (timestep=884)
🎯 GUIDANCE STEP 14 (t=884): Loss=0.6270, Rho=5.159983, Grad_norm=0.1938, Final_scale=5.1600
🚀 APPLYING GUIDANCE at step 15 (timestep=874)
🎯 GUIDANCE STEP 15 (t=874): Loss=0.6226, Rho=1.847728, Grad_norm=0.5412, Final_scale=1.8477
🚀 APPLYING GUIDANCE at step 16 (timestep=864)
🎯 GUIDANCE STEP 16 (t=864): Loss=0.6250, Rho=5.900504, Grad_norm=0.1695, Final_scale=5.9005
🚀 APPLYING GUIDANCE at step 17 (timestep=853)
🎯 GUIDANCE STEP 17 (t=853): Loss=0.6279, Rho=3.103108, Grad_norm=0.3223, Final_scale=3.1031
🚀 APPLYING GUIDANCE at step 18 (timestep=841)
🎯 GUIDANCE STEP 18 (t=841): Loss=0.6304, Rho=2.742852, Grad_norm=0.3646, Final_scale=2.7429
🚀 APPLYING GUIDANCE at step 19 (timestep=829)
🎯 GUIDANCE STEP 19 (t=829): Loss=0.6304, Rho=5.339561, Grad_norm=0.1873, Final_scale=5.3396
🚀 APPLYING GUIDANCE at step 20 (timestep=817)
🎯 GUIDANCE STEP 20 (t=817): Loss=0.6289, Rho=4.000129, Grad_norm=0.2500, Final_scale=4.0001
🚀 APPLYING GUIDANCE at step 21 (timestep=805)
🎯 GUIDANCE STEP 21 (t=805): Loss=0.6299, Rho=4.681260, Grad_norm=0.2136, Final_scale=4.6813
🚀 APPLYING GUIDANCE at step 22 (timestep=792)
🎯 GUIDANCE STEP 22 (t=792): Loss=0.6211, Rho=2.458357, Grad_norm=0.4068, Final_scale=2.4584
🚀 APPLYING GUIDANCE at step 23 (timestep=778)
🎯 GUIDANCE STEP 23 (t=778): Loss=0.6240, Rho=6.921659, Grad_norm=0.1445, Final_scale=6.9217
🚀 APPLYING GUIDANCE at step 24 (timestep=764)
🎯 GUIDANCE STEP 24 (t=764): Loss=0.6230, Rho=1.881780, Grad_norm=0.5314, Final_scale=1.8818
🚀 APPLYING GUIDANCE at step 25 (timestep=749)
🎯 GUIDANCE STEP 25 (t=749): Loss=0.6245, Rho=2.463102, Grad_norm=0.4060, Final_scale=2.4631
🚀 APPLYING GUIDANCE at step 26 (timestep=734)
🎯 GUIDANCE STEP 26 (t=734): Loss=0.6240, Rho=4.225842, Grad_norm=0.2366, Final_scale=4.2258
🚀 APPLYING GUIDANCE at step 27 (timestep=718)
🎯 GUIDANCE STEP 27 (t=718): Loss=0.6235, Rho=2.948913, Grad_norm=0.3391, Final_scale=2.9489
🚀 APPLYING GUIDANCE at step 28 (timestep=701)
🎯 GUIDANCE STEP 28 (t=701): Loss=0.6230, Rho=5.457490, Grad_norm=0.1832, Final_scale=5.4575
🚀 APPLYING GUIDANCE at step 29 (timestep=684)
🎯 GUIDANCE STEP 29 (t=684): Loss=0.6211, Rho=6.640375, Grad_norm=0.1506, Final_scale=6.6404
🚀 APPLYING GUIDANCE at step 30 (timestep=666)
🎯 GUIDANCE STEP 30 (t=666): Loss=0.6235, Rho=5.521462, Grad_norm=0.1811, Final_scale=5.5215
🚀 APPLYING GUIDANCE at step 31 (timestep=647)
🎯 GUIDANCE STEP 31 (t=647): Loss=0.6265, Rho=2.589873, Grad_norm=0.3861, Final_scale=2.5899
🚀 APPLYING GUIDANCE at step 32 (timestep=627)
🎯 GUIDANCE STEP 32 (t=627): Loss=0.6274, Rho=4.013004, Grad_norm=0.2492, Final_scale=4.0130
🚀 APPLYING GUIDANCE at step 33 (timestep=606)
🎯 GUIDANCE STEP 33 (t=606): Loss=0.6255, Rho=5.159123, Grad_norm=0.1938, Final_scale=5.1591
🚀 APPLYING GUIDANCE at step 34 (timestep=585)
🎯 GUIDANCE STEP 34 (t=585): Loss=0.6250, Rho=5.458166, Grad_norm=0.1832, Final_scale=5.4582
🚀 APPLYING GUIDANCE at step 35 (timestep=562)
🎯 GUIDANCE STEP 35 (t=562): Loss=0.6245, Rho=6.589618, Grad_norm=0.1518, Final_scale=6.5896
🚀 APPLYING GUIDANCE at step 36 (timestep=538)
🎯 GUIDANCE STEP 36 (t=538): Loss=0.6240, Rho=5.137717, Grad_norm=0.1946, Final_scale=5.1377
🚀 APPLYING GUIDANCE at step 37 (timestep=512)
🎯 GUIDANCE STEP 37 (t=512): Loss=0.6221, Rho=8.164101, Grad_norm=0.1225, Final_scale=8.1641
🚀 APPLYING GUIDANCE at step 38 (timestep=486)
🎯 GUIDANCE STEP 38 (t=486): Loss=0.6240, Rho=14.169877, Grad_norm=0.0706, Final_scale=14.1699
🚀 APPLYING GUIDANCE at step 39 (timestep=458)
🎯 GUIDANCE STEP 39 (t=458): Loss=0.6187, Rho=12.501037, Grad_norm=0.0800, Final_scale=12.5010
🚀 APPLYING GUIDANCE at step 40 (timestep=428)
🎯 GUIDANCE STEP 40 (t=428): Loss=0.6162, Rho=2.458448, Grad_norm=0.4068, Final_scale=2.4584
🚀 APPLYING GUIDANCE at step 41 (timestep=396)
🎯 GUIDANCE STEP 41 (t=396): Loss=0.6196, Rho=12.714133, Grad_norm=0.0787, Final_scale=12.7141
🚀 APPLYING GUIDANCE at step 42 (timestep=363)
🎯 GUIDANCE STEP 42 (t=363): Loss=0.6182, Rho=13.286783, Grad_norm=0.0753, Final_scale=13.2868
🚀 APPLYING GUIDANCE at step 43 (timestep=327)
🎯 GUIDANCE STEP 43 (t=327): Loss=0.6182, Rho=10.111945, Grad_norm=0.0989, Final_scale=10.1119
🚀 APPLYING GUIDANCE at step 44 (timestep=290)
🎯 GUIDANCE STEP 44 (t=290): Loss=0.6177, Rho=14.182448, Grad_norm=0.0705, Final_scale=14.1824
🚀 APPLYING GUIDANCE at step 45 (timestep=249)
🎯 GUIDANCE STEP 45 (t=249): Loss=0.6196, Rho=6.078482, Grad_norm=0.1645, Final_scale=6.0785
🚀 APPLYING GUIDANCE at step 46 (timestep=206)
🎯 GUIDANCE STEP 46 (t=206): Loss=0.6167, Rho=8.261137, Grad_norm=0.1210, Final_scale=8.2611
🚀 APPLYING GUIDANCE at step 47 (timestep=160)
🎯 GUIDANCE STEP 47 (t=160): Loss=0.6162, Rho=6.489143, Grad_norm=0.1541, Final_scale=6.4891
🚀 APPLYING GUIDANCE at step 48 (timestep=111)
🎯 GUIDANCE STEP 48 (t=111): Loss=0.6162, Rho=11.323913, Grad_norm=0.0883, Final_scale=11.3239
🚀 APPLYING GUIDANCE at step 49 (timestep=57)
🎯 GUIDANCE STEP 49 (t=57): Loss=0.6143, Rho=5.736851, Grad_norm=0.1743, Final_scale=5.7369
[guidance_f17_s50_w8c6_rho1.0_cfg5.0_0701_1448] Generated: generated_videos/subject_consistency/guidance_f17_s50_w8c6_rho1.0_cfg5.0_0701_1448/007_a_bus_stuck_in_traffic_during_rush_hour.mp4
[guidance_f17_s50_w8c6_rho1.0_cfg5.0_0701_1448] Generating video 9/9 (guidance): a bus accelerating to gain speed
🎬 STARTING GUIDANCE PIPELINE GENERATION
   Frames: 17, Steps: 50, CFG Scale: 5.0

🔧 GUIDANCE PIPELINE CONFIGURATION:
   Guidance range: 0 - 1001
   Rho scale: 1.0
   V-JEPA kernel_size: 8
   V-JEPA context_length: 6
   V-JEPA stride: 2
   V-JEPA mode: max
   Total timesteps: 50

🚀 APPLYING GUIDANCE at step 0 (timestep=999)
🎯 GUIDANCE STEP 0 (t=999): Loss=0.5942, Rho=3.331153, Grad_norm=0.3002, Final_scale=3.3312
🚀 APPLYING GUIDANCE at step 1 (timestep=992)
🎯 GUIDANCE STEP 1 (t=992): Loss=0.5815, Rho=10.601071, Grad_norm=0.0943, Final_scale=10.6011
🚀 APPLYING GUIDANCE at step 2 (timestep=985)
🎯 GUIDANCE STEP 2 (t=985): Loss=0.5513, Rho=18.662699, Grad_norm=0.0536, Final_scale=18.6627
🚀 APPLYING GUIDANCE at step 3 (timestep=978)
🎯 GUIDANCE STEP 3 (t=978): Loss=0.5439, Rho=17.753838, Grad_norm=0.0563, Final_scale=17.7538
🚀 APPLYING GUIDANCE at step 4 (timestep=971)
🎯 GUIDANCE STEP 4 (t=971): Loss=0.5444, Rho=19.072163, Grad_norm=0.0524, Final_scale=19.0722
🚀 APPLYING GUIDANCE at step 5 (timestep=963)
🎯 GUIDANCE STEP 5 (t=963): Loss=0.5430, Rho=32.651268, Grad_norm=0.0306, Final_scale=32.6513
🚀 APPLYING GUIDANCE at step 6 (timestep=956)
🎯 GUIDANCE STEP 6 (t=956): Loss=0.5479, Rho=22.140553, Grad_norm=0.0452, Final_scale=22.1406
🚀 APPLYING GUIDANCE at step 7 (timestep=948)
🎯 GUIDANCE STEP 7 (t=948): Loss=0.5498, Rho=16.210175, Grad_norm=0.0617, Final_scale=16.2102
🚀 APPLYING GUIDANCE at step 8 (timestep=939)
🎯 GUIDANCE STEP 8 (t=939): Loss=0.5571, Rho=10.612965, Grad_norm=0.0942, Final_scale=10.6130
🚀 APPLYING GUIDANCE at step 9 (timestep=931)
🎯 GUIDANCE STEP 9 (t=931): Loss=0.5605, Rho=14.403343, Grad_norm=0.0694, Final_scale=14.4033
🚀 APPLYING GUIDANCE at step 10 (timestep=922)
🎯 GUIDANCE STEP 10 (t=922): Loss=0.5542, Rho=19.486052, Grad_norm=0.0513, Final_scale=19.4861
🚀 APPLYING GUIDANCE at step 11 (timestep=913)
🎯 GUIDANCE STEP 11 (t=913): Loss=0.5635, Rho=7.258623, Grad_norm=0.1378, Final_scale=7.2586
🚀 APPLYING GUIDANCE at step 12 (timestep=904)
🎯 GUIDANCE STEP 12 (t=904): Loss=0.5786, Rho=13.241099, Grad_norm=0.0755, Final_scale=13.2411
🚀 APPLYING GUIDANCE at step 13 (timestep=894)
🎯 GUIDANCE STEP 13 (t=894): Loss=0.5806, Rho=9.236053, Grad_norm=0.1083, Final_scale=9.2361
🚀 APPLYING GUIDANCE at step 14 (timestep=884)
🎯 GUIDANCE STEP 14 (t=884): Loss=0.5786, Rho=10.245339, Grad_norm=0.0976, Final_scale=10.2453
🚀 APPLYING GUIDANCE at step 15 (timestep=874)
🎯 GUIDANCE STEP 15 (t=874): Loss=0.5903, Rho=5.865542, Grad_norm=0.1705, Final_scale=5.8655
🚀 APPLYING GUIDANCE at step 16 (timestep=864)
🎯 GUIDANCE STEP 16 (t=864): Loss=0.5991, Rho=4.774815, Grad_norm=0.2094, Final_scale=4.7748
🚀 APPLYING GUIDANCE at step 17 (timestep=853)
🎯 GUIDANCE STEP 17 (t=853): Loss=0.6055, Rho=3.367620, Grad_norm=0.2969, Final_scale=3.3676
🚀 APPLYING GUIDANCE at step 18 (timestep=841)
🎯 GUIDANCE STEP 18 (t=841): Loss=0.5967, Rho=6.293223, Grad_norm=0.1589, Final_scale=6.2932
🚀 APPLYING GUIDANCE at step 19 (timestep=829)
🎯 GUIDANCE STEP 19 (t=829): Loss=0.6021, Rho=6.177273, Grad_norm=0.1619, Final_scale=6.1773
🚀 APPLYING GUIDANCE at step 20 (timestep=817)
🎯 GUIDANCE STEP 20 (t=817): Loss=0.5957, Rho=3.297458, Grad_norm=0.3033, Final_scale=3.2975
🚀 APPLYING GUIDANCE at step 21 (timestep=805)
🎯 GUIDANCE STEP 21 (t=805): Loss=0.5986, Rho=0.509438, Grad_norm=1.9629, Final_scale=0.5094
🚀 APPLYING GUIDANCE at step 22 (timestep=792)
🎯 GUIDANCE STEP 22 (t=792): Loss=0.5952, Rho=3.575363, Grad_norm=0.2797, Final_scale=3.5754
🚀 APPLYING GUIDANCE at step 23 (timestep=778)
🎯 GUIDANCE STEP 23 (t=778): Loss=0.5947, Rho=2.953760, Grad_norm=0.3386, Final_scale=2.9538
🚀 APPLYING GUIDANCE at step 24 (timestep=764)
🎯 GUIDANCE STEP 24 (t=764): Loss=0.5933, Rho=5.611201, Grad_norm=0.1782, Final_scale=5.6112
🚀 APPLYING GUIDANCE at step 25 (timestep=749)
🎯 GUIDANCE STEP 25 (t=749): Loss=0.5986, Rho=3.597451, Grad_norm=0.2780, Final_scale=3.5975
🚀 APPLYING GUIDANCE at step 26 (timestep=734)
🎯 GUIDANCE STEP 26 (t=734): Loss=0.5972, Rho=6.403790, Grad_norm=0.1562, Final_scale=6.4038
🚀 APPLYING GUIDANCE at step 27 (timestep=718)
🎯 GUIDANCE STEP 27 (t=718): Loss=0.5972, Rho=9.103347, Grad_norm=0.1098, Final_scale=9.1033
🚀 APPLYING GUIDANCE at step 28 (timestep=701)
🎯 GUIDANCE STEP 28 (t=701): Loss=0.5967, Rho=6.091958, Grad_norm=0.1642, Final_scale=6.0920
🚀 APPLYING GUIDANCE at step 29 (timestep=684)
🎯 GUIDANCE STEP 29 (t=684): Loss=0.5952, Rho=7.944249, Grad_norm=0.1259, Final_scale=7.9442
🚀 APPLYING GUIDANCE at step 30 (timestep=666)
🎯 GUIDANCE STEP 30 (t=666): Loss=0.6021, Rho=6.050333, Grad_norm=0.1653, Final_scale=6.0503
🚀 APPLYING GUIDANCE at step 31 (timestep=647)
🎯 GUIDANCE STEP 31 (t=647): Loss=0.5981, Rho=2.799740, Grad_norm=0.3572, Final_scale=2.7997
🚀 APPLYING GUIDANCE at step 32 (timestep=627)
🎯 GUIDANCE STEP 32 (t=627): Loss=0.5957, Rho=5.705525, Grad_norm=0.1753, Final_scale=5.7055
🚀 APPLYING GUIDANCE at step 33 (timestep=606)
🎯 GUIDANCE STEP 33 (t=606): Loss=0.5972, Rho=7.190047, Grad_norm=0.1391, Final_scale=7.1900
🚀 APPLYING GUIDANCE at step 34 (timestep=585)
🎯 GUIDANCE STEP 34 (t=585): Loss=0.5942, Rho=4.871785, Grad_norm=0.2053, Final_scale=4.8718
🚀 APPLYING GUIDANCE at step 35 (timestep=562)
🎯 GUIDANCE STEP 35 (t=562): Loss=0.5957, Rho=7.419116, Grad_norm=0.1348, Final_scale=7.4191
🚀 APPLYING GUIDANCE at step 36 (timestep=538)
🎯 GUIDANCE STEP 36 (t=538): Loss=0.5986, Rho=8.014021, Grad_norm=0.1248, Final_scale=8.0140
🚀 APPLYING GUIDANCE at step 37 (timestep=512)
🎯 GUIDANCE STEP 37 (t=512): Loss=0.5972, Rho=11.704437, Grad_norm=0.0854, Final_scale=11.7044
🚀 APPLYING GUIDANCE at step 38 (timestep=486)
🎯 GUIDANCE STEP 38 (t=486): Loss=0.5957, Rho=9.845849, Grad_norm=0.1016, Final_scale=9.8458
🚀 APPLYING GUIDANCE at step 39 (timestep=458)
🎯 GUIDANCE STEP 39 (t=458): Loss=0.5967, Rho=4.294549, Grad_norm=0.2329, Final_scale=4.2945
🚀 APPLYING GUIDANCE at step 40 (timestep=428)
🎯 GUIDANCE STEP 40 (t=428): Loss=0.5981, Rho=5.271082, Grad_norm=0.1897, Final_scale=5.2711
🚀 APPLYING GUIDANCE at step 41 (timestep=396)
🎯 GUIDANCE STEP 41 (t=396): Loss=0.5957, Rho=16.276594, Grad_norm=0.0614, Final_scale=16.2766
🚀 APPLYING GUIDANCE at step 42 (timestep=363)
🎯 GUIDANCE STEP 42 (t=363): Loss=0.5957, Rho=16.206409, Grad_norm=0.0617, Final_scale=16.2064
🚀 APPLYING GUIDANCE at step 43 (timestep=327)
🎯 GUIDANCE STEP 43 (t=327): Loss=0.5957, Rho=13.377081, Grad_norm=0.0748, Final_scale=13.3771
🚀 APPLYING GUIDANCE at step 44 (timestep=290)
🎯 GUIDANCE STEP 44 (t=290): Loss=0.5957, Rho=19.447542, Grad_norm=0.0514, Final_scale=19.4475
🚀 APPLYING GUIDANCE at step 45 (timestep=249)
🎯 GUIDANCE STEP 45 (t=249): Loss=0.5947, Rho=21.630142, Grad_norm=0.0462, Final_scale=21.6301
🚀 APPLYING GUIDANCE at step 46 (timestep=206)
🎯 GUIDANCE STEP 46 (t=206): Loss=0.5957, Rho=28.026821, Grad_norm=0.0357, Final_scale=28.0268
🚀 APPLYING GUIDANCE at step 47 (timestep=160)
🎯 GUIDANCE STEP 47 (t=160): Loss=0.5947, Rho=7.331072, Grad_norm=0.1364, Final_scale=7.3311
🚀 APPLYING GUIDANCE at step 48 (timestep=111)
🎯 GUIDANCE STEP 48 (t=111): Loss=0.5957, Rho=24.904884, Grad_norm=0.0402, Final_scale=24.9049
🚀 APPLYING GUIDANCE at step 49 (timestep=57)
🎯 GUIDANCE STEP 49 (t=57): Loss=0.5898, Rho=18.021202, Grad_norm=0.0555, Final_scale=18.0212
[guidance_f17_s50_w8c6_rho1.0_cfg5.0_0701_1448] Generated: generated_videos/subject_consistency/guidance_f17_s50_w8c6_rho1.0_cfg5.0_0701_1448/007_a_bicycle_leaning_against_a_tree.mp4
[guidance_f17_s50_w8c6_rho1.0_cfg5.0_0701_1448] Generating video 9/9 (guidance): a bicycle gliding through a snowy field
🎬 STARTING GUIDANCE PIPELINE GENERATION
   Frames: 17, Steps: 50, CFG Scale: 5.0

🔧 GUIDANCE PIPELINE CONFIGURATION:
   Guidance range: 0 - 1001
   Rho scale: 1.0
   V-JEPA kernel_size: 8
   V-JEPA context_length: 6
   V-JEPA stride: 2
   V-JEPA mode: max
   Total timesteps: 50

🚀 APPLYING GUIDANCE at step 0 (timestep=999)
🎯 GUIDANCE STEP 0 (t=999): Loss=0.6035, Rho=21.422844, Grad_norm=0.0467, Final_scale=21.4228
🚀 APPLYING GUIDANCE at step 1 (timestep=992)
🎯 GUIDANCE STEP 1 (t=992): Loss=0.5449, Rho=19.996058, Grad_norm=0.0500, Final_scale=19.9961
🚀 APPLYING GUIDANCE at step 2 (timestep=985)
🎯 GUIDANCE STEP 2 (t=985): Loss=0.5596, Rho=17.052208, Grad_norm=0.0586, Final_scale=17.0522
🚀 APPLYING GUIDANCE at step 3 (timestep=978)
🎯 GUIDANCE STEP 3 (t=978): Loss=0.5762, Rho=12.970530, Grad_norm=0.0771, Final_scale=12.9705
🚀 APPLYING GUIDANCE at step 4 (timestep=971)
🎯 GUIDANCE STEP 4 (t=971): Loss=0.5767, Rho=29.100676, Grad_norm=0.0344, Final_scale=29.1007
🚀 APPLYING GUIDANCE at step 5 (timestep=963)
🎯 GUIDANCE STEP 5 (t=963): Loss=0.5762, Rho=16.962105, Grad_norm=0.0590, Final_scale=16.9621
🚀 APPLYING GUIDANCE at step 6 (timestep=956)
🎯 GUIDANCE STEP 6 (t=956): Loss=0.5850, Rho=15.332752, Grad_norm=0.0652, Final_scale=15.3328
🚀 APPLYING GUIDANCE at step 7 (timestep=948)
🎯 GUIDANCE STEP 7 (t=948): Loss=0.5859, Rho=8.353385, Grad_norm=0.1197, Final_scale=8.3534
🚀 APPLYING GUIDANCE at step 8 (timestep=939)
🎯 GUIDANCE STEP 8 (t=939): Loss=0.5918, Rho=10.196450, Grad_norm=0.0981, Final_scale=10.1965
🚀 APPLYING GUIDANCE at step 9 (timestep=931)
🎯 GUIDANCE STEP 9 (t=931): Loss=0.6001, Rho=8.230674, Grad_norm=0.1215, Final_scale=8.2307
🚀 APPLYING GUIDANCE at step 10 (timestep=922)
🎯 GUIDANCE STEP 10 (t=922): Loss=0.5972, Rho=4.974088, Grad_norm=0.2010, Final_scale=4.9741
🚀 APPLYING GUIDANCE at step 11 (timestep=913)
🎯 GUIDANCE STEP 11 (t=913): Loss=0.6089, Rho=9.774757, Grad_norm=0.1023, Final_scale=9.7748
🚀 APPLYING GUIDANCE at step 12 (timestep=904)
🎯 GUIDANCE STEP 12 (t=904): Loss=0.6226, Rho=7.191613, Grad_norm=0.1391, Final_scale=7.1916
🚀 APPLYING GUIDANCE at step 13 (timestep=894)
🎯 GUIDANCE STEP 13 (t=894): Loss=0.6230, Rho=7.249465, Grad_norm=0.1379, Final_scale=7.2495
🚀 APPLYING GUIDANCE at step 14 (timestep=884)
🎯 GUIDANCE STEP 14 (t=884): Loss=0.6172, Rho=7.863159, Grad_norm=0.1272, Final_scale=7.8632
🚀 APPLYING GUIDANCE at step 15 (timestep=874)
🎯 GUIDANCE STEP 15 (t=874): Loss=0.6211, Rho=7.193364, Grad_norm=0.1390, Final_scale=7.1934
🚀 APPLYING GUIDANCE at step 16 (timestep=864)
🎯 GUIDANCE STEP 16 (t=864): Loss=0.6230, Rho=5.263925, Grad_norm=0.1900, Final_scale=5.2639
🚀 APPLYING GUIDANCE at step 17 (timestep=853)
🎯 GUIDANCE STEP 17 (t=853): Loss=0.6206, Rho=4.328151, Grad_norm=0.2310, Final_scale=4.3282
🚀 APPLYING GUIDANCE at step 18 (timestep=841)
🎯 GUIDANCE STEP 18 (t=841): Loss=0.6255, Rho=6.641726, Grad_norm=0.1506, Final_scale=6.6417
🚀 APPLYING GUIDANCE at step 19 (timestep=829)
🎯 GUIDANCE STEP 19 (t=829): Loss=0.6206, Rho=9.412425, Grad_norm=0.1062, Final_scale=9.4124
🚀 APPLYING GUIDANCE at step 20 (timestep=817)
🎯 GUIDANCE STEP 20 (t=817): Loss=0.6172, Rho=2.537881, Grad_norm=0.3940, Final_scale=2.5379
🚀 APPLYING GUIDANCE at step 21 (timestep=805)
🎯 GUIDANCE STEP 21 (t=805): Loss=0.6128, Rho=9.984796, Grad_norm=0.1002, Final_scale=9.9848
🚀 APPLYING GUIDANCE at step 22 (timestep=792)
🎯 GUIDANCE STEP 22 (t=792): Loss=0.6133, Rho=6.043673, Grad_norm=0.1655, Final_scale=6.0437
🚀 APPLYING GUIDANCE at step 23 (timestep=778)
🎯 GUIDANCE STEP 23 (t=778): Loss=0.6182, Rho=9.742241, Grad_norm=0.1026, Final_scale=9.7422
🚀 APPLYING GUIDANCE at step 24 (timestep=764)
🎯 GUIDANCE STEP 24 (t=764): Loss=0.6187, Rho=8.278141, Grad_norm=0.1208, Final_scale=8.2781
🚀 APPLYING GUIDANCE at step 25 (timestep=749)
🎯 GUIDANCE STEP 25 (t=749): Loss=0.6201, Rho=9.251079, Grad_norm=0.1081, Final_scale=9.2511
🚀 APPLYING GUIDANCE at step 26 (timestep=734)
🎯 GUIDANCE STEP 26 (t=734): Loss=0.6172, Rho=5.672290, Grad_norm=0.1763, Final_scale=5.6723
🚀 APPLYING GUIDANCE at step 27 (timestep=718)
🎯 GUIDANCE STEP 27 (t=718): Loss=0.6123, Rho=6.766456, Grad_norm=0.1478, Final_scale=6.7665
🚀 APPLYING GUIDANCE at step 28 (timestep=701)
🎯 GUIDANCE STEP 28 (t=701): Loss=0.6118, Rho=5.412987, Grad_norm=0.1847, Final_scale=5.4130
🚀 APPLYING GUIDANCE at step 29 (timestep=684)
🎯 GUIDANCE STEP 29 (t=684): Loss=0.6108, Rho=3.146204, Grad_norm=0.3178, Final_scale=3.1462
🚀 APPLYING GUIDANCE at step 30 (timestep=666)
🎯 GUIDANCE STEP 30 (t=666): Loss=0.6089, Rho=7.533543, Grad_norm=0.1327, Final_scale=7.5335
🚀 APPLYING GUIDANCE at step 31 (timestep=647)
🎯 GUIDANCE STEP 31 (t=647): Loss=0.6074, Rho=6.620113, Grad_norm=0.1511, Final_scale=6.6201
🚀 APPLYING GUIDANCE at step 32 (timestep=627)
🎯 GUIDANCE STEP 32 (t=627): Loss=0.6108, Rho=2.939286, Grad_norm=0.3402, Final_scale=2.9393
🚀 APPLYING GUIDANCE at step 33 (timestep=606)
🎯 GUIDANCE STEP 33 (t=606): Loss=0.6089, Rho=8.063066, Grad_norm=0.1240, Final_scale=8.0631
🚀 APPLYING GUIDANCE at step 34 (timestep=585)
🎯 GUIDANCE STEP 34 (t=585): Loss=0.6079, Rho=7.521987, Grad_norm=0.1329, Final_scale=7.5220
🚀 APPLYING GUIDANCE at step 35 (timestep=562)
🎯 GUIDANCE STEP 35 (t=562): Loss=0.6055, Rho=5.759446, Grad_norm=0.1736, Final_scale=5.7594
🚀 APPLYING GUIDANCE at step 36 (timestep=538)
🎯 GUIDANCE STEP 36 (t=538): Loss=0.6064, Rho=8.052923, Grad_norm=0.1242, Final_scale=8.0529
🚀 APPLYING GUIDANCE at step 37 (timestep=512)
🎯 GUIDANCE STEP 37 (t=512): Loss=0.6079, Rho=15.373241, Grad_norm=0.0650, Final_scale=15.3732
🚀 APPLYING GUIDANCE at step 38 (timestep=486)
🎯 GUIDANCE STEP 38 (t=486): Loss=0.6069, Rho=7.673977, Grad_norm=0.1303, Final_scale=7.6740
🚀 APPLYING GUIDANCE at step 39 (timestep=458)
🎯 GUIDANCE STEP 39 (t=458): Loss=0.6060, Rho=6.619569, Grad_norm=0.1511, Final_scale=6.6196
🚀 APPLYING GUIDANCE at step 40 (timestep=428)
🎯 GUIDANCE STEP 40 (t=428): Loss=0.6079, Rho=14.096891, Grad_norm=0.0709, Final_scale=14.0969
🚀 APPLYING GUIDANCE at step 41 (timestep=396)
🎯 GUIDANCE STEP 41 (t=396): Loss=0.6089, Rho=4.108404, Grad_norm=0.2434, Final_scale=4.1084
🚀 APPLYING GUIDANCE at step 42 (timestep=363)
🎯 GUIDANCE STEP 42 (t=363): Loss=0.6055, Rho=1.909176, Grad_norm=0.5238, Final_scale=1.9092
🚀 APPLYING GUIDANCE at step 43 (timestep=327)
🎯 GUIDANCE STEP 43 (t=327): Loss=0.6069, Rho=13.368888, Grad_norm=0.0748, Final_scale=13.3689
🚀 APPLYING GUIDANCE at step 44 (timestep=290)
🎯 GUIDANCE STEP 44 (t=290): Loss=0.6040, Rho=13.406751, Grad_norm=0.0746, Final_scale=13.4068
🚀 APPLYING GUIDANCE at step 45 (timestep=249)
🎯 GUIDANCE STEP 45 (t=249): Loss=0.6035, Rho=13.894404, Grad_norm=0.0720, Final_scale=13.8944
🚀 APPLYING GUIDANCE at step 46 (timestep=206)
🎯 GUIDANCE STEP 46 (t=206): Loss=0.6035, Rho=22.482100, Grad_norm=0.0445, Final_scale=22.4821
🚀 APPLYING GUIDANCE at step 47 (timestep=160)
🎯 GUIDANCE STEP 47 (t=160): Loss=0.6060, Rho=11.911605, Grad_norm=0.0840, Final_scale=11.9116
🚀 APPLYING GUIDANCE at step 48 (timestep=111)
🎯 GUIDANCE STEP 48 (t=111): Loss=0.6045, Rho=8.223063, Grad_norm=0.1216, Final_scale=8.2231
🚀 APPLYING GUIDANCE at step 49 (timestep=57)
🎯 GUIDANCE STEP 49 (t=57): Loss=0.6055, Rho=12.315407, Grad_norm=0.0812, Final_scale=12.3154
[guidance_f17_s50_w8c6_rho1.0_cfg5.0_0701_1448] Generated: generated_videos/subject_consistency/guidance_f17_s50_w8c6_rho1.0_cfg5.0_0701_1448/008_a_bear_catching_a_salmon_in_its_powerful_jaws.mp4
[guidance_f17_s50_w8c6_rho1.0_cfg5.0_0701_1448] Experiment completed! Results saved to: generated_videos/subject_consistency/guidance_f17_s50_w8c6_rho1.0_cfg5.0_0701_1448
🚀 APPLYING GUIDANCE at step 0 (timestep=999)
🎯 GUIDANCE STEP 0 (t=999): Loss=0.6016, Rho=26.632387, Grad_norm=0.0375, Final_scale=26.6324
🚀 APPLYING GUIDANCE at step 1 (timestep=992)
🎯 GUIDANCE STEP 1 (t=992): Loss=0.5522, Rho=14.544459, Grad_norm=0.0688, Final_scale=14.5445
🚀 APPLYING GUIDANCE at step 2 (timestep=985)
🎯 GUIDANCE STEP 2 (t=985): Loss=0.5576, Rho=20.754827, Grad_norm=0.0482, Final_scale=20.7548
🚀 APPLYING GUIDANCE at step 3 (timestep=978)
🎯 GUIDANCE STEP 3 (t=978): Loss=0.5645, Rho=10.541089, Grad_norm=0.0949, Final_scale=10.5411
🚀 APPLYING GUIDANCE at step 4 (timestep=971)
🎯 GUIDANCE STEP 4 (t=971): Loss=0.5815, Rho=16.906757, Grad_norm=0.0591, Final_scale=16.9068
🚀 APPLYING GUIDANCE at step 5 (timestep=963)
🎯 GUIDANCE STEP 5 (t=963): Loss=0.5942, Rho=11.756454, Grad_norm=0.0851, Final_scale=11.7565
🚀 APPLYING GUIDANCE at step 6 (timestep=956)
🎯 GUIDANCE STEP 6 (t=956): Loss=0.5928, Rho=4.609229, Grad_norm=0.2170, Final_scale=4.6092
🚀 APPLYING GUIDANCE at step 7 (timestep=948)
🎯 GUIDANCE STEP 7 (t=948): Loss=0.6113, Rho=5.295249, Grad_norm=0.1888, Final_scale=5.2952
🚀 APPLYING GUIDANCE at step 8 (timestep=939)
🎯 GUIDANCE STEP 8 (t=939): Loss=0.6230, Rho=7.324791, Grad_norm=0.1365, Final_scale=7.3248
🚀 APPLYING GUIDANCE at step 9 (timestep=931)
🎯 GUIDANCE STEP 9 (t=931): Loss=0.6230, Rho=7.836864, Grad_norm=0.1276, Final_scale=7.8369
🚀 APPLYING GUIDANCE at step 10 (timestep=922)
🎯 GUIDANCE STEP 10 (t=922): Loss=0.6113, Rho=7.447925, Grad_norm=0.1343, Final_scale=7.4479
🚀 APPLYING GUIDANCE at step 11 (timestep=913)
🎯 GUIDANCE STEP 11 (t=913): Loss=0.6147, Rho=7.441923, Grad_norm=0.1344, Final_scale=7.4419
🚀 APPLYING GUIDANCE at step 12 (timestep=904)
🎯 GUIDANCE STEP 12 (t=904): Loss=0.6206, Rho=4.626624, Grad_norm=0.2161, Final_scale=4.6266
🚀 APPLYING GUIDANCE at step 13 (timestep=894)
🎯 GUIDANCE STEP 13 (t=894): Loss=0.6221, Rho=5.583786, Grad_norm=0.1791, Final_scale=5.5838
🚀 APPLYING GUIDANCE at step 14 (timestep=884)
🎯 GUIDANCE STEP 14 (t=884): Loss=0.6230, Rho=6.255088, Grad_norm=0.1599, Final_scale=6.2551
🚀 APPLYING GUIDANCE at step 15 (timestep=874)
🎯 GUIDANCE STEP 15 (t=874): Loss=0.6240, Rho=3.931387, Grad_norm=0.2544, Final_scale=3.9314
🚀 APPLYING GUIDANCE at step 16 (timestep=864)
🎯 GUIDANCE STEP 16 (t=864): Loss=0.6206, Rho=8.196813, Grad_norm=0.1220, Final_scale=8.1968
🚀 APPLYING GUIDANCE at step 17 (timestep=853)
🎯 GUIDANCE STEP 17 (t=853): Loss=0.6245, Rho=6.021843, Grad_norm=0.1661, Final_scale=6.0218
🚀 APPLYING GUIDANCE at step 18 (timestep=841)
🎯 GUIDANCE STEP 18 (t=841): Loss=0.6221, Rho=8.940301, Grad_norm=0.1119, Final_scale=8.9403
🚀 APPLYING GUIDANCE at step 19 (timestep=829)
🎯 GUIDANCE STEP 19 (t=829): Loss=0.6265, Rho=2.431035, Grad_norm=0.4113, Final_scale=2.4310
🚀 APPLYING GUIDANCE at step 20 (timestep=817)
🎯 GUIDANCE STEP 20 (t=817): Loss=0.6187, Rho=5.975139, Grad_norm=0.1674, Final_scale=5.9751
🚀 APPLYING GUIDANCE at step 21 (timestep=805)
🎯 GUIDANCE STEP 21 (t=805): Loss=0.6172, Rho=4.901766, Grad_norm=0.2040, Final_scale=4.9018
🚀 APPLYING GUIDANCE at step 22 (timestep=792)
🎯 GUIDANCE STEP 22 (t=792): Loss=0.6226, Rho=4.566907, Grad_norm=0.2190, Final_scale=4.5669
🚀 APPLYING GUIDANCE at step 23 (timestep=778)
🎯 GUIDANCE STEP 23 (t=778): Loss=0.6138, Rho=3.591858, Grad_norm=0.2784, Final_scale=3.5919
🚀 APPLYING GUIDANCE at step 24 (timestep=764)
🎯 GUIDANCE STEP 24 (t=764): Loss=0.6191, Rho=5.036284, Grad_norm=0.1986, Final_scale=5.0363
🚀 APPLYING GUIDANCE at step 25 (timestep=749)
🎯 GUIDANCE STEP 25 (t=749): Loss=0.6147, Rho=5.615277, Grad_norm=0.1781, Final_scale=5.6153
🚀 APPLYING GUIDANCE at step 26 (timestep=734)
🎯 GUIDANCE STEP 26 (t=734): Loss=0.6123, Rho=3.770915, Grad_norm=0.2652, Final_scale=3.7709
🚀 APPLYING GUIDANCE at step 27 (timestep=718)
🎯 GUIDANCE STEP 27 (t=718): Loss=0.6084, Rho=5.098185, Grad_norm=0.1961, Final_scale=5.0982
🚀 APPLYING GUIDANCE at step 28 (timestep=701)
🎯 GUIDANCE STEP 28 (t=701): Loss=0.6074, Rho=9.720303, Grad_norm=0.1029, Final_scale=9.7203
🚀 APPLYING GUIDANCE at step 29 (timestep=684)
🎯 GUIDANCE STEP 29 (t=684): Loss=0.6123, Rho=8.114837, Grad_norm=0.1232, Final_scale=8.1148
🚀 APPLYING GUIDANCE at step 30 (timestep=666)
🎯 GUIDANCE STEP 30 (t=666): Loss=0.6143, Rho=6.922585, Grad_norm=0.1445, Final_scale=6.9226
🚀 APPLYING GUIDANCE at step 31 (timestep=647)
🎯 GUIDANCE STEP 31 (t=647): Loss=0.6147, Rho=1.856720, Grad_norm=0.5386, Final_scale=1.8567
🚀 APPLYING GUIDANCE at step 32 (timestep=627)
🎯 GUIDANCE STEP 32 (t=627): Loss=0.6113, Rho=8.910243, Grad_norm=0.1122, Final_scale=8.9102
🚀 APPLYING GUIDANCE at step 33 (timestep=606)
🎯 GUIDANCE STEP 33 (t=606): Loss=0.6123, Rho=6.219212, Grad_norm=0.1608, Final_scale=6.2192
🚀 APPLYING GUIDANCE at step 34 (timestep=585)
🎯 GUIDANCE STEP 34 (t=585): Loss=0.6152, Rho=10.746203, Grad_norm=0.0931, Final_scale=10.7462
🚀 APPLYING GUIDANCE at step 35 (timestep=562)
🎯 GUIDANCE STEP 35 (t=562): Loss=0.6133, Rho=12.114012, Grad_norm=0.0825, Final_scale=12.1140
🚀 APPLYING GUIDANCE at step 36 (timestep=538)
🎯 GUIDANCE STEP 36 (t=538): Loss=0.6113, Rho=23.764753, Grad_norm=0.0421, Final_scale=23.7648
🚀 APPLYING GUIDANCE at step 37 (timestep=512)
🎯 GUIDANCE STEP 37 (t=512): Loss=0.6138, Rho=11.601664, Grad_norm=0.0862, Final_scale=11.6017
🚀 APPLYING GUIDANCE at step 38 (timestep=486)
🎯 GUIDANCE STEP 38 (t=486): Loss=0.6143, Rho=23.120831, Grad_norm=0.0433, Final_scale=23.1208
🚀 APPLYING GUIDANCE at step 39 (timestep=458)
🎯 GUIDANCE STEP 39 (t=458): Loss=0.6167, Rho=19.300467, Grad_norm=0.0518, Final_scale=19.3005
🚀 APPLYING GUIDANCE at step 40 (timestep=428)
🎯 GUIDANCE STEP 40 (t=428): Loss=0.6157, Rho=10.857947, Grad_norm=0.0921, Final_scale=10.8579
🚀 APPLYING GUIDANCE at step 41 (timestep=396)
🎯 GUIDANCE STEP 41 (t=396): Loss=0.6128, Rho=17.039532, Grad_norm=0.0587, Final_scale=17.0395
🚀 APPLYING GUIDANCE at step 42 (timestep=363)
🎯 GUIDANCE STEP 42 (t=363): Loss=0.6157, Rho=26.257524, Grad_norm=0.0381, Final_scale=26.2575
🚀 APPLYING GUIDANCE at step 43 (timestep=327)
🎯 GUIDANCE STEP 43 (t=327): Loss=0.6143, Rho=36.308659, Grad_norm=0.0275, Final_scale=36.3087
🚀 APPLYING GUIDANCE at step 44 (timestep=290)
🎯 GUIDANCE STEP 44 (t=290): Loss=0.6123, Rho=19.676533, Grad_norm=0.0508, Final_scale=19.6765
🚀 APPLYING GUIDANCE at step 45 (timestep=249)
🎯 GUIDANCE STEP 45 (t=249): Loss=0.6143, Rho=21.039709, Grad_norm=0.0475, Final_scale=21.0397
🚀 APPLYING GUIDANCE at step 46 (timestep=206)
🎯 GUIDANCE STEP 46 (t=206): Loss=0.6152, Rho=33.425739, Grad_norm=0.0299, Final_scale=33.4257
🚀 APPLYING GUIDANCE at step 47 (timestep=160)
🎯 GUIDANCE STEP 47 (t=160): Loss=0.6108, Rho=27.618559, Grad_norm=0.0362, Final_scale=27.6186
🚀 APPLYING GUIDANCE at step 48 (timestep=111)
🎯 GUIDANCE STEP 48 (t=111): Loss=0.6104, Rho=18.071541, Grad_norm=0.0553, Final_scale=18.0715
🚀 APPLYING GUIDANCE at step 49 (timestep=57)
🎯 GUIDANCE STEP 49 (t=57): Loss=0.6084, Rho=9.878823, Grad_norm=0.1012, Final_scale=9.8788
[guidance_f17_s50_w8c6_rho1.0_cfg5.0_0701_1448] Generated: generated_videos/subject_consistency/guidance_f17_s50_w8c6_rho1.0_cfg5.0_0701_1448/008_a_motorcycle_slowing_down_to_stop.mp4
[guidance_f17_s50_w8c6_rho1.0_cfg5.0_0701_1448] Experiment completed! Results saved to: generated_videos/subject_consistency/guidance_f17_s50_w8c6_rho1.0_cfg5.0_0701_1448
🚀 APPLYING GUIDANCE at step 0 (timestep=999)
🎯 GUIDANCE STEP 0 (t=999): Loss=0.5508, Rho=52.720612, Grad_norm=0.0190, Final_scale=52.7206
🚀 APPLYING GUIDANCE at step 1 (timestep=992)
🎯 GUIDANCE STEP 1 (t=992): Loss=0.5552, Rho=26.439354, Grad_norm=0.0378, Final_scale=26.4394
🚀 APPLYING GUIDANCE at step 2 (timestep=985)
🎯 GUIDANCE STEP 2 (t=985): Loss=0.5483, Rho=38.865170, Grad_norm=0.0257, Final_scale=38.8652
🚀 APPLYING GUIDANCE at step 3 (timestep=978)
🎯 GUIDANCE STEP 3 (t=978): Loss=0.5552, Rho=15.691408, Grad_norm=0.0637, Final_scale=15.6914
🚀 APPLYING GUIDANCE at step 4 (timestep=971)
🎯 GUIDANCE STEP 4 (t=971): Loss=0.5400, Rho=25.941277, Grad_norm=0.0385, Final_scale=25.9413
🚀 APPLYING GUIDANCE at step 5 (timestep=963)
🎯 GUIDANCE STEP 5 (t=963): Loss=0.5391, Rho=20.955343, Grad_norm=0.0477, Final_scale=20.9553
🚀 APPLYING GUIDANCE at step 6 (timestep=956)
🎯 GUIDANCE STEP 6 (t=956): Loss=0.5405, Rho=10.413201, Grad_norm=0.0960, Final_scale=10.4132
🚀 APPLYING GUIDANCE at step 7 (timestep=948)
🎯 GUIDANCE STEP 7 (t=948): Loss=0.5439, Rho=18.860962, Grad_norm=0.0530, Final_scale=18.8610
🚀 APPLYING GUIDANCE at step 8 (timestep=939)
🎯 GUIDANCE STEP 8 (t=939): Loss=0.5483, Rho=11.243082, Grad_norm=0.0889, Final_scale=11.2431
🚀 APPLYING GUIDANCE at step 9 (timestep=931)
🎯 GUIDANCE STEP 9 (t=931): Loss=0.5454, Rho=11.753272, Grad_norm=0.0851, Final_scale=11.7533
🚀 APPLYING GUIDANCE at step 10 (timestep=922)
🎯 GUIDANCE STEP 10 (t=922): Loss=0.5615, Rho=13.139536, Grad_norm=0.0761, Final_scale=13.1395
🚀 APPLYING GUIDANCE at step 11 (timestep=913)
🎯 GUIDANCE STEP 11 (t=913): Loss=0.5654, Rho=16.574554, Grad_norm=0.0603, Final_scale=16.5746
🚀 APPLYING GUIDANCE at step 12 (timestep=904)
🎯 GUIDANCE STEP 12 (t=904): Loss=0.5669, Rho=12.379847, Grad_norm=0.0808, Final_scale=12.3798
🚀 APPLYING GUIDANCE at step 13 (timestep=894)
🎯 GUIDANCE STEP 13 (t=894): Loss=0.5723, Rho=10.406888, Grad_norm=0.0961, Final_scale=10.4069
🚀 APPLYING GUIDANCE at step 14 (timestep=884)
🎯 GUIDANCE STEP 14 (t=884): Loss=0.5801, Rho=12.340556, Grad_norm=0.0810, Final_scale=12.3406
🚀 APPLYING GUIDANCE at step 15 (timestep=874)
🎯 GUIDANCE STEP 15 (t=874): Loss=0.5757, Rho=5.692405, Grad_norm=0.1757, Final_scale=5.6924
🚀 APPLYING GUIDANCE at step 16 (timestep=864)
🎯 GUIDANCE STEP 16 (t=864): Loss=0.5854, Rho=12.082562, Grad_norm=0.0828, Final_scale=12.0826
🚀 APPLYING GUIDANCE at step 17 (timestep=853)
🎯 GUIDANCE STEP 17 (t=853): Loss=0.5796, Rho=10.276347, Grad_norm=0.0973, Final_scale=10.2763
🚀 APPLYING GUIDANCE at step 18 (timestep=841)
🎯 GUIDANCE STEP 18 (t=841): Loss=0.5737, Rho=7.824334, Grad_norm=0.1278, Final_scale=7.8243
🚀 APPLYING GUIDANCE at step 19 (timestep=829)
🎯 GUIDANCE STEP 19 (t=829): Loss=0.5796, Rho=12.631624, Grad_norm=0.0792, Final_scale=12.6316
🚀 APPLYING GUIDANCE at step 20 (timestep=817)
🎯 GUIDANCE STEP 20 (t=817): Loss=0.5732, Rho=15.156412, Grad_norm=0.0660, Final_scale=15.1564
🚀 APPLYING GUIDANCE at step 21 (timestep=805)
🎯 GUIDANCE STEP 21 (t=805): Loss=0.5820, Rho=8.535576, Grad_norm=0.1172, Final_scale=8.5356
🚀 APPLYING GUIDANCE at step 22 (timestep=792)
🎯 GUIDANCE STEP 22 (t=792): Loss=0.5776, Rho=8.003667, Grad_norm=0.1249, Final_scale=8.0037
🚀 APPLYING GUIDANCE at step 23 (timestep=778)
🎯 GUIDANCE STEP 23 (t=778): Loss=0.5791, Rho=8.610528, Grad_norm=0.1161, Final_scale=8.6105
🚀 APPLYING GUIDANCE at step 24 (timestep=764)
🎯 GUIDANCE STEP 24 (t=764): Loss=0.5830, Rho=6.073474, Grad_norm=0.1647, Final_scale=6.0735
🚀 APPLYING GUIDANCE at step 25 (timestep=749)
🎯 GUIDANCE STEP 25 (t=749): Loss=0.5854, Rho=11.333282, Grad_norm=0.0882, Final_scale=11.3333
🚀 APPLYING GUIDANCE at step 26 (timestep=734)
🎯 GUIDANCE STEP 26 (t=734): Loss=0.5815, Rho=3.687654, Grad_norm=0.2712, Final_scale=3.6877
🚀 APPLYING GUIDANCE at step 27 (timestep=718)
🎯 GUIDANCE STEP 27 (t=718): Loss=0.5884, Rho=7.382530, Grad_norm=0.1355, Final_scale=7.3825
🚀 APPLYING GUIDANCE at step 28 (timestep=701)
🎯 GUIDANCE STEP 28 (t=701): Loss=0.5854, Rho=12.239373, Grad_norm=0.0817, Final_scale=12.2394
🚀 APPLYING GUIDANCE at step 29 (timestep=684)
🎯 GUIDANCE STEP 29 (t=684): Loss=0.5811, Rho=1.630674, Grad_norm=0.6132, Final_scale=1.6307
🚀 APPLYING GUIDANCE at step 30 (timestep=666)
🎯 GUIDANCE STEP 30 (t=666): Loss=0.5801, Rho=1.741588, Grad_norm=0.5742, Final_scale=1.7416
🚀 APPLYING GUIDANCE at step 31 (timestep=647)
🎯 GUIDANCE STEP 31 (t=647): Loss=0.5830, Rho=6.505272, Grad_norm=0.1537, Final_scale=6.5053
🚀 APPLYING GUIDANCE at step 32 (timestep=627)
🎯 GUIDANCE STEP 32 (t=627): Loss=0.5869, Rho=7.048841, Grad_norm=0.1419, Final_scale=7.0488
🚀 APPLYING GUIDANCE at step 33 (timestep=606)
🎯 GUIDANCE STEP 33 (t=606): Loss=0.5845, Rho=3.957772, Grad_norm=0.2527, Final_scale=3.9578
🚀 APPLYING GUIDANCE at step 34 (timestep=585)
🎯 GUIDANCE STEP 34 (t=585): Loss=0.5830, Rho=10.423774, Grad_norm=0.0959, Final_scale=10.4238
🚀 APPLYING GUIDANCE at step 35 (timestep=562)
🎯 GUIDANCE STEP 35 (t=562): Loss=0.5811, Rho=16.110136, Grad_norm=0.0621, Final_scale=16.1101
🚀 APPLYING GUIDANCE at step 36 (timestep=538)
🎯 GUIDANCE STEP 36 (t=538): Loss=0.5835, Rho=7.477123, Grad_norm=0.1337, Final_scale=7.4771
🚀 APPLYING GUIDANCE at step 37 (timestep=512)
🎯 GUIDANCE STEP 37 (t=512): Loss=0.5845, Rho=2.376295, Grad_norm=0.4208, Final_scale=2.3763
🚀 APPLYING GUIDANCE at step 38 (timestep=486)
🎯 GUIDANCE STEP 38 (t=486): Loss=0.5845, Rho=6.868317, Grad_norm=0.1456, Final_scale=6.8683
🚀 APPLYING GUIDANCE at step 39 (timestep=458)
🎯 GUIDANCE STEP 39 (t=458): Loss=0.5864, Rho=5.362498, Grad_norm=0.1865, Final_scale=5.3625
🚀 APPLYING GUIDANCE at step 40 (timestep=428)
🎯 GUIDANCE STEP 40 (t=428): Loss=0.5864, Rho=6.165423, Grad_norm=0.1622, Final_scale=6.1654
🚀 APPLYING GUIDANCE at step 41 (timestep=396)
🎯 GUIDANCE STEP 41 (t=396): Loss=0.5854, Rho=3.381402, Grad_norm=0.2957, Final_scale=3.3814
🚀 APPLYING GUIDANCE at step 42 (timestep=363)
🎯 GUIDANCE STEP 42 (t=363): Loss=0.5845, Rho=3.327581, Grad_norm=0.3005, Final_scale=3.3276
🚀 APPLYING GUIDANCE at step 43 (timestep=327)
🎯 GUIDANCE STEP 43 (t=327): Loss=0.5869, Rho=7.107907, Grad_norm=0.1407, Final_scale=7.1079
🚀 APPLYING GUIDANCE at step 44 (timestep=290)
🎯 GUIDANCE STEP 44 (t=290): Loss=0.5859, Rho=7.360991, Grad_norm=0.1359, Final_scale=7.3610
🚀 APPLYING GUIDANCE at step 45 (timestep=249)
🎯 GUIDANCE STEP 45 (t=249): Loss=0.5869, Rho=8.579473, Grad_norm=0.1166, Final_scale=8.5795
🚀 APPLYING GUIDANCE at step 46 (timestep=206)
🎯 GUIDANCE STEP 46 (t=206): Loss=0.5850, Rho=4.924351, Grad_norm=0.2031, Final_scale=4.9244
🚀 APPLYING GUIDANCE at step 47 (timestep=160)
🎯 GUIDANCE STEP 47 (t=160): Loss=0.5884, Rho=5.497960, Grad_norm=0.1819, Final_scale=5.4980
🚀 APPLYING GUIDANCE at step 48 (timestep=111)
🎯 GUIDANCE STEP 48 (t=111): Loss=0.5825, Rho=14.337155, Grad_norm=0.0697, Final_scale=14.3372
🚀 APPLYING GUIDANCE at step 49 (timestep=57)
🎯 GUIDANCE STEP 49 (t=57): Loss=0.5845, Rho=9.014026, Grad_norm=0.1109, Final_scale=9.0140
[guidance_f17_s50_w8c6_rho1.0_cfg5.0_0701_1448] Generated: generated_videos/subject_consistency/guidance_f17_s50_w8c6_rho1.0_cfg5.0_0701_1448/008_a_boat_sailing_smoothly_on_a_calm_lake.mp4
[guidance_f17_s50_w8c6_rho1.0_cfg5.0_0701_1448] Experiment completed! Results saved to: generated_videos/subject_consistency/guidance_f17_s50_w8c6_rho1.0_cfg5.0_0701_1448
🚀 APPLYING GUIDANCE at step 0 (timestep=999)
🎯 GUIDANCE STEP 0 (t=999): Loss=0.5381, Rho=19.194252, Grad_norm=0.0521, Final_scale=19.1943
🚀 APPLYING GUIDANCE at step 1 (timestep=992)
🎯 GUIDANCE STEP 1 (t=992): Loss=0.5439, Rho=25.555494, Grad_norm=0.0391, Final_scale=25.5555
🚀 APPLYING GUIDANCE at step 2 (timestep=985)
🎯 GUIDANCE STEP 2 (t=985): Loss=0.5371, Rho=35.831047, Grad_norm=0.0279, Final_scale=35.8310
🚀 APPLYING GUIDANCE at step 3 (timestep=978)
🎯 GUIDANCE STEP 3 (t=978): Loss=0.5356, Rho=8.808394, Grad_norm=0.1135, Final_scale=8.8084
🚀 APPLYING GUIDANCE at step 4 (timestep=971)
🎯 GUIDANCE STEP 4 (t=971): Loss=0.5356, Rho=17.470110, Grad_norm=0.0572, Final_scale=17.4701
🚀 APPLYING GUIDANCE at step 5 (timestep=963)
🎯 GUIDANCE STEP 5 (t=963): Loss=0.5337, Rho=14.474989, Grad_norm=0.0691, Final_scale=14.4750
🚀 APPLYING GUIDANCE at step 6 (timestep=956)
🎯 GUIDANCE STEP 6 (t=956): Loss=0.5371, Rho=19.964815, Grad_norm=0.0501, Final_scale=19.9648
🚀 APPLYING GUIDANCE at step 7 (timestep=948)
🎯 GUIDANCE STEP 7 (t=948): Loss=0.5522, Rho=8.689377, Grad_norm=0.1151, Final_scale=8.6894
🚀 APPLYING GUIDANCE at step 8 (timestep=939)
🎯 GUIDANCE STEP 8 (t=939): Loss=0.5669, Rho=7.063250, Grad_norm=0.1416, Final_scale=7.0633
🚀 APPLYING GUIDANCE at step 9 (timestep=931)
🎯 GUIDANCE STEP 9 (t=931): Loss=0.5679, Rho=5.356814, Grad_norm=0.1867, Final_scale=5.3568
🚀 APPLYING GUIDANCE at step 10 (timestep=922)
🎯 GUIDANCE STEP 10 (t=922): Loss=0.5952, Rho=4.082487, Grad_norm=0.2449, Final_scale=4.0825
🚀 APPLYING GUIDANCE at step 11 (timestep=913)
🎯 GUIDANCE STEP 11 (t=913): Loss=0.5991, Rho=2.082039, Grad_norm=0.4803, Final_scale=2.0820
🚀 APPLYING GUIDANCE at step 12 (timestep=904)
🎯 GUIDANCE STEP 12 (t=904): Loss=0.6040, Rho=1.719008, Grad_norm=0.5817, Final_scale=1.7190
🚀 APPLYING GUIDANCE at step 13 (timestep=894)
🎯 GUIDANCE STEP 13 (t=894): Loss=0.6108, Rho=2.603923, Grad_norm=0.3840, Final_scale=2.6039
🚀 APPLYING GUIDANCE at step 14 (timestep=884)
🎯 GUIDANCE STEP 14 (t=884): Loss=0.6167, Rho=3.022426, Grad_norm=0.3309, Final_scale=3.0224
🚀 APPLYING GUIDANCE at step 15 (timestep=874)
🎯 GUIDANCE STEP 15 (t=874): Loss=0.6177, Rho=4.954934, Grad_norm=0.2018, Final_scale=4.9549
🚀 APPLYING GUIDANCE at step 16 (timestep=864)
🎯 GUIDANCE STEP 16 (t=864): Loss=0.6147, Rho=6.023021, Grad_norm=0.1660, Final_scale=6.0230
🚀 APPLYING GUIDANCE at step 17 (timestep=853)
🎯 GUIDANCE STEP 17 (t=853): Loss=0.6152, Rho=5.071189, Grad_norm=0.1972, Final_scale=5.0712
🚀 APPLYING GUIDANCE at step 18 (timestep=841)
🎯 GUIDANCE STEP 18 (t=841): Loss=0.6084, Rho=3.339733, Grad_norm=0.2994, Final_scale=3.3397
🚀 APPLYING GUIDANCE at step 19 (timestep=829)
🎯 GUIDANCE STEP 19 (t=829): Loss=0.6113, Rho=3.089906, Grad_norm=0.3236, Final_scale=3.0899
🚀 APPLYING GUIDANCE at step 20 (timestep=817)
🎯 GUIDANCE STEP 20 (t=817): Loss=0.6147, Rho=4.250863, Grad_norm=0.2352, Final_scale=4.2509
🚀 APPLYING GUIDANCE at step 21 (timestep=805)
🎯 GUIDANCE STEP 21 (t=805): Loss=0.6230, Rho=3.970985, Grad_norm=0.2518, Final_scale=3.9710
🚀 APPLYING GUIDANCE at step 22 (timestep=792)
🎯 GUIDANCE STEP 22 (t=792): Loss=0.6240, Rho=1.179235, Grad_norm=0.8480, Final_scale=1.1792
🚀 APPLYING GUIDANCE at step 23 (timestep=778)
🎯 GUIDANCE STEP 23 (t=778): Loss=0.6226, Rho=0.977531, Grad_norm=1.0230, Final_scale=0.9775
🚀 APPLYING GUIDANCE at step 24 (timestep=764)
🎯 GUIDANCE STEP 24 (t=764): Loss=0.6221, Rho=1.424666, Grad_norm=0.7019, Final_scale=1.4247
🚀 APPLYING GUIDANCE at step 25 (timestep=749)
🎯 GUIDANCE STEP 25 (t=749): Loss=0.6221, Rho=1.365778, Grad_norm=0.7322, Final_scale=1.3658
🚀 APPLYING GUIDANCE at step 26 (timestep=734)
🎯 GUIDANCE STEP 26 (t=734): Loss=0.6191, Rho=0.698480, Grad_norm=1.4317, Final_scale=0.6985
🚀 APPLYING GUIDANCE at step 27 (timestep=718)
🎯 GUIDANCE STEP 27 (t=718): Loss=0.6182, Rho=4.360854, Grad_norm=0.2293, Final_scale=4.3609
🚀 APPLYING GUIDANCE at step 28 (timestep=701)
🎯 GUIDANCE STEP 28 (t=701): Loss=0.6221, Rho=2.300174, Grad_norm=0.4347, Final_scale=2.3002
🚀 APPLYING GUIDANCE at step 29 (timestep=684)
🎯 GUIDANCE STEP 29 (t=684): Loss=0.6201, Rho=9.938053, Grad_norm=0.1006, Final_scale=9.9381
🚀 APPLYING GUIDANCE at step 30 (timestep=666)
🎯 GUIDANCE STEP 30 (t=666): Loss=0.6177, Rho=3.489646, Grad_norm=0.2866, Final_scale=3.4896
🚀 APPLYING GUIDANCE at step 31 (timestep=647)
🎯 GUIDANCE STEP 31 (t=647): Loss=0.6118, Rho=5.341711, Grad_norm=0.1872, Final_scale=5.3417
🚀 APPLYING GUIDANCE at step 32 (timestep=627)
🎯 GUIDANCE STEP 32 (t=627): Loss=0.6138, Rho=1.286200, Grad_norm=0.7775, Final_scale=1.2862
🚀 APPLYING GUIDANCE at step 33 (timestep=606)
🎯 GUIDANCE STEP 33 (t=606): Loss=0.6128, Rho=6.604036, Grad_norm=0.1514, Final_scale=6.6040
🚀 APPLYING GUIDANCE at step 34 (timestep=585)
🎯 GUIDANCE STEP 34 (t=585): Loss=0.6138, Rho=9.086228, Grad_norm=0.1101, Final_scale=9.0862
🚀 APPLYING GUIDANCE at step 35 (timestep=562)
🎯 GUIDANCE STEP 35 (t=562): Loss=0.6230, Rho=9.619630, Grad_norm=0.1040, Final_scale=9.6196
🚀 APPLYING GUIDANCE at step 36 (timestep=538)
🎯 GUIDANCE STEP 36 (t=538): Loss=0.6201, Rho=8.735917, Grad_norm=0.1145, Final_scale=8.7359
🚀 APPLYING GUIDANCE at step 37 (timestep=512)
🎯 GUIDANCE STEP 37 (t=512): Loss=0.6187, Rho=12.337085, Grad_norm=0.0811, Final_scale=12.3371
🚀 APPLYING GUIDANCE at step 38 (timestep=486)
🎯 GUIDANCE STEP 38 (t=486): Loss=0.6162, Rho=12.473578, Grad_norm=0.0802, Final_scale=12.4736
🚀 APPLYING GUIDANCE at step 39 (timestep=458)
🎯 GUIDANCE STEP 39 (t=458): Loss=0.6152, Rho=9.738503, Grad_norm=0.1027, Final_scale=9.7385
🚀 APPLYING GUIDANCE at step 40 (timestep=428)
🎯 GUIDANCE STEP 40 (t=428): Loss=0.6182, Rho=17.970499, Grad_norm=0.0556, Final_scale=17.9705
🚀 APPLYING GUIDANCE at step 41 (timestep=396)
🎯 GUIDANCE STEP 41 (t=396): Loss=0.6147, Rho=15.697760, Grad_norm=0.0637, Final_scale=15.6978
🚀 APPLYING GUIDANCE at step 42 (timestep=363)
🎯 GUIDANCE STEP 42 (t=363): Loss=0.6147, Rho=24.281702, Grad_norm=0.0412, Final_scale=24.2817
🚀 APPLYING GUIDANCE at step 43 (timestep=327)
🎯 GUIDANCE STEP 43 (t=327): Loss=0.6138, Rho=20.693110, Grad_norm=0.0483, Final_scale=20.6931
🚀 APPLYING GUIDANCE at step 44 (timestep=290)
🎯 GUIDANCE STEP 44 (t=290): Loss=0.6143, Rho=20.631702, Grad_norm=0.0485, Final_scale=20.6317
🚀 APPLYING GUIDANCE at step 45 (timestep=249)
🎯 GUIDANCE STEP 45 (t=249): Loss=0.6147, Rho=19.011284, Grad_norm=0.0526, Final_scale=19.0113
🚀 APPLYING GUIDANCE at step 46 (timestep=206)
🎯 GUIDANCE STEP 46 (t=206): Loss=0.6123, Rho=19.664616, Grad_norm=0.0509, Final_scale=19.6646
🚀 APPLYING GUIDANCE at step 47 (timestep=160)
🎯 GUIDANCE STEP 47 (t=160): Loss=0.6118, Rho=18.998137, Grad_norm=0.0526, Final_scale=18.9981
🚀 APPLYING GUIDANCE at step 48 (timestep=111)
🎯 GUIDANCE STEP 48 (t=111): Loss=0.6104, Rho=30.988596, Grad_norm=0.0323, Final_scale=30.9886
🚀 APPLYING GUIDANCE at step 49 (timestep=57)
🎯 GUIDANCE STEP 49 (t=57): Loss=0.6035, Rho=16.971474, Grad_norm=0.0589, Final_scale=16.9715
[guidance_f17_s50_w8c6_rho1.0_cfg5.0_0701_1448] Generated: generated_videos/subject_consistency/guidance_f17_s50_w8c6_rho1.0_cfg5.0_0701_1448/008_a_giraffe_running_to_join_a_herd_of_its_kind.mp4
[guidance_f17_s50_w8c6_rho1.0_cfg5.0_0701_1448] Experiment completed! Results saved to: generated_videos/subject_consistency/guidance_f17_s50_w8c6_rho1.0_cfg5.0_0701_1448
🚀 APPLYING GUIDANCE at step 0 (timestep=999)
🎯 GUIDANCE STEP 0 (t=999): Loss=0.5361, Rho=11.156708, Grad_norm=0.0896, Final_scale=11.1567
🚀 APPLYING GUIDANCE at step 1 (timestep=992)
🎯 GUIDANCE STEP 1 (t=992): Loss=0.5293, Rho=13.449812, Grad_norm=0.0744, Final_scale=13.4498
🚀 APPLYING GUIDANCE at step 2 (timestep=985)
🎯 GUIDANCE STEP 2 (t=985): Loss=0.5337, Rho=27.393793, Grad_norm=0.0365, Final_scale=27.3938
🚀 APPLYING GUIDANCE at step 3 (timestep=978)
🎯 GUIDANCE STEP 3 (t=978): Loss=0.5400, Rho=16.790865, Grad_norm=0.0596, Final_scale=16.7909
🚀 APPLYING GUIDANCE at step 4 (timestep=971)
🎯 GUIDANCE STEP 4 (t=971): Loss=0.5503, Rho=14.085016, Grad_norm=0.0710, Final_scale=14.0850
🚀 APPLYING GUIDANCE at step 5 (timestep=963)
🎯 GUIDANCE STEP 5 (t=963): Loss=0.5459, Rho=16.288004, Grad_norm=0.0614, Final_scale=16.2880
🚀 APPLYING GUIDANCE at step 6 (timestep=956)
🎯 GUIDANCE STEP 6 (t=956): Loss=0.5791, Rho=18.114803, Grad_norm=0.0552, Final_scale=18.1148
🚀 APPLYING GUIDANCE at step 7 (timestep=948)
🎯 GUIDANCE STEP 7 (t=948): Loss=0.5864, Rho=11.718262, Grad_norm=0.0853, Final_scale=11.7183
🚀 APPLYING GUIDANCE at step 8 (timestep=939)
🎯 GUIDANCE STEP 8 (t=939): Loss=0.5811, Rho=10.147215, Grad_norm=0.0985, Final_scale=10.1472
🚀 APPLYING GUIDANCE at step 9 (timestep=931)
🎯 GUIDANCE STEP 9 (t=931): Loss=0.5903, Rho=5.395249, Grad_norm=0.1853, Final_scale=5.3952
🚀 APPLYING GUIDANCE at step 10 (timestep=922)
🎯 GUIDANCE STEP 10 (t=922): Loss=0.6089, Rho=6.010589, Grad_norm=0.1664, Final_scale=6.0106
🚀 APPLYING GUIDANCE at step 11 (timestep=913)
🎯 GUIDANCE STEP 11 (t=913): Loss=0.6040, Rho=9.221928, Grad_norm=0.1084, Final_scale=9.2219
🚀 APPLYING GUIDANCE at step 12 (timestep=904)
🎯 GUIDANCE STEP 12 (t=904): Loss=0.6040, Rho=4.878927, Grad_norm=0.2050, Final_scale=4.8789
🚀 APPLYING GUIDANCE at step 13 (timestep=894)
🎯 GUIDANCE STEP 13 (t=894): Loss=0.6084, Rho=8.668479, Grad_norm=0.1154, Final_scale=8.6685
🚀 APPLYING GUIDANCE at step 14 (timestep=884)
🎯 GUIDANCE STEP 14 (t=884): Loss=0.6050, Rho=3.685258, Grad_norm=0.2714, Final_scale=3.6853
🚀 APPLYING GUIDANCE at step 15 (timestep=874)
🎯 GUIDANCE STEP 15 (t=874): Loss=0.6108, Rho=3.535152, Grad_norm=0.2829, Final_scale=3.5352
🚀 APPLYING GUIDANCE at step 16 (timestep=864)
🎯 GUIDANCE STEP 16 (t=864): Loss=0.6099, Rho=6.436198, Grad_norm=0.1554, Final_scale=6.4362
🚀 APPLYING GUIDANCE at step 17 (timestep=853)
🎯 GUIDANCE STEP 17 (t=853): Loss=0.6128, Rho=0.980338, Grad_norm=1.0201, Final_scale=0.9803
🚀 APPLYING GUIDANCE at step 18 (timestep=841)
🎯 GUIDANCE STEP 18 (t=841): Loss=0.6138, Rho=2.209016, Grad_norm=0.4527, Final_scale=2.2090
🚀 APPLYING GUIDANCE at step 19 (timestep=829)
🎯 GUIDANCE STEP 19 (t=829): Loss=0.6113, Rho=5.117864, Grad_norm=0.1954, Final_scale=5.1179
🚀 APPLYING GUIDANCE at step 20 (timestep=817)
🎯 GUIDANCE STEP 20 (t=817): Loss=0.6099, Rho=3.966073, Grad_norm=0.2521, Final_scale=3.9661
🚀 APPLYING GUIDANCE at step 21 (timestep=805)
🎯 GUIDANCE STEP 21 (t=805): Loss=0.6104, Rho=11.897211, Grad_norm=0.0841, Final_scale=11.8972
🚀 APPLYING GUIDANCE at step 22 (timestep=792)
🎯 GUIDANCE STEP 22 (t=792): Loss=0.6157, Rho=9.983188, Grad_norm=0.1002, Final_scale=9.9832
🚀 APPLYING GUIDANCE at step 23 (timestep=778)
🎯 GUIDANCE STEP 23 (t=778): Loss=0.6133, Rho=9.172870, Grad_norm=0.1090, Final_scale=9.1729
🚀 APPLYING GUIDANCE at step 24 (timestep=764)
🎯 GUIDANCE STEP 24 (t=764): Loss=0.6084, Rho=10.021090, Grad_norm=0.0998, Final_scale=10.0211
🚀 APPLYING GUIDANCE at step 25 (timestep=749)
🎯 GUIDANCE STEP 25 (t=749): Loss=0.6099, Rho=8.299975, Grad_norm=0.1205, Final_scale=8.3000
🚀 APPLYING GUIDANCE at step 26 (timestep=734)
🎯 GUIDANCE STEP 26 (t=734): Loss=0.6079, Rho=8.754093, Grad_norm=0.1142, Final_scale=8.7541
🚀 APPLYING GUIDANCE at step 27 (timestep=718)
🎯 GUIDANCE STEP 27 (t=718): Loss=0.6118, Rho=10.135992, Grad_norm=0.0987, Final_scale=10.1360
🚀 APPLYING GUIDANCE at step 28 (timestep=701)
🎯 GUIDANCE STEP 28 (t=701): Loss=0.6123, Rho=1.956013, Grad_norm=0.5112, Final_scale=1.9560
🚀 APPLYING GUIDANCE at step 29 (timestep=684)
🎯 GUIDANCE STEP 29 (t=684): Loss=0.6074, Rho=4.336235, Grad_norm=0.2306, Final_scale=4.3362
🚀 APPLYING GUIDANCE at step 30 (timestep=666)
🎯 GUIDANCE STEP 30 (t=666): Loss=0.6064, Rho=1.910781, Grad_norm=0.5233, Final_scale=1.9108
🚀 APPLYING GUIDANCE at step 31 (timestep=647)
🎯 GUIDANCE STEP 31 (t=647): Loss=0.6060, Rho=5.000355, Grad_norm=0.2000, Final_scale=5.0004
🚀 APPLYING GUIDANCE at step 32 (timestep=627)
🎯 GUIDANCE STEP 32 (t=627): Loss=0.6089, Rho=5.225793, Grad_norm=0.1914, Final_scale=5.2258
🚀 APPLYING GUIDANCE at step 33 (timestep=606)
🎯 GUIDANCE STEP 33 (t=606): Loss=0.6079, Rho=3.685330, Grad_norm=0.2713, Final_scale=3.6853
🚀 APPLYING GUIDANCE at step 34 (timestep=585)
🎯 GUIDANCE STEP 34 (t=585): Loss=0.6055, Rho=2.928246, Grad_norm=0.3415, Final_scale=2.9282
🚀 APPLYING GUIDANCE at step 35 (timestep=562)
🎯 GUIDANCE STEP 35 (t=562): Loss=0.6104, Rho=5.902578, Grad_norm=0.1694, Final_scale=5.9026
🚀 APPLYING GUIDANCE at step 36 (timestep=538)
🎯 GUIDANCE STEP 36 (t=538): Loss=0.6064, Rho=7.326025, Grad_norm=0.1365, Final_scale=7.3260
🚀 APPLYING GUIDANCE at step 37 (timestep=512)
🎯 GUIDANCE STEP 37 (t=512): Loss=0.6069, Rho=8.568549, Grad_norm=0.1167, Final_scale=8.5685
🚀 APPLYING GUIDANCE at step 38 (timestep=486)
🎯 GUIDANCE STEP 38 (t=486): Loss=0.6084, Rho=7.555975, Grad_norm=0.1323, Final_scale=7.5560
🚀 APPLYING GUIDANCE at step 39 (timestep=458)
🎯 GUIDANCE STEP 39 (t=458): Loss=0.6089, Rho=7.176747, Grad_norm=0.1393, Final_scale=7.1767
🚀 APPLYING GUIDANCE at step 40 (timestep=428)
🎯 GUIDANCE STEP 40 (t=428): Loss=0.6079, Rho=11.828428, Grad_norm=0.0845, Final_scale=11.8284
🚀 APPLYING GUIDANCE at step 41 (timestep=396)
🎯 GUIDANCE STEP 41 (t=396): Loss=0.6133, Rho=8.511844, Grad_norm=0.1175, Final_scale=8.5118
🚀 APPLYING GUIDANCE at step 42 (timestep=363)
🎯 GUIDANCE STEP 42 (t=363): Loss=0.6099, Rho=18.869581, Grad_norm=0.0530, Final_scale=18.8696
🚀 APPLYING GUIDANCE at step 43 (timestep=327)
🎯 GUIDANCE STEP 43 (t=327): Loss=0.6123, Rho=9.130505, Grad_norm=0.1095, Final_scale=9.1305
🚀 APPLYING GUIDANCE at step 44 (timestep=290)
🎯 GUIDANCE STEP 44 (t=290): Loss=0.6099, Rho=11.303949, Grad_norm=0.0885, Final_scale=11.3039
🚀 APPLYING GUIDANCE at step 45 (timestep=249)
🎯 GUIDANCE STEP 45 (t=249): Loss=0.6099, Rho=11.684748, Grad_norm=0.0856, Final_scale=11.6847
🚀 APPLYING GUIDANCE at step 46 (timestep=206)
🎯 GUIDANCE STEP 46 (t=206): Loss=0.6094, Rho=12.369492, Grad_norm=0.0808, Final_scale=12.3695
🚀 APPLYING GUIDANCE at step 47 (timestep=160)
🎯 GUIDANCE STEP 47 (t=160): Loss=0.6099, Rho=15.654453, Grad_norm=0.0639, Final_scale=15.6545
🚀 APPLYING GUIDANCE at step 48 (timestep=111)
🎯 GUIDANCE STEP 48 (t=111): Loss=0.6099, Rho=10.436100, Grad_norm=0.0958, Final_scale=10.4361
🚀 APPLYING GUIDANCE at step 49 (timestep=57)
🎯 GUIDANCE STEP 49 (t=57): Loss=0.6089, Rho=15.769329, Grad_norm=0.0634, Final_scale=15.7693
[guidance_f17_s50_w8c6_rho1.0_cfg5.0_0701_1448] Generated: generated_videos/subject_consistency/guidance_f17_s50_w8c6_rho1.0_cfg5.0_0701_1448/008_a_bus_accelerating_to_gain_speed.mp4
[guidance_f17_s50_w8c6_rho1.0_cfg5.0_0701_1448] Experiment completed! Results saved to: generated_videos/subject_consistency/guidance_f17_s50_w8c6_rho1.0_cfg5.0_0701_1448
🚀 APPLYING GUIDANCE at step 0 (timestep=999)
🎯 GUIDANCE STEP 0 (t=999): Loss=0.5366, Rho=52.033245, Grad_norm=0.0192, Final_scale=52.0332
🚀 APPLYING GUIDANCE at step 1 (timestep=992)
🎯 GUIDANCE STEP 1 (t=992): Loss=0.5820, Rho=20.514519, Grad_norm=0.0487, Final_scale=20.5145
🚀 APPLYING GUIDANCE at step 2 (timestep=985)
🎯 GUIDANCE STEP 2 (t=985): Loss=0.5332, Rho=36.359055, Grad_norm=0.0275, Final_scale=36.3591
🚀 APPLYING GUIDANCE at step 3 (timestep=978)
🎯 GUIDANCE STEP 3 (t=978): Loss=0.5708, Rho=24.477852, Grad_norm=0.0409, Final_scale=24.4779
🚀 APPLYING GUIDANCE at step 4 (timestep=971)
🎯 GUIDANCE STEP 4 (t=971): Loss=0.5928, Rho=8.458289, Grad_norm=0.1182, Final_scale=8.4583
🚀 APPLYING GUIDANCE at step 5 (timestep=963)
🎯 GUIDANCE STEP 5 (t=963): Loss=0.5776, Rho=16.117882, Grad_norm=0.0620, Final_scale=16.1179
🚀 APPLYING GUIDANCE at step 6 (timestep=956)
🎯 GUIDANCE STEP 6 (t=956): Loss=0.5723, Rho=14.576381, Grad_norm=0.0686, Final_scale=14.5764
🚀 APPLYING GUIDANCE at step 7 (timestep=948)
🎯 GUIDANCE STEP 7 (t=948): Loss=0.5737, Rho=17.595098, Grad_norm=0.0568, Final_scale=17.5951
🚀 APPLYING GUIDANCE at step 8 (timestep=939)
🎯 GUIDANCE STEP 8 (t=939): Loss=0.5874, Rho=1.596628, Grad_norm=0.6263, Final_scale=1.5966
🚀 APPLYING GUIDANCE at step 9 (timestep=931)
🎯 GUIDANCE STEP 9 (t=931): Loss=0.5972, Rho=4.718412, Grad_norm=0.2119, Final_scale=4.7184
🚀 APPLYING GUIDANCE at step 10 (timestep=922)
🎯 GUIDANCE STEP 10 (t=922): Loss=0.5933, Rho=13.712243, Grad_norm=0.0729, Final_scale=13.7122
🚀 APPLYING GUIDANCE at step 11 (timestep=913)
🎯 GUIDANCE STEP 11 (t=913): Loss=0.6001, Rho=9.221048, Grad_norm=0.1084, Final_scale=9.2210
🚀 APPLYING GUIDANCE at step 12 (timestep=904)
🎯 GUIDANCE STEP 12 (t=904): Loss=0.5952, Rho=13.055950, Grad_norm=0.0766, Final_scale=13.0560
🚀 APPLYING GUIDANCE at step 13 (timestep=894)
🎯 GUIDANCE STEP 13 (t=894): Loss=0.5991, Rho=3.596802, Grad_norm=0.2780, Final_scale=3.5968
🚀 APPLYING GUIDANCE at step 14 (timestep=884)
🎯 GUIDANCE STEP 14 (t=884): Loss=0.5933, Rho=5.614516, Grad_norm=0.1781, Final_scale=5.6145
🚀 APPLYING GUIDANCE at step 15 (timestep=874)
🎯 GUIDANCE STEP 15 (t=874): Loss=0.5981, Rho=8.597698, Grad_norm=0.1163, Final_scale=8.5977
🚀 APPLYING GUIDANCE at step 16 (timestep=864)
🎯 GUIDANCE STEP 16 (t=864): Loss=0.6045, Rho=3.981713, Grad_norm=0.2511, Final_scale=3.9817
🚀 APPLYING GUIDANCE at step 17 (timestep=853)
🎯 GUIDANCE STEP 17 (t=853): Loss=0.6050, Rho=12.444467, Grad_norm=0.0804, Final_scale=12.4445
🚀 APPLYING GUIDANCE at step 18 (timestep=841)
🎯 GUIDANCE STEP 18 (t=841): Loss=0.6040, Rho=3.572090, Grad_norm=0.2799, Final_scale=3.5721
🚀 APPLYING GUIDANCE at step 19 (timestep=829)
🎯 GUIDANCE STEP 19 (t=829): Loss=0.6035, Rho=8.447922, Grad_norm=0.1184, Final_scale=8.4479
🚀 APPLYING GUIDANCE at step 20 (timestep=817)
🎯 GUIDANCE STEP 20 (t=817): Loss=0.6021, Rho=6.783370, Grad_norm=0.1474, Final_scale=6.7834
🚀 APPLYING GUIDANCE at step 21 (timestep=805)
🎯 GUIDANCE STEP 21 (t=805): Loss=0.5977, Rho=5.751823, Grad_norm=0.1739, Final_scale=5.7518
🚀 APPLYING GUIDANCE at step 22 (timestep=792)
🎯 GUIDANCE STEP 22 (t=792): Loss=0.5981, Rho=9.911568, Grad_norm=0.1009, Final_scale=9.9116
🚀 APPLYING GUIDANCE at step 23 (timestep=778)
🎯 GUIDANCE STEP 23 (t=778): Loss=0.6016, Rho=6.006453, Grad_norm=0.1665, Final_scale=6.0065
🚀 APPLYING GUIDANCE at step 24 (timestep=764)
🎯 GUIDANCE STEP 24 (t=764): Loss=0.6011, Rho=10.459047, Grad_norm=0.0956, Final_scale=10.4590
🚀 APPLYING GUIDANCE at step 25 (timestep=749)
🎯 GUIDANCE STEP 25 (t=749): Loss=0.6006, Rho=9.666405, Grad_norm=0.1035, Final_scale=9.6664
🚀 APPLYING GUIDANCE at step 26 (timestep=734)
🎯 GUIDANCE STEP 26 (t=734): Loss=0.6016, Rho=8.337254, Grad_norm=0.1199, Final_scale=8.3373
🚀 APPLYING GUIDANCE at step 27 (timestep=718)
🎯 GUIDANCE STEP 27 (t=718): Loss=0.6030, Rho=4.223167, Grad_norm=0.2368, Final_scale=4.2232
🚀 APPLYING GUIDANCE at step 28 (timestep=701)
🎯 GUIDANCE STEP 28 (t=701): Loss=0.6045, Rho=6.069213, Grad_norm=0.1648, Final_scale=6.0692
🚀 APPLYING GUIDANCE at step 29 (timestep=684)
🎯 GUIDANCE STEP 29 (t=684): Loss=0.6035, Rho=9.676961, Grad_norm=0.1033, Final_scale=9.6770
🚀 APPLYING GUIDANCE at step 30 (timestep=666)
🎯 GUIDANCE STEP 30 (t=666): Loss=0.6089, Rho=4.236724, Grad_norm=0.2360, Final_scale=4.2367
🚀 APPLYING GUIDANCE at step 31 (timestep=647)
🎯 GUIDANCE STEP 31 (t=647): Loss=0.6064, Rho=10.793359, Grad_norm=0.0926, Final_scale=10.7934
🚀 APPLYING GUIDANCE at step 32 (timestep=627)
🎯 GUIDANCE STEP 32 (t=627): Loss=0.6050, Rho=9.885946, Grad_norm=0.1012, Final_scale=9.8859
🚀 APPLYING GUIDANCE at step 33 (timestep=606)
🎯 GUIDANCE STEP 33 (t=606): Loss=0.6084, Rho=11.750585, Grad_norm=0.0851, Final_scale=11.7506
🚀 APPLYING GUIDANCE at step 34 (timestep=585)
🎯 GUIDANCE STEP 34 (t=585): Loss=0.6035, Rho=7.663627, Grad_norm=0.1305, Final_scale=7.6636
🚀 APPLYING GUIDANCE at step 35 (timestep=562)
🎯 GUIDANCE STEP 35 (t=562): Loss=0.6064, Rho=17.265226, Grad_norm=0.0579, Final_scale=17.2652
🚀 APPLYING GUIDANCE at step 36 (timestep=538)
🎯 GUIDANCE STEP 36 (t=538): Loss=0.6035, Rho=10.529812, Grad_norm=0.0950, Final_scale=10.5298
🚀 APPLYING GUIDANCE at step 37 (timestep=512)
🎯 GUIDANCE STEP 37 (t=512): Loss=0.6045, Rho=3.245950, Grad_norm=0.3081, Final_scale=3.2460
🚀 APPLYING GUIDANCE at step 38 (timestep=486)
🎯 GUIDANCE STEP 38 (t=486): Loss=0.6074, Rho=19.680695, Grad_norm=0.0508, Final_scale=19.6807
🚀 APPLYING GUIDANCE at step 39 (timestep=458)
🎯 GUIDANCE STEP 39 (t=458): Loss=0.6050, Rho=28.187273, Grad_norm=0.0355, Final_scale=28.1873
🚀 APPLYING GUIDANCE at step 40 (timestep=428)
🎯 GUIDANCE STEP 40 (t=428): Loss=0.6035, Rho=22.680281, Grad_norm=0.0441, Final_scale=22.6803
🚀 APPLYING GUIDANCE at step 41 (timestep=396)
🎯 GUIDANCE STEP 41 (t=396): Loss=0.6035, Rho=4.500016, Grad_norm=0.2222, Final_scale=4.5000
🚀 APPLYING GUIDANCE at step 42 (timestep=363)
🎯 GUIDANCE STEP 42 (t=363): Loss=0.6064, Rho=24.116400, Grad_norm=0.0415, Final_scale=24.1164
🚀 APPLYING GUIDANCE at step 43 (timestep=327)
🎯 GUIDANCE STEP 43 (t=327): Loss=0.6030, Rho=25.598852, Grad_norm=0.0391, Final_scale=25.5989
🚀 APPLYING GUIDANCE at step 44 (timestep=290)
🎯 GUIDANCE STEP 44 (t=290): Loss=0.6030, Rho=18.141117, Grad_norm=0.0551, Final_scale=18.1411
🚀 APPLYING GUIDANCE at step 45 (timestep=249)
🎯 GUIDANCE STEP 45 (t=249): Loss=0.6021, Rho=20.951414, Grad_norm=0.0477, Final_scale=20.9514
🚀 APPLYING GUIDANCE at step 46 (timestep=206)
🎯 GUIDANCE STEP 46 (t=206): Loss=0.6035, Rho=20.175051, Grad_norm=0.0496, Final_scale=20.1751
🚀 APPLYING GUIDANCE at step 47 (timestep=160)
🎯 GUIDANCE STEP 47 (t=160): Loss=0.6030, Rho=31.270651, Grad_norm=0.0320, Final_scale=31.2707
🚀 APPLYING GUIDANCE at step 48 (timestep=111)
🎯 GUIDANCE STEP 48 (t=111): Loss=0.6040, Rho=13.694100, Grad_norm=0.0730, Final_scale=13.6941
🚀 APPLYING GUIDANCE at step 49 (timestep=57)
🎯 GUIDANCE STEP 49 (t=57): Loss=0.6025, Rho=5.128554, Grad_norm=0.1950, Final_scale=5.1286
[guidance_f17_s50_w8c6_rho1.0_cfg5.0_0701_1448] Generated: generated_videos/subject_consistency/guidance_f17_s50_w8c6_rho1.0_cfg5.0_0701_1448/008_a_bicycle_gliding_through_a_snowy_field.mp4
[guidance_f17_s50_w8c6_rho1.0_cfg5.0_0701_1448] Experiment completed! Results saved to: generated_videos/subject_consistency/guidance_f17_s50_w8c6_rho1.0_cfg5.0_0701_1448
🚀 APPLYING GUIDANCE at step 0 (timestep=999)
🎯 GUIDANCE STEP 0 (t=999): Loss=0.5820, Rho=9.883636, Grad_norm=0.1012, Final_scale=9.8836
🚀 APPLYING GUIDANCE at step 1 (timestep=992)
🎯 GUIDANCE STEP 1 (t=992): Loss=0.5430, Rho=30.883862, Grad_norm=0.0324, Final_scale=30.8839
🚀 APPLYING GUIDANCE at step 2 (timestep=985)
🎯 GUIDANCE STEP 2 (t=985): Loss=0.5342, Rho=28.764936, Grad_norm=0.0348, Final_scale=28.7649
🚀 APPLYING GUIDANCE at step 3 (timestep=978)
🎯 GUIDANCE STEP 3 (t=978): Loss=0.5605, Rho=7.888177, Grad_norm=0.1268, Final_scale=7.8882
🚀 APPLYING GUIDANCE at step 4 (timestep=971)
🎯 GUIDANCE STEP 4 (t=971): Loss=0.5684, Rho=6.453148, Grad_norm=0.1550, Final_scale=6.4531
🚀 APPLYING GUIDANCE at step 5 (timestep=963)
🎯 GUIDANCE STEP 5 (t=963): Loss=0.6040, Rho=7.883477, Grad_norm=0.1268, Final_scale=7.8835
🚀 APPLYING GUIDANCE at step 6 (timestep=956)
🎯 GUIDANCE STEP 6 (t=956): Loss=0.5986, Rho=4.721018, Grad_norm=0.2118, Final_scale=4.7210
🚀 APPLYING GUIDANCE at step 7 (timestep=948)
🎯 GUIDANCE STEP 7 (t=948): Loss=0.6025, Rho=9.284042, Grad_norm=0.1077, Final_scale=9.2840
🚀 APPLYING GUIDANCE at step 8 (timestep=939)
🎯 GUIDANCE STEP 8 (t=939): Loss=0.6079, Rho=5.794306, Grad_norm=0.1726, Final_scale=5.7943
🚀 APPLYING GUIDANCE at step 9 (timestep=931)
🎯 GUIDANCE STEP 9 (t=931): Loss=0.6025, Rho=4.818089, Grad_norm=0.2076, Final_scale=4.8181
🚀 APPLYING GUIDANCE at step 10 (timestep=922)
🎯 GUIDANCE STEP 10 (t=922): Loss=0.6123, Rho=1.950699, Grad_norm=0.5126, Final_scale=1.9507
🚀 APPLYING GUIDANCE at step 11 (timestep=913)
🎯 GUIDANCE STEP 11 (t=913): Loss=0.6045, Rho=3.129280, Grad_norm=0.3196, Final_scale=3.1293
🚀 APPLYING GUIDANCE at step 12 (timestep=904)
🎯 GUIDANCE STEP 12 (t=904): Loss=0.6196, Rho=1.807901, Grad_norm=0.5531, Final_scale=1.8079
🚀 APPLYING GUIDANCE at step 13 (timestep=894)
🎯 GUIDANCE STEP 13 (t=894): Loss=0.6074, Rho=3.067163, Grad_norm=0.3260, Final_scale=3.0672
🚀 APPLYING GUIDANCE at step 14 (timestep=884)
🎯 GUIDANCE STEP 14 (t=884): Loss=0.6084, Rho=3.337459, Grad_norm=0.2996, Final_scale=3.3375
🚀 APPLYING GUIDANCE at step 15 (timestep=874)
🎯 GUIDANCE STEP 15 (t=874): Loss=0.6040, Rho=2.963079, Grad_norm=0.3375, Final_scale=2.9631
🚀 APPLYING GUIDANCE at step 16 (timestep=864)
🎯 GUIDANCE STEP 16 (t=864): Loss=0.6060, Rho=3.737246, Grad_norm=0.2676, Final_scale=3.7372
🚀 APPLYING GUIDANCE at step 17 (timestep=853)
🎯 GUIDANCE STEP 17 (t=853): Loss=0.6060, Rho=3.721918, Grad_norm=0.2687, Final_scale=3.7219
🚀 APPLYING GUIDANCE at step 18 (timestep=841)
🎯 GUIDANCE STEP 18 (t=841): Loss=0.6099, Rho=2.449243, Grad_norm=0.4083, Final_scale=2.4492
🚀 APPLYING GUIDANCE at step 19 (timestep=829)
🎯 GUIDANCE STEP 19 (t=829): Loss=0.6089, Rho=5.239678, Grad_norm=0.1909, Final_scale=5.2397
🚀 APPLYING GUIDANCE at step 20 (timestep=817)
🎯 GUIDANCE STEP 20 (t=817): Loss=0.6074, Rho=3.175825, Grad_norm=0.3149, Final_scale=3.1758
🚀 APPLYING GUIDANCE at step 21 (timestep=805)
🎯 GUIDANCE STEP 21 (t=805): Loss=0.6045, Rho=2.798682, Grad_norm=0.3573, Final_scale=2.7987
🚀 APPLYING GUIDANCE at step 22 (timestep=792)
🎯 GUIDANCE STEP 22 (t=792): Loss=0.6001, Rho=4.300350, Grad_norm=0.2325, Final_scale=4.3003
🚀 APPLYING GUIDANCE at step 23 (timestep=778)
🎯 GUIDANCE STEP 23 (t=778): Loss=0.6006, Rho=1.361140, Grad_norm=0.7347, Final_scale=1.3611
🚀 APPLYING GUIDANCE at step 24 (timestep=764)
🎯 GUIDANCE STEP 24 (t=764): Loss=0.6060, Rho=3.323645, Grad_norm=0.3009, Final_scale=3.3236
🚀 APPLYING GUIDANCE at step 25 (timestep=749)
🎯 GUIDANCE STEP 25 (t=749): Loss=0.6050, Rho=1.766523, Grad_norm=0.5661, Final_scale=1.7665
🚀 APPLYING GUIDANCE at step 26 (timestep=734)
🎯 GUIDANCE STEP 26 (t=734): Loss=0.6040, Rho=2.505011, Grad_norm=0.3992, Final_scale=2.5050
🚀 APPLYING GUIDANCE at step 27 (timestep=718)
🎯 GUIDANCE STEP 27 (t=718): Loss=0.5991, Rho=3.548473, Grad_norm=0.2818, Final_scale=3.5485
🚀 APPLYING GUIDANCE at step 28 (timestep=701)
🎯 GUIDANCE STEP 28 (t=701): Loss=0.5986, Rho=5.018275, Grad_norm=0.1993, Final_scale=5.0183
🚀 APPLYING GUIDANCE at step 29 (timestep=684)
🎯 GUIDANCE STEP 29 (t=684): Loss=0.5981, Rho=2.852161, Grad_norm=0.3506, Final_scale=2.8522
🚀 APPLYING GUIDANCE at step 30 (timestep=666)
🎯 GUIDANCE STEP 30 (t=666): Loss=0.5986, Rho=4.182879, Grad_norm=0.2391, Final_scale=4.1829
🚀 APPLYING GUIDANCE at step 31 (timestep=647)
🎯 GUIDANCE STEP 31 (t=647): Loss=0.5991, Rho=0.633867, Grad_norm=1.5776, Final_scale=0.6339
🚀 APPLYING GUIDANCE at step 32 (timestep=627)
🎯 GUIDANCE STEP 32 (t=627): Loss=0.5972, Rho=6.959239, Grad_norm=0.1437, Final_scale=6.9592
🚀 APPLYING GUIDANCE at step 33 (timestep=606)
🎯 GUIDANCE STEP 33 (t=606): Loss=0.6011, Rho=7.472450, Grad_norm=0.1338, Final_scale=7.4725
🚀 APPLYING GUIDANCE at step 34 (timestep=585)
🎯 GUIDANCE STEP 34 (t=585): Loss=0.6006, Rho=7.694710, Grad_norm=0.1300, Final_scale=7.6947
🚀 APPLYING GUIDANCE at step 35 (timestep=562)
🎯 GUIDANCE STEP 35 (t=562): Loss=0.5991, Rho=2.613552, Grad_norm=0.3826, Final_scale=2.6136
🚀 APPLYING GUIDANCE at step 36 (timestep=538)
🎯 GUIDANCE STEP 36 (t=538): Loss=0.6030, Rho=8.117401, Grad_norm=0.1232, Final_scale=8.1174
🚀 APPLYING GUIDANCE at step 37 (timestep=512)
🎯 GUIDANCE STEP 37 (t=512): Loss=0.6006, Rho=6.292334, Grad_norm=0.1589, Final_scale=6.2923
🚀 APPLYING GUIDANCE at step 38 (timestep=486)
🎯 GUIDANCE STEP 38 (t=486): Loss=0.5986, Rho=11.602959, Grad_norm=0.0862, Final_scale=11.6030
🚀 APPLYING GUIDANCE at step 39 (timestep=458)
🎯 GUIDANCE STEP 39 (t=458): Loss=0.5977, Rho=6.560180, Grad_norm=0.1524, Final_scale=6.5602
🚀 APPLYING GUIDANCE at step 40 (timestep=428)
🎯 GUIDANCE STEP 40 (t=428): Loss=0.5981, Rho=14.468914, Grad_norm=0.0691, Final_scale=14.4689
🚀 APPLYING GUIDANCE at step 41 (timestep=396)
🎯 GUIDANCE STEP 41 (t=396): Loss=0.5977, Rho=18.564970, Grad_norm=0.0539, Final_scale=18.5650
🚀 APPLYING GUIDANCE at step 42 (timestep=363)
🎯 GUIDANCE STEP 42 (t=363): Loss=0.5991, Rho=9.857172, Grad_norm=0.1014, Final_scale=9.8572
🚀 APPLYING GUIDANCE at step 43 (timestep=327)
🎯 GUIDANCE STEP 43 (t=327): Loss=0.5977, Rho=32.199776, Grad_norm=0.0311, Final_scale=32.1998
🚀 APPLYING GUIDANCE at step 44 (timestep=290)
🎯 GUIDANCE STEP 44 (t=290): Loss=0.5967, Rho=18.157190, Grad_norm=0.0551, Final_scale=18.1572
🚀 APPLYING GUIDANCE at step 45 (timestep=249)
🎯 GUIDANCE STEP 45 (t=249): Loss=0.5977, Rho=3.650170, Grad_norm=0.2740, Final_scale=3.6502
🚀 APPLYING GUIDANCE at step 46 (timestep=206)
🎯 GUIDANCE STEP 46 (t=206): Loss=0.5981, Rho=10.927973, Grad_norm=0.0915, Final_scale=10.9280
🚀 APPLYING GUIDANCE at step 47 (timestep=160)
🎯 GUIDANCE STEP 47 (t=160): Loss=0.5981, Rho=31.548513, Grad_norm=0.0317, Final_scale=31.5485
🚀 APPLYING GUIDANCE at step 48 (timestep=111)
🎯 GUIDANCE STEP 48 (t=111): Loss=0.5972, Rho=22.184177, Grad_norm=0.0451, Final_scale=22.1842
🚀 APPLYING GUIDANCE at step 49 (timestep=57)
🎯 GUIDANCE STEP 49 (t=57): Loss=0.5981, Rho=36.976021, Grad_norm=0.0270, Final_scale=36.9760
[guidance_f17_s50_w8c6_rho1.0_cfg5.0_0701_1448] Generated: generated_videos/subject_consistency/guidance_f17_s50_w8c6_rho1.0_cfg5.0_0701_1448/005_a_cat_grooming_itself_meticulously_with_its_tongue.mp4
[guidance_f17_s50_w8c6_rho1.0_cfg5.0_0701_1448] Generating video 7/9 (guidance): a cat playing in park
🎬 STARTING GUIDANCE PIPELINE GENERATION
   Frames: 17, Steps: 50, CFG Scale: 5.0

🔧 GUIDANCE PIPELINE CONFIGURATION:
   Guidance range: 0 - 1001
   Rho scale: 1.0
   V-JEPA kernel_size: 8
   V-JEPA context_length: 6
   V-JEPA stride: 2
   V-JEPA mode: max
   Total timesteps: 50

🚀 APPLYING GUIDANCE at step 0 (timestep=999)
🎯 GUIDANCE STEP 0 (t=999): Loss=0.5786, Rho=16.310253, Grad_norm=0.0613, Final_scale=16.3103
🚀 APPLYING GUIDANCE at step 1 (timestep=992)
🎯 GUIDANCE STEP 1 (t=992): Loss=0.5811, Rho=29.664772, Grad_norm=0.0337, Final_scale=29.6648
🚀 APPLYING GUIDANCE at step 2 (timestep=985)
🎯 GUIDANCE STEP 2 (t=985): Loss=0.5767, Rho=24.037514, Grad_norm=0.0416, Final_scale=24.0375
🚀 APPLYING GUIDANCE at step 3 (timestep=978)
🎯 GUIDANCE STEP 3 (t=978): Loss=0.5864, Rho=9.386202, Grad_norm=0.1065, Final_scale=9.3862
🚀 APPLYING GUIDANCE at step 4 (timestep=971)
🎯 GUIDANCE STEP 4 (t=971): Loss=0.6138, Rho=6.127846, Grad_norm=0.1632, Final_scale=6.1278
🚀 APPLYING GUIDANCE at step 5 (timestep=963)
🎯 GUIDANCE STEP 5 (t=963): Loss=0.6265, Rho=8.756729, Grad_norm=0.1142, Final_scale=8.7567
🚀 APPLYING GUIDANCE at step 6 (timestep=956)
🎯 GUIDANCE STEP 6 (t=956): Loss=0.6196, Rho=11.954216, Grad_norm=0.0837, Final_scale=11.9542
🚀 APPLYING GUIDANCE at step 7 (timestep=948)
🎯 GUIDANCE STEP 7 (t=948): Loss=0.6240, Rho=6.265205, Grad_norm=0.1596, Final_scale=6.2652
🚀 APPLYING GUIDANCE at step 8 (timestep=939)
🎯 GUIDANCE STEP 8 (t=939): Loss=0.6069, Rho=14.431805, Grad_norm=0.0693, Final_scale=14.4318
🚀 APPLYING GUIDANCE at step 9 (timestep=931)
🎯 GUIDANCE STEP 9 (t=931): Loss=0.6191, Rho=9.081946, Grad_norm=0.1101, Final_scale=9.0819
🚀 APPLYING GUIDANCE at step 10 (timestep=922)
🎯 GUIDANCE STEP 10 (t=922): Loss=0.6099, Rho=5.751025, Grad_norm=0.1739, Final_scale=5.7510
🚀 APPLYING GUIDANCE at step 11 (timestep=913)
🎯 GUIDANCE STEP 11 (t=913): Loss=0.6206, Rho=5.804132, Grad_norm=0.1723, Final_scale=5.8041
🚀 APPLYING GUIDANCE at step 12 (timestep=904)
🎯 GUIDANCE STEP 12 (t=904): Loss=0.6211, Rho=9.487641, Grad_norm=0.1054, Final_scale=9.4876
🚀 APPLYING GUIDANCE at step 13 (timestep=894)
🎯 GUIDANCE STEP 13 (t=894): Loss=0.6206, Rho=1.807961, Grad_norm=0.5531, Final_scale=1.8080
🚀 APPLYING GUIDANCE at step 14 (timestep=884)
🎯 GUIDANCE STEP 14 (t=884): Loss=0.6172, Rho=1.906401, Grad_norm=0.5245, Final_scale=1.9064
🚀 APPLYING GUIDANCE at step 15 (timestep=874)
🎯 GUIDANCE STEP 15 (t=874): Loss=0.6167, Rho=12.834217, Grad_norm=0.0779, Final_scale=12.8342
🚀 APPLYING GUIDANCE at step 16 (timestep=864)
🎯 GUIDANCE STEP 16 (t=864): Loss=0.6206, Rho=11.475942, Grad_norm=0.0871, Final_scale=11.4759
🚀 APPLYING GUIDANCE at step 17 (timestep=853)
🎯 GUIDANCE STEP 17 (t=853): Loss=0.6245, Rho=5.213454, Grad_norm=0.1918, Final_scale=5.2135
🚀 APPLYING GUIDANCE at step 18 (timestep=841)
🎯 GUIDANCE STEP 18 (t=841): Loss=0.6206, Rho=10.423930, Grad_norm=0.0959, Final_scale=10.4239
🚀 APPLYING GUIDANCE at step 19 (timestep=829)
🎯 GUIDANCE STEP 19 (t=829): Loss=0.6187, Rho=5.417136, Grad_norm=0.1846, Final_scale=5.4171
🚀 APPLYING GUIDANCE at step 20 (timestep=817)
🎯 GUIDANCE STEP 20 (t=817): Loss=0.6216, Rho=8.171855, Grad_norm=0.1224, Final_scale=8.1719
🚀 APPLYING GUIDANCE at step 21 (timestep=805)
🎯 GUIDANCE STEP 21 (t=805): Loss=0.6201, Rho=9.834804, Grad_norm=0.1017, Final_scale=9.8348
🚀 APPLYING GUIDANCE at step 22 (timestep=792)
🎯 GUIDANCE STEP 22 (t=792): Loss=0.6265, Rho=1.859154, Grad_norm=0.5379, Final_scale=1.8592
🚀 APPLYING GUIDANCE at step 23 (timestep=778)
🎯 GUIDANCE STEP 23 (t=778): Loss=0.6299, Rho=6.181481, Grad_norm=0.1618, Final_scale=6.1815
🚀 APPLYING GUIDANCE at step 24 (timestep=764)
🎯 GUIDANCE STEP 24 (t=764): Loss=0.6284, Rho=6.850986, Grad_norm=0.1460, Final_scale=6.8510
🚀 APPLYING GUIDANCE at step 25 (timestep=749)
🎯 GUIDANCE STEP 25 (t=749): Loss=0.6289, Rho=13.293898, Grad_norm=0.0752, Final_scale=13.2939
🚀 APPLYING GUIDANCE at step 26 (timestep=734)
🎯 GUIDANCE STEP 26 (t=734): Loss=0.6260, Rho=7.106347, Grad_norm=0.1407, Final_scale=7.1063
🚀 APPLYING GUIDANCE at step 27 (timestep=718)
🎯 GUIDANCE STEP 27 (t=718): Loss=0.6240, Rho=10.077585, Grad_norm=0.0992, Final_scale=10.0776
🚀 APPLYING GUIDANCE at step 28 (timestep=701)
🎯 GUIDANCE STEP 28 (t=701): Loss=0.6245, Rho=7.195002, Grad_norm=0.1390, Final_scale=7.1950
🚀 APPLYING GUIDANCE at step 29 (timestep=684)
🎯 GUIDANCE STEP 29 (t=684): Loss=0.6240, Rho=13.946709, Grad_norm=0.0717, Final_scale=13.9467
🚀 APPLYING GUIDANCE at step 30 (timestep=666)
🎯 GUIDANCE STEP 30 (t=666): Loss=0.6240, Rho=9.360872, Grad_norm=0.1068, Final_scale=9.3609
🚀 APPLYING GUIDANCE at step 31 (timestep=647)
🎯 GUIDANCE STEP 31 (t=647): Loss=0.6206, Rho=3.500319, Grad_norm=0.2857, Final_scale=3.5003
🚀 APPLYING GUIDANCE at step 32 (timestep=627)
🎯 GUIDANCE STEP 32 (t=627): Loss=0.6230, Rho=11.760647, Grad_norm=0.0850, Final_scale=11.7606
🚀 APPLYING GUIDANCE at step 33 (timestep=606)
🎯 GUIDANCE STEP 33 (t=606): Loss=0.6260, Rho=12.011976, Grad_norm=0.0833, Final_scale=12.0120
🚀 APPLYING GUIDANCE at step 34 (timestep=585)
🎯 GUIDANCE STEP 34 (t=585): Loss=0.6226, Rho=6.758201, Grad_norm=0.1480, Final_scale=6.7582
🚀 APPLYING GUIDANCE at step 35 (timestep=562)
🎯 GUIDANCE STEP 35 (t=562): Loss=0.6245, Rho=4.894473, Grad_norm=0.2043, Final_scale=4.8945
🚀 APPLYING GUIDANCE at step 36 (timestep=538)
🎯 GUIDANCE STEP 36 (t=538): Loss=0.6226, Rho=11.131194, Grad_norm=0.0898, Final_scale=11.1312
🚀 APPLYING GUIDANCE at step 37 (timestep=512)
🎯 GUIDANCE STEP 37 (t=512): Loss=0.6226, Rho=12.347708, Grad_norm=0.0810, Final_scale=12.3477
🚀 APPLYING GUIDANCE at step 38 (timestep=486)
🎯 GUIDANCE STEP 38 (t=486): Loss=0.6255, Rho=15.548213, Grad_norm=0.0643, Final_scale=15.5482
🚀 APPLYING GUIDANCE at step 39 (timestep=458)
🎯 GUIDANCE STEP 39 (t=458): Loss=0.6235, Rho=3.998804, Grad_norm=0.2501, Final_scale=3.9988
🚀 APPLYING GUIDANCE at step 40 (timestep=428)
🎯 GUIDANCE STEP 40 (t=428): Loss=0.6230, Rho=22.161835, Grad_norm=0.0451, Final_scale=22.1618
🚀 APPLYING GUIDANCE at step 41 (timestep=396)
🎯 GUIDANCE STEP 41 (t=396): Loss=0.6201, Rho=15.815542, Grad_norm=0.0632, Final_scale=15.8155
🚀 APPLYING GUIDANCE at step 42 (timestep=363)
🎯 GUIDANCE STEP 42 (t=363): Loss=0.6230, Rho=12.225792, Grad_norm=0.0818, Final_scale=12.2258
🚀 APPLYING GUIDANCE at step 43 (timestep=327)
🎯 GUIDANCE STEP 43 (t=327): Loss=0.6230, Rho=19.686018, Grad_norm=0.0508, Final_scale=19.6860
🚀 APPLYING GUIDANCE at step 44 (timestep=290)
🎯 GUIDANCE STEP 44 (t=290): Loss=0.6245, Rho=22.079081, Grad_norm=0.0453, Final_scale=22.0791
🚀 APPLYING GUIDANCE at step 45 (timestep=249)
🎯 GUIDANCE STEP 45 (t=249): Loss=0.6206, Rho=8.988955, Grad_norm=0.1112, Final_scale=8.9890
🚀 APPLYING GUIDANCE at step 46 (timestep=206)
🎯 GUIDANCE STEP 46 (t=206): Loss=0.6240, Rho=6.144229, Grad_norm=0.1628, Final_scale=6.1442
🚀 APPLYING GUIDANCE at step 47 (timestep=160)
🎯 GUIDANCE STEP 47 (t=160): Loss=0.6216, Rho=15.757959, Grad_norm=0.0635, Final_scale=15.7580
🚀 APPLYING GUIDANCE at step 48 (timestep=111)
🎯 GUIDANCE STEP 48 (t=111): Loss=0.6221, Rho=17.891962, Grad_norm=0.0559, Final_scale=17.8920
🚀 APPLYING GUIDANCE at step 49 (timestep=57)
🎯 GUIDANCE STEP 49 (t=57): Loss=0.6211, Rho=8.359597, Grad_norm=0.1196, Final_scale=8.3596
[guidance_f17_s50_w8c6_rho1.0_cfg5.0_0701_1448] Generated: generated_videos/subject_consistency/guidance_f17_s50_w8c6_rho1.0_cfg5.0_0701_1448/005_a_horse_galloping_across_an_open_field.mp4
[guidance_f17_s50_w8c6_rho1.0_cfg5.0_0701_1448] Generating video 7/9 (guidance): a horse taking a peaceful walk
🎬 STARTING GUIDANCE PIPELINE GENERATION
   Frames: 17, Steps: 50, CFG Scale: 5.0

🔧 GUIDANCE PIPELINE CONFIGURATION:
   Guidance range: 0 - 1001
   Rho scale: 1.0
   V-JEPA kernel_size: 8
   V-JEPA context_length: 6
   V-JEPA stride: 2
   V-JEPA mode: max
   Total timesteps: 50

🚀 APPLYING GUIDANCE at step 0 (timestep=999)
🎯 GUIDANCE STEP 0 (t=999): Loss=0.5723, Rho=3.682434, Grad_norm=0.2716, Final_scale=3.6824
🚀 APPLYING GUIDANCE at step 1 (timestep=992)
🎯 GUIDANCE STEP 1 (t=992): Loss=0.5503, Rho=15.998032, Grad_norm=0.0625, Final_scale=15.9980
🚀 APPLYING GUIDANCE at step 2 (timestep=985)
🎯 GUIDANCE STEP 2 (t=985): Loss=0.5552, Rho=20.882168, Grad_norm=0.0479, Final_scale=20.8822
🚀 APPLYING GUIDANCE at step 3 (timestep=978)
🎯 GUIDANCE STEP 3 (t=978): Loss=0.5532, Rho=28.953297, Grad_norm=0.0345, Final_scale=28.9533
🚀 APPLYING GUIDANCE at step 4 (timestep=971)
🎯 GUIDANCE STEP 4 (t=971): Loss=0.5693, Rho=19.339064, Grad_norm=0.0517, Final_scale=19.3391
🚀 APPLYING GUIDANCE at step 5 (timestep=963)
🎯 GUIDANCE STEP 5 (t=963): Loss=0.5742, Rho=13.378121, Grad_norm=0.0747, Final_scale=13.3781
🚀 APPLYING GUIDANCE at step 6 (timestep=956)
🎯 GUIDANCE STEP 6 (t=956): Loss=0.5869, Rho=20.935291, Grad_norm=0.0478, Final_scale=20.9353
🚀 APPLYING GUIDANCE at step 7 (timestep=948)
🎯 GUIDANCE STEP 7 (t=948): Loss=0.5894, Rho=10.622573, Grad_norm=0.0941, Final_scale=10.6226
🚀 APPLYING GUIDANCE at step 8 (timestep=939)
🎯 GUIDANCE STEP 8 (t=939): Loss=0.6118, Rho=7.131682, Grad_norm=0.1402, Final_scale=7.1317
🚀 APPLYING GUIDANCE at step 9 (timestep=931)
🎯 GUIDANCE STEP 9 (t=931): Loss=0.6045, Rho=13.585611, Grad_norm=0.0736, Final_scale=13.5856
🚀 APPLYING GUIDANCE at step 10 (timestep=922)
🎯 GUIDANCE STEP 10 (t=922): Loss=0.6050, Rho=9.783643, Grad_norm=0.1022, Final_scale=9.7836
🚀 APPLYING GUIDANCE at step 11 (timestep=913)
🎯 GUIDANCE STEP 11 (t=913): Loss=0.6021, Rho=12.768086, Grad_norm=0.0783, Final_scale=12.7681
🚀 APPLYING GUIDANCE at step 12 (timestep=904)
🎯 GUIDANCE STEP 12 (t=904): Loss=0.5986, Rho=10.751659, Grad_norm=0.0930, Final_scale=10.7517
🚀 APPLYING GUIDANCE at step 13 (timestep=894)
🎯 GUIDANCE STEP 13 (t=894): Loss=0.6177, Rho=6.333335, Grad_norm=0.1579, Final_scale=6.3333
🚀 APPLYING GUIDANCE at step 14 (timestep=884)
🎯 GUIDANCE STEP 14 (t=884): Loss=0.6211, Rho=2.849230, Grad_norm=0.3510, Final_scale=2.8492
🚀 APPLYING GUIDANCE at step 15 (timestep=874)
🎯 GUIDANCE STEP 15 (t=874): Loss=0.6211, Rho=1.365957, Grad_norm=0.7321, Final_scale=1.3660
🚀 APPLYING GUIDANCE at step 16 (timestep=864)
🎯 GUIDANCE STEP 16 (t=864): Loss=0.6172, Rho=8.536422, Grad_norm=0.1171, Final_scale=8.5364
🚀 APPLYING GUIDANCE at step 17 (timestep=853)
🎯 GUIDANCE STEP 17 (t=853): Loss=0.6138, Rho=3.599924, Grad_norm=0.2778, Final_scale=3.5999
🚀 APPLYING GUIDANCE at step 18 (timestep=841)
🎯 GUIDANCE STEP 18 (t=841): Loss=0.6226, Rho=6.614329, Grad_norm=0.1512, Final_scale=6.6143
🚀 APPLYING GUIDANCE at step 19 (timestep=829)
🎯 GUIDANCE STEP 19 (t=829): Loss=0.6191, Rho=1.266789, Grad_norm=0.7894, Final_scale=1.2668
🚀 APPLYING GUIDANCE at step 20 (timestep=817)
🎯 GUIDANCE STEP 20 (t=817): Loss=0.6191, Rho=7.335718, Grad_norm=0.1363, Final_scale=7.3357
🚀 APPLYING GUIDANCE at step 21 (timestep=805)
🎯 GUIDANCE STEP 21 (t=805): Loss=0.6182, Rho=6.411853, Grad_norm=0.1560, Final_scale=6.4119
🚀 APPLYING GUIDANCE at step 22 (timestep=792)
🎯 GUIDANCE STEP 22 (t=792): Loss=0.6177, Rho=6.206482, Grad_norm=0.1611, Final_scale=6.2065
🚀 APPLYING GUIDANCE at step 23 (timestep=778)
🎯 GUIDANCE STEP 23 (t=778): Loss=0.6123, Rho=7.140285, Grad_norm=0.1401, Final_scale=7.1403
🚀 APPLYING GUIDANCE at step 24 (timestep=764)
🎯 GUIDANCE STEP 24 (t=764): Loss=0.6040, Rho=6.928656, Grad_norm=0.1443, Final_scale=6.9287
🚀 APPLYING GUIDANCE at step 25 (timestep=749)
🎯 GUIDANCE STEP 25 (t=749): Loss=0.6016, Rho=10.620968, Grad_norm=0.0942, Final_scale=10.6210
🚀 APPLYING GUIDANCE at step 26 (timestep=734)
🎯 GUIDANCE STEP 26 (t=734): Loss=0.6001, Rho=9.099402, Grad_norm=0.1099, Final_scale=9.0994
🚀 APPLYING GUIDANCE at step 27 (timestep=718)
🎯 GUIDANCE STEP 27 (t=718): Loss=0.5972, Rho=9.312429, Grad_norm=0.1074, Final_scale=9.3124
🚀 APPLYING GUIDANCE at step 28 (timestep=701)
🎯 GUIDANCE STEP 28 (t=701): Loss=0.5952, Rho=12.193783, Grad_norm=0.0820, Final_scale=12.1938
🚀 APPLYING GUIDANCE at step 29 (timestep=684)
🎯 GUIDANCE STEP 29 (t=684): Loss=0.5938, Rho=16.504467, Grad_norm=0.0606, Final_scale=16.5045
🚀 APPLYING GUIDANCE at step 30 (timestep=666)
🎯 GUIDANCE STEP 30 (t=666): Loss=0.5952, Rho=11.329314, Grad_norm=0.0883, Final_scale=11.3293
🚀 APPLYING GUIDANCE at step 31 (timestep=647)
🎯 GUIDANCE STEP 31 (t=647): Loss=0.5947, Rho=11.911602, Grad_norm=0.0840, Final_scale=11.9116
🚀 APPLYING GUIDANCE at step 32 (timestep=627)
🎯 GUIDANCE STEP 32 (t=627): Loss=0.5957, Rho=15.738144, Grad_norm=0.0635, Final_scale=15.7381
🚀 APPLYING GUIDANCE at step 33 (timestep=606)
🎯 GUIDANCE STEP 33 (t=606): Loss=0.5972, Rho=14.587442, Grad_norm=0.0686, Final_scale=14.5874
🚀 APPLYING GUIDANCE at step 34 (timestep=585)
🎯 GUIDANCE STEP 34 (t=585): Loss=0.5986, Rho=6.136558, Grad_norm=0.1630, Final_scale=6.1366
🚀 APPLYING GUIDANCE at step 35 (timestep=562)
🎯 GUIDANCE STEP 35 (t=562): Loss=0.5986, Rho=4.670121, Grad_norm=0.2141, Final_scale=4.6701
🚀 APPLYING GUIDANCE at step 36 (timestep=538)
🎯 GUIDANCE STEP 36 (t=538): Loss=0.5991, Rho=6.245975, Grad_norm=0.1601, Final_scale=6.2460
🚀 APPLYING GUIDANCE at step 37 (timestep=512)
🎯 GUIDANCE STEP 37 (t=512): Loss=0.5996, Rho=15.908661, Grad_norm=0.0629, Final_scale=15.9087
🚀 APPLYING GUIDANCE at step 38 (timestep=486)
🎯 GUIDANCE STEP 38 (t=486): Loss=0.5991, Rho=14.204886, Grad_norm=0.0704, Final_scale=14.2049
🚀 APPLYING GUIDANCE at step 39 (timestep=458)
🎯 GUIDANCE STEP 39 (t=458): Loss=0.5996, Rho=16.766161, Grad_norm=0.0596, Final_scale=16.7662
🚀 APPLYING GUIDANCE at step 40 (timestep=428)
🎯 GUIDANCE STEP 40 (t=428): Loss=0.5991, Rho=33.905617, Grad_norm=0.0295, Final_scale=33.9056
🚀 APPLYING GUIDANCE at step 41 (timestep=396)
🎯 GUIDANCE STEP 41 (t=396): Loss=0.5981, Rho=23.122618, Grad_norm=0.0432, Final_scale=23.1226
🚀 APPLYING GUIDANCE at step 42 (timestep=363)
🎯 GUIDANCE STEP 42 (t=363): Loss=0.5967, Rho=22.913124, Grad_norm=0.0436, Final_scale=22.9131
🚀 APPLYING GUIDANCE at step 43 (timestep=327)
🎯 GUIDANCE STEP 43 (t=327): Loss=0.5977, Rho=37.694942, Grad_norm=0.0265, Final_scale=37.6949
🚀 APPLYING GUIDANCE at step 44 (timestep=290)
🎯 GUIDANCE STEP 44 (t=290): Loss=0.5942, Rho=29.133888, Grad_norm=0.0343, Final_scale=29.1339
🚀 APPLYING GUIDANCE at step 45 (timestep=249)
🎯 GUIDANCE STEP 45 (t=249): Loss=0.5977, Rho=46.770561, Grad_norm=0.0214, Final_scale=46.7706
🚀 APPLYING GUIDANCE at step 46 (timestep=206)
🎯 GUIDANCE STEP 46 (t=206): Loss=0.5972, Rho=26.422401, Grad_norm=0.0378, Final_scale=26.4224
🚀 APPLYING GUIDANCE at step 47 (timestep=160)
🎯 GUIDANCE STEP 47 (t=160): Loss=0.5957, Rho=29.432234, Grad_norm=0.0340, Final_scale=29.4322
🚀 APPLYING GUIDANCE at step 48 (timestep=111)
🎯 GUIDANCE STEP 48 (t=111): Loss=0.5952, Rho=43.695103, Grad_norm=0.0229, Final_scale=43.6951
🚀 APPLYING GUIDANCE at step 49 (timestep=57)
🎯 GUIDANCE STEP 49 (t=57): Loss=0.5933, Rho=29.898916, Grad_norm=0.0334, Final_scale=29.8989
[guidance_f17_s50_w8c6_rho1.0_cfg5.0_0701_1448] Generated: generated_videos/subject_consistency/guidance_f17_s50_w8c6_rho1.0_cfg5.0_0701_1448/006_a_cat_playing_in_park.mp4
[guidance_f17_s50_w8c6_rho1.0_cfg5.0_0701_1448] Generating video 8/9 (guidance): a cat drinking water
🎬 STARTING GUIDANCE PIPELINE GENERATION
   Frames: 17, Steps: 50, CFG Scale: 5.0

🔧 GUIDANCE PIPELINE CONFIGURATION:
   Guidance range: 0 - 1001
   Rho scale: 1.0
   V-JEPA kernel_size: 8
   V-JEPA context_length: 6
   V-JEPA stride: 2
   V-JEPA mode: max
   Total timesteps: 50

🚀 APPLYING GUIDANCE at step 0 (timestep=999)
🎯 GUIDANCE STEP 0 (t=999): Loss=0.5718, Rho=11.842049, Grad_norm=0.0844, Final_scale=11.8420
🚀 APPLYING GUIDANCE at step 1 (timestep=992)
🎯 GUIDANCE STEP 1 (t=992): Loss=0.5498, Rho=25.646629, Grad_norm=0.0390, Final_scale=25.6466
🚀 APPLYING GUIDANCE at step 2 (timestep=985)
🎯 GUIDANCE STEP 2 (t=985): Loss=0.5410, Rho=20.263103, Grad_norm=0.0494, Final_scale=20.2631
🚀 APPLYING GUIDANCE at step 3 (timestep=978)
🎯 GUIDANCE STEP 3 (t=978): Loss=0.5366, Rho=18.154343, Grad_norm=0.0551, Final_scale=18.1543
🚀 APPLYING GUIDANCE at step 4 (timestep=971)
🎯 GUIDANCE STEP 4 (t=971): Loss=0.5825, Rho=16.429819, Grad_norm=0.0609, Final_scale=16.4298
🚀 APPLYING GUIDANCE at step 5 (timestep=963)
🎯 GUIDANCE STEP 5 (t=963): Loss=0.6050, Rho=2.678705, Grad_norm=0.3733, Final_scale=2.6787
🚀 APPLYING GUIDANCE at step 6 (timestep=956)
🎯 GUIDANCE STEP 6 (t=956): Loss=0.6104, Rho=6.004876, Grad_norm=0.1665, Final_scale=6.0049
🚀 APPLYING GUIDANCE at step 7 (timestep=948)
🎯 GUIDANCE STEP 7 (t=948): Loss=0.6235, Rho=4.260283, Grad_norm=0.2347, Final_scale=4.2603
🚀 APPLYING GUIDANCE at step 8 (timestep=939)
🎯 GUIDANCE STEP 8 (t=939): Loss=0.6348, Rho=6.313687, Grad_norm=0.1584, Final_scale=6.3137
🚀 APPLYING GUIDANCE at step 9 (timestep=931)
🎯 GUIDANCE STEP 9 (t=931): Loss=0.6460, Rho=6.075255, Grad_norm=0.1646, Final_scale=6.0753
🚀 APPLYING GUIDANCE at step 10 (timestep=922)
🎯 GUIDANCE STEP 10 (t=922): Loss=0.6445, Rho=7.318962, Grad_norm=0.1366, Final_scale=7.3190
🚀 APPLYING GUIDANCE at step 11 (timestep=913)
🎯 GUIDANCE STEP 11 (t=913): Loss=0.6470, Rho=9.153953, Grad_norm=0.1092, Final_scale=9.1540
🚀 APPLYING GUIDANCE at step 12 (timestep=904)
🎯 GUIDANCE STEP 12 (t=904): Loss=0.6426, Rho=9.751730, Grad_norm=0.1025, Final_scale=9.7517
🚀 APPLYING GUIDANCE at step 13 (timestep=894)
🎯 GUIDANCE STEP 13 (t=894): Loss=0.6411, Rho=4.680312, Grad_norm=0.2137, Final_scale=4.6803
🚀 APPLYING GUIDANCE at step 14 (timestep=884)
🎯 GUIDANCE STEP 14 (t=884): Loss=0.6401, Rho=9.247187, Grad_norm=0.1081, Final_scale=9.2472
🚀 APPLYING GUIDANCE at step 15 (timestep=874)
🎯 GUIDANCE STEP 15 (t=874): Loss=0.6406, Rho=4.663805, Grad_norm=0.2144, Final_scale=4.6638
🚀 APPLYING GUIDANCE at step 16 (timestep=864)
🎯 GUIDANCE STEP 16 (t=864): Loss=0.6411, Rho=1.508407, Grad_norm=0.6630, Final_scale=1.5084
🚀 APPLYING GUIDANCE at step 17 (timestep=853)
🎯 GUIDANCE STEP 17 (t=853): Loss=0.6416, Rho=8.729191, Grad_norm=0.1146, Final_scale=8.7292
🚀 APPLYING GUIDANCE at step 18 (timestep=841)
🎯 GUIDANCE STEP 18 (t=841): Loss=0.6411, Rho=3.554471, Grad_norm=0.2813, Final_scale=3.5545
🚀 APPLYING GUIDANCE at step 19 (timestep=829)
🎯 GUIDANCE STEP 19 (t=829): Loss=0.6426, Rho=10.462441, Grad_norm=0.0956, Final_scale=10.4624
🚀 APPLYING GUIDANCE at step 20 (timestep=817)
🎯 GUIDANCE STEP 20 (t=817): Loss=0.6416, Rho=5.129500, Grad_norm=0.1950, Final_scale=5.1295
🚀 APPLYING GUIDANCE at step 21 (timestep=805)
🎯 GUIDANCE STEP 21 (t=805): Loss=0.6357, Rho=5.095361, Grad_norm=0.1963, Final_scale=5.0954
🚀 APPLYING GUIDANCE at step 22 (timestep=792)
🎯 GUIDANCE STEP 22 (t=792): Loss=0.6372, Rho=5.380470, Grad_norm=0.1859, Final_scale=5.3805
🚀 APPLYING GUIDANCE at step 23 (timestep=778)
🎯 GUIDANCE STEP 23 (t=778): Loss=0.6357, Rho=2.572091, Grad_norm=0.3888, Final_scale=2.5721
🚀 APPLYING GUIDANCE at step 24 (timestep=764)
🎯 GUIDANCE STEP 24 (t=764): Loss=0.6348, Rho=4.743698, Grad_norm=0.2108, Final_scale=4.7437
🚀 APPLYING GUIDANCE at step 25 (timestep=749)
🎯 GUIDANCE STEP 25 (t=749): Loss=0.6382, Rho=5.540539, Grad_norm=0.1805, Final_scale=5.5405
🚀 APPLYING GUIDANCE at step 26 (timestep=734)
🎯 GUIDANCE STEP 26 (t=734): Loss=0.6377, Rho=3.554594, Grad_norm=0.2813, Final_scale=3.5546
🚀 APPLYING GUIDANCE at step 27 (timestep=718)
🎯 GUIDANCE STEP 27 (t=718): Loss=0.6348, Rho=4.654486, Grad_norm=0.2148, Final_scale=4.6545
🚀 APPLYING GUIDANCE at step 28 (timestep=701)
🎯 GUIDANCE STEP 28 (t=701): Loss=0.6367, Rho=7.271153, Grad_norm=0.1375, Final_scale=7.2712
🚀 APPLYING GUIDANCE at step 29 (timestep=684)
🎯 GUIDANCE STEP 29 (t=684): Loss=0.6353, Rho=3.847890, Grad_norm=0.2599, Final_scale=3.8479
🚀 APPLYING GUIDANCE at step 30 (timestep=666)
🎯 GUIDANCE STEP 30 (t=666): Loss=0.6348, Rho=2.480888, Grad_norm=0.4031, Final_scale=2.4809
🚀 APPLYING GUIDANCE at step 31 (timestep=647)
🎯 GUIDANCE STEP 31 (t=647): Loss=0.6343, Rho=2.506553, Grad_norm=0.3990, Final_scale=2.5066
🚀 APPLYING GUIDANCE at step 32 (timestep=627)
🎯 GUIDANCE STEP 32 (t=627): Loss=0.6318, Rho=4.358522, Grad_norm=0.2294, Final_scale=4.3585
🚀 APPLYING GUIDANCE at step 33 (timestep=606)
🎯 GUIDANCE STEP 33 (t=606): Loss=0.6318, Rho=9.753667, Grad_norm=0.1025, Final_scale=9.7537
🚀 APPLYING GUIDANCE at step 34 (timestep=585)
🎯 GUIDANCE STEP 34 (t=585): Loss=0.6323, Rho=2.605973, Grad_norm=0.3837, Final_scale=2.6060
🚀 APPLYING GUIDANCE at step 35 (timestep=562)
🎯 GUIDANCE STEP 35 (t=562): Loss=0.6323, Rho=9.173019, Grad_norm=0.1090, Final_scale=9.1730
🚀 APPLYING GUIDANCE at step 36 (timestep=538)
🎯 GUIDANCE STEP 36 (t=538): Loss=0.6318, Rho=12.034728, Grad_norm=0.0831, Final_scale=12.0347
🚀 APPLYING GUIDANCE at step 37 (timestep=512)
🎯 GUIDANCE STEP 37 (t=512): Loss=0.6333, Rho=2.675566, Grad_norm=0.3738, Final_scale=2.6756
🚀 APPLYING GUIDANCE at step 38 (timestep=486)
🎯 GUIDANCE STEP 38 (t=486): Loss=0.6343, Rho=18.974253, Grad_norm=0.0527, Final_scale=18.9743
🚀 APPLYING GUIDANCE at step 39 (timestep=458)
🎯 GUIDANCE STEP 39 (t=458): Loss=0.6333, Rho=4.247644, Grad_norm=0.2354, Final_scale=4.2476
🚀 APPLYING GUIDANCE at step 40 (timestep=428)
🎯 GUIDANCE STEP 40 (t=428): Loss=0.6333, Rho=4.833035, Grad_norm=0.2069, Final_scale=4.8330
🚀 APPLYING GUIDANCE at step 41 (timestep=396)
🎯 GUIDANCE STEP 41 (t=396): Loss=0.6328, Rho=8.471889, Grad_norm=0.1180, Final_scale=8.4719
🚀 APPLYING GUIDANCE at step 42 (timestep=363)
🎯 GUIDANCE STEP 42 (t=363): Loss=0.6328, Rho=9.546821, Grad_norm=0.1047, Final_scale=9.5468
🚀 APPLYING GUIDANCE at step 43 (timestep=327)
🎯 GUIDANCE STEP 43 (t=327): Loss=0.6328, Rho=7.824151, Grad_norm=0.1278, Final_scale=7.8242
🚀 APPLYING GUIDANCE at step 44 (timestep=290)
🎯 GUIDANCE STEP 44 (t=290): Loss=0.6343, Rho=4.043097, Grad_norm=0.2473, Final_scale=4.0431
🚀 APPLYING GUIDANCE at step 45 (timestep=249)
🎯 GUIDANCE STEP 45 (t=249): Loss=0.6343, Rho=14.492685, Grad_norm=0.0690, Final_scale=14.4927
🚀 APPLYING GUIDANCE at step 46 (timestep=206)
🎯 GUIDANCE STEP 46 (t=206): Loss=0.6309, Rho=12.695336, Grad_norm=0.0788, Final_scale=12.6953
🚀 APPLYING GUIDANCE at step 47 (timestep=160)
🎯 GUIDANCE STEP 47 (t=160): Loss=0.6328, Rho=22.234762, Grad_norm=0.0450, Final_scale=22.2348
🚀 APPLYING GUIDANCE at step 48 (timestep=111)
🎯 GUIDANCE STEP 48 (t=111): Loss=0.6299, Rho=17.458900, Grad_norm=0.0573, Final_scale=17.4589
🚀 APPLYING GUIDANCE at step 49 (timestep=57)
🎯 GUIDANCE STEP 49 (t=57): Loss=0.6318, Rho=8.220418, Grad_norm=0.1216, Final_scale=8.2204
[guidance_f17_s50_w8c6_rho1.0_cfg5.0_0701_1448] Generated: generated_videos/subject_consistency/guidance_f17_s50_w8c6_rho1.0_cfg5.0_0701_1448/006_a_horse_taking_a_peaceful_walk.mp4
[guidance_f17_s50_w8c6_rho1.0_cfg5.0_0701_1448] Generating video 8/9 (guidance): a horse running to join a herd of its kind
🎬 STARTING GUIDANCE PIPELINE GENERATION
   Frames: 17, Steps: 50, CFG Scale: 5.0

🔧 GUIDANCE PIPELINE CONFIGURATION:
   Guidance range: 0 - 1001
   Rho scale: 1.0
   V-JEPA kernel_size: 8
   V-JEPA context_length: 6
   V-JEPA stride: 2
   V-JEPA mode: max
   Total timesteps: 50

🚀 APPLYING GUIDANCE at step 0 (timestep=999)
🎯 GUIDANCE STEP 0 (t=999): Loss=0.5366, Rho=20.468124, Grad_norm=0.0489, Final_scale=20.4681
🚀 APPLYING GUIDANCE at step 1 (timestep=992)
🎯 GUIDANCE STEP 1 (t=992): Loss=0.5400, Rho=44.905117, Grad_norm=0.0223, Final_scale=44.9051
🚀 APPLYING GUIDANCE at step 2 (timestep=985)
🎯 GUIDANCE STEP 2 (t=985): Loss=0.5405, Rho=30.601068, Grad_norm=0.0327, Final_scale=30.6011
🚀 APPLYING GUIDANCE at step 3 (timestep=978)
🎯 GUIDANCE STEP 3 (t=978): Loss=0.5664, Rho=14.156014, Grad_norm=0.0706, Final_scale=14.1560
🚀 APPLYING GUIDANCE at step 4 (timestep=971)
🎯 GUIDANCE STEP 4 (t=971): Loss=0.5747, Rho=11.903998, Grad_norm=0.0840, Final_scale=11.9040
🚀 APPLYING GUIDANCE at step 5 (timestep=963)
🎯 GUIDANCE STEP 5 (t=963): Loss=0.5767, Rho=13.512411, Grad_norm=0.0740, Final_scale=13.5124
🚀 APPLYING GUIDANCE at step 6 (timestep=956)
🎯 GUIDANCE STEP 6 (t=956): Loss=0.5835, Rho=7.480536, Grad_norm=0.1337, Final_scale=7.4805
🚀 APPLYING GUIDANCE at step 7 (timestep=948)
🎯 GUIDANCE STEP 7 (t=948): Loss=0.5801, Rho=13.359790, Grad_norm=0.0749, Final_scale=13.3598
🚀 APPLYING GUIDANCE at step 8 (timestep=939)
🎯 GUIDANCE STEP 8 (t=939): Loss=0.5835, Rho=17.962355, Grad_norm=0.0557, Final_scale=17.9624
🚀 APPLYING GUIDANCE at step 9 (timestep=931)
🎯 GUIDANCE STEP 9 (t=931): Loss=0.5879, Rho=14.931080, Grad_norm=0.0670, Final_scale=14.9311
🚀 APPLYING GUIDANCE at step 10 (timestep=922)
🎯 GUIDANCE STEP 10 (t=922): Loss=0.5933, Rho=7.405076, Grad_norm=0.1350, Final_scale=7.4051
🚀 APPLYING GUIDANCE at step 11 (timestep=913)
🎯 GUIDANCE STEP 11 (t=913): Loss=0.5942, Rho=8.142792, Grad_norm=0.1228, Final_scale=8.1428
🚀 APPLYING GUIDANCE at step 12 (timestep=904)
🎯 GUIDANCE STEP 12 (t=904): Loss=0.6045, Rho=8.903741, Grad_norm=0.1123, Final_scale=8.9037
🚀 APPLYING GUIDANCE at step 13 (timestep=894)
🎯 GUIDANCE STEP 13 (t=894): Loss=0.6040, Rho=8.257137, Grad_norm=0.1211, Final_scale=8.2571
🚀 APPLYING GUIDANCE at step 14 (timestep=884)
🎯 GUIDANCE STEP 14 (t=884): Loss=0.6025, Rho=8.036071, Grad_norm=0.1244, Final_scale=8.0361
🚀 APPLYING GUIDANCE at step 15 (timestep=874)
🎯 GUIDANCE STEP 15 (t=874): Loss=0.6030, Rho=7.767030, Grad_norm=0.1287, Final_scale=7.7670
🚀 APPLYING GUIDANCE at step 16 (timestep=864)
🎯 GUIDANCE STEP 16 (t=864): Loss=0.6011, Rho=8.873741, Grad_norm=0.1127, Final_scale=8.8737
🚀 APPLYING GUIDANCE at step 17 (timestep=853)
🎯 GUIDANCE STEP 17 (t=853): Loss=0.6074, Rho=5.416346, Grad_norm=0.1846, Final_scale=5.4163
🚀 APPLYING GUIDANCE at step 18 (timestep=841)
🎯 GUIDANCE STEP 18 (t=841): Loss=0.6172, Rho=4.598315, Grad_norm=0.2175, Final_scale=4.5983
🚀 APPLYING GUIDANCE at step 19 (timestep=829)
🎯 GUIDANCE STEP 19 (t=829): Loss=0.6069, Rho=6.025258, Grad_norm=0.1660, Final_scale=6.0253
🚀 APPLYING GUIDANCE at step 20 (timestep=817)
🎯 GUIDANCE STEP 20 (t=817): Loss=0.6079, Rho=3.932915, Grad_norm=0.2543, Final_scale=3.9329
🚀 APPLYING GUIDANCE at step 21 (timestep=805)
🎯 GUIDANCE STEP 21 (t=805): Loss=0.6079, Rho=6.747141, Grad_norm=0.1482, Final_scale=6.7471
🚀 APPLYING GUIDANCE at step 22 (timestep=792)
🎯 GUIDANCE STEP 22 (t=792): Loss=0.6021, Rho=6.031562, Grad_norm=0.1658, Final_scale=6.0316
🚀 APPLYING GUIDANCE at step 23 (timestep=778)
🎯 GUIDANCE STEP 23 (t=778): Loss=0.6064, Rho=5.596762, Grad_norm=0.1787, Final_scale=5.5968
🚀 APPLYING GUIDANCE at step 24 (timestep=764)
🎯 GUIDANCE STEP 24 (t=764): Loss=0.6055, Rho=9.665980, Grad_norm=0.1035, Final_scale=9.6660
🚀 APPLYING GUIDANCE at step 25 (timestep=749)
🎯 GUIDANCE STEP 25 (t=749): Loss=0.6152, Rho=3.328935, Grad_norm=0.3004, Final_scale=3.3289
🚀 APPLYING GUIDANCE at step 26 (timestep=734)
🎯 GUIDANCE STEP 26 (t=734): Loss=0.6099, Rho=5.455376, Grad_norm=0.1833, Final_scale=5.4554
🚀 APPLYING GUIDANCE at step 27 (timestep=718)
🎯 GUIDANCE STEP 27 (t=718): Loss=0.6118, Rho=7.098447, Grad_norm=0.1409, Final_scale=7.0984
🚀 APPLYING GUIDANCE at step 28 (timestep=701)
🎯 GUIDANCE STEP 28 (t=701): Loss=0.6064, Rho=3.712210, Grad_norm=0.2694, Final_scale=3.7122
🚀 APPLYING GUIDANCE at step 29 (timestep=684)
🎯 GUIDANCE STEP 29 (t=684): Loss=0.6104, Rho=7.109117, Grad_norm=0.1407, Final_scale=7.1091
🚀 APPLYING GUIDANCE at step 30 (timestep=666)
🎯 GUIDANCE STEP 30 (t=666): Loss=0.6108, Rho=2.875635, Grad_norm=0.3477, Final_scale=2.8756
🚀 APPLYING GUIDANCE at step 31 (timestep=647)
🎯 GUIDANCE STEP 31 (t=647): Loss=0.6060, Rho=4.357524, Grad_norm=0.2295, Final_scale=4.3575
🚀 APPLYING GUIDANCE at step 32 (timestep=627)
🎯 GUIDANCE STEP 32 (t=627): Loss=0.6030, Rho=6.145452, Grad_norm=0.1627, Final_scale=6.1455
🚀 APPLYING GUIDANCE at step 33 (timestep=606)
🎯 GUIDANCE STEP 33 (t=606): Loss=0.6050, Rho=3.029965, Grad_norm=0.3300, Final_scale=3.0300
🚀 APPLYING GUIDANCE at step 34 (timestep=585)
🎯 GUIDANCE STEP 34 (t=585): Loss=0.6045, Rho=9.750735, Grad_norm=0.1026, Final_scale=9.7507
🚀 APPLYING GUIDANCE at step 35 (timestep=562)
🎯 GUIDANCE STEP 35 (t=562): Loss=0.6016, Rho=3.082852, Grad_norm=0.3244, Final_scale=3.0829
🚀 APPLYING GUIDANCE at step 36 (timestep=538)
🎯 GUIDANCE STEP 36 (t=538): Loss=0.6040, Rho=9.611468, Grad_norm=0.1040, Final_scale=9.6115
🚀 APPLYING GUIDANCE at step 37 (timestep=512)
🎯 GUIDANCE STEP 37 (t=512): Loss=0.6035, Rho=5.341985, Grad_norm=0.1872, Final_scale=5.3420
🚀 APPLYING GUIDANCE at step 38 (timestep=486)
🎯 GUIDANCE STEP 38 (t=486): Loss=0.6035, Rho=6.970799, Grad_norm=0.1435, Final_scale=6.9708
🚀 APPLYING GUIDANCE at step 39 (timestep=458)
🎯 GUIDANCE STEP 39 (t=458): Loss=0.6079, Rho=12.293755, Grad_norm=0.0813, Final_scale=12.2938
🚀 APPLYING GUIDANCE at step 40 (timestep=428)
🎯 GUIDANCE STEP 40 (t=428): Loss=0.6035, Rho=14.201158, Grad_norm=0.0704, Final_scale=14.2012
🚀 APPLYING GUIDANCE at step 41 (timestep=396)
🎯 GUIDANCE STEP 41 (t=396): Loss=0.6060, Rho=3.211720, Grad_norm=0.3114, Final_scale=3.2117
🚀 APPLYING GUIDANCE at step 42 (timestep=363)
🎯 GUIDANCE STEP 42 (t=363): Loss=0.6064, Rho=14.043651, Grad_norm=0.0712, Final_scale=14.0437
🚀 APPLYING GUIDANCE at step 43 (timestep=327)
🎯 GUIDANCE STEP 43 (t=327): Loss=0.6016, Rho=6.790562, Grad_norm=0.1473, Final_scale=6.7906
🚀 APPLYING GUIDANCE at step 44 (timestep=290)
🎯 GUIDANCE STEP 44 (t=290): Loss=0.6025, Rho=6.197716, Grad_norm=0.1613, Final_scale=6.1977
🚀 APPLYING GUIDANCE at step 45 (timestep=249)
🎯 GUIDANCE STEP 45 (t=249): Loss=0.6021, Rho=8.853852, Grad_norm=0.1129, Final_scale=8.8539
🚀 APPLYING GUIDANCE at step 46 (timestep=206)
🎯 GUIDANCE STEP 46 (t=206): Loss=0.6055, Rho=16.083450, Grad_norm=0.0622, Final_scale=16.0835
🚀 APPLYING GUIDANCE at step 47 (timestep=160)
🎯 GUIDANCE STEP 47 (t=160): Loss=0.6025, Rho=19.908766, Grad_norm=0.0502, Final_scale=19.9088
🚀 APPLYING GUIDANCE at step 48 (timestep=111)
🎯 GUIDANCE STEP 48 (t=111): Loss=0.6035, Rho=19.799746, Grad_norm=0.0505, Final_scale=19.7997
🚀 APPLYING GUIDANCE at step 49 (timestep=57)
🎯 GUIDANCE STEP 49 (t=57): Loss=0.6045, Rho=12.929301, Grad_norm=0.0773, Final_scale=12.9293
[guidance_f17_s50_w8c6_rho1.0_cfg5.0_0701_1448] Generated: generated_videos/subject_consistency/guidance_f17_s50_w8c6_rho1.0_cfg5.0_0701_1448/007_a_cat_drinking_water.mp4
[guidance_f17_s50_w8c6_rho1.0_cfg5.0_0701_1448] Generating video 9/9 (guidance): a cat running happily
🎬 STARTING GUIDANCE PIPELINE GENERATION
   Frames: 17, Steps: 50, CFG Scale: 5.0

🔧 GUIDANCE PIPELINE CONFIGURATION:
   Guidance range: 0 - 1001
   Rho scale: 1.0
   V-JEPA kernel_size: 8
   V-JEPA context_length: 6
   V-JEPA stride: 2
   V-JEPA mode: max
   Total timesteps: 50

🚀 APPLYING GUIDANCE at step 0 (timestep=999)
🎯 GUIDANCE STEP 0 (t=999): Loss=0.5410, Rho=24.718235, Grad_norm=0.0405, Final_scale=24.7182
🚀 APPLYING GUIDANCE at step 1 (timestep=992)
🎯 GUIDANCE STEP 1 (t=992): Loss=0.5386, Rho=24.924450, Grad_norm=0.0401, Final_scale=24.9244
🚀 APPLYING GUIDANCE at step 2 (timestep=985)
🎯 GUIDANCE STEP 2 (t=985): Loss=0.5366, Rho=14.763089, Grad_norm=0.0677, Final_scale=14.7631
🚀 APPLYING GUIDANCE at step 3 (timestep=978)
🎯 GUIDANCE STEP 3 (t=978): Loss=0.5381, Rho=17.758957, Grad_norm=0.0563, Final_scale=17.7590
🚀 APPLYING GUIDANCE at step 4 (timestep=971)
🎯 GUIDANCE STEP 4 (t=971): Loss=0.5439, Rho=25.134007, Grad_norm=0.0398, Final_scale=25.1340
🚀 APPLYING GUIDANCE at step 5 (timestep=963)
🎯 GUIDANCE STEP 5 (t=963): Loss=0.5454, Rho=15.914599, Grad_norm=0.0628, Final_scale=15.9146
🚀 APPLYING GUIDANCE at step 6 (timestep=956)
🎯 GUIDANCE STEP 6 (t=956): Loss=0.5640, Rho=8.277625, Grad_norm=0.1208, Final_scale=8.2776
🚀 APPLYING GUIDANCE at step 7 (timestep=948)
🎯 GUIDANCE STEP 7 (t=948): Loss=0.5718, Rho=12.309979, Grad_norm=0.0812, Final_scale=12.3100
🚀 APPLYING GUIDANCE at step 8 (timestep=939)
🎯 GUIDANCE STEP 8 (t=939): Loss=0.5781, Rho=14.541743, Grad_norm=0.0688, Final_scale=14.5417
🚀 APPLYING GUIDANCE at step 9 (timestep=931)
🎯 GUIDANCE STEP 9 (t=931): Loss=0.5664, Rho=9.602849, Grad_norm=0.1041, Final_scale=9.6028
🚀 APPLYING GUIDANCE at step 10 (timestep=922)
🎯 GUIDANCE STEP 10 (t=922): Loss=0.5830, Rho=8.255321, Grad_norm=0.1211, Final_scale=8.2553
🚀 APPLYING GUIDANCE at step 11 (timestep=913)
🎯 GUIDANCE STEP 11 (t=913): Loss=0.5928, Rho=5.020214, Grad_norm=0.1992, Final_scale=5.0202
🚀 APPLYING GUIDANCE at step 12 (timestep=904)
🎯 GUIDANCE STEP 12 (t=904): Loss=0.6016, Rho=3.363131, Grad_norm=0.2973, Final_scale=3.3631
🚀 APPLYING GUIDANCE at step 13 (timestep=894)
🎯 GUIDANCE STEP 13 (t=894): Loss=0.5947, Rho=4.530356, Grad_norm=0.2207, Final_scale=4.5304
🚀 APPLYING GUIDANCE at step 14 (timestep=884)
🎯 GUIDANCE STEP 14 (t=884): Loss=0.5928, Rho=2.242047, Grad_norm=0.4460, Final_scale=2.2420
🚀 APPLYING GUIDANCE at step 15 (timestep=874)
🎯 GUIDANCE STEP 15 (t=874): Loss=0.6084, Rho=3.862486, Grad_norm=0.2589, Final_scale=3.8625
🚀 APPLYING GUIDANCE at step 16 (timestep=864)
🎯 GUIDANCE STEP 16 (t=864): Loss=0.6016, Rho=2.981122, Grad_norm=0.3354, Final_scale=2.9811
🚀 APPLYING GUIDANCE at step 17 (timestep=853)
🎯 GUIDANCE STEP 17 (t=853): Loss=0.6021, Rho=6.720215, Grad_norm=0.1488, Final_scale=6.7202
🚀 APPLYING GUIDANCE at step 18 (timestep=841)
🎯 GUIDANCE STEP 18 (t=841): Loss=0.6025, Rho=5.913101, Grad_norm=0.1691, Final_scale=5.9131
🚀 APPLYING GUIDANCE at step 19 (timestep=829)
🎯 GUIDANCE STEP 19 (t=829): Loss=0.6113, Rho=4.155377, Grad_norm=0.2407, Final_scale=4.1554
🚀 APPLYING GUIDANCE at step 20 (timestep=817)
🎯 GUIDANCE STEP 20 (t=817): Loss=0.6069, Rho=5.663529, Grad_norm=0.1766, Final_scale=5.6635
🚀 APPLYING GUIDANCE at step 21 (timestep=805)
🎯 GUIDANCE STEP 21 (t=805): Loss=0.6016, Rho=3.984443, Grad_norm=0.2510, Final_scale=3.9844
🚀 APPLYING GUIDANCE at step 22 (timestep=792)
🎯 GUIDANCE STEP 22 (t=792): Loss=0.6025, Rho=5.317849, Grad_norm=0.1880, Final_scale=5.3178
🚀 APPLYING GUIDANCE at step 23 (timestep=778)
🎯 GUIDANCE STEP 23 (t=778): Loss=0.6064, Rho=4.270301, Grad_norm=0.2342, Final_scale=4.2703
🚀 APPLYING GUIDANCE at step 24 (timestep=764)
🎯 GUIDANCE STEP 24 (t=764): Loss=0.6079, Rho=3.650269, Grad_norm=0.2740, Final_scale=3.6503
🚀 APPLYING GUIDANCE at step 25 (timestep=749)
🎯 GUIDANCE STEP 25 (t=749): Loss=0.6040, Rho=4.180714, Grad_norm=0.2392, Final_scale=4.1807
🚀 APPLYING GUIDANCE at step 26 (timestep=734)
🎯 GUIDANCE STEP 26 (t=734): Loss=0.6045, Rho=4.556751, Grad_norm=0.2195, Final_scale=4.5568
🚀 APPLYING GUIDANCE at step 27 (timestep=718)
🎯 GUIDANCE STEP 27 (t=718): Loss=0.6040, Rho=12.245421, Grad_norm=0.0817, Final_scale=12.2454
🚀 APPLYING GUIDANCE at step 28 (timestep=701)
🎯 GUIDANCE STEP 28 (t=701): Loss=0.6030, Rho=7.410854, Grad_norm=0.1349, Final_scale=7.4109
🚀 APPLYING GUIDANCE at step 29 (timestep=684)
🎯 GUIDANCE STEP 29 (t=684): Loss=0.6045, Rho=10.531279, Grad_norm=0.0950, Final_scale=10.5313
🚀 APPLYING GUIDANCE at step 30 (timestep=666)
🎯 GUIDANCE STEP 30 (t=666): Loss=0.6021, Rho=8.032104, Grad_norm=0.1245, Final_scale=8.0321
🚀 APPLYING GUIDANCE at step 31 (timestep=647)
🎯 GUIDANCE STEP 31 (t=647): Loss=0.6035, Rho=5.228237, Grad_norm=0.1913, Final_scale=5.2282
🚀 APPLYING GUIDANCE at step 32 (timestep=627)
🎯 GUIDANCE STEP 32 (t=627): Loss=0.6040, Rho=9.277819, Grad_norm=0.1078, Final_scale=9.2778
🚀 APPLYING GUIDANCE at step 33 (timestep=606)
🎯 GUIDANCE STEP 33 (t=606): Loss=0.6050, Rho=4.000122, Grad_norm=0.2500, Final_scale=4.0001
🚀 APPLYING GUIDANCE at step 34 (timestep=585)
🎯 GUIDANCE STEP 34 (t=585): Loss=0.6025, Rho=8.264884, Grad_norm=0.1210, Final_scale=8.2649
🚀 APPLYING GUIDANCE at step 35 (timestep=562)
🎯 GUIDANCE STEP 35 (t=562): Loss=0.6001, Rho=12.808210, Grad_norm=0.0781, Final_scale=12.8082
🚀 APPLYING GUIDANCE at step 36 (timestep=538)
🎯 GUIDANCE STEP 36 (t=538): Loss=0.5977, Rho=6.564209, Grad_norm=0.1523, Final_scale=6.5642
🚀 APPLYING GUIDANCE at step 37 (timestep=512)
🎯 GUIDANCE STEP 37 (t=512): Loss=0.5967, Rho=8.570459, Grad_norm=0.1167, Final_scale=8.5705
🚀 APPLYING GUIDANCE at step 38 (timestep=486)
🎯 GUIDANCE STEP 38 (t=486): Loss=0.5967, Rho=12.905081, Grad_norm=0.0775, Final_scale=12.9051
🚀 APPLYING GUIDANCE at step 39 (timestep=458)
🎯 GUIDANCE STEP 39 (t=458): Loss=0.5952, Rho=8.340282, Grad_norm=0.1199, Final_scale=8.3403
🚀 APPLYING GUIDANCE at step 40 (timestep=428)
🎯 GUIDANCE STEP 40 (t=428): Loss=0.5996, Rho=13.645026, Grad_norm=0.0733, Final_scale=13.6450
🚀 APPLYING GUIDANCE at step 41 (timestep=396)
🎯 GUIDANCE STEP 41 (t=396): Loss=0.6006, Rho=19.943426, Grad_norm=0.0501, Final_scale=19.9434
🚀 APPLYING GUIDANCE at step 42 (timestep=363)
🎯 GUIDANCE STEP 42 (t=363): Loss=0.6001, Rho=7.842987, Grad_norm=0.1275, Final_scale=7.8430
🚀 APPLYING GUIDANCE at step 43 (timestep=327)
🎯 GUIDANCE STEP 43 (t=327): Loss=0.5967, Rho=32.454430, Grad_norm=0.0308, Final_scale=32.4544
🚀 APPLYING GUIDANCE at step 44 (timestep=290)
🎯 GUIDANCE STEP 44 (t=290): Loss=0.5972, Rho=19.410818, Grad_norm=0.0515, Final_scale=19.4108
🚀 APPLYING GUIDANCE at step 45 (timestep=249)
🎯 GUIDANCE STEP 45 (t=249): Loss=0.5986, Rho=20.311262, Grad_norm=0.0492, Final_scale=20.3113
🚀 APPLYING GUIDANCE at step 46 (timestep=206)
🎯 GUIDANCE STEP 46 (t=206): Loss=0.5972, Rho=31.160076, Grad_norm=0.0321, Final_scale=31.1601
🚀 APPLYING GUIDANCE at step 47 (timestep=160)
🎯 GUIDANCE STEP 47 (t=160): Loss=0.5957, Rho=24.041212, Grad_norm=0.0416, Final_scale=24.0412
🚀 APPLYING GUIDANCE at step 48 (timestep=111)
🎯 GUIDANCE STEP 48 (t=111): Loss=0.5962, Rho=11.426028, Grad_norm=0.0875, Final_scale=11.4260
🚀 APPLYING GUIDANCE at step 49 (timestep=57)
🎯 GUIDANCE STEP 49 (t=57): Loss=0.5957, Rho=9.242156, Grad_norm=0.1082, Final_scale=9.2422
[guidance_f17_s50_w8c6_rho1.0_cfg5.0_0701_1448] Generated: generated_videos/subject_consistency/guidance_f17_s50_w8c6_rho1.0_cfg5.0_0701_1448/007_a_horse_running_to_join_a_herd_of_its_kind.mp4
[guidance_f17_s50_w8c6_rho1.0_cfg5.0_0701_1448] Generating video 9/9 (guidance): a sheep bending down to drink water from a river
🎬 STARTING GUIDANCE PIPELINE GENERATION
   Frames: 17, Steps: 50, CFG Scale: 5.0

🔧 GUIDANCE PIPELINE CONFIGURATION:
   Guidance range: 0 - 1001
   Rho scale: 1.0
   V-JEPA kernel_size: 8
   V-JEPA context_length: 6
   V-JEPA stride: 2
   V-JEPA mode: max
   Total timesteps: 50

🚀 APPLYING GUIDANCE at step 0 (timestep=999)
🎯 GUIDANCE STEP 0 (t=999): Loss=0.5293, Rho=39.065559, Grad_norm=0.0256, Final_scale=39.0656
🚀 APPLYING GUIDANCE at step 1 (timestep=992)
🎯 GUIDANCE STEP 1 (t=992): Loss=0.5342, Rho=24.244276, Grad_norm=0.0412, Final_scale=24.2443
🚀 APPLYING GUIDANCE at step 2 (timestep=985)
🎯 GUIDANCE STEP 2 (t=985): Loss=0.5396, Rho=17.175102, Grad_norm=0.0582, Final_scale=17.1751
🚀 APPLYING GUIDANCE at step 3 (timestep=978)
🎯 GUIDANCE STEP 3 (t=978): Loss=0.5474, Rho=16.828562, Grad_norm=0.0594, Final_scale=16.8286
🚀 APPLYING GUIDANCE at step 4 (timestep=971)
🎯 GUIDANCE STEP 4 (t=971): Loss=0.5518, Rho=16.362133, Grad_norm=0.0611, Final_scale=16.3621
🚀 APPLYING GUIDANCE at step 5 (timestep=963)
🎯 GUIDANCE STEP 5 (t=963): Loss=0.5723, Rho=23.664728, Grad_norm=0.0423, Final_scale=23.6647
🚀 APPLYING GUIDANCE at step 6 (timestep=956)
🎯 GUIDANCE STEP 6 (t=956): Loss=0.5850, Rho=11.434662, Grad_norm=0.0875, Final_scale=11.4347
🚀 APPLYING GUIDANCE at step 7 (timestep=948)
🎯 GUIDANCE STEP 7 (t=948): Loss=0.5845, Rho=10.202292, Grad_norm=0.0980, Final_scale=10.2023
🚀 APPLYING GUIDANCE at step 8 (timestep=939)
🎯 GUIDANCE STEP 8 (t=939): Loss=0.5947, Rho=3.938937, Grad_norm=0.2539, Final_scale=3.9389
🚀 APPLYING GUIDANCE at step 9 (timestep=931)
🎯 GUIDANCE STEP 9 (t=931): Loss=0.5908, Rho=14.296565, Grad_norm=0.0699, Final_scale=14.2966
🚀 APPLYING GUIDANCE at step 10 (timestep=922)
🎯 GUIDANCE STEP 10 (t=922): Loss=0.5972, Rho=5.923198, Grad_norm=0.1688, Final_scale=5.9232
🚀 APPLYING GUIDANCE at step 11 (timestep=913)
🎯 GUIDANCE STEP 11 (t=913): Loss=0.6055, Rho=9.527347, Grad_norm=0.1050, Final_scale=9.5273
🚀 APPLYING GUIDANCE at step 12 (timestep=904)
🎯 GUIDANCE STEP 12 (t=904): Loss=0.6040, Rho=9.252645, Grad_norm=0.1081, Final_scale=9.2526
🚀 APPLYING GUIDANCE at step 13 (timestep=894)
🎯 GUIDANCE STEP 13 (t=894): Loss=0.6118, Rho=6.443711, Grad_norm=0.1552, Final_scale=6.4437
🚀 APPLYING GUIDANCE at step 14 (timestep=884)
🎯 GUIDANCE STEP 14 (t=884): Loss=0.6147, Rho=5.318981, Grad_norm=0.1880, Final_scale=5.3190
🚀 APPLYING GUIDANCE at step 15 (timestep=874)
🎯 GUIDANCE STEP 15 (t=874): Loss=0.6123, Rho=9.333652, Grad_norm=0.1071, Final_scale=9.3337
🚀 APPLYING GUIDANCE at step 16 (timestep=864)
🎯 GUIDANCE STEP 16 (t=864): Loss=0.6152, Rho=5.949781, Grad_norm=0.1681, Final_scale=5.9498
🚀 APPLYING GUIDANCE at step 17 (timestep=853)
🎯 GUIDANCE STEP 17 (t=853): Loss=0.6143, Rho=4.187590, Grad_norm=0.2388, Final_scale=4.1876
🚀 APPLYING GUIDANCE at step 18 (timestep=841)
🎯 GUIDANCE STEP 18 (t=841): Loss=0.6113, Rho=5.130948, Grad_norm=0.1949, Final_scale=5.1309
🚀 APPLYING GUIDANCE at step 19 (timestep=829)
🎯 GUIDANCE STEP 19 (t=829): Loss=0.6108, Rho=3.575959, Grad_norm=0.2796, Final_scale=3.5760
🚀 APPLYING GUIDANCE at step 20 (timestep=817)
🎯 GUIDANCE STEP 20 (t=817): Loss=0.6138, Rho=6.552983, Grad_norm=0.1526, Final_scale=6.5530
🚀 APPLYING GUIDANCE at step 21 (timestep=805)
🎯 GUIDANCE STEP 21 (t=805): Loss=0.6089, Rho=6.830965, Grad_norm=0.1464, Final_scale=6.8310
🚀 APPLYING GUIDANCE at step 22 (timestep=792)
🎯 GUIDANCE STEP 22 (t=792): Loss=0.6045, Rho=7.171788, Grad_norm=0.1394, Final_scale=7.1718
🚀 APPLYING GUIDANCE at step 23 (timestep=778)
🎯 GUIDANCE STEP 23 (t=778): Loss=0.6040, Rho=6.455360, Grad_norm=0.1549, Final_scale=6.4554
🚀 APPLYING GUIDANCE at step 24 (timestep=764)
🎯 GUIDANCE STEP 24 (t=764): Loss=0.6079, Rho=6.315665, Grad_norm=0.1583, Final_scale=6.3157
🚀 APPLYING GUIDANCE at step 25 (timestep=749)
🎯 GUIDANCE STEP 25 (t=749): Loss=0.6040, Rho=10.431961, Grad_norm=0.0959, Final_scale=10.4320
🚀 APPLYING GUIDANCE at step 26 (timestep=734)
🎯 GUIDANCE STEP 26 (t=734): Loss=0.6060, Rho=8.447807, Grad_norm=0.1184, Final_scale=8.4478
🚀 APPLYING GUIDANCE at step 27 (timestep=718)
🎯 GUIDANCE STEP 27 (t=718): Loss=0.6113, Rho=11.114067, Grad_norm=0.0900, Final_scale=11.1141
🚀 APPLYING GUIDANCE at step 28 (timestep=701)
🎯 GUIDANCE STEP 28 (t=701): Loss=0.6113, Rho=7.834054, Grad_norm=0.1276, Final_scale=7.8341
🚀 APPLYING GUIDANCE at step 29 (timestep=684)
🎯 GUIDANCE STEP 29 (t=684): Loss=0.6113, Rho=8.216701, Grad_norm=0.1217, Final_scale=8.2167
🚀 APPLYING GUIDANCE at step 30 (timestep=666)
🎯 GUIDANCE STEP 30 (t=666): Loss=0.6108, Rho=7.794271, Grad_norm=0.1283, Final_scale=7.7943
🚀 APPLYING GUIDANCE at step 31 (timestep=647)
🎯 GUIDANCE STEP 31 (t=647): Loss=0.6143, Rho=9.503502, Grad_norm=0.1052, Final_scale=9.5035
🚀 APPLYING GUIDANCE at step 32 (timestep=627)
🎯 GUIDANCE STEP 32 (t=627): Loss=0.6143, Rho=6.704784, Grad_norm=0.1491, Final_scale=6.7048
🚀 APPLYING GUIDANCE at step 33 (timestep=606)
🎯 GUIDANCE STEP 33 (t=606): Loss=0.6143, Rho=2.103920, Grad_norm=0.4753, Final_scale=2.1039
🚀 APPLYING GUIDANCE at step 34 (timestep=585)
🎯 GUIDANCE STEP 34 (t=585): Loss=0.6123, Rho=7.140861, Grad_norm=0.1400, Final_scale=7.1409
🚀 APPLYING GUIDANCE at step 35 (timestep=562)
🎯 GUIDANCE STEP 35 (t=562): Loss=0.6079, Rho=7.402426, Grad_norm=0.1351, Final_scale=7.4024
🚀 APPLYING GUIDANCE at step 36 (timestep=538)
🎯 GUIDANCE STEP 36 (t=538): Loss=0.6079, Rho=7.013912, Grad_norm=0.1426, Final_scale=7.0139
🚀 APPLYING GUIDANCE at step 37 (timestep=512)
🎯 GUIDANCE STEP 37 (t=512): Loss=0.6050, Rho=14.357367, Grad_norm=0.0697, Final_scale=14.3574
🚀 APPLYING GUIDANCE at step 38 (timestep=486)
🎯 GUIDANCE STEP 38 (t=486): Loss=0.6084, Rho=10.326896, Grad_norm=0.0968, Final_scale=10.3269
🚀 APPLYING GUIDANCE at step 39 (timestep=458)
🎯 GUIDANCE STEP 39 (t=458): Loss=0.6089, Rho=10.506270, Grad_norm=0.0952, Final_scale=10.5063
🚀 APPLYING GUIDANCE at step 40 (timestep=428)
🎯 GUIDANCE STEP 40 (t=428): Loss=0.6089, Rho=16.615839, Grad_norm=0.0602, Final_scale=16.6158
🚀 APPLYING GUIDANCE at step 41 (timestep=396)
🎯 GUIDANCE STEP 41 (t=396): Loss=0.6060, Rho=6.186540, Grad_norm=0.1616, Final_scale=6.1865
🚀 APPLYING GUIDANCE at step 42 (timestep=363)
🎯 GUIDANCE STEP 42 (t=363): Loss=0.6079, Rho=5.971099, Grad_norm=0.1675, Final_scale=5.9711
🚀 APPLYING GUIDANCE at step 43 (timestep=327)
🎯 GUIDANCE STEP 43 (t=327): Loss=0.6079, Rho=10.862569, Grad_norm=0.0921, Final_scale=10.8626
🚀 APPLYING GUIDANCE at step 44 (timestep=290)
🎯 GUIDANCE STEP 44 (t=290): Loss=0.6074, Rho=18.186287, Grad_norm=0.0550, Final_scale=18.1863
🚀 APPLYING GUIDANCE at step 45 (timestep=249)
🎯 GUIDANCE STEP 45 (t=249): Loss=0.6074, Rho=11.212454, Grad_norm=0.0892, Final_scale=11.2125
🚀 APPLYING GUIDANCE at step 46 (timestep=206)
🎯 GUIDANCE STEP 46 (t=206): Loss=0.6069, Rho=10.988085, Grad_norm=0.0910, Final_scale=10.9881
🚀 APPLYING GUIDANCE at step 47 (timestep=160)
🎯 GUIDANCE STEP 47 (t=160): Loss=0.6064, Rho=5.595397, Grad_norm=0.1787, Final_scale=5.5954
🚀 APPLYING GUIDANCE at step 48 (timestep=111)
🎯 GUIDANCE STEP 48 (t=111): Loss=0.6055, Rho=4.751602, Grad_norm=0.2105, Final_scale=4.7516
🚀 APPLYING GUIDANCE at step 49 (timestep=57)
🎯 GUIDANCE STEP 49 (t=57): Loss=0.6060, Rho=21.448473, Grad_norm=0.0466, Final_scale=21.4485
[guidance_f17_s50_w8c6_rho1.0_cfg5.0_0701_1448] Generated: generated_videos/subject_consistency/guidance_f17_s50_w8c6_rho1.0_cfg5.0_0701_1448/008_a_cat_running_happily.mp4
[guidance_f17_s50_w8c6_rho1.0_cfg5.0_0701_1448] Experiment completed! Results saved to: generated_videos/subject_consistency/guidance_f17_s50_w8c6_rho1.0_cfg5.0_0701_1448
🚀 APPLYING GUIDANCE at step 0 (timestep=999)
🎯 GUIDANCE STEP 0 (t=999): Loss=0.5547, Rho=3.284117, Grad_norm=0.3045, Final_scale=3.2841
🚀 APPLYING GUIDANCE at step 1 (timestep=992)
🎯 GUIDANCE STEP 1 (t=992): Loss=0.5405, Rho=22.774323, Grad_norm=0.0439, Final_scale=22.7743
🚀 APPLYING GUIDANCE at step 2 (timestep=985)
🎯 GUIDANCE STEP 2 (t=985): Loss=0.5352, Rho=20.707302, Grad_norm=0.0483, Final_scale=20.7073
🚀 APPLYING GUIDANCE at step 3 (timestep=978)
🎯 GUIDANCE STEP 3 (t=978): Loss=0.5464, Rho=8.495339, Grad_norm=0.1177, Final_scale=8.4953
🚀 APPLYING GUIDANCE at step 4 (timestep=971)
🎯 GUIDANCE STEP 4 (t=971): Loss=0.5767, Rho=16.103945, Grad_norm=0.0621, Final_scale=16.1039
🚀 APPLYING GUIDANCE at step 5 (timestep=963)
🎯 GUIDANCE STEP 5 (t=963): Loss=0.5850, Rho=14.690142, Grad_norm=0.0681, Final_scale=14.6901
🚀 APPLYING GUIDANCE at step 6 (timestep=956)
🎯 GUIDANCE STEP 6 (t=956): Loss=0.6050, Rho=5.667612, Grad_norm=0.1764, Final_scale=5.6676
🚀 APPLYING GUIDANCE at step 7 (timestep=948)
🎯 GUIDANCE STEP 7 (t=948): Loss=0.5991, Rho=6.534394, Grad_norm=0.1530, Final_scale=6.5344
🚀 APPLYING GUIDANCE at step 8 (timestep=939)
🎯 GUIDANCE STEP 8 (t=939): Loss=0.6035, Rho=5.275001, Grad_norm=0.1896, Final_scale=5.2750
🚀 APPLYING GUIDANCE at step 9 (timestep=931)
🎯 GUIDANCE STEP 9 (t=931): Loss=0.6084, Rho=6.866744, Grad_norm=0.1456, Final_scale=6.8667
🚀 APPLYING GUIDANCE at step 10 (timestep=922)
🎯 GUIDANCE STEP 10 (t=922): Loss=0.6099, Rho=4.557437, Grad_norm=0.2194, Final_scale=4.5574
🚀 APPLYING GUIDANCE at step 11 (timestep=913)
🎯 GUIDANCE STEP 11 (t=913): Loss=0.6162, Rho=2.959333, Grad_norm=0.3379, Final_scale=2.9593
🚀 APPLYING GUIDANCE at step 12 (timestep=904)
🎯 GUIDANCE STEP 12 (t=904): Loss=0.6167, Rho=4.444352, Grad_norm=0.2250, Final_scale=4.4444
🚀 APPLYING GUIDANCE at step 13 (timestep=894)
🎯 GUIDANCE STEP 13 (t=894): Loss=0.6196, Rho=9.098961, Grad_norm=0.1099, Final_scale=9.0990
🚀 APPLYING GUIDANCE at step 14 (timestep=884)
🎯 GUIDANCE STEP 14 (t=884): Loss=0.6167, Rho=2.850114, Grad_norm=0.3509, Final_scale=2.8501
🚀 APPLYING GUIDANCE at step 15 (timestep=874)
🎯 GUIDANCE STEP 15 (t=874): Loss=0.6138, Rho=3.834372, Grad_norm=0.2608, Final_scale=3.8344
🚀 APPLYING GUIDANCE at step 16 (timestep=864)
🎯 GUIDANCE STEP 16 (t=864): Loss=0.6152, Rho=6.974582, Grad_norm=0.1434, Final_scale=6.9746
🚀 APPLYING GUIDANCE at step 17 (timestep=853)
🎯 GUIDANCE STEP 17 (t=853): Loss=0.6172, Rho=7.190512, Grad_norm=0.1391, Final_scale=7.1905
🚀 APPLYING GUIDANCE at step 18 (timestep=841)
🎯 GUIDANCE STEP 18 (t=841): Loss=0.6152, Rho=2.372779, Grad_norm=0.4214, Final_scale=2.3728
🚀 APPLYING GUIDANCE at step 19 (timestep=829)
🎯 GUIDANCE STEP 19 (t=829): Loss=0.6108, Rho=2.919144, Grad_norm=0.3426, Final_scale=2.9191
🚀 APPLYING GUIDANCE at step 20 (timestep=817)
🎯 GUIDANCE STEP 20 (t=817): Loss=0.6084, Rho=4.794131, Grad_norm=0.2086, Final_scale=4.7941
🚀 APPLYING GUIDANCE at step 21 (timestep=805)
🎯 GUIDANCE STEP 21 (t=805): Loss=0.6074, Rho=2.549790, Grad_norm=0.3922, Final_scale=2.5498
🚀 APPLYING GUIDANCE at step 22 (timestep=792)
🎯 GUIDANCE STEP 22 (t=792): Loss=0.6104, Rho=3.128317, Grad_norm=0.3197, Final_scale=3.1283
🚀 APPLYING GUIDANCE at step 23 (timestep=778)
🎯 GUIDANCE STEP 23 (t=778): Loss=0.6099, Rho=2.394298, Grad_norm=0.4177, Final_scale=2.3943
🚀 APPLYING GUIDANCE at step 24 (timestep=764)
🎯 GUIDANCE STEP 24 (t=764): Loss=0.6113, Rho=2.799780, Grad_norm=0.3572, Final_scale=2.7998
🚀 APPLYING GUIDANCE at step 25 (timestep=749)
🎯 GUIDANCE STEP 25 (t=749): Loss=0.6147, Rho=2.162578, Grad_norm=0.4624, Final_scale=2.1626
🚀 APPLYING GUIDANCE at step 26 (timestep=734)
🎯 GUIDANCE STEP 26 (t=734): Loss=0.6133, Rho=3.370311, Grad_norm=0.2967, Final_scale=3.3703
🚀 APPLYING GUIDANCE at step 27 (timestep=718)
🎯 GUIDANCE STEP 27 (t=718): Loss=0.6128, Rho=6.096870, Grad_norm=0.1640, Final_scale=6.0969
🚀 APPLYING GUIDANCE at step 28 (timestep=701)
🎯 GUIDANCE STEP 28 (t=701): Loss=0.6108, Rho=2.148744, Grad_norm=0.4654, Final_scale=2.1487
🚀 APPLYING GUIDANCE at step 29 (timestep=684)
🎯 GUIDANCE STEP 29 (t=684): Loss=0.6118, Rho=4.889884, Grad_norm=0.2045, Final_scale=4.8899
🚀 APPLYING GUIDANCE at step 30 (timestep=666)
🎯 GUIDANCE STEP 30 (t=666): Loss=0.6104, Rho=6.864707, Grad_norm=0.1457, Final_scale=6.8647
🚀 APPLYING GUIDANCE at step 31 (timestep=647)
🎯 GUIDANCE STEP 31 (t=647): Loss=0.6118, Rho=1.650347, Grad_norm=0.6059, Final_scale=1.6503
🚀 APPLYING GUIDANCE at step 32 (timestep=627)
🎯 GUIDANCE STEP 32 (t=627): Loss=0.6084, Rho=2.863024, Grad_norm=0.3493, Final_scale=2.8630
🚀 APPLYING GUIDANCE at step 33 (timestep=606)
🎯 GUIDANCE STEP 33 (t=606): Loss=0.6074, Rho=1.878679, Grad_norm=0.5323, Final_scale=1.8787
🚀 APPLYING GUIDANCE at step 34 (timestep=585)
🎯 GUIDANCE STEP 34 (t=585): Loss=0.6064, Rho=5.191884, Grad_norm=0.1926, Final_scale=5.1919
🚀 APPLYING GUIDANCE at step 35 (timestep=562)
🎯 GUIDANCE STEP 35 (t=562): Loss=0.6089, Rho=3.410238, Grad_norm=0.2932, Final_scale=3.4102
🚀 APPLYING GUIDANCE at step 36 (timestep=538)
🎯 GUIDANCE STEP 36 (t=538): Loss=0.6064, Rho=3.276381, Grad_norm=0.3052, Final_scale=3.2764
🚀 APPLYING GUIDANCE at step 37 (timestep=512)
🎯 GUIDANCE STEP 37 (t=512): Loss=0.6084, Rho=6.683183, Grad_norm=0.1496, Final_scale=6.6832
🚀 APPLYING GUIDANCE at step 38 (timestep=486)
🎯 GUIDANCE STEP 38 (t=486): Loss=0.6074, Rho=9.728500, Grad_norm=0.1028, Final_scale=9.7285
🚀 APPLYING GUIDANCE at step 39 (timestep=458)
🎯 GUIDANCE STEP 39 (t=458): Loss=0.6060, Rho=5.668915, Grad_norm=0.1764, Final_scale=5.6689
🚀 APPLYING GUIDANCE at step 40 (timestep=428)
🎯 GUIDANCE STEP 40 (t=428): Loss=0.6064, Rho=8.765392, Grad_norm=0.1141, Final_scale=8.7654
🚀 APPLYING GUIDANCE at step 41 (timestep=396)
🎯 GUIDANCE STEP 41 (t=396): Loss=0.6074, Rho=11.455885, Grad_norm=0.0873, Final_scale=11.4559
🚀 APPLYING GUIDANCE at step 42 (timestep=363)
🎯 GUIDANCE STEP 42 (t=363): Loss=0.6025, Rho=8.342803, Grad_norm=0.1199, Final_scale=8.3428
🚀 APPLYING GUIDANCE at step 43 (timestep=327)
🎯 GUIDANCE STEP 43 (t=327): Loss=0.6055, Rho=5.605097, Grad_norm=0.1784, Final_scale=5.6051
🚀 APPLYING GUIDANCE at step 44 (timestep=290)
🎯 GUIDANCE STEP 44 (t=290): Loss=0.6001, Rho=1.981516, Grad_norm=0.5047, Final_scale=1.9815
🚀 APPLYING GUIDANCE at step 45 (timestep=249)
🎯 GUIDANCE STEP 45 (t=249): Loss=0.6021, Rho=22.045435, Grad_norm=0.0454, Final_scale=22.0454
🚀 APPLYING GUIDANCE at step 46 (timestep=206)
🎯 GUIDANCE STEP 46 (t=206): Loss=0.6025, Rho=8.204277, Grad_norm=0.1219, Final_scale=8.2043
🚀 APPLYING GUIDANCE at step 47 (timestep=160)
🎯 GUIDANCE STEP 47 (t=160): Loss=0.6011, Rho=16.694450, Grad_norm=0.0599, Final_scale=16.6945
🚀 APPLYING GUIDANCE at step 48 (timestep=111)
🎯 GUIDANCE STEP 48 (t=111): Loss=0.6021, Rho=15.466573, Grad_norm=0.0647, Final_scale=15.4666
🚀 APPLYING GUIDANCE at step 49 (timestep=57)
🎯 GUIDANCE STEP 49 (t=57): Loss=0.5991, Rho=15.136598, Grad_norm=0.0661, Final_scale=15.1366
[guidance_f17_s50_w8c6_rho1.0_cfg5.0_0701_1448] Generated: generated_videos/subject_consistency/guidance_f17_s50_w8c6_rho1.0_cfg5.0_0701_1448/008_a_sheep_bending_down_to_drink_water_from_a_river.mp4
[guidance_f17_s50_w8c6_rho1.0_cfg5.0_0701_1448] Experiment completed! Results saved to: generated_videos/subject_consistency/guidance_f17_s50_w8c6_rho1.0_cfg5.0_0701_1448
