Fri Jul  4 14:06:19 2025       
+-----------------------------------------------------------------------------------------+
| NVIDIA-SMI 570.133.20             Driver Version: 570.133.20     CUDA Version: 12.8     |
|-----------------------------------------+------------------------+----------------------+
| GPU  Name                 Persistence-M | Bus-Id          Disp.A | Volatile Uncorr. ECC |
| Fan  Temp   Perf          Pwr:Usage/Cap |           Memory-Usage | GPU-Util  Compute M. |
|                                         |                        |               MIG M. |
|=========================================+========================+======================|
|   0  NVIDIA H200                    On  |   00000000:59:00.0 Off |                    0 |
| N/A   43C    P0             78W /  700W |       0MiB / 143771MiB |      0%      Default |
|                                         |                        |             Disabled |
+-----------------------------------------+------------------------+----------------------+
|   1  NVIDIA H200                    On  |   00000000:5A:00.0 Off |                    0 |
| N/A   38C    P0             77W /  700W |       0MiB / 143771MiB |      0%      Default |
|                                         |                        |             Disabled |
+-----------------------------------------+------------------------+----------------------+
|   2  NVIDIA H200                    On  |   00000000:72:00.0 Off |                    0 |
| N/A   41C    P0             77W /  700W |       0MiB / 143771MiB |      0%      Default |
|                                         |                        |             Disabled |
+-----------------------------------------+------------------------+----------------------+
|   3  NVIDIA H200                    On  |   00000000:73:00.0 Off |                    0 |
| N/A   37C    P0             75W /  700W |       0MiB / 143771MiB |      0%      Default |
|                                         |                        |             Disabled |
+-----------------------------------------+------------------------+----------------------+
|   4  NVIDIA H200                    On  |   00000000:8B:00.0 Off |                    0 |
| N/A   41C    P0             78W /  700W |       0MiB / 143771MiB |      0%      Default |
|                                         |                        |             Disabled |
+-----------------------------------------+------------------------+----------------------+
|   5  NVIDIA H200                    On  |   00000000:8C:00.0 Off |                    0 |
| N/A   37C    P0             79W /  700W |       0MiB / 143771MiB |      0%      Default |
|                                         |                        |             Disabled |
+-----------------------------------------+------------------------+----------------------+
|   6  NVIDIA H200                    On  |   00000000:A4:00.0 Off |                    0 |
| N/A   43C    P0             80W /  700W |       0MiB / 143771MiB |      0%      Default |
|                                         |                        |             Disabled |
+-----------------------------------------+------------------------+----------------------+
|   7  NVIDIA H200                    On  |   00000000:A5:00.0 Off |                    0 |
| N/A   37C    P0             75W /  700W |       0MiB / 143771MiB |      0%      Default |
|                                         |                        |             Disabled |
+-----------------------------------------+------------------------+----------------------+
                                                                                         
+-----------------------------------------------------------------------------------------+
| Processes:                                                                              |
|  GPU   GI   CI              PID   Type   Process name                        GPU Memory |
|        ID   ID                                                               Usage      |
|=========================================================================================|
|  No running processes found                                                             |
+-----------------------------------------------------------------------------------------+
Running batch sample script env activated

============================================================
EXPERIMENT: guidance_f33_s50_w16c8_rho1.0_cfg5.0nodyna
============================================================
Sampling method: guidance
Inference steps: 50
Frames per video: 33
CFG scale: 5.0
Prompts assigned to this GPU: 9
V-JEPA parameters:
  - Model type: torch
  - Kernel size: 16 (torch V-JEPA frames_per_clip)
  - Context length: 8
  - Stride: 2
  - Mode: max
Guidance parameters:
  - Timestep range: 0-1001
  - Rho scale: 1.0
============================================================


============================================================
EXPERIMENT: guidance_f33_s50_w16c8_rho1.0_cfg5.0nodyna
============================================================
Sampling method: guidance
Inference steps: 50
Frames per video: 33
CFG scale: 5.0
Prompts assigned to this GPU: 9
V-JEPA parameters:
  - Model type: torch
  - Kernel size: 16 (torch V-JEPA frames_per_clip)
  - Context length: 8
  - Stride: 2
  - Mode: max
Guidance parameters:
  - Timestep range: 0-1001
  - Rho scale: 1.0
============================================================


============================================================
EXPERIMENT: guidance_f33_s50_w16c8_rho1.0_cfg5.0nodyna
============================================================
Sampling method: guidance
Inference steps: 50
Frames per video: 33
CFG scale: 5.0
Prompts assigned to this GPU: 9
V-JEPA parameters:
  - Model type: torch
  - Kernel size: 16 (torch V-JEPA frames_per_clip)
  - Context length: 8
  - Stride: 2
  - Mode: max
Guidance parameters:
  - Timestep range: 0-1001
  - Rho scale: 1.0
============================================================


============================================================
EXPERIMENT: guidance_f33_s50_w16c8_rho1.0_cfg5.0nodyna
============================================================
Sampling method: guidance
Inference steps: 50
Frames per video: 33
CFG scale: 5.0
Prompts assigned to this GPU: 9
V-JEPA parameters:
  - Model type: torch
  - Kernel size: 16 (torch V-JEPA frames_per_clip)
  - Context length: 8
  - Stride: 2
  - Mode: max
Guidance parameters:
  - Timestep range: 0-1001
  - Rho scale: 1.0
============================================================


============================================================
EXPERIMENT: guidance_f33_s50_w16c8_rho1.0_cfg5.0nodyna
============================================================
Sampling method: guidance
Inference steps: 50
Frames per video: 33
CFG scale: 5.0
Prompts assigned to this GPU: 9
V-JEPA parameters:
  - Model type: torch
  - Kernel size: 16 (torch V-JEPA frames_per_clip)
  - Context length: 8
  - Stride: 2
  - Mode: max
Guidance parameters:
  - Timestep range: 0-1001
  - Rho scale: 1.0
============================================================


============================================================
EXPERIMENT: guidance_f33_s50_w16c8_rho1.0_cfg5.0nodyna
============================================================
Sampling method: guidance
Inference steps: 50
Frames per video: 33
CFG scale: 5.0
Prompts assigned to this GPU: 9
V-JEPA parameters:
  - Model type: torch
  - Kernel size: 16 (torch V-JEPA frames_per_clip)
  - Context length: 8
  - Stride: 2
  - Mode: max
Guidance parameters:
  - Timestep range: 0-1001
  - Rho scale: 1.0
============================================================


============================================================
EXPERIMENT: guidance_f33_s50_w16c8_rho1.0_cfg5.0nodyna
============================================================
Sampling method: guidance
Inference steps: 50
Frames per video: 33
CFG scale: 5.0
Prompts assigned to this GPU: 9
V-JEPA parameters:
  - Model type: torch
  - Kernel size: 16 (torch V-JEPA frames_per_clip)
  - Context length: 8
  - Stride: 2
  - Mode: max
Guidance parameters:
  - Timestep range: 0-1001
  - Rho scale: 1.0
============================================================


============================================================
EXPERIMENT: guidance_f33_s50_w16c8_rho1.0_cfg5.0nodyna
============================================================
Sampling method: guidance
Inference steps: 50
Frames per video: 33
CFG scale: 5.0
Prompts assigned to this GPU: 9
V-JEPA parameters:
  - Model type: torch
  - Kernel size: 16 (torch V-JEPA frames_per_clip)
  - Context length: 8
  - Stride: 2
  - Mode: max
Guidance parameters:
  - Timestep range: 0-1001
  - Rho scale: 1.0
============================================================

🚀 Loading torch V-JEPA model for guidance...
VisionTransformerPredictor(
  (predictor_embed): Linear(in_features=1280, out_features=384, bias=True)
  (mask_tokens): ParameterList(
      (0): Parameter containing: [torch.float32 of size 1x1x384]
      (1): Parameter containing: [torch.float32 of size 1x1x384]
      (2): Parameter containing: [torch.float32 of size 1x1x384]
      (3): Parameter containing: [torch.float32 of size 1x1x384]
      (4): Parameter containing: [torch.float32 of size 1x1x384]
      (5): Parameter containing: [torch.float32 of size 1x1x384]
      (6): Parameter containing: [torch.float32 of size 1x1x384]
      (7): Parameter containing: [torch.float32 of size 1x1x384]
      (8): Parameter containing: [torch.float32 of size 1x1x384]
      (9): Parameter containing: [torch.float32 of size 1x1x384]
  )
  (predictor_blocks): ModuleList(
    (0-11): 12 x Block(
      (norm1): LayerNorm((384,), eps=1e-06, elementwise_affine=True)
      (attn): RoPEAttention(
        (qkv): Linear(in_features=384, out_features=1152, bias=True)
        (attn_drop): Dropout(p=0.0, inplace=False)
        (proj): Linear(in_features=384, out_features=384, bias=True)
        (proj_drop): Dropout(p=0.0, inplace=False)
      )
      (drop_path): Identity()
      (norm2): LayerNorm((384,), eps=1e-06, elementwise_affine=True)
      (mlp): MLP(
        (fc1): Linear(in_features=384, out_features=1536, bias=True)
        (act): GELU(approximate='none')
        (fc2): Linear(in_features=1536, out_features=384, bias=True)
        (drop): Dropout(p=0.0, inplace=False)
      )
    )
  )
  (predictor_norm): LayerNorm((384,), eps=1e-06, elementwise_affine=True)
  (predictor_proj): Linear(in_features=384, out_features=1280, bias=True)
)
Torch V-JEPA model loaded from ./vit-h-open/vith.pt using config /home/yjianhao/project/video_guidance/config/vjepa_2_h_open.yaml
Video already exists, skipping: generated_videos/subject_consistency/guidance_f33_s50_w16c8_rho1.0_cfg5.0nodyna/a sheep taking a peaceful walk.mp4
Video already exists, skipping: generated_videos/subject_consistency/guidance_f33_s50_w16c8_rho1.0_cfg5.0nodyna/a sheep running to join a herd of its kind.mp4
Video already exists, skipping: generated_videos/subject_consistency/guidance_f33_s50_w16c8_rho1.0_cfg5.0nodyna/a cow bending down to drink water from a river.mp4
Video already exists, skipping: generated_videos/subject_consistency/guidance_f33_s50_w16c8_rho1.0_cfg5.0nodyna/a cow chewing cud while resting in a tranquil barn.mp4
Video already exists, skipping: generated_videos/subject_consistency/guidance_f33_s50_w16c8_rho1.0_cfg5.0nodyna/a cow running to join a herd of its kind.mp4
Video already exists, skipping: generated_videos/subject_consistency/guidance_f33_s50_w16c8_rho1.0_cfg5.0nodyna/an elephant spraying itself with water using its trunk to cool down.mp4
Video already exists, skipping: generated_videos/subject_consistency/guidance_f33_s50_w16c8_rho1.0_cfg5.0nodyna/an elephant taking a peaceful walk.mp4
Video already exists, skipping: generated_videos/subject_consistency/guidance_f33_s50_w16c8_rho1.0_cfg5.0nodyna/an elephant running to join a herd of its kind.mp4
Video already exists, skipping: generated_videos/subject_consistency/guidance_f33_s50_w16c8_rho1.0_cfg5.0nodyna/a bear catching a salmon in its powerful jaws.mp4
[guidance_f33_s50_w16c8_rho1.0_cfg5.0nodyna] Experiment completed! Results saved to: generated_videos/subject_consistency/guidance_f33_s50_w16c8_rho1.0_cfg5.0nodyna
🚀 Loading torch V-JEPA model for guidance...
VisionTransformerPredictor(
  (predictor_embed): Linear(in_features=1280, out_features=384, bias=True)
  (mask_tokens): ParameterList(
      (0): Parameter containing: [torch.float32 of size 1x1x384]
      (1): Parameter containing: [torch.float32 of size 1x1x384]
      (2): Parameter containing: [torch.float32 of size 1x1x384]
      (3): Parameter containing: [torch.float32 of size 1x1x384]
      (4): Parameter containing: [torch.float32 of size 1x1x384]
      (5): Parameter containing: [torch.float32 of size 1x1x384]
      (6): Parameter containing: [torch.float32 of size 1x1x384]
      (7): Parameter containing: [torch.float32 of size 1x1x384]
      (8): Parameter containing: [torch.float32 of size 1x1x384]
      (9): Parameter containing: [torch.float32 of size 1x1x384]
  )
  (predictor_blocks): ModuleList(
    (0-11): 12 x Block(
      (norm1): LayerNorm((384,), eps=1e-06, elementwise_affine=True)
      (attn): RoPEAttention(
        (qkv): Linear(in_features=384, out_features=1152, bias=True)
        (attn_drop): Dropout(p=0.0, inplace=False)
        (proj): Linear(in_features=384, out_features=384, bias=True)
        (proj_drop): Dropout(p=0.0, inplace=False)
      )
      (drop_path): Identity()
      (norm2): LayerNorm((384,), eps=1e-06, elementwise_affine=True)
      (mlp): MLP(
        (fc1): Linear(in_features=384, out_features=1536, bias=True)
        (act): GELU(approximate='none')
        (fc2): Linear(in_features=1536, out_features=384, bias=True)
        (drop): Dropout(p=0.0, inplace=False)
      )
    )
  )
  (predictor_norm): LayerNorm((384,), eps=1e-06, elementwise_affine=True)
  (predictor_proj): Linear(in_features=384, out_features=1280, bias=True)
)
Torch V-JEPA model loaded from ./vit-h-open/vith.pt using config /home/yjianhao/project/video_guidance/config/vjepa_2_h_open.yaml
Video already exists, skipping: generated_videos/subject_consistency/guidance_f33_s50_w16c8_rho1.0_cfg5.0nodyna/a person swimming in ocean.mp4
Video already exists, skipping: generated_videos/subject_consistency/guidance_f33_s50_w16c8_rho1.0_cfg5.0nodyna/a person giving a presentation to a room full of colleagues.mp4
Video already exists, skipping: generated_videos/subject_consistency/guidance_f33_s50_w16c8_rho1.0_cfg5.0nodyna/a person washing the dishes.mp4
Video already exists, skipping: generated_videos/subject_consistency/guidance_f33_s50_w16c8_rho1.0_cfg5.0nodyna/a person eating a burger.mp4
Video already exists, skipping: generated_videos/subject_consistency/guidance_f33_s50_w16c8_rho1.0_cfg5.0nodyna/a person walking in the snowstorm.mp4
Video already exists, skipping: generated_videos/subject_consistency/guidance_f33_s50_w16c8_rho1.0_cfg5.0nodyna/a person drinking coffee in a cafe.mp4
Video already exists, skipping: generated_videos/subject_consistency/guidance_f33_s50_w16c8_rho1.0_cfg5.0nodyna/a person playing guitar.mp4
Video already exists, skipping: generated_videos/subject_consistency/guidance_f33_s50_w16c8_rho1.0_cfg5.0nodyna/a bicycle leaning against a tree.mp4
Video already exists, skipping: generated_videos/subject_consistency/guidance_f33_s50_w16c8_rho1.0_cfg5.0nodyna/a bicycle gliding through a snowy field.mp4
[guidance_f33_s50_w16c8_rho1.0_cfg5.0nodyna] Experiment completed! Results saved to: generated_videos/subject_consistency/guidance_f33_s50_w16c8_rho1.0_cfg5.0nodyna
🚀 Loading torch V-JEPA model for guidance...
VisionTransformerPredictor(
  (predictor_embed): Linear(in_features=1280, out_features=384, bias=True)
  (mask_tokens): ParameterList(
      (0): Parameter containing: [torch.float32 of size 1x1x384]
      (1): Parameter containing: [torch.float32 of size 1x1x384]
      (2): Parameter containing: [torch.float32 of size 1x1x384]
      (3): Parameter containing: [torch.float32 of size 1x1x384]
      (4): Parameter containing: [torch.float32 of size 1x1x384]
      (5): Parameter containing: [torch.float32 of size 1x1x384]
      (6): Parameter containing: [torch.float32 of size 1x1x384]
      (7): Parameter containing: [torch.float32 of size 1x1x384]
      (8): Parameter containing: [torch.float32 of size 1x1x384]
      (9): Parameter containing: [torch.float32 of size 1x1x384]
  )
  (predictor_blocks): ModuleList(
    (0-11): 12 x Block(
      (norm1): LayerNorm((384,), eps=1e-06, elementwise_affine=True)
      (attn): RoPEAttention(
        (qkv): Linear(in_features=384, out_features=1152, bias=True)
        (attn_drop): Dropout(p=0.0, inplace=False)
        (proj): Linear(in_features=384, out_features=384, bias=True)
        (proj_drop): Dropout(p=0.0, inplace=False)
      )
      (drop_path): Identity()
      (norm2): LayerNorm((384,), eps=1e-06, elementwise_affine=True)
      (mlp): MLP(
        (fc1): Linear(in_features=384, out_features=1536, bias=True)
        (act): GELU(approximate='none')
        (fc2): Linear(in_features=1536, out_features=384, bias=True)
        (drop): Dropout(p=0.0, inplace=False)
      )
    )
  )
  (predictor_norm): LayerNorm((384,), eps=1e-06, elementwise_affine=True)
  (predictor_proj): Linear(in_features=384, out_features=1280, bias=True)
)
Torch V-JEPA model loaded from ./vit-h-open/vith.pt using config /home/yjianhao/project/video_guidance/config/vjepa_2_h_open.yaml
Video already exists, skipping: generated_videos/subject_consistency/guidance_f33_s50_w16c8_rho1.0_cfg5.0nodyna/a boat slowing down to stop.mp4
Video already exists, skipping: generated_videos/subject_consistency/guidance_f33_s50_w16c8_rho1.0_cfg5.0nodyna/a boat accelerating to gain speed.mp4
Video already exists, skipping: generated_videos/subject_consistency/guidance_f33_s50_w16c8_rho1.0_cfg5.0nodyna/a bird soaring gracefully in the sky.mp4
Video already exists, skipping: generated_videos/subject_consistency/guidance_f33_s50_w16c8_rho1.0_cfg5.0nodyna/a bird building a nest from twigs and leaves.mp4
Video already exists, skipping: generated_videos/subject_consistency/guidance_f33_s50_w16c8_rho1.0_cfg5.0nodyna/a bird flying over a snowy forest.mp4
Video already exists, skipping: generated_videos/subject_consistency/guidance_f33_s50_w16c8_rho1.0_cfg5.0nodyna/a cat grooming itself meticulously with its tongue.mp4
Video already exists, skipping: generated_videos/subject_consistency/guidance_f33_s50_w16c8_rho1.0_cfg5.0nodyna/a cat playing in park.mp4
Video already exists, skipping: generated_videos/subject_consistency/guidance_f33_s50_w16c8_rho1.0_cfg5.0nodyna/a cat drinking water.mp4
Video already exists, skipping: generated_videos/subject_consistency/guidance_f33_s50_w16c8_rho1.0_cfg5.0nodyna/a cat running happily.mp4
[guidance_f33_s50_w16c8_rho1.0_cfg5.0nodyna] Experiment completed! Results saved to: generated_videos/subject_consistency/guidance_f33_s50_w16c8_rho1.0_cfg5.0nodyna
🚀 Loading torch V-JEPA model for guidance...
VisionTransformerPredictor(
  (predictor_embed): Linear(in_features=1280, out_features=384, bias=True)
  (mask_tokens): ParameterList(
      (0): Parameter containing: [torch.float32 of size 1x1x384]
      (1): Parameter containing: [torch.float32 of size 1x1x384]
      (2): Parameter containing: [torch.float32 of size 1x1x384]
      (3): Parameter containing: [torch.float32 of size 1x1x384]
      (4): Parameter containing: [torch.float32 of size 1x1x384]
      (5): Parameter containing: [torch.float32 of size 1x1x384]
      (6): Parameter containing: [torch.float32 of size 1x1x384]
      (7): Parameter containing: [torch.float32 of size 1x1x384]
      (8): Parameter containing: [torch.float32 of size 1x1x384]
      (9): Parameter containing: [torch.float32 of size 1x1x384]
  )
  (predictor_blocks): ModuleList(
    (0-11): 12 x Block(
      (norm1): LayerNorm((384,), eps=1e-06, elementwise_affine=True)
      (attn): RoPEAttention(
        (qkv): Linear(in_features=384, out_features=1152, bias=True)
        (attn_drop): Dropout(p=0.0, inplace=False)
        (proj): Linear(in_features=384, out_features=384, bias=True)
        (proj_drop): Dropout(p=0.0, inplace=False)
      )
      (drop_path): Identity()
      (norm2): LayerNorm((384,), eps=1e-06, elementwise_affine=True)
      (mlp): MLP(
        (fc1): Linear(in_features=384, out_features=1536, bias=True)
        (act): GELU(approximate='none')
        (fc2): Linear(in_features=1536, out_features=384, bias=True)
        (drop): Dropout(p=0.0, inplace=False)
      )
    )
  )
  (predictor_norm): LayerNorm((384,), eps=1e-06, elementwise_affine=True)
  (predictor_proj): Linear(in_features=384, out_features=1280, bias=True)
)
Torch V-JEPA model loaded from ./vit-h-open/vith.pt using config /home/yjianhao/project/video_guidance/config/vjepa_2_h_open.yaml
Video already exists, skipping: generated_videos/subject_consistency/guidance_f33_s50_w16c8_rho1.0_cfg5.0nodyna/a train speeding down the tracks.mp4
Video already exists, skipping: generated_videos/subject_consistency/guidance_f33_s50_w16c8_rho1.0_cfg5.0nodyna/a train crossing over a tall bridge.mp4
Video already exists, skipping: generated_videos/subject_consistency/guidance_f33_s50_w16c8_rho1.0_cfg5.0nodyna/a train accelerating to gain speed.mp4
Video already exists, skipping: generated_videos/subject_consistency/guidance_f33_s50_w16c8_rho1.0_cfg5.0nodyna/a truck turning a corner.mp4
Video already exists, skipping: generated_videos/subject_consistency/guidance_f33_s50_w16c8_rho1.0_cfg5.0nodyna/a truck anchored in a tranquil bay.mp4
Video already exists, skipping: generated_videos/subject_consistency/guidance_f33_s50_w16c8_rho1.0_cfg5.0nodyna/a truck stuck in traffic during rush hour.mp4
Video already exists, skipping: generated_videos/subject_consistency/guidance_f33_s50_w16c8_rho1.0_cfg5.0nodyna/a truck slowing down to stop.mp4
Video already exists, skipping: generated_videos/subject_consistency/guidance_f33_s50_w16c8_rho1.0_cfg5.0nodyna/a truck accelerating to gain speed.mp4
Video already exists, skipping: generated_videos/subject_consistency/guidance_f33_s50_w16c8_rho1.0_cfg5.0nodyna/a boat sailing smoothly on a calm lake.mp4
[guidance_f33_s50_w16c8_rho1.0_cfg5.0nodyna] Experiment completed! Results saved to: generated_videos/subject_consistency/guidance_f33_s50_w16c8_rho1.0_cfg5.0nodyna
🚀 Loading torch V-JEPA model for guidance...
VisionTransformerPredictor(
  (predictor_embed): Linear(in_features=1280, out_features=384, bias=True)
  (mask_tokens): ParameterList(
      (0): Parameter containing: [torch.float32 of size 1x1x384]
      (1): Parameter containing: [torch.float32 of size 1x1x384]
      (2): Parameter containing: [torch.float32 of size 1x1x384]
      (3): Parameter containing: [torch.float32 of size 1x1x384]
      (4): Parameter containing: [torch.float32 of size 1x1x384]
      (5): Parameter containing: [torch.float32 of size 1x1x384]
      (6): Parameter containing: [torch.float32 of size 1x1x384]
      (7): Parameter containing: [torch.float32 of size 1x1x384]
      (8): Parameter containing: [torch.float32 of size 1x1x384]
      (9): Parameter containing: [torch.float32 of size 1x1x384]
  )
  (predictor_blocks): ModuleList(
    (0-11): 12 x Block(
      (norm1): LayerNorm((384,), eps=1e-06, elementwise_affine=True)
      (attn): RoPEAttention(
        (qkv): Linear(in_features=384, out_features=1152, bias=True)
        (attn_drop): Dropout(p=0.0, inplace=False)
        (proj): Linear(in_features=384, out_features=384, bias=True)
        (proj_drop): Dropout(p=0.0, inplace=False)
      )
      (drop_path): Identity()
      (norm2): LayerNorm((384,), eps=1e-06, elementwise_affine=True)
      (mlp): MLP(
        (fc1): Linear(in_features=384, out_features=1536, bias=True)
        (act): GELU(approximate='none')
        (fc2): Linear(in_features=1536, out_features=384, bias=True)
        (drop): Dropout(p=0.0, inplace=False)
      )
    )
  )
  (predictor_norm): LayerNorm((384,), eps=1e-06, elementwise_affine=True)
  (predictor_proj): Linear(in_features=384, out_features=1280, bias=True)
)
Torch V-JEPA model loaded from ./vit-h-open/vith.pt using config /home/yjianhao/project/video_guidance/config/vjepa_2_h_open.yaml
Video already exists, skipping: generated_videos/subject_consistency/guidance_f33_s50_w16c8_rho1.0_cfg5.0nodyna/a dog enjoying a peaceful walk.mp4
Video already exists, skipping: generated_videos/subject_consistency/guidance_f33_s50_w16c8_rho1.0_cfg5.0nodyna/a dog playing in park.mp4
Video already exists, skipping: generated_videos/subject_consistency/guidance_f33_s50_w16c8_rho1.0_cfg5.0nodyna/a dog drinking water.mp4
Video already exists, skipping: generated_videos/subject_consistency/guidance_f33_s50_w16c8_rho1.0_cfg5.0nodyna/a dog running happily.mp4
Video already exists, skipping: generated_videos/subject_consistency/guidance_f33_s50_w16c8_rho1.0_cfg5.0nodyna/a horse bending down to drink water from a river.mp4
Video already exists, skipping: generated_videos/subject_consistency/guidance_f33_s50_w16c8_rho1.0_cfg5.0nodyna/a horse galloping across an open field.mp4
Video already exists, skipping: generated_videos/subject_consistency/guidance_f33_s50_w16c8_rho1.0_cfg5.0nodyna/a horse taking a peaceful walk.mp4
Video already exists, skipping: generated_videos/subject_consistency/guidance_f33_s50_w16c8_rho1.0_cfg5.0nodyna/a horse running to join a herd of its kind.mp4
Video already exists, skipping: generated_videos/subject_consistency/guidance_f33_s50_w16c8_rho1.0_cfg5.0nodyna/a sheep bending down to drink water from a river.mp4
[guidance_f33_s50_w16c8_rho1.0_cfg5.0nodyna] Experiment completed! Results saved to: generated_videos/subject_consistency/guidance_f33_s50_w16c8_rho1.0_cfg5.0nodyna
🚀 Loading torch V-JEPA model for guidance...
VisionTransformerPredictor(
  (predictor_embed): Linear(in_features=1280, out_features=384, bias=True)
  (mask_tokens): ParameterList(
      (0): Parameter containing: [torch.float32 of size 1x1x384]
      (1): Parameter containing: [torch.float32 of size 1x1x384]
      (2): Parameter containing: [torch.float32 of size 1x1x384]
      (3): Parameter containing: [torch.float32 of size 1x1x384]
      (4): Parameter containing: [torch.float32 of size 1x1x384]
      (5): Parameter containing: [torch.float32 of size 1x1x384]
      (6): Parameter containing: [torch.float32 of size 1x1x384]
      (7): Parameter containing: [torch.float32 of size 1x1x384]
      (8): Parameter containing: [torch.float32 of size 1x1x384]
      (9): Parameter containing: [torch.float32 of size 1x1x384]
  )
  (predictor_blocks): ModuleList(
    (0-11): 12 x Block(
      (norm1): LayerNorm((384,), eps=1e-06, elementwise_affine=True)
      (attn): RoPEAttention(
        (qkv): Linear(in_features=384, out_features=1152, bias=True)
        (attn_drop): Dropout(p=0.0, inplace=False)
        (proj): Linear(in_features=384, out_features=384, bias=True)
        (proj_drop): Dropout(p=0.0, inplace=False)
      )
      (drop_path): Identity()
      (norm2): LayerNorm((384,), eps=1e-06, elementwise_affine=True)
      (mlp): MLP(
        (fc1): Linear(in_features=384, out_features=1536, bias=True)
        (act): GELU(approximate='none')
        (fc2): Linear(in_features=1536, out_features=384, bias=True)
        (drop): Dropout(p=0.0, inplace=False)
      )
    )
  )
  (predictor_norm): LayerNorm((384,), eps=1e-06, elementwise_affine=True)
  (predictor_proj): Linear(in_features=384, out_features=1280, bias=True)
)
Torch V-JEPA model loaded from ./vit-h-open/vith.pt using config /home/yjianhao/project/video_guidance/config/vjepa_2_h_open.yaml
Video already exists, skipping: generated_videos/subject_consistency/guidance_f33_s50_w16c8_rho1.0_cfg5.0nodyna/a bear sniffing the air for scents of food.mp4
Video already exists, skipping: generated_videos/subject_consistency/guidance_f33_s50_w16c8_rho1.0_cfg5.0nodyna/a bear climbing a tree.mp4
Video already exists, skipping: generated_videos/subject_consistency/guidance_f33_s50_w16c8_rho1.0_cfg5.0nodyna/a bear hunting for prey.mp4
Video already exists, skipping: generated_videos/subject_consistency/guidance_f33_s50_w16c8_rho1.0_cfg5.0nodyna/a zebra bending down to drink water from a river.mp4
Video already exists, skipping: generated_videos/subject_consistency/guidance_f33_s50_w16c8_rho1.0_cfg5.0nodyna/a zebra running to join a herd of its kind.mp4
Video already exists, skipping: generated_videos/subject_consistency/guidance_f33_s50_w16c8_rho1.0_cfg5.0nodyna/a zebra taking a peaceful walk.mp4
Video already exists, skipping: generated_videos/subject_consistency/guidance_f33_s50_w16c8_rho1.0_cfg5.0nodyna/a giraffe bending down to drink water from a river.mp4
Video already exists, skipping: generated_videos/subject_consistency/guidance_f33_s50_w16c8_rho1.0_cfg5.0nodyna/a giraffe taking a peaceful walk.mp4
Video already exists, skipping: generated_videos/subject_consistency/guidance_f33_s50_w16c8_rho1.0_cfg5.0nodyna/a giraffe running to join a herd of its kind.mp4
[guidance_f33_s50_w16c8_rho1.0_cfg5.0nodyna] Experiment completed! Results saved to: generated_videos/subject_consistency/guidance_f33_s50_w16c8_rho1.0_cfg5.0nodyna
🚀 Loading torch V-JEPA model for guidance...
VisionTransformerPredictor(
  (predictor_embed): Linear(in_features=1280, out_features=384, bias=True)
  (mask_tokens): ParameterList(
      (0): Parameter containing: [torch.float32 of size 1x1x384]
      (1): Parameter containing: [torch.float32 of size 1x1x384]
      (2): Parameter containing: [torch.float32 of size 1x1x384]
      (3): Parameter containing: [torch.float32 of size 1x1x384]
      (4): Parameter containing: [torch.float32 of size 1x1x384]
      (5): Parameter containing: [torch.float32 of size 1x1x384]
      (6): Parameter containing: [torch.float32 of size 1x1x384]
      (7): Parameter containing: [torch.float32 of size 1x1x384]
      (8): Parameter containing: [torch.float32 of size 1x1x384]
      (9): Parameter containing: [torch.float32 of size 1x1x384]
  )
  (predictor_blocks): ModuleList(
    (0-11): 12 x Block(
      (norm1): LayerNorm((384,), eps=1e-06, elementwise_affine=True)
      (attn): RoPEAttention(
        (qkv): Linear(in_features=384, out_features=1152, bias=True)
        (attn_drop): Dropout(p=0.0, inplace=False)
        (proj): Linear(in_features=384, out_features=384, bias=True)
        (proj_drop): Dropout(p=0.0, inplace=False)
      )
      (drop_path): Identity()
      (norm2): LayerNorm((384,), eps=1e-06, elementwise_affine=True)
      (mlp): MLP(
        (fc1): Linear(in_features=384, out_features=1536, bias=True)
        (act): GELU(approximate='none')
        (fc2): Linear(in_features=1536, out_features=384, bias=True)
        (drop): Dropout(p=0.0, inplace=False)
      )
    )
  )
  (predictor_norm): LayerNorm((384,), eps=1e-06, elementwise_affine=True)
  (predictor_proj): Linear(in_features=384, out_features=1280, bias=True)
)
Torch V-JEPA model loaded from ./vit-h-open/vith.pt using config /home/yjianhao/project/video_guidance/config/vjepa_2_h_open.yaml
Video already exists, skipping: generated_videos/subject_consistency/guidance_f33_s50_w16c8_rho1.0_cfg5.0nodyna/a motorcycle gliding through a snowy field.mp4
Video already exists, skipping: generated_videos/subject_consistency/guidance_f33_s50_w16c8_rho1.0_cfg5.0nodyna/a motorcycle accelerating to gain speed.mp4
Video already exists, skipping: generated_videos/subject_consistency/guidance_f33_s50_w16c8_rho1.0_cfg5.0nodyna/an airplane soaring through a clear blue sky.mp4
Video already exists, skipping: generated_videos/subject_consistency/guidance_f33_s50_w16c8_rho1.0_cfg5.0nodyna/an airplane taking off.mp4
Video already exists, skipping: generated_videos/subject_consistency/guidance_f33_s50_w16c8_rho1.0_cfg5.0nodyna/an airplane landing smoothly on a runway.mp4
Video already exists, skipping: generated_videos/subject_consistency/guidance_f33_s50_w16c8_rho1.0_cfg5.0nodyna/an airplane accelerating to gain speed.mp4
Video already exists, skipping: generated_videos/subject_consistency/guidance_f33_s50_w16c8_rho1.0_cfg5.0nodyna/a bus turning a corner.mp4
Video already exists, skipping: generated_videos/subject_consistency/guidance_f33_s50_w16c8_rho1.0_cfg5.0nodyna/a bus stuck in traffic during rush hour.mp4
Video already exists, skipping: generated_videos/subject_consistency/guidance_f33_s50_w16c8_rho1.0_cfg5.0nodyna/a bus accelerating to gain speed.mp4
[guidance_f33_s50_w16c8_rho1.0_cfg5.0nodyna] Experiment completed! Results saved to: generated_videos/subject_consistency/guidance_f33_s50_w16c8_rho1.0_cfg5.0nodyna
🚀 Loading torch V-JEPA model for guidance...
VisionTransformerPredictor(
  (predictor_embed): Linear(in_features=1280, out_features=384, bias=True)
  (mask_tokens): ParameterList(
      (0): Parameter containing: [torch.float32 of size 1x1x384]
      (1): Parameter containing: [torch.float32 of size 1x1x384]
      (2): Parameter containing: [torch.float32 of size 1x1x384]
      (3): Parameter containing: [torch.float32 of size 1x1x384]
      (4): Parameter containing: [torch.float32 of size 1x1x384]
      (5): Parameter containing: [torch.float32 of size 1x1x384]
      (6): Parameter containing: [torch.float32 of size 1x1x384]
      (7): Parameter containing: [torch.float32 of size 1x1x384]
      (8): Parameter containing: [torch.float32 of size 1x1x384]
      (9): Parameter containing: [torch.float32 of size 1x1x384]
  )
  (predictor_blocks): ModuleList(
    (0-11): 12 x Block(
      (norm1): LayerNorm((384,), eps=1e-06, elementwise_affine=True)
      (attn): RoPEAttention(
        (qkv): Linear(in_features=384, out_features=1152, bias=True)
        (attn_drop): Dropout(p=0.0, inplace=False)
        (proj): Linear(in_features=384, out_features=384, bias=True)
        (proj_drop): Dropout(p=0.0, inplace=False)
      )
      (drop_path): Identity()
      (norm2): LayerNorm((384,), eps=1e-06, elementwise_affine=True)
      (mlp): MLP(
        (fc1): Linear(in_features=384, out_features=1536, bias=True)
        (act): GELU(approximate='none')
        (fc2): Linear(in_features=1536, out_features=384, bias=True)
        (drop): Dropout(p=0.0, inplace=False)
      )
    )
  )
  (predictor_norm): LayerNorm((384,), eps=1e-06, elementwise_affine=True)
  (predictor_proj): Linear(in_features=384, out_features=1280, bias=True)
)
Torch V-JEPA model loaded from ./vit-h-open/vith.pt using config /home/yjianhao/project/video_guidance/config/vjepa_2_h_open.yaml
Video already exists, skipping: generated_videos/subject_consistency/guidance_f33_s50_w16c8_rho1.0_cfg5.0nodyna/a bicycle slowing down to stop.mp4
Video already exists, skipping: generated_videos/subject_consistency/guidance_f33_s50_w16c8_rho1.0_cfg5.0nodyna/a bicycle accelerating to gain speed.mp4
Video already exists, skipping: generated_videos/subject_consistency/guidance_f33_s50_w16c8_rho1.0_cfg5.0nodyna/a car stuck in traffic during rush hour.mp4
Video already exists, skipping: generated_videos/subject_consistency/guidance_f33_s50_w16c8_rho1.0_cfg5.0nodyna/a car turning a corner.mp4
Video already exists, skipping: generated_videos/subject_consistency/guidance_f33_s50_w16c8_rho1.0_cfg5.0nodyna/a car slowing down to stop.mp4
Video already exists, skipping: generated_videos/subject_consistency/guidance_f33_s50_w16c8_rho1.0_cfg5.0nodyna/a car accelerating to gain speed.mp4
Video already exists, skipping: generated_videos/subject_consistency/guidance_f33_s50_w16c8_rho1.0_cfg5.0nodyna/a motorcycle cruising along a coastal highway.mp4
Video already exists, skipping: generated_videos/subject_consistency/guidance_f33_s50_w16c8_rho1.0_cfg5.0nodyna/a motorcycle turning a corner.mp4
Video already exists, skipping: generated_videos/subject_consistency/guidance_f33_s50_w16c8_rho1.0_cfg5.0nodyna/a motorcycle slowing down to stop.mp4
[guidance_f33_s50_w16c8_rho1.0_cfg5.0nodyna] Experiment completed! Results saved to: generated_videos/subject_consistency/guidance_f33_s50_w16c8_rho1.0_cfg5.0nodyna

============================================================
EXPERIMENT: guidance_f33_s50_w16c8_rho50.0_cfg5.0nodyna
============================================================
Sampling method: guidance
Inference steps: 50
Frames per video: 33
CFG scale: 5.0
Prompts assigned to this GPU: 9
V-JEPA parameters:
  - Model type: torch
  - Kernel size: 16 (torch V-JEPA frames_per_clip)
  - Context length: 8
  - Stride: 2
  - Mode: max
Guidance parameters:
  - Timestep range: 0-1001
  - Rho scale: 50.0
============================================================


============================================================
EXPERIMENT: guidance_f33_s50_w16c8_rho50.0_cfg5.0nodyna
============================================================
Sampling method: guidance
Inference steps: 50
Frames per video: 33
CFG scale: 5.0
Prompts assigned to this GPU: 9
V-JEPA parameters:
  - Model type: torch
  - Kernel size: 16 (torch V-JEPA frames_per_clip)
  - Context length: 8
  - Stride: 2
  - Mode: max
Guidance parameters:
  - Timestep range: 0-1001
  - Rho scale: 50.0
============================================================


============================================================
EXPERIMENT: guidance_f33_s50_w16c8_rho50.0_cfg5.0nodyna
============================================================
Sampling method: guidance
Inference steps: 50
Frames per video: 33
CFG scale: 5.0
Prompts assigned to this GPU: 9
V-JEPA parameters:
  - Model type: torch
  - Kernel size: 16 (torch V-JEPA frames_per_clip)
  - Context length: 8
  - Stride: 2
  - Mode: max
Guidance parameters:
  - Timestep range: 0-1001
  - Rho scale: 50.0
============================================================


============================================================
EXPERIMENT: guidance_f33_s50_w16c8_rho50.0_cfg5.0nodyna
============================================================
Sampling method: guidance
Inference steps: 50
Frames per video: 33
CFG scale: 5.0
Prompts assigned to this GPU: 9
V-JEPA parameters:
  - Model type: torch
  - Kernel size: 16 (torch V-JEPA frames_per_clip)
  - Context length: 8
  - Stride: 2
  - Mode: max
Guidance parameters:
  - Timestep range: 0-1001
  - Rho scale: 50.0
============================================================


============================================================
EXPERIMENT: guidance_f33_s50_w16c8_rho50.0_cfg5.0nodyna
============================================================
Sampling method: guidance
Inference steps: 50
Frames per video: 33
CFG scale: 5.0
Prompts assigned to this GPU: 9
V-JEPA parameters:
  - Model type: torch
  - Kernel size: 16 (torch V-JEPA frames_per_clip)
  - Context length: 8
  - Stride: 2
  - Mode: max
Guidance parameters:
  - Timestep range: 0-1001
  - Rho scale: 50.0
============================================================


============================================================
EXPERIMENT: guidance_f33_s50_w16c8_rho50.0_cfg5.0nodyna
============================================================
Sampling method: guidance
Inference steps: 50
Frames per video: 33
CFG scale: 5.0
Prompts assigned to this GPU: 9
V-JEPA parameters:
  - Model type: torch
  - Kernel size: 16 (torch V-JEPA frames_per_clip)
  - Context length: 8
  - Stride: 2
  - Mode: max
Guidance parameters:
  - Timestep range: 0-1001
  - Rho scale: 50.0
============================================================


============================================================
EXPERIMENT: guidance_f33_s50_w16c8_rho50.0_cfg5.0nodyna
============================================================
Sampling method: guidance
Inference steps: 50
Frames per video: 33
CFG scale: 5.0
Prompts assigned to this GPU: 9
V-JEPA parameters:
  - Model type: torch
  - Kernel size: 16 (torch V-JEPA frames_per_clip)
  - Context length: 8
  - Stride: 2
  - Mode: max
Guidance parameters:
  - Timestep range: 0-1001
  - Rho scale: 50.0
============================================================


============================================================
EXPERIMENT: guidance_f33_s50_w16c8_rho50.0_cfg5.0nodyna
============================================================
Sampling method: guidance
Inference steps: 50
Frames per video: 33
CFG scale: 5.0
Prompts assigned to this GPU: 9
V-JEPA parameters:
  - Model type: torch
  - Kernel size: 16 (torch V-JEPA frames_per_clip)
  - Context length: 8
  - Stride: 2
  - Mode: max
Guidance parameters:
  - Timestep range: 0-1001
  - Rho scale: 50.0
============================================================

🚀 Loading torch V-JEPA model for guidance...
VisionTransformerPredictor(
  (predictor_embed): Linear(in_features=1280, out_features=384, bias=True)
  (mask_tokens): ParameterList(
      (0): Parameter containing: [torch.float32 of size 1x1x384]
      (1): Parameter containing: [torch.float32 of size 1x1x384]
      (2): Parameter containing: [torch.float32 of size 1x1x384]
      (3): Parameter containing: [torch.float32 of size 1x1x384]
      (4): Parameter containing: [torch.float32 of size 1x1x384]
      (5): Parameter containing: [torch.float32 of size 1x1x384]
      (6): Parameter containing: [torch.float32 of size 1x1x384]
      (7): Parameter containing: [torch.float32 of size 1x1x384]
      (8): Parameter containing: [torch.float32 of size 1x1x384]
      (9): Parameter containing: [torch.float32 of size 1x1x384]
  )
  (predictor_blocks): ModuleList(
    (0-11): 12 x Block(
      (norm1): LayerNorm((384,), eps=1e-06, elementwise_affine=True)
      (attn): RoPEAttention(
        (qkv): Linear(in_features=384, out_features=1152, bias=True)
        (attn_drop): Dropout(p=0.0, inplace=False)
        (proj): Linear(in_features=384, out_features=384, bias=True)
        (proj_drop): Dropout(p=0.0, inplace=False)
      )
      (drop_path): Identity()
      (norm2): LayerNorm((384,), eps=1e-06, elementwise_affine=True)
      (mlp): MLP(
        (fc1): Linear(in_features=384, out_features=1536, bias=True)
        (act): GELU(approximate='none')
        (fc2): Linear(in_features=1536, out_features=384, bias=True)
        (drop): Dropout(p=0.0, inplace=False)
      )
    )
  )
  (predictor_norm): LayerNorm((384,), eps=1e-06, elementwise_affine=True)
  (predictor_proj): Linear(in_features=384, out_features=1280, bias=True)
)
Torch V-JEPA model loaded from ./vit-h-open/vith.pt using config /home/yjianhao/project/video_guidance/config/vjepa_2_h_open.yaml
Video already exists, skipping: generated_videos/subject_consistency/guidance_f33_s50_w16c8_rho50.0_cfg5.0nodyna/a sheep taking a peaceful walk.mp4
Video already exists, skipping: generated_videos/subject_consistency/guidance_f33_s50_w16c8_rho50.0_cfg5.0nodyna/a sheep running to join a herd of its kind.mp4
Video already exists, skipping: generated_videos/subject_consistency/guidance_f33_s50_w16c8_rho50.0_cfg5.0nodyna/a cow bending down to drink water from a river.mp4
Video already exists, skipping: generated_videos/subject_consistency/guidance_f33_s50_w16c8_rho50.0_cfg5.0nodyna/a cow chewing cud while resting in a tranquil barn.mp4
Video already exists, skipping: generated_videos/subject_consistency/guidance_f33_s50_w16c8_rho50.0_cfg5.0nodyna/a cow running to join a herd of its kind.mp4
Video already exists, skipping: generated_videos/subject_consistency/guidance_f33_s50_w16c8_rho50.0_cfg5.0nodyna/an elephant spraying itself with water using its trunk to cool down.mp4
Video already exists, skipping: generated_videos/subject_consistency/guidance_f33_s50_w16c8_rho50.0_cfg5.0nodyna/an elephant taking a peaceful walk.mp4
Video already exists, skipping: generated_videos/subject_consistency/guidance_f33_s50_w16c8_rho50.0_cfg5.0nodyna/an elephant running to join a herd of its kind.mp4
Video already exists, skipping: generated_videos/subject_consistency/guidance_f33_s50_w16c8_rho50.0_cfg5.0nodyna/a bear catching a salmon in its powerful jaws.mp4
[guidance_f33_s50_w16c8_rho50.0_cfg5.0nodyna] Experiment completed! Results saved to: generated_videos/subject_consistency/guidance_f33_s50_w16c8_rho50.0_cfg5.0nodyna
🚀 Loading torch V-JEPA model for guidance...
VisionTransformerPredictor(
  (predictor_embed): Linear(in_features=1280, out_features=384, bias=True)
  (mask_tokens): ParameterList(
      (0): Parameter containing: [torch.float32 of size 1x1x384]
      (1): Parameter containing: [torch.float32 of size 1x1x384]
      (2): Parameter containing: [torch.float32 of size 1x1x384]
      (3): Parameter containing: [torch.float32 of size 1x1x384]
      (4): Parameter containing: [torch.float32 of size 1x1x384]
      (5): Parameter containing: [torch.float32 of size 1x1x384]
      (6): Parameter containing: [torch.float32 of size 1x1x384]
      (7): Parameter containing: [torch.float32 of size 1x1x384]
      (8): Parameter containing: [torch.float32 of size 1x1x384]
      (9): Parameter containing: [torch.float32 of size 1x1x384]
  )
  (predictor_blocks): ModuleList(
    (0-11): 12 x Block(
      (norm1): LayerNorm((384,), eps=1e-06, elementwise_affine=True)
      (attn): RoPEAttention(
        (qkv): Linear(in_features=384, out_features=1152, bias=True)
        (attn_drop): Dropout(p=0.0, inplace=False)
        (proj): Linear(in_features=384, out_features=384, bias=True)
        (proj_drop): Dropout(p=0.0, inplace=False)
      )
      (drop_path): Identity()
      (norm2): LayerNorm((384,), eps=1e-06, elementwise_affine=True)
      (mlp): MLP(
        (fc1): Linear(in_features=384, out_features=1536, bias=True)
        (act): GELU(approximate='none')
        (fc2): Linear(in_features=1536, out_features=384, bias=True)
        (drop): Dropout(p=0.0, inplace=False)
      )
    )
  )
  (predictor_norm): LayerNorm((384,), eps=1e-06, elementwise_affine=True)
  (predictor_proj): Linear(in_features=384, out_features=1280, bias=True)
)
Torch V-JEPA model loaded from ./vit-h-open/vith.pt using config /home/yjianhao/project/video_guidance/config/vjepa_2_h_open.yaml
Video already exists, skipping: generated_videos/subject_consistency/guidance_f33_s50_w16c8_rho50.0_cfg5.0nodyna/a motorcycle gliding through a snowy field.mp4
Video already exists, skipping: generated_videos/subject_consistency/guidance_f33_s50_w16c8_rho50.0_cfg5.0nodyna/a motorcycle accelerating to gain speed.mp4
Video already exists, skipping: generated_videos/subject_consistency/guidance_f33_s50_w16c8_rho50.0_cfg5.0nodyna/an airplane soaring through a clear blue sky.mp4
Video already exists, skipping: generated_videos/subject_consistency/guidance_f33_s50_w16c8_rho50.0_cfg5.0nodyna/an airplane taking off.mp4
Video already exists, skipping: generated_videos/subject_consistency/guidance_f33_s50_w16c8_rho50.0_cfg5.0nodyna/an airplane landing smoothly on a runway.mp4
Video already exists, skipping: generated_videos/subject_consistency/guidance_f33_s50_w16c8_rho50.0_cfg5.0nodyna/an airplane accelerating to gain speed.mp4
Video already exists, skipping: generated_videos/subject_consistency/guidance_f33_s50_w16c8_rho50.0_cfg5.0nodyna/a bus turning a corner.mp4
Video already exists, skipping: generated_videos/subject_consistency/guidance_f33_s50_w16c8_rho50.0_cfg5.0nodyna/a bus stuck in traffic during rush hour.mp4
Video already exists, skipping: generated_videos/subject_consistency/guidance_f33_s50_w16c8_rho50.0_cfg5.0nodyna/a bus accelerating to gain speed.mp4
[guidance_f33_s50_w16c8_rho50.0_cfg5.0nodyna] Experiment completed! Results saved to: generated_videos/subject_consistency/guidance_f33_s50_w16c8_rho50.0_cfg5.0nodyna
🚀 Loading torch V-JEPA model for guidance...
VisionTransformerPredictor(
  (predictor_embed): Linear(in_features=1280, out_features=384, bias=True)
  (mask_tokens): ParameterList(
      (0): Parameter containing: [torch.float32 of size 1x1x384]
      (1): Parameter containing: [torch.float32 of size 1x1x384]
      (2): Parameter containing: [torch.float32 of size 1x1x384]
      (3): Parameter containing: [torch.float32 of size 1x1x384]
      (4): Parameter containing: [torch.float32 of size 1x1x384]
      (5): Parameter containing: [torch.float32 of size 1x1x384]
      (6): Parameter containing: [torch.float32 of size 1x1x384]
      (7): Parameter containing: [torch.float32 of size 1x1x384]
      (8): Parameter containing: [torch.float32 of size 1x1x384]
      (9): Parameter containing: [torch.float32 of size 1x1x384]
  )
  (predictor_blocks): ModuleList(
    (0-11): 12 x Block(
      (norm1): LayerNorm((384,), eps=1e-06, elementwise_affine=True)
      (attn): RoPEAttention(
        (qkv): Linear(in_features=384, out_features=1152, bias=True)
        (attn_drop): Dropout(p=0.0, inplace=False)
        (proj): Linear(in_features=384, out_features=384, bias=True)
        (proj_drop): Dropout(p=0.0, inplace=False)
      )
      (drop_path): Identity()
      (norm2): LayerNorm((384,), eps=1e-06, elementwise_affine=True)
      (mlp): MLP(
        (fc1): Linear(in_features=384, out_features=1536, bias=True)
        (act): GELU(approximate='none')
        (fc2): Linear(in_features=1536, out_features=384, bias=True)
        (drop): Dropout(p=0.0, inplace=False)
      )
    )
  )
  (predictor_norm): LayerNorm((384,), eps=1e-06, elementwise_affine=True)
  (predictor_proj): Linear(in_features=384, out_features=1280, bias=True)
)
Torch V-JEPA model loaded from ./vit-h-open/vith.pt using config /home/yjianhao/project/video_guidance/config/vjepa_2_h_open.yaml
Video already exists, skipping: generated_videos/subject_consistency/guidance_f33_s50_w16c8_rho50.0_cfg5.0nodyna/a dog enjoying a peaceful walk.mp4
Video already exists, skipping: generated_videos/subject_consistency/guidance_f33_s50_w16c8_rho50.0_cfg5.0nodyna/a dog playing in park.mp4
Video already exists, skipping: generated_videos/subject_consistency/guidance_f33_s50_w16c8_rho50.0_cfg5.0nodyna/a dog drinking water.mp4
Video already exists, skipping: generated_videos/subject_consistency/guidance_f33_s50_w16c8_rho50.0_cfg5.0nodyna/a dog running happily.mp4
Video already exists, skipping: generated_videos/subject_consistency/guidance_f33_s50_w16c8_rho50.0_cfg5.0nodyna/a horse bending down to drink water from a river.mp4
Video already exists, skipping: generated_videos/subject_consistency/guidance_f33_s50_w16c8_rho50.0_cfg5.0nodyna/a horse galloping across an open field.mp4
Video already exists, skipping: generated_videos/subject_consistency/guidance_f33_s50_w16c8_rho50.0_cfg5.0nodyna/a horse taking a peaceful walk.mp4
Video already exists, skipping: generated_videos/subject_consistency/guidance_f33_s50_w16c8_rho50.0_cfg5.0nodyna/a horse running to join a herd of its kind.mp4
Video already exists, skipping: generated_videos/subject_consistency/guidance_f33_s50_w16c8_rho50.0_cfg5.0nodyna/a sheep bending down to drink water from a river.mp4
[guidance_f33_s50_w16c8_rho50.0_cfg5.0nodyna] Experiment completed! Results saved to: generated_videos/subject_consistency/guidance_f33_s50_w16c8_rho50.0_cfg5.0nodyna
🚀 Loading torch V-JEPA model for guidance...
VisionTransformerPredictor(
  (predictor_embed): Linear(in_features=1280, out_features=384, bias=True)
  (mask_tokens): ParameterList(
      (0): Parameter containing: [torch.float32 of size 1x1x384]
      (1): Parameter containing: [torch.float32 of size 1x1x384]
      (2): Parameter containing: [torch.float32 of size 1x1x384]
      (3): Parameter containing: [torch.float32 of size 1x1x384]
      (4): Parameter containing: [torch.float32 of size 1x1x384]
      (5): Parameter containing: [torch.float32 of size 1x1x384]
      (6): Parameter containing: [torch.float32 of size 1x1x384]
      (7): Parameter containing: [torch.float32 of size 1x1x384]
      (8): Parameter containing: [torch.float32 of size 1x1x384]
      (9): Parameter containing: [torch.float32 of size 1x1x384]
  )
  (predictor_blocks): ModuleList(
    (0-11): 12 x Block(
      (norm1): LayerNorm((384,), eps=1e-06, elementwise_affine=True)
      (attn): RoPEAttention(
        (qkv): Linear(in_features=384, out_features=1152, bias=True)
        (attn_drop): Dropout(p=0.0, inplace=False)
        (proj): Linear(in_features=384, out_features=384, bias=True)
        (proj_drop): Dropout(p=0.0, inplace=False)
      )
      (drop_path): Identity()
      (norm2): LayerNorm((384,), eps=1e-06, elementwise_affine=True)
      (mlp): MLP(
        (fc1): Linear(in_features=384, out_features=1536, bias=True)
        (act): GELU(approximate='none')
        (fc2): Linear(in_features=1536, out_features=384, bias=True)
        (drop): Dropout(p=0.0, inplace=False)
      )
    )
  )
  (predictor_norm): LayerNorm((384,), eps=1e-06, elementwise_affine=True)
  (predictor_proj): Linear(in_features=384, out_features=1280, bias=True)
)
Torch V-JEPA model loaded from ./vit-h-open/vith.pt using config /home/yjianhao/project/video_guidance/config/vjepa_2_h_open.yaml
Video already exists, skipping: generated_videos/subject_consistency/guidance_f33_s50_w16c8_rho50.0_cfg5.0nodyna/a boat slowing down to stop.mp4
Video already exists, skipping: generated_videos/subject_consistency/guidance_f33_s50_w16c8_rho50.0_cfg5.0nodyna/a boat accelerating to gain speed.mp4
Video already exists, skipping: generated_videos/subject_consistency/guidance_f33_s50_w16c8_rho50.0_cfg5.0nodyna/a bird soaring gracefully in the sky.mp4
Video already exists, skipping: generated_videos/subject_consistency/guidance_f33_s50_w16c8_rho50.0_cfg5.0nodyna/a bird building a nest from twigs and leaves.mp4
Video already exists, skipping: generated_videos/subject_consistency/guidance_f33_s50_w16c8_rho50.0_cfg5.0nodyna/a bird flying over a snowy forest.mp4
Video already exists, skipping: generated_videos/subject_consistency/guidance_f33_s50_w16c8_rho50.0_cfg5.0nodyna/a cat grooming itself meticulously with its tongue.mp4
Video already exists, skipping: generated_videos/subject_consistency/guidance_f33_s50_w16c8_rho50.0_cfg5.0nodyna/a cat playing in park.mp4
Video already exists, skipping: generated_videos/subject_consistency/guidance_f33_s50_w16c8_rho50.0_cfg5.0nodyna/a cat drinking water.mp4
Video already exists, skipping: generated_videos/subject_consistency/guidance_f33_s50_w16c8_rho50.0_cfg5.0nodyna/a cat running happily.mp4
[guidance_f33_s50_w16c8_rho50.0_cfg5.0nodyna] Experiment completed! Results saved to: generated_videos/subject_consistency/guidance_f33_s50_w16c8_rho50.0_cfg5.0nodyna
🚀 Loading torch V-JEPA model for guidance...
VisionTransformerPredictor(
  (predictor_embed): Linear(in_features=1280, out_features=384, bias=True)
  (mask_tokens): ParameterList(
      (0): Parameter containing: [torch.float32 of size 1x1x384]
      (1): Parameter containing: [torch.float32 of size 1x1x384]
      (2): Parameter containing: [torch.float32 of size 1x1x384]
      (3): Parameter containing: [torch.float32 of size 1x1x384]
      (4): Parameter containing: [torch.float32 of size 1x1x384]
      (5): Parameter containing: [torch.float32 of size 1x1x384]
      (6): Parameter containing: [torch.float32 of size 1x1x384]
      (7): Parameter containing: [torch.float32 of size 1x1x384]
      (8): Parameter containing: [torch.float32 of size 1x1x384]
      (9): Parameter containing: [torch.float32 of size 1x1x384]
  )
  (predictor_blocks): ModuleList(
    (0-11): 12 x Block(
      (norm1): LayerNorm((384,), eps=1e-06, elementwise_affine=True)
      (attn): RoPEAttention(
        (qkv): Linear(in_features=384, out_features=1152, bias=True)
        (attn_drop): Dropout(p=0.0, inplace=False)
        (proj): Linear(in_features=384, out_features=384, bias=True)
        (proj_drop): Dropout(p=0.0, inplace=False)
      )
      (drop_path): Identity()
      (norm2): LayerNorm((384,), eps=1e-06, elementwise_affine=True)
      (mlp): MLP(
        (fc1): Linear(in_features=384, out_features=1536, bias=True)
        (act): GELU(approximate='none')
        (fc2): Linear(in_features=1536, out_features=384, bias=True)
        (drop): Dropout(p=0.0, inplace=False)
      )
    )
  )
  (predictor_norm): LayerNorm((384,), eps=1e-06, elementwise_affine=True)
  (predictor_proj): Linear(in_features=384, out_features=1280, bias=True)
)
Torch V-JEPA model loaded from ./vit-h-open/vith.pt using config /home/yjianhao/project/video_guidance/config/vjepa_2_h_open.yaml
Video already exists, skipping: generated_videos/subject_consistency/guidance_f33_s50_w16c8_rho50.0_cfg5.0nodyna/a bear sniffing the air for scents of food.mp4
Video already exists, skipping: generated_videos/subject_consistency/guidance_f33_s50_w16c8_rho50.0_cfg5.0nodyna/a bear climbing a tree.mp4
Video already exists, skipping: generated_videos/subject_consistency/guidance_f33_s50_w16c8_rho50.0_cfg5.0nodyna/a bear hunting for prey.mp4
Video already exists, skipping: generated_videos/subject_consistency/guidance_f33_s50_w16c8_rho50.0_cfg5.0nodyna/a zebra bending down to drink water from a river.mp4
Video already exists, skipping: generated_videos/subject_consistency/guidance_f33_s50_w16c8_rho50.0_cfg5.0nodyna/a zebra running to join a herd of its kind.mp4
Video already exists, skipping: generated_videos/subject_consistency/guidance_f33_s50_w16c8_rho50.0_cfg5.0nodyna/a zebra taking a peaceful walk.mp4
Video already exists, skipping: generated_videos/subject_consistency/guidance_f33_s50_w16c8_rho50.0_cfg5.0nodyna/a giraffe bending down to drink water from a river.mp4
Video already exists, skipping: generated_videos/subject_consistency/guidance_f33_s50_w16c8_rho50.0_cfg5.0nodyna/a giraffe taking a peaceful walk.mp4
Video already exists, skipping: generated_videos/subject_consistency/guidance_f33_s50_w16c8_rho50.0_cfg5.0nodyna/a giraffe running to join a herd of its kind.mp4
[guidance_f33_s50_w16c8_rho50.0_cfg5.0nodyna] Experiment completed! Results saved to: generated_videos/subject_consistency/guidance_f33_s50_w16c8_rho50.0_cfg5.0nodyna
🚀 Loading torch V-JEPA model for guidance...
VisionTransformerPredictor(
  (predictor_embed): Linear(in_features=1280, out_features=384, bias=True)
  (mask_tokens): ParameterList(
      (0): Parameter containing: [torch.float32 of size 1x1x384]
      (1): Parameter containing: [torch.float32 of size 1x1x384]
      (2): Parameter containing: [torch.float32 of size 1x1x384]
      (3): Parameter containing: [torch.float32 of size 1x1x384]
      (4): Parameter containing: [torch.float32 of size 1x1x384]
      (5): Parameter containing: [torch.float32 of size 1x1x384]
      (6): Parameter containing: [torch.float32 of size 1x1x384]
      (7): Parameter containing: [torch.float32 of size 1x1x384]
      (8): Parameter containing: [torch.float32 of size 1x1x384]
      (9): Parameter containing: [torch.float32 of size 1x1x384]
  )
  (predictor_blocks): ModuleList(
    (0-11): 12 x Block(
      (norm1): LayerNorm((384,), eps=1e-06, elementwise_affine=True)
      (attn): RoPEAttention(
        (qkv): Linear(in_features=384, out_features=1152, bias=True)
        (attn_drop): Dropout(p=0.0, inplace=False)
        (proj): Linear(in_features=384, out_features=384, bias=True)
        (proj_drop): Dropout(p=0.0, inplace=False)
      )
      (drop_path): Identity()
      (norm2): LayerNorm((384,), eps=1e-06, elementwise_affine=True)
      (mlp): MLP(
        (fc1): Linear(in_features=384, out_features=1536, bias=True)
        (act): GELU(approximate='none')
        (fc2): Linear(in_features=1536, out_features=384, bias=True)
        (drop): Dropout(p=0.0, inplace=False)
      )
    )
  )
  (predictor_norm): LayerNorm((384,), eps=1e-06, elementwise_affine=True)
  (predictor_proj): Linear(in_features=384, out_features=1280, bias=True)
)
Torch V-JEPA model loaded from ./vit-h-open/vith.pt using config /home/yjianhao/project/video_guidance/config/vjepa_2_h_open.yaml
Video already exists, skipping: generated_videos/subject_consistency/guidance_f33_s50_w16c8_rho50.0_cfg5.0nodyna/a train speeding down the tracks.mp4
Video already exists, skipping: generated_videos/subject_consistency/guidance_f33_s50_w16c8_rho50.0_cfg5.0nodyna/a train crossing over a tall bridge.mp4
Video already exists, skipping: generated_videos/subject_consistency/guidance_f33_s50_w16c8_rho50.0_cfg5.0nodyna/a train accelerating to gain speed.mp4
Video already exists, skipping: generated_videos/subject_consistency/guidance_f33_s50_w16c8_rho50.0_cfg5.0nodyna/a truck turning a corner.mp4
Video already exists, skipping: generated_videos/subject_consistency/guidance_f33_s50_w16c8_rho50.0_cfg5.0nodyna/a truck anchored in a tranquil bay.mp4
Video already exists, skipping: generated_videos/subject_consistency/guidance_f33_s50_w16c8_rho50.0_cfg5.0nodyna/a truck stuck in traffic during rush hour.mp4
Video already exists, skipping: generated_videos/subject_consistency/guidance_f33_s50_w16c8_rho50.0_cfg5.0nodyna/a truck slowing down to stop.mp4
Video already exists, skipping: generated_videos/subject_consistency/guidance_f33_s50_w16c8_rho50.0_cfg5.0nodyna/a truck accelerating to gain speed.mp4
Video already exists, skipping: generated_videos/subject_consistency/guidance_f33_s50_w16c8_rho50.0_cfg5.0nodyna/a boat sailing smoothly on a calm lake.mp4
[guidance_f33_s50_w16c8_rho50.0_cfg5.0nodyna] Experiment completed! Results saved to: generated_videos/subject_consistency/guidance_f33_s50_w16c8_rho50.0_cfg5.0nodyna
🚀 Loading torch V-JEPA model for guidance...
VisionTransformerPredictor(
  (predictor_embed): Linear(in_features=1280, out_features=384, bias=True)
  (mask_tokens): ParameterList(
      (0): Parameter containing: [torch.float32 of size 1x1x384]
      (1): Parameter containing: [torch.float32 of size 1x1x384]
      (2): Parameter containing: [torch.float32 of size 1x1x384]
      (3): Parameter containing: [torch.float32 of size 1x1x384]
      (4): Parameter containing: [torch.float32 of size 1x1x384]
      (5): Parameter containing: [torch.float32 of size 1x1x384]
      (6): Parameter containing: [torch.float32 of size 1x1x384]
      (7): Parameter containing: [torch.float32 of size 1x1x384]
      (8): Parameter containing: [torch.float32 of size 1x1x384]
      (9): Parameter containing: [torch.float32 of size 1x1x384]
  )
  (predictor_blocks): ModuleList(
    (0-11): 12 x Block(
      (norm1): LayerNorm((384,), eps=1e-06, elementwise_affine=True)
      (attn): RoPEAttention(
        (qkv): Linear(in_features=384, out_features=1152, bias=True)
        (attn_drop): Dropout(p=0.0, inplace=False)
        (proj): Linear(in_features=384, out_features=384, bias=True)
        (proj_drop): Dropout(p=0.0, inplace=False)
      )
      (drop_path): Identity()
      (norm2): LayerNorm((384,), eps=1e-06, elementwise_affine=True)
      (mlp): MLP(
        (fc1): Linear(in_features=384, out_features=1536, bias=True)
        (act): GELU(approximate='none')
        (fc2): Linear(in_features=1536, out_features=384, bias=True)
        (drop): Dropout(p=0.0, inplace=False)
      )
    )
  )
  (predictor_norm): LayerNorm((384,), eps=1e-06, elementwise_affine=True)
  (predictor_proj): Linear(in_features=384, out_features=1280, bias=True)
)
Torch V-JEPA model loaded from ./vit-h-open/vith.pt using config /home/yjianhao/project/video_guidance/config/vjepa_2_h_open.yaml
Video already exists, skipping: generated_videos/subject_consistency/guidance_f33_s50_w16c8_rho50.0_cfg5.0nodyna/a bicycle slowing down to stop.mp4
Video already exists, skipping: generated_videos/subject_consistency/guidance_f33_s50_w16c8_rho50.0_cfg5.0nodyna/a bicycle accelerating to gain speed.mp4
Video already exists, skipping: generated_videos/subject_consistency/guidance_f33_s50_w16c8_rho50.0_cfg5.0nodyna/a car stuck in traffic during rush hour.mp4
Video already exists, skipping: generated_videos/subject_consistency/guidance_f33_s50_w16c8_rho50.0_cfg5.0nodyna/a car turning a corner.mp4
Video already exists, skipping: generated_videos/subject_consistency/guidance_f33_s50_w16c8_rho50.0_cfg5.0nodyna/a car slowing down to stop.mp4
Video already exists, skipping: generated_videos/subject_consistency/guidance_f33_s50_w16c8_rho50.0_cfg5.0nodyna/a car accelerating to gain speed.mp4
Video already exists, skipping: generated_videos/subject_consistency/guidance_f33_s50_w16c8_rho50.0_cfg5.0nodyna/a motorcycle cruising along a coastal highway.mp4
Video already exists, skipping: generated_videos/subject_consistency/guidance_f33_s50_w16c8_rho50.0_cfg5.0nodyna/a motorcycle turning a corner.mp4
Video already exists, skipping: generated_videos/subject_consistency/guidance_f33_s50_w16c8_rho50.0_cfg5.0nodyna/a motorcycle slowing down to stop.mp4
[guidance_f33_s50_w16c8_rho50.0_cfg5.0nodyna] Experiment completed! Results saved to: generated_videos/subject_consistency/guidance_f33_s50_w16c8_rho50.0_cfg5.0nodyna
🚀 Loading torch V-JEPA model for guidance...
VisionTransformerPredictor(
  (predictor_embed): Linear(in_features=1280, out_features=384, bias=True)
  (mask_tokens): ParameterList(
      (0): Parameter containing: [torch.float32 of size 1x1x384]
      (1): Parameter containing: [torch.float32 of size 1x1x384]
      (2): Parameter containing: [torch.float32 of size 1x1x384]
      (3): Parameter containing: [torch.float32 of size 1x1x384]
      (4): Parameter containing: [torch.float32 of size 1x1x384]
      (5): Parameter containing: [torch.float32 of size 1x1x384]
      (6): Parameter containing: [torch.float32 of size 1x1x384]
      (7): Parameter containing: [torch.float32 of size 1x1x384]
      (8): Parameter containing: [torch.float32 of size 1x1x384]
      (9): Parameter containing: [torch.float32 of size 1x1x384]
  )
  (predictor_blocks): ModuleList(
    (0-11): 12 x Block(
      (norm1): LayerNorm((384,), eps=1e-06, elementwise_affine=True)
      (attn): RoPEAttention(
        (qkv): Linear(in_features=384, out_features=1152, bias=True)
        (attn_drop): Dropout(p=0.0, inplace=False)
        (proj): Linear(in_features=384, out_features=384, bias=True)
        (proj_drop): Dropout(p=0.0, inplace=False)
      )
      (drop_path): Identity()
      (norm2): LayerNorm((384,), eps=1e-06, elementwise_affine=True)
      (mlp): MLP(
        (fc1): Linear(in_features=384, out_features=1536, bias=True)
        (act): GELU(approximate='none')
        (fc2): Linear(in_features=1536, out_features=384, bias=True)
        (drop): Dropout(p=0.0, inplace=False)
      )
    )
  )
  (predictor_norm): LayerNorm((384,), eps=1e-06, elementwise_affine=True)
  (predictor_proj): Linear(in_features=384, out_features=1280, bias=True)
)
Torch V-JEPA model loaded from ./vit-h-open/vith.pt using config /home/yjianhao/project/video_guidance/config/vjepa_2_h_open.yaml
Video already exists, skipping: generated_videos/subject_consistency/guidance_f33_s50_w16c8_rho50.0_cfg5.0nodyna/a person swimming in ocean.mp4
Video already exists, skipping: generated_videos/subject_consistency/guidance_f33_s50_w16c8_rho50.0_cfg5.0nodyna/a person giving a presentation to a room full of colleagues.mp4
Video already exists, skipping: generated_videos/subject_consistency/guidance_f33_s50_w16c8_rho50.0_cfg5.0nodyna/a person washing the dishes.mp4
Video already exists, skipping: generated_videos/subject_consistency/guidance_f33_s50_w16c8_rho50.0_cfg5.0nodyna/a person eating a burger.mp4
Video already exists, skipping: generated_videos/subject_consistency/guidance_f33_s50_w16c8_rho50.0_cfg5.0nodyna/a person walking in the snowstorm.mp4
Video already exists, skipping: generated_videos/subject_consistency/guidance_f33_s50_w16c8_rho50.0_cfg5.0nodyna/a person drinking coffee in a cafe.mp4
Video already exists, skipping: generated_videos/subject_consistency/guidance_f33_s50_w16c8_rho50.0_cfg5.0nodyna/a person playing guitar.mp4
Video already exists, skipping: generated_videos/subject_consistency/guidance_f33_s50_w16c8_rho50.0_cfg5.0nodyna/a bicycle leaning against a tree.mp4
Video already exists, skipping: generated_videos/subject_consistency/guidance_f33_s50_w16c8_rho50.0_cfg5.0nodyna/a bicycle gliding through a snowy field.mp4
[guidance_f33_s50_w16c8_rho50.0_cfg5.0nodyna] Experiment completed! Results saved to: generated_videos/subject_consistency/guidance_f33_s50_w16c8_rho50.0_cfg5.0nodyna

============================================================
EXPERIMENT: guidance_f33_s50_w16c8_rho5.0_cfg5.0nodyna
============================================================
Sampling method: guidance
Inference steps: 50
Frames per video: 33
CFG scale: 5.0
Prompts assigned to this GPU: 9
V-JEPA parameters:
  - Model type: torch
  - Kernel size: 16 (torch V-JEPA frames_per_clip)
  - Context length: 8
  - Stride: 2
  - Mode: max
Guidance parameters:
  - Timestep range: 0-1001
  - Rho scale: 5.0
============================================================


============================================================
EXPERIMENT: guidance_f33_s50_w16c8_rho5.0_cfg5.0nodyna
============================================================
Sampling method: guidance
Inference steps: 50
Frames per video: 33
CFG scale: 5.0
Prompts assigned to this GPU: 9
V-JEPA parameters:
  - Model type: torch
  - Kernel size: 16 (torch V-JEPA frames_per_clip)
  - Context length: 8
  - Stride: 2
  - Mode: max
Guidance parameters:
  - Timestep range: 0-1001
  - Rho scale: 5.0
============================================================


============================================================
EXPERIMENT: guidance_f33_s50_w16c8_rho5.0_cfg5.0nodyna
============================================================
Sampling method: guidance
Inference steps: 50
Frames per video: 33
CFG scale: 5.0
Prompts assigned to this GPU: 9
V-JEPA parameters:
  - Model type: torch
  - Kernel size: 16 (torch V-JEPA frames_per_clip)
  - Context length: 8
  - Stride: 2
  - Mode: max
Guidance parameters:
  - Timestep range: 0-1001
  - Rho scale: 5.0
============================================================


============================================================
EXPERIMENT: guidance_f33_s50_w16c8_rho5.0_cfg5.0nodyna
============================================================
Sampling method: guidance
Inference steps: 50
Frames per video: 33
CFG scale: 5.0
Prompts assigned to this GPU: 9
V-JEPA parameters:
  - Model type: torch
  - Kernel size: 16 (torch V-JEPA frames_per_clip)
  - Context length: 8
  - Stride: 2
  - Mode: max
Guidance parameters:
  - Timestep range: 0-1001
  - Rho scale: 5.0
============================================================


============================================================
EXPERIMENT: guidance_f33_s50_w16c8_rho5.0_cfg5.0nodyna
============================================================
Sampling method: guidance
Inference steps: 50
Frames per video: 33
CFG scale: 5.0
Prompts assigned to this GPU: 9
V-JEPA parameters:
  - Model type: torch
  - Kernel size: 16 (torch V-JEPA frames_per_clip)
  - Context length: 8
  - Stride: 2
  - Mode: max
Guidance parameters:
  - Timestep range: 0-1001
  - Rho scale: 5.0
============================================================


============================================================
EXPERIMENT: guidance_f33_s50_w16c8_rho5.0_cfg5.0nodyna
============================================================
Sampling method: guidance
Inference steps: 50
Frames per video: 33
CFG scale: 5.0
Prompts assigned to this GPU: 9
V-JEPA parameters:
  - Model type: torch
  - Kernel size: 16 (torch V-JEPA frames_per_clip)
  - Context length: 8
  - Stride: 2
  - Mode: max
Guidance parameters:
  - Timestep range: 0-1001
  - Rho scale: 5.0
============================================================


============================================================
EXPERIMENT: guidance_f33_s50_w16c8_rho5.0_cfg5.0nodyna
============================================================
Sampling method: guidance
Inference steps: 50
Frames per video: 33
CFG scale: 5.0
Prompts assigned to this GPU: 9
V-JEPA parameters:
  - Model type: torch
  - Kernel size: 16 (torch V-JEPA frames_per_clip)
  - Context length: 8
  - Stride: 2
  - Mode: max
Guidance parameters:
  - Timestep range: 0-1001
  - Rho scale: 5.0
============================================================


============================================================
EXPERIMENT: guidance_f33_s50_w16c8_rho5.0_cfg5.0nodyna
============================================================
Sampling method: guidance
Inference steps: 50
Frames per video: 33
CFG scale: 5.0
Prompts assigned to this GPU: 9
V-JEPA parameters:
  - Model type: torch
  - Kernel size: 16 (torch V-JEPA frames_per_clip)
  - Context length: 8
  - Stride: 2
  - Mode: max
Guidance parameters:
  - Timestep range: 0-1001
  - Rho scale: 5.0
============================================================

🚀 Loading torch V-JEPA model for guidance...
VisionTransformerPredictor(
  (predictor_embed): Linear(in_features=1280, out_features=384, bias=True)
  (mask_tokens): ParameterList(
      (0): Parameter containing: [torch.float32 of size 1x1x384]
      (1): Parameter containing: [torch.float32 of size 1x1x384]
      (2): Parameter containing: [torch.float32 of size 1x1x384]
      (3): Parameter containing: [torch.float32 of size 1x1x384]
      (4): Parameter containing: [torch.float32 of size 1x1x384]
      (5): Parameter containing: [torch.float32 of size 1x1x384]
      (6): Parameter containing: [torch.float32 of size 1x1x384]
      (7): Parameter containing: [torch.float32 of size 1x1x384]
      (8): Parameter containing: [torch.float32 of size 1x1x384]
      (9): Parameter containing: [torch.float32 of size 1x1x384]
  )
  (predictor_blocks): ModuleList(
    (0-11): 12 x Block(
      (norm1): LayerNorm((384,), eps=1e-06, elementwise_affine=True)
      (attn): RoPEAttention(
        (qkv): Linear(in_features=384, out_features=1152, bias=True)
        (attn_drop): Dropout(p=0.0, inplace=False)
        (proj): Linear(in_features=384, out_features=384, bias=True)
        (proj_drop): Dropout(p=0.0, inplace=False)
      )
      (drop_path): Identity()
      (norm2): LayerNorm((384,), eps=1e-06, elementwise_affine=True)
      (mlp): MLP(
        (fc1): Linear(in_features=384, out_features=1536, bias=True)
        (act): GELU(approximate='none')
        (fc2): Linear(in_features=1536, out_features=384, bias=True)
        (drop): Dropout(p=0.0, inplace=False)
      )
    )
  )
  (predictor_norm): LayerNorm((384,), eps=1e-06, elementwise_affine=True)
  (predictor_proj): Linear(in_features=384, out_features=1280, bias=True)
)
Torch V-JEPA model loaded from ./vit-h-open/vith.pt using config /home/yjianhao/project/video_guidance/config/vjepa_2_h_open.yaml
Video already exists, skipping: generated_videos/subject_consistency/guidance_f33_s50_w16c8_rho5.0_cfg5.0nodyna/a person swimming in ocean.mp4
Video already exists, skipping: generated_videos/subject_consistency/guidance_f33_s50_w16c8_rho5.0_cfg5.0nodyna/a person giving a presentation to a room full of colleagues.mp4
Video already exists, skipping: generated_videos/subject_consistency/guidance_f33_s50_w16c8_rho5.0_cfg5.0nodyna/a person washing the dishes.mp4
Video already exists, skipping: generated_videos/subject_consistency/guidance_f33_s50_w16c8_rho5.0_cfg5.0nodyna/a person eating a burger.mp4
Video already exists, skipping: generated_videos/subject_consistency/guidance_f33_s50_w16c8_rho5.0_cfg5.0nodyna/a person walking in the snowstorm.mp4
Video already exists, skipping: generated_videos/subject_consistency/guidance_f33_s50_w16c8_rho5.0_cfg5.0nodyna/a person drinking coffee in a cafe.mp4
Video already exists, skipping: generated_videos/subject_consistency/guidance_f33_s50_w16c8_rho5.0_cfg5.0nodyna/a person playing guitar.mp4
Video already exists, skipping: generated_videos/subject_consistency/guidance_f33_s50_w16c8_rho5.0_cfg5.0nodyna/a bicycle leaning against a tree.mp4
Video already exists, skipping: generated_videos/subject_consistency/guidance_f33_s50_w16c8_rho5.0_cfg5.0nodyna/a bicycle gliding through a snowy field.mp4
[guidance_f33_s50_w16c8_rho5.0_cfg5.0nodyna] Experiment completed! Results saved to: generated_videos/subject_consistency/guidance_f33_s50_w16c8_rho5.0_cfg5.0nodyna
🚀 Loading torch V-JEPA model for guidance...
VisionTransformerPredictor(
  (predictor_embed): Linear(in_features=1280, out_features=384, bias=True)
  (mask_tokens): ParameterList(
      (0): Parameter containing: [torch.float32 of size 1x1x384]
      (1): Parameter containing: [torch.float32 of size 1x1x384]
      (2): Parameter containing: [torch.float32 of size 1x1x384]
      (3): Parameter containing: [torch.float32 of size 1x1x384]
      (4): Parameter containing: [torch.float32 of size 1x1x384]
      (5): Parameter containing: [torch.float32 of size 1x1x384]
      (6): Parameter containing: [torch.float32 of size 1x1x384]
      (7): Parameter containing: [torch.float32 of size 1x1x384]
      (8): Parameter containing: [torch.float32 of size 1x1x384]
      (9): Parameter containing: [torch.float32 of size 1x1x384]
  )
  (predictor_blocks): ModuleList(
    (0-11): 12 x Block(
      (norm1): LayerNorm((384,), eps=1e-06, elementwise_affine=True)
      (attn): RoPEAttention(
        (qkv): Linear(in_features=384, out_features=1152, bias=True)
        (attn_drop): Dropout(p=0.0, inplace=False)
        (proj): Linear(in_features=384, out_features=384, bias=True)
        (proj_drop): Dropout(p=0.0, inplace=False)
      )
      (drop_path): Identity()
      (norm2): LayerNorm((384,), eps=1e-06, elementwise_affine=True)
      (mlp): MLP(
        (fc1): Linear(in_features=384, out_features=1536, bias=True)
        (act): GELU(approximate='none')
        (fc2): Linear(in_features=1536, out_features=384, bias=True)
        (drop): Dropout(p=0.0, inplace=False)
      )
    )
  )
  (predictor_norm): LayerNorm((384,), eps=1e-06, elementwise_affine=True)
  (predictor_proj): Linear(in_features=384, out_features=1280, bias=True)
)
Torch V-JEPA model loaded from ./vit-h-open/vith.pt using config /home/yjianhao/project/video_guidance/config/vjepa_2_h_open.yaml
Video already exists, skipping: generated_videos/subject_consistency/guidance_f33_s50_w16c8_rho5.0_cfg5.0nodyna/a boat slowing down to stop.mp4
Video already exists, skipping: generated_videos/subject_consistency/guidance_f33_s50_w16c8_rho5.0_cfg5.0nodyna/a boat accelerating to gain speed.mp4
Video already exists, skipping: generated_videos/subject_consistency/guidance_f33_s50_w16c8_rho5.0_cfg5.0nodyna/a bird soaring gracefully in the sky.mp4
Video already exists, skipping: generated_videos/subject_consistency/guidance_f33_s50_w16c8_rho5.0_cfg5.0nodyna/a bird building a nest from twigs and leaves.mp4
Video already exists, skipping: generated_videos/subject_consistency/guidance_f33_s50_w16c8_rho5.0_cfg5.0nodyna/a bird flying over a snowy forest.mp4
Video already exists, skipping: generated_videos/subject_consistency/guidance_f33_s50_w16c8_rho5.0_cfg5.0nodyna/a cat grooming itself meticulously with its tongue.mp4
Video already exists, skipping: generated_videos/subject_consistency/guidance_f33_s50_w16c8_rho5.0_cfg5.0nodyna/a cat playing in park.mp4
Video already exists, skipping: generated_videos/subject_consistency/guidance_f33_s50_w16c8_rho5.0_cfg5.0nodyna/a cat drinking water.mp4
Video already exists, skipping: generated_videos/subject_consistency/guidance_f33_s50_w16c8_rho5.0_cfg5.0nodyna/a cat running happily.mp4
[guidance_f33_s50_w16c8_rho5.0_cfg5.0nodyna] Experiment completed! Results saved to: generated_videos/subject_consistency/guidance_f33_s50_w16c8_rho5.0_cfg5.0nodyna
🚀 Loading torch V-JEPA model for guidance...
VisionTransformerPredictor(
  (predictor_embed): Linear(in_features=1280, out_features=384, bias=True)
  (mask_tokens): ParameterList(
      (0): Parameter containing: [torch.float32 of size 1x1x384]
      (1): Parameter containing: [torch.float32 of size 1x1x384]
      (2): Parameter containing: [torch.float32 of size 1x1x384]
      (3): Parameter containing: [torch.float32 of size 1x1x384]
      (4): Parameter containing: [torch.float32 of size 1x1x384]
      (5): Parameter containing: [torch.float32 of size 1x1x384]
      (6): Parameter containing: [torch.float32 of size 1x1x384]
      (7): Parameter containing: [torch.float32 of size 1x1x384]
      (8): Parameter containing: [torch.float32 of size 1x1x384]
      (9): Parameter containing: [torch.float32 of size 1x1x384]
  )
  (predictor_blocks): ModuleList(
    (0-11): 12 x Block(
      (norm1): LayerNorm((384,), eps=1e-06, elementwise_affine=True)
      (attn): RoPEAttention(
        (qkv): Linear(in_features=384, out_features=1152, bias=True)
        (attn_drop): Dropout(p=0.0, inplace=False)
        (proj): Linear(in_features=384, out_features=384, bias=True)
        (proj_drop): Dropout(p=0.0, inplace=False)
      )
      (drop_path): Identity()
      (norm2): LayerNorm((384,), eps=1e-06, elementwise_affine=True)
      (mlp): MLP(
        (fc1): Linear(in_features=384, out_features=1536, bias=True)
        (act): GELU(approximate='none')
        (fc2): Linear(in_features=1536, out_features=384, bias=True)
        (drop): Dropout(p=0.0, inplace=False)
      )
    )
  )
  (predictor_norm): LayerNorm((384,), eps=1e-06, elementwise_affine=True)
  (predictor_proj): Linear(in_features=384, out_features=1280, bias=True)
)
Torch V-JEPA model loaded from ./vit-h-open/vith.pt using config /home/yjianhao/project/video_guidance/config/vjepa_2_h_open.yaml
Video already exists, skipping: generated_videos/subject_consistency/guidance_f33_s50_w16c8_rho5.0_cfg5.0nodyna/a bicycle slowing down to stop.mp4
Video already exists, skipping: generated_videos/subject_consistency/guidance_f33_s50_w16c8_rho5.0_cfg5.0nodyna/a bicycle accelerating to gain speed.mp4
Video already exists, skipping: generated_videos/subject_consistency/guidance_f33_s50_w16c8_rho5.0_cfg5.0nodyna/a car stuck in traffic during rush hour.mp4
Video already exists, skipping: generated_videos/subject_consistency/guidance_f33_s50_w16c8_rho5.0_cfg5.0nodyna/a car turning a corner.mp4
Video already exists, skipping: generated_videos/subject_consistency/guidance_f33_s50_w16c8_rho5.0_cfg5.0nodyna/a car slowing down to stop.mp4
Video already exists, skipping: generated_videos/subject_consistency/guidance_f33_s50_w16c8_rho5.0_cfg5.0nodyna/a car accelerating to gain speed.mp4
Video already exists, skipping: generated_videos/subject_consistency/guidance_f33_s50_w16c8_rho5.0_cfg5.0nodyna/a motorcycle cruising along a coastal highway.mp4
Video already exists, skipping: generated_videos/subject_consistency/guidance_f33_s50_w16c8_rho5.0_cfg5.0nodyna/a motorcycle turning a corner.mp4
Video already exists, skipping: generated_videos/subject_consistency/guidance_f33_s50_w16c8_rho5.0_cfg5.0nodyna/a motorcycle slowing down to stop.mp4
[guidance_f33_s50_w16c8_rho5.0_cfg5.0nodyna] Experiment completed! Results saved to: generated_videos/subject_consistency/guidance_f33_s50_w16c8_rho5.0_cfg5.0nodyna
🚀 Loading torch V-JEPA model for guidance...
VisionTransformerPredictor(
  (predictor_embed): Linear(in_features=1280, out_features=384, bias=True)
  (mask_tokens): ParameterList(
      (0): Parameter containing: [torch.float32 of size 1x1x384]
      (1): Parameter containing: [torch.float32 of size 1x1x384]
      (2): Parameter containing: [torch.float32 of size 1x1x384]
      (3): Parameter containing: [torch.float32 of size 1x1x384]
      (4): Parameter containing: [torch.float32 of size 1x1x384]
      (5): Parameter containing: [torch.float32 of size 1x1x384]
      (6): Parameter containing: [torch.float32 of size 1x1x384]
      (7): Parameter containing: [torch.float32 of size 1x1x384]
      (8): Parameter containing: [torch.float32 of size 1x1x384]
      (9): Parameter containing: [torch.float32 of size 1x1x384]
  )
  (predictor_blocks): ModuleList(
    (0-11): 12 x Block(
      (norm1): LayerNorm((384,), eps=1e-06, elementwise_affine=True)
      (attn): RoPEAttention(
        (qkv): Linear(in_features=384, out_features=1152, bias=True)
        (attn_drop): Dropout(p=0.0, inplace=False)
        (proj): Linear(in_features=384, out_features=384, bias=True)
        (proj_drop): Dropout(p=0.0, inplace=False)
      )
      (drop_path): Identity()
      (norm2): LayerNorm((384,), eps=1e-06, elementwise_affine=True)
      (mlp): MLP(
        (fc1): Linear(in_features=384, out_features=1536, bias=True)
        (act): GELU(approximate='none')
        (fc2): Linear(in_features=1536, out_features=384, bias=True)
        (drop): Dropout(p=0.0, inplace=False)
      )
    )
  )
  (predictor_norm): LayerNorm((384,), eps=1e-06, elementwise_affine=True)
  (predictor_proj): Linear(in_features=384, out_features=1280, bias=True)
)
Torch V-JEPA model loaded from ./vit-h-open/vith.pt using config /home/yjianhao/project/video_guidance/config/vjepa_2_h_open.yaml
Video already exists, skipping: generated_videos/subject_consistency/guidance_f33_s50_w16c8_rho5.0_cfg5.0nodyna/a bear sniffing the air for scents of food.mp4
Video already exists, skipping: generated_videos/subject_consistency/guidance_f33_s50_w16c8_rho5.0_cfg5.0nodyna/a bear climbing a tree.mp4
Video already exists, skipping: generated_videos/subject_consistency/guidance_f33_s50_w16c8_rho5.0_cfg5.0nodyna/a bear hunting for prey.mp4
Video already exists, skipping: generated_videos/subject_consistency/guidance_f33_s50_w16c8_rho5.0_cfg5.0nodyna/a zebra bending down to drink water from a river.mp4
Video already exists, skipping: generated_videos/subject_consistency/guidance_f33_s50_w16c8_rho5.0_cfg5.0nodyna/a zebra running to join a herd of its kind.mp4
Video already exists, skipping: generated_videos/subject_consistency/guidance_f33_s50_w16c8_rho5.0_cfg5.0nodyna/a zebra taking a peaceful walk.mp4
Video already exists, skipping: generated_videos/subject_consistency/guidance_f33_s50_w16c8_rho5.0_cfg5.0nodyna/a giraffe bending down to drink water from a river.mp4
Video already exists, skipping: generated_videos/subject_consistency/guidance_f33_s50_w16c8_rho5.0_cfg5.0nodyna/a giraffe taking a peaceful walk.mp4
Video already exists, skipping: generated_videos/subject_consistency/guidance_f33_s50_w16c8_rho5.0_cfg5.0nodyna/a giraffe running to join a herd of its kind.mp4
[guidance_f33_s50_w16c8_rho5.0_cfg5.0nodyna] Experiment completed! Results saved to: generated_videos/subject_consistency/guidance_f33_s50_w16c8_rho5.0_cfg5.0nodyna
🚀 Loading torch V-JEPA model for guidance...
VisionTransformerPredictor(
  (predictor_embed): Linear(in_features=1280, out_features=384, bias=True)
  (mask_tokens): ParameterList(
      (0): Parameter containing: [torch.float32 of size 1x1x384]
      (1): Parameter containing: [torch.float32 of size 1x1x384]
      (2): Parameter containing: [torch.float32 of size 1x1x384]
      (3): Parameter containing: [torch.float32 of size 1x1x384]
      (4): Parameter containing: [torch.float32 of size 1x1x384]
      (5): Parameter containing: [torch.float32 of size 1x1x384]
      (6): Parameter containing: [torch.float32 of size 1x1x384]
      (7): Parameter containing: [torch.float32 of size 1x1x384]
      (8): Parameter containing: [torch.float32 of size 1x1x384]
      (9): Parameter containing: [torch.float32 of size 1x1x384]
  )
  (predictor_blocks): ModuleList(
    (0-11): 12 x Block(
      (norm1): LayerNorm((384,), eps=1e-06, elementwise_affine=True)
      (attn): RoPEAttention(
        (qkv): Linear(in_features=384, out_features=1152, bias=True)
        (attn_drop): Dropout(p=0.0, inplace=False)
        (proj): Linear(in_features=384, out_features=384, bias=True)
        (proj_drop): Dropout(p=0.0, inplace=False)
      )
      (drop_path): Identity()
      (norm2): LayerNorm((384,), eps=1e-06, elementwise_affine=True)
      (mlp): MLP(
        (fc1): Linear(in_features=384, out_features=1536, bias=True)
        (act): GELU(approximate='none')
        (fc2): Linear(in_features=1536, out_features=384, bias=True)
        (drop): Dropout(p=0.0, inplace=False)
      )
    )
  )
  (predictor_norm): LayerNorm((384,), eps=1e-06, elementwise_affine=True)
  (predictor_proj): Linear(in_features=384, out_features=1280, bias=True)
)
Torch V-JEPA model loaded from ./vit-h-open/vith.pt using config /home/yjianhao/project/video_guidance/config/vjepa_2_h_open.yaml
Video already exists, skipping: generated_videos/subject_consistency/guidance_f33_s50_w16c8_rho5.0_cfg5.0nodyna/a dog enjoying a peaceful walk.mp4
Video already exists, skipping: generated_videos/subject_consistency/guidance_f33_s50_w16c8_rho5.0_cfg5.0nodyna/a dog playing in park.mp4
Video already exists, skipping: generated_videos/subject_consistency/guidance_f33_s50_w16c8_rho5.0_cfg5.0nodyna/a dog drinking water.mp4
Video already exists, skipping: generated_videos/subject_consistency/guidance_f33_s50_w16c8_rho5.0_cfg5.0nodyna/a dog running happily.mp4
Video already exists, skipping: generated_videos/subject_consistency/guidance_f33_s50_w16c8_rho5.0_cfg5.0nodyna/a horse bending down to drink water from a river.mp4
Video already exists, skipping: generated_videos/subject_consistency/guidance_f33_s50_w16c8_rho5.0_cfg5.0nodyna/a horse galloping across an open field.mp4
Video already exists, skipping: generated_videos/subject_consistency/guidance_f33_s50_w16c8_rho5.0_cfg5.0nodyna/a horse taking a peaceful walk.mp4
Video already exists, skipping: generated_videos/subject_consistency/guidance_f33_s50_w16c8_rho5.0_cfg5.0nodyna/a horse running to join a herd of its kind.mp4
Video already exists, skipping: generated_videos/subject_consistency/guidance_f33_s50_w16c8_rho5.0_cfg5.0nodyna/a sheep bending down to drink water from a river.mp4
[guidance_f33_s50_w16c8_rho5.0_cfg5.0nodyna] Experiment completed! Results saved to: generated_videos/subject_consistency/guidance_f33_s50_w16c8_rho5.0_cfg5.0nodyna
🚀 Loading torch V-JEPA model for guidance...
VisionTransformerPredictor(
  (predictor_embed): Linear(in_features=1280, out_features=384, bias=True)
  (mask_tokens): ParameterList(
      (0): Parameter containing: [torch.float32 of size 1x1x384]
      (1): Parameter containing: [torch.float32 of size 1x1x384]
      (2): Parameter containing: [torch.float32 of size 1x1x384]
      (3): Parameter containing: [torch.float32 of size 1x1x384]
      (4): Parameter containing: [torch.float32 of size 1x1x384]
      (5): Parameter containing: [torch.float32 of size 1x1x384]
      (6): Parameter containing: [torch.float32 of size 1x1x384]
      (7): Parameter containing: [torch.float32 of size 1x1x384]
      (8): Parameter containing: [torch.float32 of size 1x1x384]
      (9): Parameter containing: [torch.float32 of size 1x1x384]
  )
  (predictor_blocks): ModuleList(
    (0-11): 12 x Block(
      (norm1): LayerNorm((384,), eps=1e-06, elementwise_affine=True)
      (attn): RoPEAttention(
        (qkv): Linear(in_features=384, out_features=1152, bias=True)
        (attn_drop): Dropout(p=0.0, inplace=False)
        (proj): Linear(in_features=384, out_features=384, bias=True)
        (proj_drop): Dropout(p=0.0, inplace=False)
      )
      (drop_path): Identity()
      (norm2): LayerNorm((384,), eps=1e-06, elementwise_affine=True)
      (mlp): MLP(
        (fc1): Linear(in_features=384, out_features=1536, bias=True)
        (act): GELU(approximate='none')
        (fc2): Linear(in_features=1536, out_features=384, bias=True)
        (drop): Dropout(p=0.0, inplace=False)
      )
    )
  )
  (predictor_norm): LayerNorm((384,), eps=1e-06, elementwise_affine=True)
  (predictor_proj): Linear(in_features=384, out_features=1280, bias=True)
)
Torch V-JEPA model loaded from ./vit-h-open/vith.pt using config /home/yjianhao/project/video_guidance/config/vjepa_2_h_open.yaml
Video already exists, skipping: generated_videos/subject_consistency/guidance_f33_s50_w16c8_rho5.0_cfg5.0nodyna/a motorcycle gliding through a snowy field.mp4
Video already exists, skipping: generated_videos/subject_consistency/guidance_f33_s50_w16c8_rho5.0_cfg5.0nodyna/a motorcycle accelerating to gain speed.mp4
Video already exists, skipping: generated_videos/subject_consistency/guidance_f33_s50_w16c8_rho5.0_cfg5.0nodyna/an airplane soaring through a clear blue sky.mp4
Video already exists, skipping: generated_videos/subject_consistency/guidance_f33_s50_w16c8_rho5.0_cfg5.0nodyna/an airplane taking off.mp4
Video already exists, skipping: generated_videos/subject_consistency/guidance_f33_s50_w16c8_rho5.0_cfg5.0nodyna/an airplane landing smoothly on a runway.mp4
Video already exists, skipping: generated_videos/subject_consistency/guidance_f33_s50_w16c8_rho5.0_cfg5.0nodyna/an airplane accelerating to gain speed.mp4
Video already exists, skipping: generated_videos/subject_consistency/guidance_f33_s50_w16c8_rho5.0_cfg5.0nodyna/a bus turning a corner.mp4
Video already exists, skipping: generated_videos/subject_consistency/guidance_f33_s50_w16c8_rho5.0_cfg5.0nodyna/a bus stuck in traffic during rush hour.mp4
Video already exists, skipping: generated_videos/subject_consistency/guidance_f33_s50_w16c8_rho5.0_cfg5.0nodyna/a bus accelerating to gain speed.mp4
[guidance_f33_s50_w16c8_rho5.0_cfg5.0nodyna] Experiment completed! Results saved to: generated_videos/subject_consistency/guidance_f33_s50_w16c8_rho5.0_cfg5.0nodyna
🚀 Loading torch V-JEPA model for guidance...
VisionTransformerPredictor(
  (predictor_embed): Linear(in_features=1280, out_features=384, bias=True)
  (mask_tokens): ParameterList(
      (0): Parameter containing: [torch.float32 of size 1x1x384]
      (1): Parameter containing: [torch.float32 of size 1x1x384]
      (2): Parameter containing: [torch.float32 of size 1x1x384]
      (3): Parameter containing: [torch.float32 of size 1x1x384]
      (4): Parameter containing: [torch.float32 of size 1x1x384]
      (5): Parameter containing: [torch.float32 of size 1x1x384]
      (6): Parameter containing: [torch.float32 of size 1x1x384]
      (7): Parameter containing: [torch.float32 of size 1x1x384]
      (8): Parameter containing: [torch.float32 of size 1x1x384]
      (9): Parameter containing: [torch.float32 of size 1x1x384]
  )
  (predictor_blocks): ModuleList(
    (0-11): 12 x Block(
      (norm1): LayerNorm((384,), eps=1e-06, elementwise_affine=True)
      (attn): RoPEAttention(
        (qkv): Linear(in_features=384, out_features=1152, bias=True)
        (attn_drop): Dropout(p=0.0, inplace=False)
        (proj): Linear(in_features=384, out_features=384, bias=True)
        (proj_drop): Dropout(p=0.0, inplace=False)
      )
      (drop_path): Identity()
      (norm2): LayerNorm((384,), eps=1e-06, elementwise_affine=True)
      (mlp): MLP(
        (fc1): Linear(in_features=384, out_features=1536, bias=True)
        (act): GELU(approximate='none')
        (fc2): Linear(in_features=1536, out_features=384, bias=True)
        (drop): Dropout(p=0.0, inplace=False)
      )
    )
  )
  (predictor_norm): LayerNorm((384,), eps=1e-06, elementwise_affine=True)
  (predictor_proj): Linear(in_features=384, out_features=1280, bias=True)
)
Torch V-JEPA model loaded from ./vit-h-open/vith.pt using config /home/yjianhao/project/video_guidance/config/vjepa_2_h_open.yaml
Video already exists, skipping: generated_videos/subject_consistency/guidance_f33_s50_w16c8_rho5.0_cfg5.0nodyna/a train speeding down the tracks.mp4
Video already exists, skipping: generated_videos/subject_consistency/guidance_f33_s50_w16c8_rho5.0_cfg5.0nodyna/a train crossing over a tall bridge.mp4
Video already exists, skipping: generated_videos/subject_consistency/guidance_f33_s50_w16c8_rho5.0_cfg5.0nodyna/a train accelerating to gain speed.mp4
Video already exists, skipping: generated_videos/subject_consistency/guidance_f33_s50_w16c8_rho5.0_cfg5.0nodyna/a truck turning a corner.mp4
Video already exists, skipping: generated_videos/subject_consistency/guidance_f33_s50_w16c8_rho5.0_cfg5.0nodyna/a truck anchored in a tranquil bay.mp4
Video already exists, skipping: generated_videos/subject_consistency/guidance_f33_s50_w16c8_rho5.0_cfg5.0nodyna/a truck stuck in traffic during rush hour.mp4
Video already exists, skipping: generated_videos/subject_consistency/guidance_f33_s50_w16c8_rho5.0_cfg5.0nodyna/a truck slowing down to stop.mp4
Video already exists, skipping: generated_videos/subject_consistency/guidance_f33_s50_w16c8_rho5.0_cfg5.0nodyna/a truck accelerating to gain speed.mp4
Video already exists, skipping: generated_videos/subject_consistency/guidance_f33_s50_w16c8_rho5.0_cfg5.0nodyna/a boat sailing smoothly on a calm lake.mp4
[guidance_f33_s50_w16c8_rho5.0_cfg5.0nodyna] Experiment completed! Results saved to: generated_videos/subject_consistency/guidance_f33_s50_w16c8_rho5.0_cfg5.0nodyna
🚀 Loading torch V-JEPA model for guidance...
VisionTransformerPredictor(
  (predictor_embed): Linear(in_features=1280, out_features=384, bias=True)
  (mask_tokens): ParameterList(
      (0): Parameter containing: [torch.float32 of size 1x1x384]
      (1): Parameter containing: [torch.float32 of size 1x1x384]
      (2): Parameter containing: [torch.float32 of size 1x1x384]
      (3): Parameter containing: [torch.float32 of size 1x1x384]
      (4): Parameter containing: [torch.float32 of size 1x1x384]
      (5): Parameter containing: [torch.float32 of size 1x1x384]
      (6): Parameter containing: [torch.float32 of size 1x1x384]
      (7): Parameter containing: [torch.float32 of size 1x1x384]
      (8): Parameter containing: [torch.float32 of size 1x1x384]
      (9): Parameter containing: [torch.float32 of size 1x1x384]
  )
  (predictor_blocks): ModuleList(
    (0-11): 12 x Block(
      (norm1): LayerNorm((384,), eps=1e-06, elementwise_affine=True)
      (attn): RoPEAttention(
        (qkv): Linear(in_features=384, out_features=1152, bias=True)
        (attn_drop): Dropout(p=0.0, inplace=False)
        (proj): Linear(in_features=384, out_features=384, bias=True)
        (proj_drop): Dropout(p=0.0, inplace=False)
      )
      (drop_path): Identity()
      (norm2): LayerNorm((384,), eps=1e-06, elementwise_affine=True)
      (mlp): MLP(
        (fc1): Linear(in_features=384, out_features=1536, bias=True)
        (act): GELU(approximate='none')
        (fc2): Linear(in_features=1536, out_features=384, bias=True)
        (drop): Dropout(p=0.0, inplace=False)
      )
    )
  )
  (predictor_norm): LayerNorm((384,), eps=1e-06, elementwise_affine=True)
  (predictor_proj): Linear(in_features=384, out_features=1280, bias=True)
)
Torch V-JEPA model loaded from ./vit-h-open/vith.pt using config /home/yjianhao/project/video_guidance/config/vjepa_2_h_open.yaml
Video already exists, skipping: generated_videos/subject_consistency/guidance_f33_s50_w16c8_rho5.0_cfg5.0nodyna/a sheep taking a peaceful walk.mp4
Video already exists, skipping: generated_videos/subject_consistency/guidance_f33_s50_w16c8_rho5.0_cfg5.0nodyna/a sheep running to join a herd of its kind.mp4
Video already exists, skipping: generated_videos/subject_consistency/guidance_f33_s50_w16c8_rho5.0_cfg5.0nodyna/a cow bending down to drink water from a river.mp4
Video already exists, skipping: generated_videos/subject_consistency/guidance_f33_s50_w16c8_rho5.0_cfg5.0nodyna/a cow chewing cud while resting in a tranquil barn.mp4
Video already exists, skipping: generated_videos/subject_consistency/guidance_f33_s50_w16c8_rho5.0_cfg5.0nodyna/a cow running to join a herd of its kind.mp4
Video already exists, skipping: generated_videos/subject_consistency/guidance_f33_s50_w16c8_rho5.0_cfg5.0nodyna/an elephant spraying itself with water using its trunk to cool down.mp4
Video already exists, skipping: generated_videos/subject_consistency/guidance_f33_s50_w16c8_rho5.0_cfg5.0nodyna/an elephant taking a peaceful walk.mp4
Video already exists, skipping: generated_videos/subject_consistency/guidance_f33_s50_w16c8_rho5.0_cfg5.0nodyna/an elephant running to join a herd of its kind.mp4
Video already exists, skipping: generated_videos/subject_consistency/guidance_f33_s50_w16c8_rho5.0_cfg5.0nodyna/a bear catching a salmon in its powerful jaws.mp4
[guidance_f33_s50_w16c8_rho5.0_cfg5.0nodyna] Experiment completed! Results saved to: generated_videos/subject_consistency/guidance_f33_s50_w16c8_rho5.0_cfg5.0nodyna

============================================================
EXPERIMENT: guidance_f33_s50_w16c8_rho10.0_cfg5.0nodyna
============================================================
Sampling method: guidance
Inference steps: 50
Frames per video: 33
CFG scale: 5.0
Prompts assigned to this GPU: 9
V-JEPA parameters:
  - Model type: torch
  - Kernel size: 16 (torch V-JEPA frames_per_clip)
  - Context length: 8
  - Stride: 2
  - Mode: max
Guidance parameters:
  - Timestep range: 0-1001
  - Rho scale: 10.0
============================================================


============================================================
EXPERIMENT: guidance_f33_s50_w16c8_rho10.0_cfg5.0nodyna
============================================================
Sampling method: guidance
Inference steps: 50
Frames per video: 33
CFG scale: 5.0
Prompts assigned to this GPU: 9
V-JEPA parameters:
  - Model type: torch
  - Kernel size: 16 (torch V-JEPA frames_per_clip)
  - Context length: 8
  - Stride: 2
  - Mode: max
Guidance parameters:
  - Timestep range: 0-1001
  - Rho scale: 10.0
============================================================


============================================================
EXPERIMENT: guidance_f33_s50_w16c8_rho10.0_cfg5.0nodyna
============================================================
Sampling method: guidance
Inference steps: 50
Frames per video: 33
CFG scale: 5.0
Prompts assigned to this GPU: 9
V-JEPA parameters:
  - Model type: torch
  - Kernel size: 16 (torch V-JEPA frames_per_clip)
  - Context length: 8
  - Stride: 2
  - Mode: max
Guidance parameters:
  - Timestep range: 0-1001
  - Rho scale: 10.0
============================================================


============================================================
EXPERIMENT: guidance_f33_s50_w16c8_rho10.0_cfg5.0nodyna
============================================================
Sampling method: guidance
Inference steps: 50
Frames per video: 33
CFG scale: 5.0
Prompts assigned to this GPU: 9
V-JEPA parameters:
  - Model type: torch
  - Kernel size: 16 (torch V-JEPA frames_per_clip)
  - Context length: 8
  - Stride: 2
  - Mode: max
Guidance parameters:
  - Timestep range: 0-1001
  - Rho scale: 10.0
============================================================


============================================================
EXPERIMENT: guidance_f33_s50_w16c8_rho10.0_cfg5.0nodyna
============================================================
Sampling method: guidance
Inference steps: 50
Frames per video: 33
CFG scale: 5.0
Prompts assigned to this GPU: 9
V-JEPA parameters:
  - Model type: torch
  - Kernel size: 16 (torch V-JEPA frames_per_clip)
  - Context length: 8
  - Stride: 2
  - Mode: max
Guidance parameters:
  - Timestep range: 0-1001
  - Rho scale: 10.0
============================================================


============================================================
EXPERIMENT: guidance_f33_s50_w16c8_rho10.0_cfg5.0nodyna
============================================================
Sampling method: guidance
Inference steps: 50
Frames per video: 33
CFG scale: 5.0
Prompts assigned to this GPU: 9
V-JEPA parameters:
  - Model type: torch
  - Kernel size: 16 (torch V-JEPA frames_per_clip)
  - Context length: 8
  - Stride: 2
  - Mode: max
Guidance parameters:
  - Timestep range: 0-1001
  - Rho scale: 10.0
============================================================


============================================================
EXPERIMENT: guidance_f33_s50_w16c8_rho10.0_cfg5.0nodyna
============================================================
Sampling method: guidance
Inference steps: 50
Frames per video: 33
CFG scale: 5.0
Prompts assigned to this GPU: 9
V-JEPA parameters:
  - Model type: torch
  - Kernel size: 16 (torch V-JEPA frames_per_clip)
  - Context length: 8
  - Stride: 2
  - Mode: max
Guidance parameters:
  - Timestep range: 0-1001
  - Rho scale: 10.0
============================================================


============================================================
EXPERIMENT: guidance_f33_s50_w16c8_rho10.0_cfg5.0nodyna
============================================================
Sampling method: guidance
Inference steps: 50
Frames per video: 33
CFG scale: 5.0
Prompts assigned to this GPU: 9
V-JEPA parameters:
  - Model type: torch
  - Kernel size: 16 (torch V-JEPA frames_per_clip)
  - Context length: 8
  - Stride: 2
  - Mode: max
Guidance parameters:
  - Timestep range: 0-1001
  - Rho scale: 10.0
============================================================

🚀 Loading torch V-JEPA model for guidance...
VisionTransformerPredictor(
  (predictor_embed): Linear(in_features=1280, out_features=384, bias=True)
  (mask_tokens): ParameterList(
      (0): Parameter containing: [torch.float32 of size 1x1x384]
      (1): Parameter containing: [torch.float32 of size 1x1x384]
      (2): Parameter containing: [torch.float32 of size 1x1x384]
      (3): Parameter containing: [torch.float32 of size 1x1x384]
      (4): Parameter containing: [torch.float32 of size 1x1x384]
      (5): Parameter containing: [torch.float32 of size 1x1x384]
      (6): Parameter containing: [torch.float32 of size 1x1x384]
      (7): Parameter containing: [torch.float32 of size 1x1x384]
      (8): Parameter containing: [torch.float32 of size 1x1x384]
      (9): Parameter containing: [torch.float32 of size 1x1x384]
  )
  (predictor_blocks): ModuleList(
    (0-11): 12 x Block(
      (norm1): LayerNorm((384,), eps=1e-06, elementwise_affine=True)
      (attn): RoPEAttention(
        (qkv): Linear(in_features=384, out_features=1152, bias=True)
        (attn_drop): Dropout(p=0.0, inplace=False)
        (proj): Linear(in_features=384, out_features=384, bias=True)
        (proj_drop): Dropout(p=0.0, inplace=False)
      )
      (drop_path): Identity()
      (norm2): LayerNorm((384,), eps=1e-06, elementwise_affine=True)
      (mlp): MLP(
        (fc1): Linear(in_features=384, out_features=1536, bias=True)
        (act): GELU(approximate='none')
        (fc2): Linear(in_features=1536, out_features=384, bias=True)
        (drop): Dropout(p=0.0, inplace=False)
      )
    )
  )
  (predictor_norm): LayerNorm((384,), eps=1e-06, elementwise_affine=True)
  (predictor_proj): Linear(in_features=384, out_features=1280, bias=True)
)
Torch V-JEPA model loaded from ./vit-h-open/vith.pt using config /home/yjianhao/project/video_guidance/config/vjepa_2_h_open.yaml
Video already exists, skipping: generated_videos/subject_consistency/guidance_f33_s50_w16c8_rho10.0_cfg5.0nodyna/a sheep taking a peaceful walk.mp4
Video already exists, skipping: generated_videos/subject_consistency/guidance_f33_s50_w16c8_rho10.0_cfg5.0nodyna/a sheep running to join a herd of its kind.mp4
Video already exists, skipping: generated_videos/subject_consistency/guidance_f33_s50_w16c8_rho10.0_cfg5.0nodyna/a cow bending down to drink water from a river.mp4
Video already exists, skipping: generated_videos/subject_consistency/guidance_f33_s50_w16c8_rho10.0_cfg5.0nodyna/a cow chewing cud while resting in a tranquil barn.mp4
Video already exists, skipping: generated_videos/subject_consistency/guidance_f33_s50_w16c8_rho10.0_cfg5.0nodyna/a cow running to join a herd of its kind.mp4
Video already exists, skipping: generated_videos/subject_consistency/guidance_f33_s50_w16c8_rho10.0_cfg5.0nodyna/an elephant spraying itself with water using its trunk to cool down.mp4
Video already exists, skipping: generated_videos/subject_consistency/guidance_f33_s50_w16c8_rho10.0_cfg5.0nodyna/an elephant taking a peaceful walk.mp4
Video already exists, skipping: generated_videos/subject_consistency/guidance_f33_s50_w16c8_rho10.0_cfg5.0nodyna/an elephant running to join a herd of its kind.mp4
Video already exists, skipping: generated_videos/subject_consistency/guidance_f33_s50_w16c8_rho10.0_cfg5.0nodyna/a bear catching a salmon in its powerful jaws.mp4
[guidance_f33_s50_w16c8_rho10.0_cfg5.0nodyna] Experiment completed! Results saved to: generated_videos/subject_consistency/guidance_f33_s50_w16c8_rho10.0_cfg5.0nodyna
🚀 Loading torch V-JEPA model for guidance...
VisionTransformerPredictor(
  (predictor_embed): Linear(in_features=1280, out_features=384, bias=True)
  (mask_tokens): ParameterList(
      (0): Parameter containing: [torch.float32 of size 1x1x384]
      (1): Parameter containing: [torch.float32 of size 1x1x384]
      (2): Parameter containing: [torch.float32 of size 1x1x384]
      (3): Parameter containing: [torch.float32 of size 1x1x384]
      (4): Parameter containing: [torch.float32 of size 1x1x384]
      (5): Parameter containing: [torch.float32 of size 1x1x384]
      (6): Parameter containing: [torch.float32 of size 1x1x384]
      (7): Parameter containing: [torch.float32 of size 1x1x384]
      (8): Parameter containing: [torch.float32 of size 1x1x384]
      (9): Parameter containing: [torch.float32 of size 1x1x384]
  )
  (predictor_blocks): ModuleList(
    (0-11): 12 x Block(
      (norm1): LayerNorm((384,), eps=1e-06, elementwise_affine=True)
      (attn): RoPEAttention(
        (qkv): Linear(in_features=384, out_features=1152, bias=True)
        (attn_drop): Dropout(p=0.0, inplace=False)
        (proj): Linear(in_features=384, out_features=384, bias=True)
        (proj_drop): Dropout(p=0.0, inplace=False)
      )
      (drop_path): Identity()
      (norm2): LayerNorm((384,), eps=1e-06, elementwise_affine=True)
      (mlp): MLP(
        (fc1): Linear(in_features=384, out_features=1536, bias=True)
        (act): GELU(approximate='none')
        (fc2): Linear(in_features=1536, out_features=384, bias=True)
        (drop): Dropout(p=0.0, inplace=False)
      )
    )
  )
  (predictor_norm): LayerNorm((384,), eps=1e-06, elementwise_affine=True)
  (predictor_proj): Linear(in_features=384, out_features=1280, bias=True)
)
Torch V-JEPA model loaded from ./vit-h-open/vith.pt using config /home/yjianhao/project/video_guidance/config/vjepa_2_h_open.yaml
Video already exists, skipping: generated_videos/subject_consistency/guidance_f33_s50_w16c8_rho10.0_cfg5.0nodyna/a motorcycle gliding through a snowy field.mp4
Video already exists, skipping: generated_videos/subject_consistency/guidance_f33_s50_w16c8_rho10.0_cfg5.0nodyna/a motorcycle accelerating to gain speed.mp4
Video already exists, skipping: generated_videos/subject_consistency/guidance_f33_s50_w16c8_rho10.0_cfg5.0nodyna/an airplane soaring through a clear blue sky.mp4
Video already exists, skipping: generated_videos/subject_consistency/guidance_f33_s50_w16c8_rho10.0_cfg5.0nodyna/an airplane taking off.mp4
Video already exists, skipping: generated_videos/subject_consistency/guidance_f33_s50_w16c8_rho10.0_cfg5.0nodyna/an airplane landing smoothly on a runway.mp4
Video already exists, skipping: generated_videos/subject_consistency/guidance_f33_s50_w16c8_rho10.0_cfg5.0nodyna/an airplane accelerating to gain speed.mp4
Video already exists, skipping: generated_videos/subject_consistency/guidance_f33_s50_w16c8_rho10.0_cfg5.0nodyna/a bus turning a corner.mp4
Video already exists, skipping: generated_videos/subject_consistency/guidance_f33_s50_w16c8_rho10.0_cfg5.0nodyna/a bus stuck in traffic during rush hour.mp4
Video already exists, skipping: generated_videos/subject_consistency/guidance_f33_s50_w16c8_rho10.0_cfg5.0nodyna/a bus accelerating to gain speed.mp4
[guidance_f33_s50_w16c8_rho10.0_cfg5.0nodyna] Experiment completed! Results saved to: generated_videos/subject_consistency/guidance_f33_s50_w16c8_rho10.0_cfg5.0nodyna
🚀 Loading torch V-JEPA model for guidance...
VisionTransformerPredictor(
  (predictor_embed): Linear(in_features=1280, out_features=384, bias=True)
  (mask_tokens): ParameterList(
      (0): Parameter containing: [torch.float32 of size 1x1x384]
      (1): Parameter containing: [torch.float32 of size 1x1x384]
      (2): Parameter containing: [torch.float32 of size 1x1x384]
      (3): Parameter containing: [torch.float32 of size 1x1x384]
      (4): Parameter containing: [torch.float32 of size 1x1x384]
      (5): Parameter containing: [torch.float32 of size 1x1x384]
      (6): Parameter containing: [torch.float32 of size 1x1x384]
      (7): Parameter containing: [torch.float32 of size 1x1x384]
      (8): Parameter containing: [torch.float32 of size 1x1x384]
      (9): Parameter containing: [torch.float32 of size 1x1x384]
  )
  (predictor_blocks): ModuleList(
    (0-11): 12 x Block(
      (norm1): LayerNorm((384,), eps=1e-06, elementwise_affine=True)
      (attn): RoPEAttention(
        (qkv): Linear(in_features=384, out_features=1152, bias=True)
        (attn_drop): Dropout(p=0.0, inplace=False)
        (proj): Linear(in_features=384, out_features=384, bias=True)
        (proj_drop): Dropout(p=0.0, inplace=False)
      )
      (drop_path): Identity()
      (norm2): LayerNorm((384,), eps=1e-06, elementwise_affine=True)
      (mlp): MLP(
        (fc1): Linear(in_features=384, out_features=1536, bias=True)
        (act): GELU(approximate='none')
        (fc2): Linear(in_features=1536, out_features=384, bias=True)
        (drop): Dropout(p=0.0, inplace=False)
      )
    )
  )
  (predictor_norm): LayerNorm((384,), eps=1e-06, elementwise_affine=True)
  (predictor_proj): Linear(in_features=384, out_features=1280, bias=True)
)
Torch V-JEPA model loaded from ./vit-h-open/vith.pt using config /home/yjianhao/project/video_guidance/config/vjepa_2_h_open.yaml
Video already exists, skipping: generated_videos/subject_consistency/guidance_f33_s50_w16c8_rho10.0_cfg5.0nodyna/a person swimming in ocean.mp4
Video already exists, skipping: generated_videos/subject_consistency/guidance_f33_s50_w16c8_rho10.0_cfg5.0nodyna/a person giving a presentation to a room full of colleagues.mp4
Video already exists, skipping: generated_videos/subject_consistency/guidance_f33_s50_w16c8_rho10.0_cfg5.0nodyna/a person washing the dishes.mp4
Video already exists, skipping: generated_videos/subject_consistency/guidance_f33_s50_w16c8_rho10.0_cfg5.0nodyna/a person eating a burger.mp4
Video already exists, skipping: generated_videos/subject_consistency/guidance_f33_s50_w16c8_rho10.0_cfg5.0nodyna/a person walking in the snowstorm.mp4
Video already exists, skipping: generated_videos/subject_consistency/guidance_f33_s50_w16c8_rho10.0_cfg5.0nodyna/a person drinking coffee in a cafe.mp4
Video already exists, skipping: generated_videos/subject_consistency/guidance_f33_s50_w16c8_rho10.0_cfg5.0nodyna/a person playing guitar.mp4
Video already exists, skipping: generated_videos/subject_consistency/guidance_f33_s50_w16c8_rho10.0_cfg5.0nodyna/a bicycle leaning against a tree.mp4
Video already exists, skipping: generated_videos/subject_consistency/guidance_f33_s50_w16c8_rho10.0_cfg5.0nodyna/a bicycle gliding through a snowy field.mp4
[guidance_f33_s50_w16c8_rho10.0_cfg5.0nodyna] Experiment completed! Results saved to: generated_videos/subject_consistency/guidance_f33_s50_w16c8_rho10.0_cfg5.0nodyna
🚀 Loading torch V-JEPA model for guidance...
VisionTransformerPredictor(
  (predictor_embed): Linear(in_features=1280, out_features=384, bias=True)
  (mask_tokens): ParameterList(
      (0): Parameter containing: [torch.float32 of size 1x1x384]
      (1): Parameter containing: [torch.float32 of size 1x1x384]
      (2): Parameter containing: [torch.float32 of size 1x1x384]
      (3): Parameter containing: [torch.float32 of size 1x1x384]
      (4): Parameter containing: [torch.float32 of size 1x1x384]
      (5): Parameter containing: [torch.float32 of size 1x1x384]
      (6): Parameter containing: [torch.float32 of size 1x1x384]
      (7): Parameter containing: [torch.float32 of size 1x1x384]
      (8): Parameter containing: [torch.float32 of size 1x1x384]
      (9): Parameter containing: [torch.float32 of size 1x1x384]
  )
  (predictor_blocks): ModuleList(
    (0-11): 12 x Block(
      (norm1): LayerNorm((384,), eps=1e-06, elementwise_affine=True)
      (attn): RoPEAttention(
        (qkv): Linear(in_features=384, out_features=1152, bias=True)
        (attn_drop): Dropout(p=0.0, inplace=False)
        (proj): Linear(in_features=384, out_features=384, bias=True)
        (proj_drop): Dropout(p=0.0, inplace=False)
      )
      (drop_path): Identity()
      (norm2): LayerNorm((384,), eps=1e-06, elementwise_affine=True)
      (mlp): MLP(
        (fc1): Linear(in_features=384, out_features=1536, bias=True)
        (act): GELU(approximate='none')
        (fc2): Linear(in_features=1536, out_features=384, bias=True)
        (drop): Dropout(p=0.0, inplace=False)
      )
    )
  )
  (predictor_norm): LayerNorm((384,), eps=1e-06, elementwise_affine=True)
  (predictor_proj): Linear(in_features=384, out_features=1280, bias=True)
)
Torch V-JEPA model loaded from ./vit-h-open/vith.pt using config /home/yjianhao/project/video_guidance/config/vjepa_2_h_open.yaml
Video already exists, skipping: generated_videos/subject_consistency/guidance_f33_s50_w16c8_rho10.0_cfg5.0nodyna/a bicycle slowing down to stop.mp4
Video already exists, skipping: generated_videos/subject_consistency/guidance_f33_s50_w16c8_rho10.0_cfg5.0nodyna/a bicycle accelerating to gain speed.mp4
Video already exists, skipping: generated_videos/subject_consistency/guidance_f33_s50_w16c8_rho10.0_cfg5.0nodyna/a car stuck in traffic during rush hour.mp4
Video already exists, skipping: generated_videos/subject_consistency/guidance_f33_s50_w16c8_rho10.0_cfg5.0nodyna/a car turning a corner.mp4
Video already exists, skipping: generated_videos/subject_consistency/guidance_f33_s50_w16c8_rho10.0_cfg5.0nodyna/a car slowing down to stop.mp4
Video already exists, skipping: generated_videos/subject_consistency/guidance_f33_s50_w16c8_rho10.0_cfg5.0nodyna/a car accelerating to gain speed.mp4
Video already exists, skipping: generated_videos/subject_consistency/guidance_f33_s50_w16c8_rho10.0_cfg5.0nodyna/a motorcycle cruising along a coastal highway.mp4
Video already exists, skipping: generated_videos/subject_consistency/guidance_f33_s50_w16c8_rho10.0_cfg5.0nodyna/a motorcycle turning a corner.mp4
Video already exists, skipping: generated_videos/subject_consistency/guidance_f33_s50_w16c8_rho10.0_cfg5.0nodyna/a motorcycle slowing down to stop.mp4
[guidance_f33_s50_w16c8_rho10.0_cfg5.0nodyna] Experiment completed! Results saved to: generated_videos/subject_consistency/guidance_f33_s50_w16c8_rho10.0_cfg5.0nodyna
🚀 Loading torch V-JEPA model for guidance...
VisionTransformerPredictor(
  (predictor_embed): Linear(in_features=1280, out_features=384, bias=True)
  (mask_tokens): ParameterList(
      (0): Parameter containing: [torch.float32 of size 1x1x384]
      (1): Parameter containing: [torch.float32 of size 1x1x384]
      (2): Parameter containing: [torch.float32 of size 1x1x384]
      (3): Parameter containing: [torch.float32 of size 1x1x384]
      (4): Parameter containing: [torch.float32 of size 1x1x384]
      (5): Parameter containing: [torch.float32 of size 1x1x384]
      (6): Parameter containing: [torch.float32 of size 1x1x384]
      (7): Parameter containing: [torch.float32 of size 1x1x384]
      (8): Parameter containing: [torch.float32 of size 1x1x384]
      (9): Parameter containing: [torch.float32 of size 1x1x384]
  )
  (predictor_blocks): ModuleList(
    (0-11): 12 x Block(
      (norm1): LayerNorm((384,), eps=1e-06, elementwise_affine=True)
      (attn): RoPEAttention(
        (qkv): Linear(in_features=384, out_features=1152, bias=True)
        (attn_drop): Dropout(p=0.0, inplace=False)
        (proj): Linear(in_features=384, out_features=384, bias=True)
        (proj_drop): Dropout(p=0.0, inplace=False)
      )
      (drop_path): Identity()
      (norm2): LayerNorm((384,), eps=1e-06, elementwise_affine=True)
      (mlp): MLP(
        (fc1): Linear(in_features=384, out_features=1536, bias=True)
        (act): GELU(approximate='none')
        (fc2): Linear(in_features=1536, out_features=384, bias=True)
        (drop): Dropout(p=0.0, inplace=False)
      )
    )
  )
  (predictor_norm): LayerNorm((384,), eps=1e-06, elementwise_affine=True)
  (predictor_proj): Linear(in_features=384, out_features=1280, bias=True)
)
Torch V-JEPA model loaded from ./vit-h-open/vith.pt using config /home/yjianhao/project/video_guidance/config/vjepa_2_h_open.yaml
Video already exists, skipping: generated_videos/subject_consistency/guidance_f33_s50_w16c8_rho10.0_cfg5.0nodyna/a boat slowing down to stop.mp4
Video already exists, skipping: generated_videos/subject_consistency/guidance_f33_s50_w16c8_rho10.0_cfg5.0nodyna/a boat accelerating to gain speed.mp4
Video already exists, skipping: generated_videos/subject_consistency/guidance_f33_s50_w16c8_rho10.0_cfg5.0nodyna/a bird soaring gracefully in the sky.mp4
Video already exists, skipping: generated_videos/subject_consistency/guidance_f33_s50_w16c8_rho10.0_cfg5.0nodyna/a bird building a nest from twigs and leaves.mp4
Video already exists, skipping: generated_videos/subject_consistency/guidance_f33_s50_w16c8_rho10.0_cfg5.0nodyna/a bird flying over a snowy forest.mp4
Video already exists, skipping: generated_videos/subject_consistency/guidance_f33_s50_w16c8_rho10.0_cfg5.0nodyna/a cat grooming itself meticulously with its tongue.mp4
Video already exists, skipping: generated_videos/subject_consistency/guidance_f33_s50_w16c8_rho10.0_cfg5.0nodyna/a cat playing in park.mp4
Video already exists, skipping: generated_videos/subject_consistency/guidance_f33_s50_w16c8_rho10.0_cfg5.0nodyna/a cat drinking water.mp4
Video already exists, skipping: generated_videos/subject_consistency/guidance_f33_s50_w16c8_rho10.0_cfg5.0nodyna/a cat running happily.mp4
[guidance_f33_s50_w16c8_rho10.0_cfg5.0nodyna] Experiment completed! Results saved to: generated_videos/subject_consistency/guidance_f33_s50_w16c8_rho10.0_cfg5.0nodyna
🚀 Loading torch V-JEPA model for guidance...
VisionTransformerPredictor(
  (predictor_embed): Linear(in_features=1280, out_features=384, bias=True)
  (mask_tokens): ParameterList(
      (0): Parameter containing: [torch.float32 of size 1x1x384]
      (1): Parameter containing: [torch.float32 of size 1x1x384]
      (2): Parameter containing: [torch.float32 of size 1x1x384]
      (3): Parameter containing: [torch.float32 of size 1x1x384]
      (4): Parameter containing: [torch.float32 of size 1x1x384]
      (5): Parameter containing: [torch.float32 of size 1x1x384]
      (6): Parameter containing: [torch.float32 of size 1x1x384]
      (7): Parameter containing: [torch.float32 of size 1x1x384]
      (8): Parameter containing: [torch.float32 of size 1x1x384]
      (9): Parameter containing: [torch.float32 of size 1x1x384]
  )
  (predictor_blocks): ModuleList(
    (0-11): 12 x Block(
      (norm1): LayerNorm((384,), eps=1e-06, elementwise_affine=True)
      (attn): RoPEAttention(
        (qkv): Linear(in_features=384, out_features=1152, bias=True)
        (attn_drop): Dropout(p=0.0, inplace=False)
        (proj): Linear(in_features=384, out_features=384, bias=True)
        (proj_drop): Dropout(p=0.0, inplace=False)
      )
      (drop_path): Identity()
      (norm2): LayerNorm((384,), eps=1e-06, elementwise_affine=True)
      (mlp): MLP(
        (fc1): Linear(in_features=384, out_features=1536, bias=True)
        (act): GELU(approximate='none')
        (fc2): Linear(in_features=1536, out_features=384, bias=True)
        (drop): Dropout(p=0.0, inplace=False)
      )
    )
  )
  (predictor_norm): LayerNorm((384,), eps=1e-06, elementwise_affine=True)
  (predictor_proj): Linear(in_features=384, out_features=1280, bias=True)
)
Torch V-JEPA model loaded from ./vit-h-open/vith.pt using config /home/yjianhao/project/video_guidance/config/vjepa_2_h_open.yaml
Video already exists, skipping: generated_videos/subject_consistency/guidance_f33_s50_w16c8_rho10.0_cfg5.0nodyna/a bear sniffing the air for scents of food.mp4
Video already exists, skipping: generated_videos/subject_consistency/guidance_f33_s50_w16c8_rho10.0_cfg5.0nodyna/a bear climbing a tree.mp4
Video already exists, skipping: generated_videos/subject_consistency/guidance_f33_s50_w16c8_rho10.0_cfg5.0nodyna/a bear hunting for prey.mp4
Video already exists, skipping: generated_videos/subject_consistency/guidance_f33_s50_w16c8_rho10.0_cfg5.0nodyna/a zebra bending down to drink water from a river.mp4
Video already exists, skipping: generated_videos/subject_consistency/guidance_f33_s50_w16c8_rho10.0_cfg5.0nodyna/a zebra running to join a herd of its kind.mp4
Video already exists, skipping: generated_videos/subject_consistency/guidance_f33_s50_w16c8_rho10.0_cfg5.0nodyna/a zebra taking a peaceful walk.mp4
Video already exists, skipping: generated_videos/subject_consistency/guidance_f33_s50_w16c8_rho10.0_cfg5.0nodyna/a giraffe bending down to drink water from a river.mp4
Video already exists, skipping: generated_videos/subject_consistency/guidance_f33_s50_w16c8_rho10.0_cfg5.0nodyna/a giraffe taking a peaceful walk.mp4
Video already exists, skipping: generated_videos/subject_consistency/guidance_f33_s50_w16c8_rho10.0_cfg5.0nodyna/a giraffe running to join a herd of its kind.mp4
[guidance_f33_s50_w16c8_rho10.0_cfg5.0nodyna] Experiment completed! Results saved to: generated_videos/subject_consistency/guidance_f33_s50_w16c8_rho10.0_cfg5.0nodyna
🚀 Loading torch V-JEPA model for guidance...
VisionTransformerPredictor(
  (predictor_embed): Linear(in_features=1280, out_features=384, bias=True)
  (mask_tokens): ParameterList(
      (0): Parameter containing: [torch.float32 of size 1x1x384]
      (1): Parameter containing: [torch.float32 of size 1x1x384]
      (2): Parameter containing: [torch.float32 of size 1x1x384]
      (3): Parameter containing: [torch.float32 of size 1x1x384]
      (4): Parameter containing: [torch.float32 of size 1x1x384]
      (5): Parameter containing: [torch.float32 of size 1x1x384]
      (6): Parameter containing: [torch.float32 of size 1x1x384]
      (7): Parameter containing: [torch.float32 of size 1x1x384]
      (8): Parameter containing: [torch.float32 of size 1x1x384]
      (9): Parameter containing: [torch.float32 of size 1x1x384]
  )
  (predictor_blocks): ModuleList(
    (0-11): 12 x Block(
      (norm1): LayerNorm((384,), eps=1e-06, elementwise_affine=True)
      (attn): RoPEAttention(
        (qkv): Linear(in_features=384, out_features=1152, bias=True)
        (attn_drop): Dropout(p=0.0, inplace=False)
        (proj): Linear(in_features=384, out_features=384, bias=True)
        (proj_drop): Dropout(p=0.0, inplace=False)
      )
      (drop_path): Identity()
      (norm2): LayerNorm((384,), eps=1e-06, elementwise_affine=True)
      (mlp): MLP(
        (fc1): Linear(in_features=384, out_features=1536, bias=True)
        (act): GELU(approximate='none')
        (fc2): Linear(in_features=1536, out_features=384, bias=True)
        (drop): Dropout(p=0.0, inplace=False)
      )
    )
  )
  (predictor_norm): LayerNorm((384,), eps=1e-06, elementwise_affine=True)
  (predictor_proj): Linear(in_features=384, out_features=1280, bias=True)
)
Torch V-JEPA model loaded from ./vit-h-open/vith.pt using config /home/yjianhao/project/video_guidance/config/vjepa_2_h_open.yaml
Video already exists, skipping: generated_videos/subject_consistency/guidance_f33_s50_w16c8_rho10.0_cfg5.0nodyna/a train speeding down the tracks.mp4
Video already exists, skipping: generated_videos/subject_consistency/guidance_f33_s50_w16c8_rho10.0_cfg5.0nodyna/a train crossing over a tall bridge.mp4
Video already exists, skipping: generated_videos/subject_consistency/guidance_f33_s50_w16c8_rho10.0_cfg5.0nodyna/a train accelerating to gain speed.mp4
Video already exists, skipping: generated_videos/subject_consistency/guidance_f33_s50_w16c8_rho10.0_cfg5.0nodyna/a truck turning a corner.mp4
Video already exists, skipping: generated_videos/subject_consistency/guidance_f33_s50_w16c8_rho10.0_cfg5.0nodyna/a truck anchored in a tranquil bay.mp4
Video already exists, skipping: generated_videos/subject_consistency/guidance_f33_s50_w16c8_rho10.0_cfg5.0nodyna/a truck stuck in traffic during rush hour.mp4
Video already exists, skipping: generated_videos/subject_consistency/guidance_f33_s50_w16c8_rho10.0_cfg5.0nodyna/a truck slowing down to stop.mp4
Video already exists, skipping: generated_videos/subject_consistency/guidance_f33_s50_w16c8_rho10.0_cfg5.0nodyna/a truck accelerating to gain speed.mp4
Video already exists, skipping: generated_videos/subject_consistency/guidance_f33_s50_w16c8_rho10.0_cfg5.0nodyna/a boat sailing smoothly on a calm lake.mp4
[guidance_f33_s50_w16c8_rho10.0_cfg5.0nodyna] Experiment completed! Results saved to: generated_videos/subject_consistency/guidance_f33_s50_w16c8_rho10.0_cfg5.0nodyna
🚀 Loading torch V-JEPA model for guidance...
VisionTransformerPredictor(
  (predictor_embed): Linear(in_features=1280, out_features=384, bias=True)
  (mask_tokens): ParameterList(
      (0): Parameter containing: [torch.float32 of size 1x1x384]
      (1): Parameter containing: [torch.float32 of size 1x1x384]
      (2): Parameter containing: [torch.float32 of size 1x1x384]
      (3): Parameter containing: [torch.float32 of size 1x1x384]
      (4): Parameter containing: [torch.float32 of size 1x1x384]
      (5): Parameter containing: [torch.float32 of size 1x1x384]
      (6): Parameter containing: [torch.float32 of size 1x1x384]
      (7): Parameter containing: [torch.float32 of size 1x1x384]
      (8): Parameter containing: [torch.float32 of size 1x1x384]
      (9): Parameter containing: [torch.float32 of size 1x1x384]
  )
  (predictor_blocks): ModuleList(
    (0-11): 12 x Block(
      (norm1): LayerNorm((384,), eps=1e-06, elementwise_affine=True)
      (attn): RoPEAttention(
        (qkv): Linear(in_features=384, out_features=1152, bias=True)
        (attn_drop): Dropout(p=0.0, inplace=False)
        (proj): Linear(in_features=384, out_features=384, bias=True)
        (proj_drop): Dropout(p=0.0, inplace=False)
      )
      (drop_path): Identity()
      (norm2): LayerNorm((384,), eps=1e-06, elementwise_affine=True)
      (mlp): MLP(
        (fc1): Linear(in_features=384, out_features=1536, bias=True)
        (act): GELU(approximate='none')
        (fc2): Linear(in_features=1536, out_features=384, bias=True)
        (drop): Dropout(p=0.0, inplace=False)
      )
    )
  )
  (predictor_norm): LayerNorm((384,), eps=1e-06, elementwise_affine=True)
  (predictor_proj): Linear(in_features=384, out_features=1280, bias=True)
)
Torch V-JEPA model loaded from ./vit-h-open/vith.pt using config /home/yjianhao/project/video_guidance/config/vjepa_2_h_open.yaml
Video already exists, skipping: generated_videos/subject_consistency/guidance_f33_s50_w16c8_rho10.0_cfg5.0nodyna/a dog enjoying a peaceful walk.mp4
Video already exists, skipping: generated_videos/subject_consistency/guidance_f33_s50_w16c8_rho10.0_cfg5.0nodyna/a dog playing in park.mp4
Video already exists, skipping: generated_videos/subject_consistency/guidance_f33_s50_w16c8_rho10.0_cfg5.0nodyna/a dog drinking water.mp4
Video already exists, skipping: generated_videos/subject_consistency/guidance_f33_s50_w16c8_rho10.0_cfg5.0nodyna/a dog running happily.mp4
Video already exists, skipping: generated_videos/subject_consistency/guidance_f33_s50_w16c8_rho10.0_cfg5.0nodyna/a horse bending down to drink water from a river.mp4
Video already exists, skipping: generated_videos/subject_consistency/guidance_f33_s50_w16c8_rho10.0_cfg5.0nodyna/a horse galloping across an open field.mp4
Video already exists, skipping: generated_videos/subject_consistency/guidance_f33_s50_w16c8_rho10.0_cfg5.0nodyna/a horse taking a peaceful walk.mp4
Video already exists, skipping: generated_videos/subject_consistency/guidance_f33_s50_w16c8_rho10.0_cfg5.0nodyna/a horse running to join a herd of its kind.mp4
Video already exists, skipping: generated_videos/subject_consistency/guidance_f33_s50_w16c8_rho10.0_cfg5.0nodyna/a sheep bending down to drink water from a river.mp4
[guidance_f33_s50_w16c8_rho10.0_cfg5.0nodyna] Experiment completed! Results saved to: generated_videos/subject_consistency/guidance_f33_s50_w16c8_rho10.0_cfg5.0nodyna
