Tue Jul  1 16:00:21 2025       
+-----------------------------------------------------------------------------------------+
| NVIDIA-SMI 570.133.20             Driver Version: 570.133.20     CUDA Version: 12.8     |
|-----------------------------------------+------------------------+----------------------+
| GPU  Name                 Persistence-M | Bus-Id          Disp.A | Volatile Uncorr. ECC |
| Fan  Temp   Perf          Pwr:Usage/Cap |           Memory-Usage | GPU-Util  Compute M. |
|                                         |                        |               MIG M. |
|=========================================+========================+======================|
|   0  NVIDIA H200                    On  |   00000000:59:00.0 Off |                    0 |
| N/A   36C    P0             76W /  700W |       0MiB / 143771MiB |      0%      Default |
|                                         |                        |             Disabled |
+-----------------------------------------+------------------------+----------------------+
|   1  NVIDIA H200                    On  |   00000000:5A:00.0 Off |                    0 |
| N/A   34C    P0             77W /  700W |       0MiB / 143771MiB |      0%      Default |
|                                         |                        |             Disabled |
+-----------------------------------------+------------------------+----------------------+
|   2  NVIDIA H200                    On  |   00000000:72:00.0 Off |                    0 |
| N/A   36C    P0             80W /  700W |       0MiB / 143771MiB |      0%      Default |
|                                         |                        |             Disabled |
+-----------------------------------------+------------------------+----------------------+
|   3  NVIDIA H200                    On  |   00000000:73:00.0 Off |                    0 |
| N/A   35C    P0             74W /  700W |       0MiB / 143771MiB |      0%      Default |
|                                         |                        |             Disabled |
+-----------------------------------------+------------------------+----------------------+
|   4  NVIDIA H200                    On  |   00000000:8B:00.0 Off |                    0 |
| N/A   36C    P0             78W /  700W |       0MiB / 143771MiB |      0%      Default |
|                                         |                        |             Disabled |
+-----------------------------------------+------------------------+----------------------+
|   5  NVIDIA H200                    On  |   00000000:8C:00.0 Off |                    0 |
| N/A   36C    P0             76W /  700W |       0MiB / 143771MiB |      0%      Default |
|                                         |                        |             Disabled |
+-----------------------------------------+------------------------+----------------------+
|   6  NVIDIA H200                    On  |   00000000:A4:00.0 Off |                    0 |
| N/A   36C    P0             77W /  700W |       0MiB / 143771MiB |      0%      Default |
|                                         |                        |             Disabled |
+-----------------------------------------+------------------------+----------------------+
|   7  NVIDIA H200                    On  |   00000000:A5:00.0 Off |                    0 |
| N/A   35C    P0             77W /  700W |       0MiB / 143771MiB |      0%      Default |
|                                         |                        |             Disabled |
+-----------------------------------------+------------------------+----------------------+
                                                                                         
+-----------------------------------------------------------------------------------------+
| Processes:                                                                              |
|  GPU   GI   CI              PID   Type   Process name                        GPU Memory |
|        ID   ID                                                               Usage      |
|=========================================================================================|
|  No running processes found                                                             |
+-----------------------------------------------------------------------------------------+
Running batch sample script env activated

============================================================
EXPERIMENT: vanilla_f17_s50_cfg5.0_0701_1600
============================================================
Sampling method: vanilla
Inference steps: 50
Frames per video: 17
CFG scale: 5.0
Prompts assigned to this GPU: 9
============================================================


============================================================
EXPERIMENT: vanilla_f17_s50_cfg5.0_0701_1600
============================================================
Sampling method: vanilla
Inference steps: 50
Frames per video: 17
CFG scale: 5.0
Prompts assigned to this GPU: 9
============================================================


============================================================
EXPERIMENT: vanilla_f17_s50_cfg5.0_0701_1600
============================================================
Sampling method: vanilla
Inference steps: 50
Frames per video: 17
CFG scale: 5.0
Prompts assigned to this GPU: 9
============================================================


============================================================
EXPERIMENT: vanilla_f17_s50_cfg5.0_0701_1600
============================================================
Sampling method: vanilla
Inference steps: 50
Frames per video: 17
CFG scale: 5.0
Prompts assigned to this GPU: 9
============================================================


============================================================
EXPERIMENT: vanilla_f17_s50_cfg5.0_0701_1600
============================================================
Sampling method: vanilla
Inference steps: 50
Frames per video: 17
CFG scale: 5.0
Prompts assigned to this GPU: 9
============================================================


============================================================
EXPERIMENT: vanilla_f17_s50_cfg5.0_0701_1600
============================================================
Sampling method: vanilla
Inference steps: 50
Frames per video: 17
CFG scale: 5.0
Prompts assigned to this GPU: 9
============================================================


============================================================
EXPERIMENT: vanilla_f17_s50_cfg5.0_0701_1600
============================================================
Sampling method: vanilla
Inference steps: 50
Frames per video: 17
CFG scale: 5.0
Prompts assigned to this GPU: 9
============================================================


============================================================
EXPERIMENT: vanilla_f17_s50_cfg5.0_0701_1600
============================================================
Sampling method: vanilla
Inference steps: 50
Frames per video: 17
CFG scale: 5.0
Prompts assigned to this GPU: 9
============================================================

[vanilla_f17_s50_cfg5.0_0701_1600] Generating video 1/9 (vanilla): a bicycle slowing down to stop
[vanilla_f17_s50_cfg5.0_0701_1600] Generating video 1/9 (vanilla): a train speeding down the tracks
[vanilla_f17_s50_cfg5.0_0701_1600] Generating video 1/9 (vanilla): a boat slowing down to stop
[vanilla_f17_s50_cfg5.0_0701_1600] Generating video 1/9 (vanilla): a person swimming in ocean
[vanilla_f17_s50_cfg5.0_0701_1600] Generating video 1/9 (vanilla): a bear sniffing the air for scents of food
[vanilla_f17_s50_cfg5.0_0701_1600] Generating video 1/9 (vanilla): a dog enjoying a peaceful walk
[vanilla_f17_s50_cfg5.0_0701_1600] Generating video 1/9 (vanilla): a motorcycle gliding through a snowy field
[vanilla_f17_s50_cfg5.0_0701_1600] Generating video 1/9 (vanilla): a sheep taking a peaceful walk
[vanilla_f17_s50_cfg5.0_0701_1600] Generated: generated_videos/subject_consistency/vanilla_f17_s50_cfg5.0_0701_1600/a_bicycle_slowing_down_to_stop.mp4
[vanilla_f17_s50_cfg5.0_0701_1600] Generating video 2/9 (vanilla): a bicycle accelerating to gain speed
[vanilla_f17_s50_cfg5.0_0701_1600] Generated: generated_videos/subject_consistency/vanilla_f17_s50_cfg5.0_0701_1600/a_boat_slowing_down_to_stop.mp4
[vanilla_f17_s50_cfg5.0_0701_1600] Generating video 2/9 (vanilla): a boat accelerating to gain speed
[vanilla_f17_s50_cfg5.0_0701_1600] Generated: generated_videos/subject_consistency/vanilla_f17_s50_cfg5.0_0701_1600/a_bear_sniffing_the_air_for_scents_of_food.mp4
[vanilla_f17_s50_cfg5.0_0701_1600] Generating video 2/9 (vanilla): a bear climbing a tree
[vanilla_f17_s50_cfg5.0_0701_1600] Generated: generated_videos/subject_consistency/vanilla_f17_s50_cfg5.0_0701_1600/a_person_swimming_in_ocean.mp4
[vanilla_f17_s50_cfg5.0_0701_1600] Generating video 2/9 (vanilla): a person giving a presentation to a room full of colleagues
[vanilla_f17_s50_cfg5.0_0701_1600] Generated: generated_videos/subject_consistency/vanilla_f17_s50_cfg5.0_0701_1600/a_train_speeding_down_the_tracks.mp4
[vanilla_f17_s50_cfg5.0_0701_1600] Generating video 2/9 (vanilla): a train crossing over a tall bridge
[vanilla_f17_s50_cfg5.0_0701_1600] Generated: generated_videos/subject_consistency/vanilla_f17_s50_cfg5.0_0701_1600/a_sheep_taking_a_peaceful_walk.mp4
[vanilla_f17_s50_cfg5.0_0701_1600] Generating video 2/9 (vanilla): a sheep running to join a herd of its kind
[vanilla_f17_s50_cfg5.0_0701_1600] Generated: generated_videos/subject_consistency/vanilla_f17_s50_cfg5.0_0701_1600/a_motorcycle_gliding_through_a_snowy_field.mp4
[vanilla_f17_s50_cfg5.0_0701_1600] Generating video 2/9 (vanilla): a motorcycle accelerating to gain speed
[vanilla_f17_s50_cfg5.0_0701_1600] Generated: generated_videos/subject_consistency/vanilla_f17_s50_cfg5.0_0701_1600/a_dog_enjoying_a_peaceful_walk.mp4
[vanilla_f17_s50_cfg5.0_0701_1600] Generating video 2/9 (vanilla): a dog playing in park
[vanilla_f17_s50_cfg5.0_0701_1600] Generated: generated_videos/subject_consistency/vanilla_f17_s50_cfg5.0_0701_1600/a_bicycle_accelerating_to_gain_speed.mp4
[vanilla_f17_s50_cfg5.0_0701_1600] Generating video 3/9 (vanilla): a car stuck in traffic during rush hour
[vanilla_f17_s50_cfg5.0_0701_1600] Generated: generated_videos/subject_consistency/vanilla_f17_s50_cfg5.0_0701_1600/a_boat_accelerating_to_gain_speed.mp4
[vanilla_f17_s50_cfg5.0_0701_1600] Generating video 3/9 (vanilla): a bird soaring gracefully in the sky
[vanilla_f17_s50_cfg5.0_0701_1600] Generated: generated_videos/subject_consistency/vanilla_f17_s50_cfg5.0_0701_1600/a_bear_climbing_a_tree.mp4
[vanilla_f17_s50_cfg5.0_0701_1600] Generating video 3/9 (vanilla): a bear hunting for prey
[vanilla_f17_s50_cfg5.0_0701_1600] Generated: generated_videos/subject_consistency/vanilla_f17_s50_cfg5.0_0701_1600/a_person_giving_a_presentation_to_a_room_full_of_c.mp4
[vanilla_f17_s50_cfg5.0_0701_1600] Generating video 3/9 (vanilla): a person washing the dishes
[vanilla_f17_s50_cfg5.0_0701_1600] Generated: generated_videos/subject_consistency/vanilla_f17_s50_cfg5.0_0701_1600/a_sheep_running_to_join_a_herd_of_its_kind.mp4
[vanilla_f17_s50_cfg5.0_0701_1600] Generating video 3/9 (vanilla): a cow bending down to drink water from a river
[vanilla_f17_s50_cfg5.0_0701_1600] Generated: generated_videos/subject_consistency/vanilla_f17_s50_cfg5.0_0701_1600/a_motorcycle_accelerating_to_gain_speed.mp4
[vanilla_f17_s50_cfg5.0_0701_1600] Generating video 3/9 (vanilla): an airplane soaring through a clear blue sky
[vanilla_f17_s50_cfg5.0_0701_1600] Generated: generated_videos/subject_consistency/vanilla_f17_s50_cfg5.0_0701_1600/a_train_crossing_over_a_tall_bridge.mp4
[vanilla_f17_s50_cfg5.0_0701_1600] Generating video 3/9 (vanilla): a train accelerating to gain speed
[vanilla_f17_s50_cfg5.0_0701_1600] Generated: generated_videos/subject_consistency/vanilla_f17_s50_cfg5.0_0701_1600/a_dog_playing_in_park.mp4
[vanilla_f17_s50_cfg5.0_0701_1600] Generating video 3/9 (vanilla): a dog drinking water
[vanilla_f17_s50_cfg5.0_0701_1600] Generated: generated_videos/subject_consistency/vanilla_f17_s50_cfg5.0_0701_1600/a_car_stuck_in_traffic_during_rush_hour.mp4
[vanilla_f17_s50_cfg5.0_0701_1600] Generating video 4/9 (vanilla): a car turning a corner
[vanilla_f17_s50_cfg5.0_0701_1600] Generated: generated_videos/subject_consistency/vanilla_f17_s50_cfg5.0_0701_1600/a_bear_hunting_for_prey.mp4
[vanilla_f17_s50_cfg5.0_0701_1600] Generating video 4/9 (vanilla): a zebra bending down to drink water from a river
[vanilla_f17_s50_cfg5.0_0701_1600] Generated: generated_videos/subject_consistency/vanilla_f17_s50_cfg5.0_0701_1600/a_bird_soaring_gracefully_in_the_sky.mp4
[vanilla_f17_s50_cfg5.0_0701_1600] Generating video 4/9 (vanilla): a bird building a nest from twigs and leaves
[vanilla_f17_s50_cfg5.0_0701_1600] Generated: generated_videos/subject_consistency/vanilla_f17_s50_cfg5.0_0701_1600/a_person_washing_the_dishes.mp4
[vanilla_f17_s50_cfg5.0_0701_1600] Generating video 4/9 (vanilla): a person eating a burger
[vanilla_f17_s50_cfg5.0_0701_1600] Generated: generated_videos/subject_consistency/vanilla_f17_s50_cfg5.0_0701_1600/a_cow_bending_down_to_drink_water_from_a_river.mp4
[vanilla_f17_s50_cfg5.0_0701_1600] Generating video 4/9 (vanilla): a cow chewing cud while resting in a tranquil barn
[vanilla_f17_s50_cfg5.0_0701_1600] Generated: generated_videos/subject_consistency/vanilla_f17_s50_cfg5.0_0701_1600/an_airplane_soaring_through_a_clear_blue_sky.mp4
[vanilla_f17_s50_cfg5.0_0701_1600] Generating video 4/9 (vanilla): an airplane taking off
[vanilla_f17_s50_cfg5.0_0701_1600] Generated: generated_videos/subject_consistency/vanilla_f17_s50_cfg5.0_0701_1600/a_train_accelerating_to_gain_speed.mp4
[vanilla_f17_s50_cfg5.0_0701_1600] Generating video 4/9 (vanilla): a truck turning a corner
[vanilla_f17_s50_cfg5.0_0701_1600] Generated: generated_videos/subject_consistency/vanilla_f17_s50_cfg5.0_0701_1600/a_dog_drinking_water.mp4
[vanilla_f17_s50_cfg5.0_0701_1600] Generating video 4/9 (vanilla): a dog running happily
[vanilla_f17_s50_cfg5.0_0701_1600] Generated: generated_videos/subject_consistency/vanilla_f17_s50_cfg5.0_0701_1600/a_car_turning_a_corner.mp4
[vanilla_f17_s50_cfg5.0_0701_1600] Generating video 5/9 (vanilla): a car slowing down to stop
[vanilla_f17_s50_cfg5.0_0701_1600] Generated: generated_videos/subject_consistency/vanilla_f17_s50_cfg5.0_0701_1600/a_zebra_bending_down_to_drink_water_from_a_river.mp4
[vanilla_f17_s50_cfg5.0_0701_1600] Generating video 5/9 (vanilla): a zebra running to join a herd of its kind
[vanilla_f17_s50_cfg5.0_0701_1600] Generated: generated_videos/subject_consistency/vanilla_f17_s50_cfg5.0_0701_1600/a_bird_building_a_nest_from_twigs_and_leaves.mp4
[vanilla_f17_s50_cfg5.0_0701_1600] Generating video 5/9 (vanilla): a bird flying over a snowy forest
[vanilla_f17_s50_cfg5.0_0701_1600] Generated: generated_videos/subject_consistency/vanilla_f17_s50_cfg5.0_0701_1600/a_person_eating_a_burger.mp4
[vanilla_f17_s50_cfg5.0_0701_1600] Generating video 5/9 (vanilla): a person walking in the snowstorm
[vanilla_f17_s50_cfg5.0_0701_1600] Generated: generated_videos/subject_consistency/vanilla_f17_s50_cfg5.0_0701_1600/a_cow_chewing_cud_while_resting_in_a_tranquil_barn.mp4
[vanilla_f17_s50_cfg5.0_0701_1600] Generating video 5/9 (vanilla): a cow running to join a herd of its kind
[vanilla_f17_s50_cfg5.0_0701_1600] Generated: generated_videos/subject_consistency/vanilla_f17_s50_cfg5.0_0701_1600/an_airplane_taking_off.mp4
[vanilla_f17_s50_cfg5.0_0701_1600] Generating video 5/9 (vanilla): an airplane landing smoothly on a runway
[vanilla_f17_s50_cfg5.0_0701_1600] Generated: generated_videos/subject_consistency/vanilla_f17_s50_cfg5.0_0701_1600/a_zebra_running_to_join_a_herd_of_its_kind.mp4
[vanilla_f17_s50_cfg5.0_0701_1600] Generating video 6/9 (vanilla): a zebra taking a peaceful walk
[vanilla_f17_s50_cfg5.0_0701_1600] Generated: generated_videos/subject_consistency/vanilla_f17_s50_cfg5.0_0701_1600/a_car_slowing_down_to_stop.mp4
[vanilla_f17_s50_cfg5.0_0701_1600] Generating video 6/9 (vanilla): a car accelerating to gain speed
[vanilla_f17_s50_cfg5.0_0701_1600] Generated: generated_videos/subject_consistency/vanilla_f17_s50_cfg5.0_0701_1600/a_person_walking_in_the_snowstorm.mp4
[vanilla_f17_s50_cfg5.0_0701_1600] Generating video 6/9 (vanilla): a person drinking coffee in a cafe
[vanilla_f17_s50_cfg5.0_0701_1600] Generated: generated_videos/subject_consistency/vanilla_f17_s50_cfg5.0_0701_1600/a_bird_flying_over_a_snowy_forest.mp4
[vanilla_f17_s50_cfg5.0_0701_1600] Generating video 6/9 (vanilla): a cat grooming itself meticulously with its tongue
[vanilla_f17_s50_cfg5.0_0701_1600] Generated: generated_videos/subject_consistency/vanilla_f17_s50_cfg5.0_0701_1600/a_dog_running_happily.mp4
[vanilla_f17_s50_cfg5.0_0701_1600] Generating video 5/9 (vanilla): a horse bending down to drink water from a river
[vanilla_f17_s50_cfg5.0_0701_1600] Generated: generated_videos/subject_consistency/vanilla_f17_s50_cfg5.0_0701_1600/a_truck_turning_a_corner.mp4
[vanilla_f17_s50_cfg5.0_0701_1600] Generating video 5/9 (vanilla): a truck anchored in a tranquil bay
[vanilla_f17_s50_cfg5.0_0701_1600] Generated: generated_videos/subject_consistency/vanilla_f17_s50_cfg5.0_0701_1600/a_cow_running_to_join_a_herd_of_its_kind.mp4
[vanilla_f17_s50_cfg5.0_0701_1600] Generating video 6/9 (vanilla): an elephant spraying itself with water using its trunk to cool down
[vanilla_f17_s50_cfg5.0_0701_1600] Generated: generated_videos/subject_consistency/vanilla_f17_s50_cfg5.0_0701_1600/an_airplane_landing_smoothly_on_a_runway.mp4
[vanilla_f17_s50_cfg5.0_0701_1600] Generating video 6/9 (vanilla): an airplane accelerating to gain speed
[vanilla_f17_s50_cfg5.0_0701_1600] Generated: generated_videos/subject_consistency/vanilla_f17_s50_cfg5.0_0701_1600/a_person_drinking_coffee_in_a_cafe.mp4
[vanilla_f17_s50_cfg5.0_0701_1600] Generating video 7/9 (vanilla): a person playing guitar
[vanilla_f17_s50_cfg5.0_0701_1600] Generated: generated_videos/subject_consistency/vanilla_f17_s50_cfg5.0_0701_1600/a_cat_grooming_itself_meticulously_with_its_tongue.mp4
[vanilla_f17_s50_cfg5.0_0701_1600] Generating video 7/9 (vanilla): a cat playing in park
[vanilla_f17_s50_cfg5.0_0701_1600] Generated: generated_videos/subject_consistency/vanilla_f17_s50_cfg5.0_0701_1600/a_car_accelerating_to_gain_speed.mp4
[vanilla_f17_s50_cfg5.0_0701_1600] Generating video 7/9 (vanilla): a motorcycle cruising along a coastal highway
[vanilla_f17_s50_cfg5.0_0701_1600] Generated: generated_videos/subject_consistency/vanilla_f17_s50_cfg5.0_0701_1600/a_zebra_taking_a_peaceful_walk.mp4
[vanilla_f17_s50_cfg5.0_0701_1600] Generating video 7/9 (vanilla): a giraffe bending down to drink water from a river
[vanilla_f17_s50_cfg5.0_0701_1600] Generated: generated_videos/subject_consistency/vanilla_f17_s50_cfg5.0_0701_1600/an_elephant_spraying_itself_with_water_using_its_t.mp4
[vanilla_f17_s50_cfg5.0_0701_1600] Generating video 7/9 (vanilla): an elephant taking a peaceful walk
[vanilla_f17_s50_cfg5.0_0701_1600] Generated: generated_videos/subject_consistency/vanilla_f17_s50_cfg5.0_0701_1600/an_airplane_accelerating_to_gain_speed.mp4
[vanilla_f17_s50_cfg5.0_0701_1600] Generating video 7/9 (vanilla): a bus turning a corner
[vanilla_f17_s50_cfg5.0_0701_1600] Generated: generated_videos/subject_consistency/vanilla_f17_s50_cfg5.0_0701_1600/a_horse_bending_down_to_drink_water_from_a_river.mp4
[vanilla_f17_s50_cfg5.0_0701_1600] Generating video 6/9 (vanilla): a horse galloping across an open field
[vanilla_f17_s50_cfg5.0_0701_1600] Generated: generated_videos/subject_consistency/vanilla_f17_s50_cfg5.0_0701_1600/a_truck_anchored_in_a_tranquil_bay.mp4
[vanilla_f17_s50_cfg5.0_0701_1600] Generating video 6/9 (vanilla): a truck stuck in traffic during rush hour
[vanilla_f17_s50_cfg5.0_0701_1600] Generated: generated_videos/subject_consistency/vanilla_f17_s50_cfg5.0_0701_1600/a_person_playing_guitar.mp4
[vanilla_f17_s50_cfg5.0_0701_1600] Generating video 8/9 (vanilla): a bicycle leaning against a tree
[vanilla_f17_s50_cfg5.0_0701_1600] Generated: generated_videos/subject_consistency/vanilla_f17_s50_cfg5.0_0701_1600/a_motorcycle_cruising_along_a_coastal_highway.mp4
[vanilla_f17_s50_cfg5.0_0701_1600] Generating video 8/9 (vanilla): a motorcycle turning a corner
[vanilla_f17_s50_cfg5.0_0701_1600] Generated: generated_videos/subject_consistency/vanilla_f17_s50_cfg5.0_0701_1600/a_cat_playing_in_park.mp4
[vanilla_f17_s50_cfg5.0_0701_1600] Generating video 8/9 (vanilla): a cat drinking water
[vanilla_f17_s50_cfg5.0_0701_1600] Generated: generated_videos/subject_consistency/vanilla_f17_s50_cfg5.0_0701_1600/a_giraffe_bending_down_to_drink_water_from_a_river.mp4
[vanilla_f17_s50_cfg5.0_0701_1600] Generating video 8/9 (vanilla): a giraffe taking a peaceful walk
[vanilla_f17_s50_cfg5.0_0701_1600] Generated: generated_videos/subject_consistency/vanilla_f17_s50_cfg5.0_0701_1600/an_elephant_taking_a_peaceful_walk.mp4
[vanilla_f17_s50_cfg5.0_0701_1600] Generating video 8/9 (vanilla): an elephant running to join a herd of its kind
[vanilla_f17_s50_cfg5.0_0701_1600] Generated: generated_videos/subject_consistency/vanilla_f17_s50_cfg5.0_0701_1600/a_bus_turning_a_corner.mp4
[vanilla_f17_s50_cfg5.0_0701_1600] Generating video 8/9 (vanilla): a bus stuck in traffic during rush hour
[vanilla_f17_s50_cfg5.0_0701_1600] Generated: generated_videos/subject_consistency/vanilla_f17_s50_cfg5.0_0701_1600/a_horse_galloping_across_an_open_field.mp4
[vanilla_f17_s50_cfg5.0_0701_1600] Generating video 7/9 (vanilla): a horse taking a peaceful walk
[vanilla_f17_s50_cfg5.0_0701_1600] Generated: generated_videos/subject_consistency/vanilla_f17_s50_cfg5.0_0701_1600/a_truck_stuck_in_traffic_during_rush_hour.mp4
[vanilla_f17_s50_cfg5.0_0701_1600] Generating video 7/9 (vanilla): a truck slowing down to stop
[vanilla_f17_s50_cfg5.0_0701_1600] Generated: generated_videos/subject_consistency/vanilla_f17_s50_cfg5.0_0701_1600/a_bicycle_leaning_against_a_tree.mp4
[vanilla_f17_s50_cfg5.0_0701_1600] Generating video 9/9 (vanilla): a bicycle gliding through a snowy field
[vanilla_f17_s50_cfg5.0_0701_1600] Generated: generated_videos/subject_consistency/vanilla_f17_s50_cfg5.0_0701_1600/a_cat_drinking_water.mp4
[vanilla_f17_s50_cfg5.0_0701_1600] Generating video 9/9 (vanilla): a cat running happily
[vanilla_f17_s50_cfg5.0_0701_1600] Generated: generated_videos/subject_consistency/vanilla_f17_s50_cfg5.0_0701_1600/a_motorcycle_turning_a_corner.mp4
[vanilla_f17_s50_cfg5.0_0701_1600] Generating video 9/9 (vanilla): a motorcycle slowing down to stop
[vanilla_f17_s50_cfg5.0_0701_1600] Generated: generated_videos/subject_consistency/vanilla_f17_s50_cfg5.0_0701_1600/a_giraffe_taking_a_peaceful_walk.mp4
[vanilla_f17_s50_cfg5.0_0701_1600] Generating video 9/9 (vanilla): a giraffe running to join a herd of its kind
[vanilla_f17_s50_cfg5.0_0701_1600] Generated: generated_videos/subject_consistency/vanilla_f17_s50_cfg5.0_0701_1600/an_elephant_running_to_join_a_herd_of_its_kind.mp4
[vanilla_f17_s50_cfg5.0_0701_1600] Generating video 9/9 (vanilla): a bear catching a salmon in its powerful jaws
[vanilla_f17_s50_cfg5.0_0701_1600] Generated: generated_videos/subject_consistency/vanilla_f17_s50_cfg5.0_0701_1600/a_bus_stuck_in_traffic_during_rush_hour.mp4
[vanilla_f17_s50_cfg5.0_0701_1600] Generating video 9/9 (vanilla): a bus accelerating to gain speed
[vanilla_f17_s50_cfg5.0_0701_1600] Generated: generated_videos/subject_consistency/vanilla_f17_s50_cfg5.0_0701_1600/a_horse_taking_a_peaceful_walk.mp4
[vanilla_f17_s50_cfg5.0_0701_1600] Generating video 8/9 (vanilla): a horse running to join a herd of its kind
[vanilla_f17_s50_cfg5.0_0701_1600] Generated: generated_videos/subject_consistency/vanilla_f17_s50_cfg5.0_0701_1600/a_bicycle_gliding_through_a_snowy_field.mp4
[vanilla_f17_s50_cfg5.0_0701_1600] Experiment completed! Results saved to: generated_videos/subject_consistency/vanilla_f17_s50_cfg5.0_0701_1600
[vanilla_f17_s50_cfg5.0_0701_1600] Generated: generated_videos/subject_consistency/vanilla_f17_s50_cfg5.0_0701_1600/a_motorcycle_slowing_down_to_stop.mp4
[vanilla_f17_s50_cfg5.0_0701_1600] Experiment completed! Results saved to: generated_videos/subject_consistency/vanilla_f17_s50_cfg5.0_0701_1600
[vanilla_f17_s50_cfg5.0_0701_1600] Generated: generated_videos/subject_consistency/vanilla_f17_s50_cfg5.0_0701_1600/a_giraffe_running_to_join_a_herd_of_its_kind.mp4
[vanilla_f17_s50_cfg5.0_0701_1600] Experiment completed! Results saved to: generated_videos/subject_consistency/vanilla_f17_s50_cfg5.0_0701_1600
[vanilla_f17_s50_cfg5.0_0701_1600] Generated: generated_videos/subject_consistency/vanilla_f17_s50_cfg5.0_0701_1600/a_truck_slowing_down_to_stop.mp4
[vanilla_f17_s50_cfg5.0_0701_1600] Generating video 8/9 (vanilla): a truck accelerating to gain speed
[vanilla_f17_s50_cfg5.0_0701_1600] Generated: generated_videos/subject_consistency/vanilla_f17_s50_cfg5.0_0701_1600/a_cat_running_happily.mp4
[vanilla_f17_s50_cfg5.0_0701_1600] Experiment completed! Results saved to: generated_videos/subject_consistency/vanilla_f17_s50_cfg5.0_0701_1600
[vanilla_f17_s50_cfg5.0_0701_1600] Generated: generated_videos/subject_consistency/vanilla_f17_s50_cfg5.0_0701_1600/a_bear_catching_a_salmon_in_its_powerful_jaws.mp4
[vanilla_f17_s50_cfg5.0_0701_1600] Experiment completed! Results saved to: generated_videos/subject_consistency/vanilla_f17_s50_cfg5.0_0701_1600
[vanilla_f17_s50_cfg5.0_0701_1600] Generated: generated_videos/subject_consistency/vanilla_f17_s50_cfg5.0_0701_1600/a_bus_accelerating_to_gain_speed.mp4
[vanilla_f17_s50_cfg5.0_0701_1600] Experiment completed! Results saved to: generated_videos/subject_consistency/vanilla_f17_s50_cfg5.0_0701_1600
[vanilla_f17_s50_cfg5.0_0701_1600] Generated: generated_videos/subject_consistency/vanilla_f17_s50_cfg5.0_0701_1600/a_horse_running_to_join_a_herd_of_its_kind.mp4
[vanilla_f17_s50_cfg5.0_0701_1600] Generating video 9/9 (vanilla): a sheep bending down to drink water from a river
[vanilla_f17_s50_cfg5.0_0701_1600] Generated: generated_videos/subject_consistency/vanilla_f17_s50_cfg5.0_0701_1600/a_truck_accelerating_to_gain_speed.mp4
[vanilla_f17_s50_cfg5.0_0701_1600] Generating video 9/9 (vanilla): a boat sailing smoothly on a calm lake
[vanilla_f17_s50_cfg5.0_0701_1600] Generated: generated_videos/subject_consistency/vanilla_f17_s50_cfg5.0_0701_1600/a_sheep_bending_down_to_drink_water_from_a_river.mp4
[vanilla_f17_s50_cfg5.0_0701_1600] Experiment completed! Results saved to: generated_videos/subject_consistency/vanilla_f17_s50_cfg5.0_0701_1600
[vanilla_f17_s50_cfg5.0_0701_1600] Generated: generated_videos/subject_consistency/vanilla_f17_s50_cfg5.0_0701_1600/a_boat_sailing_smoothly_on_a_calm_lake.mp4
[vanilla_f17_s50_cfg5.0_0701_1600] Experiment completed! Results saved to: generated_videos/subject_consistency/vanilla_f17_s50_cfg5.0_0701_1600

============================================================
EXPERIMENT: rejection_f17_s50_w8c6_a10_cfg5.0_0701_1606
============================================================
Sampling method: rejection
Inference steps: 50
Frames per video: 17
CFG scale: 5.0
Prompts assigned to this GPU: 9
V-JEPA parameters:
  - Kernel size: 8
  - Context length: 6
  - Stride: 2
  - Mode: max
Rejection sampling:
  - Attempts: 10
============================================================


============================================================
EXPERIMENT: rejection_f17_s50_w8c6_a10_cfg5.0_0701_1606
============================================================
Sampling method: rejection
Inference steps: 50
Frames per video: 17
CFG scale: 5.0
Prompts assigned to this GPU: 9
V-JEPA parameters:
  - Kernel size: 8
  - Context length: 6
  - Stride: 2
  - Mode: max
Rejection sampling:
  - Attempts: 10
============================================================


============================================================
EXPERIMENT: rejection_f17_s50_w8c6_a10_cfg5.0_0701_1606
============================================================
Sampling method: rejection
Inference steps: 50
Frames per video: 17
CFG scale: 5.0
Prompts assigned to this GPU: 9
V-JEPA parameters:
  - Kernel size: 8
  - Context length: 6
  - Stride: 2
  - Mode: max
Rejection sampling:
  - Attempts: 10
============================================================


============================================================
EXPERIMENT: rejection_f17_s50_w8c6_a10_cfg5.0_0701_1606
============================================================
Sampling method: rejection
Inference steps: 50
Frames per video: 17
CFG scale: 5.0
Prompts assigned to this GPU: 9
V-JEPA parameters:
  - Kernel size: 8
  - Context length: 6
  - Stride: 2
  - Mode: max
Rejection sampling:
  - Attempts: 10
============================================================


============================================================
EXPERIMENT: rejection_f17_s50_w8c6_a10_cfg5.0_0701_1606
============================================================
Sampling method: rejection
Inference steps: 50
Frames per video: 17
CFG scale: 5.0
Prompts assigned to this GPU: 9
V-JEPA parameters:
  - Kernel size: 8
  - Context length: 6
  - Stride: 2
  - Mode: max
Rejection sampling:
  - Attempts: 10
============================================================


============================================================
EXPERIMENT: rejection_f17_s50_w8c6_a10_cfg5.0_0701_1606
============================================================
Sampling method: rejection
Inference steps: 50
Frames per video: 17
CFG scale: 5.0
Prompts assigned to this GPU: 9
V-JEPA parameters:
  - Kernel size: 8
  - Context length: 6
  - Stride: 2
  - Mode: max
Rejection sampling:
  - Attempts: 10
============================================================


============================================================
EXPERIMENT: rejection_f17_s50_w8c6_a10_cfg5.0_0701_1606
============================================================
Sampling method: rejection
Inference steps: 50
Frames per video: 17
CFG scale: 5.0
Prompts assigned to this GPU: 9
V-JEPA parameters:
  - Kernel size: 8
  - Context length: 6
  - Stride: 2
  - Mode: max
Rejection sampling:
  - Attempts: 10
============================================================


============================================================
EXPERIMENT: rejection_f17_s50_w8c6_a10_cfg5.0_0701_1606
============================================================
Sampling method: rejection
Inference steps: 50
Frames per video: 17
CFG scale: 5.0
Prompts assigned to this GPU: 9
V-JEPA parameters:
  - Kernel size: 8
  - Context length: 6
  - Stride: 2
  - Mode: max
Rejection sampling:
  - Attempts: 10
============================================================

[rejection_f17_s50_w8c6_a10_cfg5.0_0701_1606] Generating video 1/9 (rejection): a boat slowing down to stop
[rejection_f17_s50_w8c6_a10_cfg5.0_0701_1606] Generating video 1/9 (rejection): a bicycle slowing down to stop
[rejection_f17_s50_w8c6_a10_cfg5.0_0701_1606] Generating video 1/9 (rejection): a motorcycle gliding through a snowy field
[rejection_f17_s50_w8c6_a10_cfg5.0_0701_1606] Generating video 1/9 (rejection): a person swimming in ocean
[rejection_f17_s50_w8c6_a10_cfg5.0_0701_1606] Generating video 1/9 (rejection): a train speeding down the tracks
[rejection_f17_s50_w8c6_a10_cfg5.0_0701_1606] Generating video 1/9 (rejection): a dog enjoying a peaceful walk
[rejection_f17_s50_w8c6_a10_cfg5.0_0701_1606] Generating video 1/9 (rejection): a bear sniffing the air for scents of food
[rejection_f17_s50_w8c6_a10_cfg5.0_0701_1606] Generating video 1/9 (rejection): a sheep taking a peaceful walk
[rejection_f17_s50_w8c6_a10_cfg5.0_0701_1606] Generated: generated_videos/subject_consistency/rejection_f17_s50_w8c6_a10_cfg5.0_0701_1606/a_person_swimming_in_ocean.mp4
[rejection_f17_s50_w8c6_a10_cfg5.0_0701_1606] Generating video 2/9 (rejection): a person giving a presentation to a room full of colleagues
[rejection_f17_s50_w8c6_a10_cfg5.0_0701_1606] Generated: generated_videos/subject_consistency/rejection_f17_s50_w8c6_a10_cfg5.0_0701_1606/a_dog_enjoying_a_peaceful_walk.mp4
[rejection_f17_s50_w8c6_a10_cfg5.0_0701_1606] Generating video 2/9 (rejection): a dog playing in park
[rejection_f17_s50_w8c6_a10_cfg5.0_0701_1606] Generated: generated_videos/subject_consistency/rejection_f17_s50_w8c6_a10_cfg5.0_0701_1606/a_bicycle_slowing_down_to_stop.mp4
[rejection_f17_s50_w8c6_a10_cfg5.0_0701_1606] Generating video 2/9 (rejection): a bicycle accelerating to gain speed
[rejection_f17_s50_w8c6_a10_cfg5.0_0701_1606] Generated: generated_videos/subject_consistency/rejection_f17_s50_w8c6_a10_cfg5.0_0701_1606/a_boat_slowing_down_to_stop.mp4
[rejection_f17_s50_w8c6_a10_cfg5.0_0701_1606] Generating video 2/9 (rejection): a boat accelerating to gain speed
[rejection_f17_s50_w8c6_a10_cfg5.0_0701_1606] Generated: generated_videos/subject_consistency/rejection_f17_s50_w8c6_a10_cfg5.0_0701_1606/a_sheep_taking_a_peaceful_walk.mp4
[rejection_f17_s50_w8c6_a10_cfg5.0_0701_1606] Generating video 2/9 (rejection): a sheep running to join a herd of its kind
[rejection_f17_s50_w8c6_a10_cfg5.0_0701_1606] Generated: generated_videos/subject_consistency/rejection_f17_s50_w8c6_a10_cfg5.0_0701_1606/a_bear_sniffing_the_air_for_scents_of_food.mp4
[rejection_f17_s50_w8c6_a10_cfg5.0_0701_1606] Generating video 2/9 (rejection): a bear climbing a tree
[rejection_f17_s50_w8c6_a10_cfg5.0_0701_1606] Generated: generated_videos/subject_consistency/rejection_f17_s50_w8c6_a10_cfg5.0_0701_1606/a_motorcycle_gliding_through_a_snowy_field.mp4
[rejection_f17_s50_w8c6_a10_cfg5.0_0701_1606] Generating video 2/9 (rejection): a motorcycle accelerating to gain speed
[rejection_f17_s50_w8c6_a10_cfg5.0_0701_1606] Generated: generated_videos/subject_consistency/rejection_f17_s50_w8c6_a10_cfg5.0_0701_1606/a_train_speeding_down_the_tracks.mp4
[rejection_f17_s50_w8c6_a10_cfg5.0_0701_1606] Generating video 2/9 (rejection): a train crossing over a tall bridge
[rejection_f17_s50_w8c6_a10_cfg5.0_0701_1606] Generated: generated_videos/subject_consistency/rejection_f17_s50_w8c6_a10_cfg5.0_0701_1606/a_dog_playing_in_park.mp4
[rejection_f17_s50_w8c6_a10_cfg5.0_0701_1606] Generating video 3/9 (rejection): a dog drinking water
[rejection_f17_s50_w8c6_a10_cfg5.0_0701_1606] Generated: generated_videos/subject_consistency/rejection_f17_s50_w8c6_a10_cfg5.0_0701_1606/a_person_giving_a_presentation_to_a_room_full_of_c.mp4
[rejection_f17_s50_w8c6_a10_cfg5.0_0701_1606] Generating video 3/9 (rejection): a person washing the dishes
[rejection_f17_s50_w8c6_a10_cfg5.0_0701_1606] Generated: generated_videos/subject_consistency/rejection_f17_s50_w8c6_a10_cfg5.0_0701_1606/a_sheep_running_to_join_a_herd_of_its_kind.mp4
[rejection_f17_s50_w8c6_a10_cfg5.0_0701_1606] Generating video 3/9 (rejection): a cow bending down to drink water from a river
[rejection_f17_s50_w8c6_a10_cfg5.0_0701_1606] Generated: generated_videos/subject_consistency/rejection_f17_s50_w8c6_a10_cfg5.0_0701_1606/a_bicycle_accelerating_to_gain_speed.mp4
[rejection_f17_s50_w8c6_a10_cfg5.0_0701_1606] Generating video 3/9 (rejection): a car stuck in traffic during rush hour
[rejection_f17_s50_w8c6_a10_cfg5.0_0701_1606] Generated: generated_videos/subject_consistency/rejection_f17_s50_w8c6_a10_cfg5.0_0701_1606/a_boat_accelerating_to_gain_speed.mp4
[rejection_f17_s50_w8c6_a10_cfg5.0_0701_1606] Generating video 3/9 (rejection): a bird soaring gracefully in the sky
[rejection_f17_s50_w8c6_a10_cfg5.0_0701_1606] Generated: generated_videos/subject_consistency/rejection_f17_s50_w8c6_a10_cfg5.0_0701_1606/a_bear_climbing_a_tree.mp4
[rejection_f17_s50_w8c6_a10_cfg5.0_0701_1606] Generating video 3/9 (rejection): a bear hunting for prey
[rejection_f17_s50_w8c6_a10_cfg5.0_0701_1606] Generated: generated_videos/subject_consistency/rejection_f17_s50_w8c6_a10_cfg5.0_0701_1606/a_motorcycle_accelerating_to_gain_speed.mp4
[rejection_f17_s50_w8c6_a10_cfg5.0_0701_1606] Generating video 3/9 (rejection): an airplane soaring through a clear blue sky
[rejection_f17_s50_w8c6_a10_cfg5.0_0701_1606] Generated: generated_videos/subject_consistency/rejection_f17_s50_w8c6_a10_cfg5.0_0701_1606/a_train_crossing_over_a_tall_bridge.mp4
[rejection_f17_s50_w8c6_a10_cfg5.0_0701_1606] Generating video 3/9 (rejection): a train accelerating to gain speed
[rejection_f17_s50_w8c6_a10_cfg5.0_0701_1606] Generated: generated_videos/subject_consistency/rejection_f17_s50_w8c6_a10_cfg5.0_0701_1606/a_person_washing_the_dishes.mp4
[rejection_f17_s50_w8c6_a10_cfg5.0_0701_1606] Generating video 4/9 (rejection): a person eating a burger
[rejection_f17_s50_w8c6_a10_cfg5.0_0701_1606] Generated: generated_videos/subject_consistency/rejection_f17_s50_w8c6_a10_cfg5.0_0701_1606/a_dog_drinking_water.mp4
[rejection_f17_s50_w8c6_a10_cfg5.0_0701_1606] Generating video 4/9 (rejection): a dog running happily
[rejection_f17_s50_w8c6_a10_cfg5.0_0701_1606] Generated: generated_videos/subject_consistency/rejection_f17_s50_w8c6_a10_cfg5.0_0701_1606/a_cow_bending_down_to_drink_water_from_a_river.mp4
[rejection_f17_s50_w8c6_a10_cfg5.0_0701_1606] Generating video 4/9 (rejection): a cow chewing cud while resting in a tranquil barn
[rejection_f17_s50_w8c6_a10_cfg5.0_0701_1606] Generated: generated_videos/subject_consistency/rejection_f17_s50_w8c6_a10_cfg5.0_0701_1606/a_car_stuck_in_traffic_during_rush_hour.mp4
[rejection_f17_s50_w8c6_a10_cfg5.0_0701_1606] Generating video 4/9 (rejection): a car turning a corner
[rejection_f17_s50_w8c6_a10_cfg5.0_0701_1606] Generated: generated_videos/subject_consistency/rejection_f17_s50_w8c6_a10_cfg5.0_0701_1606/a_bear_hunting_for_prey.mp4
[rejection_f17_s50_w8c6_a10_cfg5.0_0701_1606] Generating video 4/9 (rejection): a zebra bending down to drink water from a river
[rejection_f17_s50_w8c6_a10_cfg5.0_0701_1606] Generated: generated_videos/subject_consistency/rejection_f17_s50_w8c6_a10_cfg5.0_0701_1606/a_bird_soaring_gracefully_in_the_sky.mp4
[rejection_f17_s50_w8c6_a10_cfg5.0_0701_1606] Generating video 4/9 (rejection): a bird building a nest from twigs and leaves
[rejection_f17_s50_w8c6_a10_cfg5.0_0701_1606] Generated: generated_videos/subject_consistency/rejection_f17_s50_w8c6_a10_cfg5.0_0701_1606/a_train_accelerating_to_gain_speed.mp4
[rejection_f17_s50_w8c6_a10_cfg5.0_0701_1606] Generating video 4/9 (rejection): a truck turning a corner
[rejection_f17_s50_w8c6_a10_cfg5.0_0701_1606] Generated: generated_videos/subject_consistency/rejection_f17_s50_w8c6_a10_cfg5.0_0701_1606/an_airplane_soaring_through_a_clear_blue_sky.mp4
[rejection_f17_s50_w8c6_a10_cfg5.0_0701_1606] Generating video 4/9 (rejection): an airplane taking off
[rejection_f17_s50_w8c6_a10_cfg5.0_0701_1606] Generated: generated_videos/subject_consistency/rejection_f17_s50_w8c6_a10_cfg5.0_0701_1606/a_person_eating_a_burger.mp4
[rejection_f17_s50_w8c6_a10_cfg5.0_0701_1606] Generating video 5/9 (rejection): a person walking in the snowstorm
[rejection_f17_s50_w8c6_a10_cfg5.0_0701_1606] Generated: generated_videos/subject_consistency/rejection_f17_s50_w8c6_a10_cfg5.0_0701_1606/a_cow_chewing_cud_while_resting_in_a_tranquil_barn.mp4
[rejection_f17_s50_w8c6_a10_cfg5.0_0701_1606] Generating video 5/9 (rejection): a cow running to join a herd of its kind
[rejection_f17_s50_w8c6_a10_cfg5.0_0701_1606] Generated: generated_videos/subject_consistency/rejection_f17_s50_w8c6_a10_cfg5.0_0701_1606/a_car_turning_a_corner.mp4
[rejection_f17_s50_w8c6_a10_cfg5.0_0701_1606] Generating video 5/9 (rejection): a car slowing down to stop
[rejection_f17_s50_w8c6_a10_cfg5.0_0701_1606] Generated: generated_videos/subject_consistency/rejection_f17_s50_w8c6_a10_cfg5.0_0701_1606/a_dog_running_happily.mp4
[rejection_f17_s50_w8c6_a10_cfg5.0_0701_1606] Generating video 5/9 (rejection): a horse bending down to drink water from a river
[rejection_f17_s50_w8c6_a10_cfg5.0_0701_1606] Generated: generated_videos/subject_consistency/rejection_f17_s50_w8c6_a10_cfg5.0_0701_1606/a_zebra_bending_down_to_drink_water_from_a_river.mp4
[rejection_f17_s50_w8c6_a10_cfg5.0_0701_1606] Generating video 5/9 (rejection): a zebra running to join a herd of its kind
[rejection_f17_s50_w8c6_a10_cfg5.0_0701_1606] Generated: generated_videos/subject_consistency/rejection_f17_s50_w8c6_a10_cfg5.0_0701_1606/a_bird_building_a_nest_from_twigs_and_leaves.mp4
[rejection_f17_s50_w8c6_a10_cfg5.0_0701_1606] Generating video 5/9 (rejection): a bird flying over a snowy forest
[rejection_f17_s50_w8c6_a10_cfg5.0_0701_1606] Generated: generated_videos/subject_consistency/rejection_f17_s50_w8c6_a10_cfg5.0_0701_1606/a_person_walking_in_the_snowstorm.mp4
[rejection_f17_s50_w8c6_a10_cfg5.0_0701_1606] Generating video 6/9 (rejection): a person drinking coffee in a cafe
[rejection_f17_s50_w8c6_a10_cfg5.0_0701_1606] Generated: generated_videos/subject_consistency/rejection_f17_s50_w8c6_a10_cfg5.0_0701_1606/a_cow_running_to_join_a_herd_of_its_kind.mp4
[rejection_f17_s50_w8c6_a10_cfg5.0_0701_1606] Generating video 6/9 (rejection): an elephant spraying itself with water using its trunk to cool down
[rejection_f17_s50_w8c6_a10_cfg5.0_0701_1606] Generated: generated_videos/subject_consistency/rejection_f17_s50_w8c6_a10_cfg5.0_0701_1606/a_car_slowing_down_to_stop.mp4
[rejection_f17_s50_w8c6_a10_cfg5.0_0701_1606] Generating video 6/9 (rejection): a car accelerating to gain speed
[rejection_f17_s50_w8c6_a10_cfg5.0_0701_1606] Generated: generated_videos/subject_consistency/rejection_f17_s50_w8c6_a10_cfg5.0_0701_1606/a_horse_bending_down_to_drink_water_from_a_river.mp4
[rejection_f17_s50_w8c6_a10_cfg5.0_0701_1606] Generating video 6/9 (rejection): a horse galloping across an open field
[rejection_f17_s50_w8c6_a10_cfg5.0_0701_1606] Generated: generated_videos/subject_consistency/rejection_f17_s50_w8c6_a10_cfg5.0_0701_1606/a_zebra_running_to_join_a_herd_of_its_kind.mp4
[rejection_f17_s50_w8c6_a10_cfg5.0_0701_1606] Generating video 6/9 (rejection): a zebra taking a peaceful walk
[rejection_f17_s50_w8c6_a10_cfg5.0_0701_1606] Generated: generated_videos/subject_consistency/rejection_f17_s50_w8c6_a10_cfg5.0_0701_1606/a_bird_flying_over_a_snowy_forest.mp4
[rejection_f17_s50_w8c6_a10_cfg5.0_0701_1606] Generating video 6/9 (rejection): a cat grooming itself meticulously with its tongue
[rejection_f17_s50_w8c6_a10_cfg5.0_0701_1606] Generated: generated_videos/subject_consistency/rejection_f17_s50_w8c6_a10_cfg5.0_0701_1606/a_truck_turning_a_corner.mp4
[rejection_f17_s50_w8c6_a10_cfg5.0_0701_1606] Generating video 5/9 (rejection): a truck anchored in a tranquil bay
[rejection_f17_s50_w8c6_a10_cfg5.0_0701_1606] Generated: generated_videos/subject_consistency/rejection_f17_s50_w8c6_a10_cfg5.0_0701_1606/an_airplane_taking_off.mp4
[rejection_f17_s50_w8c6_a10_cfg5.0_0701_1606] Generating video 5/9 (rejection): an airplane landing smoothly on a runway
[rejection_f17_s50_w8c6_a10_cfg5.0_0701_1606] Generated: generated_videos/subject_consistency/rejection_f17_s50_w8c6_a10_cfg5.0_0701_1606/a_person_drinking_coffee_in_a_cafe.mp4
[rejection_f17_s50_w8c6_a10_cfg5.0_0701_1606] Generating video 7/9 (rejection): a person playing guitar
[rejection_f17_s50_w8c6_a10_cfg5.0_0701_1606] Generated: generated_videos/subject_consistency/rejection_f17_s50_w8c6_a10_cfg5.0_0701_1606/a_car_accelerating_to_gain_speed.mp4
[rejection_f17_s50_w8c6_a10_cfg5.0_0701_1606] Generating video 7/9 (rejection): a motorcycle cruising along a coastal highway
[rejection_f17_s50_w8c6_a10_cfg5.0_0701_1606] Generated: generated_videos/subject_consistency/rejection_f17_s50_w8c6_a10_cfg5.0_0701_1606/an_elephant_spraying_itself_with_water_using_its_t.mp4
[rejection_f17_s50_w8c6_a10_cfg5.0_0701_1606] Generating video 7/9 (rejection): an elephant taking a peaceful walk
[rejection_f17_s50_w8c6_a10_cfg5.0_0701_1606] Generated: generated_videos/subject_consistency/rejection_f17_s50_w8c6_a10_cfg5.0_0701_1606/a_zebra_taking_a_peaceful_walk.mp4
[rejection_f17_s50_w8c6_a10_cfg5.0_0701_1606] Generating video 7/9 (rejection): a giraffe bending down to drink water from a river
[rejection_f17_s50_w8c6_a10_cfg5.0_0701_1606] Generated: generated_videos/subject_consistency/rejection_f17_s50_w8c6_a10_cfg5.0_0701_1606/a_cat_grooming_itself_meticulously_with_its_tongue.mp4
[rejection_f17_s50_w8c6_a10_cfg5.0_0701_1606] Generating video 7/9 (rejection): a cat playing in park
[rejection_f17_s50_w8c6_a10_cfg5.0_0701_1606] Generated: generated_videos/subject_consistency/rejection_f17_s50_w8c6_a10_cfg5.0_0701_1606/a_horse_galloping_across_an_open_field.mp4
[rejection_f17_s50_w8c6_a10_cfg5.0_0701_1606] Generating video 7/9 (rejection): a horse taking a peaceful walk
[rejection_f17_s50_w8c6_a10_cfg5.0_0701_1606] Generated: generated_videos/subject_consistency/rejection_f17_s50_w8c6_a10_cfg5.0_0701_1606/an_airplane_landing_smoothly_on_a_runway.mp4
[rejection_f17_s50_w8c6_a10_cfg5.0_0701_1606] Generating video 6/9 (rejection): an airplane accelerating to gain speed
[rejection_f17_s50_w8c6_a10_cfg5.0_0701_1606] Generated: generated_videos/subject_consistency/rejection_f17_s50_w8c6_a10_cfg5.0_0701_1606/a_truck_anchored_in_a_tranquil_bay.mp4
[rejection_f17_s50_w8c6_a10_cfg5.0_0701_1606] Generating video 6/9 (rejection): a truck stuck in traffic during rush hour
[rejection_f17_s50_w8c6_a10_cfg5.0_0701_1606] Generated: generated_videos/subject_consistency/rejection_f17_s50_w8c6_a10_cfg5.0_0701_1606/a_person_playing_guitar.mp4
[rejection_f17_s50_w8c6_a10_cfg5.0_0701_1606] Generating video 8/9 (rejection): a bicycle leaning against a tree
[rejection_f17_s50_w8c6_a10_cfg5.0_0701_1606] Generated: generated_videos/subject_consistency/rejection_f17_s50_w8c6_a10_cfg5.0_0701_1606/a_giraffe_bending_down_to_drink_water_from_a_river.mp4
[rejection_f17_s50_w8c6_a10_cfg5.0_0701_1606] Generating video 8/9 (rejection): a giraffe taking a peaceful walk
[rejection_f17_s50_w8c6_a10_cfg5.0_0701_1606] Generated: generated_videos/subject_consistency/rejection_f17_s50_w8c6_a10_cfg5.0_0701_1606/an_elephant_taking_a_peaceful_walk.mp4
[rejection_f17_s50_w8c6_a10_cfg5.0_0701_1606] Generating video 8/9 (rejection): an elephant running to join a herd of its kind
[rejection_f17_s50_w8c6_a10_cfg5.0_0701_1606] Generated: generated_videos/subject_consistency/rejection_f17_s50_w8c6_a10_cfg5.0_0701_1606/a_motorcycle_cruising_along_a_coastal_highway.mp4
[rejection_f17_s50_w8c6_a10_cfg5.0_0701_1606] Generating video 8/9 (rejection): a motorcycle turning a corner
[rejection_f17_s50_w8c6_a10_cfg5.0_0701_1606] Generated: generated_videos/subject_consistency/rejection_f17_s50_w8c6_a10_cfg5.0_0701_1606/a_cat_playing_in_park.mp4
[rejection_f17_s50_w8c6_a10_cfg5.0_0701_1606] Generating video 8/9 (rejection): a cat drinking water
[rejection_f17_s50_w8c6_a10_cfg5.0_0701_1606] Generated: generated_videos/subject_consistency/rejection_f17_s50_w8c6_a10_cfg5.0_0701_1606/a_horse_taking_a_peaceful_walk.mp4
[rejection_f17_s50_w8c6_a10_cfg5.0_0701_1606] Generating video 8/9 (rejection): a horse running to join a herd of its kind
[rejection_f17_s50_w8c6_a10_cfg5.0_0701_1606] Generated: generated_videos/subject_consistency/rejection_f17_s50_w8c6_a10_cfg5.0_0701_1606/an_airplane_accelerating_to_gain_speed.mp4
[rejection_f17_s50_w8c6_a10_cfg5.0_0701_1606] Generating video 7/9 (rejection): a bus turning a corner
[rejection_f17_s50_w8c6_a10_cfg5.0_0701_1606] Generated: generated_videos/subject_consistency/rejection_f17_s50_w8c6_a10_cfg5.0_0701_1606/a_truck_stuck_in_traffic_during_rush_hour.mp4
[rejection_f17_s50_w8c6_a10_cfg5.0_0701_1606] Generating video 7/9 (rejection): a truck slowing down to stop
[rejection_f17_s50_w8c6_a10_cfg5.0_0701_1606] Generated: generated_videos/subject_consistency/rejection_f17_s50_w8c6_a10_cfg5.0_0701_1606/a_bicycle_leaning_against_a_tree.mp4
[rejection_f17_s50_w8c6_a10_cfg5.0_0701_1606] Generating video 9/9 (rejection): a bicycle gliding through a snowy field
[rejection_f17_s50_w8c6_a10_cfg5.0_0701_1606] Generated: generated_videos/subject_consistency/rejection_f17_s50_w8c6_a10_cfg5.0_0701_1606/an_elephant_running_to_join_a_herd_of_its_kind.mp4
[rejection_f17_s50_w8c6_a10_cfg5.0_0701_1606] Generating video 9/9 (rejection): a bear catching a salmon in its powerful jaws
[rejection_f17_s50_w8c6_a10_cfg5.0_0701_1606] Generated: generated_videos/subject_consistency/rejection_f17_s50_w8c6_a10_cfg5.0_0701_1606/a_giraffe_taking_a_peaceful_walk.mp4
[rejection_f17_s50_w8c6_a10_cfg5.0_0701_1606] Generating video 9/9 (rejection): a giraffe running to join a herd of its kind
[rejection_f17_s50_w8c6_a10_cfg5.0_0701_1606] Generated: generated_videos/subject_consistency/rejection_f17_s50_w8c6_a10_cfg5.0_0701_1606/a_motorcycle_turning_a_corner.mp4
[rejection_f17_s50_w8c6_a10_cfg5.0_0701_1606] Generating video 9/9 (rejection): a motorcycle slowing down to stop
[rejection_f17_s50_w8c6_a10_cfg5.0_0701_1606] Generated: generated_videos/subject_consistency/rejection_f17_s50_w8c6_a10_cfg5.0_0701_1606/a_cat_drinking_water.mp4
[rejection_f17_s50_w8c6_a10_cfg5.0_0701_1606] Generating video 9/9 (rejection): a cat running happily
[rejection_f17_s50_w8c6_a10_cfg5.0_0701_1606] Generated: generated_videos/subject_consistency/rejection_f17_s50_w8c6_a10_cfg5.0_0701_1606/a_horse_running_to_join_a_herd_of_its_kind.mp4
[rejection_f17_s50_w8c6_a10_cfg5.0_0701_1606] Generating video 9/9 (rejection): a sheep bending down to drink water from a river
[rejection_f17_s50_w8c6_a10_cfg5.0_0701_1606] Generated: generated_videos/subject_consistency/rejection_f17_s50_w8c6_a10_cfg5.0_0701_1606/a_bicycle_gliding_through_a_snowy_field.mp4
[rejection_f17_s50_w8c6_a10_cfg5.0_0701_1606] Experiment completed! Results saved to: generated_videos/subject_consistency/rejection_f17_s50_w8c6_a10_cfg5.0_0701_1606
[rejection_f17_s50_w8c6_a10_cfg5.0_0701_1606] Generated: generated_videos/subject_consistency/rejection_f17_s50_w8c6_a10_cfg5.0_0701_1606/a_bus_turning_a_corner.mp4
[rejection_f17_s50_w8c6_a10_cfg5.0_0701_1606] Generating video 8/9 (rejection): a bus stuck in traffic during rush hour
[rejection_f17_s50_w8c6_a10_cfg5.0_0701_1606] Generated: generated_videos/subject_consistency/rejection_f17_s50_w8c6_a10_cfg5.0_0701_1606/a_truck_slowing_down_to_stop.mp4
[rejection_f17_s50_w8c6_a10_cfg5.0_0701_1606] Generating video 8/9 (rejection): a truck accelerating to gain speed
[rejection_f17_s50_w8c6_a10_cfg5.0_0701_1606] Generated: generated_videos/subject_consistency/rejection_f17_s50_w8c6_a10_cfg5.0_0701_1606/a_giraffe_running_to_join_a_herd_of_its_kind.mp4
[rejection_f17_s50_w8c6_a10_cfg5.0_0701_1606] Experiment completed! Results saved to: generated_videos/subject_consistency/rejection_f17_s50_w8c6_a10_cfg5.0_0701_1606
[rejection_f17_s50_w8c6_a10_cfg5.0_0701_1606] Generated: generated_videos/subject_consistency/rejection_f17_s50_w8c6_a10_cfg5.0_0701_1606/a_bear_catching_a_salmon_in_its_powerful_jaws.mp4
[rejection_f17_s50_w8c6_a10_cfg5.0_0701_1606] Experiment completed! Results saved to: generated_videos/subject_consistency/rejection_f17_s50_w8c6_a10_cfg5.0_0701_1606
[rejection_f17_s50_w8c6_a10_cfg5.0_0701_1606] Generated: generated_videos/subject_consistency/rejection_f17_s50_w8c6_a10_cfg5.0_0701_1606/a_motorcycle_slowing_down_to_stop.mp4
[rejection_f17_s50_w8c6_a10_cfg5.0_0701_1606] Experiment completed! Results saved to: generated_videos/subject_consistency/rejection_f17_s50_w8c6_a10_cfg5.0_0701_1606
[rejection_f17_s50_w8c6_a10_cfg5.0_0701_1606] Generated: generated_videos/subject_consistency/rejection_f17_s50_w8c6_a10_cfg5.0_0701_1606/a_cat_running_happily.mp4
[rejection_f17_s50_w8c6_a10_cfg5.0_0701_1606] Experiment completed! Results saved to: generated_videos/subject_consistency/rejection_f17_s50_w8c6_a10_cfg5.0_0701_1606
[rejection_f17_s50_w8c6_a10_cfg5.0_0701_1606] Generated: generated_videos/subject_consistency/rejection_f17_s50_w8c6_a10_cfg5.0_0701_1606/a_sheep_bending_down_to_drink_water_from_a_river.mp4
[rejection_f17_s50_w8c6_a10_cfg5.0_0701_1606] Experiment completed! Results saved to: generated_videos/subject_consistency/rejection_f17_s50_w8c6_a10_cfg5.0_0701_1606
[rejection_f17_s50_w8c6_a10_cfg5.0_0701_1606] Generated: generated_videos/subject_consistency/rejection_f17_s50_w8c6_a10_cfg5.0_0701_1606/a_truck_accelerating_to_gain_speed.mp4
[rejection_f17_s50_w8c6_a10_cfg5.0_0701_1606] Generating video 9/9 (rejection): a boat sailing smoothly on a calm lake
[rejection_f17_s50_w8c6_a10_cfg5.0_0701_1606] Generated: generated_videos/subject_consistency/rejection_f17_s50_w8c6_a10_cfg5.0_0701_1606/a_bus_stuck_in_traffic_during_rush_hour.mp4
[rejection_f17_s50_w8c6_a10_cfg5.0_0701_1606] Generating video 9/9 (rejection): a bus accelerating to gain speed
[rejection_f17_s50_w8c6_a10_cfg5.0_0701_1606] Generated: generated_videos/subject_consistency/rejection_f17_s50_w8c6_a10_cfg5.0_0701_1606/a_boat_sailing_smoothly_on_a_calm_lake.mp4
[rejection_f17_s50_w8c6_a10_cfg5.0_0701_1606] Experiment completed! Results saved to: generated_videos/subject_consistency/rejection_f17_s50_w8c6_a10_cfg5.0_0701_1606
[rejection_f17_s50_w8c6_a10_cfg5.0_0701_1606] Generated: generated_videos/subject_consistency/rejection_f17_s50_w8c6_a10_cfg5.0_0701_1606/a_bus_accelerating_to_gain_speed.mp4
[rejection_f17_s50_w8c6_a10_cfg5.0_0701_1606] Experiment completed! Results saved to: generated_videos/subject_consistency/rejection_f17_s50_w8c6_a10_cfg5.0_0701_1606

============================================================
EXPERIMENT: guidance_f17_s50_w8c6_rho10.0_cfg5.0_0701_1658
============================================================
Sampling method: guidance
Inference steps: 50
Frames per video: 17
CFG scale: 5.0
Prompts assigned to this GPU: 9
V-JEPA parameters:
  - Kernel size: 8
  - Context length: 6
  - Stride: 2
  - Mode: max
Guidance parameters:
  - Timestep range: 0-1001
  - Rho scale: 10.0
============================================================


============================================================
EXPERIMENT: guidance_f17_s50_w8c6_rho10.0_cfg5.0_0701_1658
============================================================
Sampling method: guidance
Inference steps: 50
Frames per video: 17
CFG scale: 5.0
Prompts assigned to this GPU: 9
V-JEPA parameters:
  - Kernel size: 8
  - Context length: 6
  - Stride: 2
  - Mode: max
Guidance parameters:
  - Timestep range: 0-1001
  - Rho scale: 10.0
============================================================


============================================================
EXPERIMENT: guidance_f17_s50_w8c6_rho10.0_cfg5.0_0701_1658
============================================================
Sampling method: guidance
Inference steps: 50
Frames per video: 17
CFG scale: 5.0
Prompts assigned to this GPU: 9
V-JEPA parameters:
  - Kernel size: 8
  - Context length: 6
  - Stride: 2
  - Mode: max
Guidance parameters:
  - Timestep range: 0-1001
  - Rho scale: 10.0
============================================================


============================================================
EXPERIMENT: guidance_f17_s50_w8c6_rho10.0_cfg5.0_0701_1658
============================================================
Sampling method: guidance
Inference steps: 50
Frames per video: 17
CFG scale: 5.0
Prompts assigned to this GPU: 9
V-JEPA parameters:
  - Kernel size: 8
  - Context length: 6
  - Stride: 2
  - Mode: max
Guidance parameters:
  - Timestep range: 0-1001
  - Rho scale: 10.0
============================================================


============================================================
EXPERIMENT: guidance_f17_s50_w8c6_rho10.0_cfg5.0_0701_1658
============================================================
Sampling method: guidance
Inference steps: 50
Frames per video: 17
CFG scale: 5.0
Prompts assigned to this GPU: 9
V-JEPA parameters:
  - Kernel size: 8
  - Context length: 6
  - Stride: 2
  - Mode: max
Guidance parameters:
  - Timestep range: 0-1001
  - Rho scale: 10.0
============================================================


============================================================
EXPERIMENT: guidance_f17_s50_w8c6_rho10.0_cfg5.0_0701_1658
============================================================
Sampling method: guidance
Inference steps: 50
Frames per video: 17
CFG scale: 5.0
Prompts assigned to this GPU: 9
V-JEPA parameters:
  - Kernel size: 8
  - Context length: 6
  - Stride: 2
  - Mode: max
Guidance parameters:
  - Timestep range: 0-1001
  - Rho scale: 10.0
============================================================


============================================================
EXPERIMENT: guidance_f17_s50_w8c6_rho10.0_cfg5.0_0701_1658
============================================================
Sampling method: guidance
Inference steps: 50
Frames per video: 17
CFG scale: 5.0
Prompts assigned to this GPU: 9
V-JEPA parameters:
  - Kernel size: 8
  - Context length: 6
  - Stride: 2
  - Mode: max
Guidance parameters:
  - Timestep range: 0-1001
  - Rho scale: 10.0
============================================================


============================================================
EXPERIMENT: guidance_f17_s50_w8c6_rho10.0_cfg5.0_0701_1658
============================================================
Sampling method: guidance
Inference steps: 50
Frames per video: 17
CFG scale: 5.0
Prompts assigned to this GPU: 9
V-JEPA parameters:
  - Kernel size: 8
  - Context length: 6
  - Stride: 2
  - Mode: max
Guidance parameters:
  - Timestep range: 0-1001
  - Rho scale: 10.0
============================================================

[guidance_f17_s50_w8c6_rho10.0_cfg5.0_0701_1658] Generating video 1/9 (guidance): a train speeding down the tracks
🎬 STARTING GUIDANCE PIPELINE GENERATION
   Frames: 17, Steps: 50, CFG Scale: 5.0

🔧 GUIDANCE PIPELINE CONFIGURATION:
   Guidance range: 0 - 1001
   Rho scale: 10.0
   V-JEPA kernel_size: 8
   V-JEPA context_length: 6
   V-JEPA stride: 2
   V-JEPA mode: max
   Total timesteps: 50

[guidance_f17_s50_w8c6_rho10.0_cfg5.0_0701_1658] Generating video 1/9 (guidance): a bicycle slowing down to stop
🎬 STARTING GUIDANCE PIPELINE GENERATION
   Frames: 17, Steps: 50, CFG Scale: 5.0

🔧 GUIDANCE PIPELINE CONFIGURATION:
   Guidance range: 0 - 1001
   Rho scale: 10.0
   V-JEPA kernel_size: 8
   V-JEPA context_length: 6
   V-JEPA stride: 2
   V-JEPA mode: max
   Total timesteps: 50

[guidance_f17_s50_w8c6_rho10.0_cfg5.0_0701_1658] Generating video 1/9 (guidance): a bear sniffing the air for scents of food
🎬 STARTING GUIDANCE PIPELINE GENERATION
   Frames: 17, Steps: 50, CFG Scale: 5.0

🔧 GUIDANCE PIPELINE CONFIGURATION:
   Guidance range: 0 - 1001
   Rho scale: 10.0
   V-JEPA kernel_size: 8
   V-JEPA context_length: 6
   V-JEPA stride: 2
   V-JEPA mode: max
   Total timesteps: 50

[guidance_f17_s50_w8c6_rho10.0_cfg5.0_0701_1658] Generating video 1/9 (guidance): a dog enjoying a peaceful walk
🎬 STARTING GUIDANCE PIPELINE GENERATION
   Frames: 17, Steps: 50, CFG Scale: 5.0

🔧 GUIDANCE PIPELINE CONFIGURATION:
   Guidance range: 0 - 1001
   Rho scale: 10.0
   V-JEPA kernel_size: 8
   V-JEPA context_length: 6
   V-JEPA stride: 2
   V-JEPA mode: max
   Total timesteps: 50

[guidance_f17_s50_w8c6_rho10.0_cfg5.0_0701_1658] Generating video 1/9 (guidance): a boat slowing down to stop
🎬 STARTING GUIDANCE PIPELINE GENERATION
   Frames: 17, Steps: 50, CFG Scale: 5.0

🔧 GUIDANCE PIPELINE CONFIGURATION:
   Guidance range: 0 - 1001
   Rho scale: 10.0
   V-JEPA kernel_size: 8
   V-JEPA context_length: 6
   V-JEPA stride: 2
   V-JEPA mode: max
   Total timesteps: 50

[guidance_f17_s50_w8c6_rho10.0_cfg5.0_0701_1658] Generating video 1/9 (guidance): a sheep taking a peaceful walk
🎬 STARTING GUIDANCE PIPELINE GENERATION
   Frames: 17, Steps: 50, CFG Scale: 5.0

🔧 GUIDANCE PIPELINE CONFIGURATION:
   Guidance range: 0 - 1001
   Rho scale: 10.0
   V-JEPA kernel_size: 8
   V-JEPA context_length: 6
   V-JEPA stride: 2
   V-JEPA mode: max
   Total timesteps: 50

[guidance_f17_s50_w8c6_rho10.0_cfg5.0_0701_1658] Generating video 1/9 (guidance): a motorcycle gliding through a snowy field
🎬 STARTING GUIDANCE PIPELINE GENERATION
   Frames: 17, Steps: 50, CFG Scale: 5.0

🔧 GUIDANCE PIPELINE CONFIGURATION:
   Guidance range: 0 - 1001
   Rho scale: 10.0
   V-JEPA kernel_size: 8
   V-JEPA context_length: 6
   V-JEPA stride: 2
   V-JEPA mode: max
   Total timesteps: 50

[guidance_f17_s50_w8c6_rho10.0_cfg5.0_0701_1658] Generating video 1/9 (guidance): a person swimming in ocean
🎬 STARTING GUIDANCE PIPELINE GENERATION
   Frames: 17, Steps: 50, CFG Scale: 5.0

🔧 GUIDANCE PIPELINE CONFIGURATION:
   Guidance range: 0 - 1001
   Rho scale: 10.0
   V-JEPA kernel_size: 8
   V-JEPA context_length: 6
   V-JEPA stride: 2
   V-JEPA mode: max
   Total timesteps: 50

🚀 APPLYING GUIDANCE at step 0 (timestep=999)
🎯 GUIDANCE STEP 0 (t=999): Loss=0.5693, Rho=24.632963, Grad_norm=0.0406, Final_scale=246.3296
🚀 APPLYING GUIDANCE at step 1 (timestep=992)
🎯 GUIDANCE STEP 1 (t=992): Loss=0.5444, Rho=29.343279, Grad_norm=0.0341, Final_scale=293.4328
🚀 APPLYING GUIDANCE at step 2 (timestep=985)
🎯 GUIDANCE STEP 2 (t=985): Loss=0.5850, Rho=17.479303, Grad_norm=0.0572, Final_scale=174.7930
🚀 APPLYING GUIDANCE at step 3 (timestep=978)
🎯 GUIDANCE STEP 3 (t=978): Loss=0.6152, Rho=13.443602, Grad_norm=0.0744, Final_scale=134.4360
🚀 APPLYING GUIDANCE at step 4 (timestep=971)
🎯 GUIDANCE STEP 4 (t=971): Loss=0.6162, Rho=14.363999, Grad_norm=0.0696, Final_scale=143.6400
🚀 APPLYING GUIDANCE at step 5 (timestep=963)
🎯 GUIDANCE STEP 5 (t=963): Loss=0.5972, Rho=8.160719, Grad_norm=0.1225, Final_scale=81.6072
🚀 APPLYING GUIDANCE at step 6 (timestep=956)
🎯 GUIDANCE STEP 6 (t=956): Loss=0.6084, Rho=13.463480, Grad_norm=0.0743, Final_scale=134.6348
🚀 APPLYING GUIDANCE at step 7 (timestep=948)
🎯 GUIDANCE STEP 7 (t=948): Loss=0.6274, Rho=14.491982, Grad_norm=0.0690, Final_scale=144.9198
🚀 APPLYING GUIDANCE at step 8 (timestep=939)
🎯 GUIDANCE STEP 8 (t=939): Loss=0.6274, Rho=5.133911, Grad_norm=0.1948, Final_scale=51.3391
🚀 APPLYING GUIDANCE at step 9 (timestep=931)
🎯 GUIDANCE STEP 9 (t=931): Loss=0.6279, Rho=7.052921, Grad_norm=0.1418, Final_scale=70.5292
🚀 APPLYING GUIDANCE at step 10 (timestep=922)
🎯 GUIDANCE STEP 10 (t=922): Loss=0.6362, Rho=6.975293, Grad_norm=0.1434, Final_scale=69.7529
🚀 APPLYING GUIDANCE at step 11 (timestep=913)
🎯 GUIDANCE STEP 11 (t=913): Loss=0.6392, Rho=13.054242, Grad_norm=0.0766, Final_scale=130.5424
🚀 APPLYING GUIDANCE at step 12 (timestep=904)
🎯 GUIDANCE STEP 12 (t=904): Loss=0.6309, Rho=6.214553, Grad_norm=0.1609, Final_scale=62.1455
🚀 APPLYING GUIDANCE at step 13 (timestep=894)
🎯 GUIDANCE STEP 13 (t=894): Loss=0.6328, Rho=12.337232, Grad_norm=0.0811, Final_scale=123.3723
🚀 APPLYING GUIDANCE at step 14 (timestep=884)
🎯 GUIDANCE STEP 14 (t=884): Loss=0.6284, Rho=9.954863, Grad_norm=0.1005, Final_scale=99.5486
🚀 APPLYING GUIDANCE at step 15 (timestep=874)
🎯 GUIDANCE STEP 15 (t=874): Loss=0.6333, Rho=11.528214, Grad_norm=0.0867, Final_scale=115.2821
🚀 APPLYING GUIDANCE at step 16 (timestep=864)
🎯 GUIDANCE STEP 16 (t=864): Loss=0.6318, Rho=10.729134, Grad_norm=0.0932, Final_scale=107.2913
🚀 APPLYING GUIDANCE at step 17 (timestep=853)
🎯 GUIDANCE STEP 17 (t=853): Loss=0.6274, Rho=11.349305, Grad_norm=0.0881, Final_scale=113.4931
🚀 APPLYING GUIDANCE at step 18 (timestep=841)
🎯 GUIDANCE STEP 18 (t=841): Loss=0.6304, Rho=8.122343, Grad_norm=0.1231, Final_scale=81.2234
🚀 APPLYING GUIDANCE at step 19 (timestep=829)
🎯 GUIDANCE STEP 19 (t=829): Loss=0.6294, Rho=6.362094, Grad_norm=0.1572, Final_scale=63.6209
🚀 APPLYING GUIDANCE at step 20 (timestep=817)
🎯 GUIDANCE STEP 20 (t=817): Loss=0.6235, Rho=11.236017, Grad_norm=0.0890, Final_scale=112.3602
🚀 APPLYING GUIDANCE at step 21 (timestep=805)
🎯 GUIDANCE STEP 21 (t=805): Loss=0.6250, Rho=14.050529, Grad_norm=0.0712, Final_scale=140.5053
🚀 APPLYING GUIDANCE at step 22 (timestep=792)
🎯 GUIDANCE STEP 22 (t=792): Loss=0.6201, Rho=12.217651, Grad_norm=0.0818, Final_scale=122.1765
🚀 APPLYING GUIDANCE at step 23 (timestep=778)
🎯 GUIDANCE STEP 23 (t=778): Loss=0.6196, Rho=14.947804, Grad_norm=0.0669, Final_scale=149.4780
🚀 APPLYING GUIDANCE at step 24 (timestep=764)
🎯 GUIDANCE STEP 24 (t=764): Loss=0.6274, Rho=12.443566, Grad_norm=0.0804, Final_scale=124.4357
🚀 APPLYING GUIDANCE at step 25 (timestep=749)
🎯 GUIDANCE STEP 25 (t=749): Loss=0.6235, Rho=15.786345, Grad_norm=0.0633, Final_scale=157.8634
🚀 APPLYING GUIDANCE at step 26 (timestep=734)
🎯 GUIDANCE STEP 26 (t=734): Loss=0.6245, Rho=9.208957, Grad_norm=0.1086, Final_scale=92.0896
🚀 APPLYING GUIDANCE at step 27 (timestep=718)
🎯 GUIDANCE STEP 27 (t=718): Loss=0.6250, Rho=5.399255, Grad_norm=0.1852, Final_scale=53.9925
🚀 APPLYING GUIDANCE at step 28 (timestep=701)
🎯 GUIDANCE STEP 28 (t=701): Loss=0.6270, Rho=15.570436, Grad_norm=0.0642, Final_scale=155.7044
🚀 APPLYING GUIDANCE at step 29 (timestep=684)
🎯 GUIDANCE STEP 29 (t=684): Loss=0.6274, Rho=19.833681, Grad_norm=0.0504, Final_scale=198.3368
🚀 APPLYING GUIDANCE at step 30 (timestep=666)
🎯 GUIDANCE STEP 30 (t=666): Loss=0.6294, Rho=14.662526, Grad_norm=0.0682, Final_scale=146.6253
🚀 APPLYING GUIDANCE at step 31 (timestep=647)
🎯 GUIDANCE STEP 31 (t=647): Loss=0.6265, Rho=5.023909, Grad_norm=0.1990, Final_scale=50.2391
🚀 APPLYING GUIDANCE at step 32 (timestep=627)
🎯 GUIDANCE STEP 32 (t=627): Loss=0.6240, Rho=22.515049, Grad_norm=0.0444, Final_scale=225.1505
🚀 APPLYING GUIDANCE at step 33 (timestep=606)
🎯 GUIDANCE STEP 33 (t=606): Loss=0.6230, Rho=22.513313, Grad_norm=0.0444, Final_scale=225.1331
🚀 APPLYING GUIDANCE at step 34 (timestep=585)
🎯 GUIDANCE STEP 34 (t=585): Loss=0.6206, Rho=7.254932, Grad_norm=0.1378, Final_scale=72.5493
🚀 APPLYING GUIDANCE at step 35 (timestep=562)
🎯 GUIDANCE STEP 35 (t=562): Loss=0.6245, Rho=21.042624, Grad_norm=0.0475, Final_scale=210.4262
🚀 APPLYING GUIDANCE at step 36 (timestep=538)
🎯 GUIDANCE STEP 36 (t=538): Loss=0.6172, Rho=9.282080, Grad_norm=0.1077, Final_scale=92.8208
🚀 APPLYING GUIDANCE at step 37 (timestep=512)
🎯 GUIDANCE STEP 37 (t=512): Loss=0.6235, Rho=24.644505, Grad_norm=0.0406, Final_scale=246.4450
🚀 APPLYING GUIDANCE at step 38 (timestep=486)
🎯 GUIDANCE STEP 38 (t=486): Loss=0.6206, Rho=12.295971, Grad_norm=0.0813, Final_scale=122.9597
🚀 APPLYING GUIDANCE at step 39 (timestep=458)
🎯 GUIDANCE STEP 39 (t=458): Loss=0.6201, Rho=20.577143, Grad_norm=0.0486, Final_scale=205.7714
🚀 APPLYING GUIDANCE at step 40 (timestep=428)
🎯 GUIDANCE STEP 40 (t=428): Loss=0.6157, Rho=22.570217, Grad_norm=0.0443, Final_scale=225.7022
🚀 APPLYING GUIDANCE at step 41 (timestep=396)
🎯 GUIDANCE STEP 41 (t=396): Loss=0.6152, Rho=15.420003, Grad_norm=0.0649, Final_scale=154.2000
🚀 APPLYING GUIDANCE at step 42 (timestep=363)
🎯 GUIDANCE STEP 42 (t=363): Loss=0.6172, Rho=12.696674, Grad_norm=0.0788, Final_scale=126.9667
🚀 APPLYING GUIDANCE at step 43 (timestep=327)
🎯 GUIDANCE STEP 43 (t=327): Loss=0.6177, Rho=10.105377, Grad_norm=0.0990, Final_scale=101.0538
🚀 APPLYING GUIDANCE at step 44 (timestep=290)
🎯 GUIDANCE STEP 44 (t=290): Loss=0.6162, Rho=28.327934, Grad_norm=0.0353, Final_scale=283.2793
🚀 APPLYING GUIDANCE at step 45 (timestep=249)
🎯 GUIDANCE STEP 45 (t=249): Loss=0.6172, Rho=5.285224, Grad_norm=0.1892, Final_scale=52.8522
🚀 APPLYING GUIDANCE at step 46 (timestep=206)
🎯 GUIDANCE STEP 46 (t=206): Loss=0.6162, Rho=25.033701, Grad_norm=0.0399, Final_scale=250.3370
🚀 APPLYING GUIDANCE at step 47 (timestep=160)
🎯 GUIDANCE STEP 47 (t=160): Loss=0.6167, Rho=10.374261, Grad_norm=0.0964, Final_scale=103.7426
🚀 APPLYING GUIDANCE at step 48 (timestep=111)
🎯 GUIDANCE STEP 48 (t=111): Loss=0.6187, Rho=26.760311, Grad_norm=0.0374, Final_scale=267.6031
🚀 APPLYING GUIDANCE at step 49 (timestep=57)
🎯 GUIDANCE STEP 49 (t=57): Loss=0.6113, Rho=16.836000, Grad_norm=0.0594, Final_scale=168.3600
[guidance_f17_s50_w8c6_rho10.0_cfg5.0_0701_1658] Generated: generated_videos/subject_consistency/guidance_f17_s50_w8c6_rho10.0_cfg5.0_0701_1658/a_train_speeding_down_the_tracks.mp4
[guidance_f17_s50_w8c6_rho10.0_cfg5.0_0701_1658] Generating video 2/9 (guidance): a train crossing over a tall bridge
🎬 STARTING GUIDANCE PIPELINE GENERATION
   Frames: 17, Steps: 50, CFG Scale: 5.0

🔧 GUIDANCE PIPELINE CONFIGURATION:
   Guidance range: 0 - 1001
   Rho scale: 10.0
   V-JEPA kernel_size: 8
   V-JEPA context_length: 6
   V-JEPA stride: 2
   V-JEPA mode: max
   Total timesteps: 50

🚀 APPLYING GUIDANCE at step 0 (timestep=999)
🎯 GUIDANCE STEP 0 (t=999): Loss=0.5444, Rho=3.602444, Grad_norm=0.2776, Final_scale=36.0244
🚀 APPLYING GUIDANCE at step 1 (timestep=992)
🎯 GUIDANCE STEP 1 (t=992): Loss=0.5342, Rho=33.365891, Grad_norm=0.0300, Final_scale=333.6589
🚀 APPLYING GUIDANCE at step 2 (timestep=985)
🎯 GUIDANCE STEP 2 (t=985): Loss=0.5498, Rho=15.372241, Grad_norm=0.0651, Final_scale=153.7224
🚀 APPLYING GUIDANCE at step 3 (timestep=978)
🎯 GUIDANCE STEP 3 (t=978): Loss=0.5508, Rho=12.504139, Grad_norm=0.0800, Final_scale=125.0414
🚀 APPLYING GUIDANCE at step 4 (timestep=971)
🎯 GUIDANCE STEP 4 (t=971): Loss=0.5474, Rho=23.130676, Grad_norm=0.0432, Final_scale=231.3068
🚀 APPLYING GUIDANCE at step 5 (timestep=963)
🎯 GUIDANCE STEP 5 (t=963): Loss=0.5522, Rho=15.923275, Grad_norm=0.0628, Final_scale=159.2327
🚀 APPLYING GUIDANCE at step 6 (timestep=956)
🎯 GUIDANCE STEP 6 (t=956): Loss=0.5894, Rho=13.558176, Grad_norm=0.0738, Final_scale=135.5818
🚀 APPLYING GUIDANCE at step 7 (timestep=948)
🎯 GUIDANCE STEP 7 (t=948): Loss=0.6113, Rho=9.582357, Grad_norm=0.1044, Final_scale=95.8236
🚀 APPLYING GUIDANCE at step 8 (timestep=939)
🎯 GUIDANCE STEP 8 (t=939): Loss=0.6206, Rho=5.201060, Grad_norm=0.1923, Final_scale=52.0106
🚀 APPLYING GUIDANCE at step 9 (timestep=931)
🎯 GUIDANCE STEP 9 (t=931): Loss=0.6304, Rho=5.098448, Grad_norm=0.1961, Final_scale=50.9845
🚀 APPLYING GUIDANCE at step 10 (timestep=922)
🎯 GUIDANCE STEP 10 (t=922): Loss=0.6221, Rho=6.986651, Grad_norm=0.1431, Final_scale=69.8665
🚀 APPLYING GUIDANCE at step 11 (timestep=913)
🎯 GUIDANCE STEP 11 (t=913): Loss=0.6104, Rho=6.814956, Grad_norm=0.1467, Final_scale=68.1496
🚀 APPLYING GUIDANCE at step 12 (timestep=904)
🎯 GUIDANCE STEP 12 (t=904): Loss=0.6089, Rho=11.226174, Grad_norm=0.0891, Final_scale=112.2617
🚀 APPLYING GUIDANCE at step 13 (timestep=894)
🎯 GUIDANCE STEP 13 (t=894): Loss=0.6099, Rho=8.876439, Grad_norm=0.1127, Final_scale=88.7644
🚀 APPLYING GUIDANCE at step 14 (timestep=884)
🎯 GUIDANCE STEP 14 (t=884): Loss=0.6123, Rho=8.412048, Grad_norm=0.1189, Final_scale=84.1205
🚀 APPLYING GUIDANCE at step 15 (timestep=874)
🎯 GUIDANCE STEP 15 (t=874): Loss=0.6094, Rho=17.677151, Grad_norm=0.0566, Final_scale=176.7715
🚀 APPLYING GUIDANCE at step 16 (timestep=864)
🎯 GUIDANCE STEP 16 (t=864): Loss=0.6099, Rho=9.364931, Grad_norm=0.1068, Final_scale=93.6493
🚀 APPLYING GUIDANCE at step 17 (timestep=853)
🎯 GUIDANCE STEP 17 (t=853): Loss=0.6128, Rho=9.512594, Grad_norm=0.1051, Final_scale=95.1259
🚀 APPLYING GUIDANCE at step 18 (timestep=841)
🎯 GUIDANCE STEP 18 (t=841): Loss=0.6089, Rho=13.437490, Grad_norm=0.0744, Final_scale=134.3749
🚀 APPLYING GUIDANCE at step 19 (timestep=829)
🎯 GUIDANCE STEP 19 (t=829): Loss=0.6064, Rho=8.959749, Grad_norm=0.1116, Final_scale=89.5975
🚀 APPLYING GUIDANCE at step 20 (timestep=817)
🎯 GUIDANCE STEP 20 (t=817): Loss=0.6084, Rho=10.632614, Grad_norm=0.0941, Final_scale=106.3261
🚀 APPLYING GUIDANCE at step 21 (timestep=805)
🎯 GUIDANCE STEP 21 (t=805): Loss=0.6104, Rho=8.127165, Grad_norm=0.1230, Final_scale=81.2716
🚀 APPLYING GUIDANCE at step 22 (timestep=792)
🎯 GUIDANCE STEP 22 (t=792): Loss=0.6094, Rho=11.068245, Grad_norm=0.0903, Final_scale=110.6824
🚀 APPLYING GUIDANCE at step 23 (timestep=778)
🎯 GUIDANCE STEP 23 (t=778): Loss=0.6079, Rho=13.263247, Grad_norm=0.0754, Final_scale=132.6325
🚀 APPLYING GUIDANCE at step 24 (timestep=764)
🎯 GUIDANCE STEP 24 (t=764): Loss=0.6084, Rho=18.474506, Grad_norm=0.0541, Final_scale=184.7451
🚀 APPLYING GUIDANCE at step 25 (timestep=749)
🎯 GUIDANCE STEP 25 (t=749): Loss=0.6055, Rho=18.815430, Grad_norm=0.0531, Final_scale=188.1543
🚀 APPLYING GUIDANCE at step 26 (timestep=734)
🎯 GUIDANCE STEP 26 (t=734): Loss=0.6074, Rho=15.299401, Grad_norm=0.0654, Final_scale=152.9940
🚀 APPLYING GUIDANCE at step 27 (timestep=718)
🎯 GUIDANCE STEP 27 (t=718): Loss=0.6074, Rho=12.233893, Grad_norm=0.0817, Final_scale=122.3389
🚀 APPLYING GUIDANCE at step 28 (timestep=701)
🎯 GUIDANCE STEP 28 (t=701): Loss=0.6074, Rho=9.667259, Grad_norm=0.1034, Final_scale=96.6726
🚀 APPLYING GUIDANCE at step 29 (timestep=684)
🎯 GUIDANCE STEP 29 (t=684): Loss=0.6094, Rho=10.299255, Grad_norm=0.0971, Final_scale=102.9926
🚀 APPLYING GUIDANCE at step 30 (timestep=666)
🎯 GUIDANCE STEP 30 (t=666): Loss=0.6074, Rho=8.840695, Grad_norm=0.1131, Final_scale=88.4070
🚀 APPLYING GUIDANCE at step 31 (timestep=647)
🎯 GUIDANCE STEP 31 (t=647): Loss=0.6152, Rho=11.064802, Grad_norm=0.0904, Final_scale=110.6480
🚀 APPLYING GUIDANCE at step 32 (timestep=627)
🎯 GUIDANCE STEP 32 (t=627): Loss=0.6084, Rho=7.333581, Grad_norm=0.1364, Final_scale=73.3358
🚀 APPLYING GUIDANCE at step 33 (timestep=606)
🎯 GUIDANCE STEP 33 (t=606): Loss=0.6084, Rho=6.923325, Grad_norm=0.1444, Final_scale=69.2332
🚀 APPLYING GUIDANCE at step 34 (timestep=585)
🎯 GUIDANCE STEP 34 (t=585): Loss=0.6084, Rho=8.008391, Grad_norm=0.1249, Final_scale=80.0839
🚀 APPLYING GUIDANCE at step 35 (timestep=562)
🎯 GUIDANCE STEP 35 (t=562): Loss=0.6045, Rho=3.788710, Grad_norm=0.2639, Final_scale=37.8871
🚀 APPLYING GUIDANCE at step 36 (timestep=538)
🎯 GUIDANCE STEP 36 (t=538): Loss=0.6055, Rho=8.340989, Grad_norm=0.1199, Final_scale=83.4099
🚀 APPLYING GUIDANCE at step 37 (timestep=512)
🎯 GUIDANCE STEP 37 (t=512): Loss=0.6050, Rho=3.557210, Grad_norm=0.2811, Final_scale=35.5721
🚀 APPLYING GUIDANCE at step 38 (timestep=486)
🎯 GUIDANCE STEP 38 (t=486): Loss=0.6025, Rho=11.325324, Grad_norm=0.0883, Final_scale=113.2532
🚀 APPLYING GUIDANCE at step 39 (timestep=458)
🎯 GUIDANCE STEP 39 (t=458): Loss=0.6055, Rho=10.028594, Grad_norm=0.0997, Final_scale=100.2859
🚀 APPLYING GUIDANCE at step 40 (timestep=428)
🎯 GUIDANCE STEP 40 (t=428): Loss=0.5996, Rho=6.066843, Grad_norm=0.1648, Final_scale=60.6684
🚀 APPLYING GUIDANCE at step 41 (timestep=396)
🎯 GUIDANCE STEP 41 (t=396): Loss=0.6021, Rho=14.859160, Grad_norm=0.0673, Final_scale=148.5916
🚀 APPLYING GUIDANCE at step 42 (timestep=363)
🎯 GUIDANCE STEP 42 (t=363): Loss=0.5991, Rho=14.656989, Grad_norm=0.0682, Final_scale=146.5699
🚀 APPLYING GUIDANCE at step 43 (timestep=327)
🎯 GUIDANCE STEP 43 (t=327): Loss=0.6025, Rho=24.766249, Grad_norm=0.0404, Final_scale=247.6625
🚀 APPLYING GUIDANCE at step 44 (timestep=290)
🎯 GUIDANCE STEP 44 (t=290): Loss=0.5996, Rho=13.636988, Grad_norm=0.0733, Final_scale=136.3699
🚀 APPLYING GUIDANCE at step 45 (timestep=249)
🎯 GUIDANCE STEP 45 (t=249): Loss=0.5996, Rho=25.070045, Grad_norm=0.0399, Final_scale=250.7005
🚀 APPLYING GUIDANCE at step 46 (timestep=206)
🎯 GUIDANCE STEP 46 (t=206): Loss=0.6001, Rho=9.810202, Grad_norm=0.1019, Final_scale=98.1020
🚀 APPLYING GUIDANCE at step 47 (timestep=160)
🎯 GUIDANCE STEP 47 (t=160): Loss=0.5952, Rho=4.861113, Grad_norm=0.2057, Final_scale=48.6111
🚀 APPLYING GUIDANCE at step 48 (timestep=111)
🎯 GUIDANCE STEP 48 (t=111): Loss=0.5981, Rho=10.058313, Grad_norm=0.0994, Final_scale=100.5831
🚀 APPLYING GUIDANCE at step 49 (timestep=57)
🎯 GUIDANCE STEP 49 (t=57): Loss=0.5967, Rho=21.146292, Grad_norm=0.0473, Final_scale=211.4629
[guidance_f17_s50_w8c6_rho10.0_cfg5.0_0701_1658] Generated: generated_videos/subject_consistency/guidance_f17_s50_w8c6_rho10.0_cfg5.0_0701_1658/a_dog_enjoying_a_peaceful_walk.mp4
[guidance_f17_s50_w8c6_rho10.0_cfg5.0_0701_1658] Generating video 2/9 (guidance): a dog playing in park
🎬 STARTING GUIDANCE PIPELINE GENERATION
   Frames: 17, Steps: 50, CFG Scale: 5.0

🔧 GUIDANCE PIPELINE CONFIGURATION:
   Guidance range: 0 - 1001
   Rho scale: 10.0
   V-JEPA kernel_size: 8
   V-JEPA context_length: 6
   V-JEPA stride: 2
   V-JEPA mode: max
   Total timesteps: 50

🚀 APPLYING GUIDANCE at step 0 (timestep=999)
🎯 GUIDANCE STEP 0 (t=999): Loss=0.5469, Rho=15.407520, Grad_norm=0.0649, Final_scale=154.0752
🚀 APPLYING GUIDANCE at step 1 (timestep=992)
🎯 GUIDANCE STEP 1 (t=992): Loss=0.5381, Rho=28.031111, Grad_norm=0.0357, Final_scale=280.3111
🚀 APPLYING GUIDANCE at step 2 (timestep=985)
🎯 GUIDANCE STEP 2 (t=985): Loss=0.5386, Rho=22.411556, Grad_norm=0.0446, Final_scale=224.1156
🚀 APPLYING GUIDANCE at step 3 (timestep=978)
🎯 GUIDANCE STEP 3 (t=978): Loss=0.5449, Rho=19.472855, Grad_norm=0.0514, Final_scale=194.7285
🚀 APPLYING GUIDANCE at step 4 (timestep=971)
🎯 GUIDANCE STEP 4 (t=971): Loss=0.5713, Rho=11.880773, Grad_norm=0.0842, Final_scale=118.8077
🚀 APPLYING GUIDANCE at step 5 (timestep=963)
🎯 GUIDANCE STEP 5 (t=963): Loss=0.5933, Rho=9.375957, Grad_norm=0.1067, Final_scale=93.7596
🚀 APPLYING GUIDANCE at step 6 (timestep=956)
🎯 GUIDANCE STEP 6 (t=956): Loss=0.6260, Rho=6.420454, Grad_norm=0.1558, Final_scale=64.2045
🚀 APPLYING GUIDANCE at step 7 (timestep=948)
🎯 GUIDANCE STEP 7 (t=948): Loss=0.6357, Rho=3.349789, Grad_norm=0.2985, Final_scale=33.4979
🚀 APPLYING GUIDANCE at step 8 (timestep=939)
🎯 GUIDANCE STEP 8 (t=939): Loss=0.6382, Rho=7.130266, Grad_norm=0.1402, Final_scale=71.3027
🚀 APPLYING GUIDANCE at step 9 (timestep=931)
🎯 GUIDANCE STEP 9 (t=931): Loss=0.6362, Rho=2.534022, Grad_norm=0.3946, Final_scale=25.3402
🚀 APPLYING GUIDANCE at step 10 (timestep=922)
🎯 GUIDANCE STEP 10 (t=922): Loss=0.6411, Rho=3.840941, Grad_norm=0.2604, Final_scale=38.4094
🚀 APPLYING GUIDANCE at step 11 (timestep=913)
🎯 GUIDANCE STEP 11 (t=913): Loss=0.6406, Rho=6.536766, Grad_norm=0.1530, Final_scale=65.3677
🚀 APPLYING GUIDANCE at step 12 (timestep=904)
🎯 GUIDANCE STEP 12 (t=904): Loss=0.6392, Rho=4.491064, Grad_norm=0.2227, Final_scale=44.9106
🚀 APPLYING GUIDANCE at step 13 (timestep=894)
🎯 GUIDANCE STEP 13 (t=894): Loss=0.6392, Rho=3.139904, Grad_norm=0.3185, Final_scale=31.3990
🚀 APPLYING GUIDANCE at step 14 (timestep=884)
🎯 GUIDANCE STEP 14 (t=884): Loss=0.6401, Rho=5.908367, Grad_norm=0.1693, Final_scale=59.0837
🚀 APPLYING GUIDANCE at step 15 (timestep=874)
🎯 GUIDANCE STEP 15 (t=874): Loss=0.6445, Rho=4.507463, Grad_norm=0.2219, Final_scale=45.0746
🚀 APPLYING GUIDANCE at step 16 (timestep=864)
🎯 GUIDANCE STEP 16 (t=864): Loss=0.6509, Rho=2.170908, Grad_norm=0.4606, Final_scale=21.7091
🚀 APPLYING GUIDANCE at step 17 (timestep=853)
🎯 GUIDANCE STEP 17 (t=853): Loss=0.6523, Rho=4.082706, Grad_norm=0.2449, Final_scale=40.8271
🚀 APPLYING GUIDANCE at step 18 (timestep=841)
🎯 GUIDANCE STEP 18 (t=841): Loss=0.6509, Rho=4.261897, Grad_norm=0.2346, Final_scale=42.6190
🚀 APPLYING GUIDANCE at step 19 (timestep=829)
🎯 GUIDANCE STEP 19 (t=829): Loss=0.6572, Rho=3.053466, Grad_norm=0.3275, Final_scale=30.5347
🚀 APPLYING GUIDANCE at step 20 (timestep=817)
🎯 GUIDANCE STEP 20 (t=817): Loss=0.6519, Rho=5.567789, Grad_norm=0.1796, Final_scale=55.6779
🚀 APPLYING GUIDANCE at step 21 (timestep=805)
🎯 GUIDANCE STEP 21 (t=805): Loss=0.6567, Rho=5.826168, Grad_norm=0.1716, Final_scale=58.2617
🚀 APPLYING GUIDANCE at step 22 (timestep=792)
🎯 GUIDANCE STEP 22 (t=792): Loss=0.6533, Rho=4.264954, Grad_norm=0.2345, Final_scale=42.6495
🚀 APPLYING GUIDANCE at step 23 (timestep=778)
🎯 GUIDANCE STEP 23 (t=778): Loss=0.6543, Rho=6.615165, Grad_norm=0.1512, Final_scale=66.1516
🚀 APPLYING GUIDANCE at step 24 (timestep=764)
🎯 GUIDANCE STEP 24 (t=764): Loss=0.6533, Rho=4.177752, Grad_norm=0.2394, Final_scale=41.7775
🚀 APPLYING GUIDANCE at step 25 (timestep=749)
🎯 GUIDANCE STEP 25 (t=749): Loss=0.6494, Rho=6.364413, Grad_norm=0.1571, Final_scale=63.6441
🚀 APPLYING GUIDANCE at step 26 (timestep=734)
🎯 GUIDANCE STEP 26 (t=734): Loss=0.6572, Rho=3.776948, Grad_norm=0.2648, Final_scale=37.7695
🚀 APPLYING GUIDANCE at step 27 (timestep=718)
🎯 GUIDANCE STEP 27 (t=718): Loss=0.6577, Rho=1.598765, Grad_norm=0.6255, Final_scale=15.9877
🚀 APPLYING GUIDANCE at step 28 (timestep=701)
🎯 GUIDANCE STEP 28 (t=701): Loss=0.6538, Rho=3.802596, Grad_norm=0.2630, Final_scale=38.0260
🚀 APPLYING GUIDANCE at step 29 (timestep=684)
🎯 GUIDANCE STEP 29 (t=684): Loss=0.6489, Rho=8.188782, Grad_norm=0.1221, Final_scale=81.8878
🚀 APPLYING GUIDANCE at step 30 (timestep=666)
🎯 GUIDANCE STEP 30 (t=666): Loss=0.6499, Rho=7.768776, Grad_norm=0.1287, Final_scale=77.6878
🚀 APPLYING GUIDANCE at step 31 (timestep=647)
🎯 GUIDANCE STEP 31 (t=647): Loss=0.6455, Rho=4.152537, Grad_norm=0.2408, Final_scale=41.5254
🚀 APPLYING GUIDANCE at step 32 (timestep=627)
🎯 GUIDANCE STEP 32 (t=627): Loss=0.6504, Rho=6.313068, Grad_norm=0.1584, Final_scale=63.1307
🚀 APPLYING GUIDANCE at step 33 (timestep=606)
🎯 GUIDANCE STEP 33 (t=606): Loss=0.6475, Rho=7.338668, Grad_norm=0.1363, Final_scale=73.3867
🚀 APPLYING GUIDANCE at step 34 (timestep=585)
🎯 GUIDANCE STEP 34 (t=585): Loss=0.6436, Rho=10.010240, Grad_norm=0.0999, Final_scale=100.1024
🚀 APPLYING GUIDANCE at step 35 (timestep=562)
🎯 GUIDANCE STEP 35 (t=562): Loss=0.6421, Rho=7.775964, Grad_norm=0.1286, Final_scale=77.7596
🚀 APPLYING GUIDANCE at step 36 (timestep=538)
🎯 GUIDANCE STEP 36 (t=538): Loss=0.6416, Rho=7.648468, Grad_norm=0.1307, Final_scale=76.4847
🚀 APPLYING GUIDANCE at step 37 (timestep=512)
🎯 GUIDANCE STEP 37 (t=512): Loss=0.6426, Rho=5.667989, Grad_norm=0.1764, Final_scale=56.6799
🚀 APPLYING GUIDANCE at step 38 (timestep=486)
🎯 GUIDANCE STEP 38 (t=486): Loss=0.6431, Rho=8.586228, Grad_norm=0.1165, Final_scale=85.8623
🚀 APPLYING GUIDANCE at step 39 (timestep=458)
🎯 GUIDANCE STEP 39 (t=458): Loss=0.6426, Rho=18.801725, Grad_norm=0.0532, Final_scale=188.0173
🚀 APPLYING GUIDANCE at step 40 (timestep=428)
🎯 GUIDANCE STEP 40 (t=428): Loss=0.6421, Rho=15.066368, Grad_norm=0.0664, Final_scale=150.6637
🚀 APPLYING GUIDANCE at step 41 (timestep=396)
🎯 GUIDANCE STEP 41 (t=396): Loss=0.6396, Rho=19.942387, Grad_norm=0.0501, Final_scale=199.4239
🚀 APPLYING GUIDANCE at step 42 (timestep=363)
🎯 GUIDANCE STEP 42 (t=363): Loss=0.6367, Rho=21.747959, Grad_norm=0.0460, Final_scale=217.4796
🚀 APPLYING GUIDANCE at step 43 (timestep=327)
🎯 GUIDANCE STEP 43 (t=327): Loss=0.6357, Rho=17.220743, Grad_norm=0.0581, Final_scale=172.2074
🚀 APPLYING GUIDANCE at step 44 (timestep=290)
🎯 GUIDANCE STEP 44 (t=290): Loss=0.6362, Rho=16.244337, Grad_norm=0.0616, Final_scale=162.4434
🚀 APPLYING GUIDANCE at step 45 (timestep=249)
🎯 GUIDANCE STEP 45 (t=249): Loss=0.6348, Rho=18.905615, Grad_norm=0.0529, Final_scale=189.0561
🚀 APPLYING GUIDANCE at step 46 (timestep=206)
🎯 GUIDANCE STEP 46 (t=206): Loss=0.6328, Rho=21.146101, Grad_norm=0.0473, Final_scale=211.4610
🚀 APPLYING GUIDANCE at step 47 (timestep=160)
🎯 GUIDANCE STEP 47 (t=160): Loss=0.6348, Rho=28.718447, Grad_norm=0.0348, Final_scale=287.1845
🚀 APPLYING GUIDANCE at step 48 (timestep=111)
🎯 GUIDANCE STEP 48 (t=111): Loss=0.6299, Rho=21.345999, Grad_norm=0.0468, Final_scale=213.4600
🚀 APPLYING GUIDANCE at step 49 (timestep=57)
🎯 GUIDANCE STEP 49 (t=57): Loss=0.6255, Rho=22.842720, Grad_norm=0.0438, Final_scale=228.4272
[guidance_f17_s50_w8c6_rho10.0_cfg5.0_0701_1658] Generated: generated_videos/subject_consistency/guidance_f17_s50_w8c6_rho10.0_cfg5.0_0701_1658/a_bicycle_slowing_down_to_stop.mp4
[guidance_f17_s50_w8c6_rho10.0_cfg5.0_0701_1658] Generating video 2/9 (guidance): a bicycle accelerating to gain speed
🎬 STARTING GUIDANCE PIPELINE GENERATION
   Frames: 17, Steps: 50, CFG Scale: 5.0

🔧 GUIDANCE PIPELINE CONFIGURATION:
   Guidance range: 0 - 1001
   Rho scale: 10.0
   V-JEPA kernel_size: 8
   V-JEPA context_length: 6
   V-JEPA stride: 2
   V-JEPA mode: max
   Total timesteps: 50

🚀 APPLYING GUIDANCE at step 0 (timestep=999)
🎯 GUIDANCE STEP 0 (t=999): Loss=0.5620, Rho=31.011816, Grad_norm=0.0322, Final_scale=310.1182
🚀 APPLYING GUIDANCE at step 1 (timestep=992)
🎯 GUIDANCE STEP 1 (t=992): Loss=0.5649, Rho=17.704628, Grad_norm=0.0565, Final_scale=177.0463
🚀 APPLYING GUIDANCE at step 2 (timestep=985)
🎯 GUIDANCE STEP 2 (t=985): Loss=0.5547, Rho=27.893778, Grad_norm=0.0359, Final_scale=278.9378
🚀 APPLYING GUIDANCE at step 3 (timestep=978)
🎯 GUIDANCE STEP 3 (t=978): Loss=0.5664, Rho=27.632915, Grad_norm=0.0362, Final_scale=276.3292
🚀 APPLYING GUIDANCE at step 4 (timestep=971)
🎯 GUIDANCE STEP 4 (t=971): Loss=0.5708, Rho=22.141619, Grad_norm=0.0452, Final_scale=221.4162
🚀 APPLYING GUIDANCE at step 5 (timestep=963)
🎯 GUIDANCE STEP 5 (t=963): Loss=0.5747, Rho=14.443249, Grad_norm=0.0692, Final_scale=144.4325
🚀 APPLYING GUIDANCE at step 6 (timestep=956)
🎯 GUIDANCE STEP 6 (t=956): Loss=0.5771, Rho=15.914427, Grad_norm=0.0628, Final_scale=159.1443
🚀 APPLYING GUIDANCE at step 7 (timestep=948)
🎯 GUIDANCE STEP 7 (t=948): Loss=0.5947, Rho=6.631109, Grad_norm=0.1508, Final_scale=66.3111
🚀 APPLYING GUIDANCE at step 8 (timestep=939)
🎯 GUIDANCE STEP 8 (t=939): Loss=0.5947, Rho=5.737321, Grad_norm=0.1743, Final_scale=57.3732
🚀 APPLYING GUIDANCE at step 9 (timestep=931)
🎯 GUIDANCE STEP 9 (t=931): Loss=0.5938, Rho=9.462696, Grad_norm=0.1057, Final_scale=94.6270
🚀 APPLYING GUIDANCE at step 10 (timestep=922)
🎯 GUIDANCE STEP 10 (t=922): Loss=0.6011, Rho=24.108120, Grad_norm=0.0415, Final_scale=241.0812
🚀 APPLYING GUIDANCE at step 11 (timestep=913)
🎯 GUIDANCE STEP 11 (t=913): Loss=0.5977, Rho=18.025665, Grad_norm=0.0555, Final_scale=180.2567
🚀 APPLYING GUIDANCE at step 12 (timestep=904)
🎯 GUIDANCE STEP 12 (t=904): Loss=0.6045, Rho=20.685297, Grad_norm=0.0483, Final_scale=206.8530
🚀 APPLYING GUIDANCE at step 13 (timestep=894)
🎯 GUIDANCE STEP 13 (t=894): Loss=0.6060, Rho=22.495266, Grad_norm=0.0445, Final_scale=224.9527
🚀 APPLYING GUIDANCE at step 14 (timestep=884)
🎯 GUIDANCE STEP 14 (t=884): Loss=0.6055, Rho=23.769341, Grad_norm=0.0421, Final_scale=237.6934
🚀 APPLYING GUIDANCE at step 15 (timestep=874)
🎯 GUIDANCE STEP 15 (t=874): Loss=0.6069, Rho=32.467819, Grad_norm=0.0308, Final_scale=324.6782
🚀 APPLYING GUIDANCE at step 16 (timestep=864)
🎯 GUIDANCE STEP 16 (t=864): Loss=0.6094, Rho=6.901959, Grad_norm=0.1449, Final_scale=69.0196
🚀 APPLYING GUIDANCE at step 17 (timestep=853)
🎯 GUIDANCE STEP 17 (t=853): Loss=0.6055, Rho=37.681156, Grad_norm=0.0265, Final_scale=376.8116
🚀 APPLYING GUIDANCE at step 18 (timestep=841)
🎯 GUIDANCE STEP 18 (t=841): Loss=0.6025, Rho=19.856411, Grad_norm=0.0504, Final_scale=198.5641
🚀 APPLYING GUIDANCE at step 19 (timestep=829)
🎯 GUIDANCE STEP 19 (t=829): Loss=0.6094, Rho=38.801098, Grad_norm=0.0258, Final_scale=388.0110
🚀 APPLYING GUIDANCE at step 20 (timestep=817)
🎯 GUIDANCE STEP 20 (t=817): Loss=0.6104, Rho=51.948235, Grad_norm=0.0192, Final_scale=519.4823
🚀 APPLYING GUIDANCE at step 21 (timestep=805)
🎯 GUIDANCE STEP 21 (t=805): Loss=0.6089, Rho=48.643013, Grad_norm=0.0206, Final_scale=486.4301
🚀 APPLYING GUIDANCE at step 22 (timestep=792)
🎯 GUIDANCE STEP 22 (t=792): Loss=0.6074, Rho=40.149551, Grad_norm=0.0249, Final_scale=401.4955
🚀 APPLYING GUIDANCE at step 23 (timestep=778)
🎯 GUIDANCE STEP 23 (t=778): Loss=0.6074, Rho=44.419590, Grad_norm=0.0225, Final_scale=444.1959
🚀 APPLYING GUIDANCE at step 24 (timestep=764)
🎯 GUIDANCE STEP 24 (t=764): Loss=0.6084, Rho=64.145653, Grad_norm=0.0156, Final_scale=641.4565
🚀 APPLYING GUIDANCE at step 25 (timestep=749)
🎯 GUIDANCE STEP 25 (t=749): Loss=0.6089, Rho=45.150764, Grad_norm=0.0221, Final_scale=451.5076
🚀 APPLYING GUIDANCE at step 26 (timestep=734)
🎯 GUIDANCE STEP 26 (t=734): Loss=0.6064, Rho=73.248993, Grad_norm=0.0137, Final_scale=732.4899
🚀 APPLYING GUIDANCE at step 27 (timestep=718)
🎯 GUIDANCE STEP 27 (t=718): Loss=0.6040, Rho=65.090904, Grad_norm=0.0154, Final_scale=650.9090
🚀 APPLYING GUIDANCE at step 28 (timestep=701)
🎯 GUIDANCE STEP 28 (t=701): Loss=0.6069, Rho=40.988468, Grad_norm=0.0244, Final_scale=409.8847
🚀 APPLYING GUIDANCE at step 29 (timestep=684)
🎯 GUIDANCE STEP 29 (t=684): Loss=0.6099, Rho=79.613968, Grad_norm=0.0126, Final_scale=796.1397
🚀 APPLYING GUIDANCE at step 30 (timestep=666)
🎯 GUIDANCE STEP 30 (t=666): Loss=0.6069, Rho=105.614052, Grad_norm=0.0095, Final_scale=1056.1405
🚀 APPLYING GUIDANCE at step 31 (timestep=647)
🎯 GUIDANCE STEP 31 (t=647): Loss=0.6045, Rho=61.279346, Grad_norm=0.0163, Final_scale=612.7935
🚀 APPLYING GUIDANCE at step 32 (timestep=627)
🎯 GUIDANCE STEP 32 (t=627): Loss=0.6006, Rho=70.546593, Grad_norm=0.0142, Final_scale=705.4659
🚀 APPLYING GUIDANCE at step 33 (timestep=606)
🎯 GUIDANCE STEP 33 (t=606): Loss=0.6021, Rho=100.195480, Grad_norm=0.0100, Final_scale=1001.9548
🚀 APPLYING GUIDANCE at step 34 (timestep=585)
🎯 GUIDANCE STEP 34 (t=585): Loss=0.6016, Rho=31.112242, Grad_norm=0.0321, Final_scale=311.1224
🚀 APPLYING GUIDANCE at step 35 (timestep=562)
🎯 GUIDANCE STEP 35 (t=562): Loss=0.6030, Rho=58.960217, Grad_norm=0.0170, Final_scale=589.6022
🚀 APPLYING GUIDANCE at step 36 (timestep=538)
🎯 GUIDANCE STEP 36 (t=538): Loss=0.5977, Rho=95.476860, Grad_norm=0.0105, Final_scale=954.7686
🚀 APPLYING GUIDANCE at step 37 (timestep=512)
🎯 GUIDANCE STEP 37 (t=512): Loss=0.5967, Rho=78.676399, Grad_norm=0.0127, Final_scale=786.7640
🚀 APPLYING GUIDANCE at step 38 (timestep=486)
🎯 GUIDANCE STEP 38 (t=486): Loss=0.5991, Rho=72.547188, Grad_norm=0.0138, Final_scale=725.4719
🚀 APPLYING GUIDANCE at step 39 (timestep=458)
🎯 GUIDANCE STEP 39 (t=458): Loss=0.5972, Rho=15.341002, Grad_norm=0.0652, Final_scale=153.4100
🚀 APPLYING GUIDANCE at step 40 (timestep=428)
🎯 GUIDANCE STEP 40 (t=428): Loss=0.5986, Rho=62.231422, Grad_norm=0.0161, Final_scale=622.3142
🚀 APPLYING GUIDANCE at step 41 (timestep=396)
🎯 GUIDANCE STEP 41 (t=396): Loss=0.5986, Rho=28.775457, Grad_norm=0.0348, Final_scale=287.7546
🚀 APPLYING GUIDANCE at step 42 (timestep=363)
🎯 GUIDANCE STEP 42 (t=363): Loss=0.5996, Rho=109.958969, Grad_norm=0.0091, Final_scale=1099.5897
🚀 APPLYING GUIDANCE at step 43 (timestep=327)
🎯 GUIDANCE STEP 43 (t=327): Loss=0.5967, Rho=44.023029, Grad_norm=0.0227, Final_scale=440.2303
🚀 APPLYING GUIDANCE at step 44 (timestep=290)
🎯 GUIDANCE STEP 44 (t=290): Loss=0.6001, Rho=83.120689, Grad_norm=0.0120, Final_scale=831.2069
🚀 APPLYING GUIDANCE at step 45 (timestep=249)
🎯 GUIDANCE STEP 45 (t=249): Loss=0.5996, Rho=42.277775, Grad_norm=0.0237, Final_scale=422.7777
🚀 APPLYING GUIDANCE at step 46 (timestep=206)
🎯 GUIDANCE STEP 46 (t=206): Loss=0.5962, Rho=35.063026, Grad_norm=0.0285, Final_scale=350.6303
🚀 APPLYING GUIDANCE at step 47 (timestep=160)
🎯 GUIDANCE STEP 47 (t=160): Loss=0.5981, Rho=50.389145, Grad_norm=0.0198, Final_scale=503.8914
🚀 APPLYING GUIDANCE at step 48 (timestep=111)
🎯 GUIDANCE STEP 48 (t=111): Loss=0.5942, Rho=53.474648, Grad_norm=0.0187, Final_scale=534.7465
🚀 APPLYING GUIDANCE at step 49 (timestep=57)
🎯 GUIDANCE STEP 49 (t=57): Loss=0.5952, Rho=30.369289, Grad_norm=0.0329, Final_scale=303.6929
[guidance_f17_s50_w8c6_rho10.0_cfg5.0_0701_1658] Generated: generated_videos/subject_consistency/guidance_f17_s50_w8c6_rho10.0_cfg5.0_0701_1658/a_boat_slowing_down_to_stop.mp4
[guidance_f17_s50_w8c6_rho10.0_cfg5.0_0701_1658] Generating video 2/9 (guidance): a boat accelerating to gain speed
🎬 STARTING GUIDANCE PIPELINE GENERATION
   Frames: 17, Steps: 50, CFG Scale: 5.0

🔧 GUIDANCE PIPELINE CONFIGURATION:
   Guidance range: 0 - 1001
   Rho scale: 10.0
   V-JEPA kernel_size: 8
   V-JEPA context_length: 6
   V-JEPA stride: 2
   V-JEPA mode: max
   Total timesteps: 50

🚀 APPLYING GUIDANCE at step 0 (timestep=999)
🎯 GUIDANCE STEP 0 (t=999): Loss=0.5503, Rho=11.508055, Grad_norm=0.0869, Final_scale=115.0805
🚀 APPLYING GUIDANCE at step 1 (timestep=992)
🎯 GUIDANCE STEP 1 (t=992): Loss=0.5454, Rho=46.733334, Grad_norm=0.0214, Final_scale=467.3333
🚀 APPLYING GUIDANCE at step 2 (timestep=985)
🎯 GUIDANCE STEP 2 (t=985): Loss=0.5615, Rho=29.645357, Grad_norm=0.0337, Final_scale=296.4536
🚀 APPLYING GUIDANCE at step 3 (timestep=978)
🎯 GUIDANCE STEP 3 (t=978): Loss=0.5513, Rho=40.794865, Grad_norm=0.0245, Final_scale=407.9486
🚀 APPLYING GUIDANCE at step 4 (timestep=971)
🎯 GUIDANCE STEP 4 (t=971): Loss=0.5527, Rho=15.560875, Grad_norm=0.0643, Final_scale=155.6087
🚀 APPLYING GUIDANCE at step 5 (timestep=963)
🎯 GUIDANCE STEP 5 (t=963): Loss=0.5586, Rho=23.723522, Grad_norm=0.0422, Final_scale=237.2352
🚀 APPLYING GUIDANCE at step 6 (timestep=956)
🎯 GUIDANCE STEP 6 (t=956): Loss=0.5698, Rho=17.381323, Grad_norm=0.0575, Final_scale=173.8132
🚀 APPLYING GUIDANCE at step 7 (timestep=948)
🎯 GUIDANCE STEP 7 (t=948): Loss=0.5859, Rho=14.752722, Grad_norm=0.0678, Final_scale=147.5272
🚀 APPLYING GUIDANCE at step 8 (timestep=939)
🎯 GUIDANCE STEP 8 (t=939): Loss=0.5869, Rho=15.743192, Grad_norm=0.0635, Final_scale=157.4319
🚀 APPLYING GUIDANCE at step 9 (timestep=931)
🎯 GUIDANCE STEP 9 (t=931): Loss=0.5928, Rho=23.445471, Grad_norm=0.0427, Final_scale=234.4547
🚀 APPLYING GUIDANCE at step 10 (timestep=922)
🎯 GUIDANCE STEP 10 (t=922): Loss=0.5967, Rho=6.676713, Grad_norm=0.1498, Final_scale=66.7671
🚀 APPLYING GUIDANCE at step 11 (timestep=913)
🎯 GUIDANCE STEP 11 (t=913): Loss=0.6001, Rho=11.985214, Grad_norm=0.0834, Final_scale=119.8521
🚀 APPLYING GUIDANCE at step 12 (timestep=904)
🎯 GUIDANCE STEP 12 (t=904): Loss=0.6006, Rho=16.923126, Grad_norm=0.0591, Final_scale=169.2313
🚀 APPLYING GUIDANCE at step 13 (timestep=894)
🎯 GUIDANCE STEP 13 (t=894): Loss=0.6045, Rho=14.260601, Grad_norm=0.0701, Final_scale=142.6060
🚀 APPLYING GUIDANCE at step 14 (timestep=884)
🎯 GUIDANCE STEP 14 (t=884): Loss=0.6147, Rho=5.214275, Grad_norm=0.1918, Final_scale=52.1427
🚀 APPLYING GUIDANCE at step 15 (timestep=874)
🎯 GUIDANCE STEP 15 (t=874): Loss=0.6187, Rho=9.382092, Grad_norm=0.1066, Final_scale=93.8209
🚀 APPLYING GUIDANCE at step 16 (timestep=864)
🎯 GUIDANCE STEP 16 (t=864): Loss=0.6255, Rho=6.867430, Grad_norm=0.1456, Final_scale=68.6743
🚀 APPLYING GUIDANCE at step 17 (timestep=853)
🎯 GUIDANCE STEP 17 (t=853): Loss=0.6299, Rho=9.185278, Grad_norm=0.1089, Final_scale=91.8528
🚀 APPLYING GUIDANCE at step 18 (timestep=841)
🎯 GUIDANCE STEP 18 (t=841): Loss=0.6230, Rho=12.969420, Grad_norm=0.0771, Final_scale=129.6942
🚀 APPLYING GUIDANCE at step 19 (timestep=829)
🎯 GUIDANCE STEP 19 (t=829): Loss=0.6240, Rho=12.459444, Grad_norm=0.0803, Final_scale=124.5944
🚀 APPLYING GUIDANCE at step 20 (timestep=817)
🎯 GUIDANCE STEP 20 (t=817): Loss=0.6270, Rho=9.745253, Grad_norm=0.1026, Final_scale=97.4525
🚀 APPLYING GUIDANCE at step 21 (timestep=805)
🎯 GUIDANCE STEP 21 (t=805): Loss=0.6240, Rho=13.845490, Grad_norm=0.0722, Final_scale=138.4549
🚀 APPLYING GUIDANCE at step 22 (timestep=792)
🎯 GUIDANCE STEP 22 (t=792): Loss=0.6255, Rho=11.132967, Grad_norm=0.0898, Final_scale=111.3297
🚀 APPLYING GUIDANCE at step 23 (timestep=778)
🎯 GUIDANCE STEP 23 (t=778): Loss=0.6182, Rho=5.414162, Grad_norm=0.1847, Final_scale=54.1416
🚀 APPLYING GUIDANCE at step 24 (timestep=764)
🎯 GUIDANCE STEP 24 (t=764): Loss=0.6177, Rho=22.746187, Grad_norm=0.0440, Final_scale=227.4619
🚀 APPLYING GUIDANCE at step 25 (timestep=749)
🎯 GUIDANCE STEP 25 (t=749): Loss=0.6143, Rho=12.567285, Grad_norm=0.0796, Final_scale=125.6728
🚀 APPLYING GUIDANCE at step 26 (timestep=734)
🎯 GUIDANCE STEP 26 (t=734): Loss=0.6157, Rho=11.359112, Grad_norm=0.0880, Final_scale=113.5911
🚀 APPLYING GUIDANCE at step 27 (timestep=718)
🎯 GUIDANCE STEP 27 (t=718): Loss=0.6187, Rho=1.711954, Grad_norm=0.5841, Final_scale=17.1195
🚀 APPLYING GUIDANCE at step 28 (timestep=701)
🎯 GUIDANCE STEP 28 (t=701): Loss=0.6216, Rho=5.777768, Grad_norm=0.1731, Final_scale=57.7777
🚀 APPLYING GUIDANCE at step 29 (timestep=684)
🎯 GUIDANCE STEP 29 (t=684): Loss=0.6152, Rho=2.984591, Grad_norm=0.3351, Final_scale=29.8459
🚀 APPLYING GUIDANCE at step 30 (timestep=666)
🎯 GUIDANCE STEP 30 (t=666): Loss=0.6182, Rho=8.465630, Grad_norm=0.1181, Final_scale=84.6563
🚀 APPLYING GUIDANCE at step 31 (timestep=647)
🎯 GUIDANCE STEP 31 (t=647): Loss=0.6201, Rho=13.098143, Grad_norm=0.0763, Final_scale=130.9814
🚀 APPLYING GUIDANCE at step 32 (timestep=627)
🎯 GUIDANCE STEP 32 (t=627): Loss=0.6152, Rho=9.529251, Grad_norm=0.1049, Final_scale=95.2925
🚀 APPLYING GUIDANCE at step 33 (timestep=606)
🎯 GUIDANCE STEP 33 (t=606): Loss=0.6143, Rho=19.207462, Grad_norm=0.0521, Final_scale=192.0746
🚀 APPLYING GUIDANCE at step 34 (timestep=585)
🎯 GUIDANCE STEP 34 (t=585): Loss=0.6167, Rho=19.689217, Grad_norm=0.0508, Final_scale=196.8922
🚀 APPLYING GUIDANCE at step 35 (timestep=562)
🎯 GUIDANCE STEP 35 (t=562): Loss=0.6147, Rho=11.700936, Grad_norm=0.0855, Final_scale=117.0094
🚀 APPLYING GUIDANCE at step 36 (timestep=538)
🎯 GUIDANCE STEP 36 (t=538): Loss=0.6118, Rho=9.048778, Grad_norm=0.1105, Final_scale=90.4878
🚀 APPLYING GUIDANCE at step 37 (timestep=512)
🎯 GUIDANCE STEP 37 (t=512): Loss=0.6138, Rho=10.797529, Grad_norm=0.0926, Final_scale=107.9753
🚀 APPLYING GUIDANCE at step 38 (timestep=486)
🎯 GUIDANCE STEP 38 (t=486): Loss=0.6128, Rho=9.335907, Grad_norm=0.1071, Final_scale=93.3591
🚀 APPLYING GUIDANCE at step 39 (timestep=458)
🎯 GUIDANCE STEP 39 (t=458): Loss=0.6143, Rho=8.310307, Grad_norm=0.1203, Final_scale=83.1031
🚀 APPLYING GUIDANCE at step 40 (timestep=428)
🎯 GUIDANCE STEP 40 (t=428): Loss=0.6118, Rho=11.061852, Grad_norm=0.0904, Final_scale=110.6185
🚀 APPLYING GUIDANCE at step 41 (timestep=396)
🎯 GUIDANCE STEP 41 (t=396): Loss=0.6138, Rho=12.051862, Grad_norm=0.0830, Final_scale=120.5186
🚀 APPLYING GUIDANCE at step 42 (timestep=363)
🎯 GUIDANCE STEP 42 (t=363): Loss=0.6118, Rho=13.506464, Grad_norm=0.0740, Final_scale=135.0646
🚀 APPLYING GUIDANCE at step 43 (timestep=327)
🎯 GUIDANCE STEP 43 (t=327): Loss=0.6118, Rho=12.937365, Grad_norm=0.0773, Final_scale=129.3736
🚀 APPLYING GUIDANCE at step 44 (timestep=290)
🎯 GUIDANCE STEP 44 (t=290): Loss=0.6172, Rho=2.147237, Grad_norm=0.4657, Final_scale=21.4724
🚀 APPLYING GUIDANCE at step 45 (timestep=249)
🎯 GUIDANCE STEP 45 (t=249): Loss=0.6143, Rho=6.077087, Grad_norm=0.1646, Final_scale=60.7709
🚀 APPLYING GUIDANCE at step 46 (timestep=206)
🎯 GUIDANCE STEP 46 (t=206): Loss=0.6099, Rho=6.969181, Grad_norm=0.1435, Final_scale=69.6918
🚀 APPLYING GUIDANCE at step 47 (timestep=160)
🎯 GUIDANCE STEP 47 (t=160): Loss=0.6084, Rho=9.293851, Grad_norm=0.1076, Final_scale=92.9385
🚀 APPLYING GUIDANCE at step 48 (timestep=111)
🎯 GUIDANCE STEP 48 (t=111): Loss=0.6104, Rho=13.537070, Grad_norm=0.0739, Final_scale=135.3707
🚀 APPLYING GUIDANCE at step 49 (timestep=57)
🎯 GUIDANCE STEP 49 (t=57): Loss=0.6133, Rho=5.141857, Grad_norm=0.1945, Final_scale=51.4186
[guidance_f17_s50_w8c6_rho10.0_cfg5.0_0701_1658] Generated: generated_videos/subject_consistency/guidance_f17_s50_w8c6_rho10.0_cfg5.0_0701_1658/a_sheep_taking_a_peaceful_walk.mp4
[guidance_f17_s50_w8c6_rho10.0_cfg5.0_0701_1658] Generating video 2/9 (guidance): a sheep running to join a herd of its kind
🎬 STARTING GUIDANCE PIPELINE GENERATION
   Frames: 17, Steps: 50, CFG Scale: 5.0

🔧 GUIDANCE PIPELINE CONFIGURATION:
   Guidance range: 0 - 1001
   Rho scale: 10.0
   V-JEPA kernel_size: 8
   V-JEPA context_length: 6
   V-JEPA stride: 2
   V-JEPA mode: max
   Total timesteps: 50

🚀 APPLYING GUIDANCE at step 0 (timestep=999)
🎯 GUIDANCE STEP 0 (t=999): Loss=0.5938, Rho=11.206374, Grad_norm=0.0892, Final_scale=112.0637
🚀 APPLYING GUIDANCE at step 1 (timestep=992)
🎯 GUIDANCE STEP 1 (t=992): Loss=0.5405, Rho=29.710308, Grad_norm=0.0337, Final_scale=297.1031
🚀 APPLYING GUIDANCE at step 2 (timestep=985)
🎯 GUIDANCE STEP 2 (t=985): Loss=0.5435, Rho=27.099245, Grad_norm=0.0369, Final_scale=270.9925
🚀 APPLYING GUIDANCE at step 3 (timestep=978)
🎯 GUIDANCE STEP 3 (t=978): Loss=0.5508, Rho=29.551044, Grad_norm=0.0338, Final_scale=295.5104
🚀 APPLYING GUIDANCE at step 4 (timestep=971)
🎯 GUIDANCE STEP 4 (t=971): Loss=0.5708, Rho=4.096594, Grad_norm=0.2441, Final_scale=40.9659
🚀 APPLYING GUIDANCE at step 5 (timestep=963)
🎯 GUIDANCE STEP 5 (t=963): Loss=0.5713, Rho=3.229630, Grad_norm=0.3096, Final_scale=32.2963
🚀 APPLYING GUIDANCE at step 6 (timestep=956)
🎯 GUIDANCE STEP 6 (t=956): Loss=0.5835, Rho=12.446386, Grad_norm=0.0803, Final_scale=124.4639
🚀 APPLYING GUIDANCE at step 7 (timestep=948)
🎯 GUIDANCE STEP 7 (t=948): Loss=0.5894, Rho=14.054458, Grad_norm=0.0712, Final_scale=140.5446
🚀 APPLYING GUIDANCE at step 8 (timestep=939)
🎯 GUIDANCE STEP 8 (t=939): Loss=0.5913, Rho=20.052708, Grad_norm=0.0499, Final_scale=200.5271
🚀 APPLYING GUIDANCE at step 9 (timestep=931)
🎯 GUIDANCE STEP 9 (t=931): Loss=0.5972, Rho=13.221494, Grad_norm=0.0756, Final_scale=132.2149
🚀 APPLYING GUIDANCE at step 10 (timestep=922)
🎯 GUIDANCE STEP 10 (t=922): Loss=0.5972, Rho=15.832504, Grad_norm=0.0632, Final_scale=158.3250
🚀 APPLYING GUIDANCE at step 11 (timestep=913)
🎯 GUIDANCE STEP 11 (t=913): Loss=0.5981, Rho=16.796946, Grad_norm=0.0595, Final_scale=167.9695
🚀 APPLYING GUIDANCE at step 12 (timestep=904)
🎯 GUIDANCE STEP 12 (t=904): Loss=0.5942, Rho=11.218763, Grad_norm=0.0891, Final_scale=112.1876
🚀 APPLYING GUIDANCE at step 13 (timestep=894)
🎯 GUIDANCE STEP 13 (t=894): Loss=0.5972, Rho=12.360822, Grad_norm=0.0809, Final_scale=123.6082
🚀 APPLYING GUIDANCE at step 14 (timestep=884)
🎯 GUIDANCE STEP 14 (t=884): Loss=0.5991, Rho=10.099623, Grad_norm=0.0990, Final_scale=100.9962
🚀 APPLYING GUIDANCE at step 15 (timestep=874)
🎯 GUIDANCE STEP 15 (t=874): Loss=0.6006, Rho=17.172392, Grad_norm=0.0582, Final_scale=171.7239
🚀 APPLYING GUIDANCE at step 16 (timestep=864)
🎯 GUIDANCE STEP 16 (t=864): Loss=0.6006, Rho=16.881098, Grad_norm=0.0592, Final_scale=168.8110
🚀 APPLYING GUIDANCE at step 17 (timestep=853)
🎯 GUIDANCE STEP 17 (t=853): Loss=0.6040, Rho=11.671890, Grad_norm=0.0857, Final_scale=116.7189
🚀 APPLYING GUIDANCE at step 18 (timestep=841)
🎯 GUIDANCE STEP 18 (t=841): Loss=0.5972, Rho=10.799032, Grad_norm=0.0926, Final_scale=107.9903
🚀 APPLYING GUIDANCE at step 19 (timestep=829)
🎯 GUIDANCE STEP 19 (t=829): Loss=0.5952, Rho=7.371184, Grad_norm=0.1357, Final_scale=73.7118
🚀 APPLYING GUIDANCE at step 20 (timestep=817)
🎯 GUIDANCE STEP 20 (t=817): Loss=0.6006, Rho=9.333461, Grad_norm=0.1071, Final_scale=93.3346
🚀 APPLYING GUIDANCE at step 21 (timestep=805)
🎯 GUIDANCE STEP 21 (t=805): Loss=0.6064, Rho=9.271293, Grad_norm=0.1079, Final_scale=92.7129
🚀 APPLYING GUIDANCE at step 22 (timestep=792)
🎯 GUIDANCE STEP 22 (t=792): Loss=0.6040, Rho=7.020122, Grad_norm=0.1424, Final_scale=70.2012
🚀 APPLYING GUIDANCE at step 23 (timestep=778)
🎯 GUIDANCE STEP 23 (t=778): Loss=0.5981, Rho=5.427882, Grad_norm=0.1842, Final_scale=54.2788
🚀 APPLYING GUIDANCE at step 24 (timestep=764)
🎯 GUIDANCE STEP 24 (t=764): Loss=0.6011, Rho=11.948606, Grad_norm=0.0837, Final_scale=119.4861
🚀 APPLYING GUIDANCE at step 25 (timestep=749)
🎯 GUIDANCE STEP 25 (t=749): Loss=0.6001, Rho=15.154713, Grad_norm=0.0660, Final_scale=151.5471
🚀 APPLYING GUIDANCE at step 26 (timestep=734)
🎯 GUIDANCE STEP 26 (t=734): Loss=0.6050, Rho=9.649112, Grad_norm=0.1036, Final_scale=96.4911
🚀 APPLYING GUIDANCE at step 27 (timestep=718)
🎯 GUIDANCE STEP 27 (t=718): Loss=0.6055, Rho=13.016973, Grad_norm=0.0768, Final_scale=130.1697
🚀 APPLYING GUIDANCE at step 28 (timestep=701)
🎯 GUIDANCE STEP 28 (t=701): Loss=0.6021, Rho=5.618716, Grad_norm=0.1780, Final_scale=56.1872
🚀 APPLYING GUIDANCE at step 29 (timestep=684)
🎯 GUIDANCE STEP 29 (t=684): Loss=0.5986, Rho=12.967776, Grad_norm=0.0771, Final_scale=129.6778
🚀 APPLYING GUIDANCE at step 30 (timestep=666)
🎯 GUIDANCE STEP 30 (t=666): Loss=0.6025, Rho=14.648473, Grad_norm=0.0683, Final_scale=146.4847
🚀 APPLYING GUIDANCE at step 31 (timestep=647)
🎯 GUIDANCE STEP 31 (t=647): Loss=0.6035, Rho=7.885255, Grad_norm=0.1268, Final_scale=78.8525
🚀 APPLYING GUIDANCE at step 32 (timestep=627)
🎯 GUIDANCE STEP 32 (t=627): Loss=0.6016, Rho=7.368003, Grad_norm=0.1357, Final_scale=73.6800
🚀 APPLYING GUIDANCE at step 33 (timestep=606)
🎯 GUIDANCE STEP 33 (t=606): Loss=0.6006, Rho=7.588412, Grad_norm=0.1318, Final_scale=75.8841
🚀 APPLYING GUIDANCE at step 34 (timestep=585)
🎯 GUIDANCE STEP 34 (t=585): Loss=0.6006, Rho=8.727809, Grad_norm=0.1146, Final_scale=87.2781
🚀 APPLYING GUIDANCE at step 35 (timestep=562)
🎯 GUIDANCE STEP 35 (t=562): Loss=0.5996, Rho=10.764842, Grad_norm=0.0929, Final_scale=107.6484
🚀 APPLYING GUIDANCE at step 36 (timestep=538)
🎯 GUIDANCE STEP 36 (t=538): Loss=0.6016, Rho=11.406104, Grad_norm=0.0877, Final_scale=114.0610
🚀 APPLYING GUIDANCE at step 37 (timestep=512)
🎯 GUIDANCE STEP 37 (t=512): Loss=0.6021, Rho=10.864841, Grad_norm=0.0920, Final_scale=108.6484
🚀 APPLYING GUIDANCE at step 38 (timestep=486)
🎯 GUIDANCE STEP 38 (t=486): Loss=0.5967, Rho=5.803870, Grad_norm=0.1723, Final_scale=58.0387
🚀 APPLYING GUIDANCE at step 39 (timestep=458)
🎯 GUIDANCE STEP 39 (t=458): Loss=0.6035, Rho=7.355333, Grad_norm=0.1360, Final_scale=73.5533
🚀 APPLYING GUIDANCE at step 40 (timestep=428)
🎯 GUIDANCE STEP 40 (t=428): Loss=0.6069, Rho=11.465652, Grad_norm=0.0872, Final_scale=114.6565
🚀 APPLYING GUIDANCE at step 41 (timestep=396)
🎯 GUIDANCE STEP 41 (t=396): Loss=0.6035, Rho=0.571620, Grad_norm=1.7494, Final_scale=5.7162
🚀 APPLYING GUIDANCE at step 42 (timestep=363)
🎯 GUIDANCE STEP 42 (t=363): Loss=0.6001, Rho=14.148866, Grad_norm=0.0707, Final_scale=141.4887
🚀 APPLYING GUIDANCE at step 43 (timestep=327)
🎯 GUIDANCE STEP 43 (t=327): Loss=0.5972, Rho=17.888144, Grad_norm=0.0559, Final_scale=178.8814
🚀 APPLYING GUIDANCE at step 44 (timestep=290)
🎯 GUIDANCE STEP 44 (t=290): Loss=0.5981, Rho=12.974332, Grad_norm=0.0771, Final_scale=129.7433
🚀 APPLYING GUIDANCE at step 45 (timestep=249)
🎯 GUIDANCE STEP 45 (t=249): Loss=0.5981, Rho=9.910534, Grad_norm=0.1009, Final_scale=99.1053
🚀 APPLYING GUIDANCE at step 46 (timestep=206)
🎯 GUIDANCE STEP 46 (t=206): Loss=0.5981, Rho=17.000849, Grad_norm=0.0588, Final_scale=170.0085
🚀 APPLYING GUIDANCE at step 47 (timestep=160)
🎯 GUIDANCE STEP 47 (t=160): Loss=0.5967, Rho=13.141189, Grad_norm=0.0761, Final_scale=131.4119
🚀 APPLYING GUIDANCE at step 48 (timestep=111)
🎯 GUIDANCE STEP 48 (t=111): Loss=0.5967, Rho=10.180581, Grad_norm=0.0982, Final_scale=101.8058
🚀 APPLYING GUIDANCE at step 49 (timestep=57)
🎯 GUIDANCE STEP 49 (t=57): Loss=0.5986, Rho=2.373375, Grad_norm=0.4213, Final_scale=23.7338
[guidance_f17_s50_w8c6_rho10.0_cfg5.0_0701_1658] Generated: generated_videos/subject_consistency/guidance_f17_s50_w8c6_rho10.0_cfg5.0_0701_1658/a_bear_sniffing_the_air_for_scents_of_food.mp4
[guidance_f17_s50_w8c6_rho10.0_cfg5.0_0701_1658] Generating video 2/9 (guidance): a bear climbing a tree
🎬 STARTING GUIDANCE PIPELINE GENERATION
   Frames: 17, Steps: 50, CFG Scale: 5.0

🔧 GUIDANCE PIPELINE CONFIGURATION:
   Guidance range: 0 - 1001
   Rho scale: 10.0
   V-JEPA kernel_size: 8
   V-JEPA context_length: 6
   V-JEPA stride: 2
   V-JEPA mode: max
   Total timesteps: 50

🚀 APPLYING GUIDANCE at step 0 (timestep=999)
🎯 GUIDANCE STEP 0 (t=999): Loss=0.5474, Rho=77.621910, Grad_norm=0.0129, Final_scale=776.2191
🚀 APPLYING GUIDANCE at step 1 (timestep=992)
🎯 GUIDANCE STEP 1 (t=992): Loss=0.5698, Rho=18.602783, Grad_norm=0.0538, Final_scale=186.0278
🚀 APPLYING GUIDANCE at step 2 (timestep=985)
🎯 GUIDANCE STEP 2 (t=985): Loss=0.5483, Rho=24.568884, Grad_norm=0.0407, Final_scale=245.6888
🚀 APPLYING GUIDANCE at step 3 (timestep=978)
🎯 GUIDANCE STEP 3 (t=978): Loss=0.5747, Rho=16.130932, Grad_norm=0.0620, Final_scale=161.3093
🚀 APPLYING GUIDANCE at step 4 (timestep=971)
🎯 GUIDANCE STEP 4 (t=971): Loss=0.5605, Rho=39.798420, Grad_norm=0.0251, Final_scale=397.9842
🚀 APPLYING GUIDANCE at step 5 (timestep=963)
🎯 GUIDANCE STEP 5 (t=963): Loss=0.5747, Rho=37.642998, Grad_norm=0.0266, Final_scale=376.4300
🚀 APPLYING GUIDANCE at step 6 (timestep=956)
🎯 GUIDANCE STEP 6 (t=956): Loss=0.5801, Rho=32.136257, Grad_norm=0.0311, Final_scale=321.3626
🚀 APPLYING GUIDANCE at step 7 (timestep=948)
🎯 GUIDANCE STEP 7 (t=948): Loss=0.5791, Rho=14.170792, Grad_norm=0.0706, Final_scale=141.7079
🚀 APPLYING GUIDANCE at step 8 (timestep=939)
🎯 GUIDANCE STEP 8 (t=939): Loss=0.5684, Rho=17.345568, Grad_norm=0.0577, Final_scale=173.4557
🚀 APPLYING GUIDANCE at step 9 (timestep=931)
🎯 GUIDANCE STEP 9 (t=931): Loss=0.5698, Rho=21.313261, Grad_norm=0.0469, Final_scale=213.1326
🚀 APPLYING GUIDANCE at step 10 (timestep=922)
🎯 GUIDANCE STEP 10 (t=922): Loss=0.5752, Rho=21.449039, Grad_norm=0.0466, Final_scale=214.4904
🚀 APPLYING GUIDANCE at step 11 (timestep=913)
🎯 GUIDANCE STEP 11 (t=913): Loss=0.5781, Rho=23.545935, Grad_norm=0.0425, Final_scale=235.4593
🚀 APPLYING GUIDANCE at step 12 (timestep=904)
🎯 GUIDANCE STEP 12 (t=904): Loss=0.5786, Rho=19.949436, Grad_norm=0.0501, Final_scale=199.4944
🚀 APPLYING GUIDANCE at step 13 (timestep=894)
🎯 GUIDANCE STEP 13 (t=894): Loss=0.5732, Rho=11.111848, Grad_norm=0.0900, Final_scale=111.1185
🚀 APPLYING GUIDANCE at step 14 (timestep=884)
🎯 GUIDANCE STEP 14 (t=884): Loss=0.5762, Rho=16.080393, Grad_norm=0.0622, Final_scale=160.8039
🚀 APPLYING GUIDANCE at step 15 (timestep=874)
🎯 GUIDANCE STEP 15 (t=874): Loss=0.5776, Rho=4.120138, Grad_norm=0.2427, Final_scale=41.2014
🚀 APPLYING GUIDANCE at step 16 (timestep=864)
🎯 GUIDANCE STEP 16 (t=864): Loss=0.5830, Rho=18.754799, Grad_norm=0.0533, Final_scale=187.5480
🚀 APPLYING GUIDANCE at step 17 (timestep=853)
🎯 GUIDANCE STEP 17 (t=853): Loss=0.5859, Rho=17.967949, Grad_norm=0.0557, Final_scale=179.6795
🚀 APPLYING GUIDANCE at step 18 (timestep=841)
🎯 GUIDANCE STEP 18 (t=841): Loss=0.5806, Rho=17.927113, Grad_norm=0.0558, Final_scale=179.2711
🚀 APPLYING GUIDANCE at step 19 (timestep=829)
🎯 GUIDANCE STEP 19 (t=829): Loss=0.5840, Rho=19.250128, Grad_norm=0.0519, Final_scale=192.5013
🚀 APPLYING GUIDANCE at step 20 (timestep=817)
🎯 GUIDANCE STEP 20 (t=817): Loss=0.5845, Rho=7.705966, Grad_norm=0.1298, Final_scale=77.0597
🚀 APPLYING GUIDANCE at step 21 (timestep=805)
🎯 GUIDANCE STEP 21 (t=805): Loss=0.5850, Rho=13.651024, Grad_norm=0.0733, Final_scale=136.5102
🚀 APPLYING GUIDANCE at step 22 (timestep=792)
🎯 GUIDANCE STEP 22 (t=792): Loss=0.5898, Rho=9.266641, Grad_norm=0.1079, Final_scale=92.6664
🚀 APPLYING GUIDANCE at step 23 (timestep=778)
🎯 GUIDANCE STEP 23 (t=778): Loss=0.5835, Rho=12.235320, Grad_norm=0.0817, Final_scale=122.3532
🚀 APPLYING GUIDANCE at step 24 (timestep=764)
🎯 GUIDANCE STEP 24 (t=764): Loss=0.5791, Rho=16.131609, Grad_norm=0.0620, Final_scale=161.3161
🚀 APPLYING GUIDANCE at step 25 (timestep=749)
🎯 GUIDANCE STEP 25 (t=749): Loss=0.5850, Rho=15.216410, Grad_norm=0.0657, Final_scale=152.1641
🚀 APPLYING GUIDANCE at step 26 (timestep=734)
🎯 GUIDANCE STEP 26 (t=734): Loss=0.5840, Rho=7.010475, Grad_norm=0.1426, Final_scale=70.1047
🚀 APPLYING GUIDANCE at step 27 (timestep=718)
🎯 GUIDANCE STEP 27 (t=718): Loss=0.5850, Rho=14.966950, Grad_norm=0.0668, Final_scale=149.6695
🚀 APPLYING GUIDANCE at step 28 (timestep=701)
🎯 GUIDANCE STEP 28 (t=701): Loss=0.5835, Rho=14.983756, Grad_norm=0.0667, Final_scale=149.8376
🚀 APPLYING GUIDANCE at step 29 (timestep=684)
🎯 GUIDANCE STEP 29 (t=684): Loss=0.5850, Rho=4.214037, Grad_norm=0.2373, Final_scale=42.1404
🚀 APPLYING GUIDANCE at step 30 (timestep=666)
🎯 GUIDANCE STEP 30 (t=666): Loss=0.5898, Rho=19.091637, Grad_norm=0.0524, Final_scale=190.9164
🚀 APPLYING GUIDANCE at step 31 (timestep=647)
🎯 GUIDANCE STEP 31 (t=647): Loss=0.5820, Rho=17.361399, Grad_norm=0.0576, Final_scale=173.6140
🚀 APPLYING GUIDANCE at step 32 (timestep=627)
🎯 GUIDANCE STEP 32 (t=627): Loss=0.5884, Rho=19.107883, Grad_norm=0.0523, Final_scale=191.0788
🚀 APPLYING GUIDANCE at step 33 (timestep=606)
🎯 GUIDANCE STEP 33 (t=606): Loss=0.5840, Rho=11.936759, Grad_norm=0.0838, Final_scale=119.3676
🚀 APPLYING GUIDANCE at step 34 (timestep=585)
🎯 GUIDANCE STEP 34 (t=585): Loss=0.5796, Rho=14.743067, Grad_norm=0.0678, Final_scale=147.4307
🚀 APPLYING GUIDANCE at step 35 (timestep=562)
🎯 GUIDANCE STEP 35 (t=562): Loss=0.5850, Rho=15.541151, Grad_norm=0.0643, Final_scale=155.4115
🚀 APPLYING GUIDANCE at step 36 (timestep=538)
🎯 GUIDANCE STEP 36 (t=538): Loss=0.5835, Rho=15.350913, Grad_norm=0.0651, Final_scale=153.5091
🚀 APPLYING GUIDANCE at step 37 (timestep=512)
🎯 GUIDANCE STEP 37 (t=512): Loss=0.5830, Rho=12.647461, Grad_norm=0.0791, Final_scale=126.4746
🚀 APPLYING GUIDANCE at step 38 (timestep=486)
🎯 GUIDANCE STEP 38 (t=486): Loss=0.5859, Rho=10.536646, Grad_norm=0.0949, Final_scale=105.3665
🚀 APPLYING GUIDANCE at step 39 (timestep=458)
🎯 GUIDANCE STEP 39 (t=458): Loss=0.5850, Rho=10.071207, Grad_norm=0.0993, Final_scale=100.7121
🚀 APPLYING GUIDANCE at step 40 (timestep=428)
🎯 GUIDANCE STEP 40 (t=428): Loss=0.5835, Rho=19.879025, Grad_norm=0.0503, Final_scale=198.7902
🚀 APPLYING GUIDANCE at step 41 (timestep=396)
🎯 GUIDANCE STEP 41 (t=396): Loss=0.5830, Rho=6.454651, Grad_norm=0.1549, Final_scale=64.5465
🚀 APPLYING GUIDANCE at step 42 (timestep=363)
🎯 GUIDANCE STEP 42 (t=363): Loss=0.5840, Rho=22.774170, Grad_norm=0.0439, Final_scale=227.7417
🚀 APPLYING GUIDANCE at step 43 (timestep=327)
🎯 GUIDANCE STEP 43 (t=327): Loss=0.5815, Rho=9.261496, Grad_norm=0.1080, Final_scale=92.6150
🚀 APPLYING GUIDANCE at step 44 (timestep=290)
🎯 GUIDANCE STEP 44 (t=290): Loss=0.5830, Rho=26.580063, Grad_norm=0.0376, Final_scale=265.8006
🚀 APPLYING GUIDANCE at step 45 (timestep=249)
🎯 GUIDANCE STEP 45 (t=249): Loss=0.5889, Rho=7.245719, Grad_norm=0.1380, Final_scale=72.4572
🚀 APPLYING GUIDANCE at step 46 (timestep=206)
🎯 GUIDANCE STEP 46 (t=206): Loss=0.5879, Rho=13.388986, Grad_norm=0.0747, Final_scale=133.8899
🚀 APPLYING GUIDANCE at step 47 (timestep=160)
🎯 GUIDANCE STEP 47 (t=160): Loss=0.5894, Rho=14.141353, Grad_norm=0.0707, Final_scale=141.4135
🚀 APPLYING GUIDANCE at step 48 (timestep=111)
🎯 GUIDANCE STEP 48 (t=111): Loss=0.5859, Rho=12.478464, Grad_norm=0.0801, Final_scale=124.7846
🚀 APPLYING GUIDANCE at step 49 (timestep=57)
🎯 GUIDANCE STEP 49 (t=57): Loss=0.5820, Rho=7.312651, Grad_norm=0.1367, Final_scale=73.1265
[guidance_f17_s50_w8c6_rho10.0_cfg5.0_0701_1658] Generated: generated_videos/subject_consistency/guidance_f17_s50_w8c6_rho10.0_cfg5.0_0701_1658/a_person_swimming_in_ocean.mp4
[guidance_f17_s50_w8c6_rho10.0_cfg5.0_0701_1658] Generating video 2/9 (guidance): a person giving a presentation to a room full of colleagues
🎬 STARTING GUIDANCE PIPELINE GENERATION
   Frames: 17, Steps: 50, CFG Scale: 5.0

🔧 GUIDANCE PIPELINE CONFIGURATION:
   Guidance range: 0 - 1001
   Rho scale: 10.0
   V-JEPA kernel_size: 8
   V-JEPA context_length: 6
   V-JEPA stride: 2
   V-JEPA mode: max
   Total timesteps: 50

🚀 APPLYING GUIDANCE at step 0 (timestep=999)
🎯 GUIDANCE STEP 0 (t=999): Loss=0.5483, Rho=18.759295, Grad_norm=0.0533, Final_scale=187.5929
🚀 APPLYING GUIDANCE at step 1 (timestep=992)
🎯 GUIDANCE STEP 1 (t=992): Loss=0.6050, Rho=10.657572, Grad_norm=0.0938, Final_scale=106.5757
🚀 APPLYING GUIDANCE at step 2 (timestep=985)
🎯 GUIDANCE STEP 2 (t=985): Loss=0.6035, Rho=4.311884, Grad_norm=0.2319, Final_scale=43.1188
🚀 APPLYING GUIDANCE at step 3 (timestep=978)
🎯 GUIDANCE STEP 3 (t=978): Loss=0.5859, Rho=21.049450, Grad_norm=0.0475, Final_scale=210.4945
🚀 APPLYING GUIDANCE at step 4 (timestep=971)
🎯 GUIDANCE STEP 4 (t=971): Loss=0.5869, Rho=25.976671, Grad_norm=0.0385, Final_scale=259.7667
🚀 APPLYING GUIDANCE at step 5 (timestep=963)
🎯 GUIDANCE STEP 5 (t=963): Loss=0.5791, Rho=15.432878, Grad_norm=0.0648, Final_scale=154.3288
🚀 APPLYING GUIDANCE at step 6 (timestep=956)
🎯 GUIDANCE STEP 6 (t=956): Loss=0.5894, Rho=16.942991, Grad_norm=0.0590, Final_scale=169.4299
🚀 APPLYING GUIDANCE at step 7 (timestep=948)
🎯 GUIDANCE STEP 7 (t=948): Loss=0.5913, Rho=23.995060, Grad_norm=0.0417, Final_scale=239.9506
🚀 APPLYING GUIDANCE at step 8 (timestep=939)
🎯 GUIDANCE STEP 8 (t=939): Loss=0.5894, Rho=15.769414, Grad_norm=0.0634, Final_scale=157.6941
🚀 APPLYING GUIDANCE at step 9 (timestep=931)
🎯 GUIDANCE STEP 9 (t=931): Loss=0.5923, Rho=9.926447, Grad_norm=0.1007, Final_scale=99.2645
🚀 APPLYING GUIDANCE at step 10 (timestep=922)
🎯 GUIDANCE STEP 10 (t=922): Loss=0.6064, Rho=11.588518, Grad_norm=0.0863, Final_scale=115.8852
🚀 APPLYING GUIDANCE at step 11 (timestep=913)
🎯 GUIDANCE STEP 11 (t=913): Loss=0.6030, Rho=8.928553, Grad_norm=0.1120, Final_scale=89.2855
🚀 APPLYING GUIDANCE at step 12 (timestep=904)
🎯 GUIDANCE STEP 12 (t=904): Loss=0.6011, Rho=10.593925, Grad_norm=0.0944, Final_scale=105.9392
🚀 APPLYING GUIDANCE at step 13 (timestep=894)
🎯 GUIDANCE STEP 13 (t=894): Loss=0.6021, Rho=9.468358, Grad_norm=0.1056, Final_scale=94.6836
🚀 APPLYING GUIDANCE at step 14 (timestep=884)
🎯 GUIDANCE STEP 14 (t=884): Loss=0.6006, Rho=7.440943, Grad_norm=0.1344, Final_scale=74.4094
🚀 APPLYING GUIDANCE at step 15 (timestep=874)
🎯 GUIDANCE STEP 15 (t=874): Loss=0.6157, Rho=5.012640, Grad_norm=0.1995, Final_scale=50.1264
🚀 APPLYING GUIDANCE at step 16 (timestep=864)
🎯 GUIDANCE STEP 16 (t=864): Loss=0.6226, Rho=10.555364, Grad_norm=0.0947, Final_scale=105.5536
🚀 APPLYING GUIDANCE at step 17 (timestep=853)
🎯 GUIDANCE STEP 17 (t=853): Loss=0.6226, Rho=17.174812, Grad_norm=0.0582, Final_scale=171.7481
🚀 APPLYING GUIDANCE at step 18 (timestep=841)
🎯 GUIDANCE STEP 18 (t=841): Loss=0.6206, Rho=14.069223, Grad_norm=0.0711, Final_scale=140.6922
🚀 APPLYING GUIDANCE at step 19 (timestep=829)
🎯 GUIDANCE STEP 19 (t=829): Loss=0.6157, Rho=16.272425, Grad_norm=0.0615, Final_scale=162.7242
🚀 APPLYING GUIDANCE at step 20 (timestep=817)
🎯 GUIDANCE STEP 20 (t=817): Loss=0.6133, Rho=9.970690, Grad_norm=0.1003, Final_scale=99.7069
🚀 APPLYING GUIDANCE at step 21 (timestep=805)
🎯 GUIDANCE STEP 21 (t=805): Loss=0.6157, Rho=17.563377, Grad_norm=0.0569, Final_scale=175.6338
🚀 APPLYING GUIDANCE at step 22 (timestep=792)
🎯 GUIDANCE STEP 22 (t=792): Loss=0.6152, Rho=9.440119, Grad_norm=0.1059, Final_scale=94.4012
🚀 APPLYING GUIDANCE at step 23 (timestep=778)
🎯 GUIDANCE STEP 23 (t=778): Loss=0.6147, Rho=10.507544, Grad_norm=0.0952, Final_scale=105.0754
🚀 APPLYING GUIDANCE at step 24 (timestep=764)
🎯 GUIDANCE STEP 24 (t=764): Loss=0.6094, Rho=13.670643, Grad_norm=0.0731, Final_scale=136.7064
🚀 APPLYING GUIDANCE at step 25 (timestep=749)
🎯 GUIDANCE STEP 25 (t=749): Loss=0.6084, Rho=19.456053, Grad_norm=0.0514, Final_scale=194.5605
🚀 APPLYING GUIDANCE at step 26 (timestep=734)
🎯 GUIDANCE STEP 26 (t=734): Loss=0.6084, Rho=12.919724, Grad_norm=0.0774, Final_scale=129.1972
🚀 APPLYING GUIDANCE at step 27 (timestep=718)
🎯 GUIDANCE STEP 27 (t=718): Loss=0.6104, Rho=13.953979, Grad_norm=0.0717, Final_scale=139.5398
🚀 APPLYING GUIDANCE at step 28 (timestep=701)
🎯 GUIDANCE STEP 28 (t=701): Loss=0.6060, Rho=18.768749, Grad_norm=0.0533, Final_scale=187.6875
🚀 APPLYING GUIDANCE at step 29 (timestep=684)
🎯 GUIDANCE STEP 29 (t=684): Loss=0.6069, Rho=7.685533, Grad_norm=0.1301, Final_scale=76.8553
🚀 APPLYING GUIDANCE at step 30 (timestep=666)
🎯 GUIDANCE STEP 30 (t=666): Loss=0.6094, Rho=16.502277, Grad_norm=0.0606, Final_scale=165.0228
🚀 APPLYING GUIDANCE at step 31 (timestep=647)
🎯 GUIDANCE STEP 31 (t=647): Loss=0.6133, Rho=14.167843, Grad_norm=0.0706, Final_scale=141.6784
🚀 APPLYING GUIDANCE at step 32 (timestep=627)
🎯 GUIDANCE STEP 32 (t=627): Loss=0.6128, Rho=17.678341, Grad_norm=0.0566, Final_scale=176.7834
🚀 APPLYING GUIDANCE at step 33 (timestep=606)
🎯 GUIDANCE STEP 33 (t=606): Loss=0.6079, Rho=21.826242, Grad_norm=0.0458, Final_scale=218.2624
🚀 APPLYING GUIDANCE at step 34 (timestep=585)
🎯 GUIDANCE STEP 34 (t=585): Loss=0.6118, Rho=7.532126, Grad_norm=0.1328, Final_scale=75.3213
🚀 APPLYING GUIDANCE at step 35 (timestep=562)
🎯 GUIDANCE STEP 35 (t=562): Loss=0.6113, Rho=21.998390, Grad_norm=0.0455, Final_scale=219.9839
🚀 APPLYING GUIDANCE at step 36 (timestep=538)
🎯 GUIDANCE STEP 36 (t=538): Loss=0.6128, Rho=33.347271, Grad_norm=0.0300, Final_scale=333.4727
🚀 APPLYING GUIDANCE at step 37 (timestep=512)
🎯 GUIDANCE STEP 37 (t=512): Loss=0.6118, Rho=27.837992, Grad_norm=0.0359, Final_scale=278.3799
🚀 APPLYING GUIDANCE at step 38 (timestep=486)
🎯 GUIDANCE STEP 38 (t=486): Loss=0.6113, Rho=18.651388, Grad_norm=0.0536, Final_scale=186.5139
🚀 APPLYING GUIDANCE at step 39 (timestep=458)
🎯 GUIDANCE STEP 39 (t=458): Loss=0.6099, Rho=16.995213, Grad_norm=0.0588, Final_scale=169.9521
🚀 APPLYING GUIDANCE at step 40 (timestep=428)
🎯 GUIDANCE STEP 40 (t=428): Loss=0.6147, Rho=24.038774, Grad_norm=0.0416, Final_scale=240.3877
🚀 APPLYING GUIDANCE at step 41 (timestep=396)
🎯 GUIDANCE STEP 41 (t=396): Loss=0.6113, Rho=19.712612, Grad_norm=0.0507, Final_scale=197.1261
🚀 APPLYING GUIDANCE at step 42 (timestep=363)
🎯 GUIDANCE STEP 42 (t=363): Loss=0.6128, Rho=11.674359, Grad_norm=0.0857, Final_scale=116.7436
🚀 APPLYING GUIDANCE at step 43 (timestep=327)
🎯 GUIDANCE STEP 43 (t=327): Loss=0.6099, Rho=26.262331, Grad_norm=0.0381, Final_scale=262.6233
🚀 APPLYING GUIDANCE at step 44 (timestep=290)
🎯 GUIDANCE STEP 44 (t=290): Loss=0.6094, Rho=31.964817, Grad_norm=0.0313, Final_scale=319.6482
🚀 APPLYING GUIDANCE at step 45 (timestep=249)
🎯 GUIDANCE STEP 45 (t=249): Loss=0.6128, Rho=20.027788, Grad_norm=0.0499, Final_scale=200.2779
🚀 APPLYING GUIDANCE at step 46 (timestep=206)
🎯 GUIDANCE STEP 46 (t=206): Loss=0.6069, Rho=33.713322, Grad_norm=0.0297, Final_scale=337.1332
🚀 APPLYING GUIDANCE at step 47 (timestep=160)
🎯 GUIDANCE STEP 47 (t=160): Loss=0.6040, Rho=30.359312, Grad_norm=0.0329, Final_scale=303.5931
🚀 APPLYING GUIDANCE at step 48 (timestep=111)
🎯 GUIDANCE STEP 48 (t=111): Loss=0.6016, Rho=58.053368, Grad_norm=0.0172, Final_scale=580.5337
🚀 APPLYING GUIDANCE at step 49 (timestep=57)
🎯 GUIDANCE STEP 49 (t=57): Loss=0.5986, Rho=27.464544, Grad_norm=0.0364, Final_scale=274.6454
[guidance_f17_s50_w8c6_rho10.0_cfg5.0_0701_1658] Generated: generated_videos/subject_consistency/guidance_f17_s50_w8c6_rho10.0_cfg5.0_0701_1658/a_motorcycle_gliding_through_a_snowy_field.mp4
[guidance_f17_s50_w8c6_rho10.0_cfg5.0_0701_1658] Generating video 2/9 (guidance): a motorcycle accelerating to gain speed
🎬 STARTING GUIDANCE PIPELINE GENERATION
   Frames: 17, Steps: 50, CFG Scale: 5.0

🔧 GUIDANCE PIPELINE CONFIGURATION:
   Guidance range: 0 - 1001
   Rho scale: 10.0
   V-JEPA kernel_size: 8
   V-JEPA context_length: 6
   V-JEPA stride: 2
   V-JEPA mode: max
   Total timesteps: 50

🚀 APPLYING GUIDANCE at step 0 (timestep=999)
🎯 GUIDANCE STEP 0 (t=999): Loss=0.5718, Rho=10.539645, Grad_norm=0.0949, Final_scale=105.3965
🚀 APPLYING GUIDANCE at step 1 (timestep=992)
🎯 GUIDANCE STEP 1 (t=992): Loss=0.5376, Rho=61.732178, Grad_norm=0.0162, Final_scale=617.3218
🚀 APPLYING GUIDANCE at step 2 (timestep=985)
🎯 GUIDANCE STEP 2 (t=985): Loss=0.5508, Rho=27.307020, Grad_norm=0.0366, Final_scale=273.0702
🚀 APPLYING GUIDANCE at step 3 (timestep=978)
🎯 GUIDANCE STEP 3 (t=978): Loss=0.5537, Rho=30.578533, Grad_norm=0.0327, Final_scale=305.7853
🚀 APPLYING GUIDANCE at step 4 (timestep=971)
🎯 GUIDANCE STEP 4 (t=971): Loss=0.5605, Rho=19.726591, Grad_norm=0.0507, Final_scale=197.2659
🚀 APPLYING GUIDANCE at step 5 (timestep=963)
🎯 GUIDANCE STEP 5 (t=963): Loss=0.5693, Rho=6.889717, Grad_norm=0.1451, Final_scale=68.8972
🚀 APPLYING GUIDANCE at step 6 (timestep=956)
🎯 GUIDANCE STEP 6 (t=956): Loss=0.5771, Rho=19.775999, Grad_norm=0.0506, Final_scale=197.7600
🚀 APPLYING GUIDANCE at step 7 (timestep=948)
🎯 GUIDANCE STEP 7 (t=948): Loss=0.5894, Rho=6.766150, Grad_norm=0.1478, Final_scale=67.6615
🚀 APPLYING GUIDANCE at step 8 (timestep=939)
🎯 GUIDANCE STEP 8 (t=939): Loss=0.5942, Rho=7.815276, Grad_norm=0.1280, Final_scale=78.1528
🚀 APPLYING GUIDANCE at step 9 (timestep=931)
🎯 GUIDANCE STEP 9 (t=931): Loss=0.5908, Rho=7.404721, Grad_norm=0.1350, Final_scale=74.0472
🚀 APPLYING GUIDANCE at step 10 (timestep=922)
🎯 GUIDANCE STEP 10 (t=922): Loss=0.5991, Rho=11.623559, Grad_norm=0.0860, Final_scale=116.2356
🚀 APPLYING GUIDANCE at step 11 (timestep=913)
🎯 GUIDANCE STEP 11 (t=913): Loss=0.5942, Rho=9.680409, Grad_norm=0.1033, Final_scale=96.8041
🚀 APPLYING GUIDANCE at step 12 (timestep=904)
🎯 GUIDANCE STEP 12 (t=904): Loss=0.5972, Rho=12.391598, Grad_norm=0.0807, Final_scale=123.9160
🚀 APPLYING GUIDANCE at step 13 (timestep=894)
🎯 GUIDANCE STEP 13 (t=894): Loss=0.5967, Rho=15.216279, Grad_norm=0.0657, Final_scale=152.1628
🚀 APPLYING GUIDANCE at step 14 (timestep=884)
🎯 GUIDANCE STEP 14 (t=884): Loss=0.5991, Rho=5.929356, Grad_norm=0.1687, Final_scale=59.2936
🚀 APPLYING GUIDANCE at step 15 (timestep=874)
🎯 GUIDANCE STEP 15 (t=874): Loss=0.5952, Rho=7.243736, Grad_norm=0.1381, Final_scale=72.4374
🚀 APPLYING GUIDANCE at step 16 (timestep=864)
🎯 GUIDANCE STEP 16 (t=864): Loss=0.5981, Rho=7.800774, Grad_norm=0.1282, Final_scale=78.0077
🚀 APPLYING GUIDANCE at step 17 (timestep=853)
🎯 GUIDANCE STEP 17 (t=853): Loss=0.5967, Rho=10.338693, Grad_norm=0.0967, Final_scale=103.3869
🚀 APPLYING GUIDANCE at step 18 (timestep=841)
🎯 GUIDANCE STEP 18 (t=841): Loss=0.6011, Rho=7.094256, Grad_norm=0.1410, Final_scale=70.9426
🚀 APPLYING GUIDANCE at step 19 (timestep=829)
🎯 GUIDANCE STEP 19 (t=829): Loss=0.5996, Rho=16.217173, Grad_norm=0.0617, Final_scale=162.1717
🚀 APPLYING GUIDANCE at step 20 (timestep=817)
🎯 GUIDANCE STEP 20 (t=817): Loss=0.5991, Rho=14.531863, Grad_norm=0.0688, Final_scale=145.3186
🚀 APPLYING GUIDANCE at step 21 (timestep=805)
🎯 GUIDANCE STEP 21 (t=805): Loss=0.5947, Rho=11.092346, Grad_norm=0.0902, Final_scale=110.9235
🚀 APPLYING GUIDANCE at step 22 (timestep=792)
🎯 GUIDANCE STEP 22 (t=792): Loss=0.5996, Rho=12.184181, Grad_norm=0.0821, Final_scale=121.8418
🚀 APPLYING GUIDANCE at step 23 (timestep=778)
🎯 GUIDANCE STEP 23 (t=778): Loss=0.5972, Rho=13.019386, Grad_norm=0.0768, Final_scale=130.1939
🚀 APPLYING GUIDANCE at step 24 (timestep=764)
🎯 GUIDANCE STEP 24 (t=764): Loss=0.5996, Rho=15.674434, Grad_norm=0.0638, Final_scale=156.7443
🚀 APPLYING GUIDANCE at step 25 (timestep=749)
🎯 GUIDANCE STEP 25 (t=749): Loss=0.5991, Rho=14.256858, Grad_norm=0.0701, Final_scale=142.5686
🚀 APPLYING GUIDANCE at step 26 (timestep=734)
🎯 GUIDANCE STEP 26 (t=734): Loss=0.6011, Rho=10.134688, Grad_norm=0.0987, Final_scale=101.3469
🚀 APPLYING GUIDANCE at step 27 (timestep=718)
🎯 GUIDANCE STEP 27 (t=718): Loss=0.6011, Rho=11.191424, Grad_norm=0.0894, Final_scale=111.9142
🚀 APPLYING GUIDANCE at step 28 (timestep=701)
🎯 GUIDANCE STEP 28 (t=701): Loss=0.6025, Rho=17.624947, Grad_norm=0.0567, Final_scale=176.2495
🚀 APPLYING GUIDANCE at step 29 (timestep=684)
🎯 GUIDANCE STEP 29 (t=684): Loss=0.5996, Rho=14.769123, Grad_norm=0.0677, Final_scale=147.6912
🚀 APPLYING GUIDANCE at step 30 (timestep=666)
🎯 GUIDANCE STEP 30 (t=666): Loss=0.5986, Rho=6.924565, Grad_norm=0.1444, Final_scale=69.2457
🚀 APPLYING GUIDANCE at step 31 (timestep=647)
🎯 GUIDANCE STEP 31 (t=647): Loss=0.5991, Rho=10.087511, Grad_norm=0.0991, Final_scale=100.8751
🚀 APPLYING GUIDANCE at step 32 (timestep=627)
🎯 GUIDANCE STEP 32 (t=627): Loss=0.5972, Rho=9.276302, Grad_norm=0.1078, Final_scale=92.7630
🚀 APPLYING GUIDANCE at step 33 (timestep=606)
🎯 GUIDANCE STEP 33 (t=606): Loss=0.5991, Rho=7.289629, Grad_norm=0.1372, Final_scale=72.8963
🚀 APPLYING GUIDANCE at step 34 (timestep=585)
🎯 GUIDANCE STEP 34 (t=585): Loss=0.6001, Rho=15.328032, Grad_norm=0.0652, Final_scale=153.2803
🚀 APPLYING GUIDANCE at step 35 (timestep=562)
🎯 GUIDANCE STEP 35 (t=562): Loss=0.6035, Rho=27.758879, Grad_norm=0.0360, Final_scale=277.5888
🚀 APPLYING GUIDANCE at step 36 (timestep=538)
🎯 GUIDANCE STEP 36 (t=538): Loss=0.6011, Rho=30.705784, Grad_norm=0.0326, Final_scale=307.0578
🚀 APPLYING GUIDANCE at step 37 (timestep=512)
🎯 GUIDANCE STEP 37 (t=512): Loss=0.5991, Rho=23.278854, Grad_norm=0.0430, Final_scale=232.7885
🚀 APPLYING GUIDANCE at step 38 (timestep=486)
🎯 GUIDANCE STEP 38 (t=486): Loss=0.5996, Rho=12.855413, Grad_norm=0.0778, Final_scale=128.5541
🚀 APPLYING GUIDANCE at step 39 (timestep=458)
🎯 GUIDANCE STEP 39 (t=458): Loss=0.6025, Rho=30.861944, Grad_norm=0.0324, Final_scale=308.6194
🚀 APPLYING GUIDANCE at step 40 (timestep=428)
🎯 GUIDANCE STEP 40 (t=428): Loss=0.5981, Rho=7.023857, Grad_norm=0.1424, Final_scale=70.2386
🚀 APPLYING GUIDANCE at step 41 (timestep=396)
🎯 GUIDANCE STEP 41 (t=396): Loss=0.5967, Rho=20.169333, Grad_norm=0.0496, Final_scale=201.6933
🚀 APPLYING GUIDANCE at step 42 (timestep=363)
🎯 GUIDANCE STEP 42 (t=363): Loss=0.5991, Rho=20.647146, Grad_norm=0.0484, Final_scale=206.4715
🚀 APPLYING GUIDANCE at step 43 (timestep=327)
🎯 GUIDANCE STEP 43 (t=327): Loss=0.6006, Rho=26.113482, Grad_norm=0.0383, Final_scale=261.1348
🚀 APPLYING GUIDANCE at step 44 (timestep=290)
🎯 GUIDANCE STEP 44 (t=290): Loss=0.5928, Rho=6.872541, Grad_norm=0.1455, Final_scale=68.7254
🚀 APPLYING GUIDANCE at step 45 (timestep=249)
🎯 GUIDANCE STEP 45 (t=249): Loss=0.5952, Rho=12.916618, Grad_norm=0.0774, Final_scale=129.1662
🚀 APPLYING GUIDANCE at step 46 (timestep=206)
🎯 GUIDANCE STEP 46 (t=206): Loss=0.5977, Rho=23.616848, Grad_norm=0.0423, Final_scale=236.1685
🚀 APPLYING GUIDANCE at step 47 (timestep=160)
🎯 GUIDANCE STEP 47 (t=160): Loss=0.5923, Rho=25.434858, Grad_norm=0.0393, Final_scale=254.3486
🚀 APPLYING GUIDANCE at step 48 (timestep=111)
🎯 GUIDANCE STEP 48 (t=111): Loss=0.5913, Rho=16.601786, Grad_norm=0.0602, Final_scale=166.0179
🚀 APPLYING GUIDANCE at step 49 (timestep=57)
🎯 GUIDANCE STEP 49 (t=57): Loss=0.5947, Rho=12.345598, Grad_norm=0.0810, Final_scale=123.4560
[guidance_f17_s50_w8c6_rho10.0_cfg5.0_0701_1658] Generated: generated_videos/subject_consistency/guidance_f17_s50_w8c6_rho10.0_cfg5.0_0701_1658/a_train_crossing_over_a_tall_bridge.mp4
[guidance_f17_s50_w8c6_rho10.0_cfg5.0_0701_1658] Generating video 3/9 (guidance): a train accelerating to gain speed
🎬 STARTING GUIDANCE PIPELINE GENERATION
   Frames: 17, Steps: 50, CFG Scale: 5.0

🔧 GUIDANCE PIPELINE CONFIGURATION:
   Guidance range: 0 - 1001
   Rho scale: 10.0
   V-JEPA kernel_size: 8
   V-JEPA context_length: 6
   V-JEPA stride: 2
   V-JEPA mode: max
   Total timesteps: 50

🚀 APPLYING GUIDANCE at step 0 (timestep=999)
🎯 GUIDANCE STEP 0 (t=999): Loss=0.5527, Rho=27.445709, Grad_norm=0.0364, Final_scale=274.4571
🚀 APPLYING GUIDANCE at step 1 (timestep=992)
🎯 GUIDANCE STEP 1 (t=992): Loss=0.5693, Rho=17.485075, Grad_norm=0.0572, Final_scale=174.8507
🚀 APPLYING GUIDANCE at step 2 (timestep=985)
🎯 GUIDANCE STEP 2 (t=985): Loss=0.5396, Rho=8.578990, Grad_norm=0.1166, Final_scale=85.7899
🚀 APPLYING GUIDANCE at step 3 (timestep=978)
🎯 GUIDANCE STEP 3 (t=978): Loss=0.5684, Rho=21.691126, Grad_norm=0.0461, Final_scale=216.9113
🚀 APPLYING GUIDANCE at step 4 (timestep=971)
🎯 GUIDANCE STEP 4 (t=971): Loss=0.5718, Rho=24.679295, Grad_norm=0.0405, Final_scale=246.7929
🚀 APPLYING GUIDANCE at step 5 (timestep=963)
🎯 GUIDANCE STEP 5 (t=963): Loss=0.5703, Rho=16.068930, Grad_norm=0.0622, Final_scale=160.6893
🚀 APPLYING GUIDANCE at step 6 (timestep=956)
🎯 GUIDANCE STEP 6 (t=956): Loss=0.5786, Rho=17.661812, Grad_norm=0.0566, Final_scale=176.6181
🚀 APPLYING GUIDANCE at step 7 (timestep=948)
🎯 GUIDANCE STEP 7 (t=948): Loss=0.5845, Rho=11.925445, Grad_norm=0.0839, Final_scale=119.2544
🚀 APPLYING GUIDANCE at step 8 (timestep=939)
🎯 GUIDANCE STEP 8 (t=939): Loss=0.5898, Rho=16.896446, Grad_norm=0.0592, Final_scale=168.9645
🚀 APPLYING GUIDANCE at step 9 (timestep=931)
🎯 GUIDANCE STEP 9 (t=931): Loss=0.5908, Rho=7.121421, Grad_norm=0.1404, Final_scale=71.2142
🚀 APPLYING GUIDANCE at step 10 (timestep=922)
🎯 GUIDANCE STEP 10 (t=922): Loss=0.5981, Rho=12.367114, Grad_norm=0.0809, Final_scale=123.6711
🚀 APPLYING GUIDANCE at step 11 (timestep=913)
🎯 GUIDANCE STEP 11 (t=913): Loss=0.5947, Rho=9.807899, Grad_norm=0.1020, Final_scale=98.0790
🚀 APPLYING GUIDANCE at step 12 (timestep=904)
🎯 GUIDANCE STEP 12 (t=904): Loss=0.5923, Rho=5.553944, Grad_norm=0.1801, Final_scale=55.5394
🚀 APPLYING GUIDANCE at step 13 (timestep=894)
🎯 GUIDANCE STEP 13 (t=894): Loss=0.5962, Rho=14.325519, Grad_norm=0.0698, Final_scale=143.2552
🚀 APPLYING GUIDANCE at step 14 (timestep=884)
🎯 GUIDANCE STEP 14 (t=884): Loss=0.5938, Rho=13.152965, Grad_norm=0.0760, Final_scale=131.5296
🚀 APPLYING GUIDANCE at step 15 (timestep=874)
🎯 GUIDANCE STEP 15 (t=874): Loss=0.5933, Rho=12.764571, Grad_norm=0.0783, Final_scale=127.6457
🚀 APPLYING GUIDANCE at step 16 (timestep=864)
🎯 GUIDANCE STEP 16 (t=864): Loss=0.5908, Rho=7.291855, Grad_norm=0.1371, Final_scale=72.9185
🚀 APPLYING GUIDANCE at step 17 (timestep=853)
🎯 GUIDANCE STEP 17 (t=853): Loss=0.5981, Rho=8.821979, Grad_norm=0.1134, Final_scale=88.2198
🚀 APPLYING GUIDANCE at step 18 (timestep=841)
🎯 GUIDANCE STEP 18 (t=841): Loss=0.5981, Rho=8.687331, Grad_norm=0.1151, Final_scale=86.8733
🚀 APPLYING GUIDANCE at step 19 (timestep=829)
🎯 GUIDANCE STEP 19 (t=829): Loss=0.5894, Rho=6.191747, Grad_norm=0.1615, Final_scale=61.9175
🚀 APPLYING GUIDANCE at step 20 (timestep=817)
🎯 GUIDANCE STEP 20 (t=817): Loss=0.5942, Rho=6.204145, Grad_norm=0.1612, Final_scale=62.0415
🚀 APPLYING GUIDANCE at step 21 (timestep=805)
🎯 GUIDANCE STEP 21 (t=805): Loss=0.5928, Rho=11.766574, Grad_norm=0.0850, Final_scale=117.6657
🚀 APPLYING GUIDANCE at step 22 (timestep=792)
🎯 GUIDANCE STEP 22 (t=792): Loss=0.5947, Rho=9.720953, Grad_norm=0.1029, Final_scale=97.2095
🚀 APPLYING GUIDANCE at step 23 (timestep=778)
🎯 GUIDANCE STEP 23 (t=778): Loss=0.5957, Rho=6.621914, Grad_norm=0.1510, Final_scale=66.2191
🚀 APPLYING GUIDANCE at step 24 (timestep=764)
🎯 GUIDANCE STEP 24 (t=764): Loss=0.5903, Rho=7.188326, Grad_norm=0.1391, Final_scale=71.8833
🚀 APPLYING GUIDANCE at step 25 (timestep=749)
🎯 GUIDANCE STEP 25 (t=749): Loss=0.5923, Rho=8.973378, Grad_norm=0.1114, Final_scale=89.7338
🚀 APPLYING GUIDANCE at step 26 (timestep=734)
🎯 GUIDANCE STEP 26 (t=734): Loss=0.5908, Rho=9.664722, Grad_norm=0.1035, Final_scale=96.6472
🚀 APPLYING GUIDANCE at step 27 (timestep=718)
🎯 GUIDANCE STEP 27 (t=718): Loss=0.5938, Rho=8.933019, Grad_norm=0.1119, Final_scale=89.3302
🚀 APPLYING GUIDANCE at step 28 (timestep=701)
🎯 GUIDANCE STEP 28 (t=701): Loss=0.5928, Rho=9.851748, Grad_norm=0.1015, Final_scale=98.5175
🚀 APPLYING GUIDANCE at step 29 (timestep=684)
🎯 GUIDANCE STEP 29 (t=684): Loss=0.5928, Rho=2.882250, Grad_norm=0.3470, Final_scale=28.8225
🚀 APPLYING GUIDANCE at step 30 (timestep=666)
🎯 GUIDANCE STEP 30 (t=666): Loss=0.5952, Rho=3.909158, Grad_norm=0.2558, Final_scale=39.0916
🚀 APPLYING GUIDANCE at step 31 (timestep=647)
🎯 GUIDANCE STEP 31 (t=647): Loss=0.5913, Rho=9.977635, Grad_norm=0.1002, Final_scale=99.7764
🚀 APPLYING GUIDANCE at step 32 (timestep=627)
🎯 GUIDANCE STEP 32 (t=627): Loss=0.5957, Rho=5.701565, Grad_norm=0.1754, Final_scale=57.0156
🚀 APPLYING GUIDANCE at step 33 (timestep=606)
🎯 GUIDANCE STEP 33 (t=606): Loss=0.5918, Rho=8.448918, Grad_norm=0.1184, Final_scale=84.4892
🚀 APPLYING GUIDANCE at step 34 (timestep=585)
🎯 GUIDANCE STEP 34 (t=585): Loss=0.5908, Rho=9.927250, Grad_norm=0.1007, Final_scale=99.2725
🚀 APPLYING GUIDANCE at step 35 (timestep=562)
🎯 GUIDANCE STEP 35 (t=562): Loss=0.5918, Rho=3.431231, Grad_norm=0.2914, Final_scale=34.3123
🚀 APPLYING GUIDANCE at step 36 (timestep=538)
🎯 GUIDANCE STEP 36 (t=538): Loss=0.5952, Rho=9.629864, Grad_norm=0.1038, Final_scale=96.2986
🚀 APPLYING GUIDANCE at step 37 (timestep=512)
🎯 GUIDANCE STEP 37 (t=512): Loss=0.5918, Rho=11.441972, Grad_norm=0.0874, Final_scale=114.4197
🚀 APPLYING GUIDANCE at step 38 (timestep=486)
🎯 GUIDANCE STEP 38 (t=486): Loss=0.5923, Rho=4.582410, Grad_norm=0.2182, Final_scale=45.8241
🚀 APPLYING GUIDANCE at step 39 (timestep=458)
🎯 GUIDANCE STEP 39 (t=458): Loss=0.5957, Rho=9.612468, Grad_norm=0.1040, Final_scale=96.1247
🚀 APPLYING GUIDANCE at step 40 (timestep=428)
🎯 GUIDANCE STEP 40 (t=428): Loss=0.5903, Rho=11.269579, Grad_norm=0.0887, Final_scale=112.6958
🚀 APPLYING GUIDANCE at step 41 (timestep=396)
🎯 GUIDANCE STEP 41 (t=396): Loss=0.5952, Rho=8.253872, Grad_norm=0.1212, Final_scale=82.5387
🚀 APPLYING GUIDANCE at step 42 (timestep=363)
🎯 GUIDANCE STEP 42 (t=363): Loss=0.5913, Rho=12.607271, Grad_norm=0.0793, Final_scale=126.0727
🚀 APPLYING GUIDANCE at step 43 (timestep=327)
🎯 GUIDANCE STEP 43 (t=327): Loss=0.5913, Rho=9.532150, Grad_norm=0.1049, Final_scale=95.3215
🚀 APPLYING GUIDANCE at step 44 (timestep=290)
🎯 GUIDANCE STEP 44 (t=290): Loss=0.5928, Rho=11.995733, Grad_norm=0.0834, Final_scale=119.9573
🚀 APPLYING GUIDANCE at step 45 (timestep=249)
🎯 GUIDANCE STEP 45 (t=249): Loss=0.5923, Rho=4.206860, Grad_norm=0.2377, Final_scale=42.0686
🚀 APPLYING GUIDANCE at step 46 (timestep=206)
🎯 GUIDANCE STEP 46 (t=206): Loss=0.5913, Rho=1.967061, Grad_norm=0.5084, Final_scale=19.6706
🚀 APPLYING GUIDANCE at step 47 (timestep=160)
🎯 GUIDANCE STEP 47 (t=160): Loss=0.5898, Rho=12.372174, Grad_norm=0.0808, Final_scale=123.7217
🚀 APPLYING GUIDANCE at step 48 (timestep=111)
🎯 GUIDANCE STEP 48 (t=111): Loss=0.5874, Rho=7.208480, Grad_norm=0.1387, Final_scale=72.0848
🚀 APPLYING GUIDANCE at step 49 (timestep=57)
🎯 GUIDANCE STEP 49 (t=57): Loss=0.5884, Rho=10.115535, Grad_norm=0.0989, Final_scale=101.1553
[guidance_f17_s50_w8c6_rho10.0_cfg5.0_0701_1658] Generated: generated_videos/subject_consistency/guidance_f17_s50_w8c6_rho10.0_cfg5.0_0701_1658/a_boat_accelerating_to_gain_speed.mp4
[guidance_f17_s50_w8c6_rho10.0_cfg5.0_0701_1658] Generating video 3/9 (guidance): a bird soaring gracefully in the sky
🎬 STARTING GUIDANCE PIPELINE GENERATION
   Frames: 17, Steps: 50, CFG Scale: 5.0

🔧 GUIDANCE PIPELINE CONFIGURATION:
   Guidance range: 0 - 1001
   Rho scale: 10.0
   V-JEPA kernel_size: 8
   V-JEPA context_length: 6
   V-JEPA stride: 2
   V-JEPA mode: max
   Total timesteps: 50

🚀 APPLYING GUIDANCE at step 0 (timestep=999)
🎯 GUIDANCE STEP 0 (t=999): Loss=0.5645, Rho=6.912604, Grad_norm=0.1447, Final_scale=69.1260
🚀 APPLYING GUIDANCE at step 1 (timestep=992)
🎯 GUIDANCE STEP 1 (t=992): Loss=0.5361, Rho=26.556269, Grad_norm=0.0377, Final_scale=265.5627
🚀 APPLYING GUIDANCE at step 2 (timestep=985)
🎯 GUIDANCE STEP 2 (t=985): Loss=0.5464, Rho=41.125217, Grad_norm=0.0243, Final_scale=411.2522
🚀 APPLYING GUIDANCE at step 3 (timestep=978)
🎯 GUIDANCE STEP 3 (t=978): Loss=0.5381, Rho=25.299969, Grad_norm=0.0395, Final_scale=252.9997
🚀 APPLYING GUIDANCE at step 4 (timestep=971)
🎯 GUIDANCE STEP 4 (t=971): Loss=0.5400, Rho=21.309475, Grad_norm=0.0469, Final_scale=213.0947
🚀 APPLYING GUIDANCE at step 5 (timestep=963)
🎯 GUIDANCE STEP 5 (t=963): Loss=0.5449, Rho=31.431862, Grad_norm=0.0318, Final_scale=314.3186
🚀 APPLYING GUIDANCE at step 6 (timestep=956)
🎯 GUIDANCE STEP 6 (t=956): Loss=0.5483, Rho=30.586704, Grad_norm=0.0327, Final_scale=305.8670
🚀 APPLYING GUIDANCE at step 7 (timestep=948)
🎯 GUIDANCE STEP 7 (t=948): Loss=0.5537, Rho=37.370239, Grad_norm=0.0268, Final_scale=373.7024
🚀 APPLYING GUIDANCE at step 8 (timestep=939)
🎯 GUIDANCE STEP 8 (t=939): Loss=0.5552, Rho=25.206575, Grad_norm=0.0397, Final_scale=252.0658
🚀 APPLYING GUIDANCE at step 9 (timestep=931)
🎯 GUIDANCE STEP 9 (t=931): Loss=0.5640, Rho=25.232805, Grad_norm=0.0396, Final_scale=252.3281
🚀 APPLYING GUIDANCE at step 10 (timestep=922)
🎯 GUIDANCE STEP 10 (t=922): Loss=0.5723, Rho=20.371258, Grad_norm=0.0491, Final_scale=203.7126
🚀 APPLYING GUIDANCE at step 11 (timestep=913)
🎯 GUIDANCE STEP 11 (t=913): Loss=0.5771, Rho=17.295315, Grad_norm=0.0578, Final_scale=172.9531
🚀 APPLYING GUIDANCE at step 12 (timestep=904)
🎯 GUIDANCE STEP 12 (t=904): Loss=0.5952, Rho=9.697512, Grad_norm=0.1031, Final_scale=96.9751
🚀 APPLYING GUIDANCE at step 13 (timestep=894)
🎯 GUIDANCE STEP 13 (t=894): Loss=0.5996, Rho=9.930165, Grad_norm=0.1007, Final_scale=99.3017
🚀 APPLYING GUIDANCE at step 14 (timestep=884)
🎯 GUIDANCE STEP 14 (t=884): Loss=0.5918, Rho=7.150135, Grad_norm=0.1399, Final_scale=71.5014
🚀 APPLYING GUIDANCE at step 15 (timestep=874)
🎯 GUIDANCE STEP 15 (t=874): Loss=0.6030, Rho=9.571286, Grad_norm=0.1045, Final_scale=95.7129
🚀 APPLYING GUIDANCE at step 16 (timestep=864)
🎯 GUIDANCE STEP 16 (t=864): Loss=0.5977, Rho=9.559155, Grad_norm=0.1046, Final_scale=95.5916
🚀 APPLYING GUIDANCE at step 17 (timestep=853)
🎯 GUIDANCE STEP 17 (t=853): Loss=0.6025, Rho=8.536466, Grad_norm=0.1171, Final_scale=85.3647
🚀 APPLYING GUIDANCE at step 18 (timestep=841)
🎯 GUIDANCE STEP 18 (t=841): Loss=0.6035, Rho=7.522421, Grad_norm=0.1329, Final_scale=75.2242
🚀 APPLYING GUIDANCE at step 19 (timestep=829)
🎯 GUIDANCE STEP 19 (t=829): Loss=0.6064, Rho=7.985337, Grad_norm=0.1252, Final_scale=79.8534
🚀 APPLYING GUIDANCE at step 20 (timestep=817)
🎯 GUIDANCE STEP 20 (t=817): Loss=0.6089, Rho=8.714935, Grad_norm=0.1147, Final_scale=87.1494
🚀 APPLYING GUIDANCE at step 21 (timestep=805)
🎯 GUIDANCE STEP 21 (t=805): Loss=0.6074, Rho=7.418298, Grad_norm=0.1348, Final_scale=74.1830
🚀 APPLYING GUIDANCE at step 22 (timestep=792)
🎯 GUIDANCE STEP 22 (t=792): Loss=0.6001, Rho=2.863969, Grad_norm=0.3492, Final_scale=28.6397
🚀 APPLYING GUIDANCE at step 23 (timestep=778)
🎯 GUIDANCE STEP 23 (t=778): Loss=0.6152, Rho=5.634058, Grad_norm=0.1775, Final_scale=56.3406
🚀 APPLYING GUIDANCE at step 24 (timestep=764)
🎯 GUIDANCE STEP 24 (t=764): Loss=0.6064, Rho=5.212193, Grad_norm=0.1919, Final_scale=52.1219
🚀 APPLYING GUIDANCE at step 25 (timestep=749)
🎯 GUIDANCE STEP 25 (t=749): Loss=0.6011, Rho=6.808784, Grad_norm=0.1469, Final_scale=68.0878
🚀 APPLYING GUIDANCE at step 26 (timestep=734)
🎯 GUIDANCE STEP 26 (t=734): Loss=0.6045, Rho=7.709293, Grad_norm=0.1297, Final_scale=77.0929
🚀 APPLYING GUIDANCE at step 27 (timestep=718)
🎯 GUIDANCE STEP 27 (t=718): Loss=0.6089, Rho=11.369172, Grad_norm=0.0880, Final_scale=113.6917
🚀 APPLYING GUIDANCE at step 28 (timestep=701)
🎯 GUIDANCE STEP 28 (t=701): Loss=0.6021, Rho=6.484645, Grad_norm=0.1542, Final_scale=64.8464
🚀 APPLYING GUIDANCE at step 29 (timestep=684)
🎯 GUIDANCE STEP 29 (t=684): Loss=0.6035, Rho=5.747589, Grad_norm=0.1740, Final_scale=57.4759
🚀 APPLYING GUIDANCE at step 30 (timestep=666)
🎯 GUIDANCE STEP 30 (t=666): Loss=0.6045, Rho=5.636299, Grad_norm=0.1774, Final_scale=56.3630
🚀 APPLYING GUIDANCE at step 31 (timestep=647)
🎯 GUIDANCE STEP 31 (t=647): Loss=0.6050, Rho=13.117898, Grad_norm=0.0762, Final_scale=131.1790
🚀 APPLYING GUIDANCE at step 32 (timestep=627)
🎯 GUIDANCE STEP 32 (t=627): Loss=0.6045, Rho=9.816796, Grad_norm=0.1019, Final_scale=98.1680
🚀 APPLYING GUIDANCE at step 33 (timestep=606)
🎯 GUIDANCE STEP 33 (t=606): Loss=0.6040, Rho=8.058704, Grad_norm=0.1241, Final_scale=80.5870
🚀 APPLYING GUIDANCE at step 34 (timestep=585)
🎯 GUIDANCE STEP 34 (t=585): Loss=0.5996, Rho=9.590553, Grad_norm=0.1043, Final_scale=95.9055
🚀 APPLYING GUIDANCE at step 35 (timestep=562)
🎯 GUIDANCE STEP 35 (t=562): Loss=0.5991, Rho=2.016349, Grad_norm=0.4959, Final_scale=20.1635
🚀 APPLYING GUIDANCE at step 36 (timestep=538)
🎯 GUIDANCE STEP 36 (t=538): Loss=0.5991, Rho=12.414809, Grad_norm=0.0805, Final_scale=124.1481
🚀 APPLYING GUIDANCE at step 37 (timestep=512)
🎯 GUIDANCE STEP 37 (t=512): Loss=0.5996, Rho=8.066691, Grad_norm=0.1240, Final_scale=80.6669
🚀 APPLYING GUIDANCE at step 38 (timestep=486)
🎯 GUIDANCE STEP 38 (t=486): Loss=0.5986, Rho=18.274315, Grad_norm=0.0547, Final_scale=182.7431
🚀 APPLYING GUIDANCE at step 39 (timestep=458)
🎯 GUIDANCE STEP 39 (t=458): Loss=0.5986, Rho=10.866671, Grad_norm=0.0920, Final_scale=108.6667
🚀 APPLYING GUIDANCE at step 40 (timestep=428)
🎯 GUIDANCE STEP 40 (t=428): Loss=0.5986, Rho=8.263031, Grad_norm=0.1210, Final_scale=82.6303
🚀 APPLYING GUIDANCE at step 41 (timestep=396)
🎯 GUIDANCE STEP 41 (t=396): Loss=0.5996, Rho=13.431256, Grad_norm=0.0745, Final_scale=134.3126
🚀 APPLYING GUIDANCE at step 42 (timestep=363)
🎯 GUIDANCE STEP 42 (t=363): Loss=0.6006, Rho=17.112217, Grad_norm=0.0584, Final_scale=171.1222
🚀 APPLYING GUIDANCE at step 43 (timestep=327)
🎯 GUIDANCE STEP 43 (t=327): Loss=0.5991, Rho=10.213631, Grad_norm=0.0979, Final_scale=102.1363
🚀 APPLYING GUIDANCE at step 44 (timestep=290)
🎯 GUIDANCE STEP 44 (t=290): Loss=0.5981, Rho=17.578882, Grad_norm=0.0569, Final_scale=175.7888
🚀 APPLYING GUIDANCE at step 45 (timestep=249)
🎯 GUIDANCE STEP 45 (t=249): Loss=0.6011, Rho=14.833594, Grad_norm=0.0674, Final_scale=148.3359
🚀 APPLYING GUIDANCE at step 46 (timestep=206)
🎯 GUIDANCE STEP 46 (t=206): Loss=0.5957, Rho=21.972031, Grad_norm=0.0455, Final_scale=219.7203
🚀 APPLYING GUIDANCE at step 47 (timestep=160)
🎯 GUIDANCE STEP 47 (t=160): Loss=0.6006, Rho=8.512774, Grad_norm=0.1175, Final_scale=85.1277
🚀 APPLYING GUIDANCE at step 48 (timestep=111)
🎯 GUIDANCE STEP 48 (t=111): Loss=0.5933, Rho=26.462154, Grad_norm=0.0378, Final_scale=264.6215
🚀 APPLYING GUIDANCE at step 49 (timestep=57)
🎯 GUIDANCE STEP 49 (t=57): Loss=0.5903, Rho=18.129568, Grad_norm=0.0552, Final_scale=181.2957
[guidance_f17_s50_w8c6_rho10.0_cfg5.0_0701_1658] Generated: generated_videos/subject_consistency/guidance_f17_s50_w8c6_rho10.0_cfg5.0_0701_1658/a_sheep_running_to_join_a_herd_of_its_kind.mp4
[guidance_f17_s50_w8c6_rho10.0_cfg5.0_0701_1658] Generating video 3/9 (guidance): a cow bending down to drink water from a river
🎬 STARTING GUIDANCE PIPELINE GENERATION
   Frames: 17, Steps: 50, CFG Scale: 5.0

🔧 GUIDANCE PIPELINE CONFIGURATION:
   Guidance range: 0 - 1001
   Rho scale: 10.0
   V-JEPA kernel_size: 8
   V-JEPA context_length: 6
   V-JEPA stride: 2
   V-JEPA mode: max
   Total timesteps: 50

🚀 APPLYING GUIDANCE at step 0 (timestep=999)
🎯 GUIDANCE STEP 0 (t=999): Loss=0.5435, Rho=16.603334, Grad_norm=0.0602, Final_scale=166.0333
🚀 APPLYING GUIDANCE at step 1 (timestep=992)
🎯 GUIDANCE STEP 1 (t=992): Loss=0.5298, Rho=19.360985, Grad_norm=0.0517, Final_scale=193.6098
🚀 APPLYING GUIDANCE at step 2 (timestep=985)
🎯 GUIDANCE STEP 2 (t=985): Loss=0.5591, Rho=19.677177, Grad_norm=0.0508, Final_scale=196.7718
🚀 APPLYING GUIDANCE at step 3 (timestep=978)
🎯 GUIDANCE STEP 3 (t=978): Loss=0.5522, Rho=30.671383, Grad_norm=0.0326, Final_scale=306.7138
🚀 APPLYING GUIDANCE at step 4 (timestep=971)
🎯 GUIDANCE STEP 4 (t=971): Loss=0.5869, Rho=18.012003, Grad_norm=0.0555, Final_scale=180.1200
🚀 APPLYING GUIDANCE at step 5 (timestep=963)
🎯 GUIDANCE STEP 5 (t=963): Loss=0.5889, Rho=21.812756, Grad_norm=0.0458, Final_scale=218.1276
🚀 APPLYING GUIDANCE at step 6 (timestep=956)
🎯 GUIDANCE STEP 6 (t=956): Loss=0.5859, Rho=17.247618, Grad_norm=0.0580, Final_scale=172.4762
🚀 APPLYING GUIDANCE at step 7 (timestep=948)
🎯 GUIDANCE STEP 7 (t=948): Loss=0.6074, Rho=9.710425, Grad_norm=0.1030, Final_scale=97.1043
🚀 APPLYING GUIDANCE at step 8 (timestep=939)
🎯 GUIDANCE STEP 8 (t=939): Loss=0.6099, Rho=10.706202, Grad_norm=0.0934, Final_scale=107.0620
🚀 APPLYING GUIDANCE at step 9 (timestep=931)
🎯 GUIDANCE STEP 9 (t=931): Loss=0.6040, Rho=6.718980, Grad_norm=0.1488, Final_scale=67.1898
🚀 APPLYING GUIDANCE at step 10 (timestep=922)
🎯 GUIDANCE STEP 10 (t=922): Loss=0.6099, Rho=10.041203, Grad_norm=0.0996, Final_scale=100.4120
🚀 APPLYING GUIDANCE at step 11 (timestep=913)
🎯 GUIDANCE STEP 11 (t=913): Loss=0.6143, Rho=4.983728, Grad_norm=0.2007, Final_scale=49.8373
🚀 APPLYING GUIDANCE at step 12 (timestep=904)
🎯 GUIDANCE STEP 12 (t=904): Loss=0.6118, Rho=7.399298, Grad_norm=0.1351, Final_scale=73.9930
🚀 APPLYING GUIDANCE at step 13 (timestep=894)
🎯 GUIDANCE STEP 13 (t=894): Loss=0.6084, Rho=6.858346, Grad_norm=0.1458, Final_scale=68.5835
🚀 APPLYING GUIDANCE at step 14 (timestep=884)
🎯 GUIDANCE STEP 14 (t=884): Loss=0.6133, Rho=8.344749, Grad_norm=0.1198, Final_scale=83.4475
🚀 APPLYING GUIDANCE at step 15 (timestep=874)
🎯 GUIDANCE STEP 15 (t=874): Loss=0.6118, Rho=10.147821, Grad_norm=0.0985, Final_scale=101.4782
🚀 APPLYING GUIDANCE at step 16 (timestep=864)
🎯 GUIDANCE STEP 16 (t=864): Loss=0.6143, Rho=6.951052, Grad_norm=0.1439, Final_scale=69.5105
🚀 APPLYING GUIDANCE at step 17 (timestep=853)
🎯 GUIDANCE STEP 17 (t=853): Loss=0.6123, Rho=8.614348, Grad_norm=0.1161, Final_scale=86.1435
🚀 APPLYING GUIDANCE at step 18 (timestep=841)
🎯 GUIDANCE STEP 18 (t=841): Loss=0.6138, Rho=8.088861, Grad_norm=0.1236, Final_scale=80.8886
🚀 APPLYING GUIDANCE at step 19 (timestep=829)
🎯 GUIDANCE STEP 19 (t=829): Loss=0.6123, Rho=9.588605, Grad_norm=0.1043, Final_scale=95.8860
🚀 APPLYING GUIDANCE at step 20 (timestep=817)
🎯 GUIDANCE STEP 20 (t=817): Loss=0.6138, Rho=5.297610, Grad_norm=0.1888, Final_scale=52.9761
🚀 APPLYING GUIDANCE at step 21 (timestep=805)
🎯 GUIDANCE STEP 21 (t=805): Loss=0.6187, Rho=3.112287, Grad_norm=0.3213, Final_scale=31.1229
🚀 APPLYING GUIDANCE at step 22 (timestep=792)
🎯 GUIDANCE STEP 22 (t=792): Loss=0.6201, Rho=9.087572, Grad_norm=0.1100, Final_scale=90.8757
🚀 APPLYING GUIDANCE at step 23 (timestep=778)
🎯 GUIDANCE STEP 23 (t=778): Loss=0.6167, Rho=10.289204, Grad_norm=0.0972, Final_scale=102.8920
🚀 APPLYING GUIDANCE at step 24 (timestep=764)
🎯 GUIDANCE STEP 24 (t=764): Loss=0.6191, Rho=7.976523, Grad_norm=0.1254, Final_scale=79.7652
🚀 APPLYING GUIDANCE at step 25 (timestep=749)
🎯 GUIDANCE STEP 25 (t=749): Loss=0.6172, Rho=4.626501, Grad_norm=0.2161, Final_scale=46.2650
🚀 APPLYING GUIDANCE at step 26 (timestep=734)
🎯 GUIDANCE STEP 26 (t=734): Loss=0.6167, Rho=13.591180, Grad_norm=0.0736, Final_scale=135.9118
🚀 APPLYING GUIDANCE at step 27 (timestep=718)
🎯 GUIDANCE STEP 27 (t=718): Loss=0.6162, Rho=6.258977, Grad_norm=0.1598, Final_scale=62.5898
🚀 APPLYING GUIDANCE at step 28 (timestep=701)
🎯 GUIDANCE STEP 28 (t=701): Loss=0.6147, Rho=11.647244, Grad_norm=0.0859, Final_scale=116.4724
🚀 APPLYING GUIDANCE at step 29 (timestep=684)
🎯 GUIDANCE STEP 29 (t=684): Loss=0.6143, Rho=7.367895, Grad_norm=0.1357, Final_scale=73.6789
🚀 APPLYING GUIDANCE at step 30 (timestep=666)
🎯 GUIDANCE STEP 30 (t=666): Loss=0.6138, Rho=6.257166, Grad_norm=0.1598, Final_scale=62.5717
🚀 APPLYING GUIDANCE at step 31 (timestep=647)
🎯 GUIDANCE STEP 31 (t=647): Loss=0.6118, Rho=12.133064, Grad_norm=0.0824, Final_scale=121.3306
🚀 APPLYING GUIDANCE at step 32 (timestep=627)
🎯 GUIDANCE STEP 32 (t=627): Loss=0.6123, Rho=8.525861, Grad_norm=0.1173, Final_scale=85.2586
🚀 APPLYING GUIDANCE at step 33 (timestep=606)
🎯 GUIDANCE STEP 33 (t=606): Loss=0.6138, Rho=16.634190, Grad_norm=0.0601, Final_scale=166.3419
🚀 APPLYING GUIDANCE at step 34 (timestep=585)
🎯 GUIDANCE STEP 34 (t=585): Loss=0.6128, Rho=8.172521, Grad_norm=0.1224, Final_scale=81.7252
🚀 APPLYING GUIDANCE at step 35 (timestep=562)
🎯 GUIDANCE STEP 35 (t=562): Loss=0.6108, Rho=15.019695, Grad_norm=0.0666, Final_scale=150.1970
🚀 APPLYING GUIDANCE at step 36 (timestep=538)
🎯 GUIDANCE STEP 36 (t=538): Loss=0.6099, Rho=17.227749, Grad_norm=0.0580, Final_scale=172.2775
🚀 APPLYING GUIDANCE at step 37 (timestep=512)
🎯 GUIDANCE STEP 37 (t=512): Loss=0.6108, Rho=18.013107, Grad_norm=0.0555, Final_scale=180.1311
🚀 APPLYING GUIDANCE at step 38 (timestep=486)
🎯 GUIDANCE STEP 38 (t=486): Loss=0.6113, Rho=9.722369, Grad_norm=0.1029, Final_scale=97.2237
🚀 APPLYING GUIDANCE at step 39 (timestep=458)
🎯 GUIDANCE STEP 39 (t=458): Loss=0.6118, Rho=26.870085, Grad_norm=0.0372, Final_scale=268.7008
🚀 APPLYING GUIDANCE at step 40 (timestep=428)
🎯 GUIDANCE STEP 40 (t=428): Loss=0.6099, Rho=17.048637, Grad_norm=0.0587, Final_scale=170.4864
🚀 APPLYING GUIDANCE at step 41 (timestep=396)
🎯 GUIDANCE STEP 41 (t=396): Loss=0.6104, Rho=36.500847, Grad_norm=0.0274, Final_scale=365.0085
🚀 APPLYING GUIDANCE at step 42 (timestep=363)
🎯 GUIDANCE STEP 42 (t=363): Loss=0.6099, Rho=18.547277, Grad_norm=0.0539, Final_scale=185.4728
🚀 APPLYING GUIDANCE at step 43 (timestep=327)
🎯 GUIDANCE STEP 43 (t=327): Loss=0.6094, Rho=44.879078, Grad_norm=0.0223, Final_scale=448.7908
🚀 APPLYING GUIDANCE at step 44 (timestep=290)
🎯 GUIDANCE STEP 44 (t=290): Loss=0.6079, Rho=29.609346, Grad_norm=0.0338, Final_scale=296.0935
🚀 APPLYING GUIDANCE at step 45 (timestep=249)
🎯 GUIDANCE STEP 45 (t=249): Loss=0.6099, Rho=28.605339, Grad_norm=0.0350, Final_scale=286.0534
🚀 APPLYING GUIDANCE at step 46 (timestep=206)
🎯 GUIDANCE STEP 46 (t=206): Loss=0.6074, Rho=32.241856, Grad_norm=0.0310, Final_scale=322.4186
🚀 APPLYING GUIDANCE at step 47 (timestep=160)
🎯 GUIDANCE STEP 47 (t=160): Loss=0.6074, Rho=25.182566, Grad_norm=0.0397, Final_scale=251.8257
🚀 APPLYING GUIDANCE at step 48 (timestep=111)
🎯 GUIDANCE STEP 48 (t=111): Loss=0.6079, Rho=15.679734, Grad_norm=0.0638, Final_scale=156.7973
🚀 APPLYING GUIDANCE at step 49 (timestep=57)
🎯 GUIDANCE STEP 49 (t=57): Loss=0.6060, Rho=21.647652, Grad_norm=0.0462, Final_scale=216.4765
[guidance_f17_s50_w8c6_rho10.0_cfg5.0_0701_1658] Generated: generated_videos/subject_consistency/guidance_f17_s50_w8c6_rho10.0_cfg5.0_0701_1658/a_dog_playing_in_park.mp4
[guidance_f17_s50_w8c6_rho10.0_cfg5.0_0701_1658] Generating video 3/9 (guidance): a dog drinking water
🎬 STARTING GUIDANCE PIPELINE GENERATION
   Frames: 17, Steps: 50, CFG Scale: 5.0

🔧 GUIDANCE PIPELINE CONFIGURATION:
   Guidance range: 0 - 1001
   Rho scale: 10.0
   V-JEPA kernel_size: 8
   V-JEPA context_length: 6
   V-JEPA stride: 2
   V-JEPA mode: max
   Total timesteps: 50

🚀 APPLYING GUIDANCE at step 0 (timestep=999)
🎯 GUIDANCE STEP 0 (t=999): Loss=0.5557, Rho=31.122847, Grad_norm=0.0321, Final_scale=311.2285
🚀 APPLYING GUIDANCE at step 1 (timestep=992)
🎯 GUIDANCE STEP 1 (t=992): Loss=0.5479, Rho=38.456856, Grad_norm=0.0260, Final_scale=384.5686
🚀 APPLYING GUIDANCE at step 2 (timestep=985)
🎯 GUIDANCE STEP 2 (t=985): Loss=0.5571, Rho=29.740074, Grad_norm=0.0336, Final_scale=297.4007
🚀 APPLYING GUIDANCE at step 3 (timestep=978)
🎯 GUIDANCE STEP 3 (t=978): Loss=0.5596, Rho=4.111068, Grad_norm=0.2432, Final_scale=41.1107
🚀 APPLYING GUIDANCE at step 4 (timestep=971)
🎯 GUIDANCE STEP 4 (t=971): Loss=0.5718, Rho=15.686753, Grad_norm=0.0637, Final_scale=156.8675
🚀 APPLYING GUIDANCE at step 5 (timestep=963)
🎯 GUIDANCE STEP 5 (t=963): Loss=0.5898, Rho=7.785372, Grad_norm=0.1284, Final_scale=77.8537
🚀 APPLYING GUIDANCE at step 6 (timestep=956)
🎯 GUIDANCE STEP 6 (t=956): Loss=0.5845, Rho=10.722578, Grad_norm=0.0933, Final_scale=107.2258
🚀 APPLYING GUIDANCE at step 7 (timestep=948)
🎯 GUIDANCE STEP 7 (t=948): Loss=0.6235, Rho=8.339910, Grad_norm=0.1199, Final_scale=83.3991
🚀 APPLYING GUIDANCE at step 8 (timestep=939)
🎯 GUIDANCE STEP 8 (t=939): Loss=0.6211, Rho=7.647995, Grad_norm=0.1308, Final_scale=76.4799
🚀 APPLYING GUIDANCE at step 9 (timestep=931)
🎯 GUIDANCE STEP 9 (t=931): Loss=0.6313, Rho=7.158087, Grad_norm=0.1397, Final_scale=71.5809
🚀 APPLYING GUIDANCE at step 10 (timestep=922)
🎯 GUIDANCE STEP 10 (t=922): Loss=0.6167, Rho=4.776179, Grad_norm=0.2094, Final_scale=47.7618
🚀 APPLYING GUIDANCE at step 11 (timestep=913)
🎯 GUIDANCE STEP 11 (t=913): Loss=0.6260, Rho=5.592759, Grad_norm=0.1788, Final_scale=55.9276
🚀 APPLYING GUIDANCE at step 12 (timestep=904)
🎯 GUIDANCE STEP 12 (t=904): Loss=0.6177, Rho=5.594770, Grad_norm=0.1787, Final_scale=55.9477
🚀 APPLYING GUIDANCE at step 13 (timestep=894)
🎯 GUIDANCE STEP 13 (t=894): Loss=0.6187, Rho=4.270581, Grad_norm=0.2342, Final_scale=42.7058
🚀 APPLYING GUIDANCE at step 14 (timestep=884)
🎯 GUIDANCE STEP 14 (t=884): Loss=0.6318, Rho=2.723097, Grad_norm=0.3672, Final_scale=27.2310
🚀 APPLYING GUIDANCE at step 15 (timestep=874)
🎯 GUIDANCE STEP 15 (t=874): Loss=0.6284, Rho=2.355154, Grad_norm=0.4246, Final_scale=23.5515
🚀 APPLYING GUIDANCE at step 16 (timestep=864)
🎯 GUIDANCE STEP 16 (t=864): Loss=0.6289, Rho=6.755513, Grad_norm=0.1480, Final_scale=67.5551
🚀 APPLYING GUIDANCE at step 17 (timestep=853)
🎯 GUIDANCE STEP 17 (t=853): Loss=0.6323, Rho=2.944218, Grad_norm=0.3396, Final_scale=29.4422
🚀 APPLYING GUIDANCE at step 18 (timestep=841)
🎯 GUIDANCE STEP 18 (t=841): Loss=0.6318, Rho=5.372692, Grad_norm=0.1861, Final_scale=53.7269
🚀 APPLYING GUIDANCE at step 19 (timestep=829)
🎯 GUIDANCE STEP 19 (t=829): Loss=0.6284, Rho=4.391384, Grad_norm=0.2277, Final_scale=43.9138
🚀 APPLYING GUIDANCE at step 20 (timestep=817)
🎯 GUIDANCE STEP 20 (t=817): Loss=0.6318, Rho=5.387168, Grad_norm=0.1856, Final_scale=53.8717
🚀 APPLYING GUIDANCE at step 21 (timestep=805)
🎯 GUIDANCE STEP 21 (t=805): Loss=0.6294, Rho=8.558585, Grad_norm=0.1168, Final_scale=85.5859
🚀 APPLYING GUIDANCE at step 22 (timestep=792)
🎯 GUIDANCE STEP 22 (t=792): Loss=0.6255, Rho=11.411351, Grad_norm=0.0876, Final_scale=114.1135
🚀 APPLYING GUIDANCE at step 23 (timestep=778)
🎯 GUIDANCE STEP 23 (t=778): Loss=0.6294, Rho=6.222829, Grad_norm=0.1607, Final_scale=62.2283
🚀 APPLYING GUIDANCE at step 24 (timestep=764)
🎯 GUIDANCE STEP 24 (t=764): Loss=0.6279, Rho=2.524410, Grad_norm=0.3961, Final_scale=25.2441
🚀 APPLYING GUIDANCE at step 25 (timestep=749)
🎯 GUIDANCE STEP 25 (t=749): Loss=0.6265, Rho=3.655559, Grad_norm=0.2736, Final_scale=36.5556
🚀 APPLYING GUIDANCE at step 26 (timestep=734)
🎯 GUIDANCE STEP 26 (t=734): Loss=0.6284, Rho=5.980705, Grad_norm=0.1672, Final_scale=59.8071
🚀 APPLYING GUIDANCE at step 27 (timestep=718)
🎯 GUIDANCE STEP 27 (t=718): Loss=0.6294, Rho=13.633057, Grad_norm=0.0734, Final_scale=136.3306
🚀 APPLYING GUIDANCE at step 28 (timestep=701)
🎯 GUIDANCE STEP 28 (t=701): Loss=0.6284, Rho=14.001189, Grad_norm=0.0714, Final_scale=140.0119
🚀 APPLYING GUIDANCE at step 29 (timestep=684)
🎯 GUIDANCE STEP 29 (t=684): Loss=0.6284, Rho=11.145139, Grad_norm=0.0897, Final_scale=111.4514
🚀 APPLYING GUIDANCE at step 30 (timestep=666)
🎯 GUIDANCE STEP 30 (t=666): Loss=0.6260, Rho=9.763264, Grad_norm=0.1024, Final_scale=97.6326
🚀 APPLYING GUIDANCE at step 31 (timestep=647)
🎯 GUIDANCE STEP 31 (t=647): Loss=0.6230, Rho=3.915060, Grad_norm=0.2554, Final_scale=39.1506
🚀 APPLYING GUIDANCE at step 32 (timestep=627)
🎯 GUIDANCE STEP 32 (t=627): Loss=0.6235, Rho=11.905239, Grad_norm=0.0840, Final_scale=119.0524
🚀 APPLYING GUIDANCE at step 33 (timestep=606)
🎯 GUIDANCE STEP 33 (t=606): Loss=0.6230, Rho=6.428436, Grad_norm=0.1556, Final_scale=64.2844
🚀 APPLYING GUIDANCE at step 34 (timestep=585)
🎯 GUIDANCE STEP 34 (t=585): Loss=0.6245, Rho=10.444207, Grad_norm=0.0957, Final_scale=104.4421
🚀 APPLYING GUIDANCE at step 35 (timestep=562)
🎯 GUIDANCE STEP 35 (t=562): Loss=0.6235, Rho=11.198997, Grad_norm=0.0893, Final_scale=111.9900
🚀 APPLYING GUIDANCE at step 36 (timestep=538)
🎯 GUIDANCE STEP 36 (t=538): Loss=0.6230, Rho=17.447227, Grad_norm=0.0573, Final_scale=174.4723
🚀 APPLYING GUIDANCE at step 37 (timestep=512)
🎯 GUIDANCE STEP 37 (t=512): Loss=0.6216, Rho=9.469990, Grad_norm=0.1056, Final_scale=94.6999
🚀 APPLYING GUIDANCE at step 38 (timestep=486)
🎯 GUIDANCE STEP 38 (t=486): Loss=0.6255, Rho=8.059464, Grad_norm=0.1241, Final_scale=80.5946
🚀 APPLYING GUIDANCE at step 39 (timestep=458)
🎯 GUIDANCE STEP 39 (t=458): Loss=0.6245, Rho=19.859728, Grad_norm=0.0504, Final_scale=198.5973
🚀 APPLYING GUIDANCE at step 40 (timestep=428)
🎯 GUIDANCE STEP 40 (t=428): Loss=0.6235, Rho=14.333356, Grad_norm=0.0698, Final_scale=143.3336
🚀 APPLYING GUIDANCE at step 41 (timestep=396)
🎯 GUIDANCE STEP 41 (t=396): Loss=0.6226, Rho=8.932712, Grad_norm=0.1119, Final_scale=89.3271
🚀 APPLYING GUIDANCE at step 42 (timestep=363)
🎯 GUIDANCE STEP 42 (t=363): Loss=0.6230, Rho=11.024786, Grad_norm=0.0907, Final_scale=110.2479
🚀 APPLYING GUIDANCE at step 43 (timestep=327)
🎯 GUIDANCE STEP 43 (t=327): Loss=0.6196, Rho=12.842695, Grad_norm=0.0779, Final_scale=128.4270
🚀 APPLYING GUIDANCE at step 44 (timestep=290)
🎯 GUIDANCE STEP 44 (t=290): Loss=0.6235, Rho=16.068541, Grad_norm=0.0622, Final_scale=160.6854
🚀 APPLYING GUIDANCE at step 45 (timestep=249)
🎯 GUIDANCE STEP 45 (t=249): Loss=0.6211, Rho=22.806078, Grad_norm=0.0438, Final_scale=228.0608
🚀 APPLYING GUIDANCE at step 46 (timestep=206)
🎯 GUIDANCE STEP 46 (t=206): Loss=0.6201, Rho=29.322409, Grad_norm=0.0341, Final_scale=293.2241
🚀 APPLYING GUIDANCE at step 47 (timestep=160)
🎯 GUIDANCE STEP 47 (t=160): Loss=0.6211, Rho=23.430611, Grad_norm=0.0427, Final_scale=234.3061
🚀 APPLYING GUIDANCE at step 48 (timestep=111)
🎯 GUIDANCE STEP 48 (t=111): Loss=0.6187, Rho=9.064799, Grad_norm=0.1103, Final_scale=90.6480
🚀 APPLYING GUIDANCE at step 49 (timestep=57)
🎯 GUIDANCE STEP 49 (t=57): Loss=0.6187, Rho=19.161039, Grad_norm=0.0522, Final_scale=191.6104
[guidance_f17_s50_w8c6_rho10.0_cfg5.0_0701_1658] Generated: generated_videos/subject_consistency/guidance_f17_s50_w8c6_rho10.0_cfg5.0_0701_1658/a_bicycle_accelerating_to_gain_speed.mp4
[guidance_f17_s50_w8c6_rho10.0_cfg5.0_0701_1658] Generating video 3/9 (guidance): a car stuck in traffic during rush hour
🎬 STARTING GUIDANCE PIPELINE GENERATION
   Frames: 17, Steps: 50, CFG Scale: 5.0

🔧 GUIDANCE PIPELINE CONFIGURATION:
   Guidance range: 0 - 1001
   Rho scale: 10.0
   V-JEPA kernel_size: 8
   V-JEPA context_length: 6
   V-JEPA stride: 2
   V-JEPA mode: max
   Total timesteps: 50

🚀 APPLYING GUIDANCE at step 0 (timestep=999)
🎯 GUIDANCE STEP 0 (t=999): Loss=0.5308, Rho=7.854027, Grad_norm=0.1273, Final_scale=78.5403
🚀 APPLYING GUIDANCE at step 1 (timestep=992)
🎯 GUIDANCE STEP 1 (t=992): Loss=0.5449, Rho=12.652927, Grad_norm=0.0790, Final_scale=126.5293
🚀 APPLYING GUIDANCE at step 2 (timestep=985)
🎯 GUIDANCE STEP 2 (t=985): Loss=0.5405, Rho=18.488895, Grad_norm=0.0541, Final_scale=184.8890
🚀 APPLYING GUIDANCE at step 3 (timestep=978)
🎯 GUIDANCE STEP 3 (t=978): Loss=0.5757, Rho=25.075411, Grad_norm=0.0399, Final_scale=250.7541
🚀 APPLYING GUIDANCE at step 4 (timestep=971)
🎯 GUIDANCE STEP 4 (t=971): Loss=0.5830, Rho=9.864380, Grad_norm=0.1014, Final_scale=98.6438
🚀 APPLYING GUIDANCE at step 5 (timestep=963)
🎯 GUIDANCE STEP 5 (t=963): Loss=0.5815, Rho=16.926407, Grad_norm=0.0591, Final_scale=169.2641
🚀 APPLYING GUIDANCE at step 6 (timestep=956)
🎯 GUIDANCE STEP 6 (t=956): Loss=0.5742, Rho=9.393644, Grad_norm=0.1065, Final_scale=93.9364
🚀 APPLYING GUIDANCE at step 7 (timestep=948)
🎯 GUIDANCE STEP 7 (t=948): Loss=0.5962, Rho=4.731008, Grad_norm=0.2114, Final_scale=47.3101
🚀 APPLYING GUIDANCE at step 8 (timestep=939)
🎯 GUIDANCE STEP 8 (t=939): Loss=0.6099, Rho=3.113605, Grad_norm=0.3212, Final_scale=31.1360
🚀 APPLYING GUIDANCE at step 9 (timestep=931)
🎯 GUIDANCE STEP 9 (t=931): Loss=0.6157, Rho=3.889086, Grad_norm=0.2571, Final_scale=38.8909
🚀 APPLYING GUIDANCE at step 10 (timestep=922)
🎯 GUIDANCE STEP 10 (t=922): Loss=0.6147, Rho=1.309302, Grad_norm=0.7638, Final_scale=13.0930
🚀 APPLYING GUIDANCE at step 11 (timestep=913)
🎯 GUIDANCE STEP 11 (t=913): Loss=0.6167, Rho=1.009875, Grad_norm=0.9902, Final_scale=10.0988
🚀 APPLYING GUIDANCE at step 12 (timestep=904)
🎯 GUIDANCE STEP 12 (t=904): Loss=0.6226, Rho=2.540220, Grad_norm=0.3937, Final_scale=25.4022
🚀 APPLYING GUIDANCE at step 13 (timestep=894)
🎯 GUIDANCE STEP 13 (t=894): Loss=0.6206, Rho=3.076667, Grad_norm=0.3250, Final_scale=30.7667
🚀 APPLYING GUIDANCE at step 14 (timestep=884)
🎯 GUIDANCE STEP 14 (t=884): Loss=0.6177, Rho=0.516247, Grad_norm=1.9371, Final_scale=5.1625
🚀 APPLYING GUIDANCE at step 15 (timestep=874)
🎯 GUIDANCE STEP 15 (t=874): Loss=0.6162, Rho=1.951074, Grad_norm=0.5125, Final_scale=19.5107
🚀 APPLYING GUIDANCE at step 16 (timestep=864)
🎯 GUIDANCE STEP 16 (t=864): Loss=0.6172, Rho=7.363904, Grad_norm=0.1358, Final_scale=73.6390
🚀 APPLYING GUIDANCE at step 17 (timestep=853)
🎯 GUIDANCE STEP 17 (t=853): Loss=0.6157, Rho=1.381676, Grad_norm=0.7238, Final_scale=13.8168
🚀 APPLYING GUIDANCE at step 18 (timestep=841)
🎯 GUIDANCE STEP 18 (t=841): Loss=0.6187, Rho=4.385228, Grad_norm=0.2280, Final_scale=43.8523
🚀 APPLYING GUIDANCE at step 19 (timestep=829)
🎯 GUIDANCE STEP 19 (t=829): Loss=0.6128, Rho=3.652521, Grad_norm=0.2738, Final_scale=36.5252
🚀 APPLYING GUIDANCE at step 20 (timestep=817)
🎯 GUIDANCE STEP 20 (t=817): Loss=0.6118, Rho=3.343750, Grad_norm=0.2991, Final_scale=33.4375
🚀 APPLYING GUIDANCE at step 21 (timestep=805)
🎯 GUIDANCE STEP 21 (t=805): Loss=0.6099, Rho=4.374264, Grad_norm=0.2286, Final_scale=43.7426
🚀 APPLYING GUIDANCE at step 22 (timestep=792)
🎯 GUIDANCE STEP 22 (t=792): Loss=0.6123, Rho=5.015965, Grad_norm=0.1994, Final_scale=50.1597
🚀 APPLYING GUIDANCE at step 23 (timestep=778)
🎯 GUIDANCE STEP 23 (t=778): Loss=0.6118, Rho=4.363124, Grad_norm=0.2292, Final_scale=43.6312
🚀 APPLYING GUIDANCE at step 24 (timestep=764)
🎯 GUIDANCE STEP 24 (t=764): Loss=0.6128, Rho=5.811510, Grad_norm=0.1721, Final_scale=58.1151
🚀 APPLYING GUIDANCE at step 25 (timestep=749)
🎯 GUIDANCE STEP 25 (t=749): Loss=0.6133, Rho=8.300366, Grad_norm=0.1205, Final_scale=83.0037
🚀 APPLYING GUIDANCE at step 26 (timestep=734)
🎯 GUIDANCE STEP 26 (t=734): Loss=0.6113, Rho=9.521327, Grad_norm=0.1050, Final_scale=95.2133
🚀 APPLYING GUIDANCE at step 27 (timestep=718)
🎯 GUIDANCE STEP 27 (t=718): Loss=0.6079, Rho=1.473417, Grad_norm=0.6787, Final_scale=14.7342
🚀 APPLYING GUIDANCE at step 28 (timestep=701)
🎯 GUIDANCE STEP 28 (t=701): Loss=0.6133, Rho=2.722474, Grad_norm=0.3673, Final_scale=27.2247
🚀 APPLYING GUIDANCE at step 29 (timestep=684)
🎯 GUIDANCE STEP 29 (t=684): Loss=0.6079, Rho=4.978532, Grad_norm=0.2009, Final_scale=49.7853
🚀 APPLYING GUIDANCE at step 30 (timestep=666)
🎯 GUIDANCE STEP 30 (t=666): Loss=0.6089, Rho=6.264219, Grad_norm=0.1596, Final_scale=62.6422
🚀 APPLYING GUIDANCE at step 31 (timestep=647)
🎯 GUIDANCE STEP 31 (t=647): Loss=0.6055, Rho=10.582610, Grad_norm=0.0945, Final_scale=105.8261
🚀 APPLYING GUIDANCE at step 32 (timestep=627)
🎯 GUIDANCE STEP 32 (t=627): Loss=0.6094, Rho=3.465677, Grad_norm=0.2885, Final_scale=34.6568
🚀 APPLYING GUIDANCE at step 33 (timestep=606)
🎯 GUIDANCE STEP 33 (t=606): Loss=0.6064, Rho=9.312895, Grad_norm=0.1074, Final_scale=93.1289
🚀 APPLYING GUIDANCE at step 34 (timestep=585)
🎯 GUIDANCE STEP 34 (t=585): Loss=0.6074, Rho=12.082937, Grad_norm=0.0828, Final_scale=120.8294
🚀 APPLYING GUIDANCE at step 35 (timestep=562)
🎯 GUIDANCE STEP 35 (t=562): Loss=0.6069, Rho=9.086212, Grad_norm=0.1101, Final_scale=90.8621
🚀 APPLYING GUIDANCE at step 36 (timestep=538)
🎯 GUIDANCE STEP 36 (t=538): Loss=0.6069, Rho=21.322386, Grad_norm=0.0469, Final_scale=213.2239
🚀 APPLYING GUIDANCE at step 37 (timestep=512)
🎯 GUIDANCE STEP 37 (t=512): Loss=0.6074, Rho=15.123884, Grad_norm=0.0661, Final_scale=151.2388
🚀 APPLYING GUIDANCE at step 38 (timestep=486)
🎯 GUIDANCE STEP 38 (t=486): Loss=0.6069, Rho=11.458468, Grad_norm=0.0873, Final_scale=114.5847
🚀 APPLYING GUIDANCE at step 39 (timestep=458)
🎯 GUIDANCE STEP 39 (t=458): Loss=0.6079, Rho=15.880763, Grad_norm=0.0630, Final_scale=158.8076
🚀 APPLYING GUIDANCE at step 40 (timestep=428)
🎯 GUIDANCE STEP 40 (t=428): Loss=0.6074, Rho=17.217342, Grad_norm=0.0581, Final_scale=172.1734
🚀 APPLYING GUIDANCE at step 41 (timestep=396)
🎯 GUIDANCE STEP 41 (t=396): Loss=0.6084, Rho=31.731066, Grad_norm=0.0315, Final_scale=317.3107
🚀 APPLYING GUIDANCE at step 42 (timestep=363)
🎯 GUIDANCE STEP 42 (t=363): Loss=0.6064, Rho=24.398424, Grad_norm=0.0410, Final_scale=243.9842
🚀 APPLYING GUIDANCE at step 43 (timestep=327)
🎯 GUIDANCE STEP 43 (t=327): Loss=0.6064, Rho=6.233537, Grad_norm=0.1604, Final_scale=62.3354
🚀 APPLYING GUIDANCE at step 44 (timestep=290)
🎯 GUIDANCE STEP 44 (t=290): Loss=0.6060, Rho=27.242033, Grad_norm=0.0367, Final_scale=272.4203
🚀 APPLYING GUIDANCE at step 45 (timestep=249)
🎯 GUIDANCE STEP 45 (t=249): Loss=0.6074, Rho=12.623453, Grad_norm=0.0792, Final_scale=126.2345
🚀 APPLYING GUIDANCE at step 46 (timestep=206)
🎯 GUIDANCE STEP 46 (t=206): Loss=0.6060, Rho=44.647404, Grad_norm=0.0224, Final_scale=446.4740
🚀 APPLYING GUIDANCE at step 47 (timestep=160)
🎯 GUIDANCE STEP 47 (t=160): Loss=0.6055, Rho=20.124098, Grad_norm=0.0497, Final_scale=201.2410
🚀 APPLYING GUIDANCE at step 48 (timestep=111)
🎯 GUIDANCE STEP 48 (t=111): Loss=0.6064, Rho=5.223583, Grad_norm=0.1914, Final_scale=52.2358
🚀 APPLYING GUIDANCE at step 49 (timestep=57)
🎯 GUIDANCE STEP 49 (t=57): Loss=0.6055, Rho=17.609512, Grad_norm=0.0568, Final_scale=176.0951
[guidance_f17_s50_w8c6_rho10.0_cfg5.0_0701_1658] Generated: generated_videos/subject_consistency/guidance_f17_s50_w8c6_rho10.0_cfg5.0_0701_1658/a_person_giving_a_presentation_to_a_room_full_of_c.mp4
[guidance_f17_s50_w8c6_rho10.0_cfg5.0_0701_1658] Generating video 3/9 (guidance): a person washing the dishes
🎬 STARTING GUIDANCE PIPELINE GENERATION
   Frames: 17, Steps: 50, CFG Scale: 5.0

🔧 GUIDANCE PIPELINE CONFIGURATION:
   Guidance range: 0 - 1001
   Rho scale: 10.0
   V-JEPA kernel_size: 8
   V-JEPA context_length: 6
   V-JEPA stride: 2
   V-JEPA mode: max
   Total timesteps: 50

🚀 APPLYING GUIDANCE at step 0 (timestep=999)
🎯 GUIDANCE STEP 0 (t=999): Loss=0.6035, Rho=15.276199, Grad_norm=0.0655, Final_scale=152.7620
🚀 APPLYING GUIDANCE at step 1 (timestep=992)
🎯 GUIDANCE STEP 1 (t=992): Loss=0.5454, Rho=49.457260, Grad_norm=0.0202, Final_scale=494.5726
🚀 APPLYING GUIDANCE at step 2 (timestep=985)
🎯 GUIDANCE STEP 2 (t=985): Loss=0.5444, Rho=27.843195, Grad_norm=0.0359, Final_scale=278.4319
🚀 APPLYING GUIDANCE at step 3 (timestep=978)
🎯 GUIDANCE STEP 3 (t=978): Loss=0.5786, Rho=28.834904, Grad_norm=0.0347, Final_scale=288.3490
🚀 APPLYING GUIDANCE at step 4 (timestep=971)
🎯 GUIDANCE STEP 4 (t=971): Loss=0.5703, Rho=21.481739, Grad_norm=0.0466, Final_scale=214.8174
🚀 APPLYING GUIDANCE at step 5 (timestep=963)
🎯 GUIDANCE STEP 5 (t=963): Loss=0.5791, Rho=10.665130, Grad_norm=0.0938, Final_scale=106.6513
🚀 APPLYING GUIDANCE at step 6 (timestep=956)
🎯 GUIDANCE STEP 6 (t=956): Loss=0.6123, Rho=12.069950, Grad_norm=0.0829, Final_scale=120.6995
🚀 APPLYING GUIDANCE at step 7 (timestep=948)
🎯 GUIDANCE STEP 7 (t=948): Loss=0.6226, Rho=18.300762, Grad_norm=0.0546, Final_scale=183.0076
🚀 APPLYING GUIDANCE at step 8 (timestep=939)
🎯 GUIDANCE STEP 8 (t=939): Loss=0.6245, Rho=9.170190, Grad_norm=0.1090, Final_scale=91.7019
🚀 APPLYING GUIDANCE at step 9 (timestep=931)
🎯 GUIDANCE STEP 9 (t=931): Loss=0.6216, Rho=16.205807, Grad_norm=0.0617, Final_scale=162.0581
🚀 APPLYING GUIDANCE at step 10 (timestep=922)
🎯 GUIDANCE STEP 10 (t=922): Loss=0.6206, Rho=5.478926, Grad_norm=0.1825, Final_scale=54.7893
🚀 APPLYING GUIDANCE at step 11 (timestep=913)
🎯 GUIDANCE STEP 11 (t=913): Loss=0.6230, Rho=7.622321, Grad_norm=0.1312, Final_scale=76.2232
🚀 APPLYING GUIDANCE at step 12 (timestep=904)
🎯 GUIDANCE STEP 12 (t=904): Loss=0.6289, Rho=3.380296, Grad_norm=0.2958, Final_scale=33.8030
🚀 APPLYING GUIDANCE at step 13 (timestep=894)
🎯 GUIDANCE STEP 13 (t=894): Loss=0.6279, Rho=3.177444, Grad_norm=0.3147, Final_scale=31.7744
🚀 APPLYING GUIDANCE at step 14 (timestep=884)
🎯 GUIDANCE STEP 14 (t=884): Loss=0.6255, Rho=5.880898, Grad_norm=0.1700, Final_scale=58.8090
🚀 APPLYING GUIDANCE at step 15 (timestep=874)
🎯 GUIDANCE STEP 15 (t=874): Loss=0.6230, Rho=8.204453, Grad_norm=0.1219, Final_scale=82.0445
🚀 APPLYING GUIDANCE at step 16 (timestep=864)
🎯 GUIDANCE STEP 16 (t=864): Loss=0.6206, Rho=5.870635, Grad_norm=0.1703, Final_scale=58.7063
🚀 APPLYING GUIDANCE at step 17 (timestep=853)
🎯 GUIDANCE STEP 17 (t=853): Loss=0.6177, Rho=8.758324, Grad_norm=0.1142, Final_scale=87.5832
🚀 APPLYING GUIDANCE at step 18 (timestep=841)
🎯 GUIDANCE STEP 18 (t=841): Loss=0.6172, Rho=9.750544, Grad_norm=0.1026, Final_scale=97.5054
🚀 APPLYING GUIDANCE at step 19 (timestep=829)
🎯 GUIDANCE STEP 19 (t=829): Loss=0.6201, Rho=2.155047, Grad_norm=0.4640, Final_scale=21.5505
🚀 APPLYING GUIDANCE at step 20 (timestep=817)
🎯 GUIDANCE STEP 20 (t=817): Loss=0.6196, Rho=7.976115, Grad_norm=0.1254, Final_scale=79.7612
🚀 APPLYING GUIDANCE at step 21 (timestep=805)
🎯 GUIDANCE STEP 21 (t=805): Loss=0.6201, Rho=6.422056, Grad_norm=0.1557, Final_scale=64.2206
🚀 APPLYING GUIDANCE at step 22 (timestep=792)
🎯 GUIDANCE STEP 22 (t=792): Loss=0.6182, Rho=6.284016, Grad_norm=0.1591, Final_scale=62.8402
🚀 APPLYING GUIDANCE at step 23 (timestep=778)
🎯 GUIDANCE STEP 23 (t=778): Loss=0.6206, Rho=9.727423, Grad_norm=0.1028, Final_scale=97.2742
🚀 APPLYING GUIDANCE at step 24 (timestep=764)
🎯 GUIDANCE STEP 24 (t=764): Loss=0.6226, Rho=15.543024, Grad_norm=0.0643, Final_scale=155.4302
🚀 APPLYING GUIDANCE at step 25 (timestep=749)
🎯 GUIDANCE STEP 25 (t=749): Loss=0.6206, Rho=7.338878, Grad_norm=0.1363, Final_scale=73.3888
🚀 APPLYING GUIDANCE at step 26 (timestep=734)
🎯 GUIDANCE STEP 26 (t=734): Loss=0.6235, Rho=14.279509, Grad_norm=0.0700, Final_scale=142.7951
🚀 APPLYING GUIDANCE at step 27 (timestep=718)
🎯 GUIDANCE STEP 27 (t=718): Loss=0.6177, Rho=10.439492, Grad_norm=0.0958, Final_scale=104.3949
🚀 APPLYING GUIDANCE at step 28 (timestep=701)
🎯 GUIDANCE STEP 28 (t=701): Loss=0.6206, Rho=11.150990, Grad_norm=0.0897, Final_scale=111.5099
🚀 APPLYING GUIDANCE at step 29 (timestep=684)
🎯 GUIDANCE STEP 29 (t=684): Loss=0.6167, Rho=0.732887, Grad_norm=1.3645, Final_scale=7.3289
🚀 APPLYING GUIDANCE at step 30 (timestep=666)
🎯 GUIDANCE STEP 30 (t=666): Loss=0.6206, Rho=7.312810, Grad_norm=0.1367, Final_scale=73.1281
🚀 APPLYING GUIDANCE at step 31 (timestep=647)
🎯 GUIDANCE STEP 31 (t=647): Loss=0.6240, Rho=13.414196, Grad_norm=0.0745, Final_scale=134.1420
🚀 APPLYING GUIDANCE at step 32 (timestep=627)
🎯 GUIDANCE STEP 32 (t=627): Loss=0.6216, Rho=9.799987, Grad_norm=0.1020, Final_scale=97.9999
🚀 APPLYING GUIDANCE at step 33 (timestep=606)
🎯 GUIDANCE STEP 33 (t=606): Loss=0.6230, Rho=8.281796, Grad_norm=0.1207, Final_scale=82.8180
🚀 APPLYING GUIDANCE at step 34 (timestep=585)
🎯 GUIDANCE STEP 34 (t=585): Loss=0.6221, Rho=15.159586, Grad_norm=0.0660, Final_scale=151.5959
🚀 APPLYING GUIDANCE at step 35 (timestep=562)
🎯 GUIDANCE STEP 35 (t=562): Loss=0.6216, Rho=11.212673, Grad_norm=0.0892, Final_scale=112.1267
🚀 APPLYING GUIDANCE at step 36 (timestep=538)
🎯 GUIDANCE STEP 36 (t=538): Loss=0.6187, Rho=17.462223, Grad_norm=0.0573, Final_scale=174.6222
🚀 APPLYING GUIDANCE at step 37 (timestep=512)
🎯 GUIDANCE STEP 37 (t=512): Loss=0.6172, Rho=11.897085, Grad_norm=0.0841, Final_scale=118.9709
🚀 APPLYING GUIDANCE at step 38 (timestep=486)
🎯 GUIDANCE STEP 38 (t=486): Loss=0.6196, Rho=18.238590, Grad_norm=0.0548, Final_scale=182.3859
🚀 APPLYING GUIDANCE at step 39 (timestep=458)
🎯 GUIDANCE STEP 39 (t=458): Loss=0.6177, Rho=17.000469, Grad_norm=0.0588, Final_scale=170.0047
🚀 APPLYING GUIDANCE at step 40 (timestep=428)
🎯 GUIDANCE STEP 40 (t=428): Loss=0.6226, Rho=13.959783, Grad_norm=0.0716, Final_scale=139.5978
🚀 APPLYING GUIDANCE at step 41 (timestep=396)
🎯 GUIDANCE STEP 41 (t=396): Loss=0.6206, Rho=13.887274, Grad_norm=0.0720, Final_scale=138.8727
🚀 APPLYING GUIDANCE at step 42 (timestep=363)
🎯 GUIDANCE STEP 42 (t=363): Loss=0.6172, Rho=23.924992, Grad_norm=0.0418, Final_scale=239.2499
🚀 APPLYING GUIDANCE at step 43 (timestep=327)
🎯 GUIDANCE STEP 43 (t=327): Loss=0.6152, Rho=8.103116, Grad_norm=0.1234, Final_scale=81.0312
🚀 APPLYING GUIDANCE at step 44 (timestep=290)
🎯 GUIDANCE STEP 44 (t=290): Loss=0.6167, Rho=8.740133, Grad_norm=0.1144, Final_scale=87.4013
🚀 APPLYING GUIDANCE at step 45 (timestep=249)
🎯 GUIDANCE STEP 45 (t=249): Loss=0.6138, Rho=10.209190, Grad_norm=0.0980, Final_scale=102.0919
🚀 APPLYING GUIDANCE at step 46 (timestep=206)
🎯 GUIDANCE STEP 46 (t=206): Loss=0.6152, Rho=15.853676, Grad_norm=0.0631, Final_scale=158.5368
🚀 APPLYING GUIDANCE at step 47 (timestep=160)
🎯 GUIDANCE STEP 47 (t=160): Loss=0.6143, Rho=13.935261, Grad_norm=0.0718, Final_scale=139.3526
🚀 APPLYING GUIDANCE at step 48 (timestep=111)
🎯 GUIDANCE STEP 48 (t=111): Loss=0.6147, Rho=8.933787, Grad_norm=0.1119, Final_scale=89.3379
🚀 APPLYING GUIDANCE at step 49 (timestep=57)
🎯 GUIDANCE STEP 49 (t=57): Loss=0.6133, Rho=10.041560, Grad_norm=0.0996, Final_scale=100.4156
[guidance_f17_s50_w8c6_rho10.0_cfg5.0_0701_1658] Generated: generated_videos/subject_consistency/guidance_f17_s50_w8c6_rho10.0_cfg5.0_0701_1658/a_motorcycle_accelerating_to_gain_speed.mp4
[guidance_f17_s50_w8c6_rho10.0_cfg5.0_0701_1658] Generating video 3/9 (guidance): an airplane soaring through a clear blue sky
🎬 STARTING GUIDANCE PIPELINE GENERATION
   Frames: 17, Steps: 50, CFG Scale: 5.0

🔧 GUIDANCE PIPELINE CONFIGURATION:
   Guidance range: 0 - 1001
   Rho scale: 10.0
   V-JEPA kernel_size: 8
   V-JEPA context_length: 6
   V-JEPA stride: 2
   V-JEPA mode: max
   Total timesteps: 50

🚀 APPLYING GUIDANCE at step 0 (timestep=999)
🎯 GUIDANCE STEP 0 (t=999): Loss=0.6099, Rho=23.740938, Grad_norm=0.0421, Final_scale=237.4094
🚀 APPLYING GUIDANCE at step 1 (timestep=992)
🎯 GUIDANCE STEP 1 (t=992): Loss=0.5342, Rho=42.431374, Grad_norm=0.0236, Final_scale=424.3137
🚀 APPLYING GUIDANCE at step 2 (timestep=985)
🎯 GUIDANCE STEP 2 (t=985): Loss=0.5474, Rho=21.797544, Grad_norm=0.0459, Final_scale=217.9754
🚀 APPLYING GUIDANCE at step 3 (timestep=978)
🎯 GUIDANCE STEP 3 (t=978): Loss=0.5562, Rho=17.664162, Grad_norm=0.0566, Final_scale=176.6416
🚀 APPLYING GUIDANCE at step 4 (timestep=971)
🎯 GUIDANCE STEP 4 (t=971): Loss=0.5688, Rho=12.625511, Grad_norm=0.0792, Final_scale=126.2551
🚀 APPLYING GUIDANCE at step 5 (timestep=963)
🎯 GUIDANCE STEP 5 (t=963): Loss=0.5850, Rho=12.219860, Grad_norm=0.0818, Final_scale=122.1986
🚀 APPLYING GUIDANCE at step 6 (timestep=956)
🎯 GUIDANCE STEP 6 (t=956): Loss=0.5879, Rho=13.367536, Grad_norm=0.0748, Final_scale=133.6754
🚀 APPLYING GUIDANCE at step 7 (timestep=948)
🎯 GUIDANCE STEP 7 (t=948): Loss=0.5942, Rho=11.785475, Grad_norm=0.0849, Final_scale=117.8547
🚀 APPLYING GUIDANCE at step 8 (timestep=939)
🎯 GUIDANCE STEP 8 (t=939): Loss=0.5938, Rho=10.174826, Grad_norm=0.0983, Final_scale=101.7483
🚀 APPLYING GUIDANCE at step 9 (timestep=931)
🎯 GUIDANCE STEP 9 (t=931): Loss=0.6001, Rho=15.982036, Grad_norm=0.0626, Final_scale=159.8204
🚀 APPLYING GUIDANCE at step 10 (timestep=922)
🎯 GUIDANCE STEP 10 (t=922): Loss=0.6030, Rho=7.463070, Grad_norm=0.1340, Final_scale=74.6307
🚀 APPLYING GUIDANCE at step 11 (timestep=913)
🎯 GUIDANCE STEP 11 (t=913): Loss=0.6064, Rho=9.424773, Grad_norm=0.1061, Final_scale=94.2477
🚀 APPLYING GUIDANCE at step 12 (timestep=904)
🎯 GUIDANCE STEP 12 (t=904): Loss=0.6099, Rho=4.324290, Grad_norm=0.2313, Final_scale=43.2429
🚀 APPLYING GUIDANCE at step 13 (timestep=894)
🎯 GUIDANCE STEP 13 (t=894): Loss=0.6079, Rho=11.572264, Grad_norm=0.0864, Final_scale=115.7226
🚀 APPLYING GUIDANCE at step 14 (timestep=884)
🎯 GUIDANCE STEP 14 (t=884): Loss=0.6060, Rho=6.573811, Grad_norm=0.1521, Final_scale=65.7381
🚀 APPLYING GUIDANCE at step 15 (timestep=874)
🎯 GUIDANCE STEP 15 (t=874): Loss=0.6128, Rho=8.474584, Grad_norm=0.1180, Final_scale=84.7458
🚀 APPLYING GUIDANCE at step 16 (timestep=864)
🎯 GUIDANCE STEP 16 (t=864): Loss=0.6094, Rho=4.785016, Grad_norm=0.2090, Final_scale=47.8502
🚀 APPLYING GUIDANCE at step 17 (timestep=853)
🎯 GUIDANCE STEP 17 (t=853): Loss=0.6152, Rho=12.959736, Grad_norm=0.0772, Final_scale=129.5974
🚀 APPLYING GUIDANCE at step 18 (timestep=841)
🎯 GUIDANCE STEP 18 (t=841): Loss=0.6147, Rho=11.708005, Grad_norm=0.0854, Final_scale=117.0800
🚀 APPLYING GUIDANCE at step 19 (timestep=829)
🎯 GUIDANCE STEP 19 (t=829): Loss=0.6123, Rho=8.687910, Grad_norm=0.1151, Final_scale=86.8791
🚀 APPLYING GUIDANCE at step 20 (timestep=817)
🎯 GUIDANCE STEP 20 (t=817): Loss=0.6152, Rho=9.930347, Grad_norm=0.1007, Final_scale=99.3035
🚀 APPLYING GUIDANCE at step 21 (timestep=805)
🎯 GUIDANCE STEP 21 (t=805): Loss=0.6118, Rho=3.724374, Grad_norm=0.2685, Final_scale=37.2437
🚀 APPLYING GUIDANCE at step 22 (timestep=792)
🎯 GUIDANCE STEP 22 (t=792): Loss=0.6099, Rho=10.799562, Grad_norm=0.0926, Final_scale=107.9956
🚀 APPLYING GUIDANCE at step 23 (timestep=778)
🎯 GUIDANCE STEP 23 (t=778): Loss=0.6108, Rho=12.676492, Grad_norm=0.0789, Final_scale=126.7649
🚀 APPLYING GUIDANCE at step 24 (timestep=764)
🎯 GUIDANCE STEP 24 (t=764): Loss=0.6069, Rho=3.534673, Grad_norm=0.2829, Final_scale=35.3467
🚀 APPLYING GUIDANCE at step 25 (timestep=749)
🎯 GUIDANCE STEP 25 (t=749): Loss=0.6147, Rho=9.617079, Grad_norm=0.1040, Final_scale=96.1708
🚀 APPLYING GUIDANCE at step 26 (timestep=734)
🎯 GUIDANCE STEP 26 (t=734): Loss=0.6128, Rho=11.025064, Grad_norm=0.0907, Final_scale=110.2506
🚀 APPLYING GUIDANCE at step 27 (timestep=718)
🎯 GUIDANCE STEP 27 (t=718): Loss=0.6147, Rho=12.448765, Grad_norm=0.0803, Final_scale=124.4876
🚀 APPLYING GUIDANCE at step 28 (timestep=701)
🎯 GUIDANCE STEP 28 (t=701): Loss=0.6162, Rho=9.825308, Grad_norm=0.1018, Final_scale=98.2531
🚀 APPLYING GUIDANCE at step 29 (timestep=684)
🎯 GUIDANCE STEP 29 (t=684): Loss=0.6099, Rho=8.774889, Grad_norm=0.1140, Final_scale=87.7489
🚀 APPLYING GUIDANCE at step 30 (timestep=666)
🎯 GUIDANCE STEP 30 (t=666): Loss=0.6138, Rho=11.153390, Grad_norm=0.0897, Final_scale=111.5339
🚀 APPLYING GUIDANCE at step 31 (timestep=647)
🎯 GUIDANCE STEP 31 (t=647): Loss=0.6094, Rho=1.872560, Grad_norm=0.5340, Final_scale=18.7256
🚀 APPLYING GUIDANCE at step 32 (timestep=627)
🎯 GUIDANCE STEP 32 (t=627): Loss=0.6079, Rho=15.687701, Grad_norm=0.0637, Final_scale=156.8770
🚀 APPLYING GUIDANCE at step 33 (timestep=606)
🎯 GUIDANCE STEP 33 (t=606): Loss=0.6064, Rho=11.140378, Grad_norm=0.0898, Final_scale=111.4038
🚀 APPLYING GUIDANCE at step 34 (timestep=585)
🎯 GUIDANCE STEP 34 (t=585): Loss=0.6069, Rho=5.081770, Grad_norm=0.1968, Final_scale=50.8177
🚀 APPLYING GUIDANCE at step 35 (timestep=562)
🎯 GUIDANCE STEP 35 (t=562): Loss=0.6050, Rho=12.466600, Grad_norm=0.0802, Final_scale=124.6660
🚀 APPLYING GUIDANCE at step 36 (timestep=538)
🎯 GUIDANCE STEP 36 (t=538): Loss=0.6035, Rho=14.748135, Grad_norm=0.0678, Final_scale=147.4813
🚀 APPLYING GUIDANCE at step 37 (timestep=512)
🎯 GUIDANCE STEP 37 (t=512): Loss=0.6040, Rho=13.027100, Grad_norm=0.0768, Final_scale=130.2710
🚀 APPLYING GUIDANCE at step 38 (timestep=486)
🎯 GUIDANCE STEP 38 (t=486): Loss=0.6050, Rho=16.962868, Grad_norm=0.0590, Final_scale=169.6287
🚀 APPLYING GUIDANCE at step 39 (timestep=458)
🎯 GUIDANCE STEP 39 (t=458): Loss=0.6030, Rho=22.020489, Grad_norm=0.0454, Final_scale=220.2049
🚀 APPLYING GUIDANCE at step 40 (timestep=428)
🎯 GUIDANCE STEP 40 (t=428): Loss=0.6030, Rho=17.070539, Grad_norm=0.0586, Final_scale=170.7054
🚀 APPLYING GUIDANCE at step 41 (timestep=396)
🎯 GUIDANCE STEP 41 (t=396): Loss=0.6025, Rho=31.959486, Grad_norm=0.0313, Final_scale=319.5949
🚀 APPLYING GUIDANCE at step 42 (timestep=363)
🎯 GUIDANCE STEP 42 (t=363): Loss=0.5996, Rho=20.828045, Grad_norm=0.0480, Final_scale=208.2804
🚀 APPLYING GUIDANCE at step 43 (timestep=327)
🎯 GUIDANCE STEP 43 (t=327): Loss=0.6016, Rho=38.743103, Grad_norm=0.0258, Final_scale=387.4310
🚀 APPLYING GUIDANCE at step 44 (timestep=290)
🎯 GUIDANCE STEP 44 (t=290): Loss=0.5996, Rho=13.580778, Grad_norm=0.0736, Final_scale=135.8078
🚀 APPLYING GUIDANCE at step 45 (timestep=249)
🎯 GUIDANCE STEP 45 (t=249): Loss=0.5996, Rho=25.164165, Grad_norm=0.0397, Final_scale=251.6417
🚀 APPLYING GUIDANCE at step 46 (timestep=206)
🎯 GUIDANCE STEP 46 (t=206): Loss=0.5996, Rho=19.923151, Grad_norm=0.0502, Final_scale=199.2315
🚀 APPLYING GUIDANCE at step 47 (timestep=160)
🎯 GUIDANCE STEP 47 (t=160): Loss=0.5996, Rho=14.706249, Grad_norm=0.0680, Final_scale=147.0625
🚀 APPLYING GUIDANCE at step 48 (timestep=111)
🎯 GUIDANCE STEP 48 (t=111): Loss=0.5986, Rho=27.153503, Grad_norm=0.0368, Final_scale=271.5350
🚀 APPLYING GUIDANCE at step 49 (timestep=57)
🎯 GUIDANCE STEP 49 (t=57): Loss=0.6001, Rho=26.348425, Grad_norm=0.0380, Final_scale=263.4842
[guidance_f17_s50_w8c6_rho10.0_cfg5.0_0701_1658] Generated: generated_videos/subject_consistency/guidance_f17_s50_w8c6_rho10.0_cfg5.0_0701_1658/a_bear_climbing_a_tree.mp4
[guidance_f17_s50_w8c6_rho10.0_cfg5.0_0701_1658] Generating video 3/9 (guidance): a bear hunting for prey
🎬 STARTING GUIDANCE PIPELINE GENERATION
   Frames: 17, Steps: 50, CFG Scale: 5.0

🔧 GUIDANCE PIPELINE CONFIGURATION:
   Guidance range: 0 - 1001
   Rho scale: 10.0
   V-JEPA kernel_size: 8
   V-JEPA context_length: 6
   V-JEPA stride: 2
   V-JEPA mode: max
   Total timesteps: 50

🚀 APPLYING GUIDANCE at step 0 (timestep=999)
🎯 GUIDANCE STEP 0 (t=999): Loss=0.5415, Rho=19.376881, Grad_norm=0.0516, Final_scale=193.7688
🚀 APPLYING GUIDANCE at step 1 (timestep=992)
🎯 GUIDANCE STEP 1 (t=992): Loss=0.5479, Rho=22.918268, Grad_norm=0.0436, Final_scale=229.1827
🚀 APPLYING GUIDANCE at step 2 (timestep=985)
🎯 GUIDANCE STEP 2 (t=985): Loss=0.5415, Rho=26.291889, Grad_norm=0.0380, Final_scale=262.9189
🚀 APPLYING GUIDANCE at step 3 (timestep=978)
🎯 GUIDANCE STEP 3 (t=978): Loss=0.5508, Rho=15.315992, Grad_norm=0.0653, Final_scale=153.1599
🚀 APPLYING GUIDANCE at step 4 (timestep=971)
🎯 GUIDANCE STEP 4 (t=971): Loss=0.5723, Rho=13.594982, Grad_norm=0.0736, Final_scale=135.9498
🚀 APPLYING GUIDANCE at step 5 (timestep=963)
🎯 GUIDANCE STEP 5 (t=963): Loss=0.5732, Rho=22.699652, Grad_norm=0.0441, Final_scale=226.9965
🚀 APPLYING GUIDANCE at step 6 (timestep=956)
🎯 GUIDANCE STEP 6 (t=956): Loss=0.5845, Rho=13.894938, Grad_norm=0.0720, Final_scale=138.9494
🚀 APPLYING GUIDANCE at step 7 (timestep=948)
🎯 GUIDANCE STEP 7 (t=948): Loss=0.5840, Rho=24.421339, Grad_norm=0.0409, Final_scale=244.2134
🚀 APPLYING GUIDANCE at step 8 (timestep=939)
🎯 GUIDANCE STEP 8 (t=939): Loss=0.5903, Rho=16.890528, Grad_norm=0.0592, Final_scale=168.9053
🚀 APPLYING GUIDANCE at step 9 (timestep=931)
🎯 GUIDANCE STEP 9 (t=931): Loss=0.5981, Rho=22.596666, Grad_norm=0.0443, Final_scale=225.9667
🚀 APPLYING GUIDANCE at step 10 (timestep=922)
🎯 GUIDANCE STEP 10 (t=922): Loss=0.5991, Rho=14.910486, Grad_norm=0.0671, Final_scale=149.1049
🚀 APPLYING GUIDANCE at step 11 (timestep=913)
🎯 GUIDANCE STEP 11 (t=913): Loss=0.6104, Rho=13.187891, Grad_norm=0.0758, Final_scale=131.8789
🚀 APPLYING GUIDANCE at step 12 (timestep=904)
🎯 GUIDANCE STEP 12 (t=904): Loss=0.6147, Rho=20.854771, Grad_norm=0.0480, Final_scale=208.5477
🚀 APPLYING GUIDANCE at step 13 (timestep=894)
🎯 GUIDANCE STEP 13 (t=894): Loss=0.6143, Rho=13.744390, Grad_norm=0.0728, Final_scale=137.4439
🚀 APPLYING GUIDANCE at step 14 (timestep=884)
🎯 GUIDANCE STEP 14 (t=884): Loss=0.6094, Rho=17.326679, Grad_norm=0.0577, Final_scale=173.2668
🚀 APPLYING GUIDANCE at step 15 (timestep=874)
🎯 GUIDANCE STEP 15 (t=874): Loss=0.6138, Rho=15.612740, Grad_norm=0.0641, Final_scale=156.1274
🚀 APPLYING GUIDANCE at step 16 (timestep=864)
🎯 GUIDANCE STEP 16 (t=864): Loss=0.6099, Rho=14.919944, Grad_norm=0.0670, Final_scale=149.1994
🚀 APPLYING GUIDANCE at step 17 (timestep=853)
🎯 GUIDANCE STEP 17 (t=853): Loss=0.6050, Rho=23.081984, Grad_norm=0.0433, Final_scale=230.8198
🚀 APPLYING GUIDANCE at step 18 (timestep=841)
🎯 GUIDANCE STEP 18 (t=841): Loss=0.6055, Rho=10.480322, Grad_norm=0.0954, Final_scale=104.8032
🚀 APPLYING GUIDANCE at step 19 (timestep=829)
🎯 GUIDANCE STEP 19 (t=829): Loss=0.6050, Rho=14.471732, Grad_norm=0.0691, Final_scale=144.7173
🚀 APPLYING GUIDANCE at step 20 (timestep=817)
🎯 GUIDANCE STEP 20 (t=817): Loss=0.6064, Rho=10.115586, Grad_norm=0.0989, Final_scale=101.1559
🚀 APPLYING GUIDANCE at step 21 (timestep=805)
🎯 GUIDANCE STEP 21 (t=805): Loss=0.6055, Rho=17.830927, Grad_norm=0.0561, Final_scale=178.3093
🚀 APPLYING GUIDANCE at step 22 (timestep=792)
🎯 GUIDANCE STEP 22 (t=792): Loss=0.5991, Rho=13.990470, Grad_norm=0.0715, Final_scale=139.9047
🚀 APPLYING GUIDANCE at step 23 (timestep=778)
🎯 GUIDANCE STEP 23 (t=778): Loss=0.6011, Rho=22.575346, Grad_norm=0.0443, Final_scale=225.7535
🚀 APPLYING GUIDANCE at step 24 (timestep=764)
🎯 GUIDANCE STEP 24 (t=764): Loss=0.6001, Rho=11.229061, Grad_norm=0.0891, Final_scale=112.2906
🚀 APPLYING GUIDANCE at step 25 (timestep=749)
🎯 GUIDANCE STEP 25 (t=749): Loss=0.6001, Rho=24.041321, Grad_norm=0.0416, Final_scale=240.4132
🚀 APPLYING GUIDANCE at step 26 (timestep=734)
🎯 GUIDANCE STEP 26 (t=734): Loss=0.5991, Rho=17.907196, Grad_norm=0.0558, Final_scale=179.0720
🚀 APPLYING GUIDANCE at step 27 (timestep=718)
🎯 GUIDANCE STEP 27 (t=718): Loss=0.5986, Rho=20.458117, Grad_norm=0.0489, Final_scale=204.5812
🚀 APPLYING GUIDANCE at step 28 (timestep=701)
🎯 GUIDANCE STEP 28 (t=701): Loss=0.5972, Rho=32.630642, Grad_norm=0.0306, Final_scale=326.3064
🚀 APPLYING GUIDANCE at step 29 (timestep=684)
🎯 GUIDANCE STEP 29 (t=684): Loss=0.5981, Rho=23.397556, Grad_norm=0.0427, Final_scale=233.9756
🚀 APPLYING GUIDANCE at step 30 (timestep=666)
🎯 GUIDANCE STEP 30 (t=666): Loss=0.5977, Rho=25.403423, Grad_norm=0.0394, Final_scale=254.0342
🚀 APPLYING GUIDANCE at step 31 (timestep=647)
🎯 GUIDANCE STEP 31 (t=647): Loss=0.5986, Rho=8.614439, Grad_norm=0.1161, Final_scale=86.1444
🚀 APPLYING GUIDANCE at step 32 (timestep=627)
🎯 GUIDANCE STEP 32 (t=627): Loss=0.5991, Rho=22.620625, Grad_norm=0.0442, Final_scale=226.2062
🚀 APPLYING GUIDANCE at step 33 (timestep=606)
🎯 GUIDANCE STEP 33 (t=606): Loss=0.5981, Rho=29.506948, Grad_norm=0.0339, Final_scale=295.0695
🚀 APPLYING GUIDANCE at step 34 (timestep=585)
🎯 GUIDANCE STEP 34 (t=585): Loss=0.5962, Rho=7.908422, Grad_norm=0.1264, Final_scale=79.0842
🚀 APPLYING GUIDANCE at step 35 (timestep=562)
🎯 GUIDANCE STEP 35 (t=562): Loss=0.6040, Rho=38.560883, Grad_norm=0.0259, Final_scale=385.6088
🚀 APPLYING GUIDANCE at step 36 (timestep=538)
🎯 GUIDANCE STEP 36 (t=538): Loss=0.5991, Rho=51.656559, Grad_norm=0.0194, Final_scale=516.5656
🚀 APPLYING GUIDANCE at step 37 (timestep=512)
🎯 GUIDANCE STEP 37 (t=512): Loss=0.6025, Rho=18.554140, Grad_norm=0.0539, Final_scale=185.5414
🚀 APPLYING GUIDANCE at step 38 (timestep=486)
🎯 GUIDANCE STEP 38 (t=486): Loss=0.5996, Rho=37.834145, Grad_norm=0.0264, Final_scale=378.3414
🚀 APPLYING GUIDANCE at step 39 (timestep=458)
🎯 GUIDANCE STEP 39 (t=458): Loss=0.5967, Rho=39.412876, Grad_norm=0.0254, Final_scale=394.1288
🚀 APPLYING GUIDANCE at step 40 (timestep=428)
🎯 GUIDANCE STEP 40 (t=428): Loss=0.5981, Rho=12.124270, Grad_norm=0.0825, Final_scale=121.2427
🚀 APPLYING GUIDANCE at step 41 (timestep=396)
🎯 GUIDANCE STEP 41 (t=396): Loss=0.5957, Rho=32.434853, Grad_norm=0.0308, Final_scale=324.3485
🚀 APPLYING GUIDANCE at step 42 (timestep=363)
🎯 GUIDANCE STEP 42 (t=363): Loss=0.5991, Rho=66.401268, Grad_norm=0.0151, Final_scale=664.0127
🚀 APPLYING GUIDANCE at step 43 (timestep=327)
🎯 GUIDANCE STEP 43 (t=327): Loss=0.5977, Rho=13.315521, Grad_norm=0.0751, Final_scale=133.1552
🚀 APPLYING GUIDANCE at step 44 (timestep=290)
🎯 GUIDANCE STEP 44 (t=290): Loss=0.5981, Rho=37.302540, Grad_norm=0.0268, Final_scale=373.0254
🚀 APPLYING GUIDANCE at step 45 (timestep=249)
🎯 GUIDANCE STEP 45 (t=249): Loss=0.5962, Rho=42.204723, Grad_norm=0.0237, Final_scale=422.0472
🚀 APPLYING GUIDANCE at step 46 (timestep=206)
🎯 GUIDANCE STEP 46 (t=206): Loss=0.5977, Rho=40.574619, Grad_norm=0.0246, Final_scale=405.7462
🚀 APPLYING GUIDANCE at step 47 (timestep=160)
🎯 GUIDANCE STEP 47 (t=160): Loss=0.5991, Rho=24.357990, Grad_norm=0.0411, Final_scale=243.5799
🚀 APPLYING GUIDANCE at step 48 (timestep=111)
🎯 GUIDANCE STEP 48 (t=111): Loss=0.5962, Rho=47.584381, Grad_norm=0.0210, Final_scale=475.8438
🚀 APPLYING GUIDANCE at step 49 (timestep=57)
🎯 GUIDANCE STEP 49 (t=57): Loss=0.5952, Rho=27.351721, Grad_norm=0.0366, Final_scale=273.5172
[guidance_f17_s50_w8c6_rho10.0_cfg5.0_0701_1658] Generated: generated_videos/subject_consistency/guidance_f17_s50_w8c6_rho10.0_cfg5.0_0701_1658/a_bird_soaring_gracefully_in_the_sky.mp4
[guidance_f17_s50_w8c6_rho10.0_cfg5.0_0701_1658] Generating video 4/9 (guidance): a bird building a nest from twigs and leaves
🎬 STARTING GUIDANCE PIPELINE GENERATION
   Frames: 17, Steps: 50, CFG Scale: 5.0

🔧 GUIDANCE PIPELINE CONFIGURATION:
   Guidance range: 0 - 1001
   Rho scale: 10.0
   V-JEPA kernel_size: 8
   V-JEPA context_length: 6
   V-JEPA stride: 2
   V-JEPA mode: max
   Total timesteps: 50

🚀 APPLYING GUIDANCE at step 0 (timestep=999)
🎯 GUIDANCE STEP 0 (t=999): Loss=0.5791, Rho=20.203739, Grad_norm=0.0495, Final_scale=202.0374
🚀 APPLYING GUIDANCE at step 1 (timestep=992)
🎯 GUIDANCE STEP 1 (t=992): Loss=0.5400, Rho=36.737812, Grad_norm=0.0272, Final_scale=367.3781
🚀 APPLYING GUIDANCE at step 2 (timestep=985)
🎯 GUIDANCE STEP 2 (t=985): Loss=0.5610, Rho=5.454881, Grad_norm=0.1833, Final_scale=54.5488
🚀 APPLYING GUIDANCE at step 3 (timestep=978)
🎯 GUIDANCE STEP 3 (t=978): Loss=0.5635, Rho=13.402951, Grad_norm=0.0746, Final_scale=134.0295
🚀 APPLYING GUIDANCE at step 4 (timestep=971)
🎯 GUIDANCE STEP 4 (t=971): Loss=0.5703, Rho=11.696347, Grad_norm=0.0855, Final_scale=116.9635
🚀 APPLYING GUIDANCE at step 5 (timestep=963)
🎯 GUIDANCE STEP 5 (t=963): Loss=0.5752, Rho=14.011287, Grad_norm=0.0714, Final_scale=140.1129
🚀 APPLYING GUIDANCE at step 6 (timestep=956)
🎯 GUIDANCE STEP 6 (t=956): Loss=0.5850, Rho=11.074417, Grad_norm=0.0903, Final_scale=110.7442
🚀 APPLYING GUIDANCE at step 7 (timestep=948)
🎯 GUIDANCE STEP 7 (t=948): Loss=0.5884, Rho=11.509027, Grad_norm=0.0869, Final_scale=115.0903
🚀 APPLYING GUIDANCE at step 8 (timestep=939)
🎯 GUIDANCE STEP 8 (t=939): Loss=0.5942, Rho=5.397448, Grad_norm=0.1853, Final_scale=53.9745
🚀 APPLYING GUIDANCE at step 9 (timestep=931)
🎯 GUIDANCE STEP 9 (t=931): Loss=0.5947, Rho=4.668798, Grad_norm=0.2142, Final_scale=46.6880
🚀 APPLYING GUIDANCE at step 10 (timestep=922)
🎯 GUIDANCE STEP 10 (t=922): Loss=0.5967, Rho=12.308120, Grad_norm=0.0812, Final_scale=123.0812
🚀 APPLYING GUIDANCE at step 11 (timestep=913)
🎯 GUIDANCE STEP 11 (t=913): Loss=0.6025, Rho=8.256219, Grad_norm=0.1211, Final_scale=82.5622
🚀 APPLYING GUIDANCE at step 12 (timestep=904)
🎯 GUIDANCE STEP 12 (t=904): Loss=0.6006, Rho=5.455017, Grad_norm=0.1833, Final_scale=54.5502
🚀 APPLYING GUIDANCE at step 13 (timestep=894)
🎯 GUIDANCE STEP 13 (t=894): Loss=0.6035, Rho=14.142447, Grad_norm=0.0707, Final_scale=141.4245
🚀 APPLYING GUIDANCE at step 14 (timestep=884)
🎯 GUIDANCE STEP 14 (t=884): Loss=0.6060, Rho=3.386755, Grad_norm=0.2953, Final_scale=33.8675
🚀 APPLYING GUIDANCE at step 15 (timestep=874)
🎯 GUIDANCE STEP 15 (t=874): Loss=0.6040, Rho=12.912355, Grad_norm=0.0774, Final_scale=129.1236
🚀 APPLYING GUIDANCE at step 16 (timestep=864)
🎯 GUIDANCE STEP 16 (t=864): Loss=0.6035, Rho=8.564001, Grad_norm=0.1168, Final_scale=85.6400
🚀 APPLYING GUIDANCE at step 17 (timestep=853)
🎯 GUIDANCE STEP 17 (t=853): Loss=0.6025, Rho=7.546686, Grad_norm=0.1325, Final_scale=75.4669
🚀 APPLYING GUIDANCE at step 18 (timestep=841)
🎯 GUIDANCE STEP 18 (t=841): Loss=0.6050, Rho=10.439038, Grad_norm=0.0958, Final_scale=104.3904
🚀 APPLYING GUIDANCE at step 19 (timestep=829)
🎯 GUIDANCE STEP 19 (t=829): Loss=0.6025, Rho=4.092546, Grad_norm=0.2443, Final_scale=40.9255
🚀 APPLYING GUIDANCE at step 20 (timestep=817)
🎯 GUIDANCE STEP 20 (t=817): Loss=0.6104, Rho=6.390336, Grad_norm=0.1565, Final_scale=63.9034
🚀 APPLYING GUIDANCE at step 21 (timestep=805)
🎯 GUIDANCE STEP 21 (t=805): Loss=0.6099, Rho=11.787080, Grad_norm=0.0848, Final_scale=117.8708
🚀 APPLYING GUIDANCE at step 22 (timestep=792)
🎯 GUIDANCE STEP 22 (t=792): Loss=0.6094, Rho=10.594373, Grad_norm=0.0944, Final_scale=105.9437
🚀 APPLYING GUIDANCE at step 23 (timestep=778)
🎯 GUIDANCE STEP 23 (t=778): Loss=0.6074, Rho=11.380612, Grad_norm=0.0879, Final_scale=113.8061
🚀 APPLYING GUIDANCE at step 24 (timestep=764)
🎯 GUIDANCE STEP 24 (t=764): Loss=0.6064, Rho=5.718612, Grad_norm=0.1749, Final_scale=57.1861
🚀 APPLYING GUIDANCE at step 25 (timestep=749)
🎯 GUIDANCE STEP 25 (t=749): Loss=0.6094, Rho=20.065405, Grad_norm=0.0498, Final_scale=200.6540
🚀 APPLYING GUIDANCE at step 26 (timestep=734)
🎯 GUIDANCE STEP 26 (t=734): Loss=0.6064, Rho=12.806190, Grad_norm=0.0781, Final_scale=128.0619
🚀 APPLYING GUIDANCE at step 27 (timestep=718)
🎯 GUIDANCE STEP 27 (t=718): Loss=0.6118, Rho=14.744405, Grad_norm=0.0678, Final_scale=147.4440
🚀 APPLYING GUIDANCE at step 28 (timestep=701)
🎯 GUIDANCE STEP 28 (t=701): Loss=0.6074, Rho=13.961501, Grad_norm=0.0716, Final_scale=139.6150
🚀 APPLYING GUIDANCE at step 29 (timestep=684)
🎯 GUIDANCE STEP 29 (t=684): Loss=0.6118, Rho=5.269275, Grad_norm=0.1898, Final_scale=52.6927
🚀 APPLYING GUIDANCE at step 30 (timestep=666)
🎯 GUIDANCE STEP 30 (t=666): Loss=0.6074, Rho=9.783011, Grad_norm=0.1022, Final_scale=97.8301
🚀 APPLYING GUIDANCE at step 31 (timestep=647)
🎯 GUIDANCE STEP 31 (t=647): Loss=0.6069, Rho=7.827352, Grad_norm=0.1278, Final_scale=78.2735
🚀 APPLYING GUIDANCE at step 32 (timestep=627)
🎯 GUIDANCE STEP 32 (t=627): Loss=0.6060, Rho=1.936612, Grad_norm=0.5164, Final_scale=19.3661
🚀 APPLYING GUIDANCE at step 33 (timestep=606)
🎯 GUIDANCE STEP 33 (t=606): Loss=0.6055, Rho=5.024646, Grad_norm=0.1990, Final_scale=50.2465
🚀 APPLYING GUIDANCE at step 34 (timestep=585)
🎯 GUIDANCE STEP 34 (t=585): Loss=0.6079, Rho=4.011509, Grad_norm=0.2493, Final_scale=40.1151
🚀 APPLYING GUIDANCE at step 35 (timestep=562)
🎯 GUIDANCE STEP 35 (t=562): Loss=0.6074, Rho=9.906172, Grad_norm=0.1009, Final_scale=99.0617
🚀 APPLYING GUIDANCE at step 36 (timestep=538)
🎯 GUIDANCE STEP 36 (t=538): Loss=0.6055, Rho=7.151228, Grad_norm=0.1398, Final_scale=71.5123
🚀 APPLYING GUIDANCE at step 37 (timestep=512)
🎯 GUIDANCE STEP 37 (t=512): Loss=0.6045, Rho=7.043211, Grad_norm=0.1420, Final_scale=70.4321
🚀 APPLYING GUIDANCE at step 38 (timestep=486)
🎯 GUIDANCE STEP 38 (t=486): Loss=0.6035, Rho=10.567730, Grad_norm=0.0946, Final_scale=105.6773
🚀 APPLYING GUIDANCE at step 39 (timestep=458)
🎯 GUIDANCE STEP 39 (t=458): Loss=0.6021, Rho=22.825970, Grad_norm=0.0438, Final_scale=228.2597
🚀 APPLYING GUIDANCE at step 40 (timestep=428)
🎯 GUIDANCE STEP 40 (t=428): Loss=0.6021, Rho=4.492697, Grad_norm=0.2226, Final_scale=44.9270
🚀 APPLYING GUIDANCE at step 41 (timestep=396)
🎯 GUIDANCE STEP 41 (t=396): Loss=0.6050, Rho=14.131466, Grad_norm=0.0708, Final_scale=141.3147
🚀 APPLYING GUIDANCE at step 42 (timestep=363)
🎯 GUIDANCE STEP 42 (t=363): Loss=0.6030, Rho=4.216631, Grad_norm=0.2372, Final_scale=42.1663
🚀 APPLYING GUIDANCE at step 43 (timestep=327)
🎯 GUIDANCE STEP 43 (t=327): Loss=0.6001, Rho=22.189569, Grad_norm=0.0451, Final_scale=221.8957
🚀 APPLYING GUIDANCE at step 44 (timestep=290)
🎯 GUIDANCE STEP 44 (t=290): Loss=0.5981, Rho=20.229815, Grad_norm=0.0494, Final_scale=202.2981
🚀 APPLYING GUIDANCE at step 45 (timestep=249)
🎯 GUIDANCE STEP 45 (t=249): Loss=0.5991, Rho=21.077641, Grad_norm=0.0474, Final_scale=210.7764
🚀 APPLYING GUIDANCE at step 46 (timestep=206)
🎯 GUIDANCE STEP 46 (t=206): Loss=0.5991, Rho=9.565851, Grad_norm=0.1045, Final_scale=95.6585
🚀 APPLYING GUIDANCE at step 47 (timestep=160)
🎯 GUIDANCE STEP 47 (t=160): Loss=0.5977, Rho=13.026343, Grad_norm=0.0768, Final_scale=130.2634
🚀 APPLYING GUIDANCE at step 48 (timestep=111)
🎯 GUIDANCE STEP 48 (t=111): Loss=0.5972, Rho=4.725634, Grad_norm=0.2116, Final_scale=47.2563
🚀 APPLYING GUIDANCE at step 49 (timestep=57)
🎯 GUIDANCE STEP 49 (t=57): Loss=0.5962, Rho=2.488908, Grad_norm=0.4018, Final_scale=24.8891
[guidance_f17_s50_w8c6_rho10.0_cfg5.0_0701_1658] Generated: generated_videos/subject_consistency/guidance_f17_s50_w8c6_rho10.0_cfg5.0_0701_1658/a_dog_drinking_water.mp4
[guidance_f17_s50_w8c6_rho10.0_cfg5.0_0701_1658] Generating video 4/9 (guidance): a dog running happily
🎬 STARTING GUIDANCE PIPELINE GENERATION
   Frames: 17, Steps: 50, CFG Scale: 5.0

🔧 GUIDANCE PIPELINE CONFIGURATION:
   Guidance range: 0 - 1001
   Rho scale: 10.0
   V-JEPA kernel_size: 8
   V-JEPA context_length: 6
   V-JEPA stride: 2
   V-JEPA mode: max
   Total timesteps: 50

🚀 APPLYING GUIDANCE at step 0 (timestep=999)
🎯 GUIDANCE STEP 0 (t=999): Loss=0.5601, Rho=10.433000, Grad_norm=0.0958, Final_scale=104.3300
🚀 APPLYING GUIDANCE at step 1 (timestep=992)
🎯 GUIDANCE STEP 1 (t=992): Loss=0.5527, Rho=11.811087, Grad_norm=0.0847, Final_scale=118.1109
🚀 APPLYING GUIDANCE at step 2 (timestep=985)
🎯 GUIDANCE STEP 2 (t=985): Loss=0.5410, Rho=13.118958, Grad_norm=0.0762, Final_scale=131.1896
🚀 APPLYING GUIDANCE at step 3 (timestep=978)
🎯 GUIDANCE STEP 3 (t=978): Loss=0.5620, Rho=13.541159, Grad_norm=0.0738, Final_scale=135.4116
🚀 APPLYING GUIDANCE at step 4 (timestep=971)
🎯 GUIDANCE STEP 4 (t=971): Loss=0.5728, Rho=9.116651, Grad_norm=0.1097, Final_scale=91.1665
🚀 APPLYING GUIDANCE at step 5 (timestep=963)
🎯 GUIDANCE STEP 5 (t=963): Loss=0.5928, Rho=18.974571, Grad_norm=0.0527, Final_scale=189.7457
🚀 APPLYING GUIDANCE at step 6 (timestep=956)
🎯 GUIDANCE STEP 6 (t=956): Loss=0.6011, Rho=10.135208, Grad_norm=0.0987, Final_scale=101.3521
🚀 APPLYING GUIDANCE at step 7 (timestep=948)
🎯 GUIDANCE STEP 7 (t=948): Loss=0.6040, Rho=13.691528, Grad_norm=0.0730, Final_scale=136.9153
🚀 APPLYING GUIDANCE at step 8 (timestep=939)
🎯 GUIDANCE STEP 8 (t=939): Loss=0.6060, Rho=9.133568, Grad_norm=0.1095, Final_scale=91.3357
🚀 APPLYING GUIDANCE at step 9 (timestep=931)
🎯 GUIDANCE STEP 9 (t=931): Loss=0.6069, Rho=14.776853, Grad_norm=0.0677, Final_scale=147.7685
🚀 APPLYING GUIDANCE at step 10 (timestep=922)
🎯 GUIDANCE STEP 10 (t=922): Loss=0.6089, Rho=10.467748, Grad_norm=0.0955, Final_scale=104.6775
🚀 APPLYING GUIDANCE at step 11 (timestep=913)
🎯 GUIDANCE STEP 11 (t=913): Loss=0.6089, Rho=13.889802, Grad_norm=0.0720, Final_scale=138.8980
🚀 APPLYING GUIDANCE at step 12 (timestep=904)
🎯 GUIDANCE STEP 12 (t=904): Loss=0.6060, Rho=16.383825, Grad_norm=0.0610, Final_scale=163.8383
🚀 APPLYING GUIDANCE at step 13 (timestep=894)
🎯 GUIDANCE STEP 13 (t=894): Loss=0.6069, Rho=9.593225, Grad_norm=0.1042, Final_scale=95.9323
🚀 APPLYING GUIDANCE at step 14 (timestep=884)
🎯 GUIDANCE STEP 14 (t=884): Loss=0.6079, Rho=13.253297, Grad_norm=0.0755, Final_scale=132.5330
🚀 APPLYING GUIDANCE at step 15 (timestep=874)
🎯 GUIDANCE STEP 15 (t=874): Loss=0.6113, Rho=15.833866, Grad_norm=0.0632, Final_scale=158.3387
🚀 APPLYING GUIDANCE at step 16 (timestep=864)
🎯 GUIDANCE STEP 16 (t=864): Loss=0.6089, Rho=9.423449, Grad_norm=0.1061, Final_scale=94.2345
🚀 APPLYING GUIDANCE at step 17 (timestep=853)
🎯 GUIDANCE STEP 17 (t=853): Loss=0.6113, Rho=14.465125, Grad_norm=0.0691, Final_scale=144.6513
🚀 APPLYING GUIDANCE at step 18 (timestep=841)
🎯 GUIDANCE STEP 18 (t=841): Loss=0.6060, Rho=10.173887, Grad_norm=0.0983, Final_scale=101.7389
🚀 APPLYING GUIDANCE at step 19 (timestep=829)
🎯 GUIDANCE STEP 19 (t=829): Loss=0.6045, Rho=13.604703, Grad_norm=0.0735, Final_scale=136.0470
🚀 APPLYING GUIDANCE at step 20 (timestep=817)
🎯 GUIDANCE STEP 20 (t=817): Loss=0.6021, Rho=19.742615, Grad_norm=0.0507, Final_scale=197.4261
🚀 APPLYING GUIDANCE at step 21 (timestep=805)
🎯 GUIDANCE STEP 21 (t=805): Loss=0.6040, Rho=12.755157, Grad_norm=0.0784, Final_scale=127.5516
🚀 APPLYING GUIDANCE at step 22 (timestep=792)
🎯 GUIDANCE STEP 22 (t=792): Loss=0.6040, Rho=6.239985, Grad_norm=0.1603, Final_scale=62.3999
🚀 APPLYING GUIDANCE at step 23 (timestep=778)
🎯 GUIDANCE STEP 23 (t=778): Loss=0.6025, Rho=13.026882, Grad_norm=0.0768, Final_scale=130.2688
🚀 APPLYING GUIDANCE at step 24 (timestep=764)
🎯 GUIDANCE STEP 24 (t=764): Loss=0.6025, Rho=13.046526, Grad_norm=0.0766, Final_scale=130.4653
🚀 APPLYING GUIDANCE at step 25 (timestep=749)
🎯 GUIDANCE STEP 25 (t=749): Loss=0.6040, Rho=11.687893, Grad_norm=0.0856, Final_scale=116.8789
🚀 APPLYING GUIDANCE at step 26 (timestep=734)
🎯 GUIDANCE STEP 26 (t=734): Loss=0.6006, Rho=4.304450, Grad_norm=0.2323, Final_scale=43.0445
🚀 APPLYING GUIDANCE at step 27 (timestep=718)
🎯 GUIDANCE STEP 27 (t=718): Loss=0.6045, Rho=5.671847, Grad_norm=0.1763, Final_scale=56.7185
🚀 APPLYING GUIDANCE at step 28 (timestep=701)
🎯 GUIDANCE STEP 28 (t=701): Loss=0.6025, Rho=20.442644, Grad_norm=0.0489, Final_scale=204.4264
🚀 APPLYING GUIDANCE at step 29 (timestep=684)
🎯 GUIDANCE STEP 29 (t=684): Loss=0.6006, Rho=15.863406, Grad_norm=0.0630, Final_scale=158.6341
🚀 APPLYING GUIDANCE at step 30 (timestep=666)
🎯 GUIDANCE STEP 30 (t=666): Loss=0.6045, Rho=11.926034, Grad_norm=0.0839, Final_scale=119.2603
🚀 APPLYING GUIDANCE at step 31 (timestep=647)
🎯 GUIDANCE STEP 31 (t=647): Loss=0.6001, Rho=10.525761, Grad_norm=0.0950, Final_scale=105.2576
🚀 APPLYING GUIDANCE at step 32 (timestep=627)
🎯 GUIDANCE STEP 32 (t=627): Loss=0.6011, Rho=8.493245, Grad_norm=0.1177, Final_scale=84.9325
🚀 APPLYING GUIDANCE at step 33 (timestep=606)
🎯 GUIDANCE STEP 33 (t=606): Loss=0.6021, Rho=7.674343, Grad_norm=0.1303, Final_scale=76.7434
🚀 APPLYING GUIDANCE at step 34 (timestep=585)
🎯 GUIDANCE STEP 34 (t=585): Loss=0.6001, Rho=12.043716, Grad_norm=0.0830, Final_scale=120.4372
🚀 APPLYING GUIDANCE at step 35 (timestep=562)
🎯 GUIDANCE STEP 35 (t=562): Loss=0.6021, Rho=23.630312, Grad_norm=0.0423, Final_scale=236.3031
🚀 APPLYING GUIDANCE at step 36 (timestep=538)
🎯 GUIDANCE STEP 36 (t=538): Loss=0.5996, Rho=5.740773, Grad_norm=0.1742, Final_scale=57.4077
🚀 APPLYING GUIDANCE at step 37 (timestep=512)
🎯 GUIDANCE STEP 37 (t=512): Loss=0.6016, Rho=24.755423, Grad_norm=0.0404, Final_scale=247.5542
🚀 APPLYING GUIDANCE at step 38 (timestep=486)
🎯 GUIDANCE STEP 38 (t=486): Loss=0.6001, Rho=7.909300, Grad_norm=0.1264, Final_scale=79.0930
🚀 APPLYING GUIDANCE at step 39 (timestep=458)
🎯 GUIDANCE STEP 39 (t=458): Loss=0.6040, Rho=25.540226, Grad_norm=0.0392, Final_scale=255.4023
🚀 APPLYING GUIDANCE at step 40 (timestep=428)
🎯 GUIDANCE STEP 40 (t=428): Loss=0.6006, Rho=26.054779, Grad_norm=0.0384, Final_scale=260.5478
🚀 APPLYING GUIDANCE at step 41 (timestep=396)
🎯 GUIDANCE STEP 41 (t=396): Loss=0.6016, Rho=19.598898, Grad_norm=0.0510, Final_scale=195.9890
🚀 APPLYING GUIDANCE at step 42 (timestep=363)
🎯 GUIDANCE STEP 42 (t=363): Loss=0.6006, Rho=22.562477, Grad_norm=0.0443, Final_scale=225.6248
🚀 APPLYING GUIDANCE at step 43 (timestep=327)
🎯 GUIDANCE STEP 43 (t=327): Loss=0.6001, Rho=26.790056, Grad_norm=0.0373, Final_scale=267.9006
🚀 APPLYING GUIDANCE at step 44 (timestep=290)
🎯 GUIDANCE STEP 44 (t=290): Loss=0.5981, Rho=14.943239, Grad_norm=0.0669, Final_scale=149.4324
🚀 APPLYING GUIDANCE at step 45 (timestep=249)
🎯 GUIDANCE STEP 45 (t=249): Loss=0.5981, Rho=31.082636, Grad_norm=0.0322, Final_scale=310.8264
🚀 APPLYING GUIDANCE at step 46 (timestep=206)
🎯 GUIDANCE STEP 46 (t=206): Loss=0.5972, Rho=20.508762, Grad_norm=0.0488, Final_scale=205.0876
🚀 APPLYING GUIDANCE at step 47 (timestep=160)
🎯 GUIDANCE STEP 47 (t=160): Loss=0.5938, Rho=21.799000, Grad_norm=0.0459, Final_scale=217.9900
🚀 APPLYING GUIDANCE at step 48 (timestep=111)
🎯 GUIDANCE STEP 48 (t=111): Loss=0.5947, Rho=26.216307, Grad_norm=0.0381, Final_scale=262.1631
🚀 APPLYING GUIDANCE at step 49 (timestep=57)
🎯 GUIDANCE STEP 49 (t=57): Loss=0.5918, Rho=23.124680, Grad_norm=0.0432, Final_scale=231.2468
[guidance_f17_s50_w8c6_rho10.0_cfg5.0_0701_1658] Generated: generated_videos/subject_consistency/guidance_f17_s50_w8c6_rho10.0_cfg5.0_0701_1658/a_cow_bending_down_to_drink_water_from_a_river.mp4
[guidance_f17_s50_w8c6_rho10.0_cfg5.0_0701_1658] Generating video 4/9 (guidance): a cow chewing cud while resting in a tranquil barn
🎬 STARTING GUIDANCE PIPELINE GENERATION
   Frames: 17, Steps: 50, CFG Scale: 5.0

🔧 GUIDANCE PIPELINE CONFIGURATION:
   Guidance range: 0 - 1001
   Rho scale: 10.0
   V-JEPA kernel_size: 8
   V-JEPA context_length: 6
   V-JEPA stride: 2
   V-JEPA mode: max
   Total timesteps: 50

🚀 APPLYING GUIDANCE at step 0 (timestep=999)
🎯 GUIDANCE STEP 0 (t=999): Loss=0.5591, Rho=21.112013, Grad_norm=0.0474, Final_scale=211.1201
🚀 APPLYING GUIDANCE at step 1 (timestep=992)
🎯 GUIDANCE STEP 1 (t=992): Loss=0.5371, Rho=17.973515, Grad_norm=0.0556, Final_scale=179.7351
🚀 APPLYING GUIDANCE at step 2 (timestep=985)
🎯 GUIDANCE STEP 2 (t=985): Loss=0.5347, Rho=39.092152, Grad_norm=0.0256, Final_scale=390.9215
🚀 APPLYING GUIDANCE at step 3 (timestep=978)
🎯 GUIDANCE STEP 3 (t=978): Loss=0.5508, Rho=17.982851, Grad_norm=0.0556, Final_scale=179.8285
🚀 APPLYING GUIDANCE at step 4 (timestep=971)
🎯 GUIDANCE STEP 4 (t=971): Loss=0.5786, Rho=20.649559, Grad_norm=0.0484, Final_scale=206.4956
🚀 APPLYING GUIDANCE at step 5 (timestep=963)
🎯 GUIDANCE STEP 5 (t=963): Loss=0.5635, Rho=15.186473, Grad_norm=0.0658, Final_scale=151.8647
🚀 APPLYING GUIDANCE at step 6 (timestep=956)
🎯 GUIDANCE STEP 6 (t=956): Loss=0.5796, Rho=15.295503, Grad_norm=0.0654, Final_scale=152.9550
🚀 APPLYING GUIDANCE at step 7 (timestep=948)
🎯 GUIDANCE STEP 7 (t=948): Loss=0.5801, Rho=12.290525, Grad_norm=0.0814, Final_scale=122.9053
🚀 APPLYING GUIDANCE at step 8 (timestep=939)
🎯 GUIDANCE STEP 8 (t=939): Loss=0.5737, Rho=9.917995, Grad_norm=0.1008, Final_scale=99.1800
🚀 APPLYING GUIDANCE at step 9 (timestep=931)
🎯 GUIDANCE STEP 9 (t=931): Loss=0.5806, Rho=3.006105, Grad_norm=0.3327, Final_scale=30.0610
🚀 APPLYING GUIDANCE at step 10 (timestep=922)
🎯 GUIDANCE STEP 10 (t=922): Loss=0.5825, Rho=5.871048, Grad_norm=0.1703, Final_scale=58.7105
🚀 APPLYING GUIDANCE at step 11 (timestep=913)
🎯 GUIDANCE STEP 11 (t=913): Loss=0.5864, Rho=4.253631, Grad_norm=0.2351, Final_scale=42.5363
🚀 APPLYING GUIDANCE at step 12 (timestep=904)
🎯 GUIDANCE STEP 12 (t=904): Loss=0.5938, Rho=3.136643, Grad_norm=0.3188, Final_scale=31.3664
🚀 APPLYING GUIDANCE at step 13 (timestep=894)
🎯 GUIDANCE STEP 13 (t=894): Loss=0.5957, Rho=5.589384, Grad_norm=0.1789, Final_scale=55.8938
🚀 APPLYING GUIDANCE at step 14 (timestep=884)
🎯 GUIDANCE STEP 14 (t=884): Loss=0.5986, Rho=5.755581, Grad_norm=0.1737, Final_scale=57.5558
🚀 APPLYING GUIDANCE at step 15 (timestep=874)
🎯 GUIDANCE STEP 15 (t=874): Loss=0.5981, Rho=3.608281, Grad_norm=0.2771, Final_scale=36.0828
🚀 APPLYING GUIDANCE at step 16 (timestep=864)
🎯 GUIDANCE STEP 16 (t=864): Loss=0.5928, Rho=4.121889, Grad_norm=0.2426, Final_scale=41.2189
🚀 APPLYING GUIDANCE at step 17 (timestep=853)
🎯 GUIDANCE STEP 17 (t=853): Loss=0.5903, Rho=7.622833, Grad_norm=0.1312, Final_scale=76.2283
🚀 APPLYING GUIDANCE at step 18 (timestep=841)
🎯 GUIDANCE STEP 18 (t=841): Loss=0.5952, Rho=5.959984, Grad_norm=0.1678, Final_scale=59.5998
🚀 APPLYING GUIDANCE at step 19 (timestep=829)
🎯 GUIDANCE STEP 19 (t=829): Loss=0.5981, Rho=10.336277, Grad_norm=0.0967, Final_scale=103.3628
🚀 APPLYING GUIDANCE at step 20 (timestep=817)
🎯 GUIDANCE STEP 20 (t=817): Loss=0.5908, Rho=5.825208, Grad_norm=0.1717, Final_scale=58.2521
🚀 APPLYING GUIDANCE at step 21 (timestep=805)
🎯 GUIDANCE STEP 21 (t=805): Loss=0.5947, Rho=4.353219, Grad_norm=0.2297, Final_scale=43.5322
🚀 APPLYING GUIDANCE at step 22 (timestep=792)
🎯 GUIDANCE STEP 22 (t=792): Loss=0.5972, Rho=5.539405, Grad_norm=0.1805, Final_scale=55.3941
🚀 APPLYING GUIDANCE at step 23 (timestep=778)
🎯 GUIDANCE STEP 23 (t=778): Loss=0.5967, Rho=6.698668, Grad_norm=0.1493, Final_scale=66.9867
🚀 APPLYING GUIDANCE at step 24 (timestep=764)
🎯 GUIDANCE STEP 24 (t=764): Loss=0.5962, Rho=4.260319, Grad_norm=0.2347, Final_scale=42.6032
🚀 APPLYING GUIDANCE at step 25 (timestep=749)
🎯 GUIDANCE STEP 25 (t=749): Loss=0.5991, Rho=6.540956, Grad_norm=0.1529, Final_scale=65.4096
🚀 APPLYING GUIDANCE at step 26 (timestep=734)
🎯 GUIDANCE STEP 26 (t=734): Loss=0.5962, Rho=10.604848, Grad_norm=0.0943, Final_scale=106.0485
🚀 APPLYING GUIDANCE at step 27 (timestep=718)
🎯 GUIDANCE STEP 27 (t=718): Loss=0.5981, Rho=11.716622, Grad_norm=0.0853, Final_scale=117.1662
🚀 APPLYING GUIDANCE at step 28 (timestep=701)
🎯 GUIDANCE STEP 28 (t=701): Loss=0.5986, Rho=9.789085, Grad_norm=0.1022, Final_scale=97.8909
🚀 APPLYING GUIDANCE at step 29 (timestep=684)
🎯 GUIDANCE STEP 29 (t=684): Loss=0.5962, Rho=6.572265, Grad_norm=0.1522, Final_scale=65.7226
🚀 APPLYING GUIDANCE at step 30 (timestep=666)
🎯 GUIDANCE STEP 30 (t=666): Loss=0.5942, Rho=10.600083, Grad_norm=0.0943, Final_scale=106.0008
🚀 APPLYING GUIDANCE at step 31 (timestep=647)
🎯 GUIDANCE STEP 31 (t=647): Loss=0.5942, Rho=9.792335, Grad_norm=0.1021, Final_scale=97.9233
🚀 APPLYING GUIDANCE at step 32 (timestep=627)
🎯 GUIDANCE STEP 32 (t=627): Loss=0.5942, Rho=16.837992, Grad_norm=0.0594, Final_scale=168.3799
🚀 APPLYING GUIDANCE at step 33 (timestep=606)
🎯 GUIDANCE STEP 33 (t=606): Loss=0.5947, Rho=8.200975, Grad_norm=0.1219, Final_scale=82.0098
🚀 APPLYING GUIDANCE at step 34 (timestep=585)
🎯 GUIDANCE STEP 34 (t=585): Loss=0.5938, Rho=8.227970, Grad_norm=0.1215, Final_scale=82.2797
🚀 APPLYING GUIDANCE at step 35 (timestep=562)
🎯 GUIDANCE STEP 35 (t=562): Loss=0.5923, Rho=3.430117, Grad_norm=0.2915, Final_scale=34.3012
🚀 APPLYING GUIDANCE at step 36 (timestep=538)
🎯 GUIDANCE STEP 36 (t=538): Loss=0.5933, Rho=12.044081, Grad_norm=0.0830, Final_scale=120.4408
🚀 APPLYING GUIDANCE at step 37 (timestep=512)
🎯 GUIDANCE STEP 37 (t=512): Loss=0.5942, Rho=9.920564, Grad_norm=0.1008, Final_scale=99.2056
🚀 APPLYING GUIDANCE at step 38 (timestep=486)
🎯 GUIDANCE STEP 38 (t=486): Loss=0.5957, Rho=1.174546, Grad_norm=0.8514, Final_scale=11.7455
🚀 APPLYING GUIDANCE at step 39 (timestep=458)
🎯 GUIDANCE STEP 39 (t=458): Loss=0.5913, Rho=12.220975, Grad_norm=0.0818, Final_scale=122.2097
🚀 APPLYING GUIDANCE at step 40 (timestep=428)
🎯 GUIDANCE STEP 40 (t=428): Loss=0.5898, Rho=10.672976, Grad_norm=0.0937, Final_scale=106.7298
🚀 APPLYING GUIDANCE at step 41 (timestep=396)
🎯 GUIDANCE STEP 41 (t=396): Loss=0.5884, Rho=25.596140, Grad_norm=0.0391, Final_scale=255.9614
🚀 APPLYING GUIDANCE at step 42 (timestep=363)
🎯 GUIDANCE STEP 42 (t=363): Loss=0.5864, Rho=13.052774, Grad_norm=0.0766, Final_scale=130.5277
🚀 APPLYING GUIDANCE at step 43 (timestep=327)
🎯 GUIDANCE STEP 43 (t=327): Loss=0.5869, Rho=11.437254, Grad_norm=0.0874, Final_scale=114.3725
🚀 APPLYING GUIDANCE at step 44 (timestep=290)
🎯 GUIDANCE STEP 44 (t=290): Loss=0.5869, Rho=17.629229, Grad_norm=0.0567, Final_scale=176.2923
🚀 APPLYING GUIDANCE at step 45 (timestep=249)
🎯 GUIDANCE STEP 45 (t=249): Loss=0.5864, Rho=14.656392, Grad_norm=0.0682, Final_scale=146.5639
🚀 APPLYING GUIDANCE at step 46 (timestep=206)
🎯 GUIDANCE STEP 46 (t=206): Loss=0.5859, Rho=24.570625, Grad_norm=0.0407, Final_scale=245.7063
🚀 APPLYING GUIDANCE at step 47 (timestep=160)
🎯 GUIDANCE STEP 47 (t=160): Loss=0.5835, Rho=28.539314, Grad_norm=0.0350, Final_scale=285.3931
🚀 APPLYING GUIDANCE at step 48 (timestep=111)
🎯 GUIDANCE STEP 48 (t=111): Loss=0.5850, Rho=14.004726, Grad_norm=0.0714, Final_scale=140.0473
🚀 APPLYING GUIDANCE at step 49 (timestep=57)
🎯 GUIDANCE STEP 49 (t=57): Loss=0.5815, Rho=13.987723, Grad_norm=0.0715, Final_scale=139.8772
[guidance_f17_s50_w8c6_rho10.0_cfg5.0_0701_1658] Generated: generated_videos/subject_consistency/guidance_f17_s50_w8c6_rho10.0_cfg5.0_0701_1658/a_car_stuck_in_traffic_during_rush_hour.mp4
[guidance_f17_s50_w8c6_rho10.0_cfg5.0_0701_1658] Generating video 4/9 (guidance): a car turning a corner
🎬 STARTING GUIDANCE PIPELINE GENERATION
   Frames: 17, Steps: 50, CFG Scale: 5.0

🔧 GUIDANCE PIPELINE CONFIGURATION:
   Guidance range: 0 - 1001
   Rho scale: 10.0
   V-JEPA kernel_size: 8
   V-JEPA context_length: 6
   V-JEPA stride: 2
   V-JEPA mode: max
   Total timesteps: 50

🚀 APPLYING GUIDANCE at step 0 (timestep=999)
🎯 GUIDANCE STEP 0 (t=999): Loss=0.5566, Rho=14.607532, Grad_norm=0.0685, Final_scale=146.0753
🚀 APPLYING GUIDANCE at step 1 (timestep=992)
🎯 GUIDANCE STEP 1 (t=992): Loss=0.5317, Rho=42.010391, Grad_norm=0.0238, Final_scale=420.1039
🚀 APPLYING GUIDANCE at step 2 (timestep=985)
🎯 GUIDANCE STEP 2 (t=985): Loss=0.5630, Rho=9.306424, Grad_norm=0.1075, Final_scale=93.0642
🚀 APPLYING GUIDANCE at step 3 (timestep=978)
🎯 GUIDANCE STEP 3 (t=978): Loss=0.6011, Rho=12.860537, Grad_norm=0.0778, Final_scale=128.6054
🚀 APPLYING GUIDANCE at step 4 (timestep=971)
🎯 GUIDANCE STEP 4 (t=971): Loss=0.6128, Rho=8.460800, Grad_norm=0.1182, Final_scale=84.6080
🚀 APPLYING GUIDANCE at step 5 (timestep=963)
🎯 GUIDANCE STEP 5 (t=963): Loss=0.6245, Rho=4.215519, Grad_norm=0.2372, Final_scale=42.1552
🚀 APPLYING GUIDANCE at step 6 (timestep=956)
🎯 GUIDANCE STEP 6 (t=956): Loss=0.6299, Rho=8.486904, Grad_norm=0.1178, Final_scale=84.8690
🚀 APPLYING GUIDANCE at step 7 (timestep=948)
🎯 GUIDANCE STEP 7 (t=948): Loss=0.6304, Rho=4.473122, Grad_norm=0.2236, Final_scale=44.7312
🚀 APPLYING GUIDANCE at step 8 (timestep=939)
🎯 GUIDANCE STEP 8 (t=939): Loss=0.6289, Rho=6.611536, Grad_norm=0.1513, Final_scale=66.1154
🚀 APPLYING GUIDANCE at step 9 (timestep=931)
🎯 GUIDANCE STEP 9 (t=931): Loss=0.6328, Rho=2.194354, Grad_norm=0.4557, Final_scale=21.9435
🚀 APPLYING GUIDANCE at step 10 (timestep=922)
🎯 GUIDANCE STEP 10 (t=922): Loss=0.6323, Rho=8.047198, Grad_norm=0.1243, Final_scale=80.4720
🚀 APPLYING GUIDANCE at step 11 (timestep=913)
🎯 GUIDANCE STEP 11 (t=913): Loss=0.6294, Rho=4.884780, Grad_norm=0.2047, Final_scale=48.8478
🚀 APPLYING GUIDANCE at step 12 (timestep=904)
🎯 GUIDANCE STEP 12 (t=904): Loss=0.6323, Rho=6.071247, Grad_norm=0.1647, Final_scale=60.7125
🚀 APPLYING GUIDANCE at step 13 (timestep=894)
🎯 GUIDANCE STEP 13 (t=894): Loss=0.6279, Rho=6.420458, Grad_norm=0.1558, Final_scale=64.2046
🚀 APPLYING GUIDANCE at step 14 (timestep=884)
🎯 GUIDANCE STEP 14 (t=884): Loss=0.6309, Rho=7.768825, Grad_norm=0.1287, Final_scale=77.6882
🚀 APPLYING GUIDANCE at step 15 (timestep=874)
🎯 GUIDANCE STEP 15 (t=874): Loss=0.6294, Rho=4.548762, Grad_norm=0.2198, Final_scale=45.4876
🚀 APPLYING GUIDANCE at step 16 (timestep=864)
🎯 GUIDANCE STEP 16 (t=864): Loss=0.6274, Rho=5.386359, Grad_norm=0.1857, Final_scale=53.8636
🚀 APPLYING GUIDANCE at step 17 (timestep=853)
🎯 GUIDANCE STEP 17 (t=853): Loss=0.6240, Rho=4.742751, Grad_norm=0.2108, Final_scale=47.4275
🚀 APPLYING GUIDANCE at step 18 (timestep=841)
🎯 GUIDANCE STEP 18 (t=841): Loss=0.6240, Rho=12.159728, Grad_norm=0.0822, Final_scale=121.5973
🚀 APPLYING GUIDANCE at step 19 (timestep=829)
🎯 GUIDANCE STEP 19 (t=829): Loss=0.6250, Rho=4.453999, Grad_norm=0.2245, Final_scale=44.5400
🚀 APPLYING GUIDANCE at step 20 (timestep=817)
🎯 GUIDANCE STEP 20 (t=817): Loss=0.6265, Rho=10.564485, Grad_norm=0.0947, Final_scale=105.6448
🚀 APPLYING GUIDANCE at step 21 (timestep=805)
🎯 GUIDANCE STEP 21 (t=805): Loss=0.6250, Rho=13.491957, Grad_norm=0.0741, Final_scale=134.9196
🚀 APPLYING GUIDANCE at step 22 (timestep=792)
🎯 GUIDANCE STEP 22 (t=792): Loss=0.6240, Rho=2.783460, Grad_norm=0.3593, Final_scale=27.8346
🚀 APPLYING GUIDANCE at step 23 (timestep=778)
🎯 GUIDANCE STEP 23 (t=778): Loss=0.6235, Rho=9.030014, Grad_norm=0.1107, Final_scale=90.3001
🚀 APPLYING GUIDANCE at step 24 (timestep=764)
🎯 GUIDANCE STEP 24 (t=764): Loss=0.6270, Rho=8.797685, Grad_norm=0.1137, Final_scale=87.9768
🚀 APPLYING GUIDANCE at step 25 (timestep=749)
🎯 GUIDANCE STEP 25 (t=749): Loss=0.6235, Rho=10.371408, Grad_norm=0.0964, Final_scale=103.7141
🚀 APPLYING GUIDANCE at step 26 (timestep=734)
🎯 GUIDANCE STEP 26 (t=734): Loss=0.6260, Rho=4.355489, Grad_norm=0.2296, Final_scale=43.5549
🚀 APPLYING GUIDANCE at step 27 (timestep=718)
🎯 GUIDANCE STEP 27 (t=718): Loss=0.6260, Rho=8.344664, Grad_norm=0.1198, Final_scale=83.4466
🚀 APPLYING GUIDANCE at step 28 (timestep=701)
🎯 GUIDANCE STEP 28 (t=701): Loss=0.6260, Rho=5.660127, Grad_norm=0.1767, Final_scale=56.6013
🚀 APPLYING GUIDANCE at step 29 (timestep=684)
🎯 GUIDANCE STEP 29 (t=684): Loss=0.6255, Rho=4.458583, Grad_norm=0.2243, Final_scale=44.5858
🚀 APPLYING GUIDANCE at step 30 (timestep=666)
🎯 GUIDANCE STEP 30 (t=666): Loss=0.6274, Rho=12.252163, Grad_norm=0.0816, Final_scale=122.5216
🚀 APPLYING GUIDANCE at step 31 (timestep=647)
🎯 GUIDANCE STEP 31 (t=647): Loss=0.6274, Rho=12.102589, Grad_norm=0.0826, Final_scale=121.0259
🚀 APPLYING GUIDANCE at step 32 (timestep=627)
🎯 GUIDANCE STEP 32 (t=627): Loss=0.6260, Rho=4.588757, Grad_norm=0.2179, Final_scale=45.8876
🚀 APPLYING GUIDANCE at step 33 (timestep=606)
🎯 GUIDANCE STEP 33 (t=606): Loss=0.6235, Rho=13.454478, Grad_norm=0.0743, Final_scale=134.5448
🚀 APPLYING GUIDANCE at step 34 (timestep=585)
🎯 GUIDANCE STEP 34 (t=585): Loss=0.6235, Rho=9.989056, Grad_norm=0.1001, Final_scale=99.8906
🚀 APPLYING GUIDANCE at step 35 (timestep=562)
🎯 GUIDANCE STEP 35 (t=562): Loss=0.6250, Rho=26.670115, Grad_norm=0.0375, Final_scale=266.7011
🚀 APPLYING GUIDANCE at step 36 (timestep=538)
🎯 GUIDANCE STEP 36 (t=538): Loss=0.6250, Rho=27.758524, Grad_norm=0.0360, Final_scale=277.5852
🚀 APPLYING GUIDANCE at step 37 (timestep=512)
🎯 GUIDANCE STEP 37 (t=512): Loss=0.6260, Rho=28.391466, Grad_norm=0.0352, Final_scale=283.9147
🚀 APPLYING GUIDANCE at step 38 (timestep=486)
🎯 GUIDANCE STEP 38 (t=486): Loss=0.6235, Rho=28.623434, Grad_norm=0.0349, Final_scale=286.2343
🚀 APPLYING GUIDANCE at step 39 (timestep=458)
🎯 GUIDANCE STEP 39 (t=458): Loss=0.6240, Rho=9.305373, Grad_norm=0.1075, Final_scale=93.0537
🚀 APPLYING GUIDANCE at step 40 (timestep=428)
🎯 GUIDANCE STEP 40 (t=428): Loss=0.6245, Rho=20.368137, Grad_norm=0.0491, Final_scale=203.6814
🚀 APPLYING GUIDANCE at step 41 (timestep=396)
🎯 GUIDANCE STEP 41 (t=396): Loss=0.6221, Rho=5.795133, Grad_norm=0.1726, Final_scale=57.9513
🚀 APPLYING GUIDANCE at step 42 (timestep=363)
🎯 GUIDANCE STEP 42 (t=363): Loss=0.6226, Rho=18.647575, Grad_norm=0.0536, Final_scale=186.4758
🚀 APPLYING GUIDANCE at step 43 (timestep=327)
🎯 GUIDANCE STEP 43 (t=327): Loss=0.6235, Rho=15.692821, Grad_norm=0.0637, Final_scale=156.9282
🚀 APPLYING GUIDANCE at step 44 (timestep=290)
🎯 GUIDANCE STEP 44 (t=290): Loss=0.6216, Rho=29.734068, Grad_norm=0.0336, Final_scale=297.3407
🚀 APPLYING GUIDANCE at step 45 (timestep=249)
🎯 GUIDANCE STEP 45 (t=249): Loss=0.6235, Rho=16.183748, Grad_norm=0.0618, Final_scale=161.8375
🚀 APPLYING GUIDANCE at step 46 (timestep=206)
🎯 GUIDANCE STEP 46 (t=206): Loss=0.6226, Rho=26.054764, Grad_norm=0.0384, Final_scale=260.5476
🚀 APPLYING GUIDANCE at step 47 (timestep=160)
🎯 GUIDANCE STEP 47 (t=160): Loss=0.6211, Rho=48.231609, Grad_norm=0.0207, Final_scale=482.3161
🚀 APPLYING GUIDANCE at step 48 (timestep=111)
🎯 GUIDANCE STEP 48 (t=111): Loss=0.6216, Rho=22.261702, Grad_norm=0.0449, Final_scale=222.6170
🚀 APPLYING GUIDANCE at step 49 (timestep=57)
🎯 GUIDANCE STEP 49 (t=57): Loss=0.6206, Rho=9.723457, Grad_norm=0.1028, Final_scale=97.2346
[guidance_f17_s50_w8c6_rho10.0_cfg5.0_0701_1658] Generated: generated_videos/subject_consistency/guidance_f17_s50_w8c6_rho10.0_cfg5.0_0701_1658/a_train_accelerating_to_gain_speed.mp4
[guidance_f17_s50_w8c6_rho10.0_cfg5.0_0701_1658] Generating video 4/9 (guidance): a truck turning a corner
🎬 STARTING GUIDANCE PIPELINE GENERATION
   Frames: 17, Steps: 50, CFG Scale: 5.0

🔧 GUIDANCE PIPELINE CONFIGURATION:
   Guidance range: 0 - 1001
   Rho scale: 10.0
   V-JEPA kernel_size: 8
   V-JEPA context_length: 6
   V-JEPA stride: 2
   V-JEPA mode: max
   Total timesteps: 50

🚀 APPLYING GUIDANCE at step 0 (timestep=999)
🎯 GUIDANCE STEP 0 (t=999): Loss=0.5327, Rho=11.168934, Grad_norm=0.0895, Final_scale=111.6893
🚀 APPLYING GUIDANCE at step 1 (timestep=992)
🎯 GUIDANCE STEP 1 (t=992): Loss=0.5347, Rho=33.475216, Grad_norm=0.0299, Final_scale=334.7522
🚀 APPLYING GUIDANCE at step 2 (timestep=985)
🎯 GUIDANCE STEP 2 (t=985): Loss=0.5415, Rho=37.049526, Grad_norm=0.0270, Final_scale=370.4953
🚀 APPLYING GUIDANCE at step 3 (timestep=978)
🎯 GUIDANCE STEP 3 (t=978): Loss=0.5361, Rho=22.548899, Grad_norm=0.0443, Final_scale=225.4890
🚀 APPLYING GUIDANCE at step 4 (timestep=971)
🎯 GUIDANCE STEP 4 (t=971): Loss=0.5581, Rho=13.194615, Grad_norm=0.0758, Final_scale=131.9462
🚀 APPLYING GUIDANCE at step 5 (timestep=963)
🎯 GUIDANCE STEP 5 (t=963): Loss=0.5688, Rho=3.981804, Grad_norm=0.2511, Final_scale=39.8180
🚀 APPLYING GUIDANCE at step 6 (timestep=956)
🎯 GUIDANCE STEP 6 (t=956): Loss=0.5830, Rho=0.865697, Grad_norm=1.1551, Final_scale=8.6570
🚀 APPLYING GUIDANCE at step 7 (timestep=948)
🎯 GUIDANCE STEP 7 (t=948): Loss=0.5913, Rho=8.311804, Grad_norm=0.1203, Final_scale=83.1180
🚀 APPLYING GUIDANCE at step 8 (timestep=939)
🎯 GUIDANCE STEP 8 (t=939): Loss=0.6074, Rho=5.958471, Grad_norm=0.1678, Final_scale=59.5847
🚀 APPLYING GUIDANCE at step 9 (timestep=931)
🎯 GUIDANCE STEP 9 (t=931): Loss=0.6064, Rho=8.379698, Grad_norm=0.1193, Final_scale=83.7970
🚀 APPLYING GUIDANCE at step 10 (timestep=922)
🎯 GUIDANCE STEP 10 (t=922): Loss=0.6187, Rho=5.396288, Grad_norm=0.1853, Final_scale=53.9629
🚀 APPLYING GUIDANCE at step 11 (timestep=913)
🎯 GUIDANCE STEP 11 (t=913): Loss=0.6260, Rho=5.979308, Grad_norm=0.1672, Final_scale=59.7931
🚀 APPLYING GUIDANCE at step 12 (timestep=904)
🎯 GUIDANCE STEP 12 (t=904): Loss=0.6240, Rho=3.634617, Grad_norm=0.2751, Final_scale=36.3462
🚀 APPLYING GUIDANCE at step 13 (timestep=894)
🎯 GUIDANCE STEP 13 (t=894): Loss=0.6211, Rho=2.341718, Grad_norm=0.4270, Final_scale=23.4172
🚀 APPLYING GUIDANCE at step 14 (timestep=884)
🎯 GUIDANCE STEP 14 (t=884): Loss=0.6128, Rho=5.503217, Grad_norm=0.1817, Final_scale=55.0322
🚀 APPLYING GUIDANCE at step 15 (timestep=874)
🎯 GUIDANCE STEP 15 (t=874): Loss=0.6196, Rho=3.165001, Grad_norm=0.3160, Final_scale=31.6500
🚀 APPLYING GUIDANCE at step 16 (timestep=864)
🎯 GUIDANCE STEP 16 (t=864): Loss=0.6191, Rho=2.291439, Grad_norm=0.4364, Final_scale=22.9144
🚀 APPLYING GUIDANCE at step 17 (timestep=853)
🎯 GUIDANCE STEP 17 (t=853): Loss=0.6182, Rho=4.232800, Grad_norm=0.2363, Final_scale=42.3280
🚀 APPLYING GUIDANCE at step 18 (timestep=841)
🎯 GUIDANCE STEP 18 (t=841): Loss=0.6138, Rho=6.061948, Grad_norm=0.1650, Final_scale=60.6195
🚀 APPLYING GUIDANCE at step 19 (timestep=829)
🎯 GUIDANCE STEP 19 (t=829): Loss=0.6123, Rho=3.307306, Grad_norm=0.3024, Final_scale=33.0731
🚀 APPLYING GUIDANCE at step 20 (timestep=817)
🎯 GUIDANCE STEP 20 (t=817): Loss=0.6084, Rho=5.904983, Grad_norm=0.1693, Final_scale=59.0498
🚀 APPLYING GUIDANCE at step 21 (timestep=805)
🎯 GUIDANCE STEP 21 (t=805): Loss=0.6104, Rho=4.608901, Grad_norm=0.2170, Final_scale=46.0890
🚀 APPLYING GUIDANCE at step 22 (timestep=792)
🎯 GUIDANCE STEP 22 (t=792): Loss=0.6084, Rho=3.622384, Grad_norm=0.2761, Final_scale=36.2238
🚀 APPLYING GUIDANCE at step 23 (timestep=778)
🎯 GUIDANCE STEP 23 (t=778): Loss=0.6069, Rho=3.064123, Grad_norm=0.3264, Final_scale=30.6412
🚀 APPLYING GUIDANCE at step 24 (timestep=764)
🎯 GUIDANCE STEP 24 (t=764): Loss=0.6074, Rho=4.983154, Grad_norm=0.2007, Final_scale=49.8315
🚀 APPLYING GUIDANCE at step 25 (timestep=749)
🎯 GUIDANCE STEP 25 (t=749): Loss=0.6079, Rho=6.150457, Grad_norm=0.1626, Final_scale=61.5046
🚀 APPLYING GUIDANCE at step 26 (timestep=734)
🎯 GUIDANCE STEP 26 (t=734): Loss=0.6084, Rho=1.973511, Grad_norm=0.5067, Final_scale=19.7351
🚀 APPLYING GUIDANCE at step 27 (timestep=718)
🎯 GUIDANCE STEP 27 (t=718): Loss=0.6084, Rho=3.988572, Grad_norm=0.2507, Final_scale=39.8857
🚀 APPLYING GUIDANCE at step 28 (timestep=701)
🎯 GUIDANCE STEP 28 (t=701): Loss=0.6099, Rho=7.999258, Grad_norm=0.1250, Final_scale=79.9926
🚀 APPLYING GUIDANCE at step 29 (timestep=684)
🎯 GUIDANCE STEP 29 (t=684): Loss=0.6079, Rho=2.535812, Grad_norm=0.3944, Final_scale=25.3581
🚀 APPLYING GUIDANCE at step 30 (timestep=666)
🎯 GUIDANCE STEP 30 (t=666): Loss=0.6084, Rho=7.518118, Grad_norm=0.1330, Final_scale=75.1812
🚀 APPLYING GUIDANCE at step 31 (timestep=647)
🎯 GUIDANCE STEP 31 (t=647): Loss=0.6118, Rho=2.650787, Grad_norm=0.3772, Final_scale=26.5079
🚀 APPLYING GUIDANCE at step 32 (timestep=627)
🎯 GUIDANCE STEP 32 (t=627): Loss=0.6094, Rho=2.887753, Grad_norm=0.3463, Final_scale=28.8775
🚀 APPLYING GUIDANCE at step 33 (timestep=606)
🎯 GUIDANCE STEP 33 (t=606): Loss=0.6069, Rho=4.679665, Grad_norm=0.2137, Final_scale=46.7966
🚀 APPLYING GUIDANCE at step 34 (timestep=585)
🎯 GUIDANCE STEP 34 (t=585): Loss=0.6060, Rho=4.006109, Grad_norm=0.2496, Final_scale=40.0611
🚀 APPLYING GUIDANCE at step 35 (timestep=562)
🎯 GUIDANCE STEP 35 (t=562): Loss=0.6055, Rho=6.958567, Grad_norm=0.1437, Final_scale=69.5857
🚀 APPLYING GUIDANCE at step 36 (timestep=538)
🎯 GUIDANCE STEP 36 (t=538): Loss=0.6060, Rho=3.723251, Grad_norm=0.2686, Final_scale=37.2325
🚀 APPLYING GUIDANCE at step 37 (timestep=512)
🎯 GUIDANCE STEP 37 (t=512): Loss=0.6050, Rho=6.781739, Grad_norm=0.1475, Final_scale=67.8174
🚀 APPLYING GUIDANCE at step 38 (timestep=486)
🎯 GUIDANCE STEP 38 (t=486): Loss=0.6055, Rho=9.726755, Grad_norm=0.1028, Final_scale=97.2676
🚀 APPLYING GUIDANCE at step 39 (timestep=458)
🎯 GUIDANCE STEP 39 (t=458): Loss=0.6045, Rho=5.605860, Grad_norm=0.1784, Final_scale=56.0586
🚀 APPLYING GUIDANCE at step 40 (timestep=428)
🎯 GUIDANCE STEP 40 (t=428): Loss=0.6045, Rho=6.455247, Grad_norm=0.1549, Final_scale=64.5525
🚀 APPLYING GUIDANCE at step 41 (timestep=396)
🎯 GUIDANCE STEP 41 (t=396): Loss=0.6030, Rho=9.081523, Grad_norm=0.1101, Final_scale=90.8152
🚀 APPLYING GUIDANCE at step 42 (timestep=363)
🎯 GUIDANCE STEP 42 (t=363): Loss=0.6025, Rho=12.314670, Grad_norm=0.0812, Final_scale=123.1467
🚀 APPLYING GUIDANCE at step 43 (timestep=327)
🎯 GUIDANCE STEP 43 (t=327): Loss=0.6030, Rho=12.351648, Grad_norm=0.0810, Final_scale=123.5165
🚀 APPLYING GUIDANCE at step 44 (timestep=290)
🎯 GUIDANCE STEP 44 (t=290): Loss=0.6021, Rho=16.988218, Grad_norm=0.0589, Final_scale=169.8822
🚀 APPLYING GUIDANCE at step 45 (timestep=249)
🎯 GUIDANCE STEP 45 (t=249): Loss=0.6016, Rho=21.524197, Grad_norm=0.0465, Final_scale=215.2420
🚀 APPLYING GUIDANCE at step 46 (timestep=206)
🎯 GUIDANCE STEP 46 (t=206): Loss=0.6016, Rho=10.512073, Grad_norm=0.0951, Final_scale=105.1207
🚀 APPLYING GUIDANCE at step 47 (timestep=160)
🎯 GUIDANCE STEP 47 (t=160): Loss=0.6006, Rho=11.683937, Grad_norm=0.0856, Final_scale=116.8394
🚀 APPLYING GUIDANCE at step 48 (timestep=111)
🎯 GUIDANCE STEP 48 (t=111): Loss=0.5962, Rho=32.812443, Grad_norm=0.0305, Final_scale=328.1244
🚀 APPLYING GUIDANCE at step 49 (timestep=57)
🎯 GUIDANCE STEP 49 (t=57): Loss=0.5952, Rho=11.847892, Grad_norm=0.0844, Final_scale=118.4789
[guidance_f17_s50_w8c6_rho10.0_cfg5.0_0701_1658] Generated: generated_videos/subject_consistency/guidance_f17_s50_w8c6_rho10.0_cfg5.0_0701_1658/a_person_washing_the_dishes.mp4
[guidance_f17_s50_w8c6_rho10.0_cfg5.0_0701_1658] Generating video 4/9 (guidance): a person eating a burger
🎬 STARTING GUIDANCE PIPELINE GENERATION
   Frames: 17, Steps: 50, CFG Scale: 5.0

🔧 GUIDANCE PIPELINE CONFIGURATION:
   Guidance range: 0 - 1001
   Rho scale: 10.0
   V-JEPA kernel_size: 8
   V-JEPA context_length: 6
   V-JEPA stride: 2
   V-JEPA mode: max
   Total timesteps: 50

🚀 APPLYING GUIDANCE at step 0 (timestep=999)
🎯 GUIDANCE STEP 0 (t=999): Loss=0.5405, Rho=38.451878, Grad_norm=0.0260, Final_scale=384.5188
🚀 APPLYING GUIDANCE at step 1 (timestep=992)
🎯 GUIDANCE STEP 1 (t=992): Loss=0.5479, Rho=16.091934, Grad_norm=0.0621, Final_scale=160.9193
🚀 APPLYING GUIDANCE at step 2 (timestep=985)
🎯 GUIDANCE STEP 2 (t=985): Loss=0.5498, Rho=16.174269, Grad_norm=0.0618, Final_scale=161.7427
🚀 APPLYING GUIDANCE at step 3 (timestep=978)
🎯 GUIDANCE STEP 3 (t=978): Loss=0.5601, Rho=51.464001, Grad_norm=0.0194, Final_scale=514.6400
🚀 APPLYING GUIDANCE at step 4 (timestep=971)
🎯 GUIDANCE STEP 4 (t=971): Loss=0.5767, Rho=7.408148, Grad_norm=0.1350, Final_scale=74.0815
🚀 APPLYING GUIDANCE at step 5 (timestep=963)
🎯 GUIDANCE STEP 5 (t=963): Loss=0.5752, Rho=18.302738, Grad_norm=0.0546, Final_scale=183.0274
🚀 APPLYING GUIDANCE at step 6 (timestep=956)
🎯 GUIDANCE STEP 6 (t=956): Loss=0.5889, Rho=12.951573, Grad_norm=0.0772, Final_scale=129.5157
🚀 APPLYING GUIDANCE at step 7 (timestep=948)
🎯 GUIDANCE STEP 7 (t=948): Loss=0.6069, Rho=6.799695, Grad_norm=0.1471, Final_scale=67.9970
🚀 APPLYING GUIDANCE at step 8 (timestep=939)
🎯 GUIDANCE STEP 8 (t=939): Loss=0.6069, Rho=5.848482, Grad_norm=0.1710, Final_scale=58.4848
🚀 APPLYING GUIDANCE at step 9 (timestep=931)
🎯 GUIDANCE STEP 9 (t=931): Loss=0.6021, Rho=18.417070, Grad_norm=0.0543, Final_scale=184.1707
🚀 APPLYING GUIDANCE at step 10 (timestep=922)
🎯 GUIDANCE STEP 10 (t=922): Loss=0.6060, Rho=10.028490, Grad_norm=0.0997, Final_scale=100.2849
🚀 APPLYING GUIDANCE at step 11 (timestep=913)
🎯 GUIDANCE STEP 11 (t=913): Loss=0.5957, Rho=5.914919, Grad_norm=0.1691, Final_scale=59.1492
🚀 APPLYING GUIDANCE at step 12 (timestep=904)
🎯 GUIDANCE STEP 12 (t=904): Loss=0.5967, Rho=12.878788, Grad_norm=0.0776, Final_scale=128.7879
🚀 APPLYING GUIDANCE at step 13 (timestep=894)
🎯 GUIDANCE STEP 13 (t=894): Loss=0.6040, Rho=6.945652, Grad_norm=0.1440, Final_scale=69.4565
🚀 APPLYING GUIDANCE at step 14 (timestep=884)
🎯 GUIDANCE STEP 14 (t=884): Loss=0.5991, Rho=11.412082, Grad_norm=0.0876, Final_scale=114.1208
🚀 APPLYING GUIDANCE at step 15 (timestep=874)
🎯 GUIDANCE STEP 15 (t=874): Loss=0.5952, Rho=5.538663, Grad_norm=0.1805, Final_scale=55.3866
🚀 APPLYING GUIDANCE at step 16 (timestep=864)
🎯 GUIDANCE STEP 16 (t=864): Loss=0.5977, Rho=19.183849, Grad_norm=0.0521, Final_scale=191.8385
🚀 APPLYING GUIDANCE at step 17 (timestep=853)
🎯 GUIDANCE STEP 17 (t=853): Loss=0.5972, Rho=13.271033, Grad_norm=0.0754, Final_scale=132.7103
🚀 APPLYING GUIDANCE at step 18 (timestep=841)
🎯 GUIDANCE STEP 18 (t=841): Loss=0.5957, Rho=12.114658, Grad_norm=0.0825, Final_scale=121.1466
🚀 APPLYING GUIDANCE at step 19 (timestep=829)
🎯 GUIDANCE STEP 19 (t=829): Loss=0.5977, Rho=28.314596, Grad_norm=0.0353, Final_scale=283.1460
🚀 APPLYING GUIDANCE at step 20 (timestep=817)
🎯 GUIDANCE STEP 20 (t=817): Loss=0.5928, Rho=20.715487, Grad_norm=0.0483, Final_scale=207.1549
🚀 APPLYING GUIDANCE at step 21 (timestep=805)
🎯 GUIDANCE STEP 21 (t=805): Loss=0.5938, Rho=21.734554, Grad_norm=0.0460, Final_scale=217.3455
🚀 APPLYING GUIDANCE at step 22 (timestep=792)
🎯 GUIDANCE STEP 22 (t=792): Loss=0.5938, Rho=16.458574, Grad_norm=0.0608, Final_scale=164.5857
🚀 APPLYING GUIDANCE at step 23 (timestep=778)
🎯 GUIDANCE STEP 23 (t=778): Loss=0.5933, Rho=21.241907, Grad_norm=0.0471, Final_scale=212.4191
🚀 APPLYING GUIDANCE at step 24 (timestep=764)
🎯 GUIDANCE STEP 24 (t=764): Loss=0.5879, Rho=24.062544, Grad_norm=0.0416, Final_scale=240.6254
🚀 APPLYING GUIDANCE at step 25 (timestep=749)
🎯 GUIDANCE STEP 25 (t=749): Loss=0.5938, Rho=33.471226, Grad_norm=0.0299, Final_scale=334.7123
🚀 APPLYING GUIDANCE at step 26 (timestep=734)
🎯 GUIDANCE STEP 26 (t=734): Loss=0.5942, Rho=35.280102, Grad_norm=0.0283, Final_scale=352.8010
🚀 APPLYING GUIDANCE at step 27 (timestep=718)
🎯 GUIDANCE STEP 27 (t=718): Loss=0.5933, Rho=35.958210, Grad_norm=0.0278, Final_scale=359.5821
🚀 APPLYING GUIDANCE at step 28 (timestep=701)
🎯 GUIDANCE STEP 28 (t=701): Loss=0.5957, Rho=23.918205, Grad_norm=0.0418, Final_scale=239.1821
🚀 APPLYING GUIDANCE at step 29 (timestep=684)
🎯 GUIDANCE STEP 29 (t=684): Loss=0.5952, Rho=43.794205, Grad_norm=0.0228, Final_scale=437.9420
🚀 APPLYING GUIDANCE at step 30 (timestep=666)
🎯 GUIDANCE STEP 30 (t=666): Loss=0.5977, Rho=34.458973, Grad_norm=0.0290, Final_scale=344.5897
🚀 APPLYING GUIDANCE at step 31 (timestep=647)
🎯 GUIDANCE STEP 31 (t=647): Loss=0.5952, Rho=50.290539, Grad_norm=0.0199, Final_scale=502.9054
🚀 APPLYING GUIDANCE at step 32 (timestep=627)
🎯 GUIDANCE STEP 32 (t=627): Loss=0.5952, Rho=49.539715, Grad_norm=0.0202, Final_scale=495.3971
🚀 APPLYING GUIDANCE at step 33 (timestep=606)
🎯 GUIDANCE STEP 33 (t=606): Loss=0.5942, Rho=19.697733, Grad_norm=0.0508, Final_scale=196.9773
🚀 APPLYING GUIDANCE at step 34 (timestep=585)
🎯 GUIDANCE STEP 34 (t=585): Loss=0.5967, Rho=55.401821, Grad_norm=0.0180, Final_scale=554.0182
🚀 APPLYING GUIDANCE at step 35 (timestep=562)
🎯 GUIDANCE STEP 35 (t=562): Loss=0.5947, Rho=50.142639, Grad_norm=0.0199, Final_scale=501.4264
🚀 APPLYING GUIDANCE at step 36 (timestep=538)
🎯 GUIDANCE STEP 36 (t=538): Loss=0.5898, Rho=39.505363, Grad_norm=0.0253, Final_scale=395.0536
🚀 APPLYING GUIDANCE at step 37 (timestep=512)
🎯 GUIDANCE STEP 37 (t=512): Loss=0.5933, Rho=63.740936, Grad_norm=0.0157, Final_scale=637.4094
🚀 APPLYING GUIDANCE at step 38 (timestep=486)
🎯 GUIDANCE STEP 38 (t=486): Loss=0.5928, Rho=47.345901, Grad_norm=0.0211, Final_scale=473.4590
🚀 APPLYING GUIDANCE at step 39 (timestep=458)
🎯 GUIDANCE STEP 39 (t=458): Loss=0.5972, Rho=42.071686, Grad_norm=0.0238, Final_scale=420.7169
🚀 APPLYING GUIDANCE at step 40 (timestep=428)
🎯 GUIDANCE STEP 40 (t=428): Loss=0.5962, Rho=33.141174, Grad_norm=0.0302, Final_scale=331.4117
🚀 APPLYING GUIDANCE at step 41 (timestep=396)
🎯 GUIDANCE STEP 41 (t=396): Loss=0.5913, Rho=49.088730, Grad_norm=0.0204, Final_scale=490.8873
🚀 APPLYING GUIDANCE at step 42 (timestep=363)
🎯 GUIDANCE STEP 42 (t=363): Loss=0.5923, Rho=32.268963, Grad_norm=0.0310, Final_scale=322.6896
🚀 APPLYING GUIDANCE at step 43 (timestep=327)
🎯 GUIDANCE STEP 43 (t=327): Loss=0.5923, Rho=56.905098, Grad_norm=0.0176, Final_scale=569.0510
🚀 APPLYING GUIDANCE at step 44 (timestep=290)
🎯 GUIDANCE STEP 44 (t=290): Loss=0.5913, Rho=46.919426, Grad_norm=0.0213, Final_scale=469.1943
🚀 APPLYING GUIDANCE at step 45 (timestep=249)
🎯 GUIDANCE STEP 45 (t=249): Loss=0.5933, Rho=47.615993, Grad_norm=0.0210, Final_scale=476.1599
🚀 APPLYING GUIDANCE at step 46 (timestep=206)
🎯 GUIDANCE STEP 46 (t=206): Loss=0.5908, Rho=28.886810, Grad_norm=0.0346, Final_scale=288.8681
🚀 APPLYING GUIDANCE at step 47 (timestep=160)
🎯 GUIDANCE STEP 47 (t=160): Loss=0.5938, Rho=31.658932, Grad_norm=0.0316, Final_scale=316.5893
🚀 APPLYING GUIDANCE at step 48 (timestep=111)
🎯 GUIDANCE STEP 48 (t=111): Loss=0.5903, Rho=23.773439, Grad_norm=0.0421, Final_scale=237.7344
🚀 APPLYING GUIDANCE at step 49 (timestep=57)
🎯 GUIDANCE STEP 49 (t=57): Loss=0.5913, Rho=24.739952, Grad_norm=0.0404, Final_scale=247.3995
[guidance_f17_s50_w8c6_rho10.0_cfg5.0_0701_1658] Generated: generated_videos/subject_consistency/guidance_f17_s50_w8c6_rho10.0_cfg5.0_0701_1658/an_airplane_soaring_through_a_clear_blue_sky.mp4
[guidance_f17_s50_w8c6_rho10.0_cfg5.0_0701_1658] Generating video 4/9 (guidance): an airplane taking off
🎬 STARTING GUIDANCE PIPELINE GENERATION
   Frames: 17, Steps: 50, CFG Scale: 5.0

🔧 GUIDANCE PIPELINE CONFIGURATION:
   Guidance range: 0 - 1001
   Rho scale: 10.0
   V-JEPA kernel_size: 8
   V-JEPA context_length: 6
   V-JEPA stride: 2
   V-JEPA mode: max
   Total timesteps: 50

🚀 APPLYING GUIDANCE at step 0 (timestep=999)
🎯 GUIDANCE STEP 0 (t=999): Loss=0.5781, Rho=23.895294, Grad_norm=0.0418, Final_scale=238.9529
🚀 APPLYING GUIDANCE at step 1 (timestep=992)
🎯 GUIDANCE STEP 1 (t=992): Loss=0.5542, Rho=22.025679, Grad_norm=0.0454, Final_scale=220.2568
🚀 APPLYING GUIDANCE at step 2 (timestep=985)
🎯 GUIDANCE STEP 2 (t=985): Loss=0.5513, Rho=24.672930, Grad_norm=0.0405, Final_scale=246.7293
🚀 APPLYING GUIDANCE at step 3 (timestep=978)
🎯 GUIDANCE STEP 3 (t=978): Loss=0.5952, Rho=9.055679, Grad_norm=0.1104, Final_scale=90.5568
🚀 APPLYING GUIDANCE at step 4 (timestep=971)
🎯 GUIDANCE STEP 4 (t=971): Loss=0.5444, Rho=14.946410, Grad_norm=0.0669, Final_scale=149.4641
🚀 APPLYING GUIDANCE at step 5 (timestep=963)
🎯 GUIDANCE STEP 5 (t=963): Loss=0.5566, Rho=31.531826, Grad_norm=0.0317, Final_scale=315.3183
🚀 APPLYING GUIDANCE at step 6 (timestep=956)
🎯 GUIDANCE STEP 6 (t=956): Loss=0.5664, Rho=20.047764, Grad_norm=0.0499, Final_scale=200.4776
🚀 APPLYING GUIDANCE at step 7 (timestep=948)
🎯 GUIDANCE STEP 7 (t=948): Loss=0.5781, Rho=15.808236, Grad_norm=0.0633, Final_scale=158.0824
🚀 APPLYING GUIDANCE at step 8 (timestep=939)
🎯 GUIDANCE STEP 8 (t=939): Loss=0.6074, Rho=8.032475, Grad_norm=0.1245, Final_scale=80.3248
🚀 APPLYING GUIDANCE at step 9 (timestep=931)
🎯 GUIDANCE STEP 9 (t=931): Loss=0.6118, Rho=11.085543, Grad_norm=0.0902, Final_scale=110.8554
🚀 APPLYING GUIDANCE at step 10 (timestep=922)
🎯 GUIDANCE STEP 10 (t=922): Loss=0.6143, Rho=5.979619, Grad_norm=0.1672, Final_scale=59.7962
🚀 APPLYING GUIDANCE at step 11 (timestep=913)
🎯 GUIDANCE STEP 11 (t=913): Loss=0.6157, Rho=7.042965, Grad_norm=0.1420, Final_scale=70.4296
🚀 APPLYING GUIDANCE at step 12 (timestep=904)
🎯 GUIDANCE STEP 12 (t=904): Loss=0.6152, Rho=6.439228, Grad_norm=0.1553, Final_scale=64.3923
🚀 APPLYING GUIDANCE at step 13 (timestep=894)
🎯 GUIDANCE STEP 13 (t=894): Loss=0.6211, Rho=9.625931, Grad_norm=0.1039, Final_scale=96.2593
🚀 APPLYING GUIDANCE at step 14 (timestep=884)
🎯 GUIDANCE STEP 14 (t=884): Loss=0.6270, Rho=7.570846, Grad_norm=0.1321, Final_scale=75.7085
🚀 APPLYING GUIDANCE at step 15 (timestep=874)
🎯 GUIDANCE STEP 15 (t=874): Loss=0.6284, Rho=3.198226, Grad_norm=0.3127, Final_scale=31.9823
🚀 APPLYING GUIDANCE at step 16 (timestep=864)
🎯 GUIDANCE STEP 16 (t=864): Loss=0.6250, Rho=7.436594, Grad_norm=0.1345, Final_scale=74.3659
🚀 APPLYING GUIDANCE at step 17 (timestep=853)
🎯 GUIDANCE STEP 17 (t=853): Loss=0.6206, Rho=5.195135, Grad_norm=0.1925, Final_scale=51.9514
🚀 APPLYING GUIDANCE at step 18 (timestep=841)
🎯 GUIDANCE STEP 18 (t=841): Loss=0.6196, Rho=9.098345, Grad_norm=0.1099, Final_scale=90.9834
🚀 APPLYING GUIDANCE at step 19 (timestep=829)
🎯 GUIDANCE STEP 19 (t=829): Loss=0.6221, Rho=4.737852, Grad_norm=0.2111, Final_scale=47.3785
🚀 APPLYING GUIDANCE at step 20 (timestep=817)
🎯 GUIDANCE STEP 20 (t=817): Loss=0.6216, Rho=5.811651, Grad_norm=0.1721, Final_scale=58.1165
🚀 APPLYING GUIDANCE at step 21 (timestep=805)
🎯 GUIDANCE STEP 21 (t=805): Loss=0.6245, Rho=3.528712, Grad_norm=0.2834, Final_scale=35.2871
🚀 APPLYING GUIDANCE at step 22 (timestep=792)
🎯 GUIDANCE STEP 22 (t=792): Loss=0.6216, Rho=6.241532, Grad_norm=0.1602, Final_scale=62.4153
🚀 APPLYING GUIDANCE at step 23 (timestep=778)
🎯 GUIDANCE STEP 23 (t=778): Loss=0.6216, Rho=7.968596, Grad_norm=0.1255, Final_scale=79.6860
🚀 APPLYING GUIDANCE at step 24 (timestep=764)
🎯 GUIDANCE STEP 24 (t=764): Loss=0.6216, Rho=5.986983, Grad_norm=0.1670, Final_scale=59.8698
🚀 APPLYING GUIDANCE at step 25 (timestep=749)
🎯 GUIDANCE STEP 25 (t=749): Loss=0.6265, Rho=0.884572, Grad_norm=1.1305, Final_scale=8.8457
🚀 APPLYING GUIDANCE at step 26 (timestep=734)
🎯 GUIDANCE STEP 26 (t=734): Loss=0.6255, Rho=8.793197, Grad_norm=0.1137, Final_scale=87.9320
🚀 APPLYING GUIDANCE at step 27 (timestep=718)
🎯 GUIDANCE STEP 27 (t=718): Loss=0.6221, Rho=10.061225, Grad_norm=0.0994, Final_scale=100.6122
🚀 APPLYING GUIDANCE at step 28 (timestep=701)
🎯 GUIDANCE STEP 28 (t=701): Loss=0.6211, Rho=14.203054, Grad_norm=0.0704, Final_scale=142.0305
🚀 APPLYING GUIDANCE at step 29 (timestep=684)
🎯 GUIDANCE STEP 29 (t=684): Loss=0.6221, Rho=8.333902, Grad_norm=0.1200, Final_scale=83.3390
🚀 APPLYING GUIDANCE at step 30 (timestep=666)
🎯 GUIDANCE STEP 30 (t=666): Loss=0.6216, Rho=6.083078, Grad_norm=0.1644, Final_scale=60.8308
🚀 APPLYING GUIDANCE at step 31 (timestep=647)
🎯 GUIDANCE STEP 31 (t=647): Loss=0.6245, Rho=4.945104, Grad_norm=0.2022, Final_scale=49.4510
🚀 APPLYING GUIDANCE at step 32 (timestep=627)
🎯 GUIDANCE STEP 32 (t=627): Loss=0.6226, Rho=6.053965, Grad_norm=0.1652, Final_scale=60.5397
🚀 APPLYING GUIDANCE at step 33 (timestep=606)
🎯 GUIDANCE STEP 33 (t=606): Loss=0.6226, Rho=19.248627, Grad_norm=0.0520, Final_scale=192.4863
🚀 APPLYING GUIDANCE at step 34 (timestep=585)
🎯 GUIDANCE STEP 34 (t=585): Loss=0.6240, Rho=14.681657, Grad_norm=0.0681, Final_scale=146.8166
🚀 APPLYING GUIDANCE at step 35 (timestep=562)
🎯 GUIDANCE STEP 35 (t=562): Loss=0.6230, Rho=10.930211, Grad_norm=0.0915, Final_scale=109.3021
🚀 APPLYING GUIDANCE at step 36 (timestep=538)
🎯 GUIDANCE STEP 36 (t=538): Loss=0.6196, Rho=9.499393, Grad_norm=0.1053, Final_scale=94.9939
🚀 APPLYING GUIDANCE at step 37 (timestep=512)
🎯 GUIDANCE STEP 37 (t=512): Loss=0.6226, Rho=6.716990, Grad_norm=0.1489, Final_scale=67.1699
🚀 APPLYING GUIDANCE at step 38 (timestep=486)
🎯 GUIDANCE STEP 38 (t=486): Loss=0.6216, Rho=15.955304, Grad_norm=0.0627, Final_scale=159.5530
🚀 APPLYING GUIDANCE at step 39 (timestep=458)
🎯 GUIDANCE STEP 39 (t=458): Loss=0.6196, Rho=20.266602, Grad_norm=0.0493, Final_scale=202.6660
🚀 APPLYING GUIDANCE at step 40 (timestep=428)
🎯 GUIDANCE STEP 40 (t=428): Loss=0.6162, Rho=10.508996, Grad_norm=0.0952, Final_scale=105.0900
🚀 APPLYING GUIDANCE at step 41 (timestep=396)
🎯 GUIDANCE STEP 41 (t=396): Loss=0.6172, Rho=15.423053, Grad_norm=0.0648, Final_scale=154.2305
🚀 APPLYING GUIDANCE at step 42 (timestep=363)
🎯 GUIDANCE STEP 42 (t=363): Loss=0.6172, Rho=10.046705, Grad_norm=0.0995, Final_scale=100.4671
🚀 APPLYING GUIDANCE at step 43 (timestep=327)
🎯 GUIDANCE STEP 43 (t=327): Loss=0.6167, Rho=18.248491, Grad_norm=0.0548, Final_scale=182.4849
🚀 APPLYING GUIDANCE at step 44 (timestep=290)
🎯 GUIDANCE STEP 44 (t=290): Loss=0.6172, Rho=24.534700, Grad_norm=0.0408, Final_scale=245.3470
🚀 APPLYING GUIDANCE at step 45 (timestep=249)
🎯 GUIDANCE STEP 45 (t=249): Loss=0.6152, Rho=13.749783, Grad_norm=0.0727, Final_scale=137.4978
🚀 APPLYING GUIDANCE at step 46 (timestep=206)
🎯 GUIDANCE STEP 46 (t=206): Loss=0.6182, Rho=20.932158, Grad_norm=0.0478, Final_scale=209.3216
🚀 APPLYING GUIDANCE at step 47 (timestep=160)
🎯 GUIDANCE STEP 47 (t=160): Loss=0.6128, Rho=16.486237, Grad_norm=0.0607, Final_scale=164.8624
🚀 APPLYING GUIDANCE at step 48 (timestep=111)
🎯 GUIDANCE STEP 48 (t=111): Loss=0.6099, Rho=29.286352, Grad_norm=0.0341, Final_scale=292.8635
🚀 APPLYING GUIDANCE at step 49 (timestep=57)
🎯 GUIDANCE STEP 49 (t=57): Loss=0.6118, Rho=7.464574, Grad_norm=0.1340, Final_scale=74.6457
[guidance_f17_s50_w8c6_rho10.0_cfg5.0_0701_1658] Generated: generated_videos/subject_consistency/guidance_f17_s50_w8c6_rho10.0_cfg5.0_0701_1658/a_bear_hunting_for_prey.mp4
[guidance_f17_s50_w8c6_rho10.0_cfg5.0_0701_1658] Generating video 4/9 (guidance): a zebra bending down to drink water from a river
🎬 STARTING GUIDANCE PIPELINE GENERATION
   Frames: 17, Steps: 50, CFG Scale: 5.0

🔧 GUIDANCE PIPELINE CONFIGURATION:
   Guidance range: 0 - 1001
   Rho scale: 10.0
   V-JEPA kernel_size: 8
   V-JEPA context_length: 6
   V-JEPA stride: 2
   V-JEPA mode: max
   Total timesteps: 50

🚀 APPLYING GUIDANCE at step 0 (timestep=999)
🎯 GUIDANCE STEP 0 (t=999): Loss=0.6104, Rho=12.161074, Grad_norm=0.0822, Final_scale=121.6107
🚀 APPLYING GUIDANCE at step 1 (timestep=992)
🎯 GUIDANCE STEP 1 (t=992): Loss=0.5513, Rho=38.178730, Grad_norm=0.0262, Final_scale=381.7873
🚀 APPLYING GUIDANCE at step 2 (timestep=985)
🎯 GUIDANCE STEP 2 (t=985): Loss=0.5830, Rho=25.872608, Grad_norm=0.0387, Final_scale=258.7261
🚀 APPLYING GUIDANCE at step 3 (timestep=978)
🎯 GUIDANCE STEP 3 (t=978): Loss=0.5742, Rho=16.514906, Grad_norm=0.0606, Final_scale=165.1491
🚀 APPLYING GUIDANCE at step 4 (timestep=971)
🎯 GUIDANCE STEP 4 (t=971): Loss=0.5913, Rho=11.843222, Grad_norm=0.0844, Final_scale=118.4322
🚀 APPLYING GUIDANCE at step 5 (timestep=963)
🎯 GUIDANCE STEP 5 (t=963): Loss=0.5938, Rho=14.427023, Grad_norm=0.0693, Final_scale=144.2702
🚀 APPLYING GUIDANCE at step 6 (timestep=956)
🎯 GUIDANCE STEP 6 (t=956): Loss=0.5938, Rho=17.298267, Grad_norm=0.0578, Final_scale=172.9827
🚀 APPLYING GUIDANCE at step 7 (timestep=948)
🎯 GUIDANCE STEP 7 (t=948): Loss=0.5913, Rho=8.449118, Grad_norm=0.1184, Final_scale=84.4912
🚀 APPLYING GUIDANCE at step 8 (timestep=939)
🎯 GUIDANCE STEP 8 (t=939): Loss=0.5986, Rho=10.478587, Grad_norm=0.0954, Final_scale=104.7859
🚀 APPLYING GUIDANCE at step 9 (timestep=931)
🎯 GUIDANCE STEP 9 (t=931): Loss=0.5928, Rho=8.868540, Grad_norm=0.1128, Final_scale=88.6854
🚀 APPLYING GUIDANCE at step 10 (timestep=922)
🎯 GUIDANCE STEP 10 (t=922): Loss=0.5918, Rho=13.699770, Grad_norm=0.0730, Final_scale=136.9977
🚀 APPLYING GUIDANCE at step 11 (timestep=913)
🎯 GUIDANCE STEP 11 (t=913): Loss=0.5928, Rho=3.027268, Grad_norm=0.3303, Final_scale=30.2727
🚀 APPLYING GUIDANCE at step 12 (timestep=904)
🎯 GUIDANCE STEP 12 (t=904): Loss=0.5947, Rho=5.381239, Grad_norm=0.1858, Final_scale=53.8124
🚀 APPLYING GUIDANCE at step 13 (timestep=894)
🎯 GUIDANCE STEP 13 (t=894): Loss=0.5923, Rho=6.857319, Grad_norm=0.1458, Final_scale=68.5732
🚀 APPLYING GUIDANCE at step 14 (timestep=884)
🎯 GUIDANCE STEP 14 (t=884): Loss=0.5894, Rho=9.087780, Grad_norm=0.1100, Final_scale=90.8778
🚀 APPLYING GUIDANCE at step 15 (timestep=874)
🎯 GUIDANCE STEP 15 (t=874): Loss=0.5884, Rho=8.817348, Grad_norm=0.1134, Final_scale=88.1735
🚀 APPLYING GUIDANCE at step 16 (timestep=864)
🎯 GUIDANCE STEP 16 (t=864): Loss=0.5903, Rho=7.752296, Grad_norm=0.1290, Final_scale=77.5230
🚀 APPLYING GUIDANCE at step 17 (timestep=853)
🎯 GUIDANCE STEP 17 (t=853): Loss=0.5933, Rho=6.899212, Grad_norm=0.1449, Final_scale=68.9921
🚀 APPLYING GUIDANCE at step 18 (timestep=841)
🎯 GUIDANCE STEP 18 (t=841): Loss=0.5903, Rho=1.973445, Grad_norm=0.5067, Final_scale=19.7345
🚀 APPLYING GUIDANCE at step 19 (timestep=829)
🎯 GUIDANCE STEP 19 (t=829): Loss=0.5918, Rho=6.379888, Grad_norm=0.1567, Final_scale=63.7989
🚀 APPLYING GUIDANCE at step 20 (timestep=817)
🎯 GUIDANCE STEP 20 (t=817): Loss=0.5972, Rho=3.755631, Grad_norm=0.2663, Final_scale=37.5563
🚀 APPLYING GUIDANCE at step 21 (timestep=805)
🎯 GUIDANCE STEP 21 (t=805): Loss=0.6060, Rho=4.641742, Grad_norm=0.2154, Final_scale=46.4174
🚀 APPLYING GUIDANCE at step 22 (timestep=792)
🎯 GUIDANCE STEP 22 (t=792): Loss=0.5986, Rho=10.447905, Grad_norm=0.0957, Final_scale=104.4790
🚀 APPLYING GUIDANCE at step 23 (timestep=778)
🎯 GUIDANCE STEP 23 (t=778): Loss=0.5928, Rho=5.227151, Grad_norm=0.1913, Final_scale=52.2715
🚀 APPLYING GUIDANCE at step 24 (timestep=764)
🎯 GUIDANCE STEP 24 (t=764): Loss=0.5923, Rho=3.273751, Grad_norm=0.3055, Final_scale=32.7375
🚀 APPLYING GUIDANCE at step 25 (timestep=749)
🎯 GUIDANCE STEP 25 (t=749): Loss=0.5874, Rho=6.660127, Grad_norm=0.1501, Final_scale=66.6013
🚀 APPLYING GUIDANCE at step 26 (timestep=734)
🎯 GUIDANCE STEP 26 (t=734): Loss=0.5884, Rho=4.112079, Grad_norm=0.2432, Final_scale=41.1208
🚀 APPLYING GUIDANCE at step 27 (timestep=718)
🎯 GUIDANCE STEP 27 (t=718): Loss=0.5928, Rho=3.448155, Grad_norm=0.2900, Final_scale=34.4816
🚀 APPLYING GUIDANCE at step 28 (timestep=701)
🎯 GUIDANCE STEP 28 (t=701): Loss=0.5864, Rho=6.738346, Grad_norm=0.1484, Final_scale=67.3835
🚀 APPLYING GUIDANCE at step 29 (timestep=684)
🎯 GUIDANCE STEP 29 (t=684): Loss=0.5913, Rho=5.154767, Grad_norm=0.1940, Final_scale=51.5477
🚀 APPLYING GUIDANCE at step 30 (timestep=666)
🎯 GUIDANCE STEP 30 (t=666): Loss=0.5933, Rho=2.668949, Grad_norm=0.3747, Final_scale=26.6895
🚀 APPLYING GUIDANCE at step 31 (timestep=647)
🎯 GUIDANCE STEP 31 (t=647): Loss=0.5884, Rho=9.896363, Grad_norm=0.1010, Final_scale=98.9636
🚀 APPLYING GUIDANCE at step 32 (timestep=627)
🎯 GUIDANCE STEP 32 (t=627): Loss=0.5894, Rho=6.912669, Grad_norm=0.1447, Final_scale=69.1267
🚀 APPLYING GUIDANCE at step 33 (timestep=606)
🎯 GUIDANCE STEP 33 (t=606): Loss=0.5903, Rho=12.709867, Grad_norm=0.0787, Final_scale=127.0987
🚀 APPLYING GUIDANCE at step 34 (timestep=585)
🎯 GUIDANCE STEP 34 (t=585): Loss=0.5889, Rho=4.880533, Grad_norm=0.2049, Final_scale=48.8053
🚀 APPLYING GUIDANCE at step 35 (timestep=562)
🎯 GUIDANCE STEP 35 (t=562): Loss=0.5889, Rho=8.056286, Grad_norm=0.1241, Final_scale=80.5629
🚀 APPLYING GUIDANCE at step 36 (timestep=538)
🎯 GUIDANCE STEP 36 (t=538): Loss=0.5889, Rho=7.620475, Grad_norm=0.1312, Final_scale=76.2048
🚀 APPLYING GUIDANCE at step 37 (timestep=512)
🎯 GUIDANCE STEP 37 (t=512): Loss=0.5938, Rho=4.374020, Grad_norm=0.2286, Final_scale=43.7402
🚀 APPLYING GUIDANCE at step 38 (timestep=486)
🎯 GUIDANCE STEP 38 (t=486): Loss=0.5903, Rho=8.090480, Grad_norm=0.1236, Final_scale=80.9048
🚀 APPLYING GUIDANCE at step 39 (timestep=458)
🎯 GUIDANCE STEP 39 (t=458): Loss=0.5928, Rho=1.505434, Grad_norm=0.6643, Final_scale=15.0543
🚀 APPLYING GUIDANCE at step 40 (timestep=428)
🎯 GUIDANCE STEP 40 (t=428): Loss=0.5918, Rho=5.206694, Grad_norm=0.1921, Final_scale=52.0669
🚀 APPLYING GUIDANCE at step 41 (timestep=396)
🎯 GUIDANCE STEP 41 (t=396): Loss=0.5957, Rho=18.612652, Grad_norm=0.0537, Final_scale=186.1265
🚀 APPLYING GUIDANCE at step 42 (timestep=363)
🎯 GUIDANCE STEP 42 (t=363): Loss=0.5923, Rho=11.520981, Grad_norm=0.0868, Final_scale=115.2098
🚀 APPLYING GUIDANCE at step 43 (timestep=327)
🎯 GUIDANCE STEP 43 (t=327): Loss=0.5903, Rho=11.903316, Grad_norm=0.0840, Final_scale=119.0332
🚀 APPLYING GUIDANCE at step 44 (timestep=290)
🎯 GUIDANCE STEP 44 (t=290): Loss=0.5908, Rho=6.798128, Grad_norm=0.1471, Final_scale=67.9813
🚀 APPLYING GUIDANCE at step 45 (timestep=249)
🎯 GUIDANCE STEP 45 (t=249): Loss=0.5908, Rho=12.179109, Grad_norm=0.0821, Final_scale=121.7911
🚀 APPLYING GUIDANCE at step 46 (timestep=206)
🎯 GUIDANCE STEP 46 (t=206): Loss=0.5889, Rho=16.523626, Grad_norm=0.0605, Final_scale=165.2363
🚀 APPLYING GUIDANCE at step 47 (timestep=160)
🎯 GUIDANCE STEP 47 (t=160): Loss=0.5879, Rho=26.792896, Grad_norm=0.0373, Final_scale=267.9290
🚀 APPLYING GUIDANCE at step 48 (timestep=111)
🎯 GUIDANCE STEP 48 (t=111): Loss=0.5884, Rho=5.543800, Grad_norm=0.1804, Final_scale=55.4380
🚀 APPLYING GUIDANCE at step 49 (timestep=57)
🎯 GUIDANCE STEP 49 (t=57): Loss=0.5840, Rho=12.915867, Grad_norm=0.0774, Final_scale=129.1587
[guidance_f17_s50_w8c6_rho10.0_cfg5.0_0701_1658] Generated: generated_videos/subject_consistency/guidance_f17_s50_w8c6_rho10.0_cfg5.0_0701_1658/a_bird_building_a_nest_from_twigs_and_leaves.mp4
[guidance_f17_s50_w8c6_rho10.0_cfg5.0_0701_1658] Generating video 5/9 (guidance): a bird flying over a snowy forest
🎬 STARTING GUIDANCE PIPELINE GENERATION
   Frames: 17, Steps: 50, CFG Scale: 5.0

🔧 GUIDANCE PIPELINE CONFIGURATION:
   Guidance range: 0 - 1001
   Rho scale: 10.0
   V-JEPA kernel_size: 8
   V-JEPA context_length: 6
   V-JEPA stride: 2
   V-JEPA mode: max
   Total timesteps: 50

🚀 APPLYING GUIDANCE at step 0 (timestep=999)
🎯 GUIDANCE STEP 0 (t=999): Loss=0.5542, Rho=9.597074, Grad_norm=0.1042, Final_scale=95.9707
🚀 APPLYING GUIDANCE at step 1 (timestep=992)
🎯 GUIDANCE STEP 1 (t=992): Loss=0.5830, Rho=20.253887, Grad_norm=0.0494, Final_scale=202.5389
🚀 APPLYING GUIDANCE at step 2 (timestep=985)
🎯 GUIDANCE STEP 2 (t=985): Loss=0.5581, Rho=16.918009, Grad_norm=0.0591, Final_scale=169.1801
🚀 APPLYING GUIDANCE at step 3 (timestep=978)
🎯 GUIDANCE STEP 3 (t=978): Loss=0.5684, Rho=11.138917, Grad_norm=0.0898, Final_scale=111.3892
🚀 APPLYING GUIDANCE at step 4 (timestep=971)
🎯 GUIDANCE STEP 4 (t=971): Loss=0.5640, Rho=17.780987, Grad_norm=0.0562, Final_scale=177.8099
🚀 APPLYING GUIDANCE at step 5 (timestep=963)
🎯 GUIDANCE STEP 5 (t=963): Loss=0.5654, Rho=12.050807, Grad_norm=0.0830, Final_scale=120.5081
🚀 APPLYING GUIDANCE at step 6 (timestep=956)
🎯 GUIDANCE STEP 6 (t=956): Loss=0.5815, Rho=10.798982, Grad_norm=0.0926, Final_scale=107.9898
🚀 APPLYING GUIDANCE at step 7 (timestep=948)
🎯 GUIDANCE STEP 7 (t=948): Loss=0.5918, Rho=8.480803, Grad_norm=0.1179, Final_scale=84.8080
🚀 APPLYING GUIDANCE at step 8 (timestep=939)
🎯 GUIDANCE STEP 8 (t=939): Loss=0.6045, Rho=7.790950, Grad_norm=0.1284, Final_scale=77.9095
🚀 APPLYING GUIDANCE at step 9 (timestep=931)
🎯 GUIDANCE STEP 9 (t=931): Loss=0.6035, Rho=10.245923, Grad_norm=0.0976, Final_scale=102.4592
🚀 APPLYING GUIDANCE at step 10 (timestep=922)
🎯 GUIDANCE STEP 10 (t=922): Loss=0.6055, Rho=9.889735, Grad_norm=0.1011, Final_scale=98.8974
🚀 APPLYING GUIDANCE at step 11 (timestep=913)
🎯 GUIDANCE STEP 11 (t=913): Loss=0.6045, Rho=12.282644, Grad_norm=0.0814, Final_scale=122.8264
🚀 APPLYING GUIDANCE at step 12 (timestep=904)
🎯 GUIDANCE STEP 12 (t=904): Loss=0.6079, Rho=18.105743, Grad_norm=0.0552, Final_scale=181.0574
🚀 APPLYING GUIDANCE at step 13 (timestep=894)
🎯 GUIDANCE STEP 13 (t=894): Loss=0.6138, Rho=10.392077, Grad_norm=0.0962, Final_scale=103.9208
🚀 APPLYING GUIDANCE at step 14 (timestep=884)
🎯 GUIDANCE STEP 14 (t=884): Loss=0.6113, Rho=12.490059, Grad_norm=0.0801, Final_scale=124.9006
🚀 APPLYING GUIDANCE at step 15 (timestep=874)
🎯 GUIDANCE STEP 15 (t=874): Loss=0.6152, Rho=15.376145, Grad_norm=0.0650, Final_scale=153.7615
🚀 APPLYING GUIDANCE at step 16 (timestep=864)
🎯 GUIDANCE STEP 16 (t=864): Loss=0.6099, Rho=12.711336, Grad_norm=0.0787, Final_scale=127.1134
🚀 APPLYING GUIDANCE at step 17 (timestep=853)
🎯 GUIDANCE STEP 17 (t=853): Loss=0.6143, Rho=10.955717, Grad_norm=0.0913, Final_scale=109.5572
🚀 APPLYING GUIDANCE at step 18 (timestep=841)
🎯 GUIDANCE STEP 18 (t=841): Loss=0.6118, Rho=18.324776, Grad_norm=0.0546, Final_scale=183.2478
🚀 APPLYING GUIDANCE at step 19 (timestep=829)
🎯 GUIDANCE STEP 19 (t=829): Loss=0.6162, Rho=10.462706, Grad_norm=0.0956, Final_scale=104.6271
🚀 APPLYING GUIDANCE at step 20 (timestep=817)
🎯 GUIDANCE STEP 20 (t=817): Loss=0.6118, Rho=9.275381, Grad_norm=0.1078, Final_scale=92.7538
🚀 APPLYING GUIDANCE at step 21 (timestep=805)
🎯 GUIDANCE STEP 21 (t=805): Loss=0.6152, Rho=3.133461, Grad_norm=0.3191, Final_scale=31.3346
🚀 APPLYING GUIDANCE at step 22 (timestep=792)
🎯 GUIDANCE STEP 22 (t=792): Loss=0.6172, Rho=15.125025, Grad_norm=0.0661, Final_scale=151.2502
🚀 APPLYING GUIDANCE at step 23 (timestep=778)
🎯 GUIDANCE STEP 23 (t=778): Loss=0.6104, Rho=8.107450, Grad_norm=0.1233, Final_scale=81.0745
🚀 APPLYING GUIDANCE at step 24 (timestep=764)
🎯 GUIDANCE STEP 24 (t=764): Loss=0.6128, Rho=13.472242, Grad_norm=0.0742, Final_scale=134.7224
🚀 APPLYING GUIDANCE at step 25 (timestep=749)
🎯 GUIDANCE STEP 25 (t=749): Loss=0.6108, Rho=15.329985, Grad_norm=0.0652, Final_scale=153.2998
🚀 APPLYING GUIDANCE at step 26 (timestep=734)
🎯 GUIDANCE STEP 26 (t=734): Loss=0.6123, Rho=18.864084, Grad_norm=0.0530, Final_scale=188.6408
🚀 APPLYING GUIDANCE at step 27 (timestep=718)
🎯 GUIDANCE STEP 27 (t=718): Loss=0.6084, Rho=14.315700, Grad_norm=0.0699, Final_scale=143.1570
🚀 APPLYING GUIDANCE at step 28 (timestep=701)
🎯 GUIDANCE STEP 28 (t=701): Loss=0.6143, Rho=19.489471, Grad_norm=0.0513, Final_scale=194.8947
🚀 APPLYING GUIDANCE at step 29 (timestep=684)
🎯 GUIDANCE STEP 29 (t=684): Loss=0.6147, Rho=18.985468, Grad_norm=0.0527, Final_scale=189.8547
🚀 APPLYING GUIDANCE at step 30 (timestep=666)
🎯 GUIDANCE STEP 30 (t=666): Loss=0.6113, Rho=25.621284, Grad_norm=0.0390, Final_scale=256.2128
🚀 APPLYING GUIDANCE at step 31 (timestep=647)
🎯 GUIDANCE STEP 31 (t=647): Loss=0.6133, Rho=24.285641, Grad_norm=0.0412, Final_scale=242.8564
🚀 APPLYING GUIDANCE at step 32 (timestep=627)
🎯 GUIDANCE STEP 32 (t=627): Loss=0.6099, Rho=28.095676, Grad_norm=0.0356, Final_scale=280.9568
🚀 APPLYING GUIDANCE at step 33 (timestep=606)
🎯 GUIDANCE STEP 33 (t=606): Loss=0.6152, Rho=20.410471, Grad_norm=0.0490, Final_scale=204.1047
🚀 APPLYING GUIDANCE at step 34 (timestep=585)
🎯 GUIDANCE STEP 34 (t=585): Loss=0.6162, Rho=38.877682, Grad_norm=0.0257, Final_scale=388.7768
🚀 APPLYING GUIDANCE at step 35 (timestep=562)
🎯 GUIDANCE STEP 35 (t=562): Loss=0.6157, Rho=19.105593, Grad_norm=0.0523, Final_scale=191.0559
🚀 APPLYING GUIDANCE at step 36 (timestep=538)
🎯 GUIDANCE STEP 36 (t=538): Loss=0.6133, Rho=18.477200, Grad_norm=0.0541, Final_scale=184.7720
🚀 APPLYING GUIDANCE at step 37 (timestep=512)
🎯 GUIDANCE STEP 37 (t=512): Loss=0.6138, Rho=15.089212, Grad_norm=0.0663, Final_scale=150.8921
🚀 APPLYING GUIDANCE at step 38 (timestep=486)
🎯 GUIDANCE STEP 38 (t=486): Loss=0.6113, Rho=27.820215, Grad_norm=0.0359, Final_scale=278.2022
🚀 APPLYING GUIDANCE at step 39 (timestep=458)
🎯 GUIDANCE STEP 39 (t=458): Loss=0.6133, Rho=19.531008, Grad_norm=0.0512, Final_scale=195.3101
🚀 APPLYING GUIDANCE at step 40 (timestep=428)
🎯 GUIDANCE STEP 40 (t=428): Loss=0.6143, Rho=22.720722, Grad_norm=0.0440, Final_scale=227.2072
🚀 APPLYING GUIDANCE at step 41 (timestep=396)
🎯 GUIDANCE STEP 41 (t=396): Loss=0.6152, Rho=43.053822, Grad_norm=0.0232, Final_scale=430.5382
🚀 APPLYING GUIDANCE at step 42 (timestep=363)
🎯 GUIDANCE STEP 42 (t=363): Loss=0.6123, Rho=18.654062, Grad_norm=0.0536, Final_scale=186.5406
🚀 APPLYING GUIDANCE at step 43 (timestep=327)
🎯 GUIDANCE STEP 43 (t=327): Loss=0.6118, Rho=38.696228, Grad_norm=0.0258, Final_scale=386.9623
🚀 APPLYING GUIDANCE at step 44 (timestep=290)
🎯 GUIDANCE STEP 44 (t=290): Loss=0.6133, Rho=27.261776, Grad_norm=0.0367, Final_scale=272.6178
🚀 APPLYING GUIDANCE at step 45 (timestep=249)
🎯 GUIDANCE STEP 45 (t=249): Loss=0.6147, Rho=40.639294, Grad_norm=0.0246, Final_scale=406.3929
🚀 APPLYING GUIDANCE at step 46 (timestep=206)
🎯 GUIDANCE STEP 46 (t=206): Loss=0.6128, Rho=19.082703, Grad_norm=0.0524, Final_scale=190.8270
🚀 APPLYING GUIDANCE at step 47 (timestep=160)
🎯 GUIDANCE STEP 47 (t=160): Loss=0.6138, Rho=15.828290, Grad_norm=0.0632, Final_scale=158.2829
🚀 APPLYING GUIDANCE at step 48 (timestep=111)
🎯 GUIDANCE STEP 48 (t=111): Loss=0.6089, Rho=35.659325, Grad_norm=0.0280, Final_scale=356.5932
🚀 APPLYING GUIDANCE at step 49 (timestep=57)
🎯 GUIDANCE STEP 49 (t=57): Loss=0.6094, Rho=4.190328, Grad_norm=0.2386, Final_scale=41.9033
[guidance_f17_s50_w8c6_rho10.0_cfg5.0_0701_1658] Generated: generated_videos/subject_consistency/guidance_f17_s50_w8c6_rho10.0_cfg5.0_0701_1658/a_dog_running_happily.mp4
[guidance_f17_s50_w8c6_rho10.0_cfg5.0_0701_1658] Generating video 5/9 (guidance): a horse bending down to drink water from a river
🎬 STARTING GUIDANCE PIPELINE GENERATION
   Frames: 17, Steps: 50, CFG Scale: 5.0

🔧 GUIDANCE PIPELINE CONFIGURATION:
   Guidance range: 0 - 1001
   Rho scale: 10.0
   V-JEPA kernel_size: 8
   V-JEPA context_length: 6
   V-JEPA stride: 2
   V-JEPA mode: max
   Total timesteps: 50

🚀 APPLYING GUIDANCE at step 0 (timestep=999)
🎯 GUIDANCE STEP 0 (t=999): Loss=0.5972, Rho=19.217649, Grad_norm=0.0520, Final_scale=192.1765
🚀 APPLYING GUIDANCE at step 1 (timestep=992)
🎯 GUIDANCE STEP 1 (t=992): Loss=0.5386, Rho=29.835371, Grad_norm=0.0335, Final_scale=298.3537
🚀 APPLYING GUIDANCE at step 2 (timestep=985)
🎯 GUIDANCE STEP 2 (t=985): Loss=0.5459, Rho=24.496908, Grad_norm=0.0408, Final_scale=244.9691
🚀 APPLYING GUIDANCE at step 3 (timestep=978)
🎯 GUIDANCE STEP 3 (t=978): Loss=0.5659, Rho=26.512609, Grad_norm=0.0377, Final_scale=265.1261
🚀 APPLYING GUIDANCE at step 4 (timestep=971)
🎯 GUIDANCE STEP 4 (t=971): Loss=0.5498, Rho=21.652702, Grad_norm=0.0462, Final_scale=216.5270
🚀 APPLYING GUIDANCE at step 5 (timestep=963)
🎯 GUIDANCE STEP 5 (t=963): Loss=0.5527, Rho=35.956409, Grad_norm=0.0278, Final_scale=359.5641
🚀 APPLYING GUIDANCE at step 6 (timestep=956)
🎯 GUIDANCE STEP 6 (t=956): Loss=0.5654, Rho=24.809120, Grad_norm=0.0403, Final_scale=248.0912
🚀 APPLYING GUIDANCE at step 7 (timestep=948)
🎯 GUIDANCE STEP 7 (t=948): Loss=0.5728, Rho=20.335646, Grad_norm=0.0492, Final_scale=203.3565
🚀 APPLYING GUIDANCE at step 8 (timestep=939)
🎯 GUIDANCE STEP 8 (t=939): Loss=0.5811, Rho=10.701706, Grad_norm=0.0934, Final_scale=107.0171
🚀 APPLYING GUIDANCE at step 9 (timestep=931)
🎯 GUIDANCE STEP 9 (t=931): Loss=0.5835, Rho=14.108582, Grad_norm=0.0709, Final_scale=141.0858
🚀 APPLYING GUIDANCE at step 10 (timestep=922)
🎯 GUIDANCE STEP 10 (t=922): Loss=0.5957, Rho=18.467514, Grad_norm=0.0541, Final_scale=184.6751
🚀 APPLYING GUIDANCE at step 11 (timestep=913)
🎯 GUIDANCE STEP 11 (t=913): Loss=0.5981, Rho=12.026321, Grad_norm=0.0832, Final_scale=120.2632
🚀 APPLYING GUIDANCE at step 12 (timestep=904)
🎯 GUIDANCE STEP 12 (t=904): Loss=0.6035, Rho=17.066298, Grad_norm=0.0586, Final_scale=170.6630
🚀 APPLYING GUIDANCE at step 13 (timestep=894)
🎯 GUIDANCE STEP 13 (t=894): Loss=0.6074, Rho=9.938824, Grad_norm=0.1006, Final_scale=99.3882
🚀 APPLYING GUIDANCE at step 14 (timestep=884)
🎯 GUIDANCE STEP 14 (t=884): Loss=0.6128, Rho=15.135674, Grad_norm=0.0661, Final_scale=151.3567
🚀 APPLYING GUIDANCE at step 15 (timestep=874)
🎯 GUIDANCE STEP 15 (t=874): Loss=0.6177, Rho=11.886607, Grad_norm=0.0841, Final_scale=118.8661
🚀 APPLYING GUIDANCE at step 16 (timestep=864)
🎯 GUIDANCE STEP 16 (t=864): Loss=0.6187, Rho=14.287717, Grad_norm=0.0700, Final_scale=142.8772
🚀 APPLYING GUIDANCE at step 17 (timestep=853)
🎯 GUIDANCE STEP 17 (t=853): Loss=0.6138, Rho=15.200770, Grad_norm=0.0658, Final_scale=152.0077
🚀 APPLYING GUIDANCE at step 18 (timestep=841)
🎯 GUIDANCE STEP 18 (t=841): Loss=0.6099, Rho=7.888105, Grad_norm=0.1268, Final_scale=78.8810
🚀 APPLYING GUIDANCE at step 19 (timestep=829)
🎯 GUIDANCE STEP 19 (t=829): Loss=0.6216, Rho=9.763394, Grad_norm=0.1024, Final_scale=97.6339
🚀 APPLYING GUIDANCE at step 20 (timestep=817)
🎯 GUIDANCE STEP 20 (t=817): Loss=0.6230, Rho=8.636093, Grad_norm=0.1158, Final_scale=86.3609
🚀 APPLYING GUIDANCE at step 21 (timestep=805)
🎯 GUIDANCE STEP 21 (t=805): Loss=0.6191, Rho=8.231125, Grad_norm=0.1215, Final_scale=82.3112
🚀 APPLYING GUIDANCE at step 22 (timestep=792)
🎯 GUIDANCE STEP 22 (t=792): Loss=0.6157, Rho=14.881273, Grad_norm=0.0672, Final_scale=148.8127
🚀 APPLYING GUIDANCE at step 23 (timestep=778)
🎯 GUIDANCE STEP 23 (t=778): Loss=0.6138, Rho=13.888948, Grad_norm=0.0720, Final_scale=138.8895
🚀 APPLYING GUIDANCE at step 24 (timestep=764)
🎯 GUIDANCE STEP 24 (t=764): Loss=0.6162, Rho=14.121973, Grad_norm=0.0708, Final_scale=141.2197
🚀 APPLYING GUIDANCE at step 25 (timestep=749)
🎯 GUIDANCE STEP 25 (t=749): Loss=0.6074, Rho=16.233320, Grad_norm=0.0616, Final_scale=162.3332
🚀 APPLYING GUIDANCE at step 26 (timestep=734)
🎯 GUIDANCE STEP 26 (t=734): Loss=0.6123, Rho=10.112556, Grad_norm=0.0989, Final_scale=101.1256
🚀 APPLYING GUIDANCE at step 27 (timestep=718)
🎯 GUIDANCE STEP 27 (t=718): Loss=0.6128, Rho=7.060932, Grad_norm=0.1416, Final_scale=70.6093
🚀 APPLYING GUIDANCE at step 28 (timestep=701)
🎯 GUIDANCE STEP 28 (t=701): Loss=0.6128, Rho=8.562856, Grad_norm=0.1168, Final_scale=85.6286
🚀 APPLYING GUIDANCE at step 29 (timestep=684)
🎯 GUIDANCE STEP 29 (t=684): Loss=0.6157, Rho=11.247704, Grad_norm=0.0889, Final_scale=112.4770
🚀 APPLYING GUIDANCE at step 30 (timestep=666)
🎯 GUIDANCE STEP 30 (t=666): Loss=0.6162, Rho=14.645517, Grad_norm=0.0683, Final_scale=146.4552
🚀 APPLYING GUIDANCE at step 31 (timestep=647)
🎯 GUIDANCE STEP 31 (t=647): Loss=0.6152, Rho=12.690258, Grad_norm=0.0788, Final_scale=126.9026
🚀 APPLYING GUIDANCE at step 32 (timestep=627)
🎯 GUIDANCE STEP 32 (t=627): Loss=0.6147, Rho=10.980029, Grad_norm=0.0911, Final_scale=109.8003
🚀 APPLYING GUIDANCE at step 33 (timestep=606)
🎯 GUIDANCE STEP 33 (t=606): Loss=0.6138, Rho=12.478319, Grad_norm=0.0801, Final_scale=124.7832
🚀 APPLYING GUIDANCE at step 34 (timestep=585)
🎯 GUIDANCE STEP 34 (t=585): Loss=0.6157, Rho=4.119452, Grad_norm=0.2428, Final_scale=41.1945
🚀 APPLYING GUIDANCE at step 35 (timestep=562)
🎯 GUIDANCE STEP 35 (t=562): Loss=0.6060, Rho=14.819083, Grad_norm=0.0675, Final_scale=148.1908
🚀 APPLYING GUIDANCE at step 36 (timestep=538)
🎯 GUIDANCE STEP 36 (t=538): Loss=0.6113, Rho=12.984562, Grad_norm=0.0770, Final_scale=129.8456
🚀 APPLYING GUIDANCE at step 37 (timestep=512)
🎯 GUIDANCE STEP 37 (t=512): Loss=0.6147, Rho=5.516317, Grad_norm=0.1813, Final_scale=55.1632
🚀 APPLYING GUIDANCE at step 38 (timestep=486)
🎯 GUIDANCE STEP 38 (t=486): Loss=0.6118, Rho=4.206963, Grad_norm=0.2377, Final_scale=42.0696
🚀 APPLYING GUIDANCE at step 39 (timestep=458)
🎯 GUIDANCE STEP 39 (t=458): Loss=0.6118, Rho=14.717460, Grad_norm=0.0679, Final_scale=147.1746
🚀 APPLYING GUIDANCE at step 40 (timestep=428)
🎯 GUIDANCE STEP 40 (t=428): Loss=0.6050, Rho=9.298609, Grad_norm=0.1075, Final_scale=92.9861
🚀 APPLYING GUIDANCE at step 41 (timestep=396)
🎯 GUIDANCE STEP 41 (t=396): Loss=0.6079, Rho=8.902221, Grad_norm=0.1123, Final_scale=89.0222
🚀 APPLYING GUIDANCE at step 42 (timestep=363)
🎯 GUIDANCE STEP 42 (t=363): Loss=0.6113, Rho=9.245618, Grad_norm=0.1082, Final_scale=92.4562
🚀 APPLYING GUIDANCE at step 43 (timestep=327)
🎯 GUIDANCE STEP 43 (t=327): Loss=0.6045, Rho=13.377107, Grad_norm=0.0748, Final_scale=133.7711
🚀 APPLYING GUIDANCE at step 44 (timestep=290)
🎯 GUIDANCE STEP 44 (t=290): Loss=0.6040, Rho=20.851881, Grad_norm=0.0480, Final_scale=208.5188
🚀 APPLYING GUIDANCE at step 45 (timestep=249)
🎯 GUIDANCE STEP 45 (t=249): Loss=0.6011, Rho=13.501060, Grad_norm=0.0741, Final_scale=135.0106
🚀 APPLYING GUIDANCE at step 46 (timestep=206)
🎯 GUIDANCE STEP 46 (t=206): Loss=0.6030, Rho=12.869084, Grad_norm=0.0777, Final_scale=128.6908
🚀 APPLYING GUIDANCE at step 47 (timestep=160)
🎯 GUIDANCE STEP 47 (t=160): Loss=0.6016, Rho=13.640071, Grad_norm=0.0733, Final_scale=136.4007
🚀 APPLYING GUIDANCE at step 48 (timestep=111)
🎯 GUIDANCE STEP 48 (t=111): Loss=0.5991, Rho=7.918529, Grad_norm=0.1263, Final_scale=79.1853
🚀 APPLYING GUIDANCE at step 49 (timestep=57)
🎯 GUIDANCE STEP 49 (t=57): Loss=0.6006, Rho=5.206563, Grad_norm=0.1921, Final_scale=52.0656
[guidance_f17_s50_w8c6_rho10.0_cfg5.0_0701_1658] Generated: generated_videos/subject_consistency/guidance_f17_s50_w8c6_rho10.0_cfg5.0_0701_1658/a_cow_chewing_cud_while_resting_in_a_tranquil_barn.mp4
[guidance_f17_s50_w8c6_rho10.0_cfg5.0_0701_1658] Generating video 5/9 (guidance): a cow running to join a herd of its kind
🎬 STARTING GUIDANCE PIPELINE GENERATION
   Frames: 17, Steps: 50, CFG Scale: 5.0

🔧 GUIDANCE PIPELINE CONFIGURATION:
   Guidance range: 0 - 1001
   Rho scale: 10.0
   V-JEPA kernel_size: 8
   V-JEPA context_length: 6
   V-JEPA stride: 2
   V-JEPA mode: max
   Total timesteps: 50

🚀 APPLYING GUIDANCE at step 0 (timestep=999)
🎯 GUIDANCE STEP 0 (t=999): Loss=0.5771, Rho=14.773611, Grad_norm=0.0677, Final_scale=147.7361
🚀 APPLYING GUIDANCE at step 1 (timestep=992)
🎯 GUIDANCE STEP 1 (t=992): Loss=0.5698, Rho=11.213546, Grad_norm=0.0892, Final_scale=112.1355
🚀 APPLYING GUIDANCE at step 2 (timestep=985)
🎯 GUIDANCE STEP 2 (t=985): Loss=0.5654, Rho=20.831306, Grad_norm=0.0480, Final_scale=208.3131
🚀 APPLYING GUIDANCE at step 3 (timestep=978)
🎯 GUIDANCE STEP 3 (t=978): Loss=0.5928, Rho=7.593494, Grad_norm=0.1317, Final_scale=75.9349
🚀 APPLYING GUIDANCE at step 4 (timestep=971)
🎯 GUIDANCE STEP 4 (t=971): Loss=0.6099, Rho=7.192954, Grad_norm=0.1390, Final_scale=71.9295
🚀 APPLYING GUIDANCE at step 5 (timestep=963)
🎯 GUIDANCE STEP 5 (t=963): Loss=0.6079, Rho=5.360676, Grad_norm=0.1865, Final_scale=53.6068
🚀 APPLYING GUIDANCE at step 6 (timestep=956)
🎯 GUIDANCE STEP 6 (t=956): Loss=0.5996, Rho=6.206566, Grad_norm=0.1611, Final_scale=62.0657
🚀 APPLYING GUIDANCE at step 7 (timestep=948)
🎯 GUIDANCE STEP 7 (t=948): Loss=0.6016, Rho=4.769532, Grad_norm=0.2097, Final_scale=47.6953
🚀 APPLYING GUIDANCE at step 8 (timestep=939)
🎯 GUIDANCE STEP 8 (t=939): Loss=0.6030, Rho=7.181121, Grad_norm=0.1393, Final_scale=71.8112
🚀 APPLYING GUIDANCE at step 9 (timestep=931)
🎯 GUIDANCE STEP 9 (t=931): Loss=0.6147, Rho=6.670689, Grad_norm=0.1499, Final_scale=66.7069
🚀 APPLYING GUIDANCE at step 10 (timestep=922)
🎯 GUIDANCE STEP 10 (t=922): Loss=0.6167, Rho=1.531057, Grad_norm=0.6531, Final_scale=15.3106
🚀 APPLYING GUIDANCE at step 11 (timestep=913)
🎯 GUIDANCE STEP 11 (t=913): Loss=0.6182, Rho=9.833962, Grad_norm=0.1017, Final_scale=98.3396
🚀 APPLYING GUIDANCE at step 12 (timestep=904)
🎯 GUIDANCE STEP 12 (t=904): Loss=0.6206, Rho=4.906760, Grad_norm=0.2038, Final_scale=49.0676
🚀 APPLYING GUIDANCE at step 13 (timestep=894)
🎯 GUIDANCE STEP 13 (t=894): Loss=0.6162, Rho=7.584584, Grad_norm=0.1318, Final_scale=75.8458
🚀 APPLYING GUIDANCE at step 14 (timestep=884)
🎯 GUIDANCE STEP 14 (t=884): Loss=0.6152, Rho=7.897632, Grad_norm=0.1266, Final_scale=78.9763
🚀 APPLYING GUIDANCE at step 15 (timestep=874)
🎯 GUIDANCE STEP 15 (t=874): Loss=0.6094, Rho=4.927385, Grad_norm=0.2029, Final_scale=49.2738
🚀 APPLYING GUIDANCE at step 16 (timestep=864)
🎯 GUIDANCE STEP 16 (t=864): Loss=0.6128, Rho=8.796585, Grad_norm=0.1137, Final_scale=87.9659
🚀 APPLYING GUIDANCE at step 17 (timestep=853)
🎯 GUIDANCE STEP 17 (t=853): Loss=0.6138, Rho=4.598347, Grad_norm=0.2175, Final_scale=45.9835
🚀 APPLYING GUIDANCE at step 18 (timestep=841)
🎯 GUIDANCE STEP 18 (t=841): Loss=0.6143, Rho=12.119880, Grad_norm=0.0825, Final_scale=121.1988
🚀 APPLYING GUIDANCE at step 19 (timestep=829)
🎯 GUIDANCE STEP 19 (t=829): Loss=0.6133, Rho=8.210717, Grad_norm=0.1218, Final_scale=82.1072
🚀 APPLYING GUIDANCE at step 20 (timestep=817)
🎯 GUIDANCE STEP 20 (t=817): Loss=0.6113, Rho=3.607459, Grad_norm=0.2772, Final_scale=36.0746
🚀 APPLYING GUIDANCE at step 21 (timestep=805)
🎯 GUIDANCE STEP 21 (t=805): Loss=0.6104, Rho=10.144889, Grad_norm=0.0986, Final_scale=101.4489
🚀 APPLYING GUIDANCE at step 22 (timestep=792)
🎯 GUIDANCE STEP 22 (t=792): Loss=0.6138, Rho=10.305492, Grad_norm=0.0970, Final_scale=103.0549
🚀 APPLYING GUIDANCE at step 23 (timestep=778)
🎯 GUIDANCE STEP 23 (t=778): Loss=0.6089, Rho=16.105162, Grad_norm=0.0621, Final_scale=161.0516
🚀 APPLYING GUIDANCE at step 24 (timestep=764)
🎯 GUIDANCE STEP 24 (t=764): Loss=0.6133, Rho=12.487112, Grad_norm=0.0801, Final_scale=124.8711
🚀 APPLYING GUIDANCE at step 25 (timestep=749)
🎯 GUIDANCE STEP 25 (t=749): Loss=0.6118, Rho=15.484182, Grad_norm=0.0646, Final_scale=154.8418
🚀 APPLYING GUIDANCE at step 26 (timestep=734)
🎯 GUIDANCE STEP 26 (t=734): Loss=0.6094, Rho=18.641142, Grad_norm=0.0536, Final_scale=186.4114
🚀 APPLYING GUIDANCE at step 27 (timestep=718)
🎯 GUIDANCE STEP 27 (t=718): Loss=0.6094, Rho=11.274524, Grad_norm=0.0887, Final_scale=112.7452
🚀 APPLYING GUIDANCE at step 28 (timestep=701)
🎯 GUIDANCE STEP 28 (t=701): Loss=0.6138, Rho=25.878426, Grad_norm=0.0386, Final_scale=258.7843
🚀 APPLYING GUIDANCE at step 29 (timestep=684)
🎯 GUIDANCE STEP 29 (t=684): Loss=0.6099, Rho=5.591003, Grad_norm=0.1789, Final_scale=55.9100
🚀 APPLYING GUIDANCE at step 30 (timestep=666)
🎯 GUIDANCE STEP 30 (t=666): Loss=0.6099, Rho=12.979245, Grad_norm=0.0770, Final_scale=129.7925
🚀 APPLYING GUIDANCE at step 31 (timestep=647)
🎯 GUIDANCE STEP 31 (t=647): Loss=0.6099, Rho=13.267529, Grad_norm=0.0754, Final_scale=132.6753
🚀 APPLYING GUIDANCE at step 32 (timestep=627)
🎯 GUIDANCE STEP 32 (t=627): Loss=0.6143, Rho=16.196575, Grad_norm=0.0617, Final_scale=161.9658
🚀 APPLYING GUIDANCE at step 33 (timestep=606)
🎯 GUIDANCE STEP 33 (t=606): Loss=0.6084, Rho=10.793427, Grad_norm=0.0926, Final_scale=107.9343
🚀 APPLYING GUIDANCE at step 34 (timestep=585)
🎯 GUIDANCE STEP 34 (t=585): Loss=0.6104, Rho=17.991600, Grad_norm=0.0556, Final_scale=179.9160
🚀 APPLYING GUIDANCE at step 35 (timestep=562)
🎯 GUIDANCE STEP 35 (t=562): Loss=0.6104, Rho=24.886642, Grad_norm=0.0402, Final_scale=248.8664
🚀 APPLYING GUIDANCE at step 36 (timestep=538)
🎯 GUIDANCE STEP 36 (t=538): Loss=0.6084, Rho=7.409056, Grad_norm=0.1350, Final_scale=74.0906
🚀 APPLYING GUIDANCE at step 37 (timestep=512)
🎯 GUIDANCE STEP 37 (t=512): Loss=0.6104, Rho=16.139410, Grad_norm=0.0620, Final_scale=161.3941
🚀 APPLYING GUIDANCE at step 38 (timestep=486)
🎯 GUIDANCE STEP 38 (t=486): Loss=0.6094, Rho=6.921232, Grad_norm=0.1445, Final_scale=69.2123
🚀 APPLYING GUIDANCE at step 39 (timestep=458)
🎯 GUIDANCE STEP 39 (t=458): Loss=0.6104, Rho=21.665325, Grad_norm=0.0462, Final_scale=216.6533
🚀 APPLYING GUIDANCE at step 40 (timestep=428)
🎯 GUIDANCE STEP 40 (t=428): Loss=0.6089, Rho=26.731564, Grad_norm=0.0374, Final_scale=267.3156
🚀 APPLYING GUIDANCE at step 41 (timestep=396)
🎯 GUIDANCE STEP 41 (t=396): Loss=0.6089, Rho=16.556107, Grad_norm=0.0604, Final_scale=165.5611
🚀 APPLYING GUIDANCE at step 42 (timestep=363)
🎯 GUIDANCE STEP 42 (t=363): Loss=0.6084, Rho=17.508097, Grad_norm=0.0571, Final_scale=175.0810
🚀 APPLYING GUIDANCE at step 43 (timestep=327)
🎯 GUIDANCE STEP 43 (t=327): Loss=0.6074, Rho=23.943691, Grad_norm=0.0418, Final_scale=239.4369
🚀 APPLYING GUIDANCE at step 44 (timestep=290)
🎯 GUIDANCE STEP 44 (t=290): Loss=0.6079, Rho=31.537117, Grad_norm=0.0317, Final_scale=315.3712
🚀 APPLYING GUIDANCE at step 45 (timestep=249)
🎯 GUIDANCE STEP 45 (t=249): Loss=0.6069, Rho=24.141520, Grad_norm=0.0414, Final_scale=241.4152
🚀 APPLYING GUIDANCE at step 46 (timestep=206)
🎯 GUIDANCE STEP 46 (t=206): Loss=0.6074, Rho=31.386019, Grad_norm=0.0319, Final_scale=313.8602
🚀 APPLYING GUIDANCE at step 47 (timestep=160)
🎯 GUIDANCE STEP 47 (t=160): Loss=0.6084, Rho=13.224605, Grad_norm=0.0756, Final_scale=132.2460
🚀 APPLYING GUIDANCE at step 48 (timestep=111)
🎯 GUIDANCE STEP 48 (t=111): Loss=0.6064, Rho=14.131111, Grad_norm=0.0708, Final_scale=141.3111
🚀 APPLYING GUIDANCE at step 49 (timestep=57)
🎯 GUIDANCE STEP 49 (t=57): Loss=0.6060, Rho=13.985280, Grad_norm=0.0715, Final_scale=139.8528
[guidance_f17_s50_w8c6_rho10.0_cfg5.0_0701_1658] Generated: generated_videos/subject_consistency/guidance_f17_s50_w8c6_rho10.0_cfg5.0_0701_1658/a_car_turning_a_corner.mp4
[guidance_f17_s50_w8c6_rho10.0_cfg5.0_0701_1658] Generating video 5/9 (guidance): a car slowing down to stop
🎬 STARTING GUIDANCE PIPELINE GENERATION
   Frames: 17, Steps: 50, CFG Scale: 5.0

🔧 GUIDANCE PIPELINE CONFIGURATION:
   Guidance range: 0 - 1001
   Rho scale: 10.0
   V-JEPA kernel_size: 8
   V-JEPA context_length: 6
   V-JEPA stride: 2
   V-JEPA mode: max
   Total timesteps: 50

🚀 APPLYING GUIDANCE at step 0 (timestep=999)
🎯 GUIDANCE STEP 0 (t=999): Loss=0.5508, Rho=29.924324, Grad_norm=0.0334, Final_scale=299.2432
🚀 APPLYING GUIDANCE at step 1 (timestep=992)
🎯 GUIDANCE STEP 1 (t=992): Loss=0.5542, Rho=12.992736, Grad_norm=0.0770, Final_scale=129.9274
🚀 APPLYING GUIDANCE at step 2 (timestep=985)
🎯 GUIDANCE STEP 2 (t=985): Loss=0.5562, Rho=22.818771, Grad_norm=0.0438, Final_scale=228.1877
🚀 APPLYING GUIDANCE at step 3 (timestep=978)
🎯 GUIDANCE STEP 3 (t=978): Loss=0.5762, Rho=3.144703, Grad_norm=0.3180, Final_scale=31.4470
🚀 APPLYING GUIDANCE at step 4 (timestep=971)
🎯 GUIDANCE STEP 4 (t=971): Loss=0.6021, Rho=6.444090, Grad_norm=0.1552, Final_scale=64.4409
🚀 APPLYING GUIDANCE at step 5 (timestep=963)
🎯 GUIDANCE STEP 5 (t=963): Loss=0.5996, Rho=8.081338, Grad_norm=0.1237, Final_scale=80.8134
🚀 APPLYING GUIDANCE at step 6 (timestep=956)
🎯 GUIDANCE STEP 6 (t=956): Loss=0.6045, Rho=9.140967, Grad_norm=0.1094, Final_scale=91.4097
🚀 APPLYING GUIDANCE at step 7 (timestep=948)
🎯 GUIDANCE STEP 7 (t=948): Loss=0.6089, Rho=3.213266, Grad_norm=0.3112, Final_scale=32.1327
🚀 APPLYING GUIDANCE at step 8 (timestep=939)
🎯 GUIDANCE STEP 8 (t=939): Loss=0.6060, Rho=5.625355, Grad_norm=0.1778, Final_scale=56.2535
🚀 APPLYING GUIDANCE at step 9 (timestep=931)
🎯 GUIDANCE STEP 9 (t=931): Loss=0.6118, Rho=11.033053, Grad_norm=0.0906, Final_scale=110.3305
🚀 APPLYING GUIDANCE at step 10 (timestep=922)
🎯 GUIDANCE STEP 10 (t=922): Loss=0.6187, Rho=6.614670, Grad_norm=0.1512, Final_scale=66.1467
🚀 APPLYING GUIDANCE at step 11 (timestep=913)
🎯 GUIDANCE STEP 11 (t=913): Loss=0.6143, Rho=9.420469, Grad_norm=0.1062, Final_scale=94.2047
🚀 APPLYING GUIDANCE at step 12 (timestep=904)
🎯 GUIDANCE STEP 12 (t=904): Loss=0.6108, Rho=9.983511, Grad_norm=0.1002, Final_scale=99.8351
🚀 APPLYING GUIDANCE at step 13 (timestep=894)
🎯 GUIDANCE STEP 13 (t=894): Loss=0.6099, Rho=10.212475, Grad_norm=0.0979, Final_scale=102.1247
🚀 APPLYING GUIDANCE at step 14 (timestep=884)
🎯 GUIDANCE STEP 14 (t=884): Loss=0.6099, Rho=5.535469, Grad_norm=0.1807, Final_scale=55.3547
🚀 APPLYING GUIDANCE at step 15 (timestep=874)
🎯 GUIDANCE STEP 15 (t=874): Loss=0.6143, Rho=6.015990, Grad_norm=0.1662, Final_scale=60.1599
🚀 APPLYING GUIDANCE at step 16 (timestep=864)
🎯 GUIDANCE STEP 16 (t=864): Loss=0.6162, Rho=10.690727, Grad_norm=0.0935, Final_scale=106.9073
🚀 APPLYING GUIDANCE at step 17 (timestep=853)
🎯 GUIDANCE STEP 17 (t=853): Loss=0.6157, Rho=13.601114, Grad_norm=0.0735, Final_scale=136.0111
🚀 APPLYING GUIDANCE at step 18 (timestep=841)
🎯 GUIDANCE STEP 18 (t=841): Loss=0.6152, Rho=5.690382, Grad_norm=0.1757, Final_scale=56.9038
🚀 APPLYING GUIDANCE at step 19 (timestep=829)
🎯 GUIDANCE STEP 19 (t=829): Loss=0.6172, Rho=12.743565, Grad_norm=0.0785, Final_scale=127.4356
🚀 APPLYING GUIDANCE at step 20 (timestep=817)
🎯 GUIDANCE STEP 20 (t=817): Loss=0.6172, Rho=4.077919, Grad_norm=0.2452, Final_scale=40.7792
🚀 APPLYING GUIDANCE at step 21 (timestep=805)
🎯 GUIDANCE STEP 21 (t=805): Loss=0.6162, Rho=8.669137, Grad_norm=0.1154, Final_scale=86.6914
🚀 APPLYING GUIDANCE at step 22 (timestep=792)
🎯 GUIDANCE STEP 22 (t=792): Loss=0.6147, Rho=8.672833, Grad_norm=0.1153, Final_scale=86.7283
🚀 APPLYING GUIDANCE at step 23 (timestep=778)
🎯 GUIDANCE STEP 23 (t=778): Loss=0.6118, Rho=1.634045, Grad_norm=0.6120, Final_scale=16.3404
🚀 APPLYING GUIDANCE at step 24 (timestep=764)
🎯 GUIDANCE STEP 24 (t=764): Loss=0.6118, Rho=6.960028, Grad_norm=0.1437, Final_scale=69.6003
🚀 APPLYING GUIDANCE at step 25 (timestep=749)
🎯 GUIDANCE STEP 25 (t=749): Loss=0.6074, Rho=12.220375, Grad_norm=0.0818, Final_scale=122.2038
🚀 APPLYING GUIDANCE at step 26 (timestep=734)
🎯 GUIDANCE STEP 26 (t=734): Loss=0.6084, Rho=2.983506, Grad_norm=0.3352, Final_scale=29.8351
🚀 APPLYING GUIDANCE at step 27 (timestep=718)
🎯 GUIDANCE STEP 27 (t=718): Loss=0.6089, Rho=12.298822, Grad_norm=0.0813, Final_scale=122.9882
🚀 APPLYING GUIDANCE at step 28 (timestep=701)
🎯 GUIDANCE STEP 28 (t=701): Loss=0.6128, Rho=11.955210, Grad_norm=0.0836, Final_scale=119.5521
🚀 APPLYING GUIDANCE at step 29 (timestep=684)
🎯 GUIDANCE STEP 29 (t=684): Loss=0.6118, Rho=13.913746, Grad_norm=0.0719, Final_scale=139.1375
🚀 APPLYING GUIDANCE at step 30 (timestep=666)
🎯 GUIDANCE STEP 30 (t=666): Loss=0.6118, Rho=17.785444, Grad_norm=0.0562, Final_scale=177.8544
🚀 APPLYING GUIDANCE at step 31 (timestep=647)
🎯 GUIDANCE STEP 31 (t=647): Loss=0.6113, Rho=18.750874, Grad_norm=0.0533, Final_scale=187.5087
🚀 APPLYING GUIDANCE at step 32 (timestep=627)
🎯 GUIDANCE STEP 32 (t=627): Loss=0.6104, Rho=20.579798, Grad_norm=0.0486, Final_scale=205.7980
🚀 APPLYING GUIDANCE at step 33 (timestep=606)
🎯 GUIDANCE STEP 33 (t=606): Loss=0.6084, Rho=18.971006, Grad_norm=0.0527, Final_scale=189.7101
🚀 APPLYING GUIDANCE at step 34 (timestep=585)
🎯 GUIDANCE STEP 34 (t=585): Loss=0.6089, Rho=17.161861, Grad_norm=0.0583, Final_scale=171.6186
🚀 APPLYING GUIDANCE at step 35 (timestep=562)
🎯 GUIDANCE STEP 35 (t=562): Loss=0.6060, Rho=23.075554, Grad_norm=0.0433, Final_scale=230.7555
🚀 APPLYING GUIDANCE at step 36 (timestep=538)
🎯 GUIDANCE STEP 36 (t=538): Loss=0.6084, Rho=27.829855, Grad_norm=0.0359, Final_scale=278.2985
🚀 APPLYING GUIDANCE at step 37 (timestep=512)
🎯 GUIDANCE STEP 37 (t=512): Loss=0.6074, Rho=30.881214, Grad_norm=0.0324, Final_scale=308.8121
🚀 APPLYING GUIDANCE at step 38 (timestep=486)
🎯 GUIDANCE STEP 38 (t=486): Loss=0.6069, Rho=35.734425, Grad_norm=0.0280, Final_scale=357.3442
🚀 APPLYING GUIDANCE at step 39 (timestep=458)
🎯 GUIDANCE STEP 39 (t=458): Loss=0.6089, Rho=23.458038, Grad_norm=0.0426, Final_scale=234.5804
🚀 APPLYING GUIDANCE at step 40 (timestep=428)
🎯 GUIDANCE STEP 40 (t=428): Loss=0.6089, Rho=13.006599, Grad_norm=0.0769, Final_scale=130.0660
🚀 APPLYING GUIDANCE at step 41 (timestep=396)
🎯 GUIDANCE STEP 41 (t=396): Loss=0.6089, Rho=29.511166, Grad_norm=0.0339, Final_scale=295.1117
🚀 APPLYING GUIDANCE at step 42 (timestep=363)
🎯 GUIDANCE STEP 42 (t=363): Loss=0.6069, Rho=19.667107, Grad_norm=0.0508, Final_scale=196.6711
🚀 APPLYING GUIDANCE at step 43 (timestep=327)
🎯 GUIDANCE STEP 43 (t=327): Loss=0.6089, Rho=42.235577, Grad_norm=0.0237, Final_scale=422.3558
🚀 APPLYING GUIDANCE at step 44 (timestep=290)
🎯 GUIDANCE STEP 44 (t=290): Loss=0.6045, Rho=40.497658, Grad_norm=0.0247, Final_scale=404.9766
🚀 APPLYING GUIDANCE at step 45 (timestep=249)
🎯 GUIDANCE STEP 45 (t=249): Loss=0.6040, Rho=20.312561, Grad_norm=0.0492, Final_scale=203.1256
🚀 APPLYING GUIDANCE at step 46 (timestep=206)
🎯 GUIDANCE STEP 46 (t=206): Loss=0.6011, Rho=34.441135, Grad_norm=0.0290, Final_scale=344.4114
🚀 APPLYING GUIDANCE at step 47 (timestep=160)
🎯 GUIDANCE STEP 47 (t=160): Loss=0.6025, Rho=28.187386, Grad_norm=0.0355, Final_scale=281.8739
🚀 APPLYING GUIDANCE at step 48 (timestep=111)
🎯 GUIDANCE STEP 48 (t=111): Loss=0.5996, Rho=38.750595, Grad_norm=0.0258, Final_scale=387.5060
🚀 APPLYING GUIDANCE at step 49 (timestep=57)
🎯 GUIDANCE STEP 49 (t=57): Loss=0.5991, Rho=33.194115, Grad_norm=0.0301, Final_scale=331.9411
[guidance_f17_s50_w8c6_rho10.0_cfg5.0_0701_1658] Generated: generated_videos/subject_consistency/guidance_f17_s50_w8c6_rho10.0_cfg5.0_0701_1658/a_person_eating_a_burger.mp4
[guidance_f17_s50_w8c6_rho10.0_cfg5.0_0701_1658] Generating video 5/9 (guidance): a person walking in the snowstorm
🎬 STARTING GUIDANCE PIPELINE GENERATION
   Frames: 17, Steps: 50, CFG Scale: 5.0

🔧 GUIDANCE PIPELINE CONFIGURATION:
   Guidance range: 0 - 1001
   Rho scale: 10.0
   V-JEPA kernel_size: 8
   V-JEPA context_length: 6
   V-JEPA stride: 2
   V-JEPA mode: max
   Total timesteps: 50

🚀 APPLYING GUIDANCE at step 0 (timestep=999)
🎯 GUIDANCE STEP 0 (t=999): Loss=0.5840, Rho=20.970785, Grad_norm=0.0477, Final_scale=209.7079
🚀 APPLYING GUIDANCE at step 1 (timestep=992)
🎯 GUIDANCE STEP 1 (t=992): Loss=0.5679, Rho=27.262085, Grad_norm=0.0367, Final_scale=272.6208
🚀 APPLYING GUIDANCE at step 2 (timestep=985)
🎯 GUIDANCE STEP 2 (t=985): Loss=0.5747, Rho=30.589111, Grad_norm=0.0327, Final_scale=305.8911
🚀 APPLYING GUIDANCE at step 3 (timestep=978)
🎯 GUIDANCE STEP 3 (t=978): Loss=0.5806, Rho=19.190105, Grad_norm=0.0521, Final_scale=191.9011
🚀 APPLYING GUIDANCE at step 4 (timestep=971)
🎯 GUIDANCE STEP 4 (t=971): Loss=0.5693, Rho=7.841469, Grad_norm=0.1275, Final_scale=78.4147
🚀 APPLYING GUIDANCE at step 5 (timestep=963)
🎯 GUIDANCE STEP 5 (t=963): Loss=0.5698, Rho=27.832079, Grad_norm=0.0359, Final_scale=278.3208
🚀 APPLYING GUIDANCE at step 6 (timestep=956)
🎯 GUIDANCE STEP 6 (t=956): Loss=0.5742, Rho=11.447853, Grad_norm=0.0874, Final_scale=114.4785
🚀 APPLYING GUIDANCE at step 7 (timestep=948)
🎯 GUIDANCE STEP 7 (t=948): Loss=0.5830, Rho=6.602018, Grad_norm=0.1515, Final_scale=66.0202
🚀 APPLYING GUIDANCE at step 8 (timestep=939)
🎯 GUIDANCE STEP 8 (t=939): Loss=0.5869, Rho=12.359050, Grad_norm=0.0809, Final_scale=123.5905
🚀 APPLYING GUIDANCE at step 9 (timestep=931)
🎯 GUIDANCE STEP 9 (t=931): Loss=0.5835, Rho=8.031447, Grad_norm=0.1245, Final_scale=80.3145
🚀 APPLYING GUIDANCE at step 10 (timestep=922)
🎯 GUIDANCE STEP 10 (t=922): Loss=0.5903, Rho=10.848067, Grad_norm=0.0922, Final_scale=108.4807
🚀 APPLYING GUIDANCE at step 11 (timestep=913)
🎯 GUIDANCE STEP 11 (t=913): Loss=0.5898, Rho=8.770442, Grad_norm=0.1140, Final_scale=87.7044
🚀 APPLYING GUIDANCE at step 12 (timestep=904)
🎯 GUIDANCE STEP 12 (t=904): Loss=0.6079, Rho=12.927559, Grad_norm=0.0774, Final_scale=129.2756
🚀 APPLYING GUIDANCE at step 13 (timestep=894)
🎯 GUIDANCE STEP 13 (t=894): Loss=0.6118, Rho=12.851866, Grad_norm=0.0778, Final_scale=128.5187
🚀 APPLYING GUIDANCE at step 14 (timestep=884)
🎯 GUIDANCE STEP 14 (t=884): Loss=0.6108, Rho=10.078341, Grad_norm=0.0992, Final_scale=100.7834
🚀 APPLYING GUIDANCE at step 15 (timestep=874)
🎯 GUIDANCE STEP 15 (t=874): Loss=0.6128, Rho=15.449780, Grad_norm=0.0647, Final_scale=154.4978
🚀 APPLYING GUIDANCE at step 16 (timestep=864)
🎯 GUIDANCE STEP 16 (t=864): Loss=0.6123, Rho=13.122511, Grad_norm=0.0762, Final_scale=131.2251
🚀 APPLYING GUIDANCE at step 17 (timestep=853)
🎯 GUIDANCE STEP 17 (t=853): Loss=0.6128, Rho=18.753235, Grad_norm=0.0533, Final_scale=187.5323
🚀 APPLYING GUIDANCE at step 18 (timestep=841)
🎯 GUIDANCE STEP 18 (t=841): Loss=0.6084, Rho=13.367506, Grad_norm=0.0748, Final_scale=133.6751
🚀 APPLYING GUIDANCE at step 19 (timestep=829)
🎯 GUIDANCE STEP 19 (t=829): Loss=0.6138, Rho=21.052612, Grad_norm=0.0475, Final_scale=210.5261
🚀 APPLYING GUIDANCE at step 20 (timestep=817)
🎯 GUIDANCE STEP 20 (t=817): Loss=0.6099, Rho=14.157501, Grad_norm=0.0706, Final_scale=141.5750
🚀 APPLYING GUIDANCE at step 21 (timestep=805)
🎯 GUIDANCE STEP 21 (t=805): Loss=0.6143, Rho=22.695133, Grad_norm=0.0441, Final_scale=226.9513
🚀 APPLYING GUIDANCE at step 22 (timestep=792)
🎯 GUIDANCE STEP 22 (t=792): Loss=0.6099, Rho=25.972754, Grad_norm=0.0385, Final_scale=259.7275
🚀 APPLYING GUIDANCE at step 23 (timestep=778)
🎯 GUIDANCE STEP 23 (t=778): Loss=0.6118, Rho=24.352875, Grad_norm=0.0411, Final_scale=243.5287
🚀 APPLYING GUIDANCE at step 24 (timestep=764)
🎯 GUIDANCE STEP 24 (t=764): Loss=0.6133, Rho=23.053530, Grad_norm=0.0434, Final_scale=230.5353
🚀 APPLYING GUIDANCE at step 25 (timestep=749)
🎯 GUIDANCE STEP 25 (t=749): Loss=0.6074, Rho=16.804634, Grad_norm=0.0595, Final_scale=168.0463
🚀 APPLYING GUIDANCE at step 26 (timestep=734)
🎯 GUIDANCE STEP 26 (t=734): Loss=0.6089, Rho=19.259676, Grad_norm=0.0519, Final_scale=192.5968
🚀 APPLYING GUIDANCE at step 27 (timestep=718)
🎯 GUIDANCE STEP 27 (t=718): Loss=0.6035, Rho=25.231428, Grad_norm=0.0396, Final_scale=252.3143
🚀 APPLYING GUIDANCE at step 28 (timestep=701)
🎯 GUIDANCE STEP 28 (t=701): Loss=0.5991, Rho=30.933794, Grad_norm=0.0323, Final_scale=309.3379
🚀 APPLYING GUIDANCE at step 29 (timestep=684)
🎯 GUIDANCE STEP 29 (t=684): Loss=0.6001, Rho=46.653568, Grad_norm=0.0214, Final_scale=466.5357
🚀 APPLYING GUIDANCE at step 30 (timestep=666)
🎯 GUIDANCE STEP 30 (t=666): Loss=0.5996, Rho=30.011728, Grad_norm=0.0333, Final_scale=300.1173
🚀 APPLYING GUIDANCE at step 31 (timestep=647)
🎯 GUIDANCE STEP 31 (t=647): Loss=0.5972, Rho=22.108433, Grad_norm=0.0452, Final_scale=221.0843
🚀 APPLYING GUIDANCE at step 32 (timestep=627)
🎯 GUIDANCE STEP 32 (t=627): Loss=0.6030, Rho=41.468704, Grad_norm=0.0241, Final_scale=414.6870
🚀 APPLYING GUIDANCE at step 33 (timestep=606)
🎯 GUIDANCE STEP 33 (t=606): Loss=0.5991, Rho=43.780537, Grad_norm=0.0228, Final_scale=437.8054
🚀 APPLYING GUIDANCE at step 34 (timestep=585)
🎯 GUIDANCE STEP 34 (t=585): Loss=0.5972, Rho=20.342331, Grad_norm=0.0492, Final_scale=203.4233
🚀 APPLYING GUIDANCE at step 35 (timestep=562)
🎯 GUIDANCE STEP 35 (t=562): Loss=0.5977, Rho=14.756603, Grad_norm=0.0678, Final_scale=147.5660
🚀 APPLYING GUIDANCE at step 36 (timestep=538)
🎯 GUIDANCE STEP 36 (t=538): Loss=0.5972, Rho=22.046276, Grad_norm=0.0454, Final_scale=220.4628
🚀 APPLYING GUIDANCE at step 37 (timestep=512)
🎯 GUIDANCE STEP 37 (t=512): Loss=0.5977, Rho=65.771172, Grad_norm=0.0152, Final_scale=657.7117
🚀 APPLYING GUIDANCE at step 38 (timestep=486)
🎯 GUIDANCE STEP 38 (t=486): Loss=0.5947, Rho=67.745499, Grad_norm=0.0148, Final_scale=677.4550
🚀 APPLYING GUIDANCE at step 39 (timestep=458)
🎯 GUIDANCE STEP 39 (t=458): Loss=0.5977, Rho=48.648693, Grad_norm=0.0206, Final_scale=486.4869
🚀 APPLYING GUIDANCE at step 40 (timestep=428)
🎯 GUIDANCE STEP 40 (t=428): Loss=0.5952, Rho=82.907990, Grad_norm=0.0121, Final_scale=829.0799
🚀 APPLYING GUIDANCE at step 41 (timestep=396)
🎯 GUIDANCE STEP 41 (t=396): Loss=0.5913, Rho=42.476574, Grad_norm=0.0235, Final_scale=424.7657
🚀 APPLYING GUIDANCE at step 42 (timestep=363)
🎯 GUIDANCE STEP 42 (t=363): Loss=0.5933, Rho=57.010773, Grad_norm=0.0175, Final_scale=570.1077
🚀 APPLYING GUIDANCE at step 43 (timestep=327)
🎯 GUIDANCE STEP 43 (t=327): Loss=0.5898, Rho=4.823407, Grad_norm=0.2073, Final_scale=48.2341
🚀 APPLYING GUIDANCE at step 44 (timestep=290)
🎯 GUIDANCE STEP 44 (t=290): Loss=0.5908, Rho=29.600853, Grad_norm=0.0338, Final_scale=296.0085
🚀 APPLYING GUIDANCE at step 45 (timestep=249)
🎯 GUIDANCE STEP 45 (t=249): Loss=0.5933, Rho=39.841381, Grad_norm=0.0251, Final_scale=398.4138
🚀 APPLYING GUIDANCE at step 46 (timestep=206)
🎯 GUIDANCE STEP 46 (t=206): Loss=0.5938, Rho=78.078354, Grad_norm=0.0128, Final_scale=780.7835
🚀 APPLYING GUIDANCE at step 47 (timestep=160)
🎯 GUIDANCE STEP 47 (t=160): Loss=0.5898, Rho=34.885983, Grad_norm=0.0287, Final_scale=348.8598
🚀 APPLYING GUIDANCE at step 48 (timestep=111)
🎯 GUIDANCE STEP 48 (t=111): Loss=0.5884, Rho=62.407394, Grad_norm=0.0160, Final_scale=624.0739
🚀 APPLYING GUIDANCE at step 49 (timestep=57)
🎯 GUIDANCE STEP 49 (t=57): Loss=0.5908, Rho=20.327511, Grad_norm=0.0492, Final_scale=203.2751
[guidance_f17_s50_w8c6_rho10.0_cfg5.0_0701_1658] Generated: generated_videos/subject_consistency/guidance_f17_s50_w8c6_rho10.0_cfg5.0_0701_1658/a_truck_turning_a_corner.mp4
[guidance_f17_s50_w8c6_rho10.0_cfg5.0_0701_1658] Generating video 5/9 (guidance): a truck anchored in a tranquil bay
🎬 STARTING GUIDANCE PIPELINE GENERATION
   Frames: 17, Steps: 50, CFG Scale: 5.0

🔧 GUIDANCE PIPELINE CONFIGURATION:
   Guidance range: 0 - 1001
   Rho scale: 10.0
   V-JEPA kernel_size: 8
   V-JEPA context_length: 6
   V-JEPA stride: 2
   V-JEPA mode: max
   Total timesteps: 50

🚀 APPLYING GUIDANCE at step 0 (timestep=999)
🎯 GUIDANCE STEP 0 (t=999): Loss=0.5498, Rho=17.031296, Grad_norm=0.0587, Final_scale=170.3130
🚀 APPLYING GUIDANCE at step 1 (timestep=992)
🎯 GUIDANCE STEP 1 (t=992): Loss=0.5347, Rho=8.317295, Grad_norm=0.1202, Final_scale=83.1730
🚀 APPLYING GUIDANCE at step 2 (timestep=985)
🎯 GUIDANCE STEP 2 (t=985): Loss=0.5420, Rho=21.993660, Grad_norm=0.0455, Final_scale=219.9366
🚀 APPLYING GUIDANCE at step 3 (timestep=978)
🎯 GUIDANCE STEP 3 (t=978): Loss=0.5415, Rho=14.636184, Grad_norm=0.0683, Final_scale=146.3618
🚀 APPLYING GUIDANCE at step 4 (timestep=971)
🎯 GUIDANCE STEP 4 (t=971): Loss=0.5767, Rho=19.887640, Grad_norm=0.0503, Final_scale=198.8764
🚀 APPLYING GUIDANCE at step 5 (timestep=963)
🎯 GUIDANCE STEP 5 (t=963): Loss=0.5840, Rho=17.227369, Grad_norm=0.0580, Final_scale=172.2737
🚀 APPLYING GUIDANCE at step 6 (timestep=956)
🎯 GUIDANCE STEP 6 (t=956): Loss=0.6128, Rho=4.650270, Grad_norm=0.2150, Final_scale=46.5027
🚀 APPLYING GUIDANCE at step 7 (timestep=948)
🎯 GUIDANCE STEP 7 (t=948): Loss=0.6235, Rho=10.746120, Grad_norm=0.0931, Final_scale=107.4612
🚀 APPLYING GUIDANCE at step 8 (timestep=939)
🎯 GUIDANCE STEP 8 (t=939): Loss=0.6221, Rho=12.415031, Grad_norm=0.0805, Final_scale=124.1503
🚀 APPLYING GUIDANCE at step 9 (timestep=931)
🎯 GUIDANCE STEP 9 (t=931): Loss=0.6265, Rho=15.926152, Grad_norm=0.0628, Final_scale=159.2615
🚀 APPLYING GUIDANCE at step 10 (timestep=922)
🎯 GUIDANCE STEP 10 (t=922): Loss=0.6201, Rho=9.303891, Grad_norm=0.1075, Final_scale=93.0389
🚀 APPLYING GUIDANCE at step 11 (timestep=913)
🎯 GUIDANCE STEP 11 (t=913): Loss=0.6274, Rho=5.355094, Grad_norm=0.1867, Final_scale=53.5509
🚀 APPLYING GUIDANCE at step 12 (timestep=904)
🎯 GUIDANCE STEP 12 (t=904): Loss=0.6201, Rho=9.232428, Grad_norm=0.1083, Final_scale=92.3243
🚀 APPLYING GUIDANCE at step 13 (timestep=894)
🎯 GUIDANCE STEP 13 (t=894): Loss=0.6157, Rho=9.262101, Grad_norm=0.1080, Final_scale=92.6210
🚀 APPLYING GUIDANCE at step 14 (timestep=884)
🎯 GUIDANCE STEP 14 (t=884): Loss=0.6177, Rho=12.225871, Grad_norm=0.0818, Final_scale=122.2587
🚀 APPLYING GUIDANCE at step 15 (timestep=874)
🎯 GUIDANCE STEP 15 (t=874): Loss=0.6274, Rho=6.451795, Grad_norm=0.1550, Final_scale=64.5179
🚀 APPLYING GUIDANCE at step 16 (timestep=864)
🎯 GUIDANCE STEP 16 (t=864): Loss=0.6279, Rho=10.589873, Grad_norm=0.0944, Final_scale=105.8987
🚀 APPLYING GUIDANCE at step 17 (timestep=853)
🎯 GUIDANCE STEP 17 (t=853): Loss=0.6294, Rho=7.666568, Grad_norm=0.1304, Final_scale=76.6657
🚀 APPLYING GUIDANCE at step 18 (timestep=841)
🎯 GUIDANCE STEP 18 (t=841): Loss=0.6260, Rho=6.110989, Grad_norm=0.1636, Final_scale=61.1099
🚀 APPLYING GUIDANCE at step 19 (timestep=829)
🎯 GUIDANCE STEP 19 (t=829): Loss=0.6235, Rho=9.908404, Grad_norm=0.1009, Final_scale=99.0840
🚀 APPLYING GUIDANCE at step 20 (timestep=817)
🎯 GUIDANCE STEP 20 (t=817): Loss=0.6182, Rho=7.342152, Grad_norm=0.1362, Final_scale=73.4215
🚀 APPLYING GUIDANCE at step 21 (timestep=805)
🎯 GUIDANCE STEP 21 (t=805): Loss=0.6191, Rho=5.969237, Grad_norm=0.1675, Final_scale=59.6924
🚀 APPLYING GUIDANCE at step 22 (timestep=792)
🎯 GUIDANCE STEP 22 (t=792): Loss=0.6226, Rho=8.276222, Grad_norm=0.1208, Final_scale=82.7622
🚀 APPLYING GUIDANCE at step 23 (timestep=778)
🎯 GUIDANCE STEP 23 (t=778): Loss=0.6279, Rho=6.712847, Grad_norm=0.1490, Final_scale=67.1285
🚀 APPLYING GUIDANCE at step 24 (timestep=764)
🎯 GUIDANCE STEP 24 (t=764): Loss=0.6270, Rho=5.273883, Grad_norm=0.1896, Final_scale=52.7388
🚀 APPLYING GUIDANCE at step 25 (timestep=749)
🎯 GUIDANCE STEP 25 (t=749): Loss=0.6270, Rho=4.130071, Grad_norm=0.2421, Final_scale=41.3007
🚀 APPLYING GUIDANCE at step 26 (timestep=734)
🎯 GUIDANCE STEP 26 (t=734): Loss=0.6235, Rho=10.627616, Grad_norm=0.0941, Final_scale=106.2762
🚀 APPLYING GUIDANCE at step 27 (timestep=718)
🎯 GUIDANCE STEP 27 (t=718): Loss=0.6201, Rho=8.212002, Grad_norm=0.1218, Final_scale=82.1200
🚀 APPLYING GUIDANCE at step 28 (timestep=701)
🎯 GUIDANCE STEP 28 (t=701): Loss=0.6226, Rho=8.491836, Grad_norm=0.1178, Final_scale=84.9184
🚀 APPLYING GUIDANCE at step 29 (timestep=684)
🎯 GUIDANCE STEP 29 (t=684): Loss=0.6221, Rho=9.851654, Grad_norm=0.1015, Final_scale=98.5165
🚀 APPLYING GUIDANCE at step 30 (timestep=666)
🎯 GUIDANCE STEP 30 (t=666): Loss=0.6216, Rho=9.632351, Grad_norm=0.1038, Final_scale=96.3235
🚀 APPLYING GUIDANCE at step 31 (timestep=647)
🎯 GUIDANCE STEP 31 (t=647): Loss=0.6216, Rho=8.190634, Grad_norm=0.1221, Final_scale=81.9063
🚀 APPLYING GUIDANCE at step 32 (timestep=627)
🎯 GUIDANCE STEP 32 (t=627): Loss=0.6245, Rho=3.178974, Grad_norm=0.3146, Final_scale=31.7897
🚀 APPLYING GUIDANCE at step 33 (timestep=606)
🎯 GUIDANCE STEP 33 (t=606): Loss=0.6284, Rho=2.647866, Grad_norm=0.3777, Final_scale=26.4787
🚀 APPLYING GUIDANCE at step 34 (timestep=585)
🎯 GUIDANCE STEP 34 (t=585): Loss=0.6304, Rho=14.789658, Grad_norm=0.0676, Final_scale=147.8966
🚀 APPLYING GUIDANCE at step 35 (timestep=562)
🎯 GUIDANCE STEP 35 (t=562): Loss=0.6255, Rho=13.013551, Grad_norm=0.0768, Final_scale=130.1355
🚀 APPLYING GUIDANCE at step 36 (timestep=538)
🎯 GUIDANCE STEP 36 (t=538): Loss=0.6250, Rho=13.940002, Grad_norm=0.0717, Final_scale=139.4000
🚀 APPLYING GUIDANCE at step 37 (timestep=512)
🎯 GUIDANCE STEP 37 (t=512): Loss=0.6270, Rho=17.061539, Grad_norm=0.0586, Final_scale=170.6154
🚀 APPLYING GUIDANCE at step 38 (timestep=486)
🎯 GUIDANCE STEP 38 (t=486): Loss=0.6284, Rho=11.371478, Grad_norm=0.0879, Final_scale=113.7148
🚀 APPLYING GUIDANCE at step 39 (timestep=458)
🎯 GUIDANCE STEP 39 (t=458): Loss=0.6274, Rho=9.904935, Grad_norm=0.1010, Final_scale=99.0493
🚀 APPLYING GUIDANCE at step 40 (timestep=428)
🎯 GUIDANCE STEP 40 (t=428): Loss=0.6265, Rho=4.117189, Grad_norm=0.2429, Final_scale=41.1719
🚀 APPLYING GUIDANCE at step 41 (timestep=396)
🎯 GUIDANCE STEP 41 (t=396): Loss=0.6260, Rho=24.280552, Grad_norm=0.0412, Final_scale=242.8055
🚀 APPLYING GUIDANCE at step 42 (timestep=363)
🎯 GUIDANCE STEP 42 (t=363): Loss=0.6255, Rho=23.621344, Grad_norm=0.0423, Final_scale=236.2134
🚀 APPLYING GUIDANCE at step 43 (timestep=327)
🎯 GUIDANCE STEP 43 (t=327): Loss=0.6240, Rho=32.874352, Grad_norm=0.0304, Final_scale=328.7435
🚀 APPLYING GUIDANCE at step 44 (timestep=290)
🎯 GUIDANCE STEP 44 (t=290): Loss=0.6230, Rho=32.574280, Grad_norm=0.0307, Final_scale=325.7428
🚀 APPLYING GUIDANCE at step 45 (timestep=249)
🎯 GUIDANCE STEP 45 (t=249): Loss=0.6245, Rho=14.983259, Grad_norm=0.0667, Final_scale=149.8326
🚀 APPLYING GUIDANCE at step 46 (timestep=206)
🎯 GUIDANCE STEP 46 (t=206): Loss=0.6245, Rho=21.928036, Grad_norm=0.0456, Final_scale=219.2804
🚀 APPLYING GUIDANCE at step 47 (timestep=160)
🎯 GUIDANCE STEP 47 (t=160): Loss=0.6270, Rho=33.422577, Grad_norm=0.0299, Final_scale=334.2258
🚀 APPLYING GUIDANCE at step 48 (timestep=111)
🎯 GUIDANCE STEP 48 (t=111): Loss=0.6206, Rho=10.250744, Grad_norm=0.0976, Final_scale=102.5074
🚀 APPLYING GUIDANCE at step 49 (timestep=57)
🎯 GUIDANCE STEP 49 (t=57): Loss=0.6226, Rho=11.907882, Grad_norm=0.0840, Final_scale=119.0788
[guidance_f17_s50_w8c6_rho10.0_cfg5.0_0701_1658] Generated: generated_videos/subject_consistency/guidance_f17_s50_w8c6_rho10.0_cfg5.0_0701_1658/an_airplane_taking_off.mp4
[guidance_f17_s50_w8c6_rho10.0_cfg5.0_0701_1658] Generating video 5/9 (guidance): an airplane landing smoothly on a runway
🎬 STARTING GUIDANCE PIPELINE GENERATION
   Frames: 17, Steps: 50, CFG Scale: 5.0

🔧 GUIDANCE PIPELINE CONFIGURATION:
   Guidance range: 0 - 1001
   Rho scale: 10.0
   V-JEPA kernel_size: 8
   V-JEPA context_length: 6
   V-JEPA stride: 2
   V-JEPA mode: max
   Total timesteps: 50

🚀 APPLYING GUIDANCE at step 0 (timestep=999)
🎯 GUIDANCE STEP 0 (t=999): Loss=0.5444, Rho=32.215927, Grad_norm=0.0310, Final_scale=322.1593
🚀 APPLYING GUIDANCE at step 1 (timestep=992)
🎯 GUIDANCE STEP 1 (t=992): Loss=0.5342, Rho=24.260742, Grad_norm=0.0412, Final_scale=242.6074
🚀 APPLYING GUIDANCE at step 2 (timestep=985)
🎯 GUIDANCE STEP 2 (t=985): Loss=0.5332, Rho=25.774569, Grad_norm=0.0388, Final_scale=257.7457
🚀 APPLYING GUIDANCE at step 3 (timestep=978)
🎯 GUIDANCE STEP 3 (t=978): Loss=0.5308, Rho=32.729939, Grad_norm=0.0306, Final_scale=327.2994
🚀 APPLYING GUIDANCE at step 4 (timestep=971)
🎯 GUIDANCE STEP 4 (t=971): Loss=0.5288, Rho=24.939915, Grad_norm=0.0401, Final_scale=249.3991
🚀 APPLYING GUIDANCE at step 5 (timestep=963)
🎯 GUIDANCE STEP 5 (t=963): Loss=0.5327, Rho=27.549402, Grad_norm=0.0363, Final_scale=275.4940
🚀 APPLYING GUIDANCE at step 6 (timestep=956)
🎯 GUIDANCE STEP 6 (t=956): Loss=0.5293, Rho=21.580622, Grad_norm=0.0463, Final_scale=215.8062
🚀 APPLYING GUIDANCE at step 7 (timestep=948)
🎯 GUIDANCE STEP 7 (t=948): Loss=0.5312, Rho=4.639756, Grad_norm=0.2155, Final_scale=46.3976
🚀 APPLYING GUIDANCE at step 8 (timestep=939)
🎯 GUIDANCE STEP 8 (t=939): Loss=0.5332, Rho=11.033620, Grad_norm=0.0906, Final_scale=110.3362
🚀 APPLYING GUIDANCE at step 9 (timestep=931)
🎯 GUIDANCE STEP 9 (t=931): Loss=0.5356, Rho=15.684529, Grad_norm=0.0638, Final_scale=156.8453
🚀 APPLYING GUIDANCE at step 10 (timestep=922)
🎯 GUIDANCE STEP 10 (t=922): Loss=0.5356, Rho=15.728109, Grad_norm=0.0636, Final_scale=157.2811
🚀 APPLYING GUIDANCE at step 11 (timestep=913)
🎯 GUIDANCE STEP 11 (t=913): Loss=0.5347, Rho=9.065123, Grad_norm=0.1103, Final_scale=90.6512
🚀 APPLYING GUIDANCE at step 12 (timestep=904)
🎯 GUIDANCE STEP 12 (t=904): Loss=0.5361, Rho=17.169233, Grad_norm=0.0582, Final_scale=171.6923
🚀 APPLYING GUIDANCE at step 13 (timestep=894)
🎯 GUIDANCE STEP 13 (t=894): Loss=0.5386, Rho=16.847292, Grad_norm=0.0594, Final_scale=168.4729
🚀 APPLYING GUIDANCE at step 14 (timestep=884)
🎯 GUIDANCE STEP 14 (t=884): Loss=0.5396, Rho=9.492443, Grad_norm=0.1053, Final_scale=94.9244
🚀 APPLYING GUIDANCE at step 15 (timestep=874)
🎯 GUIDANCE STEP 15 (t=874): Loss=0.5396, Rho=14.443228, Grad_norm=0.0692, Final_scale=144.4323
🚀 APPLYING GUIDANCE at step 16 (timestep=864)
🎯 GUIDANCE STEP 16 (t=864): Loss=0.5459, Rho=26.215380, Grad_norm=0.0381, Final_scale=262.1538
🚀 APPLYING GUIDANCE at step 17 (timestep=853)
🎯 GUIDANCE STEP 17 (t=853): Loss=0.5542, Rho=18.759357, Grad_norm=0.0533, Final_scale=187.5936
🚀 APPLYING GUIDANCE at step 18 (timestep=841)
🎯 GUIDANCE STEP 18 (t=841): Loss=0.5693, Rho=16.499084, Grad_norm=0.0606, Final_scale=164.9908
🚀 APPLYING GUIDANCE at step 19 (timestep=829)
🎯 GUIDANCE STEP 19 (t=829): Loss=0.5771, Rho=5.689193, Grad_norm=0.1758, Final_scale=56.8919
🚀 APPLYING GUIDANCE at step 20 (timestep=817)
🎯 GUIDANCE STEP 20 (t=817): Loss=0.5669, Rho=17.359104, Grad_norm=0.0576, Final_scale=173.5910
🚀 APPLYING GUIDANCE at step 21 (timestep=805)
🎯 GUIDANCE STEP 21 (t=805): Loss=0.5649, Rho=9.947222, Grad_norm=0.1005, Final_scale=99.4722
🚀 APPLYING GUIDANCE at step 22 (timestep=792)
🎯 GUIDANCE STEP 22 (t=792): Loss=0.5679, Rho=13.607590, Grad_norm=0.0735, Final_scale=136.0759
🚀 APPLYING GUIDANCE at step 23 (timestep=778)
🎯 GUIDANCE STEP 23 (t=778): Loss=0.5625, Rho=6.865224, Grad_norm=0.1457, Final_scale=68.6522
🚀 APPLYING GUIDANCE at step 24 (timestep=764)
🎯 GUIDANCE STEP 24 (t=764): Loss=0.5659, Rho=8.749518, Grad_norm=0.1143, Final_scale=87.4952
🚀 APPLYING GUIDANCE at step 25 (timestep=749)
🎯 GUIDANCE STEP 25 (t=749): Loss=0.5693, Rho=12.007518, Grad_norm=0.0833, Final_scale=120.0752
🚀 APPLYING GUIDANCE at step 26 (timestep=734)
🎯 GUIDANCE STEP 26 (t=734): Loss=0.5781, Rho=9.653639, Grad_norm=0.1036, Final_scale=96.5364
🚀 APPLYING GUIDANCE at step 27 (timestep=718)
🎯 GUIDANCE STEP 27 (t=718): Loss=0.5732, Rho=13.138359, Grad_norm=0.0761, Final_scale=131.3836
🚀 APPLYING GUIDANCE at step 28 (timestep=701)
🎯 GUIDANCE STEP 28 (t=701): Loss=0.5737, Rho=12.870177, Grad_norm=0.0777, Final_scale=128.7018
🚀 APPLYING GUIDANCE at step 29 (timestep=684)
🎯 GUIDANCE STEP 29 (t=684): Loss=0.5776, Rho=12.444186, Grad_norm=0.0804, Final_scale=124.4419
🚀 APPLYING GUIDANCE at step 30 (timestep=666)
🎯 GUIDANCE STEP 30 (t=666): Loss=0.5776, Rho=10.394873, Grad_norm=0.0962, Final_scale=103.9487
🚀 APPLYING GUIDANCE at step 31 (timestep=647)
🎯 GUIDANCE STEP 31 (t=647): Loss=0.5820, Rho=9.924663, Grad_norm=0.1008, Final_scale=99.2466
🚀 APPLYING GUIDANCE at step 32 (timestep=627)
🎯 GUIDANCE STEP 32 (t=627): Loss=0.5830, Rho=11.964440, Grad_norm=0.0836, Final_scale=119.6444
🚀 APPLYING GUIDANCE at step 33 (timestep=606)
🎯 GUIDANCE STEP 33 (t=606): Loss=0.5796, Rho=3.463623, Grad_norm=0.2887, Final_scale=34.6362
🚀 APPLYING GUIDANCE at step 34 (timestep=585)
🎯 GUIDANCE STEP 34 (t=585): Loss=0.5830, Rho=8.239106, Grad_norm=0.1214, Final_scale=82.3911
🚀 APPLYING GUIDANCE at step 35 (timestep=562)
🎯 GUIDANCE STEP 35 (t=562): Loss=0.5835, Rho=10.085480, Grad_norm=0.0992, Final_scale=100.8548
🚀 APPLYING GUIDANCE at step 36 (timestep=538)
🎯 GUIDANCE STEP 36 (t=538): Loss=0.5825, Rho=8.208655, Grad_norm=0.1218, Final_scale=82.0866
🚀 APPLYING GUIDANCE at step 37 (timestep=512)
🎯 GUIDANCE STEP 37 (t=512): Loss=0.5845, Rho=14.204815, Grad_norm=0.0704, Final_scale=142.0481
🚀 APPLYING GUIDANCE at step 38 (timestep=486)
🎯 GUIDANCE STEP 38 (t=486): Loss=0.5840, Rho=14.045219, Grad_norm=0.0712, Final_scale=140.4522
🚀 APPLYING GUIDANCE at step 39 (timestep=458)
🎯 GUIDANCE STEP 39 (t=458): Loss=0.5796, Rho=11.558287, Grad_norm=0.0865, Final_scale=115.5829
🚀 APPLYING GUIDANCE at step 40 (timestep=428)
🎯 GUIDANCE STEP 40 (t=428): Loss=0.5820, Rho=8.845963, Grad_norm=0.1130, Final_scale=88.4596
🚀 APPLYING GUIDANCE at step 41 (timestep=396)
🎯 GUIDANCE STEP 41 (t=396): Loss=0.5801, Rho=15.562140, Grad_norm=0.0643, Final_scale=155.6214
🚀 APPLYING GUIDANCE at step 42 (timestep=363)
🎯 GUIDANCE STEP 42 (t=363): Loss=0.5815, Rho=8.371880, Grad_norm=0.1194, Final_scale=83.7188
🚀 APPLYING GUIDANCE at step 43 (timestep=327)
🎯 GUIDANCE STEP 43 (t=327): Loss=0.5820, Rho=17.508190, Grad_norm=0.0571, Final_scale=175.0819
🚀 APPLYING GUIDANCE at step 44 (timestep=290)
🎯 GUIDANCE STEP 44 (t=290): Loss=0.5806, Rho=12.881961, Grad_norm=0.0776, Final_scale=128.8196
🚀 APPLYING GUIDANCE at step 45 (timestep=249)
🎯 GUIDANCE STEP 45 (t=249): Loss=0.5825, Rho=12.933494, Grad_norm=0.0773, Final_scale=129.3349
🚀 APPLYING GUIDANCE at step 46 (timestep=206)
🎯 GUIDANCE STEP 46 (t=206): Loss=0.5811, Rho=14.788102, Grad_norm=0.0676, Final_scale=147.8810
🚀 APPLYING GUIDANCE at step 47 (timestep=160)
🎯 GUIDANCE STEP 47 (t=160): Loss=0.5820, Rho=17.630993, Grad_norm=0.0567, Final_scale=176.3099
🚀 APPLYING GUIDANCE at step 48 (timestep=111)
🎯 GUIDANCE STEP 48 (t=111): Loss=0.5786, Rho=4.407448, Grad_norm=0.2269, Final_scale=44.0745
🚀 APPLYING GUIDANCE at step 49 (timestep=57)
🎯 GUIDANCE STEP 49 (t=57): Loss=0.5815, Rho=12.700756, Grad_norm=0.0787, Final_scale=127.0076
[guidance_f17_s50_w8c6_rho10.0_cfg5.0_0701_1658] Generated: generated_videos/subject_consistency/guidance_f17_s50_w8c6_rho10.0_cfg5.0_0701_1658/a_bird_flying_over_a_snowy_forest.mp4
[guidance_f17_s50_w8c6_rho10.0_cfg5.0_0701_1658] Generating video 6/9 (guidance): a cat grooming itself meticulously with its tongue
🎬 STARTING GUIDANCE PIPELINE GENERATION
   Frames: 17, Steps: 50, CFG Scale: 5.0

🔧 GUIDANCE PIPELINE CONFIGURATION:
   Guidance range: 0 - 1001
   Rho scale: 10.0
   V-JEPA kernel_size: 8
   V-JEPA context_length: 6
   V-JEPA stride: 2
   V-JEPA mode: max
   Total timesteps: 50

🚀 APPLYING GUIDANCE at step 0 (timestep=999)
🎯 GUIDANCE STEP 0 (t=999): Loss=0.5825, Rho=16.874670, Grad_norm=0.0593, Final_scale=168.7467
🚀 APPLYING GUIDANCE at step 1 (timestep=992)
🎯 GUIDANCE STEP 1 (t=992): Loss=0.5532, Rho=28.588194, Grad_norm=0.0350, Final_scale=285.8819
🚀 APPLYING GUIDANCE at step 2 (timestep=985)
🎯 GUIDANCE STEP 2 (t=985): Loss=0.5400, Rho=17.404392, Grad_norm=0.0575, Final_scale=174.0439
🚀 APPLYING GUIDANCE at step 3 (timestep=978)
🎯 GUIDANCE STEP 3 (t=978): Loss=0.5386, Rho=15.520405, Grad_norm=0.0644, Final_scale=155.2040
🚀 APPLYING GUIDANCE at step 4 (timestep=971)
🎯 GUIDANCE STEP 4 (t=971): Loss=0.5444, Rho=14.273109, Grad_norm=0.0701, Final_scale=142.7311
🚀 APPLYING GUIDANCE at step 5 (timestep=963)
🎯 GUIDANCE STEP 5 (t=963): Loss=0.5605, Rho=11.636255, Grad_norm=0.0859, Final_scale=116.3626
🚀 APPLYING GUIDANCE at step 6 (timestep=956)
🎯 GUIDANCE STEP 6 (t=956): Loss=0.5869, Rho=11.905952, Grad_norm=0.0840, Final_scale=119.0595
🚀 APPLYING GUIDANCE at step 7 (timestep=948)
🎯 GUIDANCE STEP 7 (t=948): Loss=0.5977, Rho=7.728362, Grad_norm=0.1294, Final_scale=77.2836
🚀 APPLYING GUIDANCE at step 8 (timestep=939)
🎯 GUIDANCE STEP 8 (t=939): Loss=0.6025, Rho=6.954776, Grad_norm=0.1438, Final_scale=69.5478
🚀 APPLYING GUIDANCE at step 9 (timestep=931)
🎯 GUIDANCE STEP 9 (t=931): Loss=0.6089, Rho=9.958616, Grad_norm=0.1004, Final_scale=99.5862
🚀 APPLYING GUIDANCE at step 10 (timestep=922)
🎯 GUIDANCE STEP 10 (t=922): Loss=0.6133, Rho=3.615015, Grad_norm=0.2766, Final_scale=36.1501
🚀 APPLYING GUIDANCE at step 11 (timestep=913)
🎯 GUIDANCE STEP 11 (t=913): Loss=0.6157, Rho=3.237901, Grad_norm=0.3088, Final_scale=32.3790
🚀 APPLYING GUIDANCE at step 12 (timestep=904)
🎯 GUIDANCE STEP 12 (t=904): Loss=0.6182, Rho=7.724473, Grad_norm=0.1295, Final_scale=77.2447
🚀 APPLYING GUIDANCE at step 13 (timestep=894)
🎯 GUIDANCE STEP 13 (t=894): Loss=0.6133, Rho=5.689858, Grad_norm=0.1758, Final_scale=56.8986
🚀 APPLYING GUIDANCE at step 14 (timestep=884)
🎯 GUIDANCE STEP 14 (t=884): Loss=0.6128, Rho=6.418208, Grad_norm=0.1558, Final_scale=64.1821
🚀 APPLYING GUIDANCE at step 15 (timestep=874)
🎯 GUIDANCE STEP 15 (t=874): Loss=0.6118, Rho=4.044089, Grad_norm=0.2473, Final_scale=40.4409
🚀 APPLYING GUIDANCE at step 16 (timestep=864)
🎯 GUIDANCE STEP 16 (t=864): Loss=0.6167, Rho=5.326250, Grad_norm=0.1877, Final_scale=53.2625
🚀 APPLYING GUIDANCE at step 17 (timestep=853)
🎯 GUIDANCE STEP 17 (t=853): Loss=0.6182, Rho=5.149448, Grad_norm=0.1942, Final_scale=51.4945
🚀 APPLYING GUIDANCE at step 18 (timestep=841)
🎯 GUIDANCE STEP 18 (t=841): Loss=0.6235, Rho=2.592443, Grad_norm=0.3857, Final_scale=25.9244
🚀 APPLYING GUIDANCE at step 19 (timestep=829)
🎯 GUIDANCE STEP 19 (t=829): Loss=0.6216, Rho=1.253832, Grad_norm=0.7976, Final_scale=12.5383
🚀 APPLYING GUIDANCE at step 20 (timestep=817)
🎯 GUIDANCE STEP 20 (t=817): Loss=0.6196, Rho=2.370192, Grad_norm=0.4219, Final_scale=23.7019
🚀 APPLYING GUIDANCE at step 21 (timestep=805)
🎯 GUIDANCE STEP 21 (t=805): Loss=0.6162, Rho=1.690518, Grad_norm=0.5915, Final_scale=16.9052
🚀 APPLYING GUIDANCE at step 22 (timestep=792)
🎯 GUIDANCE STEP 22 (t=792): Loss=0.6206, Rho=1.720770, Grad_norm=0.5811, Final_scale=17.2077
🚀 APPLYING GUIDANCE at step 23 (timestep=778)
🎯 GUIDANCE STEP 23 (t=778): Loss=0.6177, Rho=4.399281, Grad_norm=0.2273, Final_scale=43.9928
🚀 APPLYING GUIDANCE at step 24 (timestep=764)
🎯 GUIDANCE STEP 24 (t=764): Loss=0.6167, Rho=3.774262, Grad_norm=0.2650, Final_scale=37.7426
🚀 APPLYING GUIDANCE at step 25 (timestep=749)
🎯 GUIDANCE STEP 25 (t=749): Loss=0.6128, Rho=4.783518, Grad_norm=0.2091, Final_scale=47.8352
🚀 APPLYING GUIDANCE at step 26 (timestep=734)
🎯 GUIDANCE STEP 26 (t=734): Loss=0.6138, Rho=3.572207, Grad_norm=0.2799, Final_scale=35.7221
🚀 APPLYING GUIDANCE at step 27 (timestep=718)
🎯 GUIDANCE STEP 27 (t=718): Loss=0.6143, Rho=6.562608, Grad_norm=0.1524, Final_scale=65.6261
🚀 APPLYING GUIDANCE at step 28 (timestep=701)
🎯 GUIDANCE STEP 28 (t=701): Loss=0.6123, Rho=8.710590, Grad_norm=0.1148, Final_scale=87.1059
🚀 APPLYING GUIDANCE at step 29 (timestep=684)
🎯 GUIDANCE STEP 29 (t=684): Loss=0.6157, Rho=4.540792, Grad_norm=0.2202, Final_scale=45.4079
🚀 APPLYING GUIDANCE at step 30 (timestep=666)
🎯 GUIDANCE STEP 30 (t=666): Loss=0.6157, Rho=5.471939, Grad_norm=0.1828, Final_scale=54.7194
🚀 APPLYING GUIDANCE at step 31 (timestep=647)
🎯 GUIDANCE STEP 31 (t=647): Loss=0.6143, Rho=7.115296, Grad_norm=0.1405, Final_scale=71.1530
🚀 APPLYING GUIDANCE at step 32 (timestep=627)
🎯 GUIDANCE STEP 32 (t=627): Loss=0.6162, Rho=0.907834, Grad_norm=1.1015, Final_scale=9.0783
🚀 APPLYING GUIDANCE at step 33 (timestep=606)
🎯 GUIDANCE STEP 33 (t=606): Loss=0.6162, Rho=8.122613, Grad_norm=0.1231, Final_scale=81.2261
🚀 APPLYING GUIDANCE at step 34 (timestep=585)
🎯 GUIDANCE STEP 34 (t=585): Loss=0.6172, Rho=12.204407, Grad_norm=0.0819, Final_scale=122.0441
🚀 APPLYING GUIDANCE at step 35 (timestep=562)
🎯 GUIDANCE STEP 35 (t=562): Loss=0.6123, Rho=13.232764, Grad_norm=0.0756, Final_scale=132.3276
🚀 APPLYING GUIDANCE at step 36 (timestep=538)
🎯 GUIDANCE STEP 36 (t=538): Loss=0.6108, Rho=6.988882, Grad_norm=0.1431, Final_scale=69.8888
🚀 APPLYING GUIDANCE at step 37 (timestep=512)
🎯 GUIDANCE STEP 37 (t=512): Loss=0.6123, Rho=10.807100, Grad_norm=0.0925, Final_scale=108.0710
🚀 APPLYING GUIDANCE at step 38 (timestep=486)
🎯 GUIDANCE STEP 38 (t=486): Loss=0.6108, Rho=16.112247, Grad_norm=0.0621, Final_scale=161.1225
🚀 APPLYING GUIDANCE at step 39 (timestep=458)
🎯 GUIDANCE STEP 39 (t=458): Loss=0.6123, Rho=11.695311, Grad_norm=0.0855, Final_scale=116.9531
🚀 APPLYING GUIDANCE at step 40 (timestep=428)
🎯 GUIDANCE STEP 40 (t=428): Loss=0.6099, Rho=21.629389, Grad_norm=0.0462, Final_scale=216.2939
🚀 APPLYING GUIDANCE at step 41 (timestep=396)
🎯 GUIDANCE STEP 41 (t=396): Loss=0.6108, Rho=18.619738, Grad_norm=0.0537, Final_scale=186.1974
🚀 APPLYING GUIDANCE at step 42 (timestep=363)
🎯 GUIDANCE STEP 42 (t=363): Loss=0.6108, Rho=20.681034, Grad_norm=0.0484, Final_scale=206.8103
🚀 APPLYING GUIDANCE at step 43 (timestep=327)
🎯 GUIDANCE STEP 43 (t=327): Loss=0.6104, Rho=21.159901, Grad_norm=0.0473, Final_scale=211.5990
🚀 APPLYING GUIDANCE at step 44 (timestep=290)
🎯 GUIDANCE STEP 44 (t=290): Loss=0.6084, Rho=32.774853, Grad_norm=0.0305, Final_scale=327.7485
🚀 APPLYING GUIDANCE at step 45 (timestep=249)
🎯 GUIDANCE STEP 45 (t=249): Loss=0.6089, Rho=25.458466, Grad_norm=0.0393, Final_scale=254.5847
🚀 APPLYING GUIDANCE at step 46 (timestep=206)
🎯 GUIDANCE STEP 46 (t=206): Loss=0.6069, Rho=29.620863, Grad_norm=0.0338, Final_scale=296.2086
🚀 APPLYING GUIDANCE at step 47 (timestep=160)
🎯 GUIDANCE STEP 47 (t=160): Loss=0.6055, Rho=26.123363, Grad_norm=0.0383, Final_scale=261.2336
🚀 APPLYING GUIDANCE at step 48 (timestep=111)
🎯 GUIDANCE STEP 48 (t=111): Loss=0.6050, Rho=53.862347, Grad_norm=0.0186, Final_scale=538.6235
🚀 APPLYING GUIDANCE at step 49 (timestep=57)
🎯 GUIDANCE STEP 49 (t=57): Loss=0.6040, Rho=33.948833, Grad_norm=0.0295, Final_scale=339.4883
[guidance_f17_s50_w8c6_rho10.0_cfg5.0_0701_1658] Generated: generated_videos/subject_consistency/guidance_f17_s50_w8c6_rho10.0_cfg5.0_0701_1658/a_cow_running_to_join_a_herd_of_its_kind.mp4
[guidance_f17_s50_w8c6_rho10.0_cfg5.0_0701_1658] Generating video 6/9 (guidance): an elephant spraying itself with water using its trunk to cool down
🎬 STARTING GUIDANCE PIPELINE GENERATION
   Frames: 17, Steps: 50, CFG Scale: 5.0

🔧 GUIDANCE PIPELINE CONFIGURATION:
   Guidance range: 0 - 1001
   Rho scale: 10.0
   V-JEPA kernel_size: 8
   V-JEPA context_length: 6
   V-JEPA stride: 2
   V-JEPA mode: max
   Total timesteps: 50

🚀 APPLYING GUIDANCE at step 0 (timestep=999)
🎯 GUIDANCE STEP 0 (t=999): Loss=0.5820, Rho=18.410660, Grad_norm=0.0543, Final_scale=184.1066
🚀 APPLYING GUIDANCE at step 1 (timestep=992)
🎯 GUIDANCE STEP 1 (t=992): Loss=0.5527, Rho=31.595652, Grad_norm=0.0316, Final_scale=315.9565
🚀 APPLYING GUIDANCE at step 2 (timestep=985)
🎯 GUIDANCE STEP 2 (t=985): Loss=0.5410, Rho=39.553349, Grad_norm=0.0253, Final_scale=395.5335
🚀 APPLYING GUIDANCE at step 3 (timestep=978)
🎯 GUIDANCE STEP 3 (t=978): Loss=0.5454, Rho=12.889543, Grad_norm=0.0776, Final_scale=128.8954
🚀 APPLYING GUIDANCE at step 4 (timestep=971)
🎯 GUIDANCE STEP 4 (t=971): Loss=0.5757, Rho=9.946144, Grad_norm=0.1005, Final_scale=99.4614
🚀 APPLYING GUIDANCE at step 5 (timestep=963)
🎯 GUIDANCE STEP 5 (t=963): Loss=0.5942, Rho=3.475003, Grad_norm=0.2878, Final_scale=34.7500
🚀 APPLYING GUIDANCE at step 6 (timestep=956)
🎯 GUIDANCE STEP 6 (t=956): Loss=0.6353, Rho=4.296958, Grad_norm=0.2327, Final_scale=42.9696
🚀 APPLYING GUIDANCE at step 7 (timestep=948)
🎯 GUIDANCE STEP 7 (t=948): Loss=0.6445, Rho=4.936383, Grad_norm=0.2026, Final_scale=49.3638
🚀 APPLYING GUIDANCE at step 8 (timestep=939)
🎯 GUIDANCE STEP 8 (t=939): Loss=0.6479, Rho=11.900991, Grad_norm=0.0840, Final_scale=119.0099
🚀 APPLYING GUIDANCE at step 9 (timestep=931)
🎯 GUIDANCE STEP 9 (t=931): Loss=0.6455, Rho=4.387951, Grad_norm=0.2279, Final_scale=43.8795
🚀 APPLYING GUIDANCE at step 10 (timestep=922)
🎯 GUIDANCE STEP 10 (t=922): Loss=0.6538, Rho=8.867492, Grad_norm=0.1128, Final_scale=88.6749
🚀 APPLYING GUIDANCE at step 11 (timestep=913)
🎯 GUIDANCE STEP 11 (t=913): Loss=0.6538, Rho=8.391823, Grad_norm=0.1192, Final_scale=83.9182
🚀 APPLYING GUIDANCE at step 12 (timestep=904)
🎯 GUIDANCE STEP 12 (t=904): Loss=0.6562, Rho=8.596378, Grad_norm=0.1163, Final_scale=85.9638
🚀 APPLYING GUIDANCE at step 13 (timestep=894)
🎯 GUIDANCE STEP 13 (t=894): Loss=0.6582, Rho=6.852183, Grad_norm=0.1459, Final_scale=68.5218
🚀 APPLYING GUIDANCE at step 14 (timestep=884)
🎯 GUIDANCE STEP 14 (t=884): Loss=0.6562, Rho=5.836133, Grad_norm=0.1713, Final_scale=58.3613
🚀 APPLYING GUIDANCE at step 15 (timestep=874)
🎯 GUIDANCE STEP 15 (t=874): Loss=0.6533, Rho=1.789499, Grad_norm=0.5588, Final_scale=17.8950
🚀 APPLYING GUIDANCE at step 16 (timestep=864)
🎯 GUIDANCE STEP 16 (t=864): Loss=0.6567, Rho=12.713071, Grad_norm=0.0787, Final_scale=127.1307
🚀 APPLYING GUIDANCE at step 17 (timestep=853)
🎯 GUIDANCE STEP 17 (t=853): Loss=0.6528, Rho=6.688266, Grad_norm=0.1495, Final_scale=66.8827
🚀 APPLYING GUIDANCE at step 18 (timestep=841)
🎯 GUIDANCE STEP 18 (t=841): Loss=0.6548, Rho=8.865985, Grad_norm=0.1128, Final_scale=88.6598
🚀 APPLYING GUIDANCE at step 19 (timestep=829)
🎯 GUIDANCE STEP 19 (t=829): Loss=0.6533, Rho=8.228806, Grad_norm=0.1215, Final_scale=82.2881
🚀 APPLYING GUIDANCE at step 20 (timestep=817)
🎯 GUIDANCE STEP 20 (t=817): Loss=0.6489, Rho=10.120243, Grad_norm=0.0988, Final_scale=101.2024
🚀 APPLYING GUIDANCE at step 21 (timestep=805)
🎯 GUIDANCE STEP 21 (t=805): Loss=0.6470, Rho=6.176254, Grad_norm=0.1619, Final_scale=61.7625
🚀 APPLYING GUIDANCE at step 22 (timestep=792)
🎯 GUIDANCE STEP 22 (t=792): Loss=0.6426, Rho=8.686919, Grad_norm=0.1151, Final_scale=86.8692
🚀 APPLYING GUIDANCE at step 23 (timestep=778)
🎯 GUIDANCE STEP 23 (t=778): Loss=0.6445, Rho=2.362434, Grad_norm=0.4233, Final_scale=23.6243
🚀 APPLYING GUIDANCE at step 24 (timestep=764)
🎯 GUIDANCE STEP 24 (t=764): Loss=0.6416, Rho=11.119260, Grad_norm=0.0899, Final_scale=111.1926
🚀 APPLYING GUIDANCE at step 25 (timestep=749)
🎯 GUIDANCE STEP 25 (t=749): Loss=0.6445, Rho=11.257220, Grad_norm=0.0888, Final_scale=112.5722
🚀 APPLYING GUIDANCE at step 26 (timestep=734)
🎯 GUIDANCE STEP 26 (t=734): Loss=0.6470, Rho=8.360664, Grad_norm=0.1196, Final_scale=83.6066
🚀 APPLYING GUIDANCE at step 27 (timestep=718)
🎯 GUIDANCE STEP 27 (t=718): Loss=0.6440, Rho=8.814897, Grad_norm=0.1134, Final_scale=88.1490
🚀 APPLYING GUIDANCE at step 28 (timestep=701)
🎯 GUIDANCE STEP 28 (t=701): Loss=0.6411, Rho=11.588765, Grad_norm=0.0863, Final_scale=115.8877
🚀 APPLYING GUIDANCE at step 29 (timestep=684)
🎯 GUIDANCE STEP 29 (t=684): Loss=0.6421, Rho=13.089598, Grad_norm=0.0764, Final_scale=130.8960
🚀 APPLYING GUIDANCE at step 30 (timestep=666)
🎯 GUIDANCE STEP 30 (t=666): Loss=0.6338, Rho=16.173758, Grad_norm=0.0618, Final_scale=161.7376
🚀 APPLYING GUIDANCE at step 31 (timestep=647)
🎯 GUIDANCE STEP 31 (t=647): Loss=0.6353, Rho=5.819651, Grad_norm=0.1718, Final_scale=58.1965
🚀 APPLYING GUIDANCE at step 32 (timestep=627)
🎯 GUIDANCE STEP 32 (t=627): Loss=0.6372, Rho=11.483107, Grad_norm=0.0871, Final_scale=114.8311
🚀 APPLYING GUIDANCE at step 33 (timestep=606)
🎯 GUIDANCE STEP 33 (t=606): Loss=0.6333, Rho=2.395393, Grad_norm=0.4175, Final_scale=23.9539
🚀 APPLYING GUIDANCE at step 34 (timestep=585)
🎯 GUIDANCE STEP 34 (t=585): Loss=0.6343, Rho=10.199749, Grad_norm=0.0980, Final_scale=101.9975
🚀 APPLYING GUIDANCE at step 35 (timestep=562)
🎯 GUIDANCE STEP 35 (t=562): Loss=0.6299, Rho=12.319242, Grad_norm=0.0812, Final_scale=123.1924
🚀 APPLYING GUIDANCE at step 36 (timestep=538)
🎯 GUIDANCE STEP 36 (t=538): Loss=0.6313, Rho=14.148831, Grad_norm=0.0707, Final_scale=141.4883
🚀 APPLYING GUIDANCE at step 37 (timestep=512)
🎯 GUIDANCE STEP 37 (t=512): Loss=0.6299, Rho=6.804176, Grad_norm=0.1470, Final_scale=68.0418
🚀 APPLYING GUIDANCE at step 38 (timestep=486)
🎯 GUIDANCE STEP 38 (t=486): Loss=0.6304, Rho=10.056869, Grad_norm=0.0994, Final_scale=100.5687
🚀 APPLYING GUIDANCE at step 39 (timestep=458)
🎯 GUIDANCE STEP 39 (t=458): Loss=0.6323, Rho=8.692861, Grad_norm=0.1150, Final_scale=86.9286
🚀 APPLYING GUIDANCE at step 40 (timestep=428)
🎯 GUIDANCE STEP 40 (t=428): Loss=0.6294, Rho=19.221457, Grad_norm=0.0520, Final_scale=192.2146
🚀 APPLYING GUIDANCE at step 41 (timestep=396)
🎯 GUIDANCE STEP 41 (t=396): Loss=0.6318, Rho=5.877157, Grad_norm=0.1702, Final_scale=58.7716
🚀 APPLYING GUIDANCE at step 42 (timestep=363)
🎯 GUIDANCE STEP 42 (t=363): Loss=0.6299, Rho=16.976311, Grad_norm=0.0589, Final_scale=169.7631
🚀 APPLYING GUIDANCE at step 43 (timestep=327)
🎯 GUIDANCE STEP 43 (t=327): Loss=0.6323, Rho=17.374620, Grad_norm=0.0576, Final_scale=173.7462
🚀 APPLYING GUIDANCE at step 44 (timestep=290)
🎯 GUIDANCE STEP 44 (t=290): Loss=0.6309, Rho=16.388187, Grad_norm=0.0610, Final_scale=163.8819
🚀 APPLYING GUIDANCE at step 45 (timestep=249)
🎯 GUIDANCE STEP 45 (t=249): Loss=0.6274, Rho=28.847101, Grad_norm=0.0347, Final_scale=288.4710
🚀 APPLYING GUIDANCE at step 46 (timestep=206)
🎯 GUIDANCE STEP 46 (t=206): Loss=0.6260, Rho=5.295867, Grad_norm=0.1888, Final_scale=52.9587
🚀 APPLYING GUIDANCE at step 47 (timestep=160)
🎯 GUIDANCE STEP 47 (t=160): Loss=0.6255, Rho=26.617702, Grad_norm=0.0376, Final_scale=266.1770
🚀 APPLYING GUIDANCE at step 48 (timestep=111)
🎯 GUIDANCE STEP 48 (t=111): Loss=0.6240, Rho=30.362690, Grad_norm=0.0329, Final_scale=303.6269
🚀 APPLYING GUIDANCE at step 49 (timestep=57)
🎯 GUIDANCE STEP 49 (t=57): Loss=0.6289, Rho=7.708761, Grad_norm=0.1297, Final_scale=77.0876
[guidance_f17_s50_w8c6_rho10.0_cfg5.0_0701_1658] Generated: generated_videos/subject_consistency/guidance_f17_s50_w8c6_rho10.0_cfg5.0_0701_1658/a_horse_bending_down_to_drink_water_from_a_river.mp4
[guidance_f17_s50_w8c6_rho10.0_cfg5.0_0701_1658] Generating video 6/9 (guidance): a horse galloping across an open field
🎬 STARTING GUIDANCE PIPELINE GENERATION
   Frames: 17, Steps: 50, CFG Scale: 5.0

🔧 GUIDANCE PIPELINE CONFIGURATION:
   Guidance range: 0 - 1001
   Rho scale: 10.0
   V-JEPA kernel_size: 8
   V-JEPA context_length: 6
   V-JEPA stride: 2
   V-JEPA mode: max
   Total timesteps: 50

🚀 APPLYING GUIDANCE at step 0 (timestep=999)
🎯 GUIDANCE STEP 0 (t=999): Loss=0.5693, Rho=7.935213, Grad_norm=0.1260, Final_scale=79.3521
🚀 APPLYING GUIDANCE at step 1 (timestep=992)
🎯 GUIDANCE STEP 1 (t=992): Loss=0.5449, Rho=19.354088, Grad_norm=0.0517, Final_scale=193.5409
🚀 APPLYING GUIDANCE at step 2 (timestep=985)
🎯 GUIDANCE STEP 2 (t=985): Loss=0.5947, Rho=12.055593, Grad_norm=0.0829, Final_scale=120.5559
🚀 APPLYING GUIDANCE at step 3 (timestep=978)
🎯 GUIDANCE STEP 3 (t=978): Loss=0.5850, Rho=21.470503, Grad_norm=0.0466, Final_scale=214.7050
🚀 APPLYING GUIDANCE at step 4 (timestep=971)
🎯 GUIDANCE STEP 4 (t=971): Loss=0.6250, Rho=8.851846, Grad_norm=0.1130, Final_scale=88.5185
🚀 APPLYING GUIDANCE at step 5 (timestep=963)
🎯 GUIDANCE STEP 5 (t=963): Loss=0.6089, Rho=6.258047, Grad_norm=0.1598, Final_scale=62.5805
🚀 APPLYING GUIDANCE at step 6 (timestep=956)
🎯 GUIDANCE STEP 6 (t=956): Loss=0.6240, Rho=10.862967, Grad_norm=0.0921, Final_scale=108.6297
🚀 APPLYING GUIDANCE at step 7 (timestep=948)
🎯 GUIDANCE STEP 7 (t=948): Loss=0.6382, Rho=8.304749, Grad_norm=0.1204, Final_scale=83.0475
🚀 APPLYING GUIDANCE at step 8 (timestep=939)
🎯 GUIDANCE STEP 8 (t=939): Loss=0.6318, Rho=10.619421, Grad_norm=0.0942, Final_scale=106.1942
🚀 APPLYING GUIDANCE at step 9 (timestep=931)
🎯 GUIDANCE STEP 9 (t=931): Loss=0.6377, Rho=7.516710, Grad_norm=0.1330, Final_scale=75.1671
🚀 APPLYING GUIDANCE at step 10 (timestep=922)
🎯 GUIDANCE STEP 10 (t=922): Loss=0.6357, Rho=9.677127, Grad_norm=0.1033, Final_scale=96.7713
🚀 APPLYING GUIDANCE at step 11 (timestep=913)
🎯 GUIDANCE STEP 11 (t=913): Loss=0.6372, Rho=10.414665, Grad_norm=0.0960, Final_scale=104.1467
🚀 APPLYING GUIDANCE at step 12 (timestep=904)
🎯 GUIDANCE STEP 12 (t=904): Loss=0.6333, Rho=11.345636, Grad_norm=0.0881, Final_scale=113.4564
🚀 APPLYING GUIDANCE at step 13 (timestep=894)
🎯 GUIDANCE STEP 13 (t=894): Loss=0.6396, Rho=9.183580, Grad_norm=0.1089, Final_scale=91.8358
🚀 APPLYING GUIDANCE at step 14 (timestep=884)
🎯 GUIDANCE STEP 14 (t=884): Loss=0.6338, Rho=10.898499, Grad_norm=0.0918, Final_scale=108.9850
🚀 APPLYING GUIDANCE at step 15 (timestep=874)
🎯 GUIDANCE STEP 15 (t=874): Loss=0.6328, Rho=6.103138, Grad_norm=0.1639, Final_scale=61.0314
🚀 APPLYING GUIDANCE at step 16 (timestep=864)
🎯 GUIDANCE STEP 16 (t=864): Loss=0.6289, Rho=12.499581, Grad_norm=0.0800, Final_scale=124.9958
🚀 APPLYING GUIDANCE at step 17 (timestep=853)
🎯 GUIDANCE STEP 17 (t=853): Loss=0.6323, Rho=3.965238, Grad_norm=0.2522, Final_scale=39.6524
🚀 APPLYING GUIDANCE at step 18 (timestep=841)
🎯 GUIDANCE STEP 18 (t=841): Loss=0.6372, Rho=9.309754, Grad_norm=0.1074, Final_scale=93.0975
🚀 APPLYING GUIDANCE at step 19 (timestep=829)
🎯 GUIDANCE STEP 19 (t=829): Loss=0.6328, Rho=3.769812, Grad_norm=0.2653, Final_scale=37.6981
🚀 APPLYING GUIDANCE at step 20 (timestep=817)
🎯 GUIDANCE STEP 20 (t=817): Loss=0.6313, Rho=4.901611, Grad_norm=0.2040, Final_scale=49.0161
🚀 APPLYING GUIDANCE at step 21 (timestep=805)
🎯 GUIDANCE STEP 21 (t=805): Loss=0.6323, Rho=9.070994, Grad_norm=0.1102, Final_scale=90.7099
🚀 APPLYING GUIDANCE at step 22 (timestep=792)
🎯 GUIDANCE STEP 22 (t=792): Loss=0.6304, Rho=9.146911, Grad_norm=0.1093, Final_scale=91.4691
🚀 APPLYING GUIDANCE at step 23 (timestep=778)
🎯 GUIDANCE STEP 23 (t=778): Loss=0.6309, Rho=9.215752, Grad_norm=0.1085, Final_scale=92.1575
🚀 APPLYING GUIDANCE at step 24 (timestep=764)
🎯 GUIDANCE STEP 24 (t=764): Loss=0.6309, Rho=1.912664, Grad_norm=0.5228, Final_scale=19.1266
🚀 APPLYING GUIDANCE at step 25 (timestep=749)
🎯 GUIDANCE STEP 25 (t=749): Loss=0.6313, Rho=8.594853, Grad_norm=0.1163, Final_scale=85.9485
🚀 APPLYING GUIDANCE at step 26 (timestep=734)
🎯 GUIDANCE STEP 26 (t=734): Loss=0.6289, Rho=11.776166, Grad_norm=0.0849, Final_scale=117.7617
🚀 APPLYING GUIDANCE at step 27 (timestep=718)
🎯 GUIDANCE STEP 27 (t=718): Loss=0.6279, Rho=4.240016, Grad_norm=0.2358, Final_scale=42.4002
🚀 APPLYING GUIDANCE at step 28 (timestep=701)
🎯 GUIDANCE STEP 28 (t=701): Loss=0.6284, Rho=5.292003, Grad_norm=0.1890, Final_scale=52.9200
🚀 APPLYING GUIDANCE at step 29 (timestep=684)
🎯 GUIDANCE STEP 29 (t=684): Loss=0.6289, Rho=12.639655, Grad_norm=0.0791, Final_scale=126.3966
🚀 APPLYING GUIDANCE at step 30 (timestep=666)
🎯 GUIDANCE STEP 30 (t=666): Loss=0.6343, Rho=9.088570, Grad_norm=0.1100, Final_scale=90.8857
🚀 APPLYING GUIDANCE at step 31 (timestep=647)
🎯 GUIDANCE STEP 31 (t=647): Loss=0.6279, Rho=9.047068, Grad_norm=0.1105, Final_scale=90.4707
🚀 APPLYING GUIDANCE at step 32 (timestep=627)
🎯 GUIDANCE STEP 32 (t=627): Loss=0.6289, Rho=6.061962, Grad_norm=0.1650, Final_scale=60.6196
🚀 APPLYING GUIDANCE at step 33 (timestep=606)
🎯 GUIDANCE STEP 33 (t=606): Loss=0.6289, Rho=14.317448, Grad_norm=0.0698, Final_scale=143.1745
🚀 APPLYING GUIDANCE at step 34 (timestep=585)
🎯 GUIDANCE STEP 34 (t=585): Loss=0.6265, Rho=17.213346, Grad_norm=0.0581, Final_scale=172.1335
🚀 APPLYING GUIDANCE at step 35 (timestep=562)
🎯 GUIDANCE STEP 35 (t=562): Loss=0.6265, Rho=7.377840, Grad_norm=0.1355, Final_scale=73.7784
🚀 APPLYING GUIDANCE at step 36 (timestep=538)
🎯 GUIDANCE STEP 36 (t=538): Loss=0.6274, Rho=14.730745, Grad_norm=0.0679, Final_scale=147.3075
🚀 APPLYING GUIDANCE at step 37 (timestep=512)
🎯 GUIDANCE STEP 37 (t=512): Loss=0.6284, Rho=10.368039, Grad_norm=0.0965, Final_scale=103.6804
🚀 APPLYING GUIDANCE at step 38 (timestep=486)
🎯 GUIDANCE STEP 38 (t=486): Loss=0.6299, Rho=16.849958, Grad_norm=0.0593, Final_scale=168.4996
🚀 APPLYING GUIDANCE at step 39 (timestep=458)
🎯 GUIDANCE STEP 39 (t=458): Loss=0.6348, Rho=5.664834, Grad_norm=0.1765, Final_scale=56.6483
🚀 APPLYING GUIDANCE at step 40 (timestep=428)
🎯 GUIDANCE STEP 40 (t=428): Loss=0.6284, Rho=1.981930, Grad_norm=0.5046, Final_scale=19.8193
🚀 APPLYING GUIDANCE at step 41 (timestep=396)
🎯 GUIDANCE STEP 41 (t=396): Loss=0.6353, Rho=8.712033, Grad_norm=0.1148, Final_scale=87.1203
🚀 APPLYING GUIDANCE at step 42 (timestep=363)
🎯 GUIDANCE STEP 42 (t=363): Loss=0.6299, Rho=3.016367, Grad_norm=0.3315, Final_scale=30.1637
🚀 APPLYING GUIDANCE at step 43 (timestep=327)
🎯 GUIDANCE STEP 43 (t=327): Loss=0.6309, Rho=5.926884, Grad_norm=0.1687, Final_scale=59.2688
🚀 APPLYING GUIDANCE at step 44 (timestep=290)
🎯 GUIDANCE STEP 44 (t=290): Loss=0.6274, Rho=12.090838, Grad_norm=0.0827, Final_scale=120.9084
🚀 APPLYING GUIDANCE at step 45 (timestep=249)
🎯 GUIDANCE STEP 45 (t=249): Loss=0.6304, Rho=7.344651, Grad_norm=0.1362, Final_scale=73.4465
🚀 APPLYING GUIDANCE at step 46 (timestep=206)
🎯 GUIDANCE STEP 46 (t=206): Loss=0.6284, Rho=8.074842, Grad_norm=0.1238, Final_scale=80.7484
🚀 APPLYING GUIDANCE at step 47 (timestep=160)
🎯 GUIDANCE STEP 47 (t=160): Loss=0.6270, Rho=5.388561, Grad_norm=0.1856, Final_scale=53.8856
🚀 APPLYING GUIDANCE at step 48 (timestep=111)
🎯 GUIDANCE STEP 48 (t=111): Loss=0.6323, Rho=3.018018, Grad_norm=0.3313, Final_scale=30.1802
🚀 APPLYING GUIDANCE at step 49 (timestep=57)
🎯 GUIDANCE STEP 49 (t=57): Loss=0.6240, Rho=8.891017, Grad_norm=0.1125, Final_scale=88.9102
[guidance_f17_s50_w8c6_rho10.0_cfg5.0_0701_1658] Generated: generated_videos/subject_consistency/guidance_f17_s50_w8c6_rho10.0_cfg5.0_0701_1658/a_car_slowing_down_to_stop.mp4
[guidance_f17_s50_w8c6_rho10.0_cfg5.0_0701_1658] Generating video 6/9 (guidance): a car accelerating to gain speed
🎬 STARTING GUIDANCE PIPELINE GENERATION
   Frames: 17, Steps: 50, CFG Scale: 5.0

🔧 GUIDANCE PIPELINE CONFIGURATION:
   Guidance range: 0 - 1001
   Rho scale: 10.0
   V-JEPA kernel_size: 8
   V-JEPA context_length: 6
   V-JEPA stride: 2
   V-JEPA mode: max
   Total timesteps: 50

🚀 APPLYING GUIDANCE at step 0 (timestep=999)
🎯 GUIDANCE STEP 0 (t=999): Loss=0.5425, Rho=36.219826, Grad_norm=0.0276, Final_scale=362.1983
🚀 APPLYING GUIDANCE at step 1 (timestep=992)
🎯 GUIDANCE STEP 1 (t=992): Loss=0.5679, Rho=8.455384, Grad_norm=0.1183, Final_scale=84.5538
🚀 APPLYING GUIDANCE at step 2 (timestep=985)
🎯 GUIDANCE STEP 2 (t=985): Loss=0.5415, Rho=31.288204, Grad_norm=0.0320, Final_scale=312.8820
🚀 APPLYING GUIDANCE at step 3 (timestep=978)
🎯 GUIDANCE STEP 3 (t=978): Loss=0.5723, Rho=21.679874, Grad_norm=0.0461, Final_scale=216.7987
🚀 APPLYING GUIDANCE at step 4 (timestep=971)
🎯 GUIDANCE STEP 4 (t=971): Loss=0.5776, Rho=17.865873, Grad_norm=0.0560, Final_scale=178.6587
🚀 APPLYING GUIDANCE at step 5 (timestep=963)
🎯 GUIDANCE STEP 5 (t=963): Loss=0.5942, Rho=20.451864, Grad_norm=0.0489, Final_scale=204.5186
🚀 APPLYING GUIDANCE at step 6 (timestep=956)
🎯 GUIDANCE STEP 6 (t=956): Loss=0.5923, Rho=32.923893, Grad_norm=0.0304, Final_scale=329.2389
🚀 APPLYING GUIDANCE at step 7 (timestep=948)
🎯 GUIDANCE STEP 7 (t=948): Loss=0.6001, Rho=7.735692, Grad_norm=0.1293, Final_scale=77.3569
🚀 APPLYING GUIDANCE at step 8 (timestep=939)
🎯 GUIDANCE STEP 8 (t=939): Loss=0.6006, Rho=20.198591, Grad_norm=0.0495, Final_scale=201.9859
🚀 APPLYING GUIDANCE at step 9 (timestep=931)
🎯 GUIDANCE STEP 9 (t=931): Loss=0.5996, Rho=21.095634, Grad_norm=0.0474, Final_scale=210.9563
🚀 APPLYING GUIDANCE at step 10 (timestep=922)
🎯 GUIDANCE STEP 10 (t=922): Loss=0.5996, Rho=10.509788, Grad_norm=0.0951, Final_scale=105.0979
🚀 APPLYING GUIDANCE at step 11 (timestep=913)
🎯 GUIDANCE STEP 11 (t=913): Loss=0.6011, Rho=22.924948, Grad_norm=0.0436, Final_scale=229.2495
🚀 APPLYING GUIDANCE at step 12 (timestep=904)
🎯 GUIDANCE STEP 12 (t=904): Loss=0.6021, Rho=12.596601, Grad_norm=0.0794, Final_scale=125.9660
🚀 APPLYING GUIDANCE at step 13 (timestep=894)
🎯 GUIDANCE STEP 13 (t=894): Loss=0.6025, Rho=8.555274, Grad_norm=0.1169, Final_scale=85.5527
🚀 APPLYING GUIDANCE at step 14 (timestep=884)
🎯 GUIDANCE STEP 14 (t=884): Loss=0.6035, Rho=21.225386, Grad_norm=0.0471, Final_scale=212.2539
🚀 APPLYING GUIDANCE at step 15 (timestep=874)
🎯 GUIDANCE STEP 15 (t=874): Loss=0.6055, Rho=9.836796, Grad_norm=0.1017, Final_scale=98.3680
🚀 APPLYING GUIDANCE at step 16 (timestep=864)
🎯 GUIDANCE STEP 16 (t=864): Loss=0.6040, Rho=14.495421, Grad_norm=0.0690, Final_scale=144.9542
🚀 APPLYING GUIDANCE at step 17 (timestep=853)
🎯 GUIDANCE STEP 17 (t=853): Loss=0.6099, Rho=12.241631, Grad_norm=0.0817, Final_scale=122.4163
🚀 APPLYING GUIDANCE at step 18 (timestep=841)
🎯 GUIDANCE STEP 18 (t=841): Loss=0.6069, Rho=14.174289, Grad_norm=0.0706, Final_scale=141.7429
🚀 APPLYING GUIDANCE at step 19 (timestep=829)
🎯 GUIDANCE STEP 19 (t=829): Loss=0.6074, Rho=15.013413, Grad_norm=0.0666, Final_scale=150.1341
🚀 APPLYING GUIDANCE at step 20 (timestep=817)
🎯 GUIDANCE STEP 20 (t=817): Loss=0.6079, Rho=14.463420, Grad_norm=0.0691, Final_scale=144.6342
🚀 APPLYING GUIDANCE at step 21 (timestep=805)
🎯 GUIDANCE STEP 21 (t=805): Loss=0.6050, Rho=5.596359, Grad_norm=0.1787, Final_scale=55.9636
🚀 APPLYING GUIDANCE at step 22 (timestep=792)
🎯 GUIDANCE STEP 22 (t=792): Loss=0.6094, Rho=14.035186, Grad_norm=0.0712, Final_scale=140.3519
🚀 APPLYING GUIDANCE at step 23 (timestep=778)
🎯 GUIDANCE STEP 23 (t=778): Loss=0.6074, Rho=7.960425, Grad_norm=0.1256, Final_scale=79.6042
🚀 APPLYING GUIDANCE at step 24 (timestep=764)
🎯 GUIDANCE STEP 24 (t=764): Loss=0.6099, Rho=14.337700, Grad_norm=0.0697, Final_scale=143.3770
🚀 APPLYING GUIDANCE at step 25 (timestep=749)
🎯 GUIDANCE STEP 25 (t=749): Loss=0.6094, Rho=14.440440, Grad_norm=0.0692, Final_scale=144.4044
🚀 APPLYING GUIDANCE at step 26 (timestep=734)
🎯 GUIDANCE STEP 26 (t=734): Loss=0.6108, Rho=10.136006, Grad_norm=0.0987, Final_scale=101.3601
🚀 APPLYING GUIDANCE at step 27 (timestep=718)
🎯 GUIDANCE STEP 27 (t=718): Loss=0.6138, Rho=12.704807, Grad_norm=0.0787, Final_scale=127.0481
🚀 APPLYING GUIDANCE at step 28 (timestep=701)
🎯 GUIDANCE STEP 28 (t=701): Loss=0.6089, Rho=9.057896, Grad_norm=0.1104, Final_scale=90.5790
🚀 APPLYING GUIDANCE at step 29 (timestep=684)
🎯 GUIDANCE STEP 29 (t=684): Loss=0.6074, Rho=9.482345, Grad_norm=0.1055, Final_scale=94.8234
🚀 APPLYING GUIDANCE at step 30 (timestep=666)
🎯 GUIDANCE STEP 30 (t=666): Loss=0.6108, Rho=16.900503, Grad_norm=0.0592, Final_scale=169.0050
🚀 APPLYING GUIDANCE at step 31 (timestep=647)
🎯 GUIDANCE STEP 31 (t=647): Loss=0.6074, Rho=12.036049, Grad_norm=0.0831, Final_scale=120.3605
🚀 APPLYING GUIDANCE at step 32 (timestep=627)
🎯 GUIDANCE STEP 32 (t=627): Loss=0.6074, Rho=16.851690, Grad_norm=0.0593, Final_scale=168.5169
🚀 APPLYING GUIDANCE at step 33 (timestep=606)
🎯 GUIDANCE STEP 33 (t=606): Loss=0.6104, Rho=10.764878, Grad_norm=0.0929, Final_scale=107.6488
🚀 APPLYING GUIDANCE at step 34 (timestep=585)
🎯 GUIDANCE STEP 34 (t=585): Loss=0.6113, Rho=10.107032, Grad_norm=0.0989, Final_scale=101.0703
🚀 APPLYING GUIDANCE at step 35 (timestep=562)
🎯 GUIDANCE STEP 35 (t=562): Loss=0.6123, Rho=7.381064, Grad_norm=0.1355, Final_scale=73.8106
🚀 APPLYING GUIDANCE at step 36 (timestep=538)
🎯 GUIDANCE STEP 36 (t=538): Loss=0.6084, Rho=9.647562, Grad_norm=0.1037, Final_scale=96.4756
🚀 APPLYING GUIDANCE at step 37 (timestep=512)
🎯 GUIDANCE STEP 37 (t=512): Loss=0.6099, Rho=8.258640, Grad_norm=0.1211, Final_scale=82.5864
🚀 APPLYING GUIDANCE at step 38 (timestep=486)
🎯 GUIDANCE STEP 38 (t=486): Loss=0.6104, Rho=8.602303, Grad_norm=0.1162, Final_scale=86.0230
🚀 APPLYING GUIDANCE at step 39 (timestep=458)
🎯 GUIDANCE STEP 39 (t=458): Loss=0.6094, Rho=14.314198, Grad_norm=0.0699, Final_scale=143.1420
🚀 APPLYING GUIDANCE at step 40 (timestep=428)
🎯 GUIDANCE STEP 40 (t=428): Loss=0.6084, Rho=22.288744, Grad_norm=0.0449, Final_scale=222.8874
🚀 APPLYING GUIDANCE at step 41 (timestep=396)
🎯 GUIDANCE STEP 41 (t=396): Loss=0.6113, Rho=5.191884, Grad_norm=0.1926, Final_scale=51.9188
🚀 APPLYING GUIDANCE at step 42 (timestep=363)
🎯 GUIDANCE STEP 42 (t=363): Loss=0.6074, Rho=14.348804, Grad_norm=0.0697, Final_scale=143.4880
🚀 APPLYING GUIDANCE at step 43 (timestep=327)
🎯 GUIDANCE STEP 43 (t=327): Loss=0.6104, Rho=8.783679, Grad_norm=0.1138, Final_scale=87.8368
🚀 APPLYING GUIDANCE at step 44 (timestep=290)
🎯 GUIDANCE STEP 44 (t=290): Loss=0.6084, Rho=18.516598, Grad_norm=0.0540, Final_scale=185.1660
🚀 APPLYING GUIDANCE at step 45 (timestep=249)
🎯 GUIDANCE STEP 45 (t=249): Loss=0.6074, Rho=20.637505, Grad_norm=0.0485, Final_scale=206.3750
🚀 APPLYING GUIDANCE at step 46 (timestep=206)
🎯 GUIDANCE STEP 46 (t=206): Loss=0.6113, Rho=9.526515, Grad_norm=0.1050, Final_scale=95.2652
🚀 APPLYING GUIDANCE at step 47 (timestep=160)
🎯 GUIDANCE STEP 47 (t=160): Loss=0.6084, Rho=23.076563, Grad_norm=0.0433, Final_scale=230.7656
🚀 APPLYING GUIDANCE at step 48 (timestep=111)
🎯 GUIDANCE STEP 48 (t=111): Loss=0.6094, Rho=23.406097, Grad_norm=0.0427, Final_scale=234.0610
🚀 APPLYING GUIDANCE at step 49 (timestep=57)
🎯 GUIDANCE STEP 49 (t=57): Loss=0.6089, Rho=9.745702, Grad_norm=0.1026, Final_scale=97.4570
[guidance_f17_s50_w8c6_rho10.0_cfg5.0_0701_1658] Generated: generated_videos/subject_consistency/guidance_f17_s50_w8c6_rho10.0_cfg5.0_0701_1658/a_person_walking_in_the_snowstorm.mp4
[guidance_f17_s50_w8c6_rho10.0_cfg5.0_0701_1658] Generating video 6/9 (guidance): a person drinking coffee in a cafe
🎬 STARTING GUIDANCE PIPELINE GENERATION
   Frames: 17, Steps: 50, CFG Scale: 5.0

🔧 GUIDANCE PIPELINE CONFIGURATION:
   Guidance range: 0 - 1001
   Rho scale: 10.0
   V-JEPA kernel_size: 8
   V-JEPA context_length: 6
   V-JEPA stride: 2
   V-JEPA mode: max
   Total timesteps: 50

🚀 APPLYING GUIDANCE at step 0 (timestep=999)
🎯 GUIDANCE STEP 0 (t=999): Loss=0.5713, Rho=17.665970, Grad_norm=0.0566, Final_scale=176.6597
🚀 APPLYING GUIDANCE at step 1 (timestep=992)
🎯 GUIDANCE STEP 1 (t=992): Loss=0.5386, Rho=28.606657, Grad_norm=0.0350, Final_scale=286.0666
🚀 APPLYING GUIDANCE at step 2 (timestep=985)
🎯 GUIDANCE STEP 2 (t=985): Loss=0.5703, Rho=20.013483, Grad_norm=0.0500, Final_scale=200.1348
🚀 APPLYING GUIDANCE at step 3 (timestep=978)
🎯 GUIDANCE STEP 3 (t=978): Loss=0.5459, Rho=19.161528, Grad_norm=0.0522, Final_scale=191.6153
🚀 APPLYING GUIDANCE at step 4 (timestep=971)
🎯 GUIDANCE STEP 4 (t=971): Loss=0.5566, Rho=16.127020, Grad_norm=0.0620, Final_scale=161.2702
🚀 APPLYING GUIDANCE at step 5 (timestep=963)
🎯 GUIDANCE STEP 5 (t=963): Loss=0.5620, Rho=29.836588, Grad_norm=0.0335, Final_scale=298.3659
🚀 APPLYING GUIDANCE at step 6 (timestep=956)
🎯 GUIDANCE STEP 6 (t=956): Loss=0.5684, Rho=48.583988, Grad_norm=0.0206, Final_scale=485.8399
🚀 APPLYING GUIDANCE at step 7 (timestep=948)
🎯 GUIDANCE STEP 7 (t=948): Loss=0.5874, Rho=11.182895, Grad_norm=0.0894, Final_scale=111.8289
🚀 APPLYING GUIDANCE at step 8 (timestep=939)
🎯 GUIDANCE STEP 8 (t=939): Loss=0.5728, Rho=7.847851, Grad_norm=0.1274, Final_scale=78.4785
🚀 APPLYING GUIDANCE at step 9 (timestep=931)
🎯 GUIDANCE STEP 9 (t=931): Loss=0.5806, Rho=7.450218, Grad_norm=0.1342, Final_scale=74.5022
🚀 APPLYING GUIDANCE at step 10 (timestep=922)
🎯 GUIDANCE STEP 10 (t=922): Loss=0.5918, Rho=5.981118, Grad_norm=0.1672, Final_scale=59.8112
🚀 APPLYING GUIDANCE at step 11 (timestep=913)
🎯 GUIDANCE STEP 11 (t=913): Loss=0.5928, Rho=5.208140, Grad_norm=0.1920, Final_scale=52.0814
🚀 APPLYING GUIDANCE at step 12 (timestep=904)
🎯 GUIDANCE STEP 12 (t=904): Loss=0.5967, Rho=7.352489, Grad_norm=0.1360, Final_scale=73.5249
🚀 APPLYING GUIDANCE at step 13 (timestep=894)
🎯 GUIDANCE STEP 13 (t=894): Loss=0.5986, Rho=9.506840, Grad_norm=0.1052, Final_scale=95.0684
🚀 APPLYING GUIDANCE at step 14 (timestep=884)
🎯 GUIDANCE STEP 14 (t=884): Loss=0.5918, Rho=8.796716, Grad_norm=0.1137, Final_scale=87.9672
🚀 APPLYING GUIDANCE at step 15 (timestep=874)
🎯 GUIDANCE STEP 15 (t=874): Loss=0.5923, Rho=14.218795, Grad_norm=0.0703, Final_scale=142.1879
🚀 APPLYING GUIDANCE at step 16 (timestep=864)
🎯 GUIDANCE STEP 16 (t=864): Loss=0.5957, Rho=2.020071, Grad_norm=0.4950, Final_scale=20.2007
🚀 APPLYING GUIDANCE at step 17 (timestep=853)
🎯 GUIDANCE STEP 17 (t=853): Loss=0.5928, Rho=11.997434, Grad_norm=0.0834, Final_scale=119.9743
🚀 APPLYING GUIDANCE at step 18 (timestep=841)
🎯 GUIDANCE STEP 18 (t=841): Loss=0.5933, Rho=15.444584, Grad_norm=0.0647, Final_scale=154.4458
🚀 APPLYING GUIDANCE at step 19 (timestep=829)
🎯 GUIDANCE STEP 19 (t=829): Loss=0.5947, Rho=18.984667, Grad_norm=0.0527, Final_scale=189.8467
🚀 APPLYING GUIDANCE at step 20 (timestep=817)
🎯 GUIDANCE STEP 20 (t=817): Loss=0.5962, Rho=11.753675, Grad_norm=0.0851, Final_scale=117.5368
🚀 APPLYING GUIDANCE at step 21 (timestep=805)
🎯 GUIDANCE STEP 21 (t=805): Loss=0.5933, Rho=10.789047, Grad_norm=0.0927, Final_scale=107.8905
🚀 APPLYING GUIDANCE at step 22 (timestep=792)
🎯 GUIDANCE STEP 22 (t=792): Loss=0.5928, Rho=18.166279, Grad_norm=0.0550, Final_scale=181.6628
🚀 APPLYING GUIDANCE at step 23 (timestep=778)
🎯 GUIDANCE STEP 23 (t=778): Loss=0.5947, Rho=10.499425, Grad_norm=0.0952, Final_scale=104.9942
🚀 APPLYING GUIDANCE at step 24 (timestep=764)
🎯 GUIDANCE STEP 24 (t=764): Loss=0.5928, Rho=3.596287, Grad_norm=0.2781, Final_scale=35.9629
🚀 APPLYING GUIDANCE at step 25 (timestep=749)
🎯 GUIDANCE STEP 25 (t=749): Loss=0.5986, Rho=9.696749, Grad_norm=0.1031, Final_scale=96.9675
🚀 APPLYING GUIDANCE at step 26 (timestep=734)
🎯 GUIDANCE STEP 26 (t=734): Loss=0.5957, Rho=11.918389, Grad_norm=0.0839, Final_scale=119.1839
🚀 APPLYING GUIDANCE at step 27 (timestep=718)
🎯 GUIDANCE STEP 27 (t=718): Loss=0.5986, Rho=10.739625, Grad_norm=0.0931, Final_scale=107.3962
🚀 APPLYING GUIDANCE at step 28 (timestep=701)
🎯 GUIDANCE STEP 28 (t=701): Loss=0.5991, Rho=7.853432, Grad_norm=0.1273, Final_scale=78.5343
🚀 APPLYING GUIDANCE at step 29 (timestep=684)
🎯 GUIDANCE STEP 29 (t=684): Loss=0.5962, Rho=5.081223, Grad_norm=0.1968, Final_scale=50.8122
🚀 APPLYING GUIDANCE at step 30 (timestep=666)
🎯 GUIDANCE STEP 30 (t=666): Loss=0.5962, Rho=4.350316, Grad_norm=0.2299, Final_scale=43.5032
🚀 APPLYING GUIDANCE at step 31 (timestep=647)
🎯 GUIDANCE STEP 31 (t=647): Loss=0.5977, Rho=14.482069, Grad_norm=0.0691, Final_scale=144.8207
🚀 APPLYING GUIDANCE at step 32 (timestep=627)
🎯 GUIDANCE STEP 32 (t=627): Loss=0.5996, Rho=5.036773, Grad_norm=0.1985, Final_scale=50.3677
🚀 APPLYING GUIDANCE at step 33 (timestep=606)
🎯 GUIDANCE STEP 33 (t=606): Loss=0.5991, Rho=8.702085, Grad_norm=0.1149, Final_scale=87.0209
🚀 APPLYING GUIDANCE at step 34 (timestep=585)
🎯 GUIDANCE STEP 34 (t=585): Loss=0.5972, Rho=7.900671, Grad_norm=0.1266, Final_scale=79.0067
🚀 APPLYING GUIDANCE at step 35 (timestep=562)
🎯 GUIDANCE STEP 35 (t=562): Loss=0.5977, Rho=11.247383, Grad_norm=0.0889, Final_scale=112.4738
🚀 APPLYING GUIDANCE at step 36 (timestep=538)
🎯 GUIDANCE STEP 36 (t=538): Loss=0.5981, Rho=9.686061, Grad_norm=0.1032, Final_scale=96.8606
🚀 APPLYING GUIDANCE at step 37 (timestep=512)
🎯 GUIDANCE STEP 37 (t=512): Loss=0.5986, Rho=19.023195, Grad_norm=0.0526, Final_scale=190.2320
🚀 APPLYING GUIDANCE at step 38 (timestep=486)
🎯 GUIDANCE STEP 38 (t=486): Loss=0.6016, Rho=10.720968, Grad_norm=0.0933, Final_scale=107.2097
🚀 APPLYING GUIDANCE at step 39 (timestep=458)
🎯 GUIDANCE STEP 39 (t=458): Loss=0.6025, Rho=13.774231, Grad_norm=0.0726, Final_scale=137.7423
🚀 APPLYING GUIDANCE at step 40 (timestep=428)
🎯 GUIDANCE STEP 40 (t=428): Loss=0.5996, Rho=3.797106, Grad_norm=0.2634, Final_scale=37.9711
🚀 APPLYING GUIDANCE at step 41 (timestep=396)
🎯 GUIDANCE STEP 41 (t=396): Loss=0.5972, Rho=4.670508, Grad_norm=0.2141, Final_scale=46.7051
🚀 APPLYING GUIDANCE at step 42 (timestep=363)
🎯 GUIDANCE STEP 42 (t=363): Loss=0.5986, Rho=22.955559, Grad_norm=0.0436, Final_scale=229.5556
🚀 APPLYING GUIDANCE at step 43 (timestep=327)
🎯 GUIDANCE STEP 43 (t=327): Loss=0.5977, Rho=20.014368, Grad_norm=0.0500, Final_scale=200.1437
🚀 APPLYING GUIDANCE at step 44 (timestep=290)
🎯 GUIDANCE STEP 44 (t=290): Loss=0.5996, Rho=21.483772, Grad_norm=0.0465, Final_scale=214.8377
🚀 APPLYING GUIDANCE at step 45 (timestep=249)
🎯 GUIDANCE STEP 45 (t=249): Loss=0.6006, Rho=23.673676, Grad_norm=0.0422, Final_scale=236.7368
🚀 APPLYING GUIDANCE at step 46 (timestep=206)
🎯 GUIDANCE STEP 46 (t=206): Loss=0.5977, Rho=13.102217, Grad_norm=0.0763, Final_scale=131.0222
🚀 APPLYING GUIDANCE at step 47 (timestep=160)
🎯 GUIDANCE STEP 47 (t=160): Loss=0.5967, Rho=9.215270, Grad_norm=0.1085, Final_scale=92.1527
🚀 APPLYING GUIDANCE at step 48 (timestep=111)
🎯 GUIDANCE STEP 48 (t=111): Loss=0.5962, Rho=10.492903, Grad_norm=0.0953, Final_scale=104.9290
🚀 APPLYING GUIDANCE at step 49 (timestep=57)
🎯 GUIDANCE STEP 49 (t=57): Loss=0.5938, Rho=6.221066, Grad_norm=0.1607, Final_scale=62.2107
[guidance_f17_s50_w8c6_rho10.0_cfg5.0_0701_1658] Generated: generated_videos/subject_consistency/guidance_f17_s50_w8c6_rho10.0_cfg5.0_0701_1658/a_truck_anchored_in_a_tranquil_bay.mp4
[guidance_f17_s50_w8c6_rho10.0_cfg5.0_0701_1658] Generating video 6/9 (guidance): a truck stuck in traffic during rush hour
🎬 STARTING GUIDANCE PIPELINE GENERATION
   Frames: 17, Steps: 50, CFG Scale: 5.0

🔧 GUIDANCE PIPELINE CONFIGURATION:
   Guidance range: 0 - 1001
   Rho scale: 10.0
   V-JEPA kernel_size: 8
   V-JEPA context_length: 6
   V-JEPA stride: 2
   V-JEPA mode: max
   Total timesteps: 50

🚀 APPLYING GUIDANCE at step 0 (timestep=999)
🎯 GUIDANCE STEP 0 (t=999): Loss=0.5942, Rho=10.441924, Grad_norm=0.0958, Final_scale=104.4192
🚀 APPLYING GUIDANCE at step 1 (timestep=992)
🎯 GUIDANCE STEP 1 (t=992): Loss=0.5322, Rho=36.003010, Grad_norm=0.0278, Final_scale=360.0301
🚀 APPLYING GUIDANCE at step 2 (timestep=985)
🎯 GUIDANCE STEP 2 (t=985): Loss=0.5635, Rho=21.544325, Grad_norm=0.0464, Final_scale=215.4432
🚀 APPLYING GUIDANCE at step 3 (timestep=978)
🎯 GUIDANCE STEP 3 (t=978): Loss=0.5518, Rho=31.845522, Grad_norm=0.0314, Final_scale=318.4552
🚀 APPLYING GUIDANCE at step 4 (timestep=971)
🎯 GUIDANCE STEP 4 (t=971): Loss=0.5552, Rho=27.420021, Grad_norm=0.0365, Final_scale=274.2002
🚀 APPLYING GUIDANCE at step 5 (timestep=963)
🎯 GUIDANCE STEP 5 (t=963): Loss=0.5562, Rho=21.159485, Grad_norm=0.0473, Final_scale=211.5948
🚀 APPLYING GUIDANCE at step 6 (timestep=956)
🎯 GUIDANCE STEP 6 (t=956): Loss=0.5605, Rho=27.131926, Grad_norm=0.0369, Final_scale=271.3193
🚀 APPLYING GUIDANCE at step 7 (timestep=948)
🎯 GUIDANCE STEP 7 (t=948): Loss=0.5620, Rho=19.102755, Grad_norm=0.0523, Final_scale=191.0275
🚀 APPLYING GUIDANCE at step 8 (timestep=939)
🎯 GUIDANCE STEP 8 (t=939): Loss=0.5601, Rho=20.158686, Grad_norm=0.0496, Final_scale=201.5869
🚀 APPLYING GUIDANCE at step 9 (timestep=931)
🎯 GUIDANCE STEP 9 (t=931): Loss=0.5786, Rho=19.641176, Grad_norm=0.0509, Final_scale=196.4118
🚀 APPLYING GUIDANCE at step 10 (timestep=922)
🎯 GUIDANCE STEP 10 (t=922): Loss=0.5967, Rho=14.701750, Grad_norm=0.0680, Final_scale=147.0175
🚀 APPLYING GUIDANCE at step 11 (timestep=913)
🎯 GUIDANCE STEP 11 (t=913): Loss=0.6099, Rho=19.972136, Grad_norm=0.0501, Final_scale=199.7214
🚀 APPLYING GUIDANCE at step 12 (timestep=904)
🎯 GUIDANCE STEP 12 (t=904): Loss=0.6157, Rho=9.854800, Grad_norm=0.1015, Final_scale=98.5480
🚀 APPLYING GUIDANCE at step 13 (timestep=894)
🎯 GUIDANCE STEP 13 (t=894): Loss=0.6260, Rho=12.724551, Grad_norm=0.0786, Final_scale=127.2455
🚀 APPLYING GUIDANCE at step 14 (timestep=884)
🎯 GUIDANCE STEP 14 (t=884): Loss=0.6270, Rho=4.808470, Grad_norm=0.2080, Final_scale=48.0847
🚀 APPLYING GUIDANCE at step 15 (timestep=874)
🎯 GUIDANCE STEP 15 (t=874): Loss=0.6260, Rho=7.301177, Grad_norm=0.1370, Final_scale=73.0118
🚀 APPLYING GUIDANCE at step 16 (timestep=864)
🎯 GUIDANCE STEP 16 (t=864): Loss=0.6143, Rho=9.889092, Grad_norm=0.1011, Final_scale=98.8909
🚀 APPLYING GUIDANCE at step 17 (timestep=853)
🎯 GUIDANCE STEP 17 (t=853): Loss=0.6143, Rho=16.588400, Grad_norm=0.0603, Final_scale=165.8840
🚀 APPLYING GUIDANCE at step 18 (timestep=841)
🎯 GUIDANCE STEP 18 (t=841): Loss=0.6128, Rho=10.783825, Grad_norm=0.0927, Final_scale=107.8382
🚀 APPLYING GUIDANCE at step 19 (timestep=829)
🎯 GUIDANCE STEP 19 (t=829): Loss=0.6182, Rho=8.987945, Grad_norm=0.1113, Final_scale=89.8794
🚀 APPLYING GUIDANCE at step 20 (timestep=817)
🎯 GUIDANCE STEP 20 (t=817): Loss=0.6157, Rho=7.539392, Grad_norm=0.1326, Final_scale=75.3939
🚀 APPLYING GUIDANCE at step 21 (timestep=805)
🎯 GUIDANCE STEP 21 (t=805): Loss=0.6191, Rho=9.005782, Grad_norm=0.1110, Final_scale=90.0578
🚀 APPLYING GUIDANCE at step 22 (timestep=792)
🎯 GUIDANCE STEP 22 (t=792): Loss=0.6211, Rho=6.578739, Grad_norm=0.1520, Final_scale=65.7874
🚀 APPLYING GUIDANCE at step 23 (timestep=778)
🎯 GUIDANCE STEP 23 (t=778): Loss=0.6309, Rho=6.499318, Grad_norm=0.1539, Final_scale=64.9932
🚀 APPLYING GUIDANCE at step 24 (timestep=764)
🎯 GUIDANCE STEP 24 (t=764): Loss=0.6265, Rho=8.016522, Grad_norm=0.1247, Final_scale=80.1652
🚀 APPLYING GUIDANCE at step 25 (timestep=749)
🎯 GUIDANCE STEP 25 (t=749): Loss=0.6260, Rho=3.692683, Grad_norm=0.2708, Final_scale=36.9268
🚀 APPLYING GUIDANCE at step 26 (timestep=734)
🎯 GUIDANCE STEP 26 (t=734): Loss=0.6255, Rho=7.227314, Grad_norm=0.1384, Final_scale=72.2731
🚀 APPLYING GUIDANCE at step 27 (timestep=718)
🎯 GUIDANCE STEP 27 (t=718): Loss=0.6196, Rho=7.145594, Grad_norm=0.1399, Final_scale=71.4559
🚀 APPLYING GUIDANCE at step 28 (timestep=701)
🎯 GUIDANCE STEP 28 (t=701): Loss=0.6123, Rho=8.322093, Grad_norm=0.1202, Final_scale=83.2209
🚀 APPLYING GUIDANCE at step 29 (timestep=684)
🎯 GUIDANCE STEP 29 (t=684): Loss=0.6108, Rho=8.529380, Grad_norm=0.1172, Final_scale=85.2938
🚀 APPLYING GUIDANCE at step 30 (timestep=666)
🎯 GUIDANCE STEP 30 (t=666): Loss=0.6099, Rho=10.007598, Grad_norm=0.0999, Final_scale=100.0760
🚀 APPLYING GUIDANCE at step 31 (timestep=647)
🎯 GUIDANCE STEP 31 (t=647): Loss=0.6133, Rho=4.246895, Grad_norm=0.2355, Final_scale=42.4690
🚀 APPLYING GUIDANCE at step 32 (timestep=627)
🎯 GUIDANCE STEP 32 (t=627): Loss=0.6133, Rho=11.371861, Grad_norm=0.0879, Final_scale=113.7186
🚀 APPLYING GUIDANCE at step 33 (timestep=606)
🎯 GUIDANCE STEP 33 (t=606): Loss=0.6147, Rho=13.352391, Grad_norm=0.0749, Final_scale=133.5239
🚀 APPLYING GUIDANCE at step 34 (timestep=585)
🎯 GUIDANCE STEP 34 (t=585): Loss=0.6152, Rho=16.087656, Grad_norm=0.0622, Final_scale=160.8766
🚀 APPLYING GUIDANCE at step 35 (timestep=562)
🎯 GUIDANCE STEP 35 (t=562): Loss=0.6128, Rho=13.461523, Grad_norm=0.0743, Final_scale=134.6152
🚀 APPLYING GUIDANCE at step 36 (timestep=538)
🎯 GUIDANCE STEP 36 (t=538): Loss=0.6182, Rho=8.739511, Grad_norm=0.1144, Final_scale=87.3951
🚀 APPLYING GUIDANCE at step 37 (timestep=512)
🎯 GUIDANCE STEP 37 (t=512): Loss=0.6118, Rho=16.417480, Grad_norm=0.0609, Final_scale=164.1748
🚀 APPLYING GUIDANCE at step 38 (timestep=486)
🎯 GUIDANCE STEP 38 (t=486): Loss=0.6138, Rho=11.839016, Grad_norm=0.0845, Final_scale=118.3902
🚀 APPLYING GUIDANCE at step 39 (timestep=458)
🎯 GUIDANCE STEP 39 (t=458): Loss=0.6128, Rho=9.743427, Grad_norm=0.1026, Final_scale=97.4343
🚀 APPLYING GUIDANCE at step 40 (timestep=428)
🎯 GUIDANCE STEP 40 (t=428): Loss=0.6089, Rho=5.457699, Grad_norm=0.1832, Final_scale=54.5770
🚀 APPLYING GUIDANCE at step 41 (timestep=396)
🎯 GUIDANCE STEP 41 (t=396): Loss=0.6025, Rho=9.098054, Grad_norm=0.1099, Final_scale=90.9805
🚀 APPLYING GUIDANCE at step 42 (timestep=363)
🎯 GUIDANCE STEP 42 (t=363): Loss=0.6064, Rho=18.546925, Grad_norm=0.0539, Final_scale=185.4692
🚀 APPLYING GUIDANCE at step 43 (timestep=327)
🎯 GUIDANCE STEP 43 (t=327): Loss=0.6099, Rho=8.694016, Grad_norm=0.1150, Final_scale=86.9402
🚀 APPLYING GUIDANCE at step 44 (timestep=290)
🎯 GUIDANCE STEP 44 (t=290): Loss=0.6055, Rho=16.634174, Grad_norm=0.0601, Final_scale=166.3417
🚀 APPLYING GUIDANCE at step 45 (timestep=249)
🎯 GUIDANCE STEP 45 (t=249): Loss=0.6040, Rho=18.873470, Grad_norm=0.0530, Final_scale=188.7347
🚀 APPLYING GUIDANCE at step 46 (timestep=206)
🎯 GUIDANCE STEP 46 (t=206): Loss=0.6011, Rho=16.630663, Grad_norm=0.0601, Final_scale=166.3066
🚀 APPLYING GUIDANCE at step 47 (timestep=160)
🎯 GUIDANCE STEP 47 (t=160): Loss=0.6025, Rho=7.471988, Grad_norm=0.1338, Final_scale=74.7199
🚀 APPLYING GUIDANCE at step 48 (timestep=111)
🎯 GUIDANCE STEP 48 (t=111): Loss=0.6030, Rho=10.321176, Grad_norm=0.0969, Final_scale=103.2118
🚀 APPLYING GUIDANCE at step 49 (timestep=57)
🎯 GUIDANCE STEP 49 (t=57): Loss=0.6006, Rho=7.767477, Grad_norm=0.1287, Final_scale=77.6748
[guidance_f17_s50_w8c6_rho10.0_cfg5.0_0701_1658] Generated: generated_videos/subject_consistency/guidance_f17_s50_w8c6_rho10.0_cfg5.0_0701_1658/a_zebra_bending_down_to_drink_water_from_a_river.mp4
[guidance_f17_s50_w8c6_rho10.0_cfg5.0_0701_1658] Generating video 5/9 (guidance): a zebra running to join a herd of its kind
🎬 STARTING GUIDANCE PIPELINE GENERATION
   Frames: 17, Steps: 50, CFG Scale: 5.0

🔧 GUIDANCE PIPELINE CONFIGURATION:
   Guidance range: 0 - 1001
   Rho scale: 10.0
   V-JEPA kernel_size: 8
   V-JEPA context_length: 6
   V-JEPA stride: 2
   V-JEPA mode: max
   Total timesteps: 50

🚀 APPLYING GUIDANCE at step 0 (timestep=999)
🎯 GUIDANCE STEP 0 (t=999): Loss=0.5874, Rho=15.695329, Grad_norm=0.0637, Final_scale=156.9533
🚀 APPLYING GUIDANCE at step 1 (timestep=992)
🎯 GUIDANCE STEP 1 (t=992): Loss=0.5391, Rho=39.698715, Grad_norm=0.0252, Final_scale=396.9872
🚀 APPLYING GUIDANCE at step 2 (timestep=985)
🎯 GUIDANCE STEP 2 (t=985): Loss=0.5752, Rho=9.962884, Grad_norm=0.1004, Final_scale=99.6288
🚀 APPLYING GUIDANCE at step 3 (timestep=978)
🎯 GUIDANCE STEP 3 (t=978): Loss=0.5659, Rho=26.243490, Grad_norm=0.0381, Final_scale=262.4349
🚀 APPLYING GUIDANCE at step 4 (timestep=971)
🎯 GUIDANCE STEP 4 (t=971): Loss=0.5708, Rho=11.831581, Grad_norm=0.0845, Final_scale=118.3158
🚀 APPLYING GUIDANCE at step 5 (timestep=963)
🎯 GUIDANCE STEP 5 (t=963): Loss=0.5874, Rho=7.131965, Grad_norm=0.1402, Final_scale=71.3196
🚀 APPLYING GUIDANCE at step 6 (timestep=956)
🎯 GUIDANCE STEP 6 (t=956): Loss=0.5938, Rho=4.754809, Grad_norm=0.2103, Final_scale=47.5481
🚀 APPLYING GUIDANCE at step 7 (timestep=948)
🎯 GUIDANCE STEP 7 (t=948): Loss=0.6123, Rho=6.221915, Grad_norm=0.1607, Final_scale=62.2192
🚀 APPLYING GUIDANCE at step 8 (timestep=939)
🎯 GUIDANCE STEP 8 (t=939): Loss=0.6270, Rho=3.533848, Grad_norm=0.2830, Final_scale=35.3385
🚀 APPLYING GUIDANCE at step 9 (timestep=931)
🎯 GUIDANCE STEP 9 (t=931): Loss=0.6260, Rho=8.322248, Grad_norm=0.1202, Final_scale=83.2225
🚀 APPLYING GUIDANCE at step 10 (timestep=922)
🎯 GUIDANCE STEP 10 (t=922): Loss=0.6235, Rho=6.784245, Grad_norm=0.1474, Final_scale=67.8424
🚀 APPLYING GUIDANCE at step 11 (timestep=913)
🎯 GUIDANCE STEP 11 (t=913): Loss=0.6279, Rho=7.449004, Grad_norm=0.1342, Final_scale=74.4900
🚀 APPLYING GUIDANCE at step 12 (timestep=904)
🎯 GUIDANCE STEP 12 (t=904): Loss=0.6235, Rho=5.780472, Grad_norm=0.1730, Final_scale=57.8047
🚀 APPLYING GUIDANCE at step 13 (timestep=894)
🎯 GUIDANCE STEP 13 (t=894): Loss=0.6216, Rho=3.149371, Grad_norm=0.3175, Final_scale=31.4937
🚀 APPLYING GUIDANCE at step 14 (timestep=884)
🎯 GUIDANCE STEP 14 (t=884): Loss=0.6260, Rho=5.125520, Grad_norm=0.1951, Final_scale=51.2552
🚀 APPLYING GUIDANCE at step 15 (timestep=874)
🎯 GUIDANCE STEP 15 (t=874): Loss=0.6255, Rho=4.869606, Grad_norm=0.2054, Final_scale=48.6961
🚀 APPLYING GUIDANCE at step 16 (timestep=864)
🎯 GUIDANCE STEP 16 (t=864): Loss=0.6333, Rho=4.286772, Grad_norm=0.2333, Final_scale=42.8677
🚀 APPLYING GUIDANCE at step 17 (timestep=853)
🎯 GUIDANCE STEP 17 (t=853): Loss=0.6328, Rho=7.099569, Grad_norm=0.1409, Final_scale=70.9957
🚀 APPLYING GUIDANCE at step 18 (timestep=841)
🎯 GUIDANCE STEP 18 (t=841): Loss=0.6309, Rho=9.711882, Grad_norm=0.1030, Final_scale=97.1188
🚀 APPLYING GUIDANCE at step 19 (timestep=829)
🎯 GUIDANCE STEP 19 (t=829): Loss=0.6299, Rho=3.622984, Grad_norm=0.2760, Final_scale=36.2298
🚀 APPLYING GUIDANCE at step 20 (timestep=817)
🎯 GUIDANCE STEP 20 (t=817): Loss=0.6284, Rho=4.760609, Grad_norm=0.2101, Final_scale=47.6061
🚀 APPLYING GUIDANCE at step 21 (timestep=805)
🎯 GUIDANCE STEP 21 (t=805): Loss=0.6289, Rho=2.665712, Grad_norm=0.3751, Final_scale=26.6571
🚀 APPLYING GUIDANCE at step 22 (timestep=792)
🎯 GUIDANCE STEP 22 (t=792): Loss=0.6294, Rho=2.516752, Grad_norm=0.3973, Final_scale=25.1675
🚀 APPLYING GUIDANCE at step 23 (timestep=778)
🎯 GUIDANCE STEP 23 (t=778): Loss=0.6260, Rho=5.424149, Grad_norm=0.1844, Final_scale=54.2415
🚀 APPLYING GUIDANCE at step 24 (timestep=764)
🎯 GUIDANCE STEP 24 (t=764): Loss=0.6270, Rho=5.459404, Grad_norm=0.1832, Final_scale=54.5940
🚀 APPLYING GUIDANCE at step 25 (timestep=749)
🎯 GUIDANCE STEP 25 (t=749): Loss=0.6260, Rho=5.400892, Grad_norm=0.1852, Final_scale=54.0089
🚀 APPLYING GUIDANCE at step 26 (timestep=734)
🎯 GUIDANCE STEP 26 (t=734): Loss=0.6260, Rho=4.443033, Grad_norm=0.2251, Final_scale=44.4303
🚀 APPLYING GUIDANCE at step 27 (timestep=718)
🎯 GUIDANCE STEP 27 (t=718): Loss=0.6250, Rho=3.766535, Grad_norm=0.2655, Final_scale=37.6653
🚀 APPLYING GUIDANCE at step 28 (timestep=701)
🎯 GUIDANCE STEP 28 (t=701): Loss=0.6245, Rho=2.432211, Grad_norm=0.4111, Final_scale=24.3221
🚀 APPLYING GUIDANCE at step 29 (timestep=684)
🎯 GUIDANCE STEP 29 (t=684): Loss=0.6260, Rho=4.850767, Grad_norm=0.2062, Final_scale=48.5077
🚀 APPLYING GUIDANCE at step 30 (timestep=666)
🎯 GUIDANCE STEP 30 (t=666): Loss=0.6201, Rho=4.277019, Grad_norm=0.2338, Final_scale=42.7702
🚀 APPLYING GUIDANCE at step 31 (timestep=647)
🎯 GUIDANCE STEP 31 (t=647): Loss=0.6230, Rho=5.991308, Grad_norm=0.1669, Final_scale=59.9131
🚀 APPLYING GUIDANCE at step 32 (timestep=627)
🎯 GUIDANCE STEP 32 (t=627): Loss=0.6221, Rho=1.666170, Grad_norm=0.6002, Final_scale=16.6617
🚀 APPLYING GUIDANCE at step 33 (timestep=606)
🎯 GUIDANCE STEP 33 (t=606): Loss=0.6216, Rho=2.446193, Grad_norm=0.4088, Final_scale=24.4619
🚀 APPLYING GUIDANCE at step 34 (timestep=585)
🎯 GUIDANCE STEP 34 (t=585): Loss=0.6226, Rho=2.488763, Grad_norm=0.4018, Final_scale=24.8876
🚀 APPLYING GUIDANCE at step 35 (timestep=562)
🎯 GUIDANCE STEP 35 (t=562): Loss=0.6235, Rho=6.886249, Grad_norm=0.1452, Final_scale=68.8625
🚀 APPLYING GUIDANCE at step 36 (timestep=538)
🎯 GUIDANCE STEP 36 (t=538): Loss=0.6245, Rho=6.928173, Grad_norm=0.1443, Final_scale=69.2817
🚀 APPLYING GUIDANCE at step 37 (timestep=512)
🎯 GUIDANCE STEP 37 (t=512): Loss=0.6240, Rho=6.473255, Grad_norm=0.1545, Final_scale=64.7326
🚀 APPLYING GUIDANCE at step 38 (timestep=486)
🎯 GUIDANCE STEP 38 (t=486): Loss=0.6216, Rho=4.439263, Grad_norm=0.2253, Final_scale=44.3926
🚀 APPLYING GUIDANCE at step 39 (timestep=458)
🎯 GUIDANCE STEP 39 (t=458): Loss=0.6211, Rho=6.018755, Grad_norm=0.1661, Final_scale=60.1876
🚀 APPLYING GUIDANCE at step 40 (timestep=428)
🎯 GUIDANCE STEP 40 (t=428): Loss=0.6211, Rho=13.235272, Grad_norm=0.0756, Final_scale=132.3527
🚀 APPLYING GUIDANCE at step 41 (timestep=396)
🎯 GUIDANCE STEP 41 (t=396): Loss=0.6255, Rho=4.094618, Grad_norm=0.2442, Final_scale=40.9462
🚀 APPLYING GUIDANCE at step 42 (timestep=363)
🎯 GUIDANCE STEP 42 (t=363): Loss=0.6255, Rho=4.126012, Grad_norm=0.2424, Final_scale=41.2601
🚀 APPLYING GUIDANCE at step 43 (timestep=327)
🎯 GUIDANCE STEP 43 (t=327): Loss=0.6230, Rho=12.443195, Grad_norm=0.0804, Final_scale=124.4320
🚀 APPLYING GUIDANCE at step 44 (timestep=290)
🎯 GUIDANCE STEP 44 (t=290): Loss=0.6235, Rho=16.717703, Grad_norm=0.0598, Final_scale=167.1770
🚀 APPLYING GUIDANCE at step 45 (timestep=249)
🎯 GUIDANCE STEP 45 (t=249): Loss=0.6221, Rho=5.336024, Grad_norm=0.1874, Final_scale=53.3602
🚀 APPLYING GUIDANCE at step 46 (timestep=206)
🎯 GUIDANCE STEP 46 (t=206): Loss=0.6201, Rho=18.794073, Grad_norm=0.0532, Final_scale=187.9407
🚀 APPLYING GUIDANCE at step 47 (timestep=160)
🎯 GUIDANCE STEP 47 (t=160): Loss=0.6211, Rho=17.473843, Grad_norm=0.0572, Final_scale=174.7384
🚀 APPLYING GUIDANCE at step 48 (timestep=111)
🎯 GUIDANCE STEP 48 (t=111): Loss=0.6211, Rho=19.570229, Grad_norm=0.0511, Final_scale=195.7023
🚀 APPLYING GUIDANCE at step 49 (timestep=57)
🎯 GUIDANCE STEP 49 (t=57): Loss=0.6211, Rho=18.833683, Grad_norm=0.0531, Final_scale=188.3368
[guidance_f17_s50_w8c6_rho10.0_cfg5.0_0701_1658] Generated: generated_videos/subject_consistency/guidance_f17_s50_w8c6_rho10.0_cfg5.0_0701_1658/a_cat_grooming_itself_meticulously_with_its_tongue.mp4
[guidance_f17_s50_w8c6_rho10.0_cfg5.0_0701_1658] Generating video 7/9 (guidance): a cat playing in park
🎬 STARTING GUIDANCE PIPELINE GENERATION
   Frames: 17, Steps: 50, CFG Scale: 5.0

🔧 GUIDANCE PIPELINE CONFIGURATION:
   Guidance range: 0 - 1001
   Rho scale: 10.0
   V-JEPA kernel_size: 8
   V-JEPA context_length: 6
   V-JEPA stride: 2
   V-JEPA mode: max
   Total timesteps: 50

🚀 APPLYING GUIDANCE at step 0 (timestep=999)
🎯 GUIDANCE STEP 0 (t=999): Loss=0.6035, Rho=29.034685, Grad_norm=0.0344, Final_scale=290.3469
🚀 APPLYING GUIDANCE at step 1 (timestep=992)
🎯 GUIDANCE STEP 1 (t=992): Loss=0.5435, Rho=13.926451, Grad_norm=0.0718, Final_scale=139.2645
🚀 APPLYING GUIDANCE at step 2 (timestep=985)
🎯 GUIDANCE STEP 2 (t=985): Loss=0.5386, Rho=13.346181, Grad_norm=0.0749, Final_scale=133.4618
🚀 APPLYING GUIDANCE at step 3 (timestep=978)
🎯 GUIDANCE STEP 3 (t=978): Loss=0.5479, Rho=26.807093, Grad_norm=0.0373, Final_scale=268.0709
🚀 APPLYING GUIDANCE at step 4 (timestep=971)
🎯 GUIDANCE STEP 4 (t=971): Loss=0.5684, Rho=15.626737, Grad_norm=0.0640, Final_scale=156.2674
🚀 APPLYING GUIDANCE at step 5 (timestep=963)
🎯 GUIDANCE STEP 5 (t=963): Loss=0.5801, Rho=11.570005, Grad_norm=0.0864, Final_scale=115.7001
🚀 APPLYING GUIDANCE at step 6 (timestep=956)
🎯 GUIDANCE STEP 6 (t=956): Loss=0.5811, Rho=8.807174, Grad_norm=0.1135, Final_scale=88.0717
🚀 APPLYING GUIDANCE at step 7 (timestep=948)
🎯 GUIDANCE STEP 7 (t=948): Loss=0.5869, Rho=6.639158, Grad_norm=0.1506, Final_scale=66.3916
🚀 APPLYING GUIDANCE at step 8 (timestep=939)
🎯 GUIDANCE STEP 8 (t=939): Loss=0.5977, Rho=7.522729, Grad_norm=0.1329, Final_scale=75.2273
🚀 APPLYING GUIDANCE at step 9 (timestep=931)
🎯 GUIDANCE STEP 9 (t=931): Loss=0.6001, Rho=4.805532, Grad_norm=0.2081, Final_scale=48.0553
🚀 APPLYING GUIDANCE at step 10 (timestep=922)
🎯 GUIDANCE STEP 10 (t=922): Loss=0.6060, Rho=8.301706, Grad_norm=0.1205, Final_scale=83.0171
🚀 APPLYING GUIDANCE at step 11 (timestep=913)
🎯 GUIDANCE STEP 11 (t=913): Loss=0.6079, Rho=6.389555, Grad_norm=0.1565, Final_scale=63.8956
🚀 APPLYING GUIDANCE at step 12 (timestep=904)
🎯 GUIDANCE STEP 12 (t=904): Loss=0.6089, Rho=4.109943, Grad_norm=0.2433, Final_scale=41.0994
🚀 APPLYING GUIDANCE at step 13 (timestep=894)
🎯 GUIDANCE STEP 13 (t=894): Loss=0.6084, Rho=4.456862, Grad_norm=0.2244, Final_scale=44.5686
🚀 APPLYING GUIDANCE at step 14 (timestep=884)
🎯 GUIDANCE STEP 14 (t=884): Loss=0.6084, Rho=5.514552, Grad_norm=0.1813, Final_scale=55.1455
🚀 APPLYING GUIDANCE at step 15 (timestep=874)
🎯 GUIDANCE STEP 15 (t=874): Loss=0.6099, Rho=11.447153, Grad_norm=0.0874, Final_scale=114.4715
🚀 APPLYING GUIDANCE at step 16 (timestep=864)
🎯 GUIDANCE STEP 16 (t=864): Loss=0.6099, Rho=8.570874, Grad_norm=0.1167, Final_scale=85.7087
🚀 APPLYING GUIDANCE at step 17 (timestep=853)
🎯 GUIDANCE STEP 17 (t=853): Loss=0.6084, Rho=4.188212, Grad_norm=0.2388, Final_scale=41.8821
🚀 APPLYING GUIDANCE at step 18 (timestep=841)
🎯 GUIDANCE STEP 18 (t=841): Loss=0.6118, Rho=6.318949, Grad_norm=0.1583, Final_scale=63.1895
🚀 APPLYING GUIDANCE at step 19 (timestep=829)
🎯 GUIDANCE STEP 19 (t=829): Loss=0.6147, Rho=7.765363, Grad_norm=0.1288, Final_scale=77.6536
🚀 APPLYING GUIDANCE at step 20 (timestep=817)
🎯 GUIDANCE STEP 20 (t=817): Loss=0.6128, Rho=6.869803, Grad_norm=0.1456, Final_scale=68.6980
🚀 APPLYING GUIDANCE at step 21 (timestep=805)
🎯 GUIDANCE STEP 21 (t=805): Loss=0.6138, Rho=3.801468, Grad_norm=0.2631, Final_scale=38.0147
🚀 APPLYING GUIDANCE at step 22 (timestep=792)
🎯 GUIDANCE STEP 22 (t=792): Loss=0.6113, Rho=5.499299, Grad_norm=0.1818, Final_scale=54.9930
🚀 APPLYING GUIDANCE at step 23 (timestep=778)
🎯 GUIDANCE STEP 23 (t=778): Loss=0.6123, Rho=7.101355, Grad_norm=0.1408, Final_scale=71.0135
🚀 APPLYING GUIDANCE at step 24 (timestep=764)
🎯 GUIDANCE STEP 24 (t=764): Loss=0.6128, Rho=3.693058, Grad_norm=0.2708, Final_scale=36.9306
🚀 APPLYING GUIDANCE at step 25 (timestep=749)
🎯 GUIDANCE STEP 25 (t=749): Loss=0.6113, Rho=7.059366, Grad_norm=0.1417, Final_scale=70.5937
🚀 APPLYING GUIDANCE at step 26 (timestep=734)
🎯 GUIDANCE STEP 26 (t=734): Loss=0.6064, Rho=9.360613, Grad_norm=0.1068, Final_scale=93.6061
🚀 APPLYING GUIDANCE at step 27 (timestep=718)
🎯 GUIDANCE STEP 27 (t=718): Loss=0.6108, Rho=4.125288, Grad_norm=0.2424, Final_scale=41.2529
🚀 APPLYING GUIDANCE at step 28 (timestep=701)
🎯 GUIDANCE STEP 28 (t=701): Loss=0.6104, Rho=8.982546, Grad_norm=0.1113, Final_scale=89.8255
🚀 APPLYING GUIDANCE at step 29 (timestep=684)
🎯 GUIDANCE STEP 29 (t=684): Loss=0.6113, Rho=8.516250, Grad_norm=0.1174, Final_scale=85.1625
🚀 APPLYING GUIDANCE at step 30 (timestep=666)
🎯 GUIDANCE STEP 30 (t=666): Loss=0.6069, Rho=11.361708, Grad_norm=0.0880, Final_scale=113.6171
🚀 APPLYING GUIDANCE at step 31 (timestep=647)
🎯 GUIDANCE STEP 31 (t=647): Loss=0.6055, Rho=9.531767, Grad_norm=0.1049, Final_scale=95.3177
🚀 APPLYING GUIDANCE at step 32 (timestep=627)
🎯 GUIDANCE STEP 32 (t=627): Loss=0.6084, Rho=5.303922, Grad_norm=0.1885, Final_scale=53.0392
🚀 APPLYING GUIDANCE at step 33 (timestep=606)
🎯 GUIDANCE STEP 33 (t=606): Loss=0.6089, Rho=4.565145, Grad_norm=0.2191, Final_scale=45.6515
🚀 APPLYING GUIDANCE at step 34 (timestep=585)
🎯 GUIDANCE STEP 34 (t=585): Loss=0.6069, Rho=2.873418, Grad_norm=0.3480, Final_scale=28.7342
🚀 APPLYING GUIDANCE at step 35 (timestep=562)
🎯 GUIDANCE STEP 35 (t=562): Loss=0.6055, Rho=5.588182, Grad_norm=0.1789, Final_scale=55.8818
🚀 APPLYING GUIDANCE at step 36 (timestep=538)
🎯 GUIDANCE STEP 36 (t=538): Loss=0.6045, Rho=8.513568, Grad_norm=0.1175, Final_scale=85.1357
🚀 APPLYING GUIDANCE at step 37 (timestep=512)
🎯 GUIDANCE STEP 37 (t=512): Loss=0.6084, Rho=7.875492, Grad_norm=0.1270, Final_scale=78.7549
🚀 APPLYING GUIDANCE at step 38 (timestep=486)
🎯 GUIDANCE STEP 38 (t=486): Loss=0.6064, Rho=5.516232, Grad_norm=0.1813, Final_scale=55.1623
🚀 APPLYING GUIDANCE at step 39 (timestep=458)
🎯 GUIDANCE STEP 39 (t=458): Loss=0.6060, Rho=12.581849, Grad_norm=0.0795, Final_scale=125.8185
🚀 APPLYING GUIDANCE at step 40 (timestep=428)
🎯 GUIDANCE STEP 40 (t=428): Loss=0.6040, Rho=15.037189, Grad_norm=0.0665, Final_scale=150.3719
🚀 APPLYING GUIDANCE at step 41 (timestep=396)
🎯 GUIDANCE STEP 41 (t=396): Loss=0.6035, Rho=5.595085, Grad_norm=0.1787, Final_scale=55.9509
🚀 APPLYING GUIDANCE at step 42 (timestep=363)
🎯 GUIDANCE STEP 42 (t=363): Loss=0.6055, Rho=5.727405, Grad_norm=0.1746, Final_scale=57.2741
🚀 APPLYING GUIDANCE at step 43 (timestep=327)
🎯 GUIDANCE STEP 43 (t=327): Loss=0.6045, Rho=8.551352, Grad_norm=0.1169, Final_scale=85.5135
🚀 APPLYING GUIDANCE at step 44 (timestep=290)
🎯 GUIDANCE STEP 44 (t=290): Loss=0.6040, Rho=12.212107, Grad_norm=0.0819, Final_scale=122.1211
🚀 APPLYING GUIDANCE at step 45 (timestep=249)
🎯 GUIDANCE STEP 45 (t=249): Loss=0.6030, Rho=5.582876, Grad_norm=0.1791, Final_scale=55.8288
🚀 APPLYING GUIDANCE at step 46 (timestep=206)
🎯 GUIDANCE STEP 46 (t=206): Loss=0.6030, Rho=16.275555, Grad_norm=0.0614, Final_scale=162.7555
🚀 APPLYING GUIDANCE at step 47 (timestep=160)
🎯 GUIDANCE STEP 47 (t=160): Loss=0.6011, Rho=17.070473, Grad_norm=0.0586, Final_scale=170.7047
🚀 APPLYING GUIDANCE at step 48 (timestep=111)
🎯 GUIDANCE STEP 48 (t=111): Loss=0.6030, Rho=15.756989, Grad_norm=0.0635, Final_scale=157.5699
🚀 APPLYING GUIDANCE at step 49 (timestep=57)
🎯 GUIDANCE STEP 49 (t=57): Loss=0.6021, Rho=12.591726, Grad_norm=0.0794, Final_scale=125.9173
[guidance_f17_s50_w8c6_rho10.0_cfg5.0_0701_1658] Generated: generated_videos/subject_consistency/guidance_f17_s50_w8c6_rho10.0_cfg5.0_0701_1658/an_elephant_spraying_itself_with_water_using_its_t.mp4
[guidance_f17_s50_w8c6_rho10.0_cfg5.0_0701_1658] Generating video 7/9 (guidance): an elephant taking a peaceful walk
🎬 STARTING GUIDANCE PIPELINE GENERATION
   Frames: 17, Steps: 50, CFG Scale: 5.0

🔧 GUIDANCE PIPELINE CONFIGURATION:
   Guidance range: 0 - 1001
   Rho scale: 10.0
   V-JEPA kernel_size: 8
   V-JEPA context_length: 6
   V-JEPA stride: 2
   V-JEPA mode: max
   Total timesteps: 50

🚀 APPLYING GUIDANCE at step 0 (timestep=999)
🎯 GUIDANCE STEP 0 (t=999): Loss=0.5557, Rho=7.948624, Grad_norm=0.1258, Final_scale=79.4862
🚀 APPLYING GUIDANCE at step 1 (timestep=992)
🎯 GUIDANCE STEP 1 (t=992): Loss=0.5376, Rho=12.670311, Grad_norm=0.0789, Final_scale=126.7031
🚀 APPLYING GUIDANCE at step 2 (timestep=985)
🎯 GUIDANCE STEP 2 (t=985): Loss=0.5562, Rho=24.020201, Grad_norm=0.0416, Final_scale=240.2020
🚀 APPLYING GUIDANCE at step 3 (timestep=978)
🎯 GUIDANCE STEP 3 (t=978): Loss=0.5596, Rho=16.751551, Grad_norm=0.0597, Final_scale=167.5155
🚀 APPLYING GUIDANCE at step 4 (timestep=971)
🎯 GUIDANCE STEP 4 (t=971): Loss=0.5713, Rho=20.604462, Grad_norm=0.0485, Final_scale=206.0446
🚀 APPLYING GUIDANCE at step 5 (timestep=963)
🎯 GUIDANCE STEP 5 (t=963): Loss=0.5649, Rho=25.721521, Grad_norm=0.0389, Final_scale=257.2152
🚀 APPLYING GUIDANCE at step 6 (timestep=956)
🎯 GUIDANCE STEP 6 (t=956): Loss=0.5757, Rho=9.028583, Grad_norm=0.1108, Final_scale=90.2858
🚀 APPLYING GUIDANCE at step 7 (timestep=948)
🎯 GUIDANCE STEP 7 (t=948): Loss=0.5767, Rho=20.643835, Grad_norm=0.0484, Final_scale=206.4384
🚀 APPLYING GUIDANCE at step 8 (timestep=939)
🎯 GUIDANCE STEP 8 (t=939): Loss=0.5752, Rho=22.918652, Grad_norm=0.0436, Final_scale=229.1865
🚀 APPLYING GUIDANCE at step 9 (timestep=931)
🎯 GUIDANCE STEP 9 (t=931): Loss=0.5767, Rho=20.837774, Grad_norm=0.0480, Final_scale=208.3777
🚀 APPLYING GUIDANCE at step 10 (timestep=922)
🎯 GUIDANCE STEP 10 (t=922): Loss=0.5728, Rho=21.940245, Grad_norm=0.0456, Final_scale=219.4024
🚀 APPLYING GUIDANCE at step 11 (timestep=913)
🎯 GUIDANCE STEP 11 (t=913): Loss=0.5723, Rho=25.357090, Grad_norm=0.0394, Final_scale=253.5709
🚀 APPLYING GUIDANCE at step 12 (timestep=904)
🎯 GUIDANCE STEP 12 (t=904): Loss=0.5762, Rho=24.323782, Grad_norm=0.0411, Final_scale=243.2378
🚀 APPLYING GUIDANCE at step 13 (timestep=894)
🎯 GUIDANCE STEP 13 (t=894): Loss=0.5747, Rho=14.483146, Grad_norm=0.0690, Final_scale=144.8315
🚀 APPLYING GUIDANCE at step 14 (timestep=884)
🎯 GUIDANCE STEP 14 (t=884): Loss=0.5728, Rho=19.649799, Grad_norm=0.0509, Final_scale=196.4980
🚀 APPLYING GUIDANCE at step 15 (timestep=874)
🎯 GUIDANCE STEP 15 (t=874): Loss=0.5742, Rho=29.622328, Grad_norm=0.0338, Final_scale=296.2233
🚀 APPLYING GUIDANCE at step 16 (timestep=864)
🎯 GUIDANCE STEP 16 (t=864): Loss=0.5752, Rho=21.754709, Grad_norm=0.0460, Final_scale=217.5471
🚀 APPLYING GUIDANCE at step 17 (timestep=853)
🎯 GUIDANCE STEP 17 (t=853): Loss=0.5752, Rho=22.454044, Grad_norm=0.0445, Final_scale=224.5404
🚀 APPLYING GUIDANCE at step 18 (timestep=841)
🎯 GUIDANCE STEP 18 (t=841): Loss=0.5801, Rho=23.825243, Grad_norm=0.0420, Final_scale=238.2524
🚀 APPLYING GUIDANCE at step 19 (timestep=829)
🎯 GUIDANCE STEP 19 (t=829): Loss=0.5825, Rho=15.909221, Grad_norm=0.0629, Final_scale=159.0922
🚀 APPLYING GUIDANCE at step 20 (timestep=817)
🎯 GUIDANCE STEP 20 (t=817): Loss=0.5776, Rho=12.995296, Grad_norm=0.0770, Final_scale=129.9530
🚀 APPLYING GUIDANCE at step 21 (timestep=805)
🎯 GUIDANCE STEP 21 (t=805): Loss=0.5840, Rho=6.637131, Grad_norm=0.1507, Final_scale=66.3713
🚀 APPLYING GUIDANCE at step 22 (timestep=792)
🎯 GUIDANCE STEP 22 (t=792): Loss=0.5835, Rho=7.650682, Grad_norm=0.1307, Final_scale=76.5068
🚀 APPLYING GUIDANCE at step 23 (timestep=778)
🎯 GUIDANCE STEP 23 (t=778): Loss=0.5879, Rho=18.414484, Grad_norm=0.0543, Final_scale=184.1448
🚀 APPLYING GUIDANCE at step 24 (timestep=764)
🎯 GUIDANCE STEP 24 (t=764): Loss=0.5913, Rho=11.096179, Grad_norm=0.0901, Final_scale=110.9618
🚀 APPLYING GUIDANCE at step 25 (timestep=749)
🎯 GUIDANCE STEP 25 (t=749): Loss=0.5864, Rho=5.459873, Grad_norm=0.1832, Final_scale=54.5987
🚀 APPLYING GUIDANCE at step 26 (timestep=734)
🎯 GUIDANCE STEP 26 (t=734): Loss=0.5874, Rho=17.673931, Grad_norm=0.0566, Final_scale=176.7393
🚀 APPLYING GUIDANCE at step 27 (timestep=718)
🎯 GUIDANCE STEP 27 (t=718): Loss=0.5894, Rho=12.895792, Grad_norm=0.0775, Final_scale=128.9579
🚀 APPLYING GUIDANCE at step 28 (timestep=701)
🎯 GUIDANCE STEP 28 (t=701): Loss=0.5850, Rho=20.686356, Grad_norm=0.0483, Final_scale=206.8636
🚀 APPLYING GUIDANCE at step 29 (timestep=684)
🎯 GUIDANCE STEP 29 (t=684): Loss=0.5859, Rho=21.583996, Grad_norm=0.0463, Final_scale=215.8400
🚀 APPLYING GUIDANCE at step 30 (timestep=666)
🎯 GUIDANCE STEP 30 (t=666): Loss=0.5864, Rho=14.345675, Grad_norm=0.0697, Final_scale=143.4568
🚀 APPLYING GUIDANCE at step 31 (timestep=647)
🎯 GUIDANCE STEP 31 (t=647): Loss=0.5879, Rho=15.781853, Grad_norm=0.0634, Final_scale=157.8185
🚀 APPLYING GUIDANCE at step 32 (timestep=627)
🎯 GUIDANCE STEP 32 (t=627): Loss=0.5835, Rho=17.271994, Grad_norm=0.0579, Final_scale=172.7199
🚀 APPLYING GUIDANCE at step 33 (timestep=606)
🎯 GUIDANCE STEP 33 (t=606): Loss=0.5874, Rho=10.913961, Grad_norm=0.0916, Final_scale=109.1396
🚀 APPLYING GUIDANCE at step 34 (timestep=585)
🎯 GUIDANCE STEP 34 (t=585): Loss=0.5854, Rho=14.301641, Grad_norm=0.0699, Final_scale=143.0164
🚀 APPLYING GUIDANCE at step 35 (timestep=562)
🎯 GUIDANCE STEP 35 (t=562): Loss=0.5869, Rho=29.522564, Grad_norm=0.0339, Final_scale=295.2256
🚀 APPLYING GUIDANCE at step 36 (timestep=538)
🎯 GUIDANCE STEP 36 (t=538): Loss=0.5850, Rho=22.208868, Grad_norm=0.0450, Final_scale=222.0887
🚀 APPLYING GUIDANCE at step 37 (timestep=512)
🎯 GUIDANCE STEP 37 (t=512): Loss=0.5835, Rho=23.776340, Grad_norm=0.0421, Final_scale=237.7634
🚀 APPLYING GUIDANCE at step 38 (timestep=486)
🎯 GUIDANCE STEP 38 (t=486): Loss=0.5811, Rho=33.371159, Grad_norm=0.0300, Final_scale=333.7116
🚀 APPLYING GUIDANCE at step 39 (timestep=458)
🎯 GUIDANCE STEP 39 (t=458): Loss=0.5830, Rho=24.917822, Grad_norm=0.0401, Final_scale=249.1782
🚀 APPLYING GUIDANCE at step 40 (timestep=428)
🎯 GUIDANCE STEP 40 (t=428): Loss=0.5801, Rho=54.870892, Grad_norm=0.0182, Final_scale=548.7089
🚀 APPLYING GUIDANCE at step 41 (timestep=396)
🎯 GUIDANCE STEP 41 (t=396): Loss=0.5801, Rho=48.543533, Grad_norm=0.0206, Final_scale=485.4353
🚀 APPLYING GUIDANCE at step 42 (timestep=363)
🎯 GUIDANCE STEP 42 (t=363): Loss=0.5747, Rho=24.078100, Grad_norm=0.0415, Final_scale=240.7810
🚀 APPLYING GUIDANCE at step 43 (timestep=327)
🎯 GUIDANCE STEP 43 (t=327): Loss=0.5801, Rho=40.913506, Grad_norm=0.0244, Final_scale=409.1351
🚀 APPLYING GUIDANCE at step 44 (timestep=290)
🎯 GUIDANCE STEP 44 (t=290): Loss=0.5747, Rho=39.421055, Grad_norm=0.0254, Final_scale=394.2105
🚀 APPLYING GUIDANCE at step 45 (timestep=249)
🎯 GUIDANCE STEP 45 (t=249): Loss=0.5781, Rho=29.939644, Grad_norm=0.0334, Final_scale=299.3964
🚀 APPLYING GUIDANCE at step 46 (timestep=206)
🎯 GUIDANCE STEP 46 (t=206): Loss=0.5786, Rho=52.923206, Grad_norm=0.0189, Final_scale=529.2321
🚀 APPLYING GUIDANCE at step 47 (timestep=160)
🎯 GUIDANCE STEP 47 (t=160): Loss=0.5762, Rho=38.397549, Grad_norm=0.0260, Final_scale=383.9755
🚀 APPLYING GUIDANCE at step 48 (timestep=111)
🎯 GUIDANCE STEP 48 (t=111): Loss=0.5742, Rho=24.461693, Grad_norm=0.0409, Final_scale=244.6169
🚀 APPLYING GUIDANCE at step 49 (timestep=57)
🎯 GUIDANCE STEP 49 (t=57): Loss=0.5820, Rho=21.274176, Grad_norm=0.0470, Final_scale=212.7418
[guidance_f17_s50_w8c6_rho10.0_cfg5.0_0701_1658] Generated: generated_videos/subject_consistency/guidance_f17_s50_w8c6_rho10.0_cfg5.0_0701_1658/a_horse_galloping_across_an_open_field.mp4
[guidance_f17_s50_w8c6_rho10.0_cfg5.0_0701_1658] Generating video 7/9 (guidance): a horse taking a peaceful walk
🎬 STARTING GUIDANCE PIPELINE GENERATION
   Frames: 17, Steps: 50, CFG Scale: 5.0

🔧 GUIDANCE PIPELINE CONFIGURATION:
   Guidance range: 0 - 1001
   Rho scale: 10.0
   V-JEPA kernel_size: 8
   V-JEPA context_length: 6
   V-JEPA stride: 2
   V-JEPA mode: max
   Total timesteps: 50

🚀 APPLYING GUIDANCE at step 0 (timestep=999)
🎯 GUIDANCE STEP 0 (t=999): Loss=0.5610, Rho=16.461683, Grad_norm=0.0607, Final_scale=164.6168
🚀 APPLYING GUIDANCE at step 1 (timestep=992)
🎯 GUIDANCE STEP 1 (t=992): Loss=0.5420, Rho=56.714630, Grad_norm=0.0176, Final_scale=567.1463
🚀 APPLYING GUIDANCE at step 2 (timestep=985)
🎯 GUIDANCE STEP 2 (t=985): Loss=0.5347, Rho=28.329603, Grad_norm=0.0353, Final_scale=283.2960
🚀 APPLYING GUIDANCE at step 3 (timestep=978)
🎯 GUIDANCE STEP 3 (t=978): Loss=0.5410, Rho=22.998175, Grad_norm=0.0435, Final_scale=229.9817
🚀 APPLYING GUIDANCE at step 4 (timestep=971)
🎯 GUIDANCE STEP 4 (t=971): Loss=0.5449, Rho=29.856632, Grad_norm=0.0335, Final_scale=298.5663
🚀 APPLYING GUIDANCE at step 5 (timestep=963)
🎯 GUIDANCE STEP 5 (t=963): Loss=0.5620, Rho=17.344090, Grad_norm=0.0577, Final_scale=173.4409
🚀 APPLYING GUIDANCE at step 6 (timestep=956)
🎯 GUIDANCE STEP 6 (t=956): Loss=0.5625, Rho=21.413313, Grad_norm=0.0467, Final_scale=214.1331
🚀 APPLYING GUIDANCE at step 7 (timestep=948)
🎯 GUIDANCE STEP 7 (t=948): Loss=0.5659, Rho=20.351257, Grad_norm=0.0491, Final_scale=203.5126
🚀 APPLYING GUIDANCE at step 8 (timestep=939)
🎯 GUIDANCE STEP 8 (t=939): Loss=0.5630, Rho=13.270696, Grad_norm=0.0754, Final_scale=132.7070
🚀 APPLYING GUIDANCE at step 9 (timestep=931)
🎯 GUIDANCE STEP 9 (t=931): Loss=0.5723, Rho=18.169069, Grad_norm=0.0550, Final_scale=181.6907
🚀 APPLYING GUIDANCE at step 10 (timestep=922)
🎯 GUIDANCE STEP 10 (t=922): Loss=0.5762, Rho=18.228302, Grad_norm=0.0549, Final_scale=182.2830
🚀 APPLYING GUIDANCE at step 11 (timestep=913)
🎯 GUIDANCE STEP 11 (t=913): Loss=0.5757, Rho=21.558910, Grad_norm=0.0464, Final_scale=215.5891
🚀 APPLYING GUIDANCE at step 12 (timestep=904)
🎯 GUIDANCE STEP 12 (t=904): Loss=0.5845, Rho=13.145333, Grad_norm=0.0761, Final_scale=131.4533
🚀 APPLYING GUIDANCE at step 13 (timestep=894)
🎯 GUIDANCE STEP 13 (t=894): Loss=0.5869, Rho=8.228896, Grad_norm=0.1215, Final_scale=82.2890
🚀 APPLYING GUIDANCE at step 14 (timestep=884)
🎯 GUIDANCE STEP 14 (t=884): Loss=0.5845, Rho=5.737225, Grad_norm=0.1743, Final_scale=57.3722
🚀 APPLYING GUIDANCE at step 15 (timestep=874)
🎯 GUIDANCE STEP 15 (t=874): Loss=0.5869, Rho=19.215160, Grad_norm=0.0520, Final_scale=192.1516
🚀 APPLYING GUIDANCE at step 16 (timestep=864)
🎯 GUIDANCE STEP 16 (t=864): Loss=0.5889, Rho=26.641298, Grad_norm=0.0375, Final_scale=266.4130
🚀 APPLYING GUIDANCE at step 17 (timestep=853)
🎯 GUIDANCE STEP 17 (t=853): Loss=0.5923, Rho=12.665349, Grad_norm=0.0790, Final_scale=126.6535
🚀 APPLYING GUIDANCE at step 18 (timestep=841)
🎯 GUIDANCE STEP 18 (t=841): Loss=0.5972, Rho=13.102582, Grad_norm=0.0763, Final_scale=131.0258
🚀 APPLYING GUIDANCE at step 19 (timestep=829)
🎯 GUIDANCE STEP 19 (t=829): Loss=0.6089, Rho=15.144019, Grad_norm=0.0660, Final_scale=151.4402
🚀 APPLYING GUIDANCE at step 20 (timestep=817)
🎯 GUIDANCE STEP 20 (t=817): Loss=0.6172, Rho=21.102951, Grad_norm=0.0474, Final_scale=211.0295
🚀 APPLYING GUIDANCE at step 21 (timestep=805)
🎯 GUIDANCE STEP 21 (t=805): Loss=0.6172, Rho=24.985525, Grad_norm=0.0400, Final_scale=249.8553
🚀 APPLYING GUIDANCE at step 22 (timestep=792)
🎯 GUIDANCE STEP 22 (t=792): Loss=0.6230, Rho=17.456692, Grad_norm=0.0573, Final_scale=174.5669
🚀 APPLYING GUIDANCE at step 23 (timestep=778)
🎯 GUIDANCE STEP 23 (t=778): Loss=0.6279, Rho=22.870085, Grad_norm=0.0437, Final_scale=228.7008
🚀 APPLYING GUIDANCE at step 24 (timestep=764)
🎯 GUIDANCE STEP 24 (t=764): Loss=0.6265, Rho=10.798422, Grad_norm=0.0926, Final_scale=107.9842
🚀 APPLYING GUIDANCE at step 25 (timestep=749)
🎯 GUIDANCE STEP 25 (t=749): Loss=0.6216, Rho=12.054395, Grad_norm=0.0830, Final_scale=120.5439
🚀 APPLYING GUIDANCE at step 26 (timestep=734)
🎯 GUIDANCE STEP 26 (t=734): Loss=0.6226, Rho=9.888953, Grad_norm=0.1011, Final_scale=98.8895
🚀 APPLYING GUIDANCE at step 27 (timestep=718)
🎯 GUIDANCE STEP 27 (t=718): Loss=0.6289, Rho=9.548541, Grad_norm=0.1047, Final_scale=95.4854
🚀 APPLYING GUIDANCE at step 28 (timestep=701)
🎯 GUIDANCE STEP 28 (t=701): Loss=0.6230, Rho=16.735529, Grad_norm=0.0598, Final_scale=167.3553
🚀 APPLYING GUIDANCE at step 29 (timestep=684)
🎯 GUIDANCE STEP 29 (t=684): Loss=0.6235, Rho=5.260205, Grad_norm=0.1901, Final_scale=52.6020
🚀 APPLYING GUIDANCE at step 30 (timestep=666)
🎯 GUIDANCE STEP 30 (t=666): Loss=0.6265, Rho=17.218174, Grad_norm=0.0581, Final_scale=172.1817
🚀 APPLYING GUIDANCE at step 31 (timestep=647)
🎯 GUIDANCE STEP 31 (t=647): Loss=0.6235, Rho=13.277010, Grad_norm=0.0753, Final_scale=132.7701
🚀 APPLYING GUIDANCE at step 32 (timestep=627)
🎯 GUIDANCE STEP 32 (t=627): Loss=0.6221, Rho=15.324849, Grad_norm=0.0653, Final_scale=153.2485
🚀 APPLYING GUIDANCE at step 33 (timestep=606)
🎯 GUIDANCE STEP 33 (t=606): Loss=0.6230, Rho=3.551927, Grad_norm=0.2815, Final_scale=35.5193
🚀 APPLYING GUIDANCE at step 34 (timestep=585)
🎯 GUIDANCE STEP 34 (t=585): Loss=0.6226, Rho=17.380280, Grad_norm=0.0575, Final_scale=173.8028
🚀 APPLYING GUIDANCE at step 35 (timestep=562)
🎯 GUIDANCE STEP 35 (t=562): Loss=0.6235, Rho=22.064470, Grad_norm=0.0453, Final_scale=220.6447
🚀 APPLYING GUIDANCE at step 36 (timestep=538)
🎯 GUIDANCE STEP 36 (t=538): Loss=0.6211, Rho=20.270895, Grad_norm=0.0493, Final_scale=202.7090
🚀 APPLYING GUIDANCE at step 37 (timestep=512)
🎯 GUIDANCE STEP 37 (t=512): Loss=0.6211, Rho=17.370937, Grad_norm=0.0576, Final_scale=173.7094
🚀 APPLYING GUIDANCE at step 38 (timestep=486)
🎯 GUIDANCE STEP 38 (t=486): Loss=0.6250, Rho=16.998968, Grad_norm=0.0588, Final_scale=169.9897
🚀 APPLYING GUIDANCE at step 39 (timestep=458)
🎯 GUIDANCE STEP 39 (t=458): Loss=0.6191, Rho=18.468374, Grad_norm=0.0541, Final_scale=184.6837
🚀 APPLYING GUIDANCE at step 40 (timestep=428)
🎯 GUIDANCE STEP 40 (t=428): Loss=0.6211, Rho=10.313834, Grad_norm=0.0970, Final_scale=103.1383
🚀 APPLYING GUIDANCE at step 41 (timestep=396)
🎯 GUIDANCE STEP 41 (t=396): Loss=0.6211, Rho=14.818923, Grad_norm=0.0675, Final_scale=148.1892
🚀 APPLYING GUIDANCE at step 42 (timestep=363)
🎯 GUIDANCE STEP 42 (t=363): Loss=0.6206, Rho=12.508530, Grad_norm=0.0799, Final_scale=125.0853
🚀 APPLYING GUIDANCE at step 43 (timestep=327)
🎯 GUIDANCE STEP 43 (t=327): Loss=0.6211, Rho=16.004721, Grad_norm=0.0625, Final_scale=160.0472
🚀 APPLYING GUIDANCE at step 44 (timestep=290)
🎯 GUIDANCE STEP 44 (t=290): Loss=0.6172, Rho=12.293928, Grad_norm=0.0813, Final_scale=122.9393
🚀 APPLYING GUIDANCE at step 45 (timestep=249)
🎯 GUIDANCE STEP 45 (t=249): Loss=0.6211, Rho=2.395705, Grad_norm=0.4174, Final_scale=23.9571
🚀 APPLYING GUIDANCE at step 46 (timestep=206)
🎯 GUIDANCE STEP 46 (t=206): Loss=0.6196, Rho=4.837503, Grad_norm=0.2067, Final_scale=48.3750
🚀 APPLYING GUIDANCE at step 47 (timestep=160)
🎯 GUIDANCE STEP 47 (t=160): Loss=0.6211, Rho=3.259154, Grad_norm=0.3068, Final_scale=32.5915
🚀 APPLYING GUIDANCE at step 48 (timestep=111)
🎯 GUIDANCE STEP 48 (t=111): Loss=0.6201, Rho=7.762533, Grad_norm=0.1288, Final_scale=77.6253
🚀 APPLYING GUIDANCE at step 49 (timestep=57)
🎯 GUIDANCE STEP 49 (t=57): Loss=0.6196, Rho=8.024970, Grad_norm=0.1246, Final_scale=80.2497
[guidance_f17_s50_w8c6_rho10.0_cfg5.0_0701_1658] Generated: generated_videos/subject_consistency/guidance_f17_s50_w8c6_rho10.0_cfg5.0_0701_1658/a_car_accelerating_to_gain_speed.mp4
[guidance_f17_s50_w8c6_rho10.0_cfg5.0_0701_1658] Generating video 7/9 (guidance): a motorcycle cruising along a coastal highway
🎬 STARTING GUIDANCE PIPELINE GENERATION
   Frames: 17, Steps: 50, CFG Scale: 5.0

🔧 GUIDANCE PIPELINE CONFIGURATION:
   Guidance range: 0 - 1001
   Rho scale: 10.0
   V-JEPA kernel_size: 8
   V-JEPA context_length: 6
   V-JEPA stride: 2
   V-JEPA mode: max
   Total timesteps: 50

🚀 APPLYING GUIDANCE at step 0 (timestep=999)
🎯 GUIDANCE STEP 0 (t=999): Loss=0.5508, Rho=38.814651, Grad_norm=0.0258, Final_scale=388.1465
🚀 APPLYING GUIDANCE at step 1 (timestep=992)
🎯 GUIDANCE STEP 1 (t=992): Loss=0.5352, Rho=34.333096, Grad_norm=0.0291, Final_scale=343.3310
🚀 APPLYING GUIDANCE at step 2 (timestep=985)
🎯 GUIDANCE STEP 2 (t=985): Loss=0.5498, Rho=24.412676, Grad_norm=0.0410, Final_scale=244.1268
🚀 APPLYING GUIDANCE at step 3 (timestep=978)
🎯 GUIDANCE STEP 3 (t=978): Loss=0.5674, Rho=20.225821, Grad_norm=0.0494, Final_scale=202.2582
🚀 APPLYING GUIDANCE at step 4 (timestep=971)
🎯 GUIDANCE STEP 4 (t=971): Loss=0.5601, Rho=10.241257, Grad_norm=0.0976, Final_scale=102.4126
🚀 APPLYING GUIDANCE at step 5 (timestep=963)
🎯 GUIDANCE STEP 5 (t=963): Loss=0.5679, Rho=16.276930, Grad_norm=0.0614, Final_scale=162.7693
🚀 APPLYING GUIDANCE at step 6 (timestep=956)
🎯 GUIDANCE STEP 6 (t=956): Loss=0.5811, Rho=14.405444, Grad_norm=0.0694, Final_scale=144.0544
🚀 APPLYING GUIDANCE at step 7 (timestep=948)
🎯 GUIDANCE STEP 7 (t=948): Loss=0.5913, Rho=6.487946, Grad_norm=0.1541, Final_scale=64.8795
🚀 APPLYING GUIDANCE at step 8 (timestep=939)
🎯 GUIDANCE STEP 8 (t=939): Loss=0.6240, Rho=5.754462, Grad_norm=0.1738, Final_scale=57.5446
🚀 APPLYING GUIDANCE at step 9 (timestep=931)
🎯 GUIDANCE STEP 9 (t=931): Loss=0.6406, Rho=9.836372, Grad_norm=0.1017, Final_scale=98.3637
🚀 APPLYING GUIDANCE at step 10 (timestep=922)
🎯 GUIDANCE STEP 10 (t=922): Loss=0.6392, Rho=9.675405, Grad_norm=0.1034, Final_scale=96.7540
🚀 APPLYING GUIDANCE at step 11 (timestep=913)
🎯 GUIDANCE STEP 11 (t=913): Loss=0.6362, Rho=1.695074, Grad_norm=0.5899, Final_scale=16.9507
🚀 APPLYING GUIDANCE at step 12 (timestep=904)
🎯 GUIDANCE STEP 12 (t=904): Loss=0.6367, Rho=5.826791, Grad_norm=0.1716, Final_scale=58.2679
🚀 APPLYING GUIDANCE at step 13 (timestep=894)
🎯 GUIDANCE STEP 13 (t=894): Loss=0.6387, Rho=0.569974, Grad_norm=1.7545, Final_scale=5.6997
🚀 APPLYING GUIDANCE at step 14 (timestep=884)
🎯 GUIDANCE STEP 14 (t=884): Loss=0.6396, Rho=5.351938, Grad_norm=0.1868, Final_scale=53.5194
🚀 APPLYING GUIDANCE at step 15 (timestep=874)
🎯 GUIDANCE STEP 15 (t=874): Loss=0.6382, Rho=9.022198, Grad_norm=0.1108, Final_scale=90.2220
🚀 APPLYING GUIDANCE at step 16 (timestep=864)
🎯 GUIDANCE STEP 16 (t=864): Loss=0.6367, Rho=5.897367, Grad_norm=0.1696, Final_scale=58.9737
🚀 APPLYING GUIDANCE at step 17 (timestep=853)
🎯 GUIDANCE STEP 17 (t=853): Loss=0.6333, Rho=7.156919, Grad_norm=0.1397, Final_scale=71.5692
🚀 APPLYING GUIDANCE at step 18 (timestep=841)
🎯 GUIDANCE STEP 18 (t=841): Loss=0.6328, Rho=8.987951, Grad_norm=0.1113, Final_scale=89.8795
🚀 APPLYING GUIDANCE at step 19 (timestep=829)
🎯 GUIDANCE STEP 19 (t=829): Loss=0.6338, Rho=10.649740, Grad_norm=0.0939, Final_scale=106.4974
🚀 APPLYING GUIDANCE at step 20 (timestep=817)
🎯 GUIDANCE STEP 20 (t=817): Loss=0.6328, Rho=4.401103, Grad_norm=0.2272, Final_scale=44.0110
🚀 APPLYING GUIDANCE at step 21 (timestep=805)
🎯 GUIDANCE STEP 21 (t=805): Loss=0.6304, Rho=10.599765, Grad_norm=0.0943, Final_scale=105.9976
🚀 APPLYING GUIDANCE at step 22 (timestep=792)
🎯 GUIDANCE STEP 22 (t=792): Loss=0.6318, Rho=6.622045, Grad_norm=0.1510, Final_scale=66.2205
🚀 APPLYING GUIDANCE at step 23 (timestep=778)
🎯 GUIDANCE STEP 23 (t=778): Loss=0.6333, Rho=8.054675, Grad_norm=0.1242, Final_scale=80.5468
🚀 APPLYING GUIDANCE at step 24 (timestep=764)
🎯 GUIDANCE STEP 24 (t=764): Loss=0.6313, Rho=10.216909, Grad_norm=0.0979, Final_scale=102.1691
🚀 APPLYING GUIDANCE at step 25 (timestep=749)
🎯 GUIDANCE STEP 25 (t=749): Loss=0.6377, Rho=19.075602, Grad_norm=0.0524, Final_scale=190.7560
🚀 APPLYING GUIDANCE at step 26 (timestep=734)
🎯 GUIDANCE STEP 26 (t=734): Loss=0.6333, Rho=16.872206, Grad_norm=0.0593, Final_scale=168.7221
🚀 APPLYING GUIDANCE at step 27 (timestep=718)
🎯 GUIDANCE STEP 27 (t=718): Loss=0.6318, Rho=7.667559, Grad_norm=0.1304, Final_scale=76.6756
🚀 APPLYING GUIDANCE at step 28 (timestep=701)
🎯 GUIDANCE STEP 28 (t=701): Loss=0.6274, Rho=4.244421, Grad_norm=0.2356, Final_scale=42.4442
🚀 APPLYING GUIDANCE at step 29 (timestep=684)
🎯 GUIDANCE STEP 29 (t=684): Loss=0.6270, Rho=12.922134, Grad_norm=0.0774, Final_scale=129.2213
🚀 APPLYING GUIDANCE at step 30 (timestep=666)
🎯 GUIDANCE STEP 30 (t=666): Loss=0.6299, Rho=7.205632, Grad_norm=0.1388, Final_scale=72.0563
🚀 APPLYING GUIDANCE at step 31 (timestep=647)
🎯 GUIDANCE STEP 31 (t=647): Loss=0.6304, Rho=15.161086, Grad_norm=0.0660, Final_scale=151.6109
🚀 APPLYING GUIDANCE at step 32 (timestep=627)
🎯 GUIDANCE STEP 32 (t=627): Loss=0.6299, Rho=6.914614, Grad_norm=0.1446, Final_scale=69.1461
🚀 APPLYING GUIDANCE at step 33 (timestep=606)
🎯 GUIDANCE STEP 33 (t=606): Loss=0.6294, Rho=14.729436, Grad_norm=0.0679, Final_scale=147.2944
🚀 APPLYING GUIDANCE at step 34 (timestep=585)
🎯 GUIDANCE STEP 34 (t=585): Loss=0.6333, Rho=6.683558, Grad_norm=0.1496, Final_scale=66.8356
🚀 APPLYING GUIDANCE at step 35 (timestep=562)
🎯 GUIDANCE STEP 35 (t=562): Loss=0.6304, Rho=18.236898, Grad_norm=0.0548, Final_scale=182.3690
🚀 APPLYING GUIDANCE at step 36 (timestep=538)
🎯 GUIDANCE STEP 36 (t=538): Loss=0.6313, Rho=4.076852, Grad_norm=0.2453, Final_scale=40.7685
🚀 APPLYING GUIDANCE at step 37 (timestep=512)
🎯 GUIDANCE STEP 37 (t=512): Loss=0.6299, Rho=12.740007, Grad_norm=0.0785, Final_scale=127.4001
🚀 APPLYING GUIDANCE at step 38 (timestep=486)
🎯 GUIDANCE STEP 38 (t=486): Loss=0.6318, Rho=8.459897, Grad_norm=0.1182, Final_scale=84.5990
🚀 APPLYING GUIDANCE at step 39 (timestep=458)
🎯 GUIDANCE STEP 39 (t=458): Loss=0.6328, Rho=6.890625, Grad_norm=0.1451, Final_scale=68.9063
🚀 APPLYING GUIDANCE at step 40 (timestep=428)
🎯 GUIDANCE STEP 40 (t=428): Loss=0.6284, Rho=8.676356, Grad_norm=0.1153, Final_scale=86.7636
🚀 APPLYING GUIDANCE at step 41 (timestep=396)
🎯 GUIDANCE STEP 41 (t=396): Loss=0.6294, Rho=15.220786, Grad_norm=0.0657, Final_scale=152.2079
🚀 APPLYING GUIDANCE at step 42 (timestep=363)
🎯 GUIDANCE STEP 42 (t=363): Loss=0.6294, Rho=3.177665, Grad_norm=0.3147, Final_scale=31.7767
🚀 APPLYING GUIDANCE at step 43 (timestep=327)
🎯 GUIDANCE STEP 43 (t=327): Loss=0.6289, Rho=5.895307, Grad_norm=0.1696, Final_scale=58.9531
🚀 APPLYING GUIDANCE at step 44 (timestep=290)
🎯 GUIDANCE STEP 44 (t=290): Loss=0.6294, Rho=12.984543, Grad_norm=0.0770, Final_scale=129.8454
🚀 APPLYING GUIDANCE at step 45 (timestep=249)
🎯 GUIDANCE STEP 45 (t=249): Loss=0.6328, Rho=20.720146, Grad_norm=0.0483, Final_scale=207.2015
🚀 APPLYING GUIDANCE at step 46 (timestep=206)
🎯 GUIDANCE STEP 46 (t=206): Loss=0.6284, Rho=16.522923, Grad_norm=0.0605, Final_scale=165.2292
🚀 APPLYING GUIDANCE at step 47 (timestep=160)
🎯 GUIDANCE STEP 47 (t=160): Loss=0.6284, Rho=23.218349, Grad_norm=0.0431, Final_scale=232.1835
🚀 APPLYING GUIDANCE at step 48 (timestep=111)
🎯 GUIDANCE STEP 48 (t=111): Loss=0.6274, Rho=28.649086, Grad_norm=0.0349, Final_scale=286.4909
🚀 APPLYING GUIDANCE at step 49 (timestep=57)
🎯 GUIDANCE STEP 49 (t=57): Loss=0.6250, Rho=15.441714, Grad_norm=0.0648, Final_scale=154.4171
[guidance_f17_s50_w8c6_rho10.0_cfg5.0_0701_1658] Generated: generated_videos/subject_consistency/guidance_f17_s50_w8c6_rho10.0_cfg5.0_0701_1658/a_person_drinking_coffee_in_a_cafe.mp4
[guidance_f17_s50_w8c6_rho10.0_cfg5.0_0701_1658] Generating video 7/9 (guidance): a person playing guitar
🎬 STARTING GUIDANCE PIPELINE GENERATION
   Frames: 17, Steps: 50, CFG Scale: 5.0

🔧 GUIDANCE PIPELINE CONFIGURATION:
   Guidance range: 0 - 1001
   Rho scale: 10.0
   V-JEPA kernel_size: 8
   V-JEPA context_length: 6
   V-JEPA stride: 2
   V-JEPA mode: max
   Total timesteps: 50

🚀 APPLYING GUIDANCE at step 0 (timestep=999)
🎯 GUIDANCE STEP 0 (t=999): Loss=0.5820, Rho=12.211214, Grad_norm=0.0819, Final_scale=122.1121
🚀 APPLYING GUIDANCE at step 1 (timestep=992)
🎯 GUIDANCE STEP 1 (t=992): Loss=0.5366, Rho=36.372738, Grad_norm=0.0275, Final_scale=363.7274
🚀 APPLYING GUIDANCE at step 2 (timestep=985)
🎯 GUIDANCE STEP 2 (t=985): Loss=0.5337, Rho=28.835018, Grad_norm=0.0347, Final_scale=288.3502
🚀 APPLYING GUIDANCE at step 3 (timestep=978)
🎯 GUIDANCE STEP 3 (t=978): Loss=0.5405, Rho=18.016994, Grad_norm=0.0555, Final_scale=180.1699
🚀 APPLYING GUIDANCE at step 4 (timestep=971)
🎯 GUIDANCE STEP 4 (t=971): Loss=0.5513, Rho=19.209059, Grad_norm=0.0521, Final_scale=192.0906
🚀 APPLYING GUIDANCE at step 5 (timestep=963)
🎯 GUIDANCE STEP 5 (t=963): Loss=0.5664, Rho=18.207195, Grad_norm=0.0549, Final_scale=182.0720
🚀 APPLYING GUIDANCE at step 6 (timestep=956)
🎯 GUIDANCE STEP 6 (t=956): Loss=0.5757, Rho=11.956050, Grad_norm=0.0836, Final_scale=119.5605
🚀 APPLYING GUIDANCE at step 7 (timestep=948)
🎯 GUIDANCE STEP 7 (t=948): Loss=0.5776, Rho=18.762423, Grad_norm=0.0533, Final_scale=187.6242
🚀 APPLYING GUIDANCE at step 8 (timestep=939)
🎯 GUIDANCE STEP 8 (t=939): Loss=0.5776, Rho=14.256775, Grad_norm=0.0701, Final_scale=142.5677
🚀 APPLYING GUIDANCE at step 9 (timestep=931)
🎯 GUIDANCE STEP 9 (t=931): Loss=0.5850, Rho=14.892843, Grad_norm=0.0671, Final_scale=148.9284
🚀 APPLYING GUIDANCE at step 10 (timestep=922)
🎯 GUIDANCE STEP 10 (t=922): Loss=0.5918, Rho=13.179446, Grad_norm=0.0759, Final_scale=131.7945
🚀 APPLYING GUIDANCE at step 11 (timestep=913)
🎯 GUIDANCE STEP 11 (t=913): Loss=0.5977, Rho=13.079746, Grad_norm=0.0765, Final_scale=130.7975
🚀 APPLYING GUIDANCE at step 12 (timestep=904)
🎯 GUIDANCE STEP 12 (t=904): Loss=0.5952, Rho=11.205782, Grad_norm=0.0892, Final_scale=112.0578
🚀 APPLYING GUIDANCE at step 13 (timestep=894)
🎯 GUIDANCE STEP 13 (t=894): Loss=0.5977, Rho=8.711852, Grad_norm=0.1148, Final_scale=87.1185
🚀 APPLYING GUIDANCE at step 14 (timestep=884)
🎯 GUIDANCE STEP 14 (t=884): Loss=0.6011, Rho=11.001233, Grad_norm=0.0909, Final_scale=110.0123
🚀 APPLYING GUIDANCE at step 15 (timestep=874)
🎯 GUIDANCE STEP 15 (t=874): Loss=0.6030, Rho=8.216176, Grad_norm=0.1217, Final_scale=82.1618
🚀 APPLYING GUIDANCE at step 16 (timestep=864)
🎯 GUIDANCE STEP 16 (t=864): Loss=0.6079, Rho=6.987992, Grad_norm=0.1431, Final_scale=69.8799
🚀 APPLYING GUIDANCE at step 17 (timestep=853)
🎯 GUIDANCE STEP 17 (t=853): Loss=0.6133, Rho=10.339557, Grad_norm=0.0967, Final_scale=103.3956
🚀 APPLYING GUIDANCE at step 18 (timestep=841)
🎯 GUIDANCE STEP 18 (t=841): Loss=0.6147, Rho=10.969595, Grad_norm=0.0912, Final_scale=109.6959
🚀 APPLYING GUIDANCE at step 19 (timestep=829)
🎯 GUIDANCE STEP 19 (t=829): Loss=0.6182, Rho=7.165294, Grad_norm=0.1396, Final_scale=71.6529
🚀 APPLYING GUIDANCE at step 20 (timestep=817)
🎯 GUIDANCE STEP 20 (t=817): Loss=0.6147, Rho=11.454448, Grad_norm=0.0873, Final_scale=114.5445
🚀 APPLYING GUIDANCE at step 21 (timestep=805)
🎯 GUIDANCE STEP 21 (t=805): Loss=0.6162, Rho=7.883134, Grad_norm=0.1269, Final_scale=78.8313
🚀 APPLYING GUIDANCE at step 22 (timestep=792)
🎯 GUIDANCE STEP 22 (t=792): Loss=0.6191, Rho=8.657567, Grad_norm=0.1155, Final_scale=86.5757
🚀 APPLYING GUIDANCE at step 23 (timestep=778)
🎯 GUIDANCE STEP 23 (t=778): Loss=0.6235, Rho=8.689398, Grad_norm=0.1151, Final_scale=86.8940
🚀 APPLYING GUIDANCE at step 24 (timestep=764)
🎯 GUIDANCE STEP 24 (t=764): Loss=0.6128, Rho=8.359097, Grad_norm=0.1196, Final_scale=83.5910
🚀 APPLYING GUIDANCE at step 25 (timestep=749)
🎯 GUIDANCE STEP 25 (t=749): Loss=0.6162, Rho=12.463999, Grad_norm=0.0802, Final_scale=124.6400
🚀 APPLYING GUIDANCE at step 26 (timestep=734)
🎯 GUIDANCE STEP 26 (t=734): Loss=0.6172, Rho=7.212361, Grad_norm=0.1387, Final_scale=72.1236
🚀 APPLYING GUIDANCE at step 27 (timestep=718)
🎯 GUIDANCE STEP 27 (t=718): Loss=0.6138, Rho=7.224050, Grad_norm=0.1384, Final_scale=72.2405
🚀 APPLYING GUIDANCE at step 28 (timestep=701)
🎯 GUIDANCE STEP 28 (t=701): Loss=0.6138, Rho=3.628550, Grad_norm=0.2756, Final_scale=36.2855
🚀 APPLYING GUIDANCE at step 29 (timestep=684)
🎯 GUIDANCE STEP 29 (t=684): Loss=0.6206, Rho=9.582390, Grad_norm=0.1044, Final_scale=95.8239
🚀 APPLYING GUIDANCE at step 30 (timestep=666)
🎯 GUIDANCE STEP 30 (t=666): Loss=0.6167, Rho=4.500266, Grad_norm=0.2222, Final_scale=45.0027
🚀 APPLYING GUIDANCE at step 31 (timestep=647)
🎯 GUIDANCE STEP 31 (t=647): Loss=0.6172, Rho=10.706480, Grad_norm=0.0934, Final_scale=107.0648
🚀 APPLYING GUIDANCE at step 32 (timestep=627)
🎯 GUIDANCE STEP 32 (t=627): Loss=0.6113, Rho=5.829815, Grad_norm=0.1715, Final_scale=58.2981
🚀 APPLYING GUIDANCE at step 33 (timestep=606)
🎯 GUIDANCE STEP 33 (t=606): Loss=0.6177, Rho=6.748071, Grad_norm=0.1482, Final_scale=67.4807
🚀 APPLYING GUIDANCE at step 34 (timestep=585)
🎯 GUIDANCE STEP 34 (t=585): Loss=0.6177, Rho=8.625452, Grad_norm=0.1159, Final_scale=86.2545
🚀 APPLYING GUIDANCE at step 35 (timestep=562)
🎯 GUIDANCE STEP 35 (t=562): Loss=0.6128, Rho=7.897033, Grad_norm=0.1266, Final_scale=78.9703
🚀 APPLYING GUIDANCE at step 36 (timestep=538)
🎯 GUIDANCE STEP 36 (t=538): Loss=0.6138, Rho=7.095848, Grad_norm=0.1409, Final_scale=70.9585
🚀 APPLYING GUIDANCE at step 37 (timestep=512)
🎯 GUIDANCE STEP 37 (t=512): Loss=0.6099, Rho=10.439620, Grad_norm=0.0958, Final_scale=104.3962
🚀 APPLYING GUIDANCE at step 38 (timestep=486)
🎯 GUIDANCE STEP 38 (t=486): Loss=0.6108, Rho=12.703990, Grad_norm=0.0787, Final_scale=127.0399
🚀 APPLYING GUIDANCE at step 39 (timestep=458)
🎯 GUIDANCE STEP 39 (t=458): Loss=0.6035, Rho=11.429156, Grad_norm=0.0875, Final_scale=114.2916
🚀 APPLYING GUIDANCE at step 40 (timestep=428)
🎯 GUIDANCE STEP 40 (t=428): Loss=0.5942, Rho=6.887218, Grad_norm=0.1452, Final_scale=68.8722
🚀 APPLYING GUIDANCE at step 41 (timestep=396)
🎯 GUIDANCE STEP 41 (t=396): Loss=0.5928, Rho=10.191751, Grad_norm=0.0981, Final_scale=101.9175
🚀 APPLYING GUIDANCE at step 42 (timestep=363)
🎯 GUIDANCE STEP 42 (t=363): Loss=0.5938, Rho=11.560266, Grad_norm=0.0865, Final_scale=115.6027
🚀 APPLYING GUIDANCE at step 43 (timestep=327)
🎯 GUIDANCE STEP 43 (t=327): Loss=0.5918, Rho=20.637976, Grad_norm=0.0485, Final_scale=206.3798
🚀 APPLYING GUIDANCE at step 44 (timestep=290)
🎯 GUIDANCE STEP 44 (t=290): Loss=0.5933, Rho=15.210235, Grad_norm=0.0657, Final_scale=152.1023
🚀 APPLYING GUIDANCE at step 45 (timestep=249)
🎯 GUIDANCE STEP 45 (t=249): Loss=0.5923, Rho=20.046371, Grad_norm=0.0499, Final_scale=200.4637
🚀 APPLYING GUIDANCE at step 46 (timestep=206)
🎯 GUIDANCE STEP 46 (t=206): Loss=0.5898, Rho=21.886763, Grad_norm=0.0457, Final_scale=218.8676
🚀 APPLYING GUIDANCE at step 47 (timestep=160)
🎯 GUIDANCE STEP 47 (t=160): Loss=0.5864, Rho=17.103518, Grad_norm=0.0585, Final_scale=171.0352
🚀 APPLYING GUIDANCE at step 48 (timestep=111)
🎯 GUIDANCE STEP 48 (t=111): Loss=0.5898, Rho=15.292761, Grad_norm=0.0654, Final_scale=152.9276
🚀 APPLYING GUIDANCE at step 49 (timestep=57)
🎯 GUIDANCE STEP 49 (t=57): Loss=0.5879, Rho=18.522123, Grad_norm=0.0540, Final_scale=185.2212
[guidance_f17_s50_w8c6_rho10.0_cfg5.0_0701_1658] Generated: generated_videos/subject_consistency/guidance_f17_s50_w8c6_rho10.0_cfg5.0_0701_1658/a_truck_stuck_in_traffic_during_rush_hour.mp4
[guidance_f17_s50_w8c6_rho10.0_cfg5.0_0701_1658] Generating video 7/9 (guidance): a truck slowing down to stop
🎬 STARTING GUIDANCE PIPELINE GENERATION
   Frames: 17, Steps: 50, CFG Scale: 5.0

🔧 GUIDANCE PIPELINE CONFIGURATION:
   Guidance range: 0 - 1001
   Rho scale: 10.0
   V-JEPA kernel_size: 8
   V-JEPA context_length: 6
   V-JEPA stride: 2
   V-JEPA mode: max
   Total timesteps: 50

🚀 APPLYING GUIDANCE at step 0 (timestep=999)
🎯 GUIDANCE STEP 0 (t=999): Loss=0.5698, Rho=7.001647, Grad_norm=0.1428, Final_scale=70.0165
🚀 APPLYING GUIDANCE at step 1 (timestep=992)
🎯 GUIDANCE STEP 1 (t=992): Loss=0.5537, Rho=45.552547, Grad_norm=0.0220, Final_scale=455.5255
🚀 APPLYING GUIDANCE at step 2 (timestep=985)
🎯 GUIDANCE STEP 2 (t=985): Loss=0.5454, Rho=22.946093, Grad_norm=0.0436, Final_scale=229.4609
🚀 APPLYING GUIDANCE at step 3 (timestep=978)
🎯 GUIDANCE STEP 3 (t=978): Loss=0.5693, Rho=8.260569, Grad_norm=0.1211, Final_scale=82.6057
🚀 APPLYING GUIDANCE at step 4 (timestep=971)
🎯 GUIDANCE STEP 4 (t=971): Loss=0.5747, Rho=22.748569, Grad_norm=0.0440, Final_scale=227.4857
🚀 APPLYING GUIDANCE at step 5 (timestep=963)
🎯 GUIDANCE STEP 5 (t=963): Loss=0.5879, Rho=6.628198, Grad_norm=0.1509, Final_scale=66.2820
🚀 APPLYING GUIDANCE at step 6 (timestep=956)
🎯 GUIDANCE STEP 6 (t=956): Loss=0.6021, Rho=13.216912, Grad_norm=0.0757, Final_scale=132.1691
🚀 APPLYING GUIDANCE at step 7 (timestep=948)
🎯 GUIDANCE STEP 7 (t=948): Loss=0.6006, Rho=11.835982, Grad_norm=0.0845, Final_scale=118.3598
🚀 APPLYING GUIDANCE at step 8 (timestep=939)
🎯 GUIDANCE STEP 8 (t=939): Loss=0.6040, Rho=12.965579, Grad_norm=0.0771, Final_scale=129.6558
🚀 APPLYING GUIDANCE at step 9 (timestep=931)
🎯 GUIDANCE STEP 9 (t=931): Loss=0.6147, Rho=14.674412, Grad_norm=0.0681, Final_scale=146.7441
🚀 APPLYING GUIDANCE at step 10 (timestep=922)
🎯 GUIDANCE STEP 10 (t=922): Loss=0.6147, Rho=14.358768, Grad_norm=0.0696, Final_scale=143.5877
🚀 APPLYING GUIDANCE at step 11 (timestep=913)
🎯 GUIDANCE STEP 11 (t=913): Loss=0.6138, Rho=5.151371, Grad_norm=0.1941, Final_scale=51.5137
🚀 APPLYING GUIDANCE at step 12 (timestep=904)
🎯 GUIDANCE STEP 12 (t=904): Loss=0.6211, Rho=10.244751, Grad_norm=0.0976, Final_scale=102.4475
🚀 APPLYING GUIDANCE at step 13 (timestep=894)
🎯 GUIDANCE STEP 13 (t=894): Loss=0.6240, Rho=9.278743, Grad_norm=0.1078, Final_scale=92.7874
🚀 APPLYING GUIDANCE at step 14 (timestep=884)
🎯 GUIDANCE STEP 14 (t=884): Loss=0.6206, Rho=6.047577, Grad_norm=0.1654, Final_scale=60.4758
🚀 APPLYING GUIDANCE at step 15 (timestep=874)
🎯 GUIDANCE STEP 15 (t=874): Loss=0.6187, Rho=9.925218, Grad_norm=0.1008, Final_scale=99.2522
🚀 APPLYING GUIDANCE at step 16 (timestep=864)
🎯 GUIDANCE STEP 16 (t=864): Loss=0.6201, Rho=10.820404, Grad_norm=0.0924, Final_scale=108.2040
🚀 APPLYING GUIDANCE at step 17 (timestep=853)
🎯 GUIDANCE STEP 17 (t=853): Loss=0.6138, Rho=9.693630, Grad_norm=0.1032, Final_scale=96.9363
🚀 APPLYING GUIDANCE at step 18 (timestep=841)
🎯 GUIDANCE STEP 18 (t=841): Loss=0.6099, Rho=9.837487, Grad_norm=0.1017, Final_scale=98.3749
🚀 APPLYING GUIDANCE at step 19 (timestep=829)
🎯 GUIDANCE STEP 19 (t=829): Loss=0.6138, Rho=7.059291, Grad_norm=0.1417, Final_scale=70.5929
🚀 APPLYING GUIDANCE at step 20 (timestep=817)
🎯 GUIDANCE STEP 20 (t=817): Loss=0.6201, Rho=8.856825, Grad_norm=0.1129, Final_scale=88.5682
🚀 APPLYING GUIDANCE at step 21 (timestep=805)
🎯 GUIDANCE STEP 21 (t=805): Loss=0.6206, Rho=5.604228, Grad_norm=0.1784, Final_scale=56.0423
🚀 APPLYING GUIDANCE at step 22 (timestep=792)
🎯 GUIDANCE STEP 22 (t=792): Loss=0.6128, Rho=11.594530, Grad_norm=0.0862, Final_scale=115.9453
🚀 APPLYING GUIDANCE at step 23 (timestep=778)
🎯 GUIDANCE STEP 23 (t=778): Loss=0.6162, Rho=13.017851, Grad_norm=0.0768, Final_scale=130.1785
🚀 APPLYING GUIDANCE at step 24 (timestep=764)
🎯 GUIDANCE STEP 24 (t=764): Loss=0.6108, Rho=13.442056, Grad_norm=0.0744, Final_scale=134.4206
🚀 APPLYING GUIDANCE at step 25 (timestep=749)
🎯 GUIDANCE STEP 25 (t=749): Loss=0.6099, Rho=12.734338, Grad_norm=0.0785, Final_scale=127.3434
🚀 APPLYING GUIDANCE at step 26 (timestep=734)
🎯 GUIDANCE STEP 26 (t=734): Loss=0.6060, Rho=9.355934, Grad_norm=0.1069, Final_scale=93.5593
🚀 APPLYING GUIDANCE at step 27 (timestep=718)
🎯 GUIDANCE STEP 27 (t=718): Loss=0.6094, Rho=2.106135, Grad_norm=0.4748, Final_scale=21.0614
🚀 APPLYING GUIDANCE at step 28 (timestep=701)
🎯 GUIDANCE STEP 28 (t=701): Loss=0.6108, Rho=13.985688, Grad_norm=0.0715, Final_scale=139.8569
🚀 APPLYING GUIDANCE at step 29 (timestep=684)
🎯 GUIDANCE STEP 29 (t=684): Loss=0.6060, Rho=14.570459, Grad_norm=0.0686, Final_scale=145.7046
🚀 APPLYING GUIDANCE at step 30 (timestep=666)
🎯 GUIDANCE STEP 30 (t=666): Loss=0.6045, Rho=10.940064, Grad_norm=0.0914, Final_scale=109.4006
🚀 APPLYING GUIDANCE at step 31 (timestep=647)
🎯 GUIDANCE STEP 31 (t=647): Loss=0.6025, Rho=18.680241, Grad_norm=0.0535, Final_scale=186.8024
🚀 APPLYING GUIDANCE at step 32 (timestep=627)
🎯 GUIDANCE STEP 32 (t=627): Loss=0.6069, Rho=21.962107, Grad_norm=0.0455, Final_scale=219.6211
🚀 APPLYING GUIDANCE at step 33 (timestep=606)
🎯 GUIDANCE STEP 33 (t=606): Loss=0.6050, Rho=18.777472, Grad_norm=0.0533, Final_scale=187.7747
🚀 APPLYING GUIDANCE at step 34 (timestep=585)
🎯 GUIDANCE STEP 34 (t=585): Loss=0.6050, Rho=8.488964, Grad_norm=0.1178, Final_scale=84.8896
🚀 APPLYING GUIDANCE at step 35 (timestep=562)
🎯 GUIDANCE STEP 35 (t=562): Loss=0.6089, Rho=12.196908, Grad_norm=0.0820, Final_scale=121.9691
🚀 APPLYING GUIDANCE at step 36 (timestep=538)
🎯 GUIDANCE STEP 36 (t=538): Loss=0.6079, Rho=17.644999, Grad_norm=0.0567, Final_scale=176.4500
🚀 APPLYING GUIDANCE at step 37 (timestep=512)
🎯 GUIDANCE STEP 37 (t=512): Loss=0.6050, Rho=10.227019, Grad_norm=0.0978, Final_scale=102.2702
🚀 APPLYING GUIDANCE at step 38 (timestep=486)
🎯 GUIDANCE STEP 38 (t=486): Loss=0.6074, Rho=17.958899, Grad_norm=0.0557, Final_scale=179.5890
🚀 APPLYING GUIDANCE at step 39 (timestep=458)
🎯 GUIDANCE STEP 39 (t=458): Loss=0.6050, Rho=9.593903, Grad_norm=0.1042, Final_scale=95.9390
🚀 APPLYING GUIDANCE at step 40 (timestep=428)
🎯 GUIDANCE STEP 40 (t=428): Loss=0.6079, Rho=13.356565, Grad_norm=0.0749, Final_scale=133.5656
🚀 APPLYING GUIDANCE at step 41 (timestep=396)
🎯 GUIDANCE STEP 41 (t=396): Loss=0.6094, Rho=28.230362, Grad_norm=0.0354, Final_scale=282.3036
🚀 APPLYING GUIDANCE at step 42 (timestep=363)
🎯 GUIDANCE STEP 42 (t=363): Loss=0.6069, Rho=7.856320, Grad_norm=0.1273, Final_scale=78.5632
🚀 APPLYING GUIDANCE at step 43 (timestep=327)
🎯 GUIDANCE STEP 43 (t=327): Loss=0.6079, Rho=29.854136, Grad_norm=0.0335, Final_scale=298.5414
🚀 APPLYING GUIDANCE at step 44 (timestep=290)
🎯 GUIDANCE STEP 44 (t=290): Loss=0.6025, Rho=22.126249, Grad_norm=0.0452, Final_scale=221.2625
🚀 APPLYING GUIDANCE at step 45 (timestep=249)
🎯 GUIDANCE STEP 45 (t=249): Loss=0.6025, Rho=28.985661, Grad_norm=0.0345, Final_scale=289.8566
🚀 APPLYING GUIDANCE at step 46 (timestep=206)
🎯 GUIDANCE STEP 46 (t=206): Loss=0.6055, Rho=37.143490, Grad_norm=0.0269, Final_scale=371.4349
🚀 APPLYING GUIDANCE at step 47 (timestep=160)
🎯 GUIDANCE STEP 47 (t=160): Loss=0.5996, Rho=20.153992, Grad_norm=0.0496, Final_scale=201.5399
🚀 APPLYING GUIDANCE at step 48 (timestep=111)
🎯 GUIDANCE STEP 48 (t=111): Loss=0.5991, Rho=10.257698, Grad_norm=0.0975, Final_scale=102.5770
🚀 APPLYING GUIDANCE at step 49 (timestep=57)
🎯 GUIDANCE STEP 49 (t=57): Loss=0.6011, Rho=20.339643, Grad_norm=0.0492, Final_scale=203.3964
[guidance_f17_s50_w8c6_rho10.0_cfg5.0_0701_1658] Generated: generated_videos/subject_consistency/guidance_f17_s50_w8c6_rho10.0_cfg5.0_0701_1658/an_airplane_landing_smoothly_on_a_runway.mp4
[guidance_f17_s50_w8c6_rho10.0_cfg5.0_0701_1658] Generating video 6/9 (guidance): an airplane accelerating to gain speed
🎬 STARTING GUIDANCE PIPELINE GENERATION
   Frames: 17, Steps: 50, CFG Scale: 5.0

🔧 GUIDANCE PIPELINE CONFIGURATION:
   Guidance range: 0 - 1001
   Rho scale: 10.0
   V-JEPA kernel_size: 8
   V-JEPA context_length: 6
   V-JEPA stride: 2
   V-JEPA mode: max
   Total timesteps: 50

🚀 APPLYING GUIDANCE at step 0 (timestep=999)
🎯 GUIDANCE STEP 0 (t=999): Loss=0.5742, Rho=6.508173, Grad_norm=0.1537, Final_scale=65.0817
🚀 APPLYING GUIDANCE at step 1 (timestep=992)
🎯 GUIDANCE STEP 1 (t=992): Loss=0.6069, Rho=5.115088, Grad_norm=0.1955, Final_scale=51.1509
🚀 APPLYING GUIDANCE at step 2 (timestep=985)
🎯 GUIDANCE STEP 2 (t=985): Loss=0.6055, Rho=16.230886, Grad_norm=0.0616, Final_scale=162.3089
🚀 APPLYING GUIDANCE at step 3 (timestep=978)
🎯 GUIDANCE STEP 3 (t=978): Loss=0.6128, Rho=4.917870, Grad_norm=0.2033, Final_scale=49.1787
🚀 APPLYING GUIDANCE at step 4 (timestep=971)
🎯 GUIDANCE STEP 4 (t=971): Loss=0.6382, Rho=6.537228, Grad_norm=0.1530, Final_scale=65.3723
🚀 APPLYING GUIDANCE at step 5 (timestep=963)
🎯 GUIDANCE STEP 5 (t=963): Loss=0.6187, Rho=2.002999, Grad_norm=0.4993, Final_scale=20.0300
🚀 APPLYING GUIDANCE at step 6 (timestep=956)
🎯 GUIDANCE STEP 6 (t=956): Loss=0.6553, Rho=4.389926, Grad_norm=0.2278, Final_scale=43.8993
🚀 APPLYING GUIDANCE at step 7 (timestep=948)
🎯 GUIDANCE STEP 7 (t=948): Loss=0.6445, Rho=2.323756, Grad_norm=0.4303, Final_scale=23.2376
🚀 APPLYING GUIDANCE at step 8 (timestep=939)
🎯 GUIDANCE STEP 8 (t=939): Loss=0.6426, Rho=4.197742, Grad_norm=0.2382, Final_scale=41.9774
🚀 APPLYING GUIDANCE at step 9 (timestep=931)
🎯 GUIDANCE STEP 9 (t=931): Loss=0.6362, Rho=4.001574, Grad_norm=0.2499, Final_scale=40.0157
🚀 APPLYING GUIDANCE at step 10 (timestep=922)
🎯 GUIDANCE STEP 10 (t=922): Loss=0.6401, Rho=4.589722, Grad_norm=0.2179, Final_scale=45.8972
🚀 APPLYING GUIDANCE at step 11 (timestep=913)
🎯 GUIDANCE STEP 11 (t=913): Loss=0.6484, Rho=2.655081, Grad_norm=0.3766, Final_scale=26.5508
🚀 APPLYING GUIDANCE at step 12 (timestep=904)
🎯 GUIDANCE STEP 12 (t=904): Loss=0.6392, Rho=9.523155, Grad_norm=0.1050, Final_scale=95.2316
🚀 APPLYING GUIDANCE at step 13 (timestep=894)
🎯 GUIDANCE STEP 13 (t=894): Loss=0.6431, Rho=9.999763, Grad_norm=0.1000, Final_scale=99.9976
🚀 APPLYING GUIDANCE at step 14 (timestep=884)
🎯 GUIDANCE STEP 14 (t=884): Loss=0.6431, Rho=4.369979, Grad_norm=0.2288, Final_scale=43.6998
🚀 APPLYING GUIDANCE at step 15 (timestep=874)
🎯 GUIDANCE STEP 15 (t=874): Loss=0.6416, Rho=3.890030, Grad_norm=0.2571, Final_scale=38.9003
🚀 APPLYING GUIDANCE at step 16 (timestep=864)
🎯 GUIDANCE STEP 16 (t=864): Loss=0.6431, Rho=3.691432, Grad_norm=0.2709, Final_scale=36.9143
🚀 APPLYING GUIDANCE at step 17 (timestep=853)
🎯 GUIDANCE STEP 17 (t=853): Loss=0.6431, Rho=5.055313, Grad_norm=0.1978, Final_scale=50.5531
🚀 APPLYING GUIDANCE at step 18 (timestep=841)
🎯 GUIDANCE STEP 18 (t=841): Loss=0.6406, Rho=9.587203, Grad_norm=0.1043, Final_scale=95.8720
🚀 APPLYING GUIDANCE at step 19 (timestep=829)
🎯 GUIDANCE STEP 19 (t=829): Loss=0.6416, Rho=6.640637, Grad_norm=0.1506, Final_scale=66.4064
🚀 APPLYING GUIDANCE at step 20 (timestep=817)
🎯 GUIDANCE STEP 20 (t=817): Loss=0.6406, Rho=6.773019, Grad_norm=0.1476, Final_scale=67.7302
🚀 APPLYING GUIDANCE at step 21 (timestep=805)
🎯 GUIDANCE STEP 21 (t=805): Loss=0.6416, Rho=7.030204, Grad_norm=0.1422, Final_scale=70.3020
🚀 APPLYING GUIDANCE at step 22 (timestep=792)
🎯 GUIDANCE STEP 22 (t=792): Loss=0.6406, Rho=3.063242, Grad_norm=0.3265, Final_scale=30.6324
🚀 APPLYING GUIDANCE at step 23 (timestep=778)
🎯 GUIDANCE STEP 23 (t=778): Loss=0.6440, Rho=2.451130, Grad_norm=0.4080, Final_scale=24.5113
🚀 APPLYING GUIDANCE at step 24 (timestep=764)
🎯 GUIDANCE STEP 24 (t=764): Loss=0.6445, Rho=5.518068, Grad_norm=0.1812, Final_scale=55.1807
🚀 APPLYING GUIDANCE at step 25 (timestep=749)
🎯 GUIDANCE STEP 25 (t=749): Loss=0.6440, Rho=9.119868, Grad_norm=0.1097, Final_scale=91.1987
🚀 APPLYING GUIDANCE at step 26 (timestep=734)
🎯 GUIDANCE STEP 26 (t=734): Loss=0.6499, Rho=7.115378, Grad_norm=0.1405, Final_scale=71.1538
🚀 APPLYING GUIDANCE at step 27 (timestep=718)
🎯 GUIDANCE STEP 27 (t=718): Loss=0.6455, Rho=3.522102, Grad_norm=0.2839, Final_scale=35.2210
🚀 APPLYING GUIDANCE at step 28 (timestep=701)
🎯 GUIDANCE STEP 28 (t=701): Loss=0.6455, Rho=9.652334, Grad_norm=0.1036, Final_scale=96.5233
🚀 APPLYING GUIDANCE at step 29 (timestep=684)
🎯 GUIDANCE STEP 29 (t=684): Loss=0.6484, Rho=9.048227, Grad_norm=0.1105, Final_scale=90.4823
🚀 APPLYING GUIDANCE at step 30 (timestep=666)
🎯 GUIDANCE STEP 30 (t=666): Loss=0.6445, Rho=14.322043, Grad_norm=0.0698, Final_scale=143.2204
🚀 APPLYING GUIDANCE at step 31 (timestep=647)
🎯 GUIDANCE STEP 31 (t=647): Loss=0.6445, Rho=8.302197, Grad_norm=0.1205, Final_scale=83.0220
🚀 APPLYING GUIDANCE at step 32 (timestep=627)
🎯 GUIDANCE STEP 32 (t=627): Loss=0.6475, Rho=12.933632, Grad_norm=0.0773, Final_scale=129.3363
🚀 APPLYING GUIDANCE at step 33 (timestep=606)
🎯 GUIDANCE STEP 33 (t=606): Loss=0.6465, Rho=8.624164, Grad_norm=0.1160, Final_scale=86.2416
🚀 APPLYING GUIDANCE at step 34 (timestep=585)
🎯 GUIDANCE STEP 34 (t=585): Loss=0.6431, Rho=11.390668, Grad_norm=0.0878, Final_scale=113.9067
🚀 APPLYING GUIDANCE at step 35 (timestep=562)
🎯 GUIDANCE STEP 35 (t=562): Loss=0.6440, Rho=6.361916, Grad_norm=0.1572, Final_scale=63.6192
🚀 APPLYING GUIDANCE at step 36 (timestep=538)
🎯 GUIDANCE STEP 36 (t=538): Loss=0.6465, Rho=19.529940, Grad_norm=0.0512, Final_scale=195.2994
🚀 APPLYING GUIDANCE at step 37 (timestep=512)
🎯 GUIDANCE STEP 37 (t=512): Loss=0.6470, Rho=6.967000, Grad_norm=0.1435, Final_scale=69.6700
🚀 APPLYING GUIDANCE at step 38 (timestep=486)
🎯 GUIDANCE STEP 38 (t=486): Loss=0.6470, Rho=27.266136, Grad_norm=0.0367, Final_scale=272.6614
🚀 APPLYING GUIDANCE at step 39 (timestep=458)
🎯 GUIDANCE STEP 39 (t=458): Loss=0.6450, Rho=14.259630, Grad_norm=0.0701, Final_scale=142.5963
🚀 APPLYING GUIDANCE at step 40 (timestep=428)
🎯 GUIDANCE STEP 40 (t=428): Loss=0.6455, Rho=21.156502, Grad_norm=0.0473, Final_scale=211.5650
🚀 APPLYING GUIDANCE at step 41 (timestep=396)
🎯 GUIDANCE STEP 41 (t=396): Loss=0.6445, Rho=14.516880, Grad_norm=0.0689, Final_scale=145.1688
🚀 APPLYING GUIDANCE at step 42 (timestep=363)
🎯 GUIDANCE STEP 42 (t=363): Loss=0.6431, Rho=20.519922, Grad_norm=0.0487, Final_scale=205.1992
🚀 APPLYING GUIDANCE at step 43 (timestep=327)
🎯 GUIDANCE STEP 43 (t=327): Loss=0.6440, Rho=36.616489, Grad_norm=0.0273, Final_scale=366.1649
🚀 APPLYING GUIDANCE at step 44 (timestep=290)
🎯 GUIDANCE STEP 44 (t=290): Loss=0.6426, Rho=9.939148, Grad_norm=0.1006, Final_scale=99.3915
🚀 APPLYING GUIDANCE at step 45 (timestep=249)
🎯 GUIDANCE STEP 45 (t=249): Loss=0.6450, Rho=35.507496, Grad_norm=0.0282, Final_scale=355.0750
🚀 APPLYING GUIDANCE at step 46 (timestep=206)
🎯 GUIDANCE STEP 46 (t=206): Loss=0.6421, Rho=20.424738, Grad_norm=0.0490, Final_scale=204.2474
🚀 APPLYING GUIDANCE at step 47 (timestep=160)
🎯 GUIDANCE STEP 47 (t=160): Loss=0.6426, Rho=11.155245, Grad_norm=0.0896, Final_scale=111.5524
🚀 APPLYING GUIDANCE at step 48 (timestep=111)
🎯 GUIDANCE STEP 48 (t=111): Loss=0.6411, Rho=46.921165, Grad_norm=0.0213, Final_scale=469.2117
🚀 APPLYING GUIDANCE at step 49 (timestep=57)
🎯 GUIDANCE STEP 49 (t=57): Loss=0.6387, Rho=12.883943, Grad_norm=0.0776, Final_scale=128.8394
[guidance_f17_s50_w8c6_rho10.0_cfg5.0_0701_1658] Generated: generated_videos/subject_consistency/guidance_f17_s50_w8c6_rho10.0_cfg5.0_0701_1658/a_zebra_running_to_join_a_herd_of_its_kind.mp4
[guidance_f17_s50_w8c6_rho10.0_cfg5.0_0701_1658] Generating video 6/9 (guidance): a zebra taking a peaceful walk
🎬 STARTING GUIDANCE PIPELINE GENERATION
   Frames: 17, Steps: 50, CFG Scale: 5.0

🔧 GUIDANCE PIPELINE CONFIGURATION:
   Guidance range: 0 - 1001
   Rho scale: 10.0
   V-JEPA kernel_size: 8
   V-JEPA context_length: 6
   V-JEPA stride: 2
   V-JEPA mode: max
   Total timesteps: 50

🚀 APPLYING GUIDANCE at step 0 (timestep=999)
🎯 GUIDANCE STEP 0 (t=999): Loss=0.5801, Rho=15.946610, Grad_norm=0.0627, Final_scale=159.4661
🚀 APPLYING GUIDANCE at step 1 (timestep=992)
🎯 GUIDANCE STEP 1 (t=992): Loss=0.5503, Rho=41.907532, Grad_norm=0.0239, Final_scale=419.0753
🚀 APPLYING GUIDANCE at step 2 (timestep=985)
🎯 GUIDANCE STEP 2 (t=985): Loss=0.5542, Rho=13.593843, Grad_norm=0.0736, Final_scale=135.9384
🚀 APPLYING GUIDANCE at step 3 (timestep=978)
🎯 GUIDANCE STEP 3 (t=978): Loss=0.5596, Rho=16.668180, Grad_norm=0.0600, Final_scale=166.6818
🚀 APPLYING GUIDANCE at step 4 (timestep=971)
🎯 GUIDANCE STEP 4 (t=971): Loss=0.5933, Rho=11.726100, Grad_norm=0.0853, Final_scale=117.2610
🚀 APPLYING GUIDANCE at step 5 (timestep=963)
🎯 GUIDANCE STEP 5 (t=963): Loss=0.5854, Rho=8.863935, Grad_norm=0.1128, Final_scale=88.6393
🚀 APPLYING GUIDANCE at step 6 (timestep=956)
🎯 GUIDANCE STEP 6 (t=956): Loss=0.6021, Rho=12.411542, Grad_norm=0.0806, Final_scale=124.1154
🚀 APPLYING GUIDANCE at step 7 (timestep=948)
🎯 GUIDANCE STEP 7 (t=948): Loss=0.6016, Rho=6.611532, Grad_norm=0.1513, Final_scale=66.1153
🚀 APPLYING GUIDANCE at step 8 (timestep=939)
🎯 GUIDANCE STEP 8 (t=939): Loss=0.6055, Rho=5.919481, Grad_norm=0.1689, Final_scale=59.1948
🚀 APPLYING GUIDANCE at step 9 (timestep=931)
🎯 GUIDANCE STEP 9 (t=931): Loss=0.6035, Rho=3.273318, Grad_norm=0.3055, Final_scale=32.7332
🚀 APPLYING GUIDANCE at step 10 (timestep=922)
🎯 GUIDANCE STEP 10 (t=922): Loss=0.6099, Rho=4.832809, Grad_norm=0.2069, Final_scale=48.3281
🚀 APPLYING GUIDANCE at step 11 (timestep=913)
🎯 GUIDANCE STEP 11 (t=913): Loss=0.6143, Rho=8.121438, Grad_norm=0.1231, Final_scale=81.2144
🚀 APPLYING GUIDANCE at step 12 (timestep=904)
🎯 GUIDANCE STEP 12 (t=904): Loss=0.6138, Rho=4.448707, Grad_norm=0.2248, Final_scale=44.4871
🚀 APPLYING GUIDANCE at step 13 (timestep=894)
🎯 GUIDANCE STEP 13 (t=894): Loss=0.6230, Rho=3.356443, Grad_norm=0.2979, Final_scale=33.5644
🚀 APPLYING GUIDANCE at step 14 (timestep=884)
🎯 GUIDANCE STEP 14 (t=884): Loss=0.6167, Rho=3.176593, Grad_norm=0.3148, Final_scale=31.7659
🚀 APPLYING GUIDANCE at step 15 (timestep=874)
🎯 GUIDANCE STEP 15 (t=874): Loss=0.6201, Rho=2.406451, Grad_norm=0.4155, Final_scale=24.0645
🚀 APPLYING GUIDANCE at step 16 (timestep=864)
🎯 GUIDANCE STEP 16 (t=864): Loss=0.6104, Rho=6.336720, Grad_norm=0.1578, Final_scale=63.3672
🚀 APPLYING GUIDANCE at step 17 (timestep=853)
🎯 GUIDANCE STEP 17 (t=853): Loss=0.6138, Rho=3.834831, Grad_norm=0.2608, Final_scale=38.3483
🚀 APPLYING GUIDANCE at step 18 (timestep=841)
🎯 GUIDANCE STEP 18 (t=841): Loss=0.6187, Rho=5.340934, Grad_norm=0.1872, Final_scale=53.4093
🚀 APPLYING GUIDANCE at step 19 (timestep=829)
🎯 GUIDANCE STEP 19 (t=829): Loss=0.6143, Rho=4.394606, Grad_norm=0.2276, Final_scale=43.9461
🚀 APPLYING GUIDANCE at step 20 (timestep=817)
🎯 GUIDANCE STEP 20 (t=817): Loss=0.6128, Rho=4.591790, Grad_norm=0.2178, Final_scale=45.9179
🚀 APPLYING GUIDANCE at step 21 (timestep=805)
🎯 GUIDANCE STEP 21 (t=805): Loss=0.6191, Rho=2.059759, Grad_norm=0.4855, Final_scale=20.5976
🚀 APPLYING GUIDANCE at step 22 (timestep=792)
🎯 GUIDANCE STEP 22 (t=792): Loss=0.6206, Rho=2.449196, Grad_norm=0.4083, Final_scale=24.4920
🚀 APPLYING GUIDANCE at step 23 (timestep=778)
🎯 GUIDANCE STEP 23 (t=778): Loss=0.6167, Rho=4.840832, Grad_norm=0.2066, Final_scale=48.4083
🚀 APPLYING GUIDANCE at step 24 (timestep=764)
🎯 GUIDANCE STEP 24 (t=764): Loss=0.6143, Rho=2.525142, Grad_norm=0.3960, Final_scale=25.2514
🚀 APPLYING GUIDANCE at step 25 (timestep=749)
🎯 GUIDANCE STEP 25 (t=749): Loss=0.6099, Rho=6.247347, Grad_norm=0.1601, Final_scale=62.4735
🚀 APPLYING GUIDANCE at step 26 (timestep=734)
🎯 GUIDANCE STEP 26 (t=734): Loss=0.6123, Rho=3.991758, Grad_norm=0.2505, Final_scale=39.9176
🚀 APPLYING GUIDANCE at step 27 (timestep=718)
🎯 GUIDANCE STEP 27 (t=718): Loss=0.6123, Rho=0.821992, Grad_norm=1.2166, Final_scale=8.2199
🚀 APPLYING GUIDANCE at step 28 (timestep=701)
🎯 GUIDANCE STEP 28 (t=701): Loss=0.6191, Rho=0.804411, Grad_norm=1.2431, Final_scale=8.0441
🚀 APPLYING GUIDANCE at step 29 (timestep=684)
🎯 GUIDANCE STEP 29 (t=684): Loss=0.6143, Rho=1.975370, Grad_norm=0.5062, Final_scale=19.7537
🚀 APPLYING GUIDANCE at step 30 (timestep=666)
🎯 GUIDANCE STEP 30 (t=666): Loss=0.6138, Rho=1.638462, Grad_norm=0.6103, Final_scale=16.3846
🚀 APPLYING GUIDANCE at step 31 (timestep=647)
🎯 GUIDANCE STEP 31 (t=647): Loss=0.6147, Rho=2.744607, Grad_norm=0.3644, Final_scale=27.4461
🚀 APPLYING GUIDANCE at step 32 (timestep=627)
🎯 GUIDANCE STEP 32 (t=627): Loss=0.6157, Rho=2.491558, Grad_norm=0.4014, Final_scale=24.9156
🚀 APPLYING GUIDANCE at step 33 (timestep=606)
🎯 GUIDANCE STEP 33 (t=606): Loss=0.6138, Rho=2.822450, Grad_norm=0.3543, Final_scale=28.2245
🚀 APPLYING GUIDANCE at step 34 (timestep=585)
🎯 GUIDANCE STEP 34 (t=585): Loss=0.6123, Rho=1.713505, Grad_norm=0.5836, Final_scale=17.1351
🚀 APPLYING GUIDANCE at step 35 (timestep=562)
🎯 GUIDANCE STEP 35 (t=562): Loss=0.6104, Rho=3.940071, Grad_norm=0.2538, Final_scale=39.4007
🚀 APPLYING GUIDANCE at step 36 (timestep=538)
🎯 GUIDANCE STEP 36 (t=538): Loss=0.6143, Rho=1.319495, Grad_norm=0.7579, Final_scale=13.1950
🚀 APPLYING GUIDANCE at step 37 (timestep=512)
🎯 GUIDANCE STEP 37 (t=512): Loss=0.6162, Rho=1.557430, Grad_norm=0.6421, Final_scale=15.5743
🚀 APPLYING GUIDANCE at step 38 (timestep=486)
🎯 GUIDANCE STEP 38 (t=486): Loss=0.6152, Rho=1.289362, Grad_norm=0.7756, Final_scale=12.8936
🚀 APPLYING GUIDANCE at step 39 (timestep=458)
🎯 GUIDANCE STEP 39 (t=458): Loss=0.6187, Rho=3.288043, Grad_norm=0.3041, Final_scale=32.8804
🚀 APPLYING GUIDANCE at step 40 (timestep=428)
🎯 GUIDANCE STEP 40 (t=428): Loss=0.6157, Rho=2.572445, Grad_norm=0.3887, Final_scale=25.7245
🚀 APPLYING GUIDANCE at step 41 (timestep=396)
🎯 GUIDANCE STEP 41 (t=396): Loss=0.6182, Rho=3.848446, Grad_norm=0.2598, Final_scale=38.4845
🚀 APPLYING GUIDANCE at step 42 (timestep=363)
🎯 GUIDANCE STEP 42 (t=363): Loss=0.6182, Rho=2.959624, Grad_norm=0.3379, Final_scale=29.5962
🚀 APPLYING GUIDANCE at step 43 (timestep=327)
🎯 GUIDANCE STEP 43 (t=327): Loss=0.6211, Rho=5.167318, Grad_norm=0.1935, Final_scale=51.6732
🚀 APPLYING GUIDANCE at step 44 (timestep=290)
🎯 GUIDANCE STEP 44 (t=290): Loss=0.6172, Rho=0.751255, Grad_norm=1.3311, Final_scale=7.5126
🚀 APPLYING GUIDANCE at step 45 (timestep=249)
🎯 GUIDANCE STEP 45 (t=249): Loss=0.6206, Rho=8.398224, Grad_norm=0.1191, Final_scale=83.9822
🚀 APPLYING GUIDANCE at step 46 (timestep=206)
🎯 GUIDANCE STEP 46 (t=206): Loss=0.6172, Rho=6.794349, Grad_norm=0.1472, Final_scale=67.9435
🚀 APPLYING GUIDANCE at step 47 (timestep=160)
🎯 GUIDANCE STEP 47 (t=160): Loss=0.6177, Rho=19.885786, Grad_norm=0.0503, Final_scale=198.8579
🚀 APPLYING GUIDANCE at step 48 (timestep=111)
🎯 GUIDANCE STEP 48 (t=111): Loss=0.6196, Rho=21.082563, Grad_norm=0.0474, Final_scale=210.8256
🚀 APPLYING GUIDANCE at step 49 (timestep=57)
🎯 GUIDANCE STEP 49 (t=57): Loss=0.6162, Rho=10.590965, Grad_norm=0.0944, Final_scale=105.9097
[guidance_f17_s50_w8c6_rho10.0_cfg5.0_0701_1658] Generated: generated_videos/subject_consistency/guidance_f17_s50_w8c6_rho10.0_cfg5.0_0701_1658/a_cat_playing_in_park.mp4
[guidance_f17_s50_w8c6_rho10.0_cfg5.0_0701_1658] Generating video 8/9 (guidance): a cat drinking water
🎬 STARTING GUIDANCE PIPELINE GENERATION
   Frames: 17, Steps: 50, CFG Scale: 5.0

🔧 GUIDANCE PIPELINE CONFIGURATION:
   Guidance range: 0 - 1001
   Rho scale: 10.0
   V-JEPA kernel_size: 8
   V-JEPA context_length: 6
   V-JEPA stride: 2
   V-JEPA mode: max
   Total timesteps: 50

🚀 APPLYING GUIDANCE at step 0 (timestep=999)
🎯 GUIDANCE STEP 0 (t=999): Loss=0.5942, Rho=9.179941, Grad_norm=0.1089, Final_scale=91.7994
🚀 APPLYING GUIDANCE at step 1 (timestep=992)
🎯 GUIDANCE STEP 1 (t=992): Loss=0.5728, Rho=19.273214, Grad_norm=0.0519, Final_scale=192.7321
🚀 APPLYING GUIDANCE at step 2 (timestep=985)
🎯 GUIDANCE STEP 2 (t=985): Loss=0.5742, Rho=10.756432, Grad_norm=0.0930, Final_scale=107.5643
🚀 APPLYING GUIDANCE at step 3 (timestep=978)
🎯 GUIDANCE STEP 3 (t=978): Loss=0.5825, Rho=15.214187, Grad_norm=0.0657, Final_scale=152.1419
🚀 APPLYING GUIDANCE at step 4 (timestep=971)
🎯 GUIDANCE STEP 4 (t=971): Loss=0.5879, Rho=17.340443, Grad_norm=0.0577, Final_scale=173.4044
🚀 APPLYING GUIDANCE at step 5 (timestep=963)
🎯 GUIDANCE STEP 5 (t=963): Loss=0.5913, Rho=11.455910, Grad_norm=0.0873, Final_scale=114.5591
🚀 APPLYING GUIDANCE at step 6 (timestep=956)
🎯 GUIDANCE STEP 6 (t=956): Loss=0.5913, Rho=5.871991, Grad_norm=0.1703, Final_scale=58.7199
🚀 APPLYING GUIDANCE at step 7 (timestep=948)
🎯 GUIDANCE STEP 7 (t=948): Loss=0.5854, Rho=9.282043, Grad_norm=0.1077, Final_scale=92.8204
🚀 APPLYING GUIDANCE at step 8 (timestep=939)
🎯 GUIDANCE STEP 8 (t=939): Loss=0.6152, Rho=6.015736, Grad_norm=0.1662, Final_scale=60.1574
🚀 APPLYING GUIDANCE at step 9 (timestep=931)
🎯 GUIDANCE STEP 9 (t=931): Loss=0.6138, Rho=11.128171, Grad_norm=0.0899, Final_scale=111.2817
🚀 APPLYING GUIDANCE at step 10 (timestep=922)
🎯 GUIDANCE STEP 10 (t=922): Loss=0.6187, Rho=7.538643, Grad_norm=0.1326, Final_scale=75.3864
🚀 APPLYING GUIDANCE at step 11 (timestep=913)
🎯 GUIDANCE STEP 11 (t=913): Loss=0.6172, Rho=8.916696, Grad_norm=0.1121, Final_scale=89.1670
🚀 APPLYING GUIDANCE at step 12 (timestep=904)
🎯 GUIDANCE STEP 12 (t=904): Loss=0.6177, Rho=4.798832, Grad_norm=0.2084, Final_scale=47.9883
🚀 APPLYING GUIDANCE at step 13 (timestep=894)
🎯 GUIDANCE STEP 13 (t=894): Loss=0.6162, Rho=6.905452, Grad_norm=0.1448, Final_scale=69.0545
🚀 APPLYING GUIDANCE at step 14 (timestep=884)
🎯 GUIDANCE STEP 14 (t=884): Loss=0.6187, Rho=5.612530, Grad_norm=0.1782, Final_scale=56.1253
🚀 APPLYING GUIDANCE at step 15 (timestep=874)
🎯 GUIDANCE STEP 15 (t=874): Loss=0.6206, Rho=11.898913, Grad_norm=0.0840, Final_scale=118.9891
🚀 APPLYING GUIDANCE at step 16 (timestep=864)
🎯 GUIDANCE STEP 16 (t=864): Loss=0.6211, Rho=3.896795, Grad_norm=0.2566, Final_scale=38.9679
🚀 APPLYING GUIDANCE at step 17 (timestep=853)
🎯 GUIDANCE STEP 17 (t=853): Loss=0.6284, Rho=4.255976, Grad_norm=0.2350, Final_scale=42.5598
🚀 APPLYING GUIDANCE at step 18 (timestep=841)
🎯 GUIDANCE STEP 18 (t=841): Loss=0.6240, Rho=10.803042, Grad_norm=0.0926, Final_scale=108.0304
🚀 APPLYING GUIDANCE at step 19 (timestep=829)
🎯 GUIDANCE STEP 19 (t=829): Loss=0.6216, Rho=5.534836, Grad_norm=0.1807, Final_scale=55.3484
🚀 APPLYING GUIDANCE at step 20 (timestep=817)
🎯 GUIDANCE STEP 20 (t=817): Loss=0.6270, Rho=2.352102, Grad_norm=0.4252, Final_scale=23.5210
🚀 APPLYING GUIDANCE at step 21 (timestep=805)
🎯 GUIDANCE STEP 21 (t=805): Loss=0.6255, Rho=5.296874, Grad_norm=0.1888, Final_scale=52.9687
🚀 APPLYING GUIDANCE at step 22 (timestep=792)
🎯 GUIDANCE STEP 22 (t=792): Loss=0.6260, Rho=11.357437, Grad_norm=0.0880, Final_scale=113.5744
🚀 APPLYING GUIDANCE at step 23 (timestep=778)
🎯 GUIDANCE STEP 23 (t=778): Loss=0.6226, Rho=4.108341, Grad_norm=0.2434, Final_scale=41.0834
🚀 APPLYING GUIDANCE at step 24 (timestep=764)
🎯 GUIDANCE STEP 24 (t=764): Loss=0.6201, Rho=8.716906, Grad_norm=0.1147, Final_scale=87.1691
🚀 APPLYING GUIDANCE at step 25 (timestep=749)
🎯 GUIDANCE STEP 25 (t=749): Loss=0.6216, Rho=6.048381, Grad_norm=0.1653, Final_scale=60.4838
🚀 APPLYING GUIDANCE at step 26 (timestep=734)
🎯 GUIDANCE STEP 26 (t=734): Loss=0.6274, Rho=6.755222, Grad_norm=0.1480, Final_scale=67.5522
🚀 APPLYING GUIDANCE at step 27 (timestep=718)
🎯 GUIDANCE STEP 27 (t=718): Loss=0.6216, Rho=7.402462, Grad_norm=0.1351, Final_scale=74.0246
🚀 APPLYING GUIDANCE at step 28 (timestep=701)
🎯 GUIDANCE STEP 28 (t=701): Loss=0.6206, Rho=8.732406, Grad_norm=0.1145, Final_scale=87.3241
🚀 APPLYING GUIDANCE at step 29 (timestep=684)
🎯 GUIDANCE STEP 29 (t=684): Loss=0.6235, Rho=15.657248, Grad_norm=0.0639, Final_scale=156.5725
🚀 APPLYING GUIDANCE at step 30 (timestep=666)
🎯 GUIDANCE STEP 30 (t=666): Loss=0.6250, Rho=10.117937, Grad_norm=0.0988, Final_scale=101.1794
🚀 APPLYING GUIDANCE at step 31 (timestep=647)
🎯 GUIDANCE STEP 31 (t=647): Loss=0.6216, Rho=10.571997, Grad_norm=0.0946, Final_scale=105.7200
🚀 APPLYING GUIDANCE at step 32 (timestep=627)
🎯 GUIDANCE STEP 32 (t=627): Loss=0.6191, Rho=8.302431, Grad_norm=0.1204, Final_scale=83.0243
🚀 APPLYING GUIDANCE at step 33 (timestep=606)
🎯 GUIDANCE STEP 33 (t=606): Loss=0.6221, Rho=5.461410, Grad_norm=0.1831, Final_scale=54.6141
🚀 APPLYING GUIDANCE at step 34 (timestep=585)
🎯 GUIDANCE STEP 34 (t=585): Loss=0.6235, Rho=12.441347, Grad_norm=0.0804, Final_scale=124.4135
🚀 APPLYING GUIDANCE at step 35 (timestep=562)
🎯 GUIDANCE STEP 35 (t=562): Loss=0.6216, Rho=9.486186, Grad_norm=0.1054, Final_scale=94.8619
🚀 APPLYING GUIDANCE at step 36 (timestep=538)
🎯 GUIDANCE STEP 36 (t=538): Loss=0.6226, Rho=8.280423, Grad_norm=0.1208, Final_scale=82.8042
🚀 APPLYING GUIDANCE at step 37 (timestep=512)
🎯 GUIDANCE STEP 37 (t=512): Loss=0.6216, Rho=14.817127, Grad_norm=0.0675, Final_scale=148.1713
🚀 APPLYING GUIDANCE at step 38 (timestep=486)
🎯 GUIDANCE STEP 38 (t=486): Loss=0.6255, Rho=20.106199, Grad_norm=0.0497, Final_scale=201.0620
🚀 APPLYING GUIDANCE at step 39 (timestep=458)
🎯 GUIDANCE STEP 39 (t=458): Loss=0.6260, Rho=6.851714, Grad_norm=0.1459, Final_scale=68.5171
🚀 APPLYING GUIDANCE at step 40 (timestep=428)
🎯 GUIDANCE STEP 40 (t=428): Loss=0.6221, Rho=9.980539, Grad_norm=0.1002, Final_scale=99.8054
🚀 APPLYING GUIDANCE at step 41 (timestep=396)
🎯 GUIDANCE STEP 41 (t=396): Loss=0.6235, Rho=21.003374, Grad_norm=0.0476, Final_scale=210.0337
🚀 APPLYING GUIDANCE at step 42 (timestep=363)
🎯 GUIDANCE STEP 42 (t=363): Loss=0.6230, Rho=10.889591, Grad_norm=0.0918, Final_scale=108.8959
🚀 APPLYING GUIDANCE at step 43 (timestep=327)
🎯 GUIDANCE STEP 43 (t=327): Loss=0.6182, Rho=13.424954, Grad_norm=0.0745, Final_scale=134.2495
🚀 APPLYING GUIDANCE at step 44 (timestep=290)
🎯 GUIDANCE STEP 44 (t=290): Loss=0.6206, Rho=13.303560, Grad_norm=0.0752, Final_scale=133.0356
🚀 APPLYING GUIDANCE at step 45 (timestep=249)
🎯 GUIDANCE STEP 45 (t=249): Loss=0.6216, Rho=16.604361, Grad_norm=0.0602, Final_scale=166.0436
🚀 APPLYING GUIDANCE at step 46 (timestep=206)
🎯 GUIDANCE STEP 46 (t=206): Loss=0.6221, Rho=22.860516, Grad_norm=0.0437, Final_scale=228.6052
🚀 APPLYING GUIDANCE at step 47 (timestep=160)
🎯 GUIDANCE STEP 47 (t=160): Loss=0.6191, Rho=26.903664, Grad_norm=0.0372, Final_scale=269.0366
🚀 APPLYING GUIDANCE at step 48 (timestep=111)
🎯 GUIDANCE STEP 48 (t=111): Loss=0.6118, Rho=22.104122, Grad_norm=0.0452, Final_scale=221.0412
🚀 APPLYING GUIDANCE at step 49 (timestep=57)
🎯 GUIDANCE STEP 49 (t=57): Loss=0.6182, Rho=11.211931, Grad_norm=0.0892, Final_scale=112.1193
[guidance_f17_s50_w8c6_rho10.0_cfg5.0_0701_1658] Generated: generated_videos/subject_consistency/guidance_f17_s50_w8c6_rho10.0_cfg5.0_0701_1658/an_elephant_taking_a_peaceful_walk.mp4
[guidance_f17_s50_w8c6_rho10.0_cfg5.0_0701_1658] Generating video 8/9 (guidance): an elephant running to join a herd of its kind
🎬 STARTING GUIDANCE PIPELINE GENERATION
   Frames: 17, Steps: 50, CFG Scale: 5.0

🔧 GUIDANCE PIPELINE CONFIGURATION:
   Guidance range: 0 - 1001
   Rho scale: 10.0
   V-JEPA kernel_size: 8
   V-JEPA context_length: 6
   V-JEPA stride: 2
   V-JEPA mode: max
   Total timesteps: 50

🚀 APPLYING GUIDANCE at step 0 (timestep=999)
🎯 GUIDANCE STEP 0 (t=999): Loss=0.5557, Rho=4.460693, Grad_norm=0.2242, Final_scale=44.6069
🚀 APPLYING GUIDANCE at step 1 (timestep=992)
🎯 GUIDANCE STEP 1 (t=992): Loss=0.5410, Rho=53.492466, Grad_norm=0.0187, Final_scale=534.9247
🚀 APPLYING GUIDANCE at step 2 (timestep=985)
🎯 GUIDANCE STEP 2 (t=985): Loss=0.5493, Rho=21.610138, Grad_norm=0.0463, Final_scale=216.1014
🚀 APPLYING GUIDANCE at step 3 (timestep=978)
🎯 GUIDANCE STEP 3 (t=978): Loss=0.5396, Rho=19.743505, Grad_norm=0.0506, Final_scale=197.4351
🚀 APPLYING GUIDANCE at step 4 (timestep=971)
🎯 GUIDANCE STEP 4 (t=971): Loss=0.5459, Rho=16.035337, Grad_norm=0.0624, Final_scale=160.3534
🚀 APPLYING GUIDANCE at step 5 (timestep=963)
🎯 GUIDANCE STEP 5 (t=963): Loss=0.5503, Rho=39.795418, Grad_norm=0.0251, Final_scale=397.9542
🚀 APPLYING GUIDANCE at step 6 (timestep=956)
🎯 GUIDANCE STEP 6 (t=956): Loss=0.5547, Rho=13.446497, Grad_norm=0.0744, Final_scale=134.4650
🚀 APPLYING GUIDANCE at step 7 (timestep=948)
🎯 GUIDANCE STEP 7 (t=948): Loss=0.5581, Rho=16.419388, Grad_norm=0.0609, Final_scale=164.1939
🚀 APPLYING GUIDANCE at step 8 (timestep=939)
🎯 GUIDANCE STEP 8 (t=939): Loss=0.5645, Rho=11.123070, Grad_norm=0.0899, Final_scale=111.2307
🚀 APPLYING GUIDANCE at step 9 (timestep=931)
🎯 GUIDANCE STEP 9 (t=931): Loss=0.5723, Rho=14.469206, Grad_norm=0.0691, Final_scale=144.6921
🚀 APPLYING GUIDANCE at step 10 (timestep=922)
🎯 GUIDANCE STEP 10 (t=922): Loss=0.5825, Rho=22.044634, Grad_norm=0.0454, Final_scale=220.4463
🚀 APPLYING GUIDANCE at step 11 (timestep=913)
🎯 GUIDANCE STEP 11 (t=913): Loss=0.5947, Rho=18.315922, Grad_norm=0.0546, Final_scale=183.1592
🚀 APPLYING GUIDANCE at step 12 (timestep=904)
🎯 GUIDANCE STEP 12 (t=904): Loss=0.5996, Rho=11.125729, Grad_norm=0.0899, Final_scale=111.2573
🚀 APPLYING GUIDANCE at step 13 (timestep=894)
🎯 GUIDANCE STEP 13 (t=894): Loss=0.5874, Rho=6.829309, Grad_norm=0.1464, Final_scale=68.2931
🚀 APPLYING GUIDANCE at step 14 (timestep=884)
🎯 GUIDANCE STEP 14 (t=884): Loss=0.6094, Rho=8.187598, Grad_norm=0.1221, Final_scale=81.8760
🚀 APPLYING GUIDANCE at step 15 (timestep=874)
🎯 GUIDANCE STEP 15 (t=874): Loss=0.6006, Rho=6.038976, Grad_norm=0.1656, Final_scale=60.3898
🚀 APPLYING GUIDANCE at step 16 (timestep=864)
🎯 GUIDANCE STEP 16 (t=864): Loss=0.5962, Rho=12.057073, Grad_norm=0.0829, Final_scale=120.5707
🚀 APPLYING GUIDANCE at step 17 (timestep=853)
🎯 GUIDANCE STEP 17 (t=853): Loss=0.5977, Rho=14.464167, Grad_norm=0.0691, Final_scale=144.6417
🚀 APPLYING GUIDANCE at step 18 (timestep=841)
🎯 GUIDANCE STEP 18 (t=841): Loss=0.5967, Rho=12.093372, Grad_norm=0.0827, Final_scale=120.9337
🚀 APPLYING GUIDANCE at step 19 (timestep=829)
🎯 GUIDANCE STEP 19 (t=829): Loss=0.5933, Rho=8.443613, Grad_norm=0.1184, Final_scale=84.4361
🚀 APPLYING GUIDANCE at step 20 (timestep=817)
🎯 GUIDANCE STEP 20 (t=817): Loss=0.5977, Rho=9.080994, Grad_norm=0.1101, Final_scale=90.8099
🚀 APPLYING GUIDANCE at step 21 (timestep=805)
🎯 GUIDANCE STEP 21 (t=805): Loss=0.6011, Rho=7.007025, Grad_norm=0.1427, Final_scale=70.0702
🚀 APPLYING GUIDANCE at step 22 (timestep=792)
🎯 GUIDANCE STEP 22 (t=792): Loss=0.6050, Rho=9.133161, Grad_norm=0.1095, Final_scale=91.3316
🚀 APPLYING GUIDANCE at step 23 (timestep=778)
🎯 GUIDANCE STEP 23 (t=778): Loss=0.6030, Rho=2.250200, Grad_norm=0.4444, Final_scale=22.5020
🚀 APPLYING GUIDANCE at step 24 (timestep=764)
🎯 GUIDANCE STEP 24 (t=764): Loss=0.5996, Rho=6.799586, Grad_norm=0.1471, Final_scale=67.9959
🚀 APPLYING GUIDANCE at step 25 (timestep=749)
🎯 GUIDANCE STEP 25 (t=749): Loss=0.6069, Rho=6.409088, Grad_norm=0.1560, Final_scale=64.0909
🚀 APPLYING GUIDANCE at step 26 (timestep=734)
🎯 GUIDANCE STEP 26 (t=734): Loss=0.6177, Rho=6.931230, Grad_norm=0.1443, Final_scale=69.3123
🚀 APPLYING GUIDANCE at step 27 (timestep=718)
🎯 GUIDANCE STEP 27 (t=718): Loss=0.6157, Rho=7.972653, Grad_norm=0.1254, Final_scale=79.7265
🚀 APPLYING GUIDANCE at step 28 (timestep=701)
🎯 GUIDANCE STEP 28 (t=701): Loss=0.6182, Rho=6.687406, Grad_norm=0.1495, Final_scale=66.8741
🚀 APPLYING GUIDANCE at step 29 (timestep=684)
🎯 GUIDANCE STEP 29 (t=684): Loss=0.6172, Rho=5.580770, Grad_norm=0.1792, Final_scale=55.8077
🚀 APPLYING GUIDANCE at step 30 (timestep=666)
🎯 GUIDANCE STEP 30 (t=666): Loss=0.6167, Rho=11.740147, Grad_norm=0.0852, Final_scale=117.4015
🚀 APPLYING GUIDANCE at step 31 (timestep=647)
🎯 GUIDANCE STEP 31 (t=647): Loss=0.6147, Rho=8.640099, Grad_norm=0.1157, Final_scale=86.4010
🚀 APPLYING GUIDANCE at step 32 (timestep=627)
🎯 GUIDANCE STEP 32 (t=627): Loss=0.6147, Rho=12.133297, Grad_norm=0.0824, Final_scale=121.3330
🚀 APPLYING GUIDANCE at step 33 (timestep=606)
🎯 GUIDANCE STEP 33 (t=606): Loss=0.6162, Rho=12.549961, Grad_norm=0.0797, Final_scale=125.4996
🚀 APPLYING GUIDANCE at step 34 (timestep=585)
🎯 GUIDANCE STEP 34 (t=585): Loss=0.6187, Rho=10.478123, Grad_norm=0.0954, Final_scale=104.7812
🚀 APPLYING GUIDANCE at step 35 (timestep=562)
🎯 GUIDANCE STEP 35 (t=562): Loss=0.6143, Rho=5.066215, Grad_norm=0.1974, Final_scale=50.6622
🚀 APPLYING GUIDANCE at step 36 (timestep=538)
🎯 GUIDANCE STEP 36 (t=538): Loss=0.6143, Rho=9.891282, Grad_norm=0.1011, Final_scale=98.9128
🚀 APPLYING GUIDANCE at step 37 (timestep=512)
🎯 GUIDANCE STEP 37 (t=512): Loss=0.6157, Rho=15.035255, Grad_norm=0.0665, Final_scale=150.3526
🚀 APPLYING GUIDANCE at step 38 (timestep=486)
🎯 GUIDANCE STEP 38 (t=486): Loss=0.6128, Rho=12.948354, Grad_norm=0.0772, Final_scale=129.4835
🚀 APPLYING GUIDANCE at step 39 (timestep=458)
🎯 GUIDANCE STEP 39 (t=458): Loss=0.6079, Rho=12.076856, Grad_norm=0.0828, Final_scale=120.7686
🚀 APPLYING GUIDANCE at step 40 (timestep=428)
🎯 GUIDANCE STEP 40 (t=428): Loss=0.6084, Rho=15.151396, Grad_norm=0.0660, Final_scale=151.5140
🚀 APPLYING GUIDANCE at step 41 (timestep=396)
🎯 GUIDANCE STEP 41 (t=396): Loss=0.6074, Rho=11.322855, Grad_norm=0.0883, Final_scale=113.2285
🚀 APPLYING GUIDANCE at step 42 (timestep=363)
🎯 GUIDANCE STEP 42 (t=363): Loss=0.6118, Rho=7.817066, Grad_norm=0.1279, Final_scale=78.1707
🚀 APPLYING GUIDANCE at step 43 (timestep=327)
🎯 GUIDANCE STEP 43 (t=327): Loss=0.6094, Rho=6.494352, Grad_norm=0.1540, Final_scale=64.9435
🚀 APPLYING GUIDANCE at step 44 (timestep=290)
🎯 GUIDANCE STEP 44 (t=290): Loss=0.6094, Rho=16.445986, Grad_norm=0.0608, Final_scale=164.4599
🚀 APPLYING GUIDANCE at step 45 (timestep=249)
🎯 GUIDANCE STEP 45 (t=249): Loss=0.6050, Rho=12.699819, Grad_norm=0.0787, Final_scale=126.9982
🚀 APPLYING GUIDANCE at step 46 (timestep=206)
🎯 GUIDANCE STEP 46 (t=206): Loss=0.6001, Rho=11.580092, Grad_norm=0.0864, Final_scale=115.8009
🚀 APPLYING GUIDANCE at step 47 (timestep=160)
🎯 GUIDANCE STEP 47 (t=160): Loss=0.6030, Rho=16.389845, Grad_norm=0.0610, Final_scale=163.8984
🚀 APPLYING GUIDANCE at step 48 (timestep=111)
🎯 GUIDANCE STEP 48 (t=111): Loss=0.5923, Rho=5.869901, Grad_norm=0.1704, Final_scale=58.6990
🚀 APPLYING GUIDANCE at step 49 (timestep=57)
🎯 GUIDANCE STEP 49 (t=57): Loss=0.5986, Rho=10.196596, Grad_norm=0.0981, Final_scale=101.9660
[guidance_f17_s50_w8c6_rho10.0_cfg5.0_0701_1658] Generated: generated_videos/subject_consistency/guidance_f17_s50_w8c6_rho10.0_cfg5.0_0701_1658/a_horse_taking_a_peaceful_walk.mp4
[guidance_f17_s50_w8c6_rho10.0_cfg5.0_0701_1658] Generating video 8/9 (guidance): a horse running to join a herd of its kind
🎬 STARTING GUIDANCE PIPELINE GENERATION
   Frames: 17, Steps: 50, CFG Scale: 5.0

🔧 GUIDANCE PIPELINE CONFIGURATION:
   Guidance range: 0 - 1001
   Rho scale: 10.0
   V-JEPA kernel_size: 8
   V-JEPA context_length: 6
   V-JEPA stride: 2
   V-JEPA mode: max
   Total timesteps: 50

🚀 APPLYING GUIDANCE at step 0 (timestep=999)
🎯 GUIDANCE STEP 0 (t=999): Loss=0.5352, Rho=33.459038, Grad_norm=0.0299, Final_scale=334.5904
🚀 APPLYING GUIDANCE at step 1 (timestep=992)
🎯 GUIDANCE STEP 1 (t=992): Loss=0.5845, Rho=17.369242, Grad_norm=0.0576, Final_scale=173.6924
🚀 APPLYING GUIDANCE at step 2 (timestep=985)
🎯 GUIDANCE STEP 2 (t=985): Loss=0.5957, Rho=7.123162, Grad_norm=0.1404, Final_scale=71.2316
🚀 APPLYING GUIDANCE at step 3 (timestep=978)
🎯 GUIDANCE STEP 3 (t=978): Loss=0.6196, Rho=11.187808, Grad_norm=0.0894, Final_scale=111.8781
🚀 APPLYING GUIDANCE at step 4 (timestep=971)
🎯 GUIDANCE STEP 4 (t=971): Loss=0.6274, Rho=5.640358, Grad_norm=0.1773, Final_scale=56.4036
🚀 APPLYING GUIDANCE at step 5 (timestep=963)
🎯 GUIDANCE STEP 5 (t=963): Loss=0.6230, Rho=6.311522, Grad_norm=0.1584, Final_scale=63.1152
🚀 APPLYING GUIDANCE at step 6 (timestep=956)
🎯 GUIDANCE STEP 6 (t=956): Loss=0.6274, Rho=4.717422, Grad_norm=0.2120, Final_scale=47.1742
🚀 APPLYING GUIDANCE at step 7 (timestep=948)
🎯 GUIDANCE STEP 7 (t=948): Loss=0.6318, Rho=3.241811, Grad_norm=0.3085, Final_scale=32.4181
🚀 APPLYING GUIDANCE at step 8 (timestep=939)
🎯 GUIDANCE STEP 8 (t=939): Loss=0.6421, Rho=4.872787, Grad_norm=0.2052, Final_scale=48.7279
🚀 APPLYING GUIDANCE at step 9 (timestep=931)
🎯 GUIDANCE STEP 9 (t=931): Loss=0.6450, Rho=7.720062, Grad_norm=0.1295, Final_scale=77.2006
🚀 APPLYING GUIDANCE at step 10 (timestep=922)
🎯 GUIDANCE STEP 10 (t=922): Loss=0.6440, Rho=10.054335, Grad_norm=0.0995, Final_scale=100.5433
🚀 APPLYING GUIDANCE at step 11 (timestep=913)
🎯 GUIDANCE STEP 11 (t=913): Loss=0.6406, Rho=2.805676, Grad_norm=0.3564, Final_scale=28.0568
🚀 APPLYING GUIDANCE at step 12 (timestep=904)
🎯 GUIDANCE STEP 12 (t=904): Loss=0.6489, Rho=4.656237, Grad_norm=0.2148, Final_scale=46.5624
🚀 APPLYING GUIDANCE at step 13 (timestep=894)
🎯 GUIDANCE STEP 13 (t=894): Loss=0.6543, Rho=7.266950, Grad_norm=0.1376, Final_scale=72.6695
🚀 APPLYING GUIDANCE at step 14 (timestep=884)
🎯 GUIDANCE STEP 14 (t=884): Loss=0.6504, Rho=9.153188, Grad_norm=0.1093, Final_scale=91.5319
🚀 APPLYING GUIDANCE at step 15 (timestep=874)
🎯 GUIDANCE STEP 15 (t=874): Loss=0.6494, Rho=3.909490, Grad_norm=0.2558, Final_scale=39.0949
🚀 APPLYING GUIDANCE at step 16 (timestep=864)
🎯 GUIDANCE STEP 16 (t=864): Loss=0.6514, Rho=4.902784, Grad_norm=0.2040, Final_scale=49.0278
🚀 APPLYING GUIDANCE at step 17 (timestep=853)
🎯 GUIDANCE STEP 17 (t=853): Loss=0.6470, Rho=6.906957, Grad_norm=0.1448, Final_scale=69.0696
🚀 APPLYING GUIDANCE at step 18 (timestep=841)
🎯 GUIDANCE STEP 18 (t=841): Loss=0.6489, Rho=7.368710, Grad_norm=0.1357, Final_scale=73.6871
🚀 APPLYING GUIDANCE at step 19 (timestep=829)
🎯 GUIDANCE STEP 19 (t=829): Loss=0.6489, Rho=6.681433, Grad_norm=0.1497, Final_scale=66.8143
🚀 APPLYING GUIDANCE at step 20 (timestep=817)
🎯 GUIDANCE STEP 20 (t=817): Loss=0.6494, Rho=4.122396, Grad_norm=0.2426, Final_scale=41.2240
🚀 APPLYING GUIDANCE at step 21 (timestep=805)
🎯 GUIDANCE STEP 21 (t=805): Loss=0.6479, Rho=6.692560, Grad_norm=0.1494, Final_scale=66.9256
🚀 APPLYING GUIDANCE at step 22 (timestep=792)
🎯 GUIDANCE STEP 22 (t=792): Loss=0.6475, Rho=2.205990, Grad_norm=0.4533, Final_scale=22.0599
🚀 APPLYING GUIDANCE at step 23 (timestep=778)
🎯 GUIDANCE STEP 23 (t=778): Loss=0.6484, Rho=6.724850, Grad_norm=0.1487, Final_scale=67.2485
🚀 APPLYING GUIDANCE at step 24 (timestep=764)
🎯 GUIDANCE STEP 24 (t=764): Loss=0.6504, Rho=9.679785, Grad_norm=0.1033, Final_scale=96.7978
🚀 APPLYING GUIDANCE at step 25 (timestep=749)
🎯 GUIDANCE STEP 25 (t=749): Loss=0.6499, Rho=12.340592, Grad_norm=0.0810, Final_scale=123.4059
🚀 APPLYING GUIDANCE at step 26 (timestep=734)
🎯 GUIDANCE STEP 26 (t=734): Loss=0.6533, Rho=8.351126, Grad_norm=0.1197, Final_scale=83.5113
🚀 APPLYING GUIDANCE at step 27 (timestep=718)
🎯 GUIDANCE STEP 27 (t=718): Loss=0.6528, Rho=8.419950, Grad_norm=0.1188, Final_scale=84.1995
🚀 APPLYING GUIDANCE at step 28 (timestep=701)
🎯 GUIDANCE STEP 28 (t=701): Loss=0.6523, Rho=6.416292, Grad_norm=0.1559, Final_scale=64.1629
🚀 APPLYING GUIDANCE at step 29 (timestep=684)
🎯 GUIDANCE STEP 29 (t=684): Loss=0.6499, Rho=9.511020, Grad_norm=0.1051, Final_scale=95.1102
🚀 APPLYING GUIDANCE at step 30 (timestep=666)
🎯 GUIDANCE STEP 30 (t=666): Loss=0.6494, Rho=4.974976, Grad_norm=0.2010, Final_scale=49.7498
🚀 APPLYING GUIDANCE at step 31 (timestep=647)
🎯 GUIDANCE STEP 31 (t=647): Loss=0.6470, Rho=10.743251, Grad_norm=0.0931, Final_scale=107.4325
🚀 APPLYING GUIDANCE at step 32 (timestep=627)
🎯 GUIDANCE STEP 32 (t=627): Loss=0.6484, Rho=17.994579, Grad_norm=0.0556, Final_scale=179.9458
🚀 APPLYING GUIDANCE at step 33 (timestep=606)
🎯 GUIDANCE STEP 33 (t=606): Loss=0.6489, Rho=12.117609, Grad_norm=0.0825, Final_scale=121.1761
🚀 APPLYING GUIDANCE at step 34 (timestep=585)
🎯 GUIDANCE STEP 34 (t=585): Loss=0.6475, Rho=13.413908, Grad_norm=0.0745, Final_scale=134.1391
🚀 APPLYING GUIDANCE at step 35 (timestep=562)
🎯 GUIDANCE STEP 35 (t=562): Loss=0.6494, Rho=24.174591, Grad_norm=0.0414, Final_scale=241.7459
🚀 APPLYING GUIDANCE at step 36 (timestep=538)
🎯 GUIDANCE STEP 36 (t=538): Loss=0.6465, Rho=25.894520, Grad_norm=0.0386, Final_scale=258.9452
🚀 APPLYING GUIDANCE at step 37 (timestep=512)
🎯 GUIDANCE STEP 37 (t=512): Loss=0.6470, Rho=20.077805, Grad_norm=0.0498, Final_scale=200.7780
🚀 APPLYING GUIDANCE at step 38 (timestep=486)
🎯 GUIDANCE STEP 38 (t=486): Loss=0.6494, Rho=17.335699, Grad_norm=0.0577, Final_scale=173.3570
🚀 APPLYING GUIDANCE at step 39 (timestep=458)
🎯 GUIDANCE STEP 39 (t=458): Loss=0.6475, Rho=15.942054, Grad_norm=0.0627, Final_scale=159.4205
🚀 APPLYING GUIDANCE at step 40 (timestep=428)
🎯 GUIDANCE STEP 40 (t=428): Loss=0.6475, Rho=23.751566, Grad_norm=0.0421, Final_scale=237.5157
🚀 APPLYING GUIDANCE at step 41 (timestep=396)
🎯 GUIDANCE STEP 41 (t=396): Loss=0.6475, Rho=38.927197, Grad_norm=0.0257, Final_scale=389.2720
🚀 APPLYING GUIDANCE at step 42 (timestep=363)
🎯 GUIDANCE STEP 42 (t=363): Loss=0.6514, Rho=24.731535, Grad_norm=0.0404, Final_scale=247.3153
🚀 APPLYING GUIDANCE at step 43 (timestep=327)
🎯 GUIDANCE STEP 43 (t=327): Loss=0.6465, Rho=21.491455, Grad_norm=0.0465, Final_scale=214.9146
🚀 APPLYING GUIDANCE at step 44 (timestep=290)
🎯 GUIDANCE STEP 44 (t=290): Loss=0.6479, Rho=9.579489, Grad_norm=0.1044, Final_scale=95.7949
🚀 APPLYING GUIDANCE at step 45 (timestep=249)
🎯 GUIDANCE STEP 45 (t=249): Loss=0.6465, Rho=37.511909, Grad_norm=0.0267, Final_scale=375.1191
🚀 APPLYING GUIDANCE at step 46 (timestep=206)
🎯 GUIDANCE STEP 46 (t=206): Loss=0.6460, Rho=18.061388, Grad_norm=0.0554, Final_scale=180.6139
🚀 APPLYING GUIDANCE at step 47 (timestep=160)
🎯 GUIDANCE STEP 47 (t=160): Loss=0.6406, Rho=27.892456, Grad_norm=0.0359, Final_scale=278.9246
🚀 APPLYING GUIDANCE at step 48 (timestep=111)
🎯 GUIDANCE STEP 48 (t=111): Loss=0.6460, Rho=21.457575, Grad_norm=0.0466, Final_scale=214.5757
🚀 APPLYING GUIDANCE at step 49 (timestep=57)
🎯 GUIDANCE STEP 49 (t=57): Loss=0.6421, Rho=24.297670, Grad_norm=0.0412, Final_scale=242.9767
[guidance_f17_s50_w8c6_rho10.0_cfg5.0_0701_1658] Generated: generated_videos/subject_consistency/guidance_f17_s50_w8c6_rho10.0_cfg5.0_0701_1658/a_person_playing_guitar.mp4
[guidance_f17_s50_w8c6_rho10.0_cfg5.0_0701_1658] Generating video 8/9 (guidance): a bicycle leaning against a tree
🎬 STARTING GUIDANCE PIPELINE GENERATION
   Frames: 17, Steps: 50, CFG Scale: 5.0

🔧 GUIDANCE PIPELINE CONFIGURATION:
   Guidance range: 0 - 1001
   Rho scale: 10.0
   V-JEPA kernel_size: 8
   V-JEPA context_length: 6
   V-JEPA stride: 2
   V-JEPA mode: max
   Total timesteps: 50

🚀 APPLYING GUIDANCE at step 0 (timestep=999)
🎯 GUIDANCE STEP 0 (t=999): Loss=0.5415, Rho=24.189516, Grad_norm=0.0413, Final_scale=241.8952
🚀 APPLYING GUIDANCE at step 1 (timestep=992)
🎯 GUIDANCE STEP 1 (t=992): Loss=0.5400, Rho=36.900463, Grad_norm=0.0271, Final_scale=369.0046
🚀 APPLYING GUIDANCE at step 2 (timestep=985)
🎯 GUIDANCE STEP 2 (t=985): Loss=0.5444, Rho=23.312519, Grad_norm=0.0429, Final_scale=233.1252
🚀 APPLYING GUIDANCE at step 3 (timestep=978)
🎯 GUIDANCE STEP 3 (t=978): Loss=0.5630, Rho=16.142746, Grad_norm=0.0619, Final_scale=161.4275
🚀 APPLYING GUIDANCE at step 4 (timestep=971)
🎯 GUIDANCE STEP 4 (t=971): Loss=0.5737, Rho=11.779148, Grad_norm=0.0849, Final_scale=117.7915
🚀 APPLYING GUIDANCE at step 5 (timestep=963)
🎯 GUIDANCE STEP 5 (t=963): Loss=0.5898, Rho=16.362074, Grad_norm=0.0611, Final_scale=163.6207
🚀 APPLYING GUIDANCE at step 6 (timestep=956)
🎯 GUIDANCE STEP 6 (t=956): Loss=0.6074, Rho=13.563391, Grad_norm=0.0737, Final_scale=135.6339
🚀 APPLYING GUIDANCE at step 7 (timestep=948)
🎯 GUIDANCE STEP 7 (t=948): Loss=0.6133, Rho=9.443177, Grad_norm=0.1059, Final_scale=94.4318
🚀 APPLYING GUIDANCE at step 8 (timestep=939)
🎯 GUIDANCE STEP 8 (t=939): Loss=0.6250, Rho=13.401071, Grad_norm=0.0746, Final_scale=134.0107
🚀 APPLYING GUIDANCE at step 9 (timestep=931)
🎯 GUIDANCE STEP 9 (t=931): Loss=0.6235, Rho=6.490820, Grad_norm=0.1541, Final_scale=64.9082
🚀 APPLYING GUIDANCE at step 10 (timestep=922)
🎯 GUIDANCE STEP 10 (t=922): Loss=0.6167, Rho=6.841864, Grad_norm=0.1462, Final_scale=68.4186
🚀 APPLYING GUIDANCE at step 11 (timestep=913)
🎯 GUIDANCE STEP 11 (t=913): Loss=0.6133, Rho=5.376777, Grad_norm=0.1860, Final_scale=53.7678
🚀 APPLYING GUIDANCE at step 12 (timestep=904)
🎯 GUIDANCE STEP 12 (t=904): Loss=0.6172, Rho=6.413881, Grad_norm=0.1559, Final_scale=64.1388
🚀 APPLYING GUIDANCE at step 13 (timestep=894)
🎯 GUIDANCE STEP 13 (t=894): Loss=0.6143, Rho=13.223608, Grad_norm=0.0756, Final_scale=132.2361
🚀 APPLYING GUIDANCE at step 14 (timestep=884)
🎯 GUIDANCE STEP 14 (t=884): Loss=0.6187, Rho=5.892276, Grad_norm=0.1697, Final_scale=58.9228
🚀 APPLYING GUIDANCE at step 15 (timestep=874)
🎯 GUIDANCE STEP 15 (t=874): Loss=0.6235, Rho=9.905892, Grad_norm=0.1010, Final_scale=99.0589
🚀 APPLYING GUIDANCE at step 16 (timestep=864)
🎯 GUIDANCE STEP 16 (t=864): Loss=0.6187, Rho=10.276552, Grad_norm=0.0973, Final_scale=102.7655
🚀 APPLYING GUIDANCE at step 17 (timestep=853)
🎯 GUIDANCE STEP 17 (t=853): Loss=0.6157, Rho=6.256683, Grad_norm=0.1598, Final_scale=62.5668
🚀 APPLYING GUIDANCE at step 18 (timestep=841)
🎯 GUIDANCE STEP 18 (t=841): Loss=0.6182, Rho=8.724737, Grad_norm=0.1146, Final_scale=87.2474
🚀 APPLYING GUIDANCE at step 19 (timestep=829)
🎯 GUIDANCE STEP 19 (t=829): Loss=0.6147, Rho=8.636044, Grad_norm=0.1158, Final_scale=86.3604
🚀 APPLYING GUIDANCE at step 20 (timestep=817)
🎯 GUIDANCE STEP 20 (t=817): Loss=0.6167, Rho=6.951453, Grad_norm=0.1439, Final_scale=69.5145
🚀 APPLYING GUIDANCE at step 21 (timestep=805)
🎯 GUIDANCE STEP 21 (t=805): Loss=0.6182, Rho=8.690206, Grad_norm=0.1151, Final_scale=86.9021
🚀 APPLYING GUIDANCE at step 22 (timestep=792)
🎯 GUIDANCE STEP 22 (t=792): Loss=0.6216, Rho=9.937362, Grad_norm=0.1006, Final_scale=99.3736
🚀 APPLYING GUIDANCE at step 23 (timestep=778)
🎯 GUIDANCE STEP 23 (t=778): Loss=0.6216, Rho=8.809625, Grad_norm=0.1135, Final_scale=88.0962
🚀 APPLYING GUIDANCE at step 24 (timestep=764)
🎯 GUIDANCE STEP 24 (t=764): Loss=0.6206, Rho=12.401862, Grad_norm=0.0806, Final_scale=124.0186
🚀 APPLYING GUIDANCE at step 25 (timestep=749)
🎯 GUIDANCE STEP 25 (t=749): Loss=0.6206, Rho=5.211430, Grad_norm=0.1919, Final_scale=52.1143
🚀 APPLYING GUIDANCE at step 26 (timestep=734)
🎯 GUIDANCE STEP 26 (t=734): Loss=0.6196, Rho=7.559807, Grad_norm=0.1323, Final_scale=75.5981
🚀 APPLYING GUIDANCE at step 27 (timestep=718)
🎯 GUIDANCE STEP 27 (t=718): Loss=0.6240, Rho=10.693571, Grad_norm=0.0935, Final_scale=106.9357
🚀 APPLYING GUIDANCE at step 28 (timestep=701)
🎯 GUIDANCE STEP 28 (t=701): Loss=0.6235, Rho=16.831293, Grad_norm=0.0594, Final_scale=168.3129
🚀 APPLYING GUIDANCE at step 29 (timestep=684)
🎯 GUIDANCE STEP 29 (t=684): Loss=0.6265, Rho=14.249687, Grad_norm=0.0702, Final_scale=142.4969
🚀 APPLYING GUIDANCE at step 30 (timestep=666)
🎯 GUIDANCE STEP 30 (t=666): Loss=0.6235, Rho=18.077578, Grad_norm=0.0553, Final_scale=180.7758
🚀 APPLYING GUIDANCE at step 31 (timestep=647)
🎯 GUIDANCE STEP 31 (t=647): Loss=0.6250, Rho=18.443741, Grad_norm=0.0542, Final_scale=184.4374
🚀 APPLYING GUIDANCE at step 32 (timestep=627)
🎯 GUIDANCE STEP 32 (t=627): Loss=0.6270, Rho=16.242041, Grad_norm=0.0616, Final_scale=162.4204
🚀 APPLYING GUIDANCE at step 33 (timestep=606)
🎯 GUIDANCE STEP 33 (t=606): Loss=0.6221, Rho=19.612486, Grad_norm=0.0510, Final_scale=196.1249
🚀 APPLYING GUIDANCE at step 34 (timestep=585)
🎯 GUIDANCE STEP 34 (t=585): Loss=0.6230, Rho=12.528822, Grad_norm=0.0798, Final_scale=125.2882
🚀 APPLYING GUIDANCE at step 35 (timestep=562)
🎯 GUIDANCE STEP 35 (t=562): Loss=0.6270, Rho=10.249180, Grad_norm=0.0976, Final_scale=102.4918
🚀 APPLYING GUIDANCE at step 36 (timestep=538)
🎯 GUIDANCE STEP 36 (t=538): Loss=0.6265, Rho=2.909386, Grad_norm=0.3437, Final_scale=29.0939
🚀 APPLYING GUIDANCE at step 37 (timestep=512)
🎯 GUIDANCE STEP 37 (t=512): Loss=0.6260, Rho=18.037752, Grad_norm=0.0554, Final_scale=180.3775
🚀 APPLYING GUIDANCE at step 38 (timestep=486)
🎯 GUIDANCE STEP 38 (t=486): Loss=0.6265, Rho=20.928015, Grad_norm=0.0478, Final_scale=209.2801
🚀 APPLYING GUIDANCE at step 39 (timestep=458)
🎯 GUIDANCE STEP 39 (t=458): Loss=0.6255, Rho=11.445357, Grad_norm=0.0874, Final_scale=114.4536
🚀 APPLYING GUIDANCE at step 40 (timestep=428)
🎯 GUIDANCE STEP 40 (t=428): Loss=0.6240, Rho=6.445679, Grad_norm=0.1551, Final_scale=64.4568
🚀 APPLYING GUIDANCE at step 41 (timestep=396)
🎯 GUIDANCE STEP 41 (t=396): Loss=0.6235, Rho=18.323740, Grad_norm=0.0546, Final_scale=183.2374
🚀 APPLYING GUIDANCE at step 42 (timestep=363)
🎯 GUIDANCE STEP 42 (t=363): Loss=0.6260, Rho=20.239691, Grad_norm=0.0494, Final_scale=202.3969
🚀 APPLYING GUIDANCE at step 43 (timestep=327)
🎯 GUIDANCE STEP 43 (t=327): Loss=0.6226, Rho=22.302641, Grad_norm=0.0448, Final_scale=223.0264
🚀 APPLYING GUIDANCE at step 44 (timestep=290)
🎯 GUIDANCE STEP 44 (t=290): Loss=0.6221, Rho=18.736074, Grad_norm=0.0534, Final_scale=187.3607
🚀 APPLYING GUIDANCE at step 45 (timestep=249)
🎯 GUIDANCE STEP 45 (t=249): Loss=0.6206, Rho=16.585449, Grad_norm=0.0603, Final_scale=165.8545
🚀 APPLYING GUIDANCE at step 46 (timestep=206)
🎯 GUIDANCE STEP 46 (t=206): Loss=0.6230, Rho=5.958354, Grad_norm=0.1678, Final_scale=59.5835
🚀 APPLYING GUIDANCE at step 47 (timestep=160)
🎯 GUIDANCE STEP 47 (t=160): Loss=0.6216, Rho=21.677774, Grad_norm=0.0461, Final_scale=216.7777
🚀 APPLYING GUIDANCE at step 48 (timestep=111)
🎯 GUIDANCE STEP 48 (t=111): Loss=0.6221, Rho=19.641958, Grad_norm=0.0509, Final_scale=196.4196
🚀 APPLYING GUIDANCE at step 49 (timestep=57)
🎯 GUIDANCE STEP 49 (t=57): Loss=0.6235, Rho=17.082144, Grad_norm=0.0585, Final_scale=170.8214
[guidance_f17_s50_w8c6_rho10.0_cfg5.0_0701_1658] Generated: generated_videos/subject_consistency/guidance_f17_s50_w8c6_rho10.0_cfg5.0_0701_1658/a_motorcycle_cruising_along_a_coastal_highway.mp4
[guidance_f17_s50_w8c6_rho10.0_cfg5.0_0701_1658] Generating video 8/9 (guidance): a motorcycle turning a corner
🎬 STARTING GUIDANCE PIPELINE GENERATION
   Frames: 17, Steps: 50, CFG Scale: 5.0

🔧 GUIDANCE PIPELINE CONFIGURATION:
   Guidance range: 0 - 1001
   Rho scale: 10.0
   V-JEPA kernel_size: 8
   V-JEPA context_length: 6
   V-JEPA stride: 2
   V-JEPA mode: max
   Total timesteps: 50

🚀 APPLYING GUIDANCE at step 0 (timestep=999)
🎯 GUIDANCE STEP 0 (t=999): Loss=0.5698, Rho=13.713786, Grad_norm=0.0729, Final_scale=137.1379
🚀 APPLYING GUIDANCE at step 1 (timestep=992)
🎯 GUIDANCE STEP 1 (t=992): Loss=0.5684, Rho=13.281882, Grad_norm=0.0753, Final_scale=132.8188
🚀 APPLYING GUIDANCE at step 2 (timestep=985)
🎯 GUIDANCE STEP 2 (t=985): Loss=0.5747, Rho=17.677448, Grad_norm=0.0566, Final_scale=176.7745
🚀 APPLYING GUIDANCE at step 3 (timestep=978)
🎯 GUIDANCE STEP 3 (t=978): Loss=0.5850, Rho=7.951962, Grad_norm=0.1258, Final_scale=79.5196
🚀 APPLYING GUIDANCE at step 4 (timestep=971)
🎯 GUIDANCE STEP 4 (t=971): Loss=0.6079, Rho=6.366477, Grad_norm=0.1571, Final_scale=63.6648
🚀 APPLYING GUIDANCE at step 5 (timestep=963)
🎯 GUIDANCE STEP 5 (t=963): Loss=0.6118, Rho=10.243503, Grad_norm=0.0976, Final_scale=102.4350
🚀 APPLYING GUIDANCE at step 6 (timestep=956)
🎯 GUIDANCE STEP 6 (t=956): Loss=0.6196, Rho=7.271626, Grad_norm=0.1375, Final_scale=72.7163
🚀 APPLYING GUIDANCE at step 7 (timestep=948)
🎯 GUIDANCE STEP 7 (t=948): Loss=0.6167, Rho=4.619467, Grad_norm=0.2165, Final_scale=46.1947
🚀 APPLYING GUIDANCE at step 8 (timestep=939)
🎯 GUIDANCE STEP 8 (t=939): Loss=0.6230, Rho=8.954131, Grad_norm=0.1117, Final_scale=89.5413
🚀 APPLYING GUIDANCE at step 9 (timestep=931)
🎯 GUIDANCE STEP 9 (t=931): Loss=0.6182, Rho=8.382396, Grad_norm=0.1193, Final_scale=83.8240
🚀 APPLYING GUIDANCE at step 10 (timestep=922)
🎯 GUIDANCE STEP 10 (t=922): Loss=0.6196, Rho=5.796234, Grad_norm=0.1725, Final_scale=57.9623
🚀 APPLYING GUIDANCE at step 11 (timestep=913)
🎯 GUIDANCE STEP 11 (t=913): Loss=0.6182, Rho=2.207849, Grad_norm=0.4529, Final_scale=22.0785
🚀 APPLYING GUIDANCE at step 12 (timestep=904)
🎯 GUIDANCE STEP 12 (t=904): Loss=0.6167, Rho=15.982198, Grad_norm=0.0626, Final_scale=159.8220
🚀 APPLYING GUIDANCE at step 13 (timestep=894)
🎯 GUIDANCE STEP 13 (t=894): Loss=0.6191, Rho=14.369225, Grad_norm=0.0696, Final_scale=143.6922
🚀 APPLYING GUIDANCE at step 14 (timestep=884)
🎯 GUIDANCE STEP 14 (t=884): Loss=0.6245, Rho=15.785075, Grad_norm=0.0634, Final_scale=157.8508
🚀 APPLYING GUIDANCE at step 15 (timestep=874)
🎯 GUIDANCE STEP 15 (t=874): Loss=0.6230, Rho=7.188856, Grad_norm=0.1391, Final_scale=71.8886
🚀 APPLYING GUIDANCE at step 16 (timestep=864)
🎯 GUIDANCE STEP 16 (t=864): Loss=0.6187, Rho=8.087393, Grad_norm=0.1236, Final_scale=80.8739
🚀 APPLYING GUIDANCE at step 17 (timestep=853)
🎯 GUIDANCE STEP 17 (t=853): Loss=0.6162, Rho=14.917171, Grad_norm=0.0670, Final_scale=149.1717
🚀 APPLYING GUIDANCE at step 18 (timestep=841)
🎯 GUIDANCE STEP 18 (t=841): Loss=0.6152, Rho=19.586733, Grad_norm=0.0511, Final_scale=195.8673
🚀 APPLYING GUIDANCE at step 19 (timestep=829)
🎯 GUIDANCE STEP 19 (t=829): Loss=0.6147, Rho=26.881815, Grad_norm=0.0372, Final_scale=268.8181
🚀 APPLYING GUIDANCE at step 20 (timestep=817)
🎯 GUIDANCE STEP 20 (t=817): Loss=0.6138, Rho=17.833576, Grad_norm=0.0561, Final_scale=178.3358
🚀 APPLYING GUIDANCE at step 21 (timestep=805)
🎯 GUIDANCE STEP 21 (t=805): Loss=0.6152, Rho=26.600534, Grad_norm=0.0376, Final_scale=266.0053
🚀 APPLYING GUIDANCE at step 22 (timestep=792)
🎯 GUIDANCE STEP 22 (t=792): Loss=0.6147, Rho=17.412163, Grad_norm=0.0574, Final_scale=174.1216
🚀 APPLYING GUIDANCE at step 23 (timestep=778)
🎯 GUIDANCE STEP 23 (t=778): Loss=0.6167, Rho=17.460131, Grad_norm=0.0573, Final_scale=174.6013
🚀 APPLYING GUIDANCE at step 24 (timestep=764)
🎯 GUIDANCE STEP 24 (t=764): Loss=0.6157, Rho=24.342825, Grad_norm=0.0411, Final_scale=243.4282
🚀 APPLYING GUIDANCE at step 25 (timestep=749)
🎯 GUIDANCE STEP 25 (t=749): Loss=0.6162, Rho=27.493731, Grad_norm=0.0364, Final_scale=274.9373
🚀 APPLYING GUIDANCE at step 26 (timestep=734)
🎯 GUIDANCE STEP 26 (t=734): Loss=0.6157, Rho=15.861837, Grad_norm=0.0630, Final_scale=158.6184
🚀 APPLYING GUIDANCE at step 27 (timestep=718)
🎯 GUIDANCE STEP 27 (t=718): Loss=0.6138, Rho=23.186674, Grad_norm=0.0431, Final_scale=231.8667
🚀 APPLYING GUIDANCE at step 28 (timestep=701)
🎯 GUIDANCE STEP 28 (t=701): Loss=0.6147, Rho=19.605061, Grad_norm=0.0510, Final_scale=196.0506
🚀 APPLYING GUIDANCE at step 29 (timestep=684)
🎯 GUIDANCE STEP 29 (t=684): Loss=0.6157, Rho=23.401731, Grad_norm=0.0427, Final_scale=234.0173
🚀 APPLYING GUIDANCE at step 30 (timestep=666)
🎯 GUIDANCE STEP 30 (t=666): Loss=0.6147, Rho=31.626459, Grad_norm=0.0316, Final_scale=316.2646
🚀 APPLYING GUIDANCE at step 31 (timestep=647)
🎯 GUIDANCE STEP 31 (t=647): Loss=0.6147, Rho=27.229975, Grad_norm=0.0367, Final_scale=272.2997
🚀 APPLYING GUIDANCE at step 32 (timestep=627)
🎯 GUIDANCE STEP 32 (t=627): Loss=0.6133, Rho=38.954960, Grad_norm=0.0257, Final_scale=389.5496
🚀 APPLYING GUIDANCE at step 33 (timestep=606)
🎯 GUIDANCE STEP 33 (t=606): Loss=0.6143, Rho=49.189072, Grad_norm=0.0203, Final_scale=491.8907
🚀 APPLYING GUIDANCE at step 34 (timestep=585)
🎯 GUIDANCE STEP 34 (t=585): Loss=0.6143, Rho=34.432934, Grad_norm=0.0290, Final_scale=344.3293
🚀 APPLYING GUIDANCE at step 35 (timestep=562)
🎯 GUIDANCE STEP 35 (t=562): Loss=0.6147, Rho=34.530762, Grad_norm=0.0290, Final_scale=345.3076
🚀 APPLYING GUIDANCE at step 36 (timestep=538)
🎯 GUIDANCE STEP 36 (t=538): Loss=0.6128, Rho=57.196632, Grad_norm=0.0175, Final_scale=571.9663
🚀 APPLYING GUIDANCE at step 37 (timestep=512)
🎯 GUIDANCE STEP 37 (t=512): Loss=0.6138, Rho=41.872646, Grad_norm=0.0239, Final_scale=418.7265
🚀 APPLYING GUIDANCE at step 38 (timestep=486)
🎯 GUIDANCE STEP 38 (t=486): Loss=0.6138, Rho=29.373188, Grad_norm=0.0340, Final_scale=293.7319
🚀 APPLYING GUIDANCE at step 39 (timestep=458)
🎯 GUIDANCE STEP 39 (t=458): Loss=0.6123, Rho=41.819160, Grad_norm=0.0239, Final_scale=418.1916
🚀 APPLYING GUIDANCE at step 40 (timestep=428)
🎯 GUIDANCE STEP 40 (t=428): Loss=0.6133, Rho=9.672967, Grad_norm=0.1034, Final_scale=96.7297
🚀 APPLYING GUIDANCE at step 41 (timestep=396)
🎯 GUIDANCE STEP 41 (t=396): Loss=0.6123, Rho=49.819805, Grad_norm=0.0201, Final_scale=498.1981
🚀 APPLYING GUIDANCE at step 42 (timestep=363)
🎯 GUIDANCE STEP 42 (t=363): Loss=0.6138, Rho=20.659454, Grad_norm=0.0484, Final_scale=206.5945
🚀 APPLYING GUIDANCE at step 43 (timestep=327)
🎯 GUIDANCE STEP 43 (t=327): Loss=0.6099, Rho=51.493538, Grad_norm=0.0194, Final_scale=514.9354
🚀 APPLYING GUIDANCE at step 44 (timestep=290)
🎯 GUIDANCE STEP 44 (t=290): Loss=0.6108, Rho=37.294258, Grad_norm=0.0268, Final_scale=372.9426
🚀 APPLYING GUIDANCE at step 45 (timestep=249)
🎯 GUIDANCE STEP 45 (t=249): Loss=0.6099, Rho=48.270229, Grad_norm=0.0207, Final_scale=482.7023
🚀 APPLYING GUIDANCE at step 46 (timestep=206)
🎯 GUIDANCE STEP 46 (t=206): Loss=0.6108, Rho=11.331413, Grad_norm=0.0883, Final_scale=113.3141
🚀 APPLYING GUIDANCE at step 47 (timestep=160)
🎯 GUIDANCE STEP 47 (t=160): Loss=0.6099, Rho=53.232006, Grad_norm=0.0188, Final_scale=532.3201
🚀 APPLYING GUIDANCE at step 48 (timestep=111)
🎯 GUIDANCE STEP 48 (t=111): Loss=0.6084, Rho=52.420761, Grad_norm=0.0191, Final_scale=524.2076
🚀 APPLYING GUIDANCE at step 49 (timestep=57)
🎯 GUIDANCE STEP 49 (t=57): Loss=0.6064, Rho=33.778736, Grad_norm=0.0296, Final_scale=337.7874
[guidance_f17_s50_w8c6_rho10.0_cfg5.0_0701_1658] Generated: generated_videos/subject_consistency/guidance_f17_s50_w8c6_rho10.0_cfg5.0_0701_1658/a_truck_slowing_down_to_stop.mp4
[guidance_f17_s50_w8c6_rho10.0_cfg5.0_0701_1658] Generating video 8/9 (guidance): a truck accelerating to gain speed
🎬 STARTING GUIDANCE PIPELINE GENERATION
   Frames: 17, Steps: 50, CFG Scale: 5.0

🔧 GUIDANCE PIPELINE CONFIGURATION:
   Guidance range: 0 - 1001
   Rho scale: 10.0
   V-JEPA kernel_size: 8
   V-JEPA context_length: 6
   V-JEPA stride: 2
   V-JEPA mode: max
   Total timesteps: 50

🚀 APPLYING GUIDANCE at step 0 (timestep=999)
🎯 GUIDANCE STEP 0 (t=999): Loss=0.5342, Rho=33.233559, Grad_norm=0.0301, Final_scale=332.3356
🚀 APPLYING GUIDANCE at step 1 (timestep=992)
🎯 GUIDANCE STEP 1 (t=992): Loss=0.5488, Rho=6.856384, Grad_norm=0.1458, Final_scale=68.5638
🚀 APPLYING GUIDANCE at step 2 (timestep=985)
🎯 GUIDANCE STEP 2 (t=985): Loss=0.5469, Rho=19.195824, Grad_norm=0.0521, Final_scale=191.9582
🚀 APPLYING GUIDANCE at step 3 (timestep=978)
🎯 GUIDANCE STEP 3 (t=978): Loss=0.5771, Rho=9.431957, Grad_norm=0.1060, Final_scale=94.3196
🚀 APPLYING GUIDANCE at step 4 (timestep=971)
🎯 GUIDANCE STEP 4 (t=971): Loss=0.5830, Rho=10.369537, Grad_norm=0.0964, Final_scale=103.6954
🚀 APPLYING GUIDANCE at step 5 (timestep=963)
🎯 GUIDANCE STEP 5 (t=963): Loss=0.6001, Rho=10.717748, Grad_norm=0.0933, Final_scale=107.1775
🚀 APPLYING GUIDANCE at step 6 (timestep=956)
🎯 GUIDANCE STEP 6 (t=956): Loss=0.6021, Rho=5.710878, Grad_norm=0.1751, Final_scale=57.1088
🚀 APPLYING GUIDANCE at step 7 (timestep=948)
🎯 GUIDANCE STEP 7 (t=948): Loss=0.6035, Rho=5.800397, Grad_norm=0.1724, Final_scale=58.0040
🚀 APPLYING GUIDANCE at step 8 (timestep=939)
🎯 GUIDANCE STEP 8 (t=939): Loss=0.6064, Rho=9.125229, Grad_norm=0.1096, Final_scale=91.2523
🚀 APPLYING GUIDANCE at step 9 (timestep=931)
🎯 GUIDANCE STEP 9 (t=931): Loss=0.6089, Rho=6.279463, Grad_norm=0.1592, Final_scale=62.7946
🚀 APPLYING GUIDANCE at step 10 (timestep=922)
🎯 GUIDANCE STEP 10 (t=922): Loss=0.6045, Rho=8.991735, Grad_norm=0.1112, Final_scale=89.9173
🚀 APPLYING GUIDANCE at step 11 (timestep=913)
🎯 GUIDANCE STEP 11 (t=913): Loss=0.6069, Rho=13.833392, Grad_norm=0.0723, Final_scale=138.3339
🚀 APPLYING GUIDANCE at step 12 (timestep=904)
🎯 GUIDANCE STEP 12 (t=904): Loss=0.6079, Rho=8.244741, Grad_norm=0.1213, Final_scale=82.4474
🚀 APPLYING GUIDANCE at step 13 (timestep=894)
🎯 GUIDANCE STEP 13 (t=894): Loss=0.6094, Rho=5.689444, Grad_norm=0.1758, Final_scale=56.8944
🚀 APPLYING GUIDANCE at step 14 (timestep=884)
🎯 GUIDANCE STEP 14 (t=884): Loss=0.6079, Rho=10.293409, Grad_norm=0.0971, Final_scale=102.9341
🚀 APPLYING GUIDANCE at step 15 (timestep=874)
🎯 GUIDANCE STEP 15 (t=874): Loss=0.6074, Rho=7.432615, Grad_norm=0.1345, Final_scale=74.3261
🚀 APPLYING GUIDANCE at step 16 (timestep=864)
🎯 GUIDANCE STEP 16 (t=864): Loss=0.6104, Rho=6.074327, Grad_norm=0.1646, Final_scale=60.7433
🚀 APPLYING GUIDANCE at step 17 (timestep=853)
🎯 GUIDANCE STEP 17 (t=853): Loss=0.6089, Rho=4.078365, Grad_norm=0.2452, Final_scale=40.7837
🚀 APPLYING GUIDANCE at step 18 (timestep=841)
🎯 GUIDANCE STEP 18 (t=841): Loss=0.6060, Rho=6.820022, Grad_norm=0.1466, Final_scale=68.2002
🚀 APPLYING GUIDANCE at step 19 (timestep=829)
🎯 GUIDANCE STEP 19 (t=829): Loss=0.6055, Rho=4.120352, Grad_norm=0.2427, Final_scale=41.2035
🚀 APPLYING GUIDANCE at step 20 (timestep=817)
🎯 GUIDANCE STEP 20 (t=817): Loss=0.6050, Rho=10.091267, Grad_norm=0.0991, Final_scale=100.9127
🚀 APPLYING GUIDANCE at step 21 (timestep=805)
🎯 GUIDANCE STEP 21 (t=805): Loss=0.6060, Rho=9.295652, Grad_norm=0.1076, Final_scale=92.9565
🚀 APPLYING GUIDANCE at step 22 (timestep=792)
🎯 GUIDANCE STEP 22 (t=792): Loss=0.6055, Rho=6.408786, Grad_norm=0.1560, Final_scale=64.0879
🚀 APPLYING GUIDANCE at step 23 (timestep=778)
🎯 GUIDANCE STEP 23 (t=778): Loss=0.6035, Rho=13.994236, Grad_norm=0.0715, Final_scale=139.9424
🚀 APPLYING GUIDANCE at step 24 (timestep=764)
🎯 GUIDANCE STEP 24 (t=764): Loss=0.6035, Rho=11.351707, Grad_norm=0.0881, Final_scale=113.5171
🚀 APPLYING GUIDANCE at step 25 (timestep=749)
🎯 GUIDANCE STEP 25 (t=749): Loss=0.6060, Rho=10.327518, Grad_norm=0.0968, Final_scale=103.2752
🚀 APPLYING GUIDANCE at step 26 (timestep=734)
🎯 GUIDANCE STEP 26 (t=734): Loss=0.6104, Rho=4.567529, Grad_norm=0.2189, Final_scale=45.6753
🚀 APPLYING GUIDANCE at step 27 (timestep=718)
🎯 GUIDANCE STEP 27 (t=718): Loss=0.6069, Rho=3.500778, Grad_norm=0.2857, Final_scale=35.0078
🚀 APPLYING GUIDANCE at step 28 (timestep=701)
🎯 GUIDANCE STEP 28 (t=701): Loss=0.6074, Rho=9.862003, Grad_norm=0.1014, Final_scale=98.6200
🚀 APPLYING GUIDANCE at step 29 (timestep=684)
🎯 GUIDANCE STEP 29 (t=684): Loss=0.6099, Rho=15.719992, Grad_norm=0.0636, Final_scale=157.1999
🚀 APPLYING GUIDANCE at step 30 (timestep=666)
🎯 GUIDANCE STEP 30 (t=666): Loss=0.6089, Rho=7.826071, Grad_norm=0.1278, Final_scale=78.2607
🚀 APPLYING GUIDANCE at step 31 (timestep=647)
🎯 GUIDANCE STEP 31 (t=647): Loss=0.6060, Rho=7.432555, Grad_norm=0.1345, Final_scale=74.3255
🚀 APPLYING GUIDANCE at step 32 (timestep=627)
🎯 GUIDANCE STEP 32 (t=627): Loss=0.6060, Rho=14.865105, Grad_norm=0.0673, Final_scale=148.6510
🚀 APPLYING GUIDANCE at step 33 (timestep=606)
🎯 GUIDANCE STEP 33 (t=606): Loss=0.6055, Rho=11.826436, Grad_norm=0.0846, Final_scale=118.2644
🚀 APPLYING GUIDANCE at step 34 (timestep=585)
🎯 GUIDANCE STEP 34 (t=585): Loss=0.6060, Rho=18.213856, Grad_norm=0.0549, Final_scale=182.1386
🚀 APPLYING GUIDANCE at step 35 (timestep=562)
🎯 GUIDANCE STEP 35 (t=562): Loss=0.6069, Rho=18.986242, Grad_norm=0.0527, Final_scale=189.8624
🚀 APPLYING GUIDANCE at step 36 (timestep=538)
🎯 GUIDANCE STEP 36 (t=538): Loss=0.6045, Rho=7.652337, Grad_norm=0.1307, Final_scale=76.5234
🚀 APPLYING GUIDANCE at step 37 (timestep=512)
🎯 GUIDANCE STEP 37 (t=512): Loss=0.6055, Rho=5.723168, Grad_norm=0.1747, Final_scale=57.2317
🚀 APPLYING GUIDANCE at step 38 (timestep=486)
🎯 GUIDANCE STEP 38 (t=486): Loss=0.6055, Rho=17.855732, Grad_norm=0.0560, Final_scale=178.5573
🚀 APPLYING GUIDANCE at step 39 (timestep=458)
🎯 GUIDANCE STEP 39 (t=458): Loss=0.6069, Rho=6.857078, Grad_norm=0.1458, Final_scale=68.5708
🚀 APPLYING GUIDANCE at step 40 (timestep=428)
🎯 GUIDANCE STEP 40 (t=428): Loss=0.6074, Rho=24.586588, Grad_norm=0.0407, Final_scale=245.8659
🚀 APPLYING GUIDANCE at step 41 (timestep=396)
🎯 GUIDANCE STEP 41 (t=396): Loss=0.6064, Rho=13.858294, Grad_norm=0.0722, Final_scale=138.5829
🚀 APPLYING GUIDANCE at step 42 (timestep=363)
🎯 GUIDANCE STEP 42 (t=363): Loss=0.6060, Rho=11.561459, Grad_norm=0.0865, Final_scale=115.6146
🚀 APPLYING GUIDANCE at step 43 (timestep=327)
🎯 GUIDANCE STEP 43 (t=327): Loss=0.6084, Rho=15.721337, Grad_norm=0.0636, Final_scale=157.2134
🚀 APPLYING GUIDANCE at step 44 (timestep=290)
🎯 GUIDANCE STEP 44 (t=290): Loss=0.6050, Rho=6.529826, Grad_norm=0.1531, Final_scale=65.2983
🚀 APPLYING GUIDANCE at step 45 (timestep=249)
🎯 GUIDANCE STEP 45 (t=249): Loss=0.6069, Rho=9.367765, Grad_norm=0.1067, Final_scale=93.6777
🚀 APPLYING GUIDANCE at step 46 (timestep=206)
🎯 GUIDANCE STEP 46 (t=206): Loss=0.6069, Rho=29.853357, Grad_norm=0.0335, Final_scale=298.5336
🚀 APPLYING GUIDANCE at step 47 (timestep=160)
🎯 GUIDANCE STEP 47 (t=160): Loss=0.6060, Rho=17.328796, Grad_norm=0.0577, Final_scale=173.2880
🚀 APPLYING GUIDANCE at step 48 (timestep=111)
🎯 GUIDANCE STEP 48 (t=111): Loss=0.6040, Rho=23.980742, Grad_norm=0.0417, Final_scale=239.8074
🚀 APPLYING GUIDANCE at step 49 (timestep=57)
🎯 GUIDANCE STEP 49 (t=57): Loss=0.6045, Rho=19.186831, Grad_norm=0.0521, Final_scale=191.8683
[guidance_f17_s50_w8c6_rho10.0_cfg5.0_0701_1658] Generated: generated_videos/subject_consistency/guidance_f17_s50_w8c6_rho10.0_cfg5.0_0701_1658/an_airplane_accelerating_to_gain_speed.mp4
[guidance_f17_s50_w8c6_rho10.0_cfg5.0_0701_1658] Generating video 7/9 (guidance): a bus turning a corner
🎬 STARTING GUIDANCE PIPELINE GENERATION
   Frames: 17, Steps: 50, CFG Scale: 5.0

🔧 GUIDANCE PIPELINE CONFIGURATION:
   Guidance range: 0 - 1001
   Rho scale: 10.0
   V-JEPA kernel_size: 8
   V-JEPA context_length: 6
   V-JEPA stride: 2
   V-JEPA mode: max
   Total timesteps: 50

🚀 APPLYING GUIDANCE at step 0 (timestep=999)
🎯 GUIDANCE STEP 0 (t=999): Loss=0.5596, Rho=19.828047, Grad_norm=0.0504, Final_scale=198.2805
🚀 APPLYING GUIDANCE at step 1 (timestep=992)
🎯 GUIDANCE STEP 1 (t=992): Loss=0.5537, Rho=11.329808, Grad_norm=0.0883, Final_scale=113.2981
🚀 APPLYING GUIDANCE at step 2 (timestep=985)
🎯 GUIDANCE STEP 2 (t=985): Loss=0.5552, Rho=22.639229, Grad_norm=0.0442, Final_scale=226.3923
🚀 APPLYING GUIDANCE at step 3 (timestep=978)
🎯 GUIDANCE STEP 3 (t=978): Loss=0.5684, Rho=18.807198, Grad_norm=0.0532, Final_scale=188.0720
🚀 APPLYING GUIDANCE at step 4 (timestep=971)
🎯 GUIDANCE STEP 4 (t=971): Loss=0.5811, Rho=19.409719, Grad_norm=0.0515, Final_scale=194.0972
🚀 APPLYING GUIDANCE at step 5 (timestep=963)
🎯 GUIDANCE STEP 5 (t=963): Loss=0.5933, Rho=17.482840, Grad_norm=0.0572, Final_scale=174.8284
🚀 APPLYING GUIDANCE at step 6 (timestep=956)
🎯 GUIDANCE STEP 6 (t=956): Loss=0.5977, Rho=12.886735, Grad_norm=0.0776, Final_scale=128.8673
🚀 APPLYING GUIDANCE at step 7 (timestep=948)
🎯 GUIDANCE STEP 7 (t=948): Loss=0.5977, Rho=5.624334, Grad_norm=0.1778, Final_scale=56.2433
🚀 APPLYING GUIDANCE at step 8 (timestep=939)
🎯 GUIDANCE STEP 8 (t=939): Loss=0.5977, Rho=17.527462, Grad_norm=0.0571, Final_scale=175.2746
🚀 APPLYING GUIDANCE at step 9 (timestep=931)
🎯 GUIDANCE STEP 9 (t=931): Loss=0.6040, Rho=11.090322, Grad_norm=0.0902, Final_scale=110.9032
🚀 APPLYING GUIDANCE at step 10 (timestep=922)
🎯 GUIDANCE STEP 10 (t=922): Loss=0.6172, Rho=9.896675, Grad_norm=0.1010, Final_scale=98.9668
🚀 APPLYING GUIDANCE at step 11 (timestep=913)
🎯 GUIDANCE STEP 11 (t=913): Loss=0.6167, Rho=9.398236, Grad_norm=0.1064, Final_scale=93.9824
🚀 APPLYING GUIDANCE at step 12 (timestep=904)
🎯 GUIDANCE STEP 12 (t=904): Loss=0.6226, Rho=14.719150, Grad_norm=0.0679, Final_scale=147.1915
🚀 APPLYING GUIDANCE at step 13 (timestep=894)
🎯 GUIDANCE STEP 13 (t=894): Loss=0.6270, Rho=7.615017, Grad_norm=0.1313, Final_scale=76.1502
🚀 APPLYING GUIDANCE at step 14 (timestep=884)
🎯 GUIDANCE STEP 14 (t=884): Loss=0.6235, Rho=13.016738, Grad_norm=0.0768, Final_scale=130.1674
🚀 APPLYING GUIDANCE at step 15 (timestep=874)
🎯 GUIDANCE STEP 15 (t=874): Loss=0.6265, Rho=10.945498, Grad_norm=0.0914, Final_scale=109.4550
🚀 APPLYING GUIDANCE at step 16 (timestep=864)
🎯 GUIDANCE STEP 16 (t=864): Loss=0.6279, Rho=7.042165, Grad_norm=0.1420, Final_scale=70.4216
🚀 APPLYING GUIDANCE at step 17 (timestep=853)
🎯 GUIDANCE STEP 17 (t=853): Loss=0.6294, Rho=10.449587, Grad_norm=0.0957, Final_scale=104.4959
🚀 APPLYING GUIDANCE at step 18 (timestep=841)
🎯 GUIDANCE STEP 18 (t=841): Loss=0.6274, Rho=10.922534, Grad_norm=0.0916, Final_scale=109.2253
🚀 APPLYING GUIDANCE at step 19 (timestep=829)
🎯 GUIDANCE STEP 19 (t=829): Loss=0.6309, Rho=4.965535, Grad_norm=0.2014, Final_scale=49.6554
🚀 APPLYING GUIDANCE at step 20 (timestep=817)
🎯 GUIDANCE STEP 20 (t=817): Loss=0.6270, Rho=3.164082, Grad_norm=0.3160, Final_scale=31.6408
🚀 APPLYING GUIDANCE at step 21 (timestep=805)
🎯 GUIDANCE STEP 21 (t=805): Loss=0.6299, Rho=10.809621, Grad_norm=0.0925, Final_scale=108.0962
🚀 APPLYING GUIDANCE at step 22 (timestep=792)
🎯 GUIDANCE STEP 22 (t=792): Loss=0.6279, Rho=10.010606, Grad_norm=0.0999, Final_scale=100.1061
🚀 APPLYING GUIDANCE at step 23 (timestep=778)
🎯 GUIDANCE STEP 23 (t=778): Loss=0.6299, Rho=5.272803, Grad_norm=0.1897, Final_scale=52.7280
🚀 APPLYING GUIDANCE at step 24 (timestep=764)
🎯 GUIDANCE STEP 24 (t=764): Loss=0.6265, Rho=10.161434, Grad_norm=0.0984, Final_scale=101.6143
🚀 APPLYING GUIDANCE at step 25 (timestep=749)
🎯 GUIDANCE STEP 25 (t=749): Loss=0.6250, Rho=3.987642, Grad_norm=0.2508, Final_scale=39.8764
🚀 APPLYING GUIDANCE at step 26 (timestep=734)
🎯 GUIDANCE STEP 26 (t=734): Loss=0.6240, Rho=5.008286, Grad_norm=0.1997, Final_scale=50.0829
🚀 APPLYING GUIDANCE at step 27 (timestep=718)
🎯 GUIDANCE STEP 27 (t=718): Loss=0.6250, Rho=3.752344, Grad_norm=0.2665, Final_scale=37.5234
🚀 APPLYING GUIDANCE at step 28 (timestep=701)
🎯 GUIDANCE STEP 28 (t=701): Loss=0.6284, Rho=6.075173, Grad_norm=0.1646, Final_scale=60.7517
🚀 APPLYING GUIDANCE at step 29 (timestep=684)
🎯 GUIDANCE STEP 29 (t=684): Loss=0.6226, Rho=7.417943, Grad_norm=0.1348, Final_scale=74.1794
🚀 APPLYING GUIDANCE at step 30 (timestep=666)
🎯 GUIDANCE STEP 30 (t=666): Loss=0.6196, Rho=8.251360, Grad_norm=0.1212, Final_scale=82.5136
🚀 APPLYING GUIDANCE at step 31 (timestep=647)
🎯 GUIDANCE STEP 31 (t=647): Loss=0.6211, Rho=5.403229, Grad_norm=0.1851, Final_scale=54.0323
🚀 APPLYING GUIDANCE at step 32 (timestep=627)
🎯 GUIDANCE STEP 32 (t=627): Loss=0.6240, Rho=6.878025, Grad_norm=0.1454, Final_scale=68.7803
🚀 APPLYING GUIDANCE at step 33 (timestep=606)
🎯 GUIDANCE STEP 33 (t=606): Loss=0.6230, Rho=10.652900, Grad_norm=0.0939, Final_scale=106.5290
🚀 APPLYING GUIDANCE at step 34 (timestep=585)
🎯 GUIDANCE STEP 34 (t=585): Loss=0.6260, Rho=5.975760, Grad_norm=0.1673, Final_scale=59.7576
🚀 APPLYING GUIDANCE at step 35 (timestep=562)
🎯 GUIDANCE STEP 35 (t=562): Loss=0.6235, Rho=7.280487, Grad_norm=0.1374, Final_scale=72.8049
🚀 APPLYING GUIDANCE at step 36 (timestep=538)
🎯 GUIDANCE STEP 36 (t=538): Loss=0.6250, Rho=11.933884, Grad_norm=0.0838, Final_scale=119.3388
🚀 APPLYING GUIDANCE at step 37 (timestep=512)
🎯 GUIDANCE STEP 37 (t=512): Loss=0.6230, Rho=16.477674, Grad_norm=0.0607, Final_scale=164.7767
🚀 APPLYING GUIDANCE at step 38 (timestep=486)
🎯 GUIDANCE STEP 38 (t=486): Loss=0.6230, Rho=15.922461, Grad_norm=0.0628, Final_scale=159.2246
🚀 APPLYING GUIDANCE at step 39 (timestep=458)
🎯 GUIDANCE STEP 39 (t=458): Loss=0.6250, Rho=2.995424, Grad_norm=0.3338, Final_scale=29.9542
🚀 APPLYING GUIDANCE at step 40 (timestep=428)
🎯 GUIDANCE STEP 40 (t=428): Loss=0.6255, Rho=5.748333, Grad_norm=0.1740, Final_scale=57.4833
🚀 APPLYING GUIDANCE at step 41 (timestep=396)
🎯 GUIDANCE STEP 41 (t=396): Loss=0.6240, Rho=10.738798, Grad_norm=0.0931, Final_scale=107.3880
🚀 APPLYING GUIDANCE at step 42 (timestep=363)
🎯 GUIDANCE STEP 42 (t=363): Loss=0.6240, Rho=5.655775, Grad_norm=0.1768, Final_scale=56.5578
🚀 APPLYING GUIDANCE at step 43 (timestep=327)
🎯 GUIDANCE STEP 43 (t=327): Loss=0.6226, Rho=12.902059, Grad_norm=0.0775, Final_scale=129.0206
🚀 APPLYING GUIDANCE at step 44 (timestep=290)
🎯 GUIDANCE STEP 44 (t=290): Loss=0.6187, Rho=22.832750, Grad_norm=0.0438, Final_scale=228.3275
🚀 APPLYING GUIDANCE at step 45 (timestep=249)
🎯 GUIDANCE STEP 45 (t=249): Loss=0.6157, Rho=17.934183, Grad_norm=0.0558, Final_scale=179.3418
🚀 APPLYING GUIDANCE at step 46 (timestep=206)
🎯 GUIDANCE STEP 46 (t=206): Loss=0.6099, Rho=17.492584, Grad_norm=0.0572, Final_scale=174.9258
🚀 APPLYING GUIDANCE at step 47 (timestep=160)
🎯 GUIDANCE STEP 47 (t=160): Loss=0.6152, Rho=26.600428, Grad_norm=0.0376, Final_scale=266.0043
🚀 APPLYING GUIDANCE at step 48 (timestep=111)
🎯 GUIDANCE STEP 48 (t=111): Loss=0.6021, Rho=20.906261, Grad_norm=0.0478, Final_scale=209.0626
🚀 APPLYING GUIDANCE at step 49 (timestep=57)
🎯 GUIDANCE STEP 49 (t=57): Loss=0.6069, Rho=20.495775, Grad_norm=0.0488, Final_scale=204.9578
[guidance_f17_s50_w8c6_rho10.0_cfg5.0_0701_1658] Generated: generated_videos/subject_consistency/guidance_f17_s50_w8c6_rho10.0_cfg5.0_0701_1658/a_cat_drinking_water.mp4
[guidance_f17_s50_w8c6_rho10.0_cfg5.0_0701_1658] Generating video 9/9 (guidance): a cat running happily
🎬 STARTING GUIDANCE PIPELINE GENERATION
   Frames: 17, Steps: 50, CFG Scale: 5.0

🔧 GUIDANCE PIPELINE CONFIGURATION:
   Guidance range: 0 - 1001
   Rho scale: 10.0
   V-JEPA kernel_size: 8
   V-JEPA context_length: 6
   V-JEPA stride: 2
   V-JEPA mode: max
   Total timesteps: 50

🚀 APPLYING GUIDANCE at step 0 (timestep=999)
🎯 GUIDANCE STEP 0 (t=999): Loss=0.5591, Rho=24.036388, Grad_norm=0.0416, Final_scale=240.3639
🚀 APPLYING GUIDANCE at step 1 (timestep=992)
🎯 GUIDANCE STEP 1 (t=992): Loss=0.5361, Rho=21.330839, Grad_norm=0.0469, Final_scale=213.3084
🚀 APPLYING GUIDANCE at step 2 (timestep=985)
🎯 GUIDANCE STEP 2 (t=985): Loss=0.5532, Rho=26.488066, Grad_norm=0.0378, Final_scale=264.8807
🚀 APPLYING GUIDANCE at step 3 (timestep=978)
🎯 GUIDANCE STEP 3 (t=978): Loss=0.5522, Rho=34.775017, Grad_norm=0.0288, Final_scale=347.7502
🚀 APPLYING GUIDANCE at step 4 (timestep=971)
🎯 GUIDANCE STEP 4 (t=971): Loss=0.5415, Rho=15.609377, Grad_norm=0.0641, Final_scale=156.0938
🚀 APPLYING GUIDANCE at step 5 (timestep=963)
🎯 GUIDANCE STEP 5 (t=963): Loss=0.5474, Rho=40.175606, Grad_norm=0.0249, Final_scale=401.7561
🚀 APPLYING GUIDANCE at step 6 (timestep=956)
🎯 GUIDANCE STEP 6 (t=956): Loss=0.5493, Rho=21.383635, Grad_norm=0.0468, Final_scale=213.8363
🚀 APPLYING GUIDANCE at step 7 (timestep=948)
🎯 GUIDANCE STEP 7 (t=948): Loss=0.5542, Rho=20.007214, Grad_norm=0.0500, Final_scale=200.0721
🚀 APPLYING GUIDANCE at step 8 (timestep=939)
🎯 GUIDANCE STEP 8 (t=939): Loss=0.5605, Rho=12.567018, Grad_norm=0.0796, Final_scale=125.6702
🚀 APPLYING GUIDANCE at step 9 (timestep=931)
🎯 GUIDANCE STEP 9 (t=931): Loss=0.5684, Rho=12.619182, Grad_norm=0.0792, Final_scale=126.1918
🚀 APPLYING GUIDANCE at step 10 (timestep=922)
🎯 GUIDANCE STEP 10 (t=922): Loss=0.5713, Rho=15.061458, Grad_norm=0.0664, Final_scale=150.6146
🚀 APPLYING GUIDANCE at step 11 (timestep=913)
🎯 GUIDANCE STEP 11 (t=913): Loss=0.5688, Rho=14.946929, Grad_norm=0.0669, Final_scale=149.4693
🚀 APPLYING GUIDANCE at step 12 (timestep=904)
🎯 GUIDANCE STEP 12 (t=904): Loss=0.5669, Rho=19.133507, Grad_norm=0.0523, Final_scale=191.3351
🚀 APPLYING GUIDANCE at step 13 (timestep=894)
🎯 GUIDANCE STEP 13 (t=894): Loss=0.5771, Rho=8.513703, Grad_norm=0.1175, Final_scale=85.1370
🚀 APPLYING GUIDANCE at step 14 (timestep=884)
🎯 GUIDANCE STEP 14 (t=884): Loss=0.5786, Rho=6.617087, Grad_norm=0.1511, Final_scale=66.1709
🚀 APPLYING GUIDANCE at step 15 (timestep=874)
🎯 GUIDANCE STEP 15 (t=874): Loss=0.5850, Rho=15.303460, Grad_norm=0.0653, Final_scale=153.0346
🚀 APPLYING GUIDANCE at step 16 (timestep=864)
🎯 GUIDANCE STEP 16 (t=864): Loss=0.5845, Rho=17.617439, Grad_norm=0.0568, Final_scale=176.1744
🚀 APPLYING GUIDANCE at step 17 (timestep=853)
🎯 GUIDANCE STEP 17 (t=853): Loss=0.5918, Rho=8.558518, Grad_norm=0.1168, Final_scale=85.5852
🚀 APPLYING GUIDANCE at step 18 (timestep=841)
🎯 GUIDANCE STEP 18 (t=841): Loss=0.5972, Rho=9.463092, Grad_norm=0.1057, Final_scale=94.6309
🚀 APPLYING GUIDANCE at step 19 (timestep=829)
🎯 GUIDANCE STEP 19 (t=829): Loss=0.5967, Rho=9.406634, Grad_norm=0.1063, Final_scale=94.0663
🚀 APPLYING GUIDANCE at step 20 (timestep=817)
🎯 GUIDANCE STEP 20 (t=817): Loss=0.5923, Rho=9.714422, Grad_norm=0.1029, Final_scale=97.1442
🚀 APPLYING GUIDANCE at step 21 (timestep=805)
🎯 GUIDANCE STEP 21 (t=805): Loss=0.5898, Rho=6.273250, Grad_norm=0.1594, Final_scale=62.7325
🚀 APPLYING GUIDANCE at step 22 (timestep=792)
🎯 GUIDANCE STEP 22 (t=792): Loss=0.5889, Rho=3.769635, Grad_norm=0.2653, Final_scale=37.6964
🚀 APPLYING GUIDANCE at step 23 (timestep=778)
🎯 GUIDANCE STEP 23 (t=778): Loss=0.5908, Rho=5.399824, Grad_norm=0.1852, Final_scale=53.9982
🚀 APPLYING GUIDANCE at step 24 (timestep=764)
🎯 GUIDANCE STEP 24 (t=764): Loss=0.5903, Rho=9.100173, Grad_norm=0.1099, Final_scale=91.0017
🚀 APPLYING GUIDANCE at step 25 (timestep=749)
🎯 GUIDANCE STEP 25 (t=749): Loss=0.5908, Rho=9.213026, Grad_norm=0.1085, Final_scale=92.1303
🚀 APPLYING GUIDANCE at step 26 (timestep=734)
🎯 GUIDANCE STEP 26 (t=734): Loss=0.5894, Rho=6.207461, Grad_norm=0.1611, Final_scale=62.0746
🚀 APPLYING GUIDANCE at step 27 (timestep=718)
🎯 GUIDANCE STEP 27 (t=718): Loss=0.5898, Rho=5.558727, Grad_norm=0.1799, Final_scale=55.5873
🚀 APPLYING GUIDANCE at step 28 (timestep=701)
🎯 GUIDANCE STEP 28 (t=701): Loss=0.5903, Rho=5.102594, Grad_norm=0.1960, Final_scale=51.0259
🚀 APPLYING GUIDANCE at step 29 (timestep=684)
🎯 GUIDANCE STEP 29 (t=684): Loss=0.5884, Rho=7.471520, Grad_norm=0.1338, Final_scale=74.7152
🚀 APPLYING GUIDANCE at step 30 (timestep=666)
🎯 GUIDANCE STEP 30 (t=666): Loss=0.5854, Rho=11.692596, Grad_norm=0.0855, Final_scale=116.9260
🚀 APPLYING GUIDANCE at step 31 (timestep=647)
🎯 GUIDANCE STEP 31 (t=647): Loss=0.5874, Rho=9.072385, Grad_norm=0.1102, Final_scale=90.7238
🚀 APPLYING GUIDANCE at step 32 (timestep=627)
🎯 GUIDANCE STEP 32 (t=627): Loss=0.5864, Rho=15.125425, Grad_norm=0.0661, Final_scale=151.2543
🚀 APPLYING GUIDANCE at step 33 (timestep=606)
🎯 GUIDANCE STEP 33 (t=606): Loss=0.5869, Rho=7.294304, Grad_norm=0.1371, Final_scale=72.9430
🚀 APPLYING GUIDANCE at step 34 (timestep=585)
🎯 GUIDANCE STEP 34 (t=585): Loss=0.5869, Rho=7.947072, Grad_norm=0.1258, Final_scale=79.4707
🚀 APPLYING GUIDANCE at step 35 (timestep=562)
🎯 GUIDANCE STEP 35 (t=562): Loss=0.5869, Rho=18.812122, Grad_norm=0.0532, Final_scale=188.1212
🚀 APPLYING GUIDANCE at step 36 (timestep=538)
🎯 GUIDANCE STEP 36 (t=538): Loss=0.5840, Rho=25.412939, Grad_norm=0.0394, Final_scale=254.1294
🚀 APPLYING GUIDANCE at step 37 (timestep=512)
🎯 GUIDANCE STEP 37 (t=512): Loss=0.5854, Rho=13.780072, Grad_norm=0.0726, Final_scale=137.8007
🚀 APPLYING GUIDANCE at step 38 (timestep=486)
🎯 GUIDANCE STEP 38 (t=486): Loss=0.5898, Rho=8.022889, Grad_norm=0.1246, Final_scale=80.2289
🚀 APPLYING GUIDANCE at step 39 (timestep=458)
🎯 GUIDANCE STEP 39 (t=458): Loss=0.5903, Rho=18.348265, Grad_norm=0.0545, Final_scale=183.4826
🚀 APPLYING GUIDANCE at step 40 (timestep=428)
🎯 GUIDANCE STEP 40 (t=428): Loss=0.5864, Rho=10.454523, Grad_norm=0.0957, Final_scale=104.5452
🚀 APPLYING GUIDANCE at step 41 (timestep=396)
🎯 GUIDANCE STEP 41 (t=396): Loss=0.5908, Rho=17.808437, Grad_norm=0.0562, Final_scale=178.0844
🚀 APPLYING GUIDANCE at step 42 (timestep=363)
🎯 GUIDANCE STEP 42 (t=363): Loss=0.5889, Rho=22.575996, Grad_norm=0.0443, Final_scale=225.7600
🚀 APPLYING GUIDANCE at step 43 (timestep=327)
🎯 GUIDANCE STEP 43 (t=327): Loss=0.5879, Rho=8.418269, Grad_norm=0.1188, Final_scale=84.1827
🚀 APPLYING GUIDANCE at step 44 (timestep=290)
🎯 GUIDANCE STEP 44 (t=290): Loss=0.5903, Rho=35.752792, Grad_norm=0.0280, Final_scale=357.5279
🚀 APPLYING GUIDANCE at step 45 (timestep=249)
🎯 GUIDANCE STEP 45 (t=249): Loss=0.5894, Rho=24.114597, Grad_norm=0.0415, Final_scale=241.1460
🚀 APPLYING GUIDANCE at step 46 (timestep=206)
🎯 GUIDANCE STEP 46 (t=206): Loss=0.5889, Rho=27.278559, Grad_norm=0.0367, Final_scale=272.7856
🚀 APPLYING GUIDANCE at step 47 (timestep=160)
🎯 GUIDANCE STEP 47 (t=160): Loss=0.5889, Rho=17.550045, Grad_norm=0.0570, Final_scale=175.5005
🚀 APPLYING GUIDANCE at step 48 (timestep=111)
🎯 GUIDANCE STEP 48 (t=111): Loss=0.5879, Rho=24.105602, Grad_norm=0.0415, Final_scale=241.0560
🚀 APPLYING GUIDANCE at step 49 (timestep=57)
🎯 GUIDANCE STEP 49 (t=57): Loss=0.5884, Rho=15.459451, Grad_norm=0.0647, Final_scale=154.5945
[guidance_f17_s50_w8c6_rho10.0_cfg5.0_0701_1658] Generated: generated_videos/subject_consistency/guidance_f17_s50_w8c6_rho10.0_cfg5.0_0701_1658/a_horse_running_to_join_a_herd_of_its_kind.mp4
[guidance_f17_s50_w8c6_rho10.0_cfg5.0_0701_1658] Generating video 9/9 (guidance): a sheep bending down to drink water from a river
🎬 STARTING GUIDANCE PIPELINE GENERATION
   Frames: 17, Steps: 50, CFG Scale: 5.0

🔧 GUIDANCE PIPELINE CONFIGURATION:
   Guidance range: 0 - 1001
   Rho scale: 10.0
   V-JEPA kernel_size: 8
   V-JEPA context_length: 6
   V-JEPA stride: 2
   V-JEPA mode: max
   Total timesteps: 50

🚀 APPLYING GUIDANCE at step 0 (timestep=999)
🎯 GUIDANCE STEP 0 (t=999): Loss=0.5591, Rho=22.915525, Grad_norm=0.0436, Final_scale=229.1553
🚀 APPLYING GUIDANCE at step 1 (timestep=992)
🎯 GUIDANCE STEP 1 (t=992): Loss=0.5288, Rho=19.745461, Grad_norm=0.0506, Final_scale=197.4546
🚀 APPLYING GUIDANCE at step 2 (timestep=985)
🎯 GUIDANCE STEP 2 (t=985): Loss=0.5376, Rho=28.049530, Grad_norm=0.0357, Final_scale=280.4953
🚀 APPLYING GUIDANCE at step 3 (timestep=978)
🎯 GUIDANCE STEP 3 (t=978): Loss=0.5386, Rho=31.679247, Grad_norm=0.0316, Final_scale=316.7925
🚀 APPLYING GUIDANCE at step 4 (timestep=971)
🎯 GUIDANCE STEP 4 (t=971): Loss=0.5376, Rho=17.932144, Grad_norm=0.0558, Final_scale=179.3214
🚀 APPLYING GUIDANCE at step 5 (timestep=963)
🎯 GUIDANCE STEP 5 (t=963): Loss=0.5342, Rho=33.217880, Grad_norm=0.0301, Final_scale=332.1788
🚀 APPLYING GUIDANCE at step 6 (timestep=956)
🎯 GUIDANCE STEP 6 (t=956): Loss=0.5381, Rho=19.541283, Grad_norm=0.0512, Final_scale=195.4128
🚀 APPLYING GUIDANCE at step 7 (timestep=948)
🎯 GUIDANCE STEP 7 (t=948): Loss=0.5459, Rho=38.928364, Grad_norm=0.0257, Final_scale=389.2836
🚀 APPLYING GUIDANCE at step 8 (timestep=939)
🎯 GUIDANCE STEP 8 (t=939): Loss=0.5479, Rho=25.599871, Grad_norm=0.0391, Final_scale=255.9987
🚀 APPLYING GUIDANCE at step 9 (timestep=931)
🎯 GUIDANCE STEP 9 (t=931): Loss=0.5557, Rho=14.773837, Grad_norm=0.0677, Final_scale=147.7384
🚀 APPLYING GUIDANCE at step 10 (timestep=922)
🎯 GUIDANCE STEP 10 (t=922): Loss=0.5615, Rho=11.197694, Grad_norm=0.0893, Final_scale=111.9769
🚀 APPLYING GUIDANCE at step 11 (timestep=913)
🎯 GUIDANCE STEP 11 (t=913): Loss=0.5430, Rho=6.508539, Grad_norm=0.1536, Final_scale=65.0854
🚀 APPLYING GUIDANCE at step 12 (timestep=904)
🎯 GUIDANCE STEP 12 (t=904): Loss=0.5430, Rho=10.649390, Grad_norm=0.0939, Final_scale=106.4939
🚀 APPLYING GUIDANCE at step 13 (timestep=894)
🎯 GUIDANCE STEP 13 (t=894): Loss=0.5425, Rho=11.123372, Grad_norm=0.0899, Final_scale=111.2337
🚀 APPLYING GUIDANCE at step 14 (timestep=884)
🎯 GUIDANCE STEP 14 (t=884): Loss=0.5508, Rho=16.866350, Grad_norm=0.0593, Final_scale=168.6635
🚀 APPLYING GUIDANCE at step 15 (timestep=874)
🎯 GUIDANCE STEP 15 (t=874): Loss=0.5684, Rho=15.785231, Grad_norm=0.0634, Final_scale=157.8523
🚀 APPLYING GUIDANCE at step 16 (timestep=864)
🎯 GUIDANCE STEP 16 (t=864): Loss=0.5845, Rho=11.747874, Grad_norm=0.0851, Final_scale=117.4787
🚀 APPLYING GUIDANCE at step 17 (timestep=853)
🎯 GUIDANCE STEP 17 (t=853): Loss=0.5928, Rho=9.232851, Grad_norm=0.1083, Final_scale=92.3285
🚀 APPLYING GUIDANCE at step 18 (timestep=841)
🎯 GUIDANCE STEP 18 (t=841): Loss=0.6006, Rho=9.115608, Grad_norm=0.1097, Final_scale=91.1561
🚀 APPLYING GUIDANCE at step 19 (timestep=829)
🎯 GUIDANCE STEP 19 (t=829): Loss=0.6006, Rho=12.668498, Grad_norm=0.0789, Final_scale=126.6850
🚀 APPLYING GUIDANCE at step 20 (timestep=817)
🎯 GUIDANCE STEP 20 (t=817): Loss=0.6030, Rho=6.932010, Grad_norm=0.1443, Final_scale=69.3201
🚀 APPLYING GUIDANCE at step 21 (timestep=805)
🎯 GUIDANCE STEP 21 (t=805): Loss=0.5962, Rho=3.545857, Grad_norm=0.2820, Final_scale=35.4586
🚀 APPLYING GUIDANCE at step 22 (timestep=792)
🎯 GUIDANCE STEP 22 (t=792): Loss=0.5938, Rho=11.328130, Grad_norm=0.0883, Final_scale=113.2813
🚀 APPLYING GUIDANCE at step 23 (timestep=778)
🎯 GUIDANCE STEP 23 (t=778): Loss=0.5942, Rho=8.559248, Grad_norm=0.1168, Final_scale=85.5925
🚀 APPLYING GUIDANCE at step 24 (timestep=764)
🎯 GUIDANCE STEP 24 (t=764): Loss=0.5928, Rho=5.435434, Grad_norm=0.1840, Final_scale=54.3543
🚀 APPLYING GUIDANCE at step 25 (timestep=749)
🎯 GUIDANCE STEP 25 (t=749): Loss=0.5938, Rho=7.734271, Grad_norm=0.1293, Final_scale=77.3427
🚀 APPLYING GUIDANCE at step 26 (timestep=734)
🎯 GUIDANCE STEP 26 (t=734): Loss=0.5933, Rho=8.455559, Grad_norm=0.1183, Final_scale=84.5556
🚀 APPLYING GUIDANCE at step 27 (timestep=718)
🎯 GUIDANCE STEP 27 (t=718): Loss=0.5913, Rho=7.491629, Grad_norm=0.1335, Final_scale=74.9163
🚀 APPLYING GUIDANCE at step 28 (timestep=701)
🎯 GUIDANCE STEP 28 (t=701): Loss=0.5923, Rho=5.946131, Grad_norm=0.1682, Final_scale=59.4613
🚀 APPLYING GUIDANCE at step 29 (timestep=684)
🎯 GUIDANCE STEP 29 (t=684): Loss=0.5972, Rho=6.347396, Grad_norm=0.1575, Final_scale=63.4740
🚀 APPLYING GUIDANCE at step 30 (timestep=666)
🎯 GUIDANCE STEP 30 (t=666): Loss=0.5972, Rho=4.859934, Grad_norm=0.2058, Final_scale=48.5993
🚀 APPLYING GUIDANCE at step 31 (timestep=647)
🎯 GUIDANCE STEP 31 (t=647): Loss=0.5894, Rho=8.595576, Grad_norm=0.1163, Final_scale=85.9558
🚀 APPLYING GUIDANCE at step 32 (timestep=627)
🎯 GUIDANCE STEP 32 (t=627): Loss=0.5952, Rho=7.767517, Grad_norm=0.1287, Final_scale=77.6752
🚀 APPLYING GUIDANCE at step 33 (timestep=606)
🎯 GUIDANCE STEP 33 (t=606): Loss=0.5957, Rho=10.440134, Grad_norm=0.0958, Final_scale=104.4013
🚀 APPLYING GUIDANCE at step 34 (timestep=585)
🎯 GUIDANCE STEP 34 (t=585): Loss=0.5933, Rho=12.987001, Grad_norm=0.0770, Final_scale=129.8700
🚀 APPLYING GUIDANCE at step 35 (timestep=562)
🎯 GUIDANCE STEP 35 (t=562): Loss=0.5938, Rho=7.981446, Grad_norm=0.1253, Final_scale=79.8145
🚀 APPLYING GUIDANCE at step 36 (timestep=538)
🎯 GUIDANCE STEP 36 (t=538): Loss=0.5903, Rho=7.895358, Grad_norm=0.1267, Final_scale=78.9536
🚀 APPLYING GUIDANCE at step 37 (timestep=512)
🎯 GUIDANCE STEP 37 (t=512): Loss=0.5898, Rho=12.205134, Grad_norm=0.0819, Final_scale=122.0513
🚀 APPLYING GUIDANCE at step 38 (timestep=486)
🎯 GUIDANCE STEP 38 (t=486): Loss=0.5889, Rho=9.502076, Grad_norm=0.1052, Final_scale=95.0208
🚀 APPLYING GUIDANCE at step 39 (timestep=458)
🎯 GUIDANCE STEP 39 (t=458): Loss=0.5903, Rho=13.495438, Grad_norm=0.0741, Final_scale=134.9544
🚀 APPLYING GUIDANCE at step 40 (timestep=428)
🎯 GUIDANCE STEP 40 (t=428): Loss=0.5889, Rho=5.942752, Grad_norm=0.1683, Final_scale=59.4275
🚀 APPLYING GUIDANCE at step 41 (timestep=396)
🎯 GUIDANCE STEP 41 (t=396): Loss=0.5884, Rho=13.993715, Grad_norm=0.0715, Final_scale=139.9372
🚀 APPLYING GUIDANCE at step 42 (timestep=363)
🎯 GUIDANCE STEP 42 (t=363): Loss=0.5898, Rho=8.987212, Grad_norm=0.1113, Final_scale=89.8721
🚀 APPLYING GUIDANCE at step 43 (timestep=327)
🎯 GUIDANCE STEP 43 (t=327): Loss=0.5898, Rho=20.142969, Grad_norm=0.0496, Final_scale=201.4297
🚀 APPLYING GUIDANCE at step 44 (timestep=290)
🎯 GUIDANCE STEP 44 (t=290): Loss=0.5879, Rho=15.555455, Grad_norm=0.0643, Final_scale=155.5546
🚀 APPLYING GUIDANCE at step 45 (timestep=249)
🎯 GUIDANCE STEP 45 (t=249): Loss=0.5879, Rho=22.467194, Grad_norm=0.0445, Final_scale=224.6719
🚀 APPLYING GUIDANCE at step 46 (timestep=206)
🎯 GUIDANCE STEP 46 (t=206): Loss=0.5894, Rho=13.029400, Grad_norm=0.0767, Final_scale=130.2940
🚀 APPLYING GUIDANCE at step 47 (timestep=160)
🎯 GUIDANCE STEP 47 (t=160): Loss=0.5850, Rho=28.846849, Grad_norm=0.0347, Final_scale=288.4685
🚀 APPLYING GUIDANCE at step 48 (timestep=111)
🎯 GUIDANCE STEP 48 (t=111): Loss=0.5864, Rho=10.140953, Grad_norm=0.0986, Final_scale=101.4095
🚀 APPLYING GUIDANCE at step 49 (timestep=57)
🎯 GUIDANCE STEP 49 (t=57): Loss=0.5854, Rho=17.664328, Grad_norm=0.0566, Final_scale=176.6433
[guidance_f17_s50_w8c6_rho10.0_cfg5.0_0701_1658] Generated: generated_videos/subject_consistency/guidance_f17_s50_w8c6_rho10.0_cfg5.0_0701_1658/an_elephant_running_to_join_a_herd_of_its_kind.mp4
[guidance_f17_s50_w8c6_rho10.0_cfg5.0_0701_1658] Generating video 9/9 (guidance): a bear catching a salmon in its powerful jaws
🎬 STARTING GUIDANCE PIPELINE GENERATION
   Frames: 17, Steps: 50, CFG Scale: 5.0

🔧 GUIDANCE PIPELINE CONFIGURATION:
   Guidance range: 0 - 1001
   Rho scale: 10.0
   V-JEPA kernel_size: 8
   V-JEPA context_length: 6
   V-JEPA stride: 2
   V-JEPA mode: max
   Total timesteps: 50

🚀 APPLYING GUIDANCE at step 0 (timestep=999)
🎯 GUIDANCE STEP 0 (t=999): Loss=0.5967, Rho=15.084573, Grad_norm=0.0663, Final_scale=150.8457
🚀 APPLYING GUIDANCE at step 1 (timestep=992)
🎯 GUIDANCE STEP 1 (t=992): Loss=0.5532, Rho=45.662655, Grad_norm=0.0219, Final_scale=456.6265
🚀 APPLYING GUIDANCE at step 2 (timestep=985)
🎯 GUIDANCE STEP 2 (t=985): Loss=0.5547, Rho=18.562435, Grad_norm=0.0539, Final_scale=185.6244
🚀 APPLYING GUIDANCE at step 3 (timestep=978)
🎯 GUIDANCE STEP 3 (t=978): Loss=0.5620, Rho=22.517578, Grad_norm=0.0444, Final_scale=225.1758
🚀 APPLYING GUIDANCE at step 4 (timestep=971)
🎯 GUIDANCE STEP 4 (t=971): Loss=0.5679, Rho=15.916765, Grad_norm=0.0628, Final_scale=159.1677
🚀 APPLYING GUIDANCE at step 5 (timestep=963)
🎯 GUIDANCE STEP 5 (t=963): Loss=0.5664, Rho=8.932964, Grad_norm=0.1119, Final_scale=89.3296
🚀 APPLYING GUIDANCE at step 6 (timestep=956)
🎯 GUIDANCE STEP 6 (t=956): Loss=0.5693, Rho=18.897245, Grad_norm=0.0529, Final_scale=188.9725
🚀 APPLYING GUIDANCE at step 7 (timestep=948)
🎯 GUIDANCE STEP 7 (t=948): Loss=0.5889, Rho=9.630217, Grad_norm=0.1038, Final_scale=96.3022
🚀 APPLYING GUIDANCE at step 8 (timestep=939)
🎯 GUIDANCE STEP 8 (t=939): Loss=0.5923, Rho=5.271625, Grad_norm=0.1897, Final_scale=52.7162
🚀 APPLYING GUIDANCE at step 9 (timestep=931)
🎯 GUIDANCE STEP 9 (t=931): Loss=0.6206, Rho=7.566497, Grad_norm=0.1322, Final_scale=75.6650
🚀 APPLYING GUIDANCE at step 10 (timestep=922)
🎯 GUIDANCE STEP 10 (t=922): Loss=0.6270, Rho=4.839360, Grad_norm=0.2066, Final_scale=48.3936
🚀 APPLYING GUIDANCE at step 11 (timestep=913)
🎯 GUIDANCE STEP 11 (t=913): Loss=0.6211, Rho=6.420643, Grad_norm=0.1557, Final_scale=64.2064
🚀 APPLYING GUIDANCE at step 12 (timestep=904)
🎯 GUIDANCE STEP 12 (t=904): Loss=0.6367, Rho=7.968582, Grad_norm=0.1255, Final_scale=79.6858
🚀 APPLYING GUIDANCE at step 13 (timestep=894)
🎯 GUIDANCE STEP 13 (t=894): Loss=0.6387, Rho=6.033241, Grad_norm=0.1657, Final_scale=60.3324
🚀 APPLYING GUIDANCE at step 14 (timestep=884)
🎯 GUIDANCE STEP 14 (t=884): Loss=0.6333, Rho=7.167748, Grad_norm=0.1395, Final_scale=71.6775
🚀 APPLYING GUIDANCE at step 15 (timestep=874)
🎯 GUIDANCE STEP 15 (t=874): Loss=0.6357, Rho=2.772523, Grad_norm=0.3607, Final_scale=27.7252
🚀 APPLYING GUIDANCE at step 16 (timestep=864)
🎯 GUIDANCE STEP 16 (t=864): Loss=0.6426, Rho=9.559765, Grad_norm=0.1046, Final_scale=95.5976
🚀 APPLYING GUIDANCE at step 17 (timestep=853)
🎯 GUIDANCE STEP 17 (t=853): Loss=0.6367, Rho=16.009550, Grad_norm=0.0625, Final_scale=160.0955
🚀 APPLYING GUIDANCE at step 18 (timestep=841)
🎯 GUIDANCE STEP 18 (t=841): Loss=0.6396, Rho=8.214344, Grad_norm=0.1217, Final_scale=82.1434
🚀 APPLYING GUIDANCE at step 19 (timestep=829)
🎯 GUIDANCE STEP 19 (t=829): Loss=0.6333, Rho=9.816754, Grad_norm=0.1019, Final_scale=98.1675
🚀 APPLYING GUIDANCE at step 20 (timestep=817)
🎯 GUIDANCE STEP 20 (t=817): Loss=0.6323, Rho=5.416969, Grad_norm=0.1846, Final_scale=54.1697
🚀 APPLYING GUIDANCE at step 21 (timestep=805)
🎯 GUIDANCE STEP 21 (t=805): Loss=0.6338, Rho=4.798646, Grad_norm=0.2084, Final_scale=47.9865
🚀 APPLYING GUIDANCE at step 22 (timestep=792)
🎯 GUIDANCE STEP 22 (t=792): Loss=0.6338, Rho=11.579027, Grad_norm=0.0864, Final_scale=115.7903
🚀 APPLYING GUIDANCE at step 23 (timestep=778)
🎯 GUIDANCE STEP 23 (t=778): Loss=0.6377, Rho=4.666446, Grad_norm=0.2143, Final_scale=46.6645
🚀 APPLYING GUIDANCE at step 24 (timestep=764)
🎯 GUIDANCE STEP 24 (t=764): Loss=0.6382, Rho=11.096000, Grad_norm=0.0901, Final_scale=110.9600
🚀 APPLYING GUIDANCE at step 25 (timestep=749)
🎯 GUIDANCE STEP 25 (t=749): Loss=0.6362, Rho=12.328158, Grad_norm=0.0811, Final_scale=123.2816
🚀 APPLYING GUIDANCE at step 26 (timestep=734)
🎯 GUIDANCE STEP 26 (t=734): Loss=0.6362, Rho=12.458116, Grad_norm=0.0803, Final_scale=124.5812
🚀 APPLYING GUIDANCE at step 27 (timestep=718)
🎯 GUIDANCE STEP 27 (t=718): Loss=0.6353, Rho=5.683507, Grad_norm=0.1759, Final_scale=56.8351
🚀 APPLYING GUIDANCE at step 28 (timestep=701)
🎯 GUIDANCE STEP 28 (t=701): Loss=0.6343, Rho=13.256805, Grad_norm=0.0754, Final_scale=132.5681
🚀 APPLYING GUIDANCE at step 29 (timestep=684)
🎯 GUIDANCE STEP 29 (t=684): Loss=0.6387, Rho=7.709342, Grad_norm=0.1297, Final_scale=77.0934
🚀 APPLYING GUIDANCE at step 30 (timestep=666)
🎯 GUIDANCE STEP 30 (t=666): Loss=0.6362, Rho=13.939196, Grad_norm=0.0717, Final_scale=139.3920
🚀 APPLYING GUIDANCE at step 31 (timestep=647)
🎯 GUIDANCE STEP 31 (t=647): Loss=0.6333, Rho=11.657275, Grad_norm=0.0858, Final_scale=116.5728
🚀 APPLYING GUIDANCE at step 32 (timestep=627)
🎯 GUIDANCE STEP 32 (t=627): Loss=0.6313, Rho=8.916617, Grad_norm=0.1122, Final_scale=89.1662
🚀 APPLYING GUIDANCE at step 33 (timestep=606)
🎯 GUIDANCE STEP 33 (t=606): Loss=0.6323, Rho=5.410790, Grad_norm=0.1848, Final_scale=54.1079
🚀 APPLYING GUIDANCE at step 34 (timestep=585)
🎯 GUIDANCE STEP 34 (t=585): Loss=0.6318, Rho=10.441966, Grad_norm=0.0958, Final_scale=104.4197
🚀 APPLYING GUIDANCE at step 35 (timestep=562)
🎯 GUIDANCE STEP 35 (t=562): Loss=0.6328, Rho=9.831636, Grad_norm=0.1017, Final_scale=98.3164
🚀 APPLYING GUIDANCE at step 36 (timestep=538)
🎯 GUIDANCE STEP 36 (t=538): Loss=0.6328, Rho=10.519366, Grad_norm=0.0951, Final_scale=105.1937
🚀 APPLYING GUIDANCE at step 37 (timestep=512)
🎯 GUIDANCE STEP 37 (t=512): Loss=0.6323, Rho=6.740896, Grad_norm=0.1483, Final_scale=67.4090
🚀 APPLYING GUIDANCE at step 38 (timestep=486)
🎯 GUIDANCE STEP 38 (t=486): Loss=0.6313, Rho=13.496662, Grad_norm=0.0741, Final_scale=134.9666
🚀 APPLYING GUIDANCE at step 39 (timestep=458)
🎯 GUIDANCE STEP 39 (t=458): Loss=0.6323, Rho=5.280730, Grad_norm=0.1894, Final_scale=52.8073
🚀 APPLYING GUIDANCE at step 40 (timestep=428)
🎯 GUIDANCE STEP 40 (t=428): Loss=0.6299, Rho=18.103481, Grad_norm=0.0552, Final_scale=181.0348
🚀 APPLYING GUIDANCE at step 41 (timestep=396)
🎯 GUIDANCE STEP 41 (t=396): Loss=0.6294, Rho=15.987161, Grad_norm=0.0626, Final_scale=159.8716
🚀 APPLYING GUIDANCE at step 42 (timestep=363)
🎯 GUIDANCE STEP 42 (t=363): Loss=0.6289, Rho=12.089906, Grad_norm=0.0827, Final_scale=120.8991
🚀 APPLYING GUIDANCE at step 43 (timestep=327)
🎯 GUIDANCE STEP 43 (t=327): Loss=0.6323, Rho=4.966568, Grad_norm=0.2013, Final_scale=49.6657
🚀 APPLYING GUIDANCE at step 44 (timestep=290)
🎯 GUIDANCE STEP 44 (t=290): Loss=0.6299, Rho=15.463561, Grad_norm=0.0647, Final_scale=154.6356
🚀 APPLYING GUIDANCE at step 45 (timestep=249)
🎯 GUIDANCE STEP 45 (t=249): Loss=0.6265, Rho=18.831091, Grad_norm=0.0531, Final_scale=188.3109
🚀 APPLYING GUIDANCE at step 46 (timestep=206)
🎯 GUIDANCE STEP 46 (t=206): Loss=0.6274, Rho=22.681120, Grad_norm=0.0441, Final_scale=226.8112
🚀 APPLYING GUIDANCE at step 47 (timestep=160)
🎯 GUIDANCE STEP 47 (t=160): Loss=0.6260, Rho=14.077633, Grad_norm=0.0710, Final_scale=140.7763
🚀 APPLYING GUIDANCE at step 48 (timestep=111)
🎯 GUIDANCE STEP 48 (t=111): Loss=0.6250, Rho=18.368887, Grad_norm=0.0544, Final_scale=183.6889
🚀 APPLYING GUIDANCE at step 49 (timestep=57)
🎯 GUIDANCE STEP 49 (t=57): Loss=0.6235, Rho=9.341856, Grad_norm=0.1070, Final_scale=93.4186
[guidance_f17_s50_w8c6_rho10.0_cfg5.0_0701_1658] Generated: generated_videos/subject_consistency/guidance_f17_s50_w8c6_rho10.0_cfg5.0_0701_1658/a_zebra_taking_a_peaceful_walk.mp4
[guidance_f17_s50_w8c6_rho10.0_cfg5.0_0701_1658] Generating video 7/9 (guidance): a giraffe bending down to drink water from a river
🎬 STARTING GUIDANCE PIPELINE GENERATION
   Frames: 17, Steps: 50, CFG Scale: 5.0

🔧 GUIDANCE PIPELINE CONFIGURATION:
   Guidance range: 0 - 1001
   Rho scale: 10.0
   V-JEPA kernel_size: 8
   V-JEPA context_length: 6
   V-JEPA stride: 2
   V-JEPA mode: max
   Total timesteps: 50

🚀 APPLYING GUIDANCE at step 0 (timestep=999)
🎯 GUIDANCE STEP 0 (t=999): Loss=0.5933, Rho=27.547760, Grad_norm=0.0363, Final_scale=275.4776
🚀 APPLYING GUIDANCE at step 1 (timestep=992)
🎯 GUIDANCE STEP 1 (t=992): Loss=0.5298, Rho=79.171318, Grad_norm=0.0126, Final_scale=791.7132
🚀 APPLYING GUIDANCE at step 2 (timestep=985)
🎯 GUIDANCE STEP 2 (t=985): Loss=0.5449, Rho=20.689663, Grad_norm=0.0483, Final_scale=206.8966
🚀 APPLYING GUIDANCE at step 3 (timestep=978)
🎯 GUIDANCE STEP 3 (t=978): Loss=0.5410, Rho=27.229359, Grad_norm=0.0367, Final_scale=272.2936
🚀 APPLYING GUIDANCE at step 4 (timestep=971)
🎯 GUIDANCE STEP 4 (t=971): Loss=0.5405, Rho=24.784069, Grad_norm=0.0403, Final_scale=247.8407
🚀 APPLYING GUIDANCE at step 5 (timestep=963)
🎯 GUIDANCE STEP 5 (t=963): Loss=0.5425, Rho=26.147863, Grad_norm=0.0382, Final_scale=261.4786
🚀 APPLYING GUIDANCE at step 6 (timestep=956)
🎯 GUIDANCE STEP 6 (t=956): Loss=0.5469, Rho=17.784143, Grad_norm=0.0562, Final_scale=177.8414
🚀 APPLYING GUIDANCE at step 7 (timestep=948)
🎯 GUIDANCE STEP 7 (t=948): Loss=0.5552, Rho=10.552355, Grad_norm=0.0948, Final_scale=105.5235
🚀 APPLYING GUIDANCE at step 8 (timestep=939)
🎯 GUIDANCE STEP 8 (t=939): Loss=0.5645, Rho=14.703239, Grad_norm=0.0680, Final_scale=147.0324
🚀 APPLYING GUIDANCE at step 9 (timestep=931)
🎯 GUIDANCE STEP 9 (t=931): Loss=0.5737, Rho=8.934036, Grad_norm=0.1119, Final_scale=89.3404
🚀 APPLYING GUIDANCE at step 10 (timestep=922)
🎯 GUIDANCE STEP 10 (t=922): Loss=0.5840, Rho=6.571687, Grad_norm=0.1522, Final_scale=65.7169
🚀 APPLYING GUIDANCE at step 11 (timestep=913)
🎯 GUIDANCE STEP 11 (t=913): Loss=0.5879, Rho=7.083348, Grad_norm=0.1412, Final_scale=70.8335
🚀 APPLYING GUIDANCE at step 12 (timestep=904)
🎯 GUIDANCE STEP 12 (t=904): Loss=0.6016, Rho=7.603872, Grad_norm=0.1315, Final_scale=76.0387
🚀 APPLYING GUIDANCE at step 13 (timestep=894)
🎯 GUIDANCE STEP 13 (t=894): Loss=0.6113, Rho=13.535326, Grad_norm=0.0739, Final_scale=135.3533
🚀 APPLYING GUIDANCE at step 14 (timestep=884)
🎯 GUIDANCE STEP 14 (t=884): Loss=0.6206, Rho=2.562865, Grad_norm=0.3902, Final_scale=25.6287
🚀 APPLYING GUIDANCE at step 15 (timestep=874)
🎯 GUIDANCE STEP 15 (t=874): Loss=0.6240, Rho=3.309209, Grad_norm=0.3022, Final_scale=33.0921
🚀 APPLYING GUIDANCE at step 16 (timestep=864)
🎯 GUIDANCE STEP 16 (t=864): Loss=0.6108, Rho=6.623340, Grad_norm=0.1510, Final_scale=66.2334
🚀 APPLYING GUIDANCE at step 17 (timestep=853)
🎯 GUIDANCE STEP 17 (t=853): Loss=0.6099, Rho=5.257333, Grad_norm=0.1902, Final_scale=52.5733
🚀 APPLYING GUIDANCE at step 18 (timestep=841)
🎯 GUIDANCE STEP 18 (t=841): Loss=0.6011, Rho=9.724296, Grad_norm=0.1028, Final_scale=97.2430
🚀 APPLYING GUIDANCE at step 19 (timestep=829)
🎯 GUIDANCE STEP 19 (t=829): Loss=0.6001, Rho=6.307235, Grad_norm=0.1585, Final_scale=63.0723
🚀 APPLYING GUIDANCE at step 20 (timestep=817)
🎯 GUIDANCE STEP 20 (t=817): Loss=0.6021, Rho=6.767753, Grad_norm=0.1478, Final_scale=67.6775
🚀 APPLYING GUIDANCE at step 21 (timestep=805)
🎯 GUIDANCE STEP 21 (t=805): Loss=0.6064, Rho=8.326365, Grad_norm=0.1201, Final_scale=83.2637
🚀 APPLYING GUIDANCE at step 22 (timestep=792)
🎯 GUIDANCE STEP 22 (t=792): Loss=0.6064, Rho=4.551059, Grad_norm=0.2197, Final_scale=45.5106
🚀 APPLYING GUIDANCE at step 23 (timestep=778)
🎯 GUIDANCE STEP 23 (t=778): Loss=0.6108, Rho=2.308939, Grad_norm=0.4331, Final_scale=23.0894
🚀 APPLYING GUIDANCE at step 24 (timestep=764)
🎯 GUIDANCE STEP 24 (t=764): Loss=0.6094, Rho=6.667273, Grad_norm=0.1500, Final_scale=66.6727
🚀 APPLYING GUIDANCE at step 25 (timestep=749)
🎯 GUIDANCE STEP 25 (t=749): Loss=0.6147, Rho=6.025483, Grad_norm=0.1660, Final_scale=60.2548
🚀 APPLYING GUIDANCE at step 26 (timestep=734)
🎯 GUIDANCE STEP 26 (t=734): Loss=0.6147, Rho=10.373058, Grad_norm=0.0964, Final_scale=103.7306
🚀 APPLYING GUIDANCE at step 27 (timestep=718)
🎯 GUIDANCE STEP 27 (t=718): Loss=0.6143, Rho=3.618175, Grad_norm=0.2764, Final_scale=36.1817
🚀 APPLYING GUIDANCE at step 28 (timestep=701)
🎯 GUIDANCE STEP 28 (t=701): Loss=0.6152, Rho=5.935342, Grad_norm=0.1685, Final_scale=59.3534
🚀 APPLYING GUIDANCE at step 29 (timestep=684)
🎯 GUIDANCE STEP 29 (t=684): Loss=0.6084, Rho=10.457966, Grad_norm=0.0956, Final_scale=104.5797
🚀 APPLYING GUIDANCE at step 30 (timestep=666)
🎯 GUIDANCE STEP 30 (t=666): Loss=0.6123, Rho=8.952322, Grad_norm=0.1117, Final_scale=89.5232
🚀 APPLYING GUIDANCE at step 31 (timestep=647)
🎯 GUIDANCE STEP 31 (t=647): Loss=0.6045, Rho=4.380929, Grad_norm=0.2283, Final_scale=43.8093
🚀 APPLYING GUIDANCE at step 32 (timestep=627)
🎯 GUIDANCE STEP 32 (t=627): Loss=0.6064, Rho=8.683936, Grad_norm=0.1152, Final_scale=86.8394
🚀 APPLYING GUIDANCE at step 33 (timestep=606)
🎯 GUIDANCE STEP 33 (t=606): Loss=0.6055, Rho=5.634417, Grad_norm=0.1775, Final_scale=56.3442
🚀 APPLYING GUIDANCE at step 34 (timestep=585)
🎯 GUIDANCE STEP 34 (t=585): Loss=0.6040, Rho=2.042645, Grad_norm=0.4896, Final_scale=20.4264
🚀 APPLYING GUIDANCE at step 35 (timestep=562)
🎯 GUIDANCE STEP 35 (t=562): Loss=0.6138, Rho=3.615547, Grad_norm=0.2766, Final_scale=36.1555
🚀 APPLYING GUIDANCE at step 36 (timestep=538)
🎯 GUIDANCE STEP 36 (t=538): Loss=0.6152, Rho=7.228297, Grad_norm=0.1383, Final_scale=72.2830
🚀 APPLYING GUIDANCE at step 37 (timestep=512)
🎯 GUIDANCE STEP 37 (t=512): Loss=0.6196, Rho=4.924042, Grad_norm=0.2031, Final_scale=49.2404
🚀 APPLYING GUIDANCE at step 38 (timestep=486)
🎯 GUIDANCE STEP 38 (t=486): Loss=0.6162, Rho=7.716573, Grad_norm=0.1296, Final_scale=77.1657
🚀 APPLYING GUIDANCE at step 39 (timestep=458)
🎯 GUIDANCE STEP 39 (t=458): Loss=0.6025, Rho=5.496069, Grad_norm=0.1819, Final_scale=54.9607
🚀 APPLYING GUIDANCE at step 40 (timestep=428)
🎯 GUIDANCE STEP 40 (t=428): Loss=0.6030, Rho=1.519348, Grad_norm=0.6582, Final_scale=15.1935
🚀 APPLYING GUIDANCE at step 41 (timestep=396)
🎯 GUIDANCE STEP 41 (t=396): Loss=0.5952, Rho=6.926518, Grad_norm=0.1444, Final_scale=69.2652
🚀 APPLYING GUIDANCE at step 42 (timestep=363)
🎯 GUIDANCE STEP 42 (t=363): Loss=0.5967, Rho=14.190184, Grad_norm=0.0705, Final_scale=141.9018
🚀 APPLYING GUIDANCE at step 43 (timestep=327)
🎯 GUIDANCE STEP 43 (t=327): Loss=0.5967, Rho=8.869303, Grad_norm=0.1127, Final_scale=88.6930
🚀 APPLYING GUIDANCE at step 44 (timestep=290)
🎯 GUIDANCE STEP 44 (t=290): Loss=0.5938, Rho=4.400667, Grad_norm=0.2272, Final_scale=44.0067
🚀 APPLYING GUIDANCE at step 45 (timestep=249)
🎯 GUIDANCE STEP 45 (t=249): Loss=0.5986, Rho=16.489738, Grad_norm=0.0606, Final_scale=164.8974
🚀 APPLYING GUIDANCE at step 46 (timestep=206)
🎯 GUIDANCE STEP 46 (t=206): Loss=0.5981, Rho=6.853754, Grad_norm=0.1459, Final_scale=68.5375
🚀 APPLYING GUIDANCE at step 47 (timestep=160)
🎯 GUIDANCE STEP 47 (t=160): Loss=0.5942, Rho=12.953062, Grad_norm=0.0772, Final_scale=129.5306
🚀 APPLYING GUIDANCE at step 48 (timestep=111)
🎯 GUIDANCE STEP 48 (t=111): Loss=0.5947, Rho=8.425659, Grad_norm=0.1187, Final_scale=84.2566
🚀 APPLYING GUIDANCE at step 49 (timestep=57)
🎯 GUIDANCE STEP 49 (t=57): Loss=0.5967, Rho=9.906841, Grad_norm=0.1009, Final_scale=99.0684
[guidance_f17_s50_w8c6_rho10.0_cfg5.0_0701_1658] Generated: generated_videos/subject_consistency/guidance_f17_s50_w8c6_rho10.0_cfg5.0_0701_1658/a_bicycle_leaning_against_a_tree.mp4
[guidance_f17_s50_w8c6_rho10.0_cfg5.0_0701_1658] Generating video 9/9 (guidance): a bicycle gliding through a snowy field
🎬 STARTING GUIDANCE PIPELINE GENERATION
   Frames: 17, Steps: 50, CFG Scale: 5.0

🔧 GUIDANCE PIPELINE CONFIGURATION:
   Guidance range: 0 - 1001
   Rho scale: 10.0
   V-JEPA kernel_size: 8
   V-JEPA context_length: 6
   V-JEPA stride: 2
   V-JEPA mode: max
   Total timesteps: 50

🚀 APPLYING GUIDANCE at step 0 (timestep=999)
🎯 GUIDANCE STEP 0 (t=999): Loss=0.5776, Rho=9.583060, Grad_norm=0.1044, Final_scale=95.8306
🚀 APPLYING GUIDANCE at step 1 (timestep=992)
🎯 GUIDANCE STEP 1 (t=992): Loss=0.5493, Rho=24.849388, Grad_norm=0.0402, Final_scale=248.4939
🚀 APPLYING GUIDANCE at step 2 (timestep=985)
🎯 GUIDANCE STEP 2 (t=985): Loss=0.5786, Rho=27.341391, Grad_norm=0.0366, Final_scale=273.4139
🚀 APPLYING GUIDANCE at step 3 (timestep=978)
🎯 GUIDANCE STEP 3 (t=978): Loss=0.5850, Rho=14.595986, Grad_norm=0.0685, Final_scale=145.9599
🚀 APPLYING GUIDANCE at step 4 (timestep=971)
🎯 GUIDANCE STEP 4 (t=971): Loss=0.5723, Rho=8.124834, Grad_norm=0.1231, Final_scale=81.2483
🚀 APPLYING GUIDANCE at step 5 (timestep=963)
🎯 GUIDANCE STEP 5 (t=963): Loss=0.5835, Rho=10.632186, Grad_norm=0.0941, Final_scale=106.3219
🚀 APPLYING GUIDANCE at step 6 (timestep=956)
🎯 GUIDANCE STEP 6 (t=956): Loss=0.5908, Rho=12.066390, Grad_norm=0.0829, Final_scale=120.6639
🚀 APPLYING GUIDANCE at step 7 (timestep=948)
🎯 GUIDANCE STEP 7 (t=948): Loss=0.5913, Rho=9.843239, Grad_norm=0.1016, Final_scale=98.4324
🚀 APPLYING GUIDANCE at step 8 (timestep=939)
🎯 GUIDANCE STEP 8 (t=939): Loss=0.5991, Rho=13.942303, Grad_norm=0.0717, Final_scale=139.4230
🚀 APPLYING GUIDANCE at step 9 (timestep=931)
🎯 GUIDANCE STEP 9 (t=931): Loss=0.6064, Rho=6.135314, Grad_norm=0.1630, Final_scale=61.3531
🚀 APPLYING GUIDANCE at step 10 (timestep=922)
🎯 GUIDANCE STEP 10 (t=922): Loss=0.5928, Rho=28.334633, Grad_norm=0.0353, Final_scale=283.3463
🚀 APPLYING GUIDANCE at step 11 (timestep=913)
🎯 GUIDANCE STEP 11 (t=913): Loss=0.5977, Rho=16.530258, Grad_norm=0.0605, Final_scale=165.3026
🚀 APPLYING GUIDANCE at step 12 (timestep=904)
🎯 GUIDANCE STEP 12 (t=904): Loss=0.6016, Rho=17.480408, Grad_norm=0.0572, Final_scale=174.8041
🚀 APPLYING GUIDANCE at step 13 (timestep=894)
🎯 GUIDANCE STEP 13 (t=894): Loss=0.6108, Rho=12.854132, Grad_norm=0.0778, Final_scale=128.5413
🚀 APPLYING GUIDANCE at step 14 (timestep=884)
🎯 GUIDANCE STEP 14 (t=884): Loss=0.6118, Rho=3.052097, Grad_norm=0.3276, Final_scale=30.5210
🚀 APPLYING GUIDANCE at step 15 (timestep=874)
🎯 GUIDANCE STEP 15 (t=874): Loss=0.6108, Rho=24.562983, Grad_norm=0.0407, Final_scale=245.6298
🚀 APPLYING GUIDANCE at step 16 (timestep=864)
🎯 GUIDANCE STEP 16 (t=864): Loss=0.6094, Rho=21.627953, Grad_norm=0.0462, Final_scale=216.2795
🚀 APPLYING GUIDANCE at step 17 (timestep=853)
🎯 GUIDANCE STEP 17 (t=853): Loss=0.6055, Rho=22.526751, Grad_norm=0.0444, Final_scale=225.2675
🚀 APPLYING GUIDANCE at step 18 (timestep=841)
🎯 GUIDANCE STEP 18 (t=841): Loss=0.6079, Rho=26.594625, Grad_norm=0.0376, Final_scale=265.9463
🚀 APPLYING GUIDANCE at step 19 (timestep=829)
🎯 GUIDANCE STEP 19 (t=829): Loss=0.6030, Rho=39.629387, Grad_norm=0.0252, Final_scale=396.2939
🚀 APPLYING GUIDANCE at step 20 (timestep=817)
🎯 GUIDANCE STEP 20 (t=817): Loss=0.6055, Rho=21.358446, Grad_norm=0.0468, Final_scale=213.5845
🚀 APPLYING GUIDANCE at step 21 (timestep=805)
🎯 GUIDANCE STEP 21 (t=805): Loss=0.6079, Rho=18.478712, Grad_norm=0.0541, Final_scale=184.7871
🚀 APPLYING GUIDANCE at step 22 (timestep=792)
🎯 GUIDANCE STEP 22 (t=792): Loss=0.6040, Rho=21.683464, Grad_norm=0.0461, Final_scale=216.8346
🚀 APPLYING GUIDANCE at step 23 (timestep=778)
🎯 GUIDANCE STEP 23 (t=778): Loss=0.6108, Rho=18.851269, Grad_norm=0.0530, Final_scale=188.5127
🚀 APPLYING GUIDANCE at step 24 (timestep=764)
🎯 GUIDANCE STEP 24 (t=764): Loss=0.6104, Rho=18.347002, Grad_norm=0.0545, Final_scale=183.4700
🚀 APPLYING GUIDANCE at step 25 (timestep=749)
🎯 GUIDANCE STEP 25 (t=749): Loss=0.6104, Rho=29.200756, Grad_norm=0.0342, Final_scale=292.0076
🚀 APPLYING GUIDANCE at step 26 (timestep=734)
🎯 GUIDANCE STEP 26 (t=734): Loss=0.6089, Rho=24.932030, Grad_norm=0.0401, Final_scale=249.3203
🚀 APPLYING GUIDANCE at step 27 (timestep=718)
🎯 GUIDANCE STEP 27 (t=718): Loss=0.6138, Rho=28.560406, Grad_norm=0.0350, Final_scale=285.6041
🚀 APPLYING GUIDANCE at step 28 (timestep=701)
🎯 GUIDANCE STEP 28 (t=701): Loss=0.6074, Rho=2.320086, Grad_norm=0.4310, Final_scale=23.2009
🚀 APPLYING GUIDANCE at step 29 (timestep=684)
🎯 GUIDANCE STEP 29 (t=684): Loss=0.6064, Rho=41.839958, Grad_norm=0.0239, Final_scale=418.3996
🚀 APPLYING GUIDANCE at step 30 (timestep=666)
🎯 GUIDANCE STEP 30 (t=666): Loss=0.6094, Rho=20.523783, Grad_norm=0.0487, Final_scale=205.2378
🚀 APPLYING GUIDANCE at step 31 (timestep=647)
🎯 GUIDANCE STEP 31 (t=647): Loss=0.6060, Rho=30.285263, Grad_norm=0.0330, Final_scale=302.8526
🚀 APPLYING GUIDANCE at step 32 (timestep=627)
🎯 GUIDANCE STEP 32 (t=627): Loss=0.6055, Rho=16.134954, Grad_norm=0.0620, Final_scale=161.3495
🚀 APPLYING GUIDANCE at step 33 (timestep=606)
🎯 GUIDANCE STEP 33 (t=606): Loss=0.6050, Rho=21.388191, Grad_norm=0.0468, Final_scale=213.8819
🚀 APPLYING GUIDANCE at step 34 (timestep=585)
🎯 GUIDANCE STEP 34 (t=585): Loss=0.6074, Rho=16.483105, Grad_norm=0.0607, Final_scale=164.8310
🚀 APPLYING GUIDANCE at step 35 (timestep=562)
🎯 GUIDANCE STEP 35 (t=562): Loss=0.6089, Rho=12.648314, Grad_norm=0.0791, Final_scale=126.4831
🚀 APPLYING GUIDANCE at step 36 (timestep=538)
🎯 GUIDANCE STEP 36 (t=538): Loss=0.6108, Rho=26.281981, Grad_norm=0.0380, Final_scale=262.8198
🚀 APPLYING GUIDANCE at step 37 (timestep=512)
🎯 GUIDANCE STEP 37 (t=512): Loss=0.6113, Rho=24.839838, Grad_norm=0.0403, Final_scale=248.3984
🚀 APPLYING GUIDANCE at step 38 (timestep=486)
🎯 GUIDANCE STEP 38 (t=486): Loss=0.6113, Rho=44.039574, Grad_norm=0.0227, Final_scale=440.3957
🚀 APPLYING GUIDANCE at step 39 (timestep=458)
🎯 GUIDANCE STEP 39 (t=458): Loss=0.6118, Rho=15.688150, Grad_norm=0.0637, Final_scale=156.8815
🚀 APPLYING GUIDANCE at step 40 (timestep=428)
🎯 GUIDANCE STEP 40 (t=428): Loss=0.6094, Rho=40.032204, Grad_norm=0.0250, Final_scale=400.3220
🚀 APPLYING GUIDANCE at step 41 (timestep=396)
🎯 GUIDANCE STEP 41 (t=396): Loss=0.6123, Rho=38.333828, Grad_norm=0.0261, Final_scale=383.3383
🚀 APPLYING GUIDANCE at step 42 (timestep=363)
🎯 GUIDANCE STEP 42 (t=363): Loss=0.6055, Rho=45.838356, Grad_norm=0.0218, Final_scale=458.3836
🚀 APPLYING GUIDANCE at step 43 (timestep=327)
🎯 GUIDANCE STEP 43 (t=327): Loss=0.6040, Rho=37.538040, Grad_norm=0.0266, Final_scale=375.3804
🚀 APPLYING GUIDANCE at step 44 (timestep=290)
🎯 GUIDANCE STEP 44 (t=290): Loss=0.6074, Rho=36.419121, Grad_norm=0.0275, Final_scale=364.1912
🚀 APPLYING GUIDANCE at step 45 (timestep=249)
🎯 GUIDANCE STEP 45 (t=249): Loss=0.6035, Rho=15.962724, Grad_norm=0.0626, Final_scale=159.6272
🚀 APPLYING GUIDANCE at step 46 (timestep=206)
🎯 GUIDANCE STEP 46 (t=206): Loss=0.6006, Rho=18.362270, Grad_norm=0.0545, Final_scale=183.6227
🚀 APPLYING GUIDANCE at step 47 (timestep=160)
🎯 GUIDANCE STEP 47 (t=160): Loss=0.6011, Rho=19.064703, Grad_norm=0.0525, Final_scale=190.6470
🚀 APPLYING GUIDANCE at step 48 (timestep=111)
🎯 GUIDANCE STEP 48 (t=111): Loss=0.6006, Rho=5.120287, Grad_norm=0.1953, Final_scale=51.2029
🚀 APPLYING GUIDANCE at step 49 (timestep=57)
🎯 GUIDANCE STEP 49 (t=57): Loss=0.5952, Rho=15.992879, Grad_norm=0.0625, Final_scale=159.9288
[guidance_f17_s50_w8c6_rho10.0_cfg5.0_0701_1658] Generated: generated_videos/subject_consistency/guidance_f17_s50_w8c6_rho10.0_cfg5.0_0701_1658/a_motorcycle_turning_a_corner.mp4
[guidance_f17_s50_w8c6_rho10.0_cfg5.0_0701_1658] Generating video 9/9 (guidance): a motorcycle slowing down to stop
🎬 STARTING GUIDANCE PIPELINE GENERATION
   Frames: 17, Steps: 50, CFG Scale: 5.0

🔧 GUIDANCE PIPELINE CONFIGURATION:
   Guidance range: 0 - 1001
   Rho scale: 10.0
   V-JEPA kernel_size: 8
   V-JEPA context_length: 6
   V-JEPA stride: 2
   V-JEPA mode: max
   Total timesteps: 50

🚀 APPLYING GUIDANCE at step 0 (timestep=999)
🎯 GUIDANCE STEP 0 (t=999): Loss=0.5708, Rho=26.926306, Grad_norm=0.0371, Final_scale=269.2631
🚀 APPLYING GUIDANCE at step 1 (timestep=992)
🎯 GUIDANCE STEP 1 (t=992): Loss=0.5562, Rho=15.269123, Grad_norm=0.0655, Final_scale=152.6912
🚀 APPLYING GUIDANCE at step 2 (timestep=985)
🎯 GUIDANCE STEP 2 (t=985): Loss=0.5654, Rho=26.699078, Grad_norm=0.0375, Final_scale=266.9908
🚀 APPLYING GUIDANCE at step 3 (timestep=978)
🎯 GUIDANCE STEP 3 (t=978): Loss=0.5601, Rho=6.400360, Grad_norm=0.1562, Final_scale=64.0036
🚀 APPLYING GUIDANCE at step 4 (timestep=971)
🎯 GUIDANCE STEP 4 (t=971): Loss=0.5640, Rho=30.074369, Grad_norm=0.0333, Final_scale=300.7437
🚀 APPLYING GUIDANCE at step 5 (timestep=963)
🎯 GUIDANCE STEP 5 (t=963): Loss=0.5728, Rho=14.642712, Grad_norm=0.0683, Final_scale=146.4271
🚀 APPLYING GUIDANCE at step 6 (timestep=956)
🎯 GUIDANCE STEP 6 (t=956): Loss=0.5962, Rho=9.095987, Grad_norm=0.1099, Final_scale=90.9599
🚀 APPLYING GUIDANCE at step 7 (timestep=948)
🎯 GUIDANCE STEP 7 (t=948): Loss=0.6187, Rho=2.974051, Grad_norm=0.3362, Final_scale=29.7405
🚀 APPLYING GUIDANCE at step 8 (timestep=939)
🎯 GUIDANCE STEP 8 (t=939): Loss=0.6177, Rho=6.520924, Grad_norm=0.1534, Final_scale=65.2092
🚀 APPLYING GUIDANCE at step 9 (timestep=931)
🎯 GUIDANCE STEP 9 (t=931): Loss=0.6128, Rho=9.553237, Grad_norm=0.1047, Final_scale=95.5324
🚀 APPLYING GUIDANCE at step 10 (timestep=922)
🎯 GUIDANCE STEP 10 (t=922): Loss=0.6123, Rho=14.045722, Grad_norm=0.0712, Final_scale=140.4572
🚀 APPLYING GUIDANCE at step 11 (timestep=913)
🎯 GUIDANCE STEP 11 (t=913): Loss=0.6182, Rho=8.473252, Grad_norm=0.1180, Final_scale=84.7325
🚀 APPLYING GUIDANCE at step 12 (timestep=904)
🎯 GUIDANCE STEP 12 (t=904): Loss=0.6143, Rho=6.457563, Grad_norm=0.1549, Final_scale=64.5756
🚀 APPLYING GUIDANCE at step 13 (timestep=894)
🎯 GUIDANCE STEP 13 (t=894): Loss=0.6138, Rho=9.085576, Grad_norm=0.1101, Final_scale=90.8558
🚀 APPLYING GUIDANCE at step 14 (timestep=884)
🎯 GUIDANCE STEP 14 (t=884): Loss=0.6123, Rho=12.065112, Grad_norm=0.0829, Final_scale=120.6511
🚀 APPLYING GUIDANCE at step 15 (timestep=874)
🎯 GUIDANCE STEP 15 (t=874): Loss=0.6162, Rho=13.480674, Grad_norm=0.0742, Final_scale=134.8067
🚀 APPLYING GUIDANCE at step 16 (timestep=864)
🎯 GUIDANCE STEP 16 (t=864): Loss=0.6157, Rho=6.892624, Grad_norm=0.1451, Final_scale=68.9262
🚀 APPLYING GUIDANCE at step 17 (timestep=853)
🎯 GUIDANCE STEP 17 (t=853): Loss=0.6162, Rho=10.747283, Grad_norm=0.0930, Final_scale=107.4728
🚀 APPLYING GUIDANCE at step 18 (timestep=841)
🎯 GUIDANCE STEP 18 (t=841): Loss=0.6152, Rho=13.749381, Grad_norm=0.0727, Final_scale=137.4938
🚀 APPLYING GUIDANCE at step 19 (timestep=829)
🎯 GUIDANCE STEP 19 (t=829): Loss=0.6182, Rho=6.154025, Grad_norm=0.1625, Final_scale=61.5402
🚀 APPLYING GUIDANCE at step 20 (timestep=817)
🎯 GUIDANCE STEP 20 (t=817): Loss=0.6216, Rho=16.826296, Grad_norm=0.0594, Final_scale=168.2630
🚀 APPLYING GUIDANCE at step 21 (timestep=805)
🎯 GUIDANCE STEP 21 (t=805): Loss=0.6206, Rho=18.003395, Grad_norm=0.0555, Final_scale=180.0340
🚀 APPLYING GUIDANCE at step 22 (timestep=792)
🎯 GUIDANCE STEP 22 (t=792): Loss=0.6235, Rho=9.110929, Grad_norm=0.1098, Final_scale=91.1093
🚀 APPLYING GUIDANCE at step 23 (timestep=778)
🎯 GUIDANCE STEP 23 (t=778): Loss=0.6230, Rho=15.751443, Grad_norm=0.0635, Final_scale=157.5144
🚀 APPLYING GUIDANCE at step 24 (timestep=764)
🎯 GUIDANCE STEP 24 (t=764): Loss=0.6216, Rho=18.318762, Grad_norm=0.0546, Final_scale=183.1876
🚀 APPLYING GUIDANCE at step 25 (timestep=749)
🎯 GUIDANCE STEP 25 (t=749): Loss=0.6294, Rho=9.024690, Grad_norm=0.1108, Final_scale=90.2469
🚀 APPLYING GUIDANCE at step 26 (timestep=734)
🎯 GUIDANCE STEP 26 (t=734): Loss=0.6216, Rho=13.080979, Grad_norm=0.0764, Final_scale=130.8098
🚀 APPLYING GUIDANCE at step 27 (timestep=718)
🎯 GUIDANCE STEP 27 (t=718): Loss=0.6235, Rho=15.449077, Grad_norm=0.0647, Final_scale=154.4908
🚀 APPLYING GUIDANCE at step 28 (timestep=701)
🎯 GUIDANCE STEP 28 (t=701): Loss=0.6201, Rho=4.475580, Grad_norm=0.2234, Final_scale=44.7558
🚀 APPLYING GUIDANCE at step 29 (timestep=684)
🎯 GUIDANCE STEP 29 (t=684): Loss=0.6177, Rho=13.999709, Grad_norm=0.0714, Final_scale=139.9971
🚀 APPLYING GUIDANCE at step 30 (timestep=666)
🎯 GUIDANCE STEP 30 (t=666): Loss=0.6167, Rho=8.158267, Grad_norm=0.1226, Final_scale=81.5827
🚀 APPLYING GUIDANCE at step 31 (timestep=647)
🎯 GUIDANCE STEP 31 (t=647): Loss=0.6191, Rho=13.954841, Grad_norm=0.0717, Final_scale=139.5484
🚀 APPLYING GUIDANCE at step 32 (timestep=627)
🎯 GUIDANCE STEP 32 (t=627): Loss=0.6191, Rho=15.106496, Grad_norm=0.0662, Final_scale=151.0650
🚀 APPLYING GUIDANCE at step 33 (timestep=606)
🎯 GUIDANCE STEP 33 (t=606): Loss=0.6230, Rho=17.251820, Grad_norm=0.0580, Final_scale=172.5182
🚀 APPLYING GUIDANCE at step 34 (timestep=585)
🎯 GUIDANCE STEP 34 (t=585): Loss=0.6221, Rho=14.347365, Grad_norm=0.0697, Final_scale=143.4737
🚀 APPLYING GUIDANCE at step 35 (timestep=562)
🎯 GUIDANCE STEP 35 (t=562): Loss=0.6245, Rho=14.128428, Grad_norm=0.0708, Final_scale=141.2843
🚀 APPLYING GUIDANCE at step 36 (timestep=538)
🎯 GUIDANCE STEP 36 (t=538): Loss=0.6240, Rho=17.913540, Grad_norm=0.0558, Final_scale=179.1354
🚀 APPLYING GUIDANCE at step 37 (timestep=512)
🎯 GUIDANCE STEP 37 (t=512): Loss=0.6235, Rho=25.140011, Grad_norm=0.0398, Final_scale=251.4001
🚀 APPLYING GUIDANCE at step 38 (timestep=486)
🎯 GUIDANCE STEP 38 (t=486): Loss=0.6230, Rho=20.645161, Grad_norm=0.0484, Final_scale=206.4516
🚀 APPLYING GUIDANCE at step 39 (timestep=458)
🎯 GUIDANCE STEP 39 (t=458): Loss=0.6235, Rho=16.996807, Grad_norm=0.0588, Final_scale=169.9681
🚀 APPLYING GUIDANCE at step 40 (timestep=428)
🎯 GUIDANCE STEP 40 (t=428): Loss=0.6187, Rho=17.670738, Grad_norm=0.0566, Final_scale=176.7074
🚀 APPLYING GUIDANCE at step 41 (timestep=396)
🎯 GUIDANCE STEP 41 (t=396): Loss=0.6196, Rho=11.290855, Grad_norm=0.0886, Final_scale=112.9086
🚀 APPLYING GUIDANCE at step 42 (timestep=363)
🎯 GUIDANCE STEP 42 (t=363): Loss=0.6221, Rho=9.321377, Grad_norm=0.1073, Final_scale=93.2138
🚀 APPLYING GUIDANCE at step 43 (timestep=327)
🎯 GUIDANCE STEP 43 (t=327): Loss=0.6221, Rho=19.419197, Grad_norm=0.0515, Final_scale=194.1920
🚀 APPLYING GUIDANCE at step 44 (timestep=290)
🎯 GUIDANCE STEP 44 (t=290): Loss=0.6211, Rho=20.553995, Grad_norm=0.0487, Final_scale=205.5400
🚀 APPLYING GUIDANCE at step 45 (timestep=249)
🎯 GUIDANCE STEP 45 (t=249): Loss=0.6230, Rho=9.610125, Grad_norm=0.1041, Final_scale=96.1012
🚀 APPLYING GUIDANCE at step 46 (timestep=206)
🎯 GUIDANCE STEP 46 (t=206): Loss=0.6196, Rho=23.274155, Grad_norm=0.0430, Final_scale=232.7415
🚀 APPLYING GUIDANCE at step 47 (timestep=160)
🎯 GUIDANCE STEP 47 (t=160): Loss=0.6177, Rho=9.936622, Grad_norm=0.1006, Final_scale=99.3662
🚀 APPLYING GUIDANCE at step 48 (timestep=111)
🎯 GUIDANCE STEP 48 (t=111): Loss=0.6216, Rho=20.165222, Grad_norm=0.0496, Final_scale=201.6522
🚀 APPLYING GUIDANCE at step 49 (timestep=57)
🎯 GUIDANCE STEP 49 (t=57): Loss=0.6182, Rho=25.418049, Grad_norm=0.0393, Final_scale=254.1805
[guidance_f17_s50_w8c6_rho10.0_cfg5.0_0701_1658] Generated: generated_videos/subject_consistency/guidance_f17_s50_w8c6_rho10.0_cfg5.0_0701_1658/a_truck_accelerating_to_gain_speed.mp4
[guidance_f17_s50_w8c6_rho10.0_cfg5.0_0701_1658] Generating video 9/9 (guidance): a boat sailing smoothly on a calm lake
🎬 STARTING GUIDANCE PIPELINE GENERATION
   Frames: 17, Steps: 50, CFG Scale: 5.0

🔧 GUIDANCE PIPELINE CONFIGURATION:
   Guidance range: 0 - 1001
   Rho scale: 10.0
   V-JEPA kernel_size: 8
   V-JEPA context_length: 6
   V-JEPA stride: 2
   V-JEPA mode: max
   Total timesteps: 50

🚀 APPLYING GUIDANCE at step 0 (timestep=999)
🎯 GUIDANCE STEP 0 (t=999): Loss=0.5396, Rho=21.306902, Grad_norm=0.0469, Final_scale=213.0690
🚀 APPLYING GUIDANCE at step 1 (timestep=992)
🎯 GUIDANCE STEP 1 (t=992): Loss=0.5376, Rho=22.124922, Grad_norm=0.0452, Final_scale=221.2492
🚀 APPLYING GUIDANCE at step 2 (timestep=985)
🎯 GUIDANCE STEP 2 (t=985): Loss=0.5381, Rho=23.977406, Grad_norm=0.0417, Final_scale=239.7741
🚀 APPLYING GUIDANCE at step 3 (timestep=978)
🎯 GUIDANCE STEP 3 (t=978): Loss=0.5386, Rho=30.143042, Grad_norm=0.0332, Final_scale=301.4304
🚀 APPLYING GUIDANCE at step 4 (timestep=971)
🎯 GUIDANCE STEP 4 (t=971): Loss=0.5415, Rho=14.659383, Grad_norm=0.0682, Final_scale=146.5938
🚀 APPLYING GUIDANCE at step 5 (timestep=963)
🎯 GUIDANCE STEP 5 (t=963): Loss=0.5381, Rho=13.733398, Grad_norm=0.0728, Final_scale=137.3340
🚀 APPLYING GUIDANCE at step 6 (timestep=956)
🎯 GUIDANCE STEP 6 (t=956): Loss=0.5820, Rho=11.164699, Grad_norm=0.0896, Final_scale=111.6470
🚀 APPLYING GUIDANCE at step 7 (timestep=948)
🎯 GUIDANCE STEP 7 (t=948): Loss=0.5825, Rho=17.480221, Grad_norm=0.0572, Final_scale=174.8022
🚀 APPLYING GUIDANCE at step 8 (timestep=939)
🎯 GUIDANCE STEP 8 (t=939): Loss=0.5854, Rho=19.187019, Grad_norm=0.0521, Final_scale=191.8702
🚀 APPLYING GUIDANCE at step 9 (timestep=931)
🎯 GUIDANCE STEP 9 (t=931): Loss=0.5947, Rho=9.939707, Grad_norm=0.1006, Final_scale=99.3971
🚀 APPLYING GUIDANCE at step 10 (timestep=922)
🎯 GUIDANCE STEP 10 (t=922): Loss=0.5981, Rho=8.272651, Grad_norm=0.1209, Final_scale=82.7265
🚀 APPLYING GUIDANCE at step 11 (timestep=913)
🎯 GUIDANCE STEP 11 (t=913): Loss=0.5977, Rho=9.633356, Grad_norm=0.1038, Final_scale=96.3336
🚀 APPLYING GUIDANCE at step 12 (timestep=904)
🎯 GUIDANCE STEP 12 (t=904): Loss=0.6084, Rho=10.373808, Grad_norm=0.0964, Final_scale=103.7381
🚀 APPLYING GUIDANCE at step 13 (timestep=894)
🎯 GUIDANCE STEP 13 (t=894): Loss=0.6216, Rho=8.144460, Grad_norm=0.1228, Final_scale=81.4446
🚀 APPLYING GUIDANCE at step 14 (timestep=884)
🎯 GUIDANCE STEP 14 (t=884): Loss=0.6123, Rho=5.741074, Grad_norm=0.1742, Final_scale=57.4107
🚀 APPLYING GUIDANCE at step 15 (timestep=874)
🎯 GUIDANCE STEP 15 (t=874): Loss=0.6182, Rho=12.043752, Grad_norm=0.0830, Final_scale=120.4375
🚀 APPLYING GUIDANCE at step 16 (timestep=864)
🎯 GUIDANCE STEP 16 (t=864): Loss=0.6172, Rho=4.954280, Grad_norm=0.2018, Final_scale=49.5428
🚀 APPLYING GUIDANCE at step 17 (timestep=853)
🎯 GUIDANCE STEP 17 (t=853): Loss=0.6104, Rho=4.695447, Grad_norm=0.2130, Final_scale=46.9545
🚀 APPLYING GUIDANCE at step 18 (timestep=841)
🎯 GUIDANCE STEP 18 (t=841): Loss=0.6113, Rho=10.637278, Grad_norm=0.0940, Final_scale=106.3728
🚀 APPLYING GUIDANCE at step 19 (timestep=829)
🎯 GUIDANCE STEP 19 (t=829): Loss=0.6094, Rho=7.096028, Grad_norm=0.1409, Final_scale=70.9603
🚀 APPLYING GUIDANCE at step 20 (timestep=817)
🎯 GUIDANCE STEP 20 (t=817): Loss=0.6094, Rho=6.734823, Grad_norm=0.1485, Final_scale=67.3482
🚀 APPLYING GUIDANCE at step 21 (timestep=805)
🎯 GUIDANCE STEP 21 (t=805): Loss=0.6064, Rho=6.512280, Grad_norm=0.1536, Final_scale=65.1228
🚀 APPLYING GUIDANCE at step 22 (timestep=792)
🎯 GUIDANCE STEP 22 (t=792): Loss=0.6006, Rho=3.574017, Grad_norm=0.2798, Final_scale=35.7402
🚀 APPLYING GUIDANCE at step 23 (timestep=778)
🎯 GUIDANCE STEP 23 (t=778): Loss=0.5967, Rho=4.763633, Grad_norm=0.2099, Final_scale=47.6363
🚀 APPLYING GUIDANCE at step 24 (timestep=764)
🎯 GUIDANCE STEP 24 (t=764): Loss=0.5967, Rho=5.724907, Grad_norm=0.1747, Final_scale=57.2491
🚀 APPLYING GUIDANCE at step 25 (timestep=749)
🎯 GUIDANCE STEP 25 (t=749): Loss=0.5962, Rho=8.265567, Grad_norm=0.1210, Final_scale=82.6557
🚀 APPLYING GUIDANCE at step 26 (timestep=734)
🎯 GUIDANCE STEP 26 (t=734): Loss=0.6006, Rho=1.157082, Grad_norm=0.8642, Final_scale=11.5708
🚀 APPLYING GUIDANCE at step 27 (timestep=718)
🎯 GUIDANCE STEP 27 (t=718): Loss=0.6045, Rho=9.045693, Grad_norm=0.1105, Final_scale=90.4569
🚀 APPLYING GUIDANCE at step 28 (timestep=701)
🎯 GUIDANCE STEP 28 (t=701): Loss=0.6055, Rho=9.044576, Grad_norm=0.1106, Final_scale=90.4458
🚀 APPLYING GUIDANCE at step 29 (timestep=684)
🎯 GUIDANCE STEP 29 (t=684): Loss=0.6055, Rho=3.119436, Grad_norm=0.3206, Final_scale=31.1944
🚀 APPLYING GUIDANCE at step 30 (timestep=666)
🎯 GUIDANCE STEP 30 (t=666): Loss=0.6030, Rho=2.126437, Grad_norm=0.4703, Final_scale=21.2644
🚀 APPLYING GUIDANCE at step 31 (timestep=647)
🎯 GUIDANCE STEP 31 (t=647): Loss=0.6016, Rho=6.120717, Grad_norm=0.1634, Final_scale=61.2072
🚀 APPLYING GUIDANCE at step 32 (timestep=627)
🎯 GUIDANCE STEP 32 (t=627): Loss=0.5962, Rho=10.157167, Grad_norm=0.0985, Final_scale=101.5717
🚀 APPLYING GUIDANCE at step 33 (timestep=606)
🎯 GUIDANCE STEP 33 (t=606): Loss=0.5986, Rho=13.891030, Grad_norm=0.0720, Final_scale=138.9103
🚀 APPLYING GUIDANCE at step 34 (timestep=585)
🎯 GUIDANCE STEP 34 (t=585): Loss=0.5967, Rho=6.864386, Grad_norm=0.1457, Final_scale=68.6439
🚀 APPLYING GUIDANCE at step 35 (timestep=562)
🎯 GUIDANCE STEP 35 (t=562): Loss=0.5952, Rho=9.551420, Grad_norm=0.1047, Final_scale=95.5142
🚀 APPLYING GUIDANCE at step 36 (timestep=538)
🎯 GUIDANCE STEP 36 (t=538): Loss=0.5947, Rho=7.597545, Grad_norm=0.1316, Final_scale=75.9755
🚀 APPLYING GUIDANCE at step 37 (timestep=512)
🎯 GUIDANCE STEP 37 (t=512): Loss=0.5957, Rho=3.411919, Grad_norm=0.2931, Final_scale=34.1192
🚀 APPLYING GUIDANCE at step 38 (timestep=486)
🎯 GUIDANCE STEP 38 (t=486): Loss=0.5967, Rho=16.943741, Grad_norm=0.0590, Final_scale=169.4374
🚀 APPLYING GUIDANCE at step 39 (timestep=458)
🎯 GUIDANCE STEP 39 (t=458): Loss=0.5923, Rho=10.303356, Grad_norm=0.0971, Final_scale=103.0336
🚀 APPLYING GUIDANCE at step 40 (timestep=428)
🎯 GUIDANCE STEP 40 (t=428): Loss=0.5957, Rho=16.523565, Grad_norm=0.0605, Final_scale=165.2357
🚀 APPLYING GUIDANCE at step 41 (timestep=396)
🎯 GUIDANCE STEP 41 (t=396): Loss=0.5938, Rho=18.889870, Grad_norm=0.0529, Final_scale=188.8987
🚀 APPLYING GUIDANCE at step 42 (timestep=363)
🎯 GUIDANCE STEP 42 (t=363): Loss=0.5947, Rho=23.759144, Grad_norm=0.0421, Final_scale=237.5914
🚀 APPLYING GUIDANCE at step 43 (timestep=327)
🎯 GUIDANCE STEP 43 (t=327): Loss=0.5938, Rho=10.280839, Grad_norm=0.0973, Final_scale=102.8084
🚀 APPLYING GUIDANCE at step 44 (timestep=290)
🎯 GUIDANCE STEP 44 (t=290): Loss=0.5933, Rho=12.538711, Grad_norm=0.0798, Final_scale=125.3871
🚀 APPLYING GUIDANCE at step 45 (timestep=249)
🎯 GUIDANCE STEP 45 (t=249): Loss=0.5947, Rho=10.635118, Grad_norm=0.0940, Final_scale=106.3512
🚀 APPLYING GUIDANCE at step 46 (timestep=206)
🎯 GUIDANCE STEP 46 (t=206): Loss=0.5952, Rho=10.689387, Grad_norm=0.0936, Final_scale=106.8939
🚀 APPLYING GUIDANCE at step 47 (timestep=160)
🎯 GUIDANCE STEP 47 (t=160): Loss=0.5942, Rho=25.192448, Grad_norm=0.0397, Final_scale=251.9245
🚀 APPLYING GUIDANCE at step 48 (timestep=111)
🎯 GUIDANCE STEP 48 (t=111): Loss=0.5933, Rho=18.760229, Grad_norm=0.0533, Final_scale=187.6023
🚀 APPLYING GUIDANCE at step 49 (timestep=57)
🎯 GUIDANCE STEP 49 (t=57): Loss=0.5952, Rho=19.280254, Grad_norm=0.0519, Final_scale=192.8025
[guidance_f17_s50_w8c6_rho10.0_cfg5.0_0701_1658] Generated: generated_videos/subject_consistency/guidance_f17_s50_w8c6_rho10.0_cfg5.0_0701_1658/a_cat_running_happily.mp4
[guidance_f17_s50_w8c6_rho10.0_cfg5.0_0701_1658] Experiment completed! Results saved to: generated_videos/subject_consistency/guidance_f17_s50_w8c6_rho10.0_cfg5.0_0701_1658
🚀 APPLYING GUIDANCE at step 0 (timestep=999)
🎯 GUIDANCE STEP 0 (t=999): Loss=0.5845, Rho=11.755282, Grad_norm=0.0851, Final_scale=117.5528
🚀 APPLYING GUIDANCE at step 1 (timestep=992)
🎯 GUIDANCE STEP 1 (t=992): Loss=0.5317, Rho=37.819237, Grad_norm=0.0264, Final_scale=378.1924
🚀 APPLYING GUIDANCE at step 2 (timestep=985)
🎯 GUIDANCE STEP 2 (t=985): Loss=0.5464, Rho=30.649366, Grad_norm=0.0326, Final_scale=306.4937
🚀 APPLYING GUIDANCE at step 3 (timestep=978)
🎯 GUIDANCE STEP 3 (t=978): Loss=0.5386, Rho=29.905491, Grad_norm=0.0334, Final_scale=299.0549
🚀 APPLYING GUIDANCE at step 4 (timestep=971)
🎯 GUIDANCE STEP 4 (t=971): Loss=0.5449, Rho=22.411060, Grad_norm=0.0446, Final_scale=224.1106
🚀 APPLYING GUIDANCE at step 5 (timestep=963)
🎯 GUIDANCE STEP 5 (t=963): Loss=0.5522, Rho=33.862488, Grad_norm=0.0295, Final_scale=338.6249
🚀 APPLYING GUIDANCE at step 6 (timestep=956)
🎯 GUIDANCE STEP 6 (t=956): Loss=0.5776, Rho=8.392244, Grad_norm=0.1192, Final_scale=83.9224
🚀 APPLYING GUIDANCE at step 7 (timestep=948)
🎯 GUIDANCE STEP 7 (t=948): Loss=0.5693, Rho=11.390521, Grad_norm=0.0878, Final_scale=113.9052
🚀 APPLYING GUIDANCE at step 8 (timestep=939)
🎯 GUIDANCE STEP 8 (t=939): Loss=0.5820, Rho=21.250296, Grad_norm=0.0471, Final_scale=212.5030
🚀 APPLYING GUIDANCE at step 9 (timestep=931)
🎯 GUIDANCE STEP 9 (t=931): Loss=0.5825, Rho=9.266651, Grad_norm=0.1079, Final_scale=92.6665
🚀 APPLYING GUIDANCE at step 10 (timestep=922)
🎯 GUIDANCE STEP 10 (t=922): Loss=0.5825, Rho=9.220322, Grad_norm=0.1085, Final_scale=92.2032
🚀 APPLYING GUIDANCE at step 11 (timestep=913)
🎯 GUIDANCE STEP 11 (t=913): Loss=0.5947, Rho=10.325593, Grad_norm=0.0968, Final_scale=103.2559
🚀 APPLYING GUIDANCE at step 12 (timestep=904)
🎯 GUIDANCE STEP 12 (t=904): Loss=0.6021, Rho=7.971878, Grad_norm=0.1254, Final_scale=79.7188
🚀 APPLYING GUIDANCE at step 13 (timestep=894)
🎯 GUIDANCE STEP 13 (t=894): Loss=0.6050, Rho=9.670165, Grad_norm=0.1034, Final_scale=96.7017
🚀 APPLYING GUIDANCE at step 14 (timestep=884)
🎯 GUIDANCE STEP 14 (t=884): Loss=0.6094, Rho=5.638279, Grad_norm=0.1774, Final_scale=56.3828
🚀 APPLYING GUIDANCE at step 15 (timestep=874)
🎯 GUIDANCE STEP 15 (t=874): Loss=0.6123, Rho=11.571653, Grad_norm=0.0864, Final_scale=115.7165
🚀 APPLYING GUIDANCE at step 16 (timestep=864)
🎯 GUIDANCE STEP 16 (t=864): Loss=0.6128, Rho=11.353805, Grad_norm=0.0881, Final_scale=113.5380
🚀 APPLYING GUIDANCE at step 17 (timestep=853)
🎯 GUIDANCE STEP 17 (t=853): Loss=0.6172, Rho=9.180043, Grad_norm=0.1089, Final_scale=91.8004
🚀 APPLYING GUIDANCE at step 18 (timestep=841)
🎯 GUIDANCE STEP 18 (t=841): Loss=0.6147, Rho=5.720391, Grad_norm=0.1748, Final_scale=57.2039
🚀 APPLYING GUIDANCE at step 19 (timestep=829)
🎯 GUIDANCE STEP 19 (t=829): Loss=0.6201, Rho=6.510292, Grad_norm=0.1536, Final_scale=65.1029
🚀 APPLYING GUIDANCE at step 20 (timestep=817)
🎯 GUIDANCE STEP 20 (t=817): Loss=0.6226, Rho=4.478065, Grad_norm=0.2233, Final_scale=44.7807
🚀 APPLYING GUIDANCE at step 21 (timestep=805)
🎯 GUIDANCE STEP 21 (t=805): Loss=0.6240, Rho=7.653441, Grad_norm=0.1307, Final_scale=76.5344
🚀 APPLYING GUIDANCE at step 22 (timestep=792)
🎯 GUIDANCE STEP 22 (t=792): Loss=0.6128, Rho=4.480100, Grad_norm=0.2232, Final_scale=44.8010
🚀 APPLYING GUIDANCE at step 23 (timestep=778)
🎯 GUIDANCE STEP 23 (t=778): Loss=0.6138, Rho=12.017377, Grad_norm=0.0832, Final_scale=120.1738
🚀 APPLYING GUIDANCE at step 24 (timestep=764)
🎯 GUIDANCE STEP 24 (t=764): Loss=0.6123, Rho=7.047297, Grad_norm=0.1419, Final_scale=70.4730
🚀 APPLYING GUIDANCE at step 25 (timestep=749)
🎯 GUIDANCE STEP 25 (t=749): Loss=0.6167, Rho=7.176706, Grad_norm=0.1393, Final_scale=71.7671
🚀 APPLYING GUIDANCE at step 26 (timestep=734)
🎯 GUIDANCE STEP 26 (t=734): Loss=0.6172, Rho=5.154769, Grad_norm=0.1940, Final_scale=51.5477
🚀 APPLYING GUIDANCE at step 27 (timestep=718)
🎯 GUIDANCE STEP 27 (t=718): Loss=0.6162, Rho=9.361877, Grad_norm=0.1068, Final_scale=93.6188
🚀 APPLYING GUIDANCE at step 28 (timestep=701)
🎯 GUIDANCE STEP 28 (t=701): Loss=0.6138, Rho=8.267228, Grad_norm=0.1210, Final_scale=82.6723
🚀 APPLYING GUIDANCE at step 29 (timestep=684)
🎯 GUIDANCE STEP 29 (t=684): Loss=0.6201, Rho=7.644672, Grad_norm=0.1308, Final_scale=76.4467
🚀 APPLYING GUIDANCE at step 30 (timestep=666)
🎯 GUIDANCE STEP 30 (t=666): Loss=0.6123, Rho=13.112655, Grad_norm=0.0763, Final_scale=131.1265
🚀 APPLYING GUIDANCE at step 31 (timestep=647)
🎯 GUIDANCE STEP 31 (t=647): Loss=0.6123, Rho=10.606591, Grad_norm=0.0943, Final_scale=106.0659
🚀 APPLYING GUIDANCE at step 32 (timestep=627)
🎯 GUIDANCE STEP 32 (t=627): Loss=0.6133, Rho=5.562017, Grad_norm=0.1798, Final_scale=55.6202
🚀 APPLYING GUIDANCE at step 33 (timestep=606)
🎯 GUIDANCE STEP 33 (t=606): Loss=0.6084, Rho=2.494766, Grad_norm=0.4008, Final_scale=24.9477
🚀 APPLYING GUIDANCE at step 34 (timestep=585)
🎯 GUIDANCE STEP 34 (t=585): Loss=0.6094, Rho=5.799053, Grad_norm=0.1724, Final_scale=57.9905
🚀 APPLYING GUIDANCE at step 35 (timestep=562)
🎯 GUIDANCE STEP 35 (t=562): Loss=0.6069, Rho=10.327956, Grad_norm=0.0968, Final_scale=103.2796
🚀 APPLYING GUIDANCE at step 36 (timestep=538)
🎯 GUIDANCE STEP 36 (t=538): Loss=0.6079, Rho=7.654821, Grad_norm=0.1306, Final_scale=76.5482
🚀 APPLYING GUIDANCE at step 37 (timestep=512)
🎯 GUIDANCE STEP 37 (t=512): Loss=0.6079, Rho=4.783555, Grad_norm=0.2090, Final_scale=47.8355
🚀 APPLYING GUIDANCE at step 38 (timestep=486)
🎯 GUIDANCE STEP 38 (t=486): Loss=0.6060, Rho=8.527053, Grad_norm=0.1173, Final_scale=85.2705
🚀 APPLYING GUIDANCE at step 39 (timestep=458)
🎯 GUIDANCE STEP 39 (t=458): Loss=0.6064, Rho=6.994375, Grad_norm=0.1430, Final_scale=69.9437
🚀 APPLYING GUIDANCE at step 40 (timestep=428)
🎯 GUIDANCE STEP 40 (t=428): Loss=0.6045, Rho=10.985711, Grad_norm=0.0910, Final_scale=109.8571
🚀 APPLYING GUIDANCE at step 41 (timestep=396)
🎯 GUIDANCE STEP 41 (t=396): Loss=0.6011, Rho=6.169212, Grad_norm=0.1621, Final_scale=61.6921
🚀 APPLYING GUIDANCE at step 42 (timestep=363)
🎯 GUIDANCE STEP 42 (t=363): Loss=0.6016, Rho=18.116428, Grad_norm=0.0552, Final_scale=181.1643
🚀 APPLYING GUIDANCE at step 43 (timestep=327)
🎯 GUIDANCE STEP 43 (t=327): Loss=0.5991, Rho=26.066719, Grad_norm=0.0384, Final_scale=260.6672
🚀 APPLYING GUIDANCE at step 44 (timestep=290)
🎯 GUIDANCE STEP 44 (t=290): Loss=0.5986, Rho=32.002468, Grad_norm=0.0312, Final_scale=320.0247
🚀 APPLYING GUIDANCE at step 45 (timestep=249)
🎯 GUIDANCE STEP 45 (t=249): Loss=0.5986, Rho=4.509897, Grad_norm=0.2217, Final_scale=45.0990
🚀 APPLYING GUIDANCE at step 46 (timestep=206)
🎯 GUIDANCE STEP 46 (t=206): Loss=0.5981, Rho=13.661228, Grad_norm=0.0732, Final_scale=136.6123
🚀 APPLYING GUIDANCE at step 47 (timestep=160)
🎯 GUIDANCE STEP 47 (t=160): Loss=0.5972, Rho=15.435923, Grad_norm=0.0648, Final_scale=154.3592
🚀 APPLYING GUIDANCE at step 48 (timestep=111)
🎯 GUIDANCE STEP 48 (t=111): Loss=0.5967, Rho=12.381271, Grad_norm=0.0808, Final_scale=123.8127
🚀 APPLYING GUIDANCE at step 49 (timestep=57)
🎯 GUIDANCE STEP 49 (t=57): Loss=0.5942, Rho=5.910714, Grad_norm=0.1692, Final_scale=59.1071
[guidance_f17_s50_w8c6_rho10.0_cfg5.0_0701_1658] Generated: generated_videos/subject_consistency/guidance_f17_s50_w8c6_rho10.0_cfg5.0_0701_1658/a_sheep_bending_down_to_drink_water_from_a_river.mp4
[guidance_f17_s50_w8c6_rho10.0_cfg5.0_0701_1658] Experiment completed! Results saved to: generated_videos/subject_consistency/guidance_f17_s50_w8c6_rho10.0_cfg5.0_0701_1658
🚀 APPLYING GUIDANCE at step 0 (timestep=999)
🎯 GUIDANCE STEP 0 (t=999): Loss=0.5913, Rho=8.452793, Grad_norm=0.1183, Final_scale=84.5279
🚀 APPLYING GUIDANCE at step 1 (timestep=992)
🎯 GUIDANCE STEP 1 (t=992): Loss=0.5591, Rho=24.165518, Grad_norm=0.0414, Final_scale=241.6552
🚀 APPLYING GUIDANCE at step 2 (timestep=985)
🎯 GUIDANCE STEP 2 (t=985): Loss=0.5635, Rho=17.317768, Grad_norm=0.0577, Final_scale=173.1777
🚀 APPLYING GUIDANCE at step 3 (timestep=978)
🎯 GUIDANCE STEP 3 (t=978): Loss=0.5742, Rho=16.047821, Grad_norm=0.0623, Final_scale=160.4782
🚀 APPLYING GUIDANCE at step 4 (timestep=971)
🎯 GUIDANCE STEP 4 (t=971): Loss=0.5781, Rho=14.249534, Grad_norm=0.0702, Final_scale=142.4953
🚀 APPLYING GUIDANCE at step 5 (timestep=963)
🎯 GUIDANCE STEP 5 (t=963): Loss=0.5747, Rho=21.767578, Grad_norm=0.0459, Final_scale=217.6758
🚀 APPLYING GUIDANCE at step 6 (timestep=956)
🎯 GUIDANCE STEP 6 (t=956): Loss=0.5693, Rho=10.535922, Grad_norm=0.0949, Final_scale=105.3592
🚀 APPLYING GUIDANCE at step 7 (timestep=948)
🎯 GUIDANCE STEP 7 (t=948): Loss=0.5742, Rho=14.342076, Grad_norm=0.0697, Final_scale=143.4208
🚀 APPLYING GUIDANCE at step 8 (timestep=939)
🎯 GUIDANCE STEP 8 (t=939): Loss=0.5728, Rho=8.305497, Grad_norm=0.1204, Final_scale=83.0550
🚀 APPLYING GUIDANCE at step 9 (timestep=931)
🎯 GUIDANCE STEP 9 (t=931): Loss=0.5815, Rho=5.471791, Grad_norm=0.1828, Final_scale=54.7179
🚀 APPLYING GUIDANCE at step 10 (timestep=922)
🎯 GUIDANCE STEP 10 (t=922): Loss=0.5806, Rho=7.895803, Grad_norm=0.1266, Final_scale=78.9580
🚀 APPLYING GUIDANCE at step 11 (timestep=913)
🎯 GUIDANCE STEP 11 (t=913): Loss=0.5903, Rho=6.671998, Grad_norm=0.1499, Final_scale=66.7200
🚀 APPLYING GUIDANCE at step 12 (timestep=904)
🎯 GUIDANCE STEP 12 (t=904): Loss=0.5894, Rho=9.055942, Grad_norm=0.1104, Final_scale=90.5594
🚀 APPLYING GUIDANCE at step 13 (timestep=894)
🎯 GUIDANCE STEP 13 (t=894): Loss=0.5957, Rho=3.769189, Grad_norm=0.2653, Final_scale=37.6919
🚀 APPLYING GUIDANCE at step 14 (timestep=884)
🎯 GUIDANCE STEP 14 (t=884): Loss=0.5947, Rho=7.675900, Grad_norm=0.1303, Final_scale=76.7590
🚀 APPLYING GUIDANCE at step 15 (timestep=874)
🎯 GUIDANCE STEP 15 (t=874): Loss=0.5962, Rho=13.167021, Grad_norm=0.0759, Final_scale=131.6702
🚀 APPLYING GUIDANCE at step 16 (timestep=864)
🎯 GUIDANCE STEP 16 (t=864): Loss=0.5986, Rho=10.686121, Grad_norm=0.0936, Final_scale=106.8612
🚀 APPLYING GUIDANCE at step 17 (timestep=853)
🎯 GUIDANCE STEP 17 (t=853): Loss=0.6045, Rho=6.755250, Grad_norm=0.1480, Final_scale=67.5525
🚀 APPLYING GUIDANCE at step 18 (timestep=841)
🎯 GUIDANCE STEP 18 (t=841): Loss=0.6060, Rho=6.239253, Grad_norm=0.1603, Final_scale=62.3925
🚀 APPLYING GUIDANCE at step 19 (timestep=829)
🎯 GUIDANCE STEP 19 (t=829): Loss=0.6113, Rho=5.540970, Grad_norm=0.1805, Final_scale=55.4097
🚀 APPLYING GUIDANCE at step 20 (timestep=817)
🎯 GUIDANCE STEP 20 (t=817): Loss=0.6040, Rho=5.100800, Grad_norm=0.1960, Final_scale=51.0080
🚀 APPLYING GUIDANCE at step 21 (timestep=805)
🎯 GUIDANCE STEP 21 (t=805): Loss=0.6016, Rho=9.149176, Grad_norm=0.1093, Final_scale=91.4918
🚀 APPLYING GUIDANCE at step 22 (timestep=792)
🎯 GUIDANCE STEP 22 (t=792): Loss=0.6113, Rho=7.318758, Grad_norm=0.1366, Final_scale=73.1876
🚀 APPLYING GUIDANCE at step 23 (timestep=778)
🎯 GUIDANCE STEP 23 (t=778): Loss=0.6040, Rho=11.534862, Grad_norm=0.0867, Final_scale=115.3486
🚀 APPLYING GUIDANCE at step 24 (timestep=764)
🎯 GUIDANCE STEP 24 (t=764): Loss=0.6001, Rho=14.448149, Grad_norm=0.0692, Final_scale=144.4815
🚀 APPLYING GUIDANCE at step 25 (timestep=749)
🎯 GUIDANCE STEP 25 (t=749): Loss=0.6011, Rho=11.890009, Grad_norm=0.0841, Final_scale=118.9001
🚀 APPLYING GUIDANCE at step 26 (timestep=734)
🎯 GUIDANCE STEP 26 (t=734): Loss=0.6035, Rho=14.278939, Grad_norm=0.0700, Final_scale=142.7894
🚀 APPLYING GUIDANCE at step 27 (timestep=718)
🎯 GUIDANCE STEP 27 (t=718): Loss=0.6040, Rho=11.468328, Grad_norm=0.0872, Final_scale=114.6833
🚀 APPLYING GUIDANCE at step 28 (timestep=701)
🎯 GUIDANCE STEP 28 (t=701): Loss=0.6045, Rho=11.924317, Grad_norm=0.0839, Final_scale=119.2432
🚀 APPLYING GUIDANCE at step 29 (timestep=684)
🎯 GUIDANCE STEP 29 (t=684): Loss=0.6079, Rho=9.431930, Grad_norm=0.1060, Final_scale=94.3193
🚀 APPLYING GUIDANCE at step 30 (timestep=666)
🎯 GUIDANCE STEP 30 (t=666): Loss=0.6050, Rho=11.969420, Grad_norm=0.0835, Final_scale=119.6942
🚀 APPLYING GUIDANCE at step 31 (timestep=647)
🎯 GUIDANCE STEP 31 (t=647): Loss=0.6045, Rho=16.031752, Grad_norm=0.0624, Final_scale=160.3175
🚀 APPLYING GUIDANCE at step 32 (timestep=627)
🎯 GUIDANCE STEP 32 (t=627): Loss=0.6035, Rho=10.626576, Grad_norm=0.0941, Final_scale=106.2658
🚀 APPLYING GUIDANCE at step 33 (timestep=606)
🎯 GUIDANCE STEP 33 (t=606): Loss=0.6079, Rho=16.164215, Grad_norm=0.0619, Final_scale=161.6422
🚀 APPLYING GUIDANCE at step 34 (timestep=585)
🎯 GUIDANCE STEP 34 (t=585): Loss=0.6055, Rho=6.471425, Grad_norm=0.1545, Final_scale=64.7143
🚀 APPLYING GUIDANCE at step 35 (timestep=562)
🎯 GUIDANCE STEP 35 (t=562): Loss=0.6050, Rho=13.320893, Grad_norm=0.0751, Final_scale=133.2089
🚀 APPLYING GUIDANCE at step 36 (timestep=538)
🎯 GUIDANCE STEP 36 (t=538): Loss=0.6045, Rho=18.921642, Grad_norm=0.0528, Final_scale=189.2164
🚀 APPLYING GUIDANCE at step 37 (timestep=512)
🎯 GUIDANCE STEP 37 (t=512): Loss=0.6060, Rho=12.040070, Grad_norm=0.0831, Final_scale=120.4007
🚀 APPLYING GUIDANCE at step 38 (timestep=486)
🎯 GUIDANCE STEP 38 (t=486): Loss=0.6074, Rho=18.540495, Grad_norm=0.0539, Final_scale=185.4049
🚀 APPLYING GUIDANCE at step 39 (timestep=458)
🎯 GUIDANCE STEP 39 (t=458): Loss=0.6040, Rho=8.276317, Grad_norm=0.1208, Final_scale=82.7632
🚀 APPLYING GUIDANCE at step 40 (timestep=428)
🎯 GUIDANCE STEP 40 (t=428): Loss=0.6074, Rho=9.154742, Grad_norm=0.1092, Final_scale=91.5474
🚀 APPLYING GUIDANCE at step 41 (timestep=396)
🎯 GUIDANCE STEP 41 (t=396): Loss=0.6021, Rho=17.633959, Grad_norm=0.0567, Final_scale=176.3396
🚀 APPLYING GUIDANCE at step 42 (timestep=363)
🎯 GUIDANCE STEP 42 (t=363): Loss=0.6060, Rho=14.620482, Grad_norm=0.0684, Final_scale=146.2048
🚀 APPLYING GUIDANCE at step 43 (timestep=327)
🎯 GUIDANCE STEP 43 (t=327): Loss=0.6050, Rho=9.607914, Grad_norm=0.1041, Final_scale=96.0791
🚀 APPLYING GUIDANCE at step 44 (timestep=290)
🎯 GUIDANCE STEP 44 (t=290): Loss=0.6025, Rho=11.231442, Grad_norm=0.0890, Final_scale=112.3144
🚀 APPLYING GUIDANCE at step 45 (timestep=249)
🎯 GUIDANCE STEP 45 (t=249): Loss=0.6040, Rho=22.325644, Grad_norm=0.0448, Final_scale=223.2564
🚀 APPLYING GUIDANCE at step 46 (timestep=206)
🎯 GUIDANCE STEP 46 (t=206): Loss=0.6045, Rho=13.972746, Grad_norm=0.0716, Final_scale=139.7275
🚀 APPLYING GUIDANCE at step 47 (timestep=160)
🎯 GUIDANCE STEP 47 (t=160): Loss=0.6045, Rho=13.328696, Grad_norm=0.0750, Final_scale=133.2870
🚀 APPLYING GUIDANCE at step 48 (timestep=111)
🎯 GUIDANCE STEP 48 (t=111): Loss=0.6021, Rho=13.144643, Grad_norm=0.0761, Final_scale=131.4464
🚀 APPLYING GUIDANCE at step 49 (timestep=57)
🎯 GUIDANCE STEP 49 (t=57): Loss=0.5967, Rho=13.361511, Grad_norm=0.0748, Final_scale=133.6151
[guidance_f17_s50_w8c6_rho10.0_cfg5.0_0701_1658] Generated: generated_videos/subject_consistency/guidance_f17_s50_w8c6_rho10.0_cfg5.0_0701_1658/a_bear_catching_a_salmon_in_its_powerful_jaws.mp4
[guidance_f17_s50_w8c6_rho10.0_cfg5.0_0701_1658] Experiment completed! Results saved to: generated_videos/subject_consistency/guidance_f17_s50_w8c6_rho10.0_cfg5.0_0701_1658
🚀 APPLYING GUIDANCE at step 0 (timestep=999)
🎯 GUIDANCE STEP 0 (t=999): Loss=0.5317, Rho=11.495567, Grad_norm=0.0870, Final_scale=114.9557
🚀 APPLYING GUIDANCE at step 1 (timestep=992)
🎯 GUIDANCE STEP 1 (t=992): Loss=0.5308, Rho=49.591686, Grad_norm=0.0202, Final_scale=495.9169
🚀 APPLYING GUIDANCE at step 2 (timestep=985)
🎯 GUIDANCE STEP 2 (t=985): Loss=0.5430, Rho=14.458567, Grad_norm=0.0692, Final_scale=144.5857
🚀 APPLYING GUIDANCE at step 3 (timestep=978)
🎯 GUIDANCE STEP 3 (t=978): Loss=0.5317, Rho=44.533752, Grad_norm=0.0225, Final_scale=445.3375
🚀 APPLYING GUIDANCE at step 4 (timestep=971)
🎯 GUIDANCE STEP 4 (t=971): Loss=0.5459, Rho=24.414158, Grad_norm=0.0410, Final_scale=244.1416
🚀 APPLYING GUIDANCE at step 5 (timestep=963)
🎯 GUIDANCE STEP 5 (t=963): Loss=0.5527, Rho=42.869984, Grad_norm=0.0233, Final_scale=428.6998
🚀 APPLYING GUIDANCE at step 6 (timestep=956)
🎯 GUIDANCE STEP 6 (t=956): Loss=0.5557, Rho=25.852669, Grad_norm=0.0387, Final_scale=258.5267
🚀 APPLYING GUIDANCE at step 7 (timestep=948)
🎯 GUIDANCE STEP 7 (t=948): Loss=0.5571, Rho=23.460594, Grad_norm=0.0426, Final_scale=234.6059
🚀 APPLYING GUIDANCE at step 8 (timestep=939)
🎯 GUIDANCE STEP 8 (t=939): Loss=0.5610, Rho=20.738426, Grad_norm=0.0482, Final_scale=207.3843
🚀 APPLYING GUIDANCE at step 9 (timestep=931)
🎯 GUIDANCE STEP 9 (t=931): Loss=0.5630, Rho=23.236813, Grad_norm=0.0430, Final_scale=232.3681
🚀 APPLYING GUIDANCE at step 10 (timestep=922)
🎯 GUIDANCE STEP 10 (t=922): Loss=0.5684, Rho=17.192907, Grad_norm=0.0582, Final_scale=171.9291
🚀 APPLYING GUIDANCE at step 11 (timestep=913)
🎯 GUIDANCE STEP 11 (t=913): Loss=0.5688, Rho=18.725763, Grad_norm=0.0534, Final_scale=187.2576
🚀 APPLYING GUIDANCE at step 12 (timestep=904)
🎯 GUIDANCE STEP 12 (t=904): Loss=0.5698, Rho=17.388542, Grad_norm=0.0575, Final_scale=173.8854
🚀 APPLYING GUIDANCE at step 13 (timestep=894)
🎯 GUIDANCE STEP 13 (t=894): Loss=0.5703, Rho=21.266846, Grad_norm=0.0470, Final_scale=212.6685
🚀 APPLYING GUIDANCE at step 14 (timestep=884)
🎯 GUIDANCE STEP 14 (t=884): Loss=0.5742, Rho=12.814881, Grad_norm=0.0780, Final_scale=128.1488
🚀 APPLYING GUIDANCE at step 15 (timestep=874)
🎯 GUIDANCE STEP 15 (t=874): Loss=0.5757, Rho=15.580361, Grad_norm=0.0642, Final_scale=155.8036
🚀 APPLYING GUIDANCE at step 16 (timestep=864)
🎯 GUIDANCE STEP 16 (t=864): Loss=0.5840, Rho=9.564832, Grad_norm=0.1045, Final_scale=95.6483
🚀 APPLYING GUIDANCE at step 17 (timestep=853)
🎯 GUIDANCE STEP 17 (t=853): Loss=0.5801, Rho=14.266762, Grad_norm=0.0701, Final_scale=142.6676
🚀 APPLYING GUIDANCE at step 18 (timestep=841)
🎯 GUIDANCE STEP 18 (t=841): Loss=0.5850, Rho=8.246106, Grad_norm=0.1213, Final_scale=82.4611
🚀 APPLYING GUIDANCE at step 19 (timestep=829)
🎯 GUIDANCE STEP 19 (t=829): Loss=0.5791, Rho=4.017968, Grad_norm=0.2489, Final_scale=40.1797
🚀 APPLYING GUIDANCE at step 20 (timestep=817)
🎯 GUIDANCE STEP 20 (t=817): Loss=0.5791, Rho=3.813620, Grad_norm=0.2622, Final_scale=38.1362
🚀 APPLYING GUIDANCE at step 21 (timestep=805)
🎯 GUIDANCE STEP 21 (t=805): Loss=0.5801, Rho=8.690273, Grad_norm=0.1151, Final_scale=86.9027
🚀 APPLYING GUIDANCE at step 22 (timestep=792)
🎯 GUIDANCE STEP 22 (t=792): Loss=0.5791, Rho=13.467537, Grad_norm=0.0743, Final_scale=134.6754
🚀 APPLYING GUIDANCE at step 23 (timestep=778)
🎯 GUIDANCE STEP 23 (t=778): Loss=0.5786, Rho=12.894859, Grad_norm=0.0776, Final_scale=128.9486
🚀 APPLYING GUIDANCE at step 24 (timestep=764)
🎯 GUIDANCE STEP 24 (t=764): Loss=0.5801, Rho=9.525820, Grad_norm=0.1050, Final_scale=95.2582
🚀 APPLYING GUIDANCE at step 25 (timestep=749)
🎯 GUIDANCE STEP 25 (t=749): Loss=0.5850, Rho=12.084874, Grad_norm=0.0827, Final_scale=120.8487
🚀 APPLYING GUIDANCE at step 26 (timestep=734)
🎯 GUIDANCE STEP 26 (t=734): Loss=0.5820, Rho=9.907104, Grad_norm=0.1009, Final_scale=99.0710
🚀 APPLYING GUIDANCE at step 27 (timestep=718)
🎯 GUIDANCE STEP 27 (t=718): Loss=0.5796, Rho=5.830565, Grad_norm=0.1715, Final_scale=58.3057
🚀 APPLYING GUIDANCE at step 28 (timestep=701)
🎯 GUIDANCE STEP 28 (t=701): Loss=0.5796, Rho=4.631124, Grad_norm=0.2159, Final_scale=46.3112
🚀 APPLYING GUIDANCE at step 29 (timestep=684)
🎯 GUIDANCE STEP 29 (t=684): Loss=0.5801, Rho=13.084541, Grad_norm=0.0764, Final_scale=130.8454
🚀 APPLYING GUIDANCE at step 30 (timestep=666)
🎯 GUIDANCE STEP 30 (t=666): Loss=0.5806, Rho=5.470244, Grad_norm=0.1828, Final_scale=54.7024
🚀 APPLYING GUIDANCE at step 31 (timestep=647)
🎯 GUIDANCE STEP 31 (t=647): Loss=0.5820, Rho=6.055106, Grad_norm=0.1651, Final_scale=60.5511
🚀 APPLYING GUIDANCE at step 32 (timestep=627)
🎯 GUIDANCE STEP 32 (t=627): Loss=0.5840, Rho=14.577666, Grad_norm=0.0686, Final_scale=145.7767
🚀 APPLYING GUIDANCE at step 33 (timestep=606)
🎯 GUIDANCE STEP 33 (t=606): Loss=0.5854, Rho=9.473511, Grad_norm=0.1056, Final_scale=94.7351
🚀 APPLYING GUIDANCE at step 34 (timestep=585)
🎯 GUIDANCE STEP 34 (t=585): Loss=0.5830, Rho=6.871909, Grad_norm=0.1455, Final_scale=68.7191
🚀 APPLYING GUIDANCE at step 35 (timestep=562)
🎯 GUIDANCE STEP 35 (t=562): Loss=0.5835, Rho=13.661383, Grad_norm=0.0732, Final_scale=136.6138
🚀 APPLYING GUIDANCE at step 36 (timestep=538)
🎯 GUIDANCE STEP 36 (t=538): Loss=0.5830, Rho=13.718683, Grad_norm=0.0729, Final_scale=137.1868
🚀 APPLYING GUIDANCE at step 37 (timestep=512)
🎯 GUIDANCE STEP 37 (t=512): Loss=0.5835, Rho=8.144435, Grad_norm=0.1228, Final_scale=81.4443
🚀 APPLYING GUIDANCE at step 38 (timestep=486)
🎯 GUIDANCE STEP 38 (t=486): Loss=0.5835, Rho=9.061546, Grad_norm=0.1104, Final_scale=90.6155
🚀 APPLYING GUIDANCE at step 39 (timestep=458)
🎯 GUIDANCE STEP 39 (t=458): Loss=0.5854, Rho=13.197631, Grad_norm=0.0758, Final_scale=131.9763
🚀 APPLYING GUIDANCE at step 40 (timestep=428)
🎯 GUIDANCE STEP 40 (t=428): Loss=0.5845, Rho=7.197260, Grad_norm=0.1389, Final_scale=71.9726
🚀 APPLYING GUIDANCE at step 41 (timestep=396)
🎯 GUIDANCE STEP 41 (t=396): Loss=0.5884, Rho=17.889372, Grad_norm=0.0559, Final_scale=178.8937
🚀 APPLYING GUIDANCE at step 42 (timestep=363)
🎯 GUIDANCE STEP 42 (t=363): Loss=0.5835, Rho=1.119330, Grad_norm=0.8934, Final_scale=11.1933
🚀 APPLYING GUIDANCE at step 43 (timestep=327)
🎯 GUIDANCE STEP 43 (t=327): Loss=0.5884, Rho=7.030581, Grad_norm=0.1422, Final_scale=70.3058
🚀 APPLYING GUIDANCE at step 44 (timestep=290)
🎯 GUIDANCE STEP 44 (t=290): Loss=0.5874, Rho=13.935142, Grad_norm=0.0718, Final_scale=139.3514
🚀 APPLYING GUIDANCE at step 45 (timestep=249)
🎯 GUIDANCE STEP 45 (t=249): Loss=0.5850, Rho=18.280588, Grad_norm=0.0547, Final_scale=182.8059
🚀 APPLYING GUIDANCE at step 46 (timestep=206)
🎯 GUIDANCE STEP 46 (t=206): Loss=0.5820, Rho=18.424307, Grad_norm=0.0543, Final_scale=184.2431
🚀 APPLYING GUIDANCE at step 47 (timestep=160)
🎯 GUIDANCE STEP 47 (t=160): Loss=0.5840, Rho=14.390640, Grad_norm=0.0695, Final_scale=143.9064
🚀 APPLYING GUIDANCE at step 48 (timestep=111)
🎯 GUIDANCE STEP 48 (t=111): Loss=0.5835, Rho=9.043391, Grad_norm=0.1106, Final_scale=90.4339
🚀 APPLYING GUIDANCE at step 49 (timestep=57)
🎯 GUIDANCE STEP 49 (t=57): Loss=0.5864, Rho=15.136368, Grad_norm=0.0661, Final_scale=151.3637
[guidance_f17_s50_w8c6_rho10.0_cfg5.0_0701_1658] Generated: generated_videos/subject_consistency/guidance_f17_s50_w8c6_rho10.0_cfg5.0_0701_1658/a_bicycle_gliding_through_a_snowy_field.mp4
[guidance_f17_s50_w8c6_rho10.0_cfg5.0_0701_1658] Experiment completed! Results saved to: generated_videos/subject_consistency/guidance_f17_s50_w8c6_rho10.0_cfg5.0_0701_1658
🚀 APPLYING GUIDANCE at step 0 (timestep=999)
🎯 GUIDANCE STEP 0 (t=999): Loss=0.5737, Rho=19.009964, Grad_norm=0.0526, Final_scale=190.0996
🚀 APPLYING GUIDANCE at step 1 (timestep=992)
🎯 GUIDANCE STEP 1 (t=992): Loss=0.5996, Rho=7.353284, Grad_norm=0.1360, Final_scale=73.5328
🚀 APPLYING GUIDANCE at step 2 (timestep=985)
🎯 GUIDANCE STEP 2 (t=985): Loss=0.6035, Rho=7.318204, Grad_norm=0.1366, Final_scale=73.1820
🚀 APPLYING GUIDANCE at step 3 (timestep=978)
🎯 GUIDANCE STEP 3 (t=978): Loss=0.6094, Rho=9.647575, Grad_norm=0.1037, Final_scale=96.4758
🚀 APPLYING GUIDANCE at step 4 (timestep=971)
🎯 GUIDANCE STEP 4 (t=971): Loss=0.6025, Rho=15.528630, Grad_norm=0.0644, Final_scale=155.2863
🚀 APPLYING GUIDANCE at step 5 (timestep=963)
🎯 GUIDANCE STEP 5 (t=963): Loss=0.6094, Rho=16.968447, Grad_norm=0.0589, Final_scale=169.6845
🚀 APPLYING GUIDANCE at step 6 (timestep=956)
🎯 GUIDANCE STEP 6 (t=956): Loss=0.6108, Rho=24.658264, Grad_norm=0.0406, Final_scale=246.5826
🚀 APPLYING GUIDANCE at step 7 (timestep=948)
🎯 GUIDANCE STEP 7 (t=948): Loss=0.6211, Rho=4.373430, Grad_norm=0.2287, Final_scale=43.7343
🚀 APPLYING GUIDANCE at step 8 (timestep=939)
🎯 GUIDANCE STEP 8 (t=939): Loss=0.6250, Rho=6.799664, Grad_norm=0.1471, Final_scale=67.9966
🚀 APPLYING GUIDANCE at step 9 (timestep=931)
🎯 GUIDANCE STEP 9 (t=931): Loss=0.6240, Rho=14.016266, Grad_norm=0.0713, Final_scale=140.1627
🚀 APPLYING GUIDANCE at step 10 (timestep=922)
🎯 GUIDANCE STEP 10 (t=922): Loss=0.6294, Rho=14.673578, Grad_norm=0.0681, Final_scale=146.7358
🚀 APPLYING GUIDANCE at step 11 (timestep=913)
🎯 GUIDANCE STEP 11 (t=913): Loss=0.6216, Rho=16.854826, Grad_norm=0.0593, Final_scale=168.5483
🚀 APPLYING GUIDANCE at step 12 (timestep=904)
🎯 GUIDANCE STEP 12 (t=904): Loss=0.6284, Rho=6.726685, Grad_norm=0.1487, Final_scale=67.2668
🚀 APPLYING GUIDANCE at step 13 (timestep=894)
🎯 GUIDANCE STEP 13 (t=894): Loss=0.6338, Rho=15.591491, Grad_norm=0.0641, Final_scale=155.9149
🚀 APPLYING GUIDANCE at step 14 (timestep=884)
🎯 GUIDANCE STEP 14 (t=884): Loss=0.6353, Rho=7.569998, Grad_norm=0.1321, Final_scale=75.7000
🚀 APPLYING GUIDANCE at step 15 (timestep=874)
🎯 GUIDANCE STEP 15 (t=874): Loss=0.6353, Rho=8.218174, Grad_norm=0.1217, Final_scale=82.1817
🚀 APPLYING GUIDANCE at step 16 (timestep=864)
🎯 GUIDANCE STEP 16 (t=864): Loss=0.6382, Rho=12.040880, Grad_norm=0.0831, Final_scale=120.4088
🚀 APPLYING GUIDANCE at step 17 (timestep=853)
🎯 GUIDANCE STEP 17 (t=853): Loss=0.6406, Rho=7.555957, Grad_norm=0.1323, Final_scale=75.5596
🚀 APPLYING GUIDANCE at step 18 (timestep=841)
🎯 GUIDANCE STEP 18 (t=841): Loss=0.6382, Rho=13.537981, Grad_norm=0.0739, Final_scale=135.3798
🚀 APPLYING GUIDANCE at step 19 (timestep=829)
🎯 GUIDANCE STEP 19 (t=829): Loss=0.6343, Rho=9.768237, Grad_norm=0.1024, Final_scale=97.6824
🚀 APPLYING GUIDANCE at step 20 (timestep=817)
🎯 GUIDANCE STEP 20 (t=817): Loss=0.6387, Rho=15.517910, Grad_norm=0.0644, Final_scale=155.1791
🚀 APPLYING GUIDANCE at step 21 (timestep=805)
🎯 GUIDANCE STEP 21 (t=805): Loss=0.6411, Rho=8.698256, Grad_norm=0.1150, Final_scale=86.9826
🚀 APPLYING GUIDANCE at step 22 (timestep=792)
🎯 GUIDANCE STEP 22 (t=792): Loss=0.6436, Rho=7.637505, Grad_norm=0.1309, Final_scale=76.3751
🚀 APPLYING GUIDANCE at step 23 (timestep=778)
🎯 GUIDANCE STEP 23 (t=778): Loss=0.6440, Rho=2.078972, Grad_norm=0.4810, Final_scale=20.7897
🚀 APPLYING GUIDANCE at step 24 (timestep=764)
🎯 GUIDANCE STEP 24 (t=764): Loss=0.6406, Rho=19.527096, Grad_norm=0.0512, Final_scale=195.2710
🚀 APPLYING GUIDANCE at step 25 (timestep=749)
🎯 GUIDANCE STEP 25 (t=749): Loss=0.6416, Rho=10.139802, Grad_norm=0.0986, Final_scale=101.3980
🚀 APPLYING GUIDANCE at step 26 (timestep=734)
🎯 GUIDANCE STEP 26 (t=734): Loss=0.6426, Rho=13.499381, Grad_norm=0.0741, Final_scale=134.9938
🚀 APPLYING GUIDANCE at step 27 (timestep=718)
🎯 GUIDANCE STEP 27 (t=718): Loss=0.6411, Rho=17.212553, Grad_norm=0.0581, Final_scale=172.1255
🚀 APPLYING GUIDANCE at step 28 (timestep=701)
🎯 GUIDANCE STEP 28 (t=701): Loss=0.6416, Rho=8.159309, Grad_norm=0.1226, Final_scale=81.5931
🚀 APPLYING GUIDANCE at step 29 (timestep=684)
🎯 GUIDANCE STEP 29 (t=684): Loss=0.6445, Rho=9.086322, Grad_norm=0.1101, Final_scale=90.8632
🚀 APPLYING GUIDANCE at step 30 (timestep=666)
🎯 GUIDANCE STEP 30 (t=666): Loss=0.6436, Rho=14.309994, Grad_norm=0.0699, Final_scale=143.0999
🚀 APPLYING GUIDANCE at step 31 (timestep=647)
🎯 GUIDANCE STEP 31 (t=647): Loss=0.6387, Rho=21.800901, Grad_norm=0.0459, Final_scale=218.0090
🚀 APPLYING GUIDANCE at step 32 (timestep=627)
🎯 GUIDANCE STEP 32 (t=627): Loss=0.6426, Rho=11.201479, Grad_norm=0.0893, Final_scale=112.0148
🚀 APPLYING GUIDANCE at step 33 (timestep=606)
🎯 GUIDANCE STEP 33 (t=606): Loss=0.6377, Rho=17.951893, Grad_norm=0.0557, Final_scale=179.5189
🚀 APPLYING GUIDANCE at step 34 (timestep=585)
🎯 GUIDANCE STEP 34 (t=585): Loss=0.6372, Rho=17.626457, Grad_norm=0.0567, Final_scale=176.2646
🚀 APPLYING GUIDANCE at step 35 (timestep=562)
🎯 GUIDANCE STEP 35 (t=562): Loss=0.6348, Rho=17.355930, Grad_norm=0.0576, Final_scale=173.5593
🚀 APPLYING GUIDANCE at step 36 (timestep=538)
🎯 GUIDANCE STEP 36 (t=538): Loss=0.6372, Rho=14.373281, Grad_norm=0.0696, Final_scale=143.7328
🚀 APPLYING GUIDANCE at step 37 (timestep=512)
🎯 GUIDANCE STEP 37 (t=512): Loss=0.6387, Rho=16.236769, Grad_norm=0.0616, Final_scale=162.3677
🚀 APPLYING GUIDANCE at step 38 (timestep=486)
🎯 GUIDANCE STEP 38 (t=486): Loss=0.6372, Rho=9.543058, Grad_norm=0.1048, Final_scale=95.4306
🚀 APPLYING GUIDANCE at step 39 (timestep=458)
🎯 GUIDANCE STEP 39 (t=458): Loss=0.6377, Rho=30.020384, Grad_norm=0.0333, Final_scale=300.2038
🚀 APPLYING GUIDANCE at step 40 (timestep=428)
🎯 GUIDANCE STEP 40 (t=428): Loss=0.6338, Rho=17.850813, Grad_norm=0.0560, Final_scale=178.5081
🚀 APPLYING GUIDANCE at step 41 (timestep=396)
🎯 GUIDANCE STEP 41 (t=396): Loss=0.6338, Rho=21.708044, Grad_norm=0.0461, Final_scale=217.0804
🚀 APPLYING GUIDANCE at step 42 (timestep=363)
🎯 GUIDANCE STEP 42 (t=363): Loss=0.6318, Rho=47.945793, Grad_norm=0.0209, Final_scale=479.4579
🚀 APPLYING GUIDANCE at step 43 (timestep=327)
🎯 GUIDANCE STEP 43 (t=327): Loss=0.6343, Rho=24.311745, Grad_norm=0.0411, Final_scale=243.1174
🚀 APPLYING GUIDANCE at step 44 (timestep=290)
🎯 GUIDANCE STEP 44 (t=290): Loss=0.6338, Rho=19.681957, Grad_norm=0.0508, Final_scale=196.8196
🚀 APPLYING GUIDANCE at step 45 (timestep=249)
🎯 GUIDANCE STEP 45 (t=249): Loss=0.6343, Rho=2.625981, Grad_norm=0.3808, Final_scale=26.2598
🚀 APPLYING GUIDANCE at step 46 (timestep=206)
🎯 GUIDANCE STEP 46 (t=206): Loss=0.6362, Rho=25.688726, Grad_norm=0.0389, Final_scale=256.8873
🚀 APPLYING GUIDANCE at step 47 (timestep=160)
🎯 GUIDANCE STEP 47 (t=160): Loss=0.6333, Rho=8.001919, Grad_norm=0.1250, Final_scale=80.0192
🚀 APPLYING GUIDANCE at step 48 (timestep=111)
🎯 GUIDANCE STEP 48 (t=111): Loss=0.6357, Rho=13.402417, Grad_norm=0.0746, Final_scale=134.0242
🚀 APPLYING GUIDANCE at step 49 (timestep=57)
🎯 GUIDANCE STEP 49 (t=57): Loss=0.6289, Rho=21.258411, Grad_norm=0.0470, Final_scale=212.5841
[guidance_f17_s50_w8c6_rho10.0_cfg5.0_0701_1658] Generated: generated_videos/subject_consistency/guidance_f17_s50_w8c6_rho10.0_cfg5.0_0701_1658/a_motorcycle_slowing_down_to_stop.mp4
[guidance_f17_s50_w8c6_rho10.0_cfg5.0_0701_1658] Experiment completed! Results saved to: generated_videos/subject_consistency/guidance_f17_s50_w8c6_rho10.0_cfg5.0_0701_1658
🚀 APPLYING GUIDANCE at step 0 (timestep=999)
🎯 GUIDANCE STEP 0 (t=999): Loss=0.5615, Rho=5.874346, Grad_norm=0.1702, Final_scale=58.7435
🚀 APPLYING GUIDANCE at step 1 (timestep=992)
🎯 GUIDANCE STEP 1 (t=992): Loss=0.5576, Rho=9.381106, Grad_norm=0.1066, Final_scale=93.8111
🚀 APPLYING GUIDANCE at step 2 (timestep=985)
🎯 GUIDANCE STEP 2 (t=985): Loss=0.5566, Rho=30.276320, Grad_norm=0.0330, Final_scale=302.7632
🚀 APPLYING GUIDANCE at step 3 (timestep=978)
🎯 GUIDANCE STEP 3 (t=978): Loss=0.5781, Rho=29.842731, Grad_norm=0.0335, Final_scale=298.4273
🚀 APPLYING GUIDANCE at step 4 (timestep=971)
🎯 GUIDANCE STEP 4 (t=971): Loss=0.5713, Rho=39.976479, Grad_norm=0.0250, Final_scale=399.7648
🚀 APPLYING GUIDANCE at step 5 (timestep=963)
🎯 GUIDANCE STEP 5 (t=963): Loss=0.5654, Rho=38.693451, Grad_norm=0.0258, Final_scale=386.9345
🚀 APPLYING GUIDANCE at step 6 (timestep=956)
🎯 GUIDANCE STEP 6 (t=956): Loss=0.5728, Rho=25.544174, Grad_norm=0.0391, Final_scale=255.4417
🚀 APPLYING GUIDANCE at step 7 (timestep=948)
🎯 GUIDANCE STEP 7 (t=948): Loss=0.5742, Rho=26.833553, Grad_norm=0.0373, Final_scale=268.3355
🚀 APPLYING GUIDANCE at step 8 (timestep=939)
🎯 GUIDANCE STEP 8 (t=939): Loss=0.5752, Rho=22.368946, Grad_norm=0.0447, Final_scale=223.6895
🚀 APPLYING GUIDANCE at step 9 (timestep=931)
🎯 GUIDANCE STEP 9 (t=931): Loss=0.5996, Rho=14.445159, Grad_norm=0.0692, Final_scale=144.4516
🚀 APPLYING GUIDANCE at step 10 (timestep=922)
🎯 GUIDANCE STEP 10 (t=922): Loss=0.5918, Rho=13.689115, Grad_norm=0.0731, Final_scale=136.8911
🚀 APPLYING GUIDANCE at step 11 (timestep=913)
🎯 GUIDANCE STEP 11 (t=913): Loss=0.5977, Rho=17.651609, Grad_norm=0.0567, Final_scale=176.5161
🚀 APPLYING GUIDANCE at step 12 (timestep=904)
🎯 GUIDANCE STEP 12 (t=904): Loss=0.5933, Rho=5.659379, Grad_norm=0.1767, Final_scale=56.5938
🚀 APPLYING GUIDANCE at step 13 (timestep=894)
🎯 GUIDANCE STEP 13 (t=894): Loss=0.5933, Rho=17.535833, Grad_norm=0.0570, Final_scale=175.3583
🚀 APPLYING GUIDANCE at step 14 (timestep=884)
🎯 GUIDANCE STEP 14 (t=884): Loss=0.5928, Rho=13.399133, Grad_norm=0.0746, Final_scale=133.9913
🚀 APPLYING GUIDANCE at step 15 (timestep=874)
🎯 GUIDANCE STEP 15 (t=874): Loss=0.5962, Rho=10.672786, Grad_norm=0.0937, Final_scale=106.7279
🚀 APPLYING GUIDANCE at step 16 (timestep=864)
🎯 GUIDANCE STEP 16 (t=864): Loss=0.5981, Rho=11.433110, Grad_norm=0.0875, Final_scale=114.3311
🚀 APPLYING GUIDANCE at step 17 (timestep=853)
🎯 GUIDANCE STEP 17 (t=853): Loss=0.5981, Rho=14.025656, Grad_norm=0.0713, Final_scale=140.2566
🚀 APPLYING GUIDANCE at step 18 (timestep=841)
🎯 GUIDANCE STEP 18 (t=841): Loss=0.5986, Rho=13.307486, Grad_norm=0.0751, Final_scale=133.0749
🚀 APPLYING GUIDANCE at step 19 (timestep=829)
🎯 GUIDANCE STEP 19 (t=829): Loss=0.5996, Rho=10.038043, Grad_norm=0.0996, Final_scale=100.3804
🚀 APPLYING GUIDANCE at step 20 (timestep=817)
🎯 GUIDANCE STEP 20 (t=817): Loss=0.6064, Rho=27.946655, Grad_norm=0.0358, Final_scale=279.4666
🚀 APPLYING GUIDANCE at step 21 (timestep=805)
🎯 GUIDANCE STEP 21 (t=805): Loss=0.6021, Rho=12.303306, Grad_norm=0.0813, Final_scale=123.0331
🚀 APPLYING GUIDANCE at step 22 (timestep=792)
🎯 GUIDANCE STEP 22 (t=792): Loss=0.6050, Rho=30.002432, Grad_norm=0.0333, Final_scale=300.0243
🚀 APPLYING GUIDANCE at step 23 (timestep=778)
🎯 GUIDANCE STEP 23 (t=778): Loss=0.6025, Rho=23.452116, Grad_norm=0.0426, Final_scale=234.5212
🚀 APPLYING GUIDANCE at step 24 (timestep=764)
🎯 GUIDANCE STEP 24 (t=764): Loss=0.6025, Rho=6.193253, Grad_norm=0.1615, Final_scale=61.9325
🚀 APPLYING GUIDANCE at step 25 (timestep=749)
🎯 GUIDANCE STEP 25 (t=749): Loss=0.6045, Rho=13.709676, Grad_norm=0.0729, Final_scale=137.0968
🚀 APPLYING GUIDANCE at step 26 (timestep=734)
🎯 GUIDANCE STEP 26 (t=734): Loss=0.6050, Rho=25.283524, Grad_norm=0.0396, Final_scale=252.8352
🚀 APPLYING GUIDANCE at step 27 (timestep=718)
🎯 GUIDANCE STEP 27 (t=718): Loss=0.6025, Rho=37.036270, Grad_norm=0.0270, Final_scale=370.3627
🚀 APPLYING GUIDANCE at step 28 (timestep=701)
🎯 GUIDANCE STEP 28 (t=701): Loss=0.6035, Rho=28.913891, Grad_norm=0.0346, Final_scale=289.1389
🚀 APPLYING GUIDANCE at step 29 (timestep=684)
🎯 GUIDANCE STEP 29 (t=684): Loss=0.6025, Rho=38.629158, Grad_norm=0.0259, Final_scale=386.2916
🚀 APPLYING GUIDANCE at step 30 (timestep=666)
🎯 GUIDANCE STEP 30 (t=666): Loss=0.6050, Rho=38.793098, Grad_norm=0.0258, Final_scale=387.9310
🚀 APPLYING GUIDANCE at step 31 (timestep=647)
🎯 GUIDANCE STEP 31 (t=647): Loss=0.6035, Rho=38.604286, Grad_norm=0.0259, Final_scale=386.0429
🚀 APPLYING GUIDANCE at step 32 (timestep=627)
🎯 GUIDANCE STEP 32 (t=627): Loss=0.6035, Rho=38.139320, Grad_norm=0.0262, Final_scale=381.3932
🚀 APPLYING GUIDANCE at step 33 (timestep=606)
🎯 GUIDANCE STEP 33 (t=606): Loss=0.6060, Rho=32.149769, Grad_norm=0.0311, Final_scale=321.4977
🚀 APPLYING GUIDANCE at step 34 (timestep=585)
🎯 GUIDANCE STEP 34 (t=585): Loss=0.6045, Rho=28.888487, Grad_norm=0.0346, Final_scale=288.8849
🚀 APPLYING GUIDANCE at step 35 (timestep=562)
🎯 GUIDANCE STEP 35 (t=562): Loss=0.6025, Rho=39.471989, Grad_norm=0.0253, Final_scale=394.7199
🚀 APPLYING GUIDANCE at step 36 (timestep=538)
🎯 GUIDANCE STEP 36 (t=538): Loss=0.6045, Rho=30.453718, Grad_norm=0.0328, Final_scale=304.5372
🚀 APPLYING GUIDANCE at step 37 (timestep=512)
🎯 GUIDANCE STEP 37 (t=512): Loss=0.6045, Rho=23.592445, Grad_norm=0.0424, Final_scale=235.9245
🚀 APPLYING GUIDANCE at step 38 (timestep=486)
🎯 GUIDANCE STEP 38 (t=486): Loss=0.6025, Rho=30.342569, Grad_norm=0.0330, Final_scale=303.4257
🚀 APPLYING GUIDANCE at step 39 (timestep=458)
🎯 GUIDANCE STEP 39 (t=458): Loss=0.6040, Rho=2.699327, Grad_norm=0.3705, Final_scale=26.9933
🚀 APPLYING GUIDANCE at step 40 (timestep=428)
🎯 GUIDANCE STEP 40 (t=428): Loss=0.6055, Rho=42.891232, Grad_norm=0.0233, Final_scale=428.9123
🚀 APPLYING GUIDANCE at step 41 (timestep=396)
🎯 GUIDANCE STEP 41 (t=396): Loss=0.6035, Rho=38.582405, Grad_norm=0.0259, Final_scale=385.8241
🚀 APPLYING GUIDANCE at step 42 (timestep=363)
🎯 GUIDANCE STEP 42 (t=363): Loss=0.6025, Rho=51.219524, Grad_norm=0.0195, Final_scale=512.1952
🚀 APPLYING GUIDANCE at step 43 (timestep=327)
🎯 GUIDANCE STEP 43 (t=327): Loss=0.6045, Rho=39.961361, Grad_norm=0.0250, Final_scale=399.6136
🚀 APPLYING GUIDANCE at step 44 (timestep=290)
🎯 GUIDANCE STEP 44 (t=290): Loss=0.6050, Rho=69.967270, Grad_norm=0.0143, Final_scale=699.6727
🚀 APPLYING GUIDANCE at step 45 (timestep=249)
🎯 GUIDANCE STEP 45 (t=249): Loss=0.6021, Rho=34.636902, Grad_norm=0.0289, Final_scale=346.3690
🚀 APPLYING GUIDANCE at step 46 (timestep=206)
🎯 GUIDANCE STEP 46 (t=206): Loss=0.6006, Rho=11.471718, Grad_norm=0.0872, Final_scale=114.7172
🚀 APPLYING GUIDANCE at step 47 (timestep=160)
🎯 GUIDANCE STEP 47 (t=160): Loss=0.6045, Rho=16.660057, Grad_norm=0.0600, Final_scale=166.6006
🚀 APPLYING GUIDANCE at step 48 (timestep=111)
🎯 GUIDANCE STEP 48 (t=111): Loss=0.6021, Rho=9.033971, Grad_norm=0.1107, Final_scale=90.3397
🚀 APPLYING GUIDANCE at step 49 (timestep=57)
🎯 GUIDANCE STEP 49 (t=57): Loss=0.6001, Rho=5.239185, Grad_norm=0.1909, Final_scale=52.3919
[guidance_f17_s50_w8c6_rho10.0_cfg5.0_0701_1658] Generated: generated_videos/subject_consistency/guidance_f17_s50_w8c6_rho10.0_cfg5.0_0701_1658/a_boat_sailing_smoothly_on_a_calm_lake.mp4
[guidance_f17_s50_w8c6_rho10.0_cfg5.0_0701_1658] Experiment completed! Results saved to: generated_videos/subject_consistency/guidance_f17_s50_w8c6_rho10.0_cfg5.0_0701_1658
🚀 APPLYING GUIDANCE at step 0 (timestep=999)
🎯 GUIDANCE STEP 0 (t=999): Loss=0.5718, Rho=33.013634, Grad_norm=0.0303, Final_scale=330.1363
🚀 APPLYING GUIDANCE at step 1 (timestep=992)
🎯 GUIDANCE STEP 1 (t=992): Loss=0.5352, Rho=21.651327, Grad_norm=0.0462, Final_scale=216.5133
🚀 APPLYING GUIDANCE at step 2 (timestep=985)
🎯 GUIDANCE STEP 2 (t=985): Loss=0.5430, Rho=31.987272, Grad_norm=0.0313, Final_scale=319.8727
🚀 APPLYING GUIDANCE at step 3 (timestep=978)
🎯 GUIDANCE STEP 3 (t=978): Loss=0.5708, Rho=16.686741, Grad_norm=0.0599, Final_scale=166.8674
🚀 APPLYING GUIDANCE at step 4 (timestep=971)
🎯 GUIDANCE STEP 4 (t=971): Loss=0.5811, Rho=7.234244, Grad_norm=0.1382, Final_scale=72.3424
🚀 APPLYING GUIDANCE at step 5 (timestep=963)
🎯 GUIDANCE STEP 5 (t=963): Loss=0.6060, Rho=8.452197, Grad_norm=0.1183, Final_scale=84.5220
🚀 APPLYING GUIDANCE at step 6 (timestep=956)
🎯 GUIDANCE STEP 6 (t=956): Loss=0.6182, Rho=6.000166, Grad_norm=0.1667, Final_scale=60.0017
🚀 APPLYING GUIDANCE at step 7 (timestep=948)
🎯 GUIDANCE STEP 7 (t=948): Loss=0.6240, Rho=14.178751, Grad_norm=0.0705, Final_scale=141.7875
🚀 APPLYING GUIDANCE at step 8 (timestep=939)
🎯 GUIDANCE STEP 8 (t=939): Loss=0.6265, Rho=5.054974, Grad_norm=0.1978, Final_scale=50.5497
🚀 APPLYING GUIDANCE at step 9 (timestep=931)
🎯 GUIDANCE STEP 9 (t=931): Loss=0.6250, Rho=8.315618, Grad_norm=0.1203, Final_scale=83.1562
🚀 APPLYING GUIDANCE at step 10 (timestep=922)
🎯 GUIDANCE STEP 10 (t=922): Loss=0.6255, Rho=3.732946, Grad_norm=0.2679, Final_scale=37.3295
🚀 APPLYING GUIDANCE at step 11 (timestep=913)
🎯 GUIDANCE STEP 11 (t=913): Loss=0.6255, Rho=7.925912, Grad_norm=0.1262, Final_scale=79.2591
🚀 APPLYING GUIDANCE at step 12 (timestep=904)
🎯 GUIDANCE STEP 12 (t=904): Loss=0.6284, Rho=6.030519, Grad_norm=0.1658, Final_scale=60.3052
🚀 APPLYING GUIDANCE at step 13 (timestep=894)
🎯 GUIDANCE STEP 13 (t=894): Loss=0.6274, Rho=11.342647, Grad_norm=0.0882, Final_scale=113.4265
🚀 APPLYING GUIDANCE at step 14 (timestep=884)
🎯 GUIDANCE STEP 14 (t=884): Loss=0.6250, Rho=13.488230, Grad_norm=0.0741, Final_scale=134.8823
🚀 APPLYING GUIDANCE at step 15 (timestep=874)
🎯 GUIDANCE STEP 15 (t=874): Loss=0.6299, Rho=9.481429, Grad_norm=0.1055, Final_scale=94.8143
🚀 APPLYING GUIDANCE at step 16 (timestep=864)
🎯 GUIDANCE STEP 16 (t=864): Loss=0.6270, Rho=3.642287, Grad_norm=0.2746, Final_scale=36.4229
🚀 APPLYING GUIDANCE at step 17 (timestep=853)
🎯 GUIDANCE STEP 17 (t=853): Loss=0.6260, Rho=6.717769, Grad_norm=0.1489, Final_scale=67.1777
🚀 APPLYING GUIDANCE at step 18 (timestep=841)
🎯 GUIDANCE STEP 18 (t=841): Loss=0.6348, Rho=6.836893, Grad_norm=0.1463, Final_scale=68.3689
🚀 APPLYING GUIDANCE at step 19 (timestep=829)
🎯 GUIDANCE STEP 19 (t=829): Loss=0.6333, Rho=11.411644, Grad_norm=0.0876, Final_scale=114.1164
🚀 APPLYING GUIDANCE at step 20 (timestep=817)
🎯 GUIDANCE STEP 20 (t=817): Loss=0.6318, Rho=8.743535, Grad_norm=0.1144, Final_scale=87.4354
🚀 APPLYING GUIDANCE at step 21 (timestep=805)
🎯 GUIDANCE STEP 21 (t=805): Loss=0.6299, Rho=14.401176, Grad_norm=0.0694, Final_scale=144.0118
🚀 APPLYING GUIDANCE at step 22 (timestep=792)
🎯 GUIDANCE STEP 22 (t=792): Loss=0.6294, Rho=10.161732, Grad_norm=0.0984, Final_scale=101.6173
🚀 APPLYING GUIDANCE at step 23 (timestep=778)
🎯 GUIDANCE STEP 23 (t=778): Loss=0.6265, Rho=18.897104, Grad_norm=0.0529, Final_scale=188.9710
🚀 APPLYING GUIDANCE at step 24 (timestep=764)
🎯 GUIDANCE STEP 24 (t=764): Loss=0.6284, Rho=15.491472, Grad_norm=0.0646, Final_scale=154.9147
🚀 APPLYING GUIDANCE at step 25 (timestep=749)
🎯 GUIDANCE STEP 25 (t=749): Loss=0.6318, Rho=10.981120, Grad_norm=0.0911, Final_scale=109.8112
🚀 APPLYING GUIDANCE at step 26 (timestep=734)
🎯 GUIDANCE STEP 26 (t=734): Loss=0.6289, Rho=15.541356, Grad_norm=0.0643, Final_scale=155.4136
🚀 APPLYING GUIDANCE at step 27 (timestep=718)
🎯 GUIDANCE STEP 27 (t=718): Loss=0.6304, Rho=3.331663, Grad_norm=0.3002, Final_scale=33.3166
🚀 APPLYING GUIDANCE at step 28 (timestep=701)
🎯 GUIDANCE STEP 28 (t=701): Loss=0.6299, Rho=10.528451, Grad_norm=0.0950, Final_scale=105.2845
🚀 APPLYING GUIDANCE at step 29 (timestep=684)
🎯 GUIDANCE STEP 29 (t=684): Loss=0.6260, Rho=8.400809, Grad_norm=0.1190, Final_scale=84.0081
🚀 APPLYING GUIDANCE at step 30 (timestep=666)
🎯 GUIDANCE STEP 30 (t=666): Loss=0.6299, Rho=11.769281, Grad_norm=0.0850, Final_scale=117.6928
🚀 APPLYING GUIDANCE at step 31 (timestep=647)
🎯 GUIDANCE STEP 31 (t=647): Loss=0.6279, Rho=18.546198, Grad_norm=0.0539, Final_scale=185.4620
🚀 APPLYING GUIDANCE at step 32 (timestep=627)
🎯 GUIDANCE STEP 32 (t=627): Loss=0.6255, Rho=15.199904, Grad_norm=0.0658, Final_scale=151.9990
🚀 APPLYING GUIDANCE at step 33 (timestep=606)
🎯 GUIDANCE STEP 33 (t=606): Loss=0.6284, Rho=18.673611, Grad_norm=0.0536, Final_scale=186.7361
🚀 APPLYING GUIDANCE at step 34 (timestep=585)
🎯 GUIDANCE STEP 34 (t=585): Loss=0.6279, Rho=19.122141, Grad_norm=0.0523, Final_scale=191.2214
🚀 APPLYING GUIDANCE at step 35 (timestep=562)
🎯 GUIDANCE STEP 35 (t=562): Loss=0.6265, Rho=15.145705, Grad_norm=0.0660, Final_scale=151.4571
🚀 APPLYING GUIDANCE at step 36 (timestep=538)
🎯 GUIDANCE STEP 36 (t=538): Loss=0.6240, Rho=22.800596, Grad_norm=0.0439, Final_scale=228.0060
🚀 APPLYING GUIDANCE at step 37 (timestep=512)
🎯 GUIDANCE STEP 37 (t=512): Loss=0.6240, Rho=23.135071, Grad_norm=0.0432, Final_scale=231.3507
🚀 APPLYING GUIDANCE at step 38 (timestep=486)
🎯 GUIDANCE STEP 38 (t=486): Loss=0.6226, Rho=12.543759, Grad_norm=0.0797, Final_scale=125.4376
🚀 APPLYING GUIDANCE at step 39 (timestep=458)
🎯 GUIDANCE STEP 39 (t=458): Loss=0.6250, Rho=21.025322, Grad_norm=0.0476, Final_scale=210.2532
🚀 APPLYING GUIDANCE at step 40 (timestep=428)
🎯 GUIDANCE STEP 40 (t=428): Loss=0.6245, Rho=13.660555, Grad_norm=0.0732, Final_scale=136.6055
🚀 APPLYING GUIDANCE at step 41 (timestep=396)
🎯 GUIDANCE STEP 41 (t=396): Loss=0.6245, Rho=20.254501, Grad_norm=0.0494, Final_scale=202.5450
🚀 APPLYING GUIDANCE at step 42 (timestep=363)
🎯 GUIDANCE STEP 42 (t=363): Loss=0.6230, Rho=12.415701, Grad_norm=0.0805, Final_scale=124.1570
🚀 APPLYING GUIDANCE at step 43 (timestep=327)
🎯 GUIDANCE STEP 43 (t=327): Loss=0.6240, Rho=15.282138, Grad_norm=0.0654, Final_scale=152.8214
🚀 APPLYING GUIDANCE at step 44 (timestep=290)
🎯 GUIDANCE STEP 44 (t=290): Loss=0.6250, Rho=42.112095, Grad_norm=0.0237, Final_scale=421.1209
🚀 APPLYING GUIDANCE at step 45 (timestep=249)
🎯 GUIDANCE STEP 45 (t=249): Loss=0.6230, Rho=20.836962, Grad_norm=0.0480, Final_scale=208.3696
🚀 APPLYING GUIDANCE at step 46 (timestep=206)
🎯 GUIDANCE STEP 46 (t=206): Loss=0.6235, Rho=37.850960, Grad_norm=0.0264, Final_scale=378.5096
🚀 APPLYING GUIDANCE at step 47 (timestep=160)
🎯 GUIDANCE STEP 47 (t=160): Loss=0.6230, Rho=21.450972, Grad_norm=0.0466, Final_scale=214.5097
🚀 APPLYING GUIDANCE at step 48 (timestep=111)
🎯 GUIDANCE STEP 48 (t=111): Loss=0.6221, Rho=15.657808, Grad_norm=0.0639, Final_scale=156.5781
🚀 APPLYING GUIDANCE at step 49 (timestep=57)
🎯 GUIDANCE STEP 49 (t=57): Loss=0.6196, Rho=30.401779, Grad_norm=0.0329, Final_scale=304.0178
[guidance_f17_s50_w8c6_rho10.0_cfg5.0_0701_1658] Generated: generated_videos/subject_consistency/guidance_f17_s50_w8c6_rho10.0_cfg5.0_0701_1658/a_bus_turning_a_corner.mp4
[guidance_f17_s50_w8c6_rho10.0_cfg5.0_0701_1658] Generating video 8/9 (guidance): a bus stuck in traffic during rush hour
🎬 STARTING GUIDANCE PIPELINE GENERATION
   Frames: 17, Steps: 50, CFG Scale: 5.0

🔧 GUIDANCE PIPELINE CONFIGURATION:
   Guidance range: 0 - 1001
   Rho scale: 10.0
   V-JEPA kernel_size: 8
   V-JEPA context_length: 6
   V-JEPA stride: 2
   V-JEPA mode: max
   Total timesteps: 50

🚀 APPLYING GUIDANCE at step 0 (timestep=999)
🎯 GUIDANCE STEP 0 (t=999): Loss=0.5791, Rho=12.540141, Grad_norm=0.0797, Final_scale=125.4014
🚀 APPLYING GUIDANCE at step 1 (timestep=992)
🎯 GUIDANCE STEP 1 (t=992): Loss=0.5518, Rho=23.331806, Grad_norm=0.0429, Final_scale=233.3181
🚀 APPLYING GUIDANCE at step 2 (timestep=985)
🎯 GUIDANCE STEP 2 (t=985): Loss=0.5557, Rho=21.137463, Grad_norm=0.0473, Final_scale=211.3746
🚀 APPLYING GUIDANCE at step 3 (timestep=978)
🎯 GUIDANCE STEP 3 (t=978): Loss=0.5786, Rho=12.472858, Grad_norm=0.0802, Final_scale=124.7286
🚀 APPLYING GUIDANCE at step 4 (timestep=971)
🎯 GUIDANCE STEP 4 (t=971): Loss=0.5996, Rho=13.803242, Grad_norm=0.0724, Final_scale=138.0324
🚀 APPLYING GUIDANCE at step 5 (timestep=963)
🎯 GUIDANCE STEP 5 (t=963): Loss=0.6123, Rho=6.397201, Grad_norm=0.1563, Final_scale=63.9720
🚀 APPLYING GUIDANCE at step 6 (timestep=956)
🎯 GUIDANCE STEP 6 (t=956): Loss=0.6162, Rho=4.612651, Grad_norm=0.2168, Final_scale=46.1265
🚀 APPLYING GUIDANCE at step 7 (timestep=948)
🎯 GUIDANCE STEP 7 (t=948): Loss=0.6255, Rho=9.666251, Grad_norm=0.1035, Final_scale=96.6625
🚀 APPLYING GUIDANCE at step 8 (timestep=939)
🎯 GUIDANCE STEP 8 (t=939): Loss=0.6255, Rho=9.015212, Grad_norm=0.1109, Final_scale=90.1521
🚀 APPLYING GUIDANCE at step 9 (timestep=931)
🎯 GUIDANCE STEP 9 (t=931): Loss=0.6245, Rho=7.953161, Grad_norm=0.1257, Final_scale=79.5316
🚀 APPLYING GUIDANCE at step 10 (timestep=922)
🎯 GUIDANCE STEP 10 (t=922): Loss=0.6353, Rho=3.377788, Grad_norm=0.2961, Final_scale=33.7779
🚀 APPLYING GUIDANCE at step 11 (timestep=913)
🎯 GUIDANCE STEP 11 (t=913): Loss=0.6328, Rho=10.996535, Grad_norm=0.0909, Final_scale=109.9654
🚀 APPLYING GUIDANCE at step 12 (timestep=904)
🎯 GUIDANCE STEP 12 (t=904): Loss=0.6250, Rho=11.834031, Grad_norm=0.0845, Final_scale=118.3403
🚀 APPLYING GUIDANCE at step 13 (timestep=894)
🎯 GUIDANCE STEP 13 (t=894): Loss=0.6270, Rho=7.559870, Grad_norm=0.1323, Final_scale=75.5987
🚀 APPLYING GUIDANCE at step 14 (timestep=884)
🎯 GUIDANCE STEP 14 (t=884): Loss=0.6250, Rho=8.526326, Grad_norm=0.1173, Final_scale=85.2633
🚀 APPLYING GUIDANCE at step 15 (timestep=874)
🎯 GUIDANCE STEP 15 (t=874): Loss=0.6260, Rho=8.078903, Grad_norm=0.1238, Final_scale=80.7890
🚀 APPLYING GUIDANCE at step 16 (timestep=864)
🎯 GUIDANCE STEP 16 (t=864): Loss=0.6255, Rho=11.151027, Grad_norm=0.0897, Final_scale=111.5103
🚀 APPLYING GUIDANCE at step 17 (timestep=853)
🎯 GUIDANCE STEP 17 (t=853): Loss=0.6226, Rho=11.966951, Grad_norm=0.0836, Final_scale=119.6695
🚀 APPLYING GUIDANCE at step 18 (timestep=841)
🎯 GUIDANCE STEP 18 (t=841): Loss=0.6216, Rho=13.109262, Grad_norm=0.0763, Final_scale=131.0926
🚀 APPLYING GUIDANCE at step 19 (timestep=829)
🎯 GUIDANCE STEP 19 (t=829): Loss=0.6187, Rho=14.683302, Grad_norm=0.0681, Final_scale=146.8330
🚀 APPLYING GUIDANCE at step 20 (timestep=817)
🎯 GUIDANCE STEP 20 (t=817): Loss=0.6221, Rho=6.021955, Grad_norm=0.1661, Final_scale=60.2195
🚀 APPLYING GUIDANCE at step 21 (timestep=805)
🎯 GUIDANCE STEP 21 (t=805): Loss=0.6230, Rho=10.752347, Grad_norm=0.0930, Final_scale=107.5235
🚀 APPLYING GUIDANCE at step 22 (timestep=792)
🎯 GUIDANCE STEP 22 (t=792): Loss=0.6167, Rho=8.324643, Grad_norm=0.1201, Final_scale=83.2464
🚀 APPLYING GUIDANCE at step 23 (timestep=778)
🎯 GUIDANCE STEP 23 (t=778): Loss=0.6187, Rho=11.904449, Grad_norm=0.0840, Final_scale=119.0445
🚀 APPLYING GUIDANCE at step 24 (timestep=764)
🎯 GUIDANCE STEP 24 (t=764): Loss=0.6147, Rho=12.638687, Grad_norm=0.0791, Final_scale=126.3869
🚀 APPLYING GUIDANCE at step 25 (timestep=749)
🎯 GUIDANCE STEP 25 (t=749): Loss=0.6162, Rho=10.350907, Grad_norm=0.0966, Final_scale=103.5091
🚀 APPLYING GUIDANCE at step 26 (timestep=734)
🎯 GUIDANCE STEP 26 (t=734): Loss=0.6216, Rho=11.360125, Grad_norm=0.0880, Final_scale=113.6012
🚀 APPLYING GUIDANCE at step 27 (timestep=718)
🎯 GUIDANCE STEP 27 (t=718): Loss=0.6167, Rho=13.293054, Grad_norm=0.0752, Final_scale=132.9305
🚀 APPLYING GUIDANCE at step 28 (timestep=701)
🎯 GUIDANCE STEP 28 (t=701): Loss=0.6177, Rho=9.122461, Grad_norm=0.1096, Final_scale=91.2246
🚀 APPLYING GUIDANCE at step 29 (timestep=684)
🎯 GUIDANCE STEP 29 (t=684): Loss=0.6230, Rho=4.813306, Grad_norm=0.2078, Final_scale=48.1331
🚀 APPLYING GUIDANCE at step 30 (timestep=666)
🎯 GUIDANCE STEP 30 (t=666): Loss=0.6206, Rho=7.072333, Grad_norm=0.1414, Final_scale=70.7233
🚀 APPLYING GUIDANCE at step 31 (timestep=647)
🎯 GUIDANCE STEP 31 (t=647): Loss=0.6206, Rho=11.415806, Grad_norm=0.0876, Final_scale=114.1581
🚀 APPLYING GUIDANCE at step 32 (timestep=627)
🎯 GUIDANCE STEP 32 (t=627): Loss=0.6172, Rho=11.423848, Grad_norm=0.0875, Final_scale=114.2385
🚀 APPLYING GUIDANCE at step 33 (timestep=606)
🎯 GUIDANCE STEP 33 (t=606): Loss=0.6196, Rho=15.087535, Grad_norm=0.0663, Final_scale=150.8753
🚀 APPLYING GUIDANCE at step 34 (timestep=585)
🎯 GUIDANCE STEP 34 (t=585): Loss=0.6216, Rho=14.611539, Grad_norm=0.0684, Final_scale=146.1154
🚀 APPLYING GUIDANCE at step 35 (timestep=562)
🎯 GUIDANCE STEP 35 (t=562): Loss=0.6187, Rho=16.196455, Grad_norm=0.0617, Final_scale=161.9646
🚀 APPLYING GUIDANCE at step 36 (timestep=538)
🎯 GUIDANCE STEP 36 (t=538): Loss=0.6182, Rho=25.070053, Grad_norm=0.0399, Final_scale=250.7005
🚀 APPLYING GUIDANCE at step 37 (timestep=512)
🎯 GUIDANCE STEP 37 (t=512): Loss=0.6187, Rho=20.364510, Grad_norm=0.0491, Final_scale=203.6451
🚀 APPLYING GUIDANCE at step 38 (timestep=486)
🎯 GUIDANCE STEP 38 (t=486): Loss=0.6167, Rho=15.887875, Grad_norm=0.0629, Final_scale=158.8787
🚀 APPLYING GUIDANCE at step 39 (timestep=458)
🎯 GUIDANCE STEP 39 (t=458): Loss=0.6182, Rho=22.362030, Grad_norm=0.0447, Final_scale=223.6203
🚀 APPLYING GUIDANCE at step 40 (timestep=428)
🎯 GUIDANCE STEP 40 (t=428): Loss=0.6162, Rho=21.725569, Grad_norm=0.0460, Final_scale=217.2557
🚀 APPLYING GUIDANCE at step 41 (timestep=396)
🎯 GUIDANCE STEP 41 (t=396): Loss=0.6167, Rho=31.385704, Grad_norm=0.0319, Final_scale=313.8570
🚀 APPLYING GUIDANCE at step 42 (timestep=363)
🎯 GUIDANCE STEP 42 (t=363): Loss=0.6118, Rho=17.429016, Grad_norm=0.0574, Final_scale=174.2902
🚀 APPLYING GUIDANCE at step 43 (timestep=327)
🎯 GUIDANCE STEP 43 (t=327): Loss=0.6113, Rho=27.945972, Grad_norm=0.0358, Final_scale=279.4597
🚀 APPLYING GUIDANCE at step 44 (timestep=290)
🎯 GUIDANCE STEP 44 (t=290): Loss=0.6108, Rho=5.004514, Grad_norm=0.1998, Final_scale=50.0451
🚀 APPLYING GUIDANCE at step 45 (timestep=249)
🎯 GUIDANCE STEP 45 (t=249): Loss=0.6118, Rho=26.511078, Grad_norm=0.0377, Final_scale=265.1108
🚀 APPLYING GUIDANCE at step 46 (timestep=206)
🎯 GUIDANCE STEP 46 (t=206): Loss=0.6089, Rho=33.074574, Grad_norm=0.0302, Final_scale=330.7457
🚀 APPLYING GUIDANCE at step 47 (timestep=160)
🎯 GUIDANCE STEP 47 (t=160): Loss=0.6084, Rho=37.095772, Grad_norm=0.0270, Final_scale=370.9577
🚀 APPLYING GUIDANCE at step 48 (timestep=111)
🎯 GUIDANCE STEP 48 (t=111): Loss=0.6055, Rho=22.847353, Grad_norm=0.0438, Final_scale=228.4735
🚀 APPLYING GUIDANCE at step 49 (timestep=57)
🎯 GUIDANCE STEP 49 (t=57): Loss=0.6060, Rho=21.935036, Grad_norm=0.0456, Final_scale=219.3504
[guidance_f17_s50_w8c6_rho10.0_cfg5.0_0701_1658] Generated: generated_videos/subject_consistency/guidance_f17_s50_w8c6_rho10.0_cfg5.0_0701_1658/a_giraffe_bending_down_to_drink_water_from_a_river.mp4
[guidance_f17_s50_w8c6_rho10.0_cfg5.0_0701_1658] Generating video 8/9 (guidance): a giraffe taking a peaceful walk
🎬 STARTING GUIDANCE PIPELINE GENERATION
   Frames: 17, Steps: 50, CFG Scale: 5.0

🔧 GUIDANCE PIPELINE CONFIGURATION:
   Guidance range: 0 - 1001
   Rho scale: 10.0
   V-JEPA kernel_size: 8
   V-JEPA context_length: 6
   V-JEPA stride: 2
   V-JEPA mode: max
   Total timesteps: 50

🚀 APPLYING GUIDANCE at step 0 (timestep=999)
🎯 GUIDANCE STEP 0 (t=999): Loss=0.5664, Rho=23.475822, Grad_norm=0.0426, Final_scale=234.7582
🚀 APPLYING GUIDANCE at step 1 (timestep=992)
🎯 GUIDANCE STEP 1 (t=992): Loss=0.5327, Rho=42.919548, Grad_norm=0.0233, Final_scale=429.1955
🚀 APPLYING GUIDANCE at step 2 (timestep=985)
🎯 GUIDANCE STEP 2 (t=985): Loss=0.5410, Rho=29.737053, Grad_norm=0.0336, Final_scale=297.3705
🚀 APPLYING GUIDANCE at step 3 (timestep=978)
🎯 GUIDANCE STEP 3 (t=978): Loss=0.5381, Rho=11.915114, Grad_norm=0.0839, Final_scale=119.1511
🚀 APPLYING GUIDANCE at step 4 (timestep=971)
🎯 GUIDANCE STEP 4 (t=971): Loss=0.5503, Rho=17.839222, Grad_norm=0.0561, Final_scale=178.3922
🚀 APPLYING GUIDANCE at step 5 (timestep=963)
🎯 GUIDANCE STEP 5 (t=963): Loss=0.5640, Rho=15.044483, Grad_norm=0.0665, Final_scale=150.4448
🚀 APPLYING GUIDANCE at step 6 (timestep=956)
🎯 GUIDANCE STEP 6 (t=956): Loss=0.5688, Rho=4.839025, Grad_norm=0.2067, Final_scale=48.3903
🚀 APPLYING GUIDANCE at step 7 (timestep=948)
🎯 GUIDANCE STEP 7 (t=948): Loss=0.5752, Rho=16.214136, Grad_norm=0.0617, Final_scale=162.1414
🚀 APPLYING GUIDANCE at step 8 (timestep=939)
🎯 GUIDANCE STEP 8 (t=939): Loss=0.6079, Rho=15.521748, Grad_norm=0.0644, Final_scale=155.2175
🚀 APPLYING GUIDANCE at step 9 (timestep=931)
🎯 GUIDANCE STEP 9 (t=931): Loss=0.6099, Rho=9.827676, Grad_norm=0.1018, Final_scale=98.2768
🚀 APPLYING GUIDANCE at step 10 (timestep=922)
🎯 GUIDANCE STEP 10 (t=922): Loss=0.6191, Rho=12.039124, Grad_norm=0.0831, Final_scale=120.3912
🚀 APPLYING GUIDANCE at step 11 (timestep=913)
🎯 GUIDANCE STEP 11 (t=913): Loss=0.6167, Rho=4.546581, Grad_norm=0.2199, Final_scale=45.4658
🚀 APPLYING GUIDANCE at step 12 (timestep=904)
🎯 GUIDANCE STEP 12 (t=904): Loss=0.6089, Rho=11.449325, Grad_norm=0.0873, Final_scale=114.4932
🚀 APPLYING GUIDANCE at step 13 (timestep=894)
🎯 GUIDANCE STEP 13 (t=894): Loss=0.6118, Rho=6.652955, Grad_norm=0.1503, Final_scale=66.5296
🚀 APPLYING GUIDANCE at step 14 (timestep=884)
🎯 GUIDANCE STEP 14 (t=884): Loss=0.6108, Rho=3.819417, Grad_norm=0.2618, Final_scale=38.1942
🚀 APPLYING GUIDANCE at step 15 (timestep=874)
🎯 GUIDANCE STEP 15 (t=874): Loss=0.6167, Rho=5.270948, Grad_norm=0.1897, Final_scale=52.7095
🚀 APPLYING GUIDANCE at step 16 (timestep=864)
🎯 GUIDANCE STEP 16 (t=864): Loss=0.6128, Rho=5.930748, Grad_norm=0.1686, Final_scale=59.3075
🚀 APPLYING GUIDANCE at step 17 (timestep=853)
🎯 GUIDANCE STEP 17 (t=853): Loss=0.6099, Rho=7.206189, Grad_norm=0.1388, Final_scale=72.0619
🚀 APPLYING GUIDANCE at step 18 (timestep=841)
🎯 GUIDANCE STEP 18 (t=841): Loss=0.6089, Rho=10.353408, Grad_norm=0.0966, Final_scale=103.5341
🚀 APPLYING GUIDANCE at step 19 (timestep=829)
🎯 GUIDANCE STEP 19 (t=829): Loss=0.6079, Rho=4.258250, Grad_norm=0.2348, Final_scale=42.5825
🚀 APPLYING GUIDANCE at step 20 (timestep=817)
🎯 GUIDANCE STEP 20 (t=817): Loss=0.6089, Rho=8.181850, Grad_norm=0.1222, Final_scale=81.8185
🚀 APPLYING GUIDANCE at step 21 (timestep=805)
🎯 GUIDANCE STEP 21 (t=805): Loss=0.6060, Rho=10.112412, Grad_norm=0.0989, Final_scale=101.1241
🚀 APPLYING GUIDANCE at step 22 (timestep=792)
🎯 GUIDANCE STEP 22 (t=792): Loss=0.6055, Rho=4.555591, Grad_norm=0.2195, Final_scale=45.5559
🚀 APPLYING GUIDANCE at step 23 (timestep=778)
🎯 GUIDANCE STEP 23 (t=778): Loss=0.6060, Rho=6.729658, Grad_norm=0.1486, Final_scale=67.2966
🚀 APPLYING GUIDANCE at step 24 (timestep=764)
🎯 GUIDANCE STEP 24 (t=764): Loss=0.6060, Rho=1.275295, Grad_norm=0.7841, Final_scale=12.7530
🚀 APPLYING GUIDANCE at step 25 (timestep=749)
🎯 GUIDANCE STEP 25 (t=749): Loss=0.6040, Rho=8.858249, Grad_norm=0.1129, Final_scale=88.5825
🚀 APPLYING GUIDANCE at step 26 (timestep=734)
🎯 GUIDANCE STEP 26 (t=734): Loss=0.6079, Rho=7.586295, Grad_norm=0.1318, Final_scale=75.8629
🚀 APPLYING GUIDANCE at step 27 (timestep=718)
🎯 GUIDANCE STEP 27 (t=718): Loss=0.6084, Rho=5.904748, Grad_norm=0.1694, Final_scale=59.0475
🚀 APPLYING GUIDANCE at step 28 (timestep=701)
🎯 GUIDANCE STEP 28 (t=701): Loss=0.6060, Rho=6.098754, Grad_norm=0.1640, Final_scale=60.9875
🚀 APPLYING GUIDANCE at step 29 (timestep=684)
🎯 GUIDANCE STEP 29 (t=684): Loss=0.6069, Rho=13.242483, Grad_norm=0.0755, Final_scale=132.4248
🚀 APPLYING GUIDANCE at step 30 (timestep=666)
🎯 GUIDANCE STEP 30 (t=666): Loss=0.6084, Rho=14.329469, Grad_norm=0.0698, Final_scale=143.2947
🚀 APPLYING GUIDANCE at step 31 (timestep=647)
🎯 GUIDANCE STEP 31 (t=647): Loss=0.6108, Rho=14.234191, Grad_norm=0.0703, Final_scale=142.3419
🚀 APPLYING GUIDANCE at step 32 (timestep=627)
🎯 GUIDANCE STEP 32 (t=627): Loss=0.6113, Rho=8.297736, Grad_norm=0.1205, Final_scale=82.9774
🚀 APPLYING GUIDANCE at step 33 (timestep=606)
🎯 GUIDANCE STEP 33 (t=606): Loss=0.6079, Rho=13.095780, Grad_norm=0.0764, Final_scale=130.9578
🚀 APPLYING GUIDANCE at step 34 (timestep=585)
🎯 GUIDANCE STEP 34 (t=585): Loss=0.6094, Rho=15.928082, Grad_norm=0.0628, Final_scale=159.2808
🚀 APPLYING GUIDANCE at step 35 (timestep=562)
🎯 GUIDANCE STEP 35 (t=562): Loss=0.6035, Rho=19.489597, Grad_norm=0.0513, Final_scale=194.8960
🚀 APPLYING GUIDANCE at step 36 (timestep=538)
🎯 GUIDANCE STEP 36 (t=538): Loss=0.6079, Rho=12.921009, Grad_norm=0.0774, Final_scale=129.2101
🚀 APPLYING GUIDANCE at step 37 (timestep=512)
🎯 GUIDANCE STEP 37 (t=512): Loss=0.6055, Rho=25.223022, Grad_norm=0.0396, Final_scale=252.2302
🚀 APPLYING GUIDANCE at step 38 (timestep=486)
🎯 GUIDANCE STEP 38 (t=486): Loss=0.6030, Rho=17.189741, Grad_norm=0.0582, Final_scale=171.8974
🚀 APPLYING GUIDANCE at step 39 (timestep=458)
🎯 GUIDANCE STEP 39 (t=458): Loss=0.6035, Rho=8.402264, Grad_norm=0.1190, Final_scale=84.0226
🚀 APPLYING GUIDANCE at step 40 (timestep=428)
🎯 GUIDANCE STEP 40 (t=428): Loss=0.6055, Rho=11.321811, Grad_norm=0.0883, Final_scale=113.2181
🚀 APPLYING GUIDANCE at step 41 (timestep=396)
🎯 GUIDANCE STEP 41 (t=396): Loss=0.6035, Rho=18.639635, Grad_norm=0.0536, Final_scale=186.3964
🚀 APPLYING GUIDANCE at step 42 (timestep=363)
🎯 GUIDANCE STEP 42 (t=363): Loss=0.6021, Rho=2.900879, Grad_norm=0.3447, Final_scale=29.0088
🚀 APPLYING GUIDANCE at step 43 (timestep=327)
🎯 GUIDANCE STEP 43 (t=327): Loss=0.6055, Rho=21.674612, Grad_norm=0.0461, Final_scale=216.7461
🚀 APPLYING GUIDANCE at step 44 (timestep=290)
🎯 GUIDANCE STEP 44 (t=290): Loss=0.6040, Rho=38.042450, Grad_norm=0.0263, Final_scale=380.4245
🚀 APPLYING GUIDANCE at step 45 (timestep=249)
🎯 GUIDANCE STEP 45 (t=249): Loss=0.6040, Rho=26.662287, Grad_norm=0.0375, Final_scale=266.6229
🚀 APPLYING GUIDANCE at step 46 (timestep=206)
🎯 GUIDANCE STEP 46 (t=206): Loss=0.6011, Rho=29.995466, Grad_norm=0.0333, Final_scale=299.9547
🚀 APPLYING GUIDANCE at step 47 (timestep=160)
🎯 GUIDANCE STEP 47 (t=160): Loss=0.6001, Rho=30.591120, Grad_norm=0.0327, Final_scale=305.9112
🚀 APPLYING GUIDANCE at step 48 (timestep=111)
🎯 GUIDANCE STEP 48 (t=111): Loss=0.6011, Rho=23.608431, Grad_norm=0.0424, Final_scale=236.0843
🚀 APPLYING GUIDANCE at step 49 (timestep=57)
🎯 GUIDANCE STEP 49 (t=57): Loss=0.6001, Rho=19.803787, Grad_norm=0.0505, Final_scale=198.0379
[guidance_f17_s50_w8c6_rho10.0_cfg5.0_0701_1658] Generated: generated_videos/subject_consistency/guidance_f17_s50_w8c6_rho10.0_cfg5.0_0701_1658/a_bus_stuck_in_traffic_during_rush_hour.mp4
[guidance_f17_s50_w8c6_rho10.0_cfg5.0_0701_1658] Generating video 9/9 (guidance): a bus accelerating to gain speed
🎬 STARTING GUIDANCE PIPELINE GENERATION
   Frames: 17, Steps: 50, CFG Scale: 5.0

🔧 GUIDANCE PIPELINE CONFIGURATION:
   Guidance range: 0 - 1001
   Rho scale: 10.0
   V-JEPA kernel_size: 8
   V-JEPA context_length: 6
   V-JEPA stride: 2
   V-JEPA mode: max
   Total timesteps: 50

🚀 APPLYING GUIDANCE at step 0 (timestep=999)
🎯 GUIDANCE STEP 0 (t=999): Loss=0.5771, Rho=21.482241, Grad_norm=0.0466, Final_scale=214.8224
🚀 APPLYING GUIDANCE at step 1 (timestep=992)
🎯 GUIDANCE STEP 1 (t=992): Loss=0.5552, Rho=36.805191, Grad_norm=0.0272, Final_scale=368.0519
🚀 APPLYING GUIDANCE at step 2 (timestep=985)
🎯 GUIDANCE STEP 2 (t=985): Loss=0.5381, Rho=17.563351, Grad_norm=0.0569, Final_scale=175.6335
🚀 APPLYING GUIDANCE at step 3 (timestep=978)
🎯 GUIDANCE STEP 3 (t=978): Loss=0.5493, Rho=18.223547, Grad_norm=0.0549, Final_scale=182.2355
🚀 APPLYING GUIDANCE at step 4 (timestep=971)
🎯 GUIDANCE STEP 4 (t=971): Loss=0.5459, Rho=21.199173, Grad_norm=0.0472, Final_scale=211.9917
🚀 APPLYING GUIDANCE at step 5 (timestep=963)
🎯 GUIDANCE STEP 5 (t=963): Loss=0.5498, Rho=36.047138, Grad_norm=0.0277, Final_scale=360.4714
🚀 APPLYING GUIDANCE at step 6 (timestep=956)
🎯 GUIDANCE STEP 6 (t=956): Loss=0.5566, Rho=22.727516, Grad_norm=0.0440, Final_scale=227.2752
🚀 APPLYING GUIDANCE at step 7 (timestep=948)
🎯 GUIDANCE STEP 7 (t=948): Loss=0.5659, Rho=19.054642, Grad_norm=0.0525, Final_scale=190.5464
🚀 APPLYING GUIDANCE at step 8 (timestep=939)
🎯 GUIDANCE STEP 8 (t=939): Loss=0.5806, Rho=32.427383, Grad_norm=0.0308, Final_scale=324.2738
🚀 APPLYING GUIDANCE at step 9 (timestep=931)
🎯 GUIDANCE STEP 9 (t=931): Loss=0.5781, Rho=22.225290, Grad_norm=0.0450, Final_scale=222.2529
🚀 APPLYING GUIDANCE at step 10 (timestep=922)
🎯 GUIDANCE STEP 10 (t=922): Loss=0.5908, Rho=20.340185, Grad_norm=0.0492, Final_scale=203.4019
🚀 APPLYING GUIDANCE at step 11 (timestep=913)
🎯 GUIDANCE STEP 11 (t=913): Loss=0.5884, Rho=15.942377, Grad_norm=0.0627, Final_scale=159.4238
🚀 APPLYING GUIDANCE at step 12 (timestep=904)
🎯 GUIDANCE STEP 12 (t=904): Loss=0.5918, Rho=7.334116, Grad_norm=0.1363, Final_scale=73.3412
🚀 APPLYING GUIDANCE at step 13 (timestep=894)
🎯 GUIDANCE STEP 13 (t=894): Loss=0.6006, Rho=12.752552, Grad_norm=0.0784, Final_scale=127.5255
🚀 APPLYING GUIDANCE at step 14 (timestep=884)
🎯 GUIDANCE STEP 14 (t=884): Loss=0.6138, Rho=8.896546, Grad_norm=0.1124, Final_scale=88.9655
🚀 APPLYING GUIDANCE at step 15 (timestep=874)
🎯 GUIDANCE STEP 15 (t=874): Loss=0.6064, Rho=14.755564, Grad_norm=0.0678, Final_scale=147.5556
🚀 APPLYING GUIDANCE at step 16 (timestep=864)
🎯 GUIDANCE STEP 16 (t=864): Loss=0.6006, Rho=21.231701, Grad_norm=0.0471, Final_scale=212.3170
🚀 APPLYING GUIDANCE at step 17 (timestep=853)
🎯 GUIDANCE STEP 17 (t=853): Loss=0.6001, Rho=13.919691, Grad_norm=0.0718, Final_scale=139.1969
🚀 APPLYING GUIDANCE at step 18 (timestep=841)
🎯 GUIDANCE STEP 18 (t=841): Loss=0.5996, Rho=7.227949, Grad_norm=0.1384, Final_scale=72.2795
🚀 APPLYING GUIDANCE at step 19 (timestep=829)
🎯 GUIDANCE STEP 19 (t=829): Loss=0.5986, Rho=15.168392, Grad_norm=0.0659, Final_scale=151.6839
🚀 APPLYING GUIDANCE at step 20 (timestep=817)
🎯 GUIDANCE STEP 20 (t=817): Loss=0.6079, Rho=15.313530, Grad_norm=0.0653, Final_scale=153.1353
🚀 APPLYING GUIDANCE at step 21 (timestep=805)
🎯 GUIDANCE STEP 21 (t=805): Loss=0.6055, Rho=7.305818, Grad_norm=0.1369, Final_scale=73.0582
🚀 APPLYING GUIDANCE at step 22 (timestep=792)
🎯 GUIDANCE STEP 22 (t=792): Loss=0.6255, Rho=5.620299, Grad_norm=0.1779, Final_scale=56.2030
🚀 APPLYING GUIDANCE at step 23 (timestep=778)
🎯 GUIDANCE STEP 23 (t=778): Loss=0.6240, Rho=6.396652, Grad_norm=0.1563, Final_scale=63.9665
🚀 APPLYING GUIDANCE at step 24 (timestep=764)
🎯 GUIDANCE STEP 24 (t=764): Loss=0.6289, Rho=5.831848, Grad_norm=0.1715, Final_scale=58.3185
🚀 APPLYING GUIDANCE at step 25 (timestep=749)
🎯 GUIDANCE STEP 25 (t=749): Loss=0.6260, Rho=6.014127, Grad_norm=0.1663, Final_scale=60.1413
🚀 APPLYING GUIDANCE at step 26 (timestep=734)
🎯 GUIDANCE STEP 26 (t=734): Loss=0.6064, Rho=3.552792, Grad_norm=0.2815, Final_scale=35.5279
🚀 APPLYING GUIDANCE at step 27 (timestep=718)
🎯 GUIDANCE STEP 27 (t=718): Loss=0.6001, Rho=7.370187, Grad_norm=0.1357, Final_scale=73.7019
🚀 APPLYING GUIDANCE at step 28 (timestep=701)
🎯 GUIDANCE STEP 28 (t=701): Loss=0.6216, Rho=4.610074, Grad_norm=0.2169, Final_scale=46.1007
🚀 APPLYING GUIDANCE at step 29 (timestep=684)
🎯 GUIDANCE STEP 29 (t=684): Loss=0.6099, Rho=9.035075, Grad_norm=0.1107, Final_scale=90.3508
🚀 APPLYING GUIDANCE at step 30 (timestep=666)
🎯 GUIDANCE STEP 30 (t=666): Loss=0.6216, Rho=8.743008, Grad_norm=0.1144, Final_scale=87.4301
🚀 APPLYING GUIDANCE at step 31 (timestep=647)
🎯 GUIDANCE STEP 31 (t=647): Loss=0.6079, Rho=6.961757, Grad_norm=0.1436, Final_scale=69.6176
🚀 APPLYING GUIDANCE at step 32 (timestep=627)
🎯 GUIDANCE STEP 32 (t=627): Loss=0.5981, Rho=9.975316, Grad_norm=0.1002, Final_scale=99.7532
🚀 APPLYING GUIDANCE at step 33 (timestep=606)
🎯 GUIDANCE STEP 33 (t=606): Loss=0.6079, Rho=10.318460, Grad_norm=0.0969, Final_scale=103.1846
🚀 APPLYING GUIDANCE at step 34 (timestep=585)
🎯 GUIDANCE STEP 34 (t=585): Loss=0.5981, Rho=11.849137, Grad_norm=0.0844, Final_scale=118.4914
🚀 APPLYING GUIDANCE at step 35 (timestep=562)
🎯 GUIDANCE STEP 35 (t=562): Loss=0.5996, Rho=9.505632, Grad_norm=0.1052, Final_scale=95.0563
🚀 APPLYING GUIDANCE at step 36 (timestep=538)
🎯 GUIDANCE STEP 36 (t=538): Loss=0.5967, Rho=8.188242, Grad_norm=0.1221, Final_scale=81.8824
🚀 APPLYING GUIDANCE at step 37 (timestep=512)
🎯 GUIDANCE STEP 37 (t=512): Loss=0.6035, Rho=10.827393, Grad_norm=0.0924, Final_scale=108.2739
🚀 APPLYING GUIDANCE at step 38 (timestep=486)
🎯 GUIDANCE STEP 38 (t=486): Loss=0.6006, Rho=5.318364, Grad_norm=0.1880, Final_scale=53.1836
🚀 APPLYING GUIDANCE at step 39 (timestep=458)
🎯 GUIDANCE STEP 39 (t=458): Loss=0.5913, Rho=14.322104, Grad_norm=0.0698, Final_scale=143.2210
🚀 APPLYING GUIDANCE at step 40 (timestep=428)
🎯 GUIDANCE STEP 40 (t=428): Loss=0.5908, Rho=9.450101, Grad_norm=0.1058, Final_scale=94.5010
🚀 APPLYING GUIDANCE at step 41 (timestep=396)
🎯 GUIDANCE STEP 41 (t=396): Loss=0.5884, Rho=17.266052, Grad_norm=0.0579, Final_scale=172.6605
🚀 APPLYING GUIDANCE at step 42 (timestep=363)
🎯 GUIDANCE STEP 42 (t=363): Loss=0.5859, Rho=7.847430, Grad_norm=0.1274, Final_scale=78.4743
🚀 APPLYING GUIDANCE at step 43 (timestep=327)
🎯 GUIDANCE STEP 43 (t=327): Loss=0.5884, Rho=11.927533, Grad_norm=0.0838, Final_scale=119.2753
🚀 APPLYING GUIDANCE at step 44 (timestep=290)
🎯 GUIDANCE STEP 44 (t=290): Loss=0.5889, Rho=13.539467, Grad_norm=0.0739, Final_scale=135.3947
🚀 APPLYING GUIDANCE at step 45 (timestep=249)
🎯 GUIDANCE STEP 45 (t=249): Loss=0.5859, Rho=24.131151, Grad_norm=0.0414, Final_scale=241.3115
🚀 APPLYING GUIDANCE at step 46 (timestep=206)
🎯 GUIDANCE STEP 46 (t=206): Loss=0.5835, Rho=4.519035, Grad_norm=0.2213, Final_scale=45.1903
🚀 APPLYING GUIDANCE at step 47 (timestep=160)
🎯 GUIDANCE STEP 47 (t=160): Loss=0.5879, Rho=10.303587, Grad_norm=0.0971, Final_scale=103.0359
🚀 APPLYING GUIDANCE at step 48 (timestep=111)
🎯 GUIDANCE STEP 48 (t=111): Loss=0.5815, Rho=18.792330, Grad_norm=0.0532, Final_scale=187.9233
🚀 APPLYING GUIDANCE at step 49 (timestep=57)
🎯 GUIDANCE STEP 49 (t=57): Loss=0.5820, Rho=4.142750, Grad_norm=0.2414, Final_scale=41.4275
[guidance_f17_s50_w8c6_rho10.0_cfg5.0_0701_1658] Generated: generated_videos/subject_consistency/guidance_f17_s50_w8c6_rho10.0_cfg5.0_0701_1658/a_giraffe_taking_a_peaceful_walk.mp4
[guidance_f17_s50_w8c6_rho10.0_cfg5.0_0701_1658] Generating video 9/9 (guidance): a giraffe running to join a herd of its kind
🎬 STARTING GUIDANCE PIPELINE GENERATION
   Frames: 17, Steps: 50, CFG Scale: 5.0

🔧 GUIDANCE PIPELINE CONFIGURATION:
   Guidance range: 0 - 1001
   Rho scale: 10.0
   V-JEPA kernel_size: 8
   V-JEPA context_length: 6
   V-JEPA stride: 2
   V-JEPA mode: max
   Total timesteps: 50

🚀 APPLYING GUIDANCE at step 0 (timestep=999)
🎯 GUIDANCE STEP 0 (t=999): Loss=0.5654, Rho=14.646804, Grad_norm=0.0683, Final_scale=146.4680
🚀 APPLYING GUIDANCE at step 1 (timestep=992)
🎯 GUIDANCE STEP 1 (t=992): Loss=0.5312, Rho=19.280291, Grad_norm=0.0519, Final_scale=192.8029
🚀 APPLYING GUIDANCE at step 2 (timestep=985)
🎯 GUIDANCE STEP 2 (t=985): Loss=0.5303, Rho=27.285879, Grad_norm=0.0366, Final_scale=272.8588
🚀 APPLYING GUIDANCE at step 3 (timestep=978)
🎯 GUIDANCE STEP 3 (t=978): Loss=0.5386, Rho=30.103144, Grad_norm=0.0332, Final_scale=301.0314
🚀 APPLYING GUIDANCE at step 4 (timestep=971)
🎯 GUIDANCE STEP 4 (t=971): Loss=0.5493, Rho=28.556044, Grad_norm=0.0350, Final_scale=285.5604
🚀 APPLYING GUIDANCE at step 5 (timestep=963)
🎯 GUIDANCE STEP 5 (t=963): Loss=0.5781, Rho=26.801815, Grad_norm=0.0373, Final_scale=268.0182
🚀 APPLYING GUIDANCE at step 6 (timestep=956)
🎯 GUIDANCE STEP 6 (t=956): Loss=0.5874, Rho=32.143494, Grad_norm=0.0311, Final_scale=321.4349
🚀 APPLYING GUIDANCE at step 7 (timestep=948)
🎯 GUIDANCE STEP 7 (t=948): Loss=0.5820, Rho=16.830324, Grad_norm=0.0594, Final_scale=168.3032
🚀 APPLYING GUIDANCE at step 8 (timestep=939)
🎯 GUIDANCE STEP 8 (t=939): Loss=0.5859, Rho=14.604520, Grad_norm=0.0685, Final_scale=146.0452
🚀 APPLYING GUIDANCE at step 9 (timestep=931)
🎯 GUIDANCE STEP 9 (t=931): Loss=0.5864, Rho=10.885779, Grad_norm=0.0919, Final_scale=108.8578
🚀 APPLYING GUIDANCE at step 10 (timestep=922)
🎯 GUIDANCE STEP 10 (t=922): Loss=0.5908, Rho=4.548995, Grad_norm=0.2198, Final_scale=45.4899
🚀 APPLYING GUIDANCE at step 11 (timestep=913)
🎯 GUIDANCE STEP 11 (t=913): Loss=0.5918, Rho=12.185327, Grad_norm=0.0821, Final_scale=121.8533
🚀 APPLYING GUIDANCE at step 12 (timestep=904)
🎯 GUIDANCE STEP 12 (t=904): Loss=0.5884, Rho=15.248800, Grad_norm=0.0656, Final_scale=152.4880
🚀 APPLYING GUIDANCE at step 13 (timestep=894)
🎯 GUIDANCE STEP 13 (t=894): Loss=0.5928, Rho=9.698338, Grad_norm=0.1031, Final_scale=96.9834
🚀 APPLYING GUIDANCE at step 14 (timestep=884)
🎯 GUIDANCE STEP 14 (t=884): Loss=0.5894, Rho=10.528680, Grad_norm=0.0950, Final_scale=105.2868
🚀 APPLYING GUIDANCE at step 15 (timestep=874)
🎯 GUIDANCE STEP 15 (t=874): Loss=0.5913, Rho=12.800274, Grad_norm=0.0781, Final_scale=128.0027
🚀 APPLYING GUIDANCE at step 16 (timestep=864)
🎯 GUIDANCE STEP 16 (t=864): Loss=0.5938, Rho=7.660147, Grad_norm=0.1305, Final_scale=76.6015
🚀 APPLYING GUIDANCE at step 17 (timestep=853)
🎯 GUIDANCE STEP 17 (t=853): Loss=0.5981, Rho=7.047446, Grad_norm=0.1419, Final_scale=70.4745
🚀 APPLYING GUIDANCE at step 18 (timestep=841)
🎯 GUIDANCE STEP 18 (t=841): Loss=0.5972, Rho=7.935197, Grad_norm=0.1260, Final_scale=79.3520
🚀 APPLYING GUIDANCE at step 19 (timestep=829)
🎯 GUIDANCE STEP 19 (t=829): Loss=0.5972, Rho=7.539414, Grad_norm=0.1326, Final_scale=75.3941
🚀 APPLYING GUIDANCE at step 20 (timestep=817)
🎯 GUIDANCE STEP 20 (t=817): Loss=0.6021, Rho=8.131928, Grad_norm=0.1230, Final_scale=81.3193
🚀 APPLYING GUIDANCE at step 21 (timestep=805)
🎯 GUIDANCE STEP 21 (t=805): Loss=0.5996, Rho=2.719514, Grad_norm=0.3677, Final_scale=27.1951
🚀 APPLYING GUIDANCE at step 22 (timestep=792)
🎯 GUIDANCE STEP 22 (t=792): Loss=0.6001, Rho=8.725397, Grad_norm=0.1146, Final_scale=87.2540
🚀 APPLYING GUIDANCE at step 23 (timestep=778)
🎯 GUIDANCE STEP 23 (t=778): Loss=0.6040, Rho=5.809978, Grad_norm=0.1721, Final_scale=58.0998
🚀 APPLYING GUIDANCE at step 24 (timestep=764)
🎯 GUIDANCE STEP 24 (t=764): Loss=0.6099, Rho=9.283813, Grad_norm=0.1077, Final_scale=92.8381
🚀 APPLYING GUIDANCE at step 25 (timestep=749)
🎯 GUIDANCE STEP 25 (t=749): Loss=0.6006, Rho=7.114470, Grad_norm=0.1406, Final_scale=71.1447
🚀 APPLYING GUIDANCE at step 26 (timestep=734)
🎯 GUIDANCE STEP 26 (t=734): Loss=0.6040, Rho=5.146073, Grad_norm=0.1943, Final_scale=51.4607
🚀 APPLYING GUIDANCE at step 27 (timestep=718)
🎯 GUIDANCE STEP 27 (t=718): Loss=0.5996, Rho=8.653393, Grad_norm=0.1156, Final_scale=86.5339
🚀 APPLYING GUIDANCE at step 28 (timestep=701)
🎯 GUIDANCE STEP 28 (t=701): Loss=0.6016, Rho=5.916476, Grad_norm=0.1690, Final_scale=59.1648
🚀 APPLYING GUIDANCE at step 29 (timestep=684)
🎯 GUIDANCE STEP 29 (t=684): Loss=0.6025, Rho=12.997916, Grad_norm=0.0769, Final_scale=129.9792
🚀 APPLYING GUIDANCE at step 30 (timestep=666)
🎯 GUIDANCE STEP 30 (t=666): Loss=0.6001, Rho=5.530590, Grad_norm=0.1808, Final_scale=55.3059
🚀 APPLYING GUIDANCE at step 31 (timestep=647)
🎯 GUIDANCE STEP 31 (t=647): Loss=0.6001, Rho=14.344890, Grad_norm=0.0697, Final_scale=143.4489
🚀 APPLYING GUIDANCE at step 32 (timestep=627)
🎯 GUIDANCE STEP 32 (t=627): Loss=0.5977, Rho=7.359477, Grad_norm=0.1359, Final_scale=73.5948
🚀 APPLYING GUIDANCE at step 33 (timestep=606)
🎯 GUIDANCE STEP 33 (t=606): Loss=0.5996, Rho=12.236185, Grad_norm=0.0817, Final_scale=122.3619
🚀 APPLYING GUIDANCE at step 34 (timestep=585)
🎯 GUIDANCE STEP 34 (t=585): Loss=0.6060, Rho=9.354980, Grad_norm=0.1069, Final_scale=93.5498
🚀 APPLYING GUIDANCE at step 35 (timestep=562)
🎯 GUIDANCE STEP 35 (t=562): Loss=0.6050, Rho=12.154671, Grad_norm=0.0823, Final_scale=121.5467
🚀 APPLYING GUIDANCE at step 36 (timestep=538)
🎯 GUIDANCE STEP 36 (t=538): Loss=0.6055, Rho=5.288447, Grad_norm=0.1891, Final_scale=52.8845
🚀 APPLYING GUIDANCE at step 37 (timestep=512)
🎯 GUIDANCE STEP 37 (t=512): Loss=0.6016, Rho=5.157674, Grad_norm=0.1939, Final_scale=51.5767
🚀 APPLYING GUIDANCE at step 38 (timestep=486)
🎯 GUIDANCE STEP 38 (t=486): Loss=0.6006, Rho=11.195631, Grad_norm=0.0893, Final_scale=111.9563
🚀 APPLYING GUIDANCE at step 39 (timestep=458)
🎯 GUIDANCE STEP 39 (t=458): Loss=0.6021, Rho=16.181187, Grad_norm=0.0618, Final_scale=161.8119
🚀 APPLYING GUIDANCE at step 40 (timestep=428)
🎯 GUIDANCE STEP 40 (t=428): Loss=0.6016, Rho=10.270604, Grad_norm=0.0974, Final_scale=102.7060
🚀 APPLYING GUIDANCE at step 41 (timestep=396)
🎯 GUIDANCE STEP 41 (t=396): Loss=0.6011, Rho=17.770424, Grad_norm=0.0563, Final_scale=177.7042
🚀 APPLYING GUIDANCE at step 42 (timestep=363)
🎯 GUIDANCE STEP 42 (t=363): Loss=0.6011, Rho=16.496191, Grad_norm=0.0606, Final_scale=164.9619
🚀 APPLYING GUIDANCE at step 43 (timestep=327)
🎯 GUIDANCE STEP 43 (t=327): Loss=0.6021, Rho=17.475191, Grad_norm=0.0572, Final_scale=174.7519
🚀 APPLYING GUIDANCE at step 44 (timestep=290)
🎯 GUIDANCE STEP 44 (t=290): Loss=0.6021, Rho=10.039732, Grad_norm=0.0996, Final_scale=100.3973
🚀 APPLYING GUIDANCE at step 45 (timestep=249)
🎯 GUIDANCE STEP 45 (t=249): Loss=0.6021, Rho=22.857840, Grad_norm=0.0437, Final_scale=228.5784
🚀 APPLYING GUIDANCE at step 46 (timestep=206)
🎯 GUIDANCE STEP 46 (t=206): Loss=0.6001, Rho=5.707510, Grad_norm=0.1752, Final_scale=57.0751
🚀 APPLYING GUIDANCE at step 47 (timestep=160)
🎯 GUIDANCE STEP 47 (t=160): Loss=0.5977, Rho=11.631260, Grad_norm=0.0860, Final_scale=116.3126
🚀 APPLYING GUIDANCE at step 48 (timestep=111)
🎯 GUIDANCE STEP 48 (t=111): Loss=0.5972, Rho=13.288222, Grad_norm=0.0753, Final_scale=132.8822
🚀 APPLYING GUIDANCE at step 49 (timestep=57)
🎯 GUIDANCE STEP 49 (t=57): Loss=0.5977, Rho=9.362855, Grad_norm=0.1068, Final_scale=93.6285
[guidance_f17_s50_w8c6_rho10.0_cfg5.0_0701_1658] Generated: generated_videos/subject_consistency/guidance_f17_s50_w8c6_rho10.0_cfg5.0_0701_1658/a_bus_accelerating_to_gain_speed.mp4
[guidance_f17_s50_w8c6_rho10.0_cfg5.0_0701_1658] Experiment completed! Results saved to: generated_videos/subject_consistency/guidance_f17_s50_w8c6_rho10.0_cfg5.0_0701_1658
🚀 APPLYING GUIDANCE at step 0 (timestep=999)
🎯 GUIDANCE STEP 0 (t=999): Loss=0.5967, Rho=26.493504, Grad_norm=0.0377, Final_scale=264.9350
🚀 APPLYING GUIDANCE at step 1 (timestep=992)
🎯 GUIDANCE STEP 1 (t=992): Loss=0.5439, Rho=34.116554, Grad_norm=0.0293, Final_scale=341.1655
🚀 APPLYING GUIDANCE at step 2 (timestep=985)
🎯 GUIDANCE STEP 2 (t=985): Loss=0.5464, Rho=18.254299, Grad_norm=0.0548, Final_scale=182.5430
🚀 APPLYING GUIDANCE at step 3 (timestep=978)
🎯 GUIDANCE STEP 3 (t=978): Loss=0.5479, Rho=28.264544, Grad_norm=0.0354, Final_scale=282.6454
🚀 APPLYING GUIDANCE at step 4 (timestep=971)
🎯 GUIDANCE STEP 4 (t=971): Loss=0.5522, Rho=37.174870, Grad_norm=0.0269, Final_scale=371.7487
🚀 APPLYING GUIDANCE at step 5 (timestep=963)
🎯 GUIDANCE STEP 5 (t=963): Loss=0.5420, Rho=37.058262, Grad_norm=0.0270, Final_scale=370.5826
🚀 APPLYING GUIDANCE at step 6 (timestep=956)
🎯 GUIDANCE STEP 6 (t=956): Loss=0.5454, Rho=13.464175, Grad_norm=0.0743, Final_scale=134.6418
🚀 APPLYING GUIDANCE at step 7 (timestep=948)
🎯 GUIDANCE STEP 7 (t=948): Loss=0.5420, Rho=21.967630, Grad_norm=0.0455, Final_scale=219.6763
🚀 APPLYING GUIDANCE at step 8 (timestep=939)
🎯 GUIDANCE STEP 8 (t=939): Loss=0.5488, Rho=23.404490, Grad_norm=0.0427, Final_scale=234.0449
🚀 APPLYING GUIDANCE at step 9 (timestep=931)
🎯 GUIDANCE STEP 9 (t=931): Loss=0.5674, Rho=7.522126, Grad_norm=0.1329, Final_scale=75.2213
🚀 APPLYING GUIDANCE at step 10 (timestep=922)
🎯 GUIDANCE STEP 10 (t=922): Loss=0.5874, Rho=10.553436, Grad_norm=0.0948, Final_scale=105.5344
🚀 APPLYING GUIDANCE at step 11 (timestep=913)
🎯 GUIDANCE STEP 11 (t=913): Loss=0.5894, Rho=21.434053, Grad_norm=0.0467, Final_scale=214.3405
🚀 APPLYING GUIDANCE at step 12 (timestep=904)
🎯 GUIDANCE STEP 12 (t=904): Loss=0.5854, Rho=24.397501, Grad_norm=0.0410, Final_scale=243.9750
🚀 APPLYING GUIDANCE at step 13 (timestep=894)
🎯 GUIDANCE STEP 13 (t=894): Loss=0.5933, Rho=11.720001, Grad_norm=0.0853, Final_scale=117.2000
🚀 APPLYING GUIDANCE at step 14 (timestep=884)
🎯 GUIDANCE STEP 14 (t=884): Loss=0.5879, Rho=12.818777, Grad_norm=0.0780, Final_scale=128.1878
🚀 APPLYING GUIDANCE at step 15 (timestep=874)
🎯 GUIDANCE STEP 15 (t=874): Loss=0.5879, Rho=8.872371, Grad_norm=0.1127, Final_scale=88.7237
🚀 APPLYING GUIDANCE at step 16 (timestep=864)
🎯 GUIDANCE STEP 16 (t=864): Loss=0.5820, Rho=11.727614, Grad_norm=0.0853, Final_scale=117.2761
🚀 APPLYING GUIDANCE at step 17 (timestep=853)
🎯 GUIDANCE STEP 17 (t=853): Loss=0.5845, Rho=15.094471, Grad_norm=0.0662, Final_scale=150.9447
🚀 APPLYING GUIDANCE at step 18 (timestep=841)
🎯 GUIDANCE STEP 18 (t=841): Loss=0.5908, Rho=5.301846, Grad_norm=0.1886, Final_scale=53.0185
🚀 APPLYING GUIDANCE at step 19 (timestep=829)
🎯 GUIDANCE STEP 19 (t=829): Loss=0.5957, Rho=11.603230, Grad_norm=0.0862, Final_scale=116.0323
🚀 APPLYING GUIDANCE at step 20 (timestep=817)
🎯 GUIDANCE STEP 20 (t=817): Loss=0.5981, Rho=1.268496, Grad_norm=0.7883, Final_scale=12.6850
🚀 APPLYING GUIDANCE at step 21 (timestep=805)
🎯 GUIDANCE STEP 21 (t=805): Loss=0.5928, Rho=8.507865, Grad_norm=0.1175, Final_scale=85.0786
🚀 APPLYING GUIDANCE at step 22 (timestep=792)
🎯 GUIDANCE STEP 22 (t=792): Loss=0.5913, Rho=10.404696, Grad_norm=0.0961, Final_scale=104.0470
🚀 APPLYING GUIDANCE at step 23 (timestep=778)
🎯 GUIDANCE STEP 23 (t=778): Loss=0.5918, Rho=11.627089, Grad_norm=0.0860, Final_scale=116.2709
🚀 APPLYING GUIDANCE at step 24 (timestep=764)
🎯 GUIDANCE STEP 24 (t=764): Loss=0.5840, Rho=10.380129, Grad_norm=0.0963, Final_scale=103.8013
🚀 APPLYING GUIDANCE at step 25 (timestep=749)
🎯 GUIDANCE STEP 25 (t=749): Loss=0.5889, Rho=11.265509, Grad_norm=0.0888, Final_scale=112.6551
🚀 APPLYING GUIDANCE at step 26 (timestep=734)
🎯 GUIDANCE STEP 26 (t=734): Loss=0.5908, Rho=4.640756, Grad_norm=0.2155, Final_scale=46.4076
🚀 APPLYING GUIDANCE at step 27 (timestep=718)
🎯 GUIDANCE STEP 27 (t=718): Loss=0.5894, Rho=9.227121, Grad_norm=0.1084, Final_scale=92.2712
🚀 APPLYING GUIDANCE at step 28 (timestep=701)
🎯 GUIDANCE STEP 28 (t=701): Loss=0.5894, Rho=9.857815, Grad_norm=0.1014, Final_scale=98.5781
🚀 APPLYING GUIDANCE at step 29 (timestep=684)
🎯 GUIDANCE STEP 29 (t=684): Loss=0.5884, Rho=7.328321, Grad_norm=0.1365, Final_scale=73.2832
🚀 APPLYING GUIDANCE at step 30 (timestep=666)
🎯 GUIDANCE STEP 30 (t=666): Loss=0.5864, Rho=7.846815, Grad_norm=0.1274, Final_scale=78.4681
🚀 APPLYING GUIDANCE at step 31 (timestep=647)
🎯 GUIDANCE STEP 31 (t=647): Loss=0.5859, Rho=7.705707, Grad_norm=0.1298, Final_scale=77.0571
🚀 APPLYING GUIDANCE at step 32 (timestep=627)
🎯 GUIDANCE STEP 32 (t=627): Loss=0.5874, Rho=9.883853, Grad_norm=0.1012, Final_scale=98.8385
🚀 APPLYING GUIDANCE at step 33 (timestep=606)
🎯 GUIDANCE STEP 33 (t=606): Loss=0.5903, Rho=4.170606, Grad_norm=0.2398, Final_scale=41.7061
🚀 APPLYING GUIDANCE at step 34 (timestep=585)
🎯 GUIDANCE STEP 34 (t=585): Loss=0.5942, Rho=10.599219, Grad_norm=0.0943, Final_scale=105.9922
🚀 APPLYING GUIDANCE at step 35 (timestep=562)
🎯 GUIDANCE STEP 35 (t=562): Loss=0.5903, Rho=9.279675, Grad_norm=0.1078, Final_scale=92.7967
🚀 APPLYING GUIDANCE at step 36 (timestep=538)
🎯 GUIDANCE STEP 36 (t=538): Loss=0.5908, Rho=8.233196, Grad_norm=0.1215, Final_scale=82.3320
🚀 APPLYING GUIDANCE at step 37 (timestep=512)
🎯 GUIDANCE STEP 37 (t=512): Loss=0.5903, Rho=10.955575, Grad_norm=0.0913, Final_scale=109.5557
🚀 APPLYING GUIDANCE at step 38 (timestep=486)
🎯 GUIDANCE STEP 38 (t=486): Loss=0.5903, Rho=11.836683, Grad_norm=0.0845, Final_scale=118.3668
🚀 APPLYING GUIDANCE at step 39 (timestep=458)
🎯 GUIDANCE STEP 39 (t=458): Loss=0.5884, Rho=1.280742, Grad_norm=0.7808, Final_scale=12.8074
🚀 APPLYING GUIDANCE at step 40 (timestep=428)
🎯 GUIDANCE STEP 40 (t=428): Loss=0.5889, Rho=13.966670, Grad_norm=0.0716, Final_scale=139.6667
🚀 APPLYING GUIDANCE at step 41 (timestep=396)
🎯 GUIDANCE STEP 41 (t=396): Loss=0.5879, Rho=9.168521, Grad_norm=0.1091, Final_scale=91.6852
🚀 APPLYING GUIDANCE at step 42 (timestep=363)
🎯 GUIDANCE STEP 42 (t=363): Loss=0.5874, Rho=23.572090, Grad_norm=0.0424, Final_scale=235.7209
🚀 APPLYING GUIDANCE at step 43 (timestep=327)
🎯 GUIDANCE STEP 43 (t=327): Loss=0.5874, Rho=14.924317, Grad_norm=0.0670, Final_scale=149.2432
🚀 APPLYING GUIDANCE at step 44 (timestep=290)
🎯 GUIDANCE STEP 44 (t=290): Loss=0.5898, Rho=10.967666, Grad_norm=0.0912, Final_scale=109.6767
🚀 APPLYING GUIDANCE at step 45 (timestep=249)
🎯 GUIDANCE STEP 45 (t=249): Loss=0.5894, Rho=15.142319, Grad_norm=0.0660, Final_scale=151.4232
🚀 APPLYING GUIDANCE at step 46 (timestep=206)
🎯 GUIDANCE STEP 46 (t=206): Loss=0.5898, Rho=23.106113, Grad_norm=0.0433, Final_scale=231.0611
🚀 APPLYING GUIDANCE at step 47 (timestep=160)
🎯 GUIDANCE STEP 47 (t=160): Loss=0.5869, Rho=3.051380, Grad_norm=0.3277, Final_scale=30.5138
🚀 APPLYING GUIDANCE at step 48 (timestep=111)
🎯 GUIDANCE STEP 48 (t=111): Loss=0.5874, Rho=12.649261, Grad_norm=0.0791, Final_scale=126.4926
🚀 APPLYING GUIDANCE at step 49 (timestep=57)
🎯 GUIDANCE STEP 49 (t=57): Loss=0.5879, Rho=6.599721, Grad_norm=0.1515, Final_scale=65.9972
[guidance_f17_s50_w8c6_rho10.0_cfg5.0_0701_1658] Generated: generated_videos/subject_consistency/guidance_f17_s50_w8c6_rho10.0_cfg5.0_0701_1658/a_giraffe_running_to_join_a_herd_of_its_kind.mp4
[guidance_f17_s50_w8c6_rho10.0_cfg5.0_0701_1658] Experiment completed! Results saved to: generated_videos/subject_consistency/guidance_f17_s50_w8c6_rho10.0_cfg5.0_0701_1658
