Thu Jun 26 22:23:58 2025       
+-----------------------------------------------------------------------------------------+
| NVIDIA-SMI 570.133.20             Driver Version: 570.133.20     CUDA Version: 12.8     |
|-----------------------------------------+------------------------+----------------------+
| GPU  Name                 Persistence-M | Bus-Id          Disp.A | Volatile Uncorr. ECC |
| Fan  Temp   Perf          Pwr:Usage/Cap |           Memory-Usage | GPU-Util  Compute M. |
|                                         |                        |               MIG M. |
|=========================================+========================+======================|
|   0  NVIDIA H200                    On  |   00000000:59:00.0 Off |                    0 |
| N/A   38C    P0             79W /  700W |       0MiB / 143771MiB |      0%      Default |
|                                         |                        |             Disabled |
+-----------------------------------------+------------------------+----------------------+
|   1  NVIDIA H200                    On  |   00000000:5A:00.0 Off |                    0 |
| N/A   36C    P0             74W /  700W |       0MiB / 143771MiB |      0%      Default |
|                                         |                        |             Disabled |
+-----------------------------------------+------------------------+----------------------+
|   2  NVIDIA H200                    On  |   00000000:72:00.0 Off |                    0 |
| N/A   37C    P0             76W /  700W |       0MiB / 143771MiB |      0%      Default |
|                                         |                        |             Disabled |
+-----------------------------------------+------------------------+----------------------+
|   3  NVIDIA H200                    On  |   00000000:73:00.0 Off |                    0 |
| N/A   36C    P0             79W /  700W |       0MiB / 143771MiB |      0%      Default |
|                                         |                        |             Disabled |
+-----------------------------------------+------------------------+----------------------+
|   4  NVIDIA H200                    On  |   00000000:8B:00.0 Off |                    0 |
| N/A   36C    P0             75W /  700W |       0MiB / 143771MiB |      0%      Default |
|                                         |                        |             Disabled |
+-----------------------------------------+------------------------+----------------------+
|   5  NVIDIA H200                    On  |   00000000:8C:00.0 Off |                    0 |
| N/A   36C    P0             74W /  700W |       0MiB / 143771MiB |      0%      Default |
|                                         |                        |             Disabled |
+-----------------------------------------+------------------------+----------------------+
|   6  NVIDIA H200                    On  |   00000000:A4:00.0 Off |                    0 |
| N/A   37C    P0             78W /  700W |       0MiB / 143771MiB |      0%      Default |
|                                         |                        |             Disabled |
+-----------------------------------------+------------------------+----------------------+
|   7  NVIDIA H200                    On  |   00000000:A5:00.0 Off |                    0 |
| N/A   35C    P0             79W /  700W |       0MiB / 143771MiB |      0%      Default |
|                                         |                        |             Disabled |
+-----------------------------------------+------------------------+----------------------+
                                                                                         
+-----------------------------------------------------------------------------------------+
| Processes:                                                                              |
|  GPU   GI   CI              PID   Type   Process name                        GPU Memory |
|        ID   ID                                                               Usage      |
|=========================================================================================|
|  No running processes found                                                             |
+-----------------------------------------------------------------------------------------+
Running batch sample script env activated
Generating video for prompt 1/9: a motorcycle gliding through a snowy field
Generating video for prompt 1/9: a bear sniffing the air for scents of food
Generating video for prompt 1/9: a person swimming in ocean
Generating video for prompt 1/9: a bicycle slowing down to stop
Generating video for prompt 1/9: a boat slowing down to stop
Generating video for prompt 1/9: a train speeding down the tracks
Generating video for prompt 1/9: a sheep taking a peaceful walk
Generating video for prompt 1/9: a dog enjoying a peaceful walk
Performing Guidance at step: 2 985 0 985
Guidance Strength: 6.43330717086792 -- Loss: 1.3974609375 -- Score Func: 0.1554410457611084
Performing Guidance at step: 3 978 0 978
Guidance Strength: 9.631745338439941 -- Loss: 1.5126953125 -- Score Func: 0.10382334142923355
Performing Guidance at step: 4 971 0 971
Guidance Strength: 6.705826282501221 -- Loss: 1.5224609375 -- Score Func: 0.14912405610084534
Performing Guidance at step: 5 963 0 963
Guidance Strength: 14.26005744934082 -- Loss: 1.5615234375 -- Score Func: 0.07012594491243362
Performing Guidance at step: 6 956 0 956
Guidance Strength: 8.772345542907715 -- Loss: 1.564453125 -- Score Func: 0.11399459838867188
Performing Guidance at step: 7 948 0 948
Guidance Strength: 10.062153816223145 -- Loss: 1.5859375 -- Score Func: 0.09938230365514755
Performing Guidance at step: 8 939 0 939
Guidance Strength: 3.5281128883361816 -- Loss: 1.5634765625 -- Score Func: 0.2834376394748688
Performing Guidance at step: 9 931 0 931
Guidance Strength: 7.211117267608643 -- Loss: 1.5595703125 -- Score Func: 0.1386747658252716
Performing Guidance at step: 10 922 0 922
Guidance Strength: 4.408913612365723 -- Loss: 1.578125 -- Score Func: 0.22681324183940887
Performing Guidance at step: 11 913 0 913
Guidance Strength: 5.2803473472595215 -- Loss: 1.642578125 -- Score Func: 0.18938148021697998
Performing Guidance at step: 12 904 0 904
Guidance Strength: 4.040727615356445 -- Loss: 1.6259765625 -- Score Func: 0.24748016893863678
Performing Guidance at step: 13 894 0 894
Guidance Strength: 1.0885450839996338 -- Loss: 1.6416015625 -- Score Func: 0.9186573624610901
Performing Guidance at step: 14 884 0 884
Guidance Strength: 4.44956636428833 -- Loss: 1.6708984375 -- Score Func: 0.22474101185798645
Performing Guidance at step: 15 874 0 874
Guidance Strength: 5.043885231018066 -- Loss: 1.6640625 -- Score Func: 0.1982598602771759
Performing Guidance at step: 16 864 0 864
Guidance Strength: 3.6006217002868652 -- Loss: 1.6357421875 -- Score Func: 0.2777298092842102
Performing Guidance at step: 17 853 0 853
Guidance Strength: 6.816969394683838 -- Loss: 1.6376953125 -- Score Func: 0.14669275283813477
Performing Guidance at step: 18 841 0 841
Guidance Strength: 5.7870612144470215 -- Loss: 1.630859375 -- Score Func: 0.1727992743253708
Performing Guidance at step: 19 829 0 829
Guidance Strength: 1.1048829555511475 -- Loss: 1.6181640625 -- Score Func: 0.9050732851028442
Performing Guidance at step: 20 817 0 817
Guidance Strength: 6.0942277908325195 -- Loss: 1.6328125 -- Score Func: 0.16408969461917877
Performing Guidance at step: 21 805 0 805
Guidance Strength: 7.526403903961182 -- Loss: 1.6328125 -- Score Func: 0.13286557793617249
Performing Guidance at step: 22 792 0 792
Guidance Strength: 6.175426483154297 -- Loss: 1.6416015625 -- Score Func: 0.16193214058876038
Performing Guidance at step: 23 778 0 778
Guidance Strength: 5.617927074432373 -- Loss: 1.6494140625 -- Score Func: 0.17800159752368927
Performing Guidance at step: 24 764 0 764
Guidance Strength: 8.201179504394531 -- Loss: 1.650390625 -- Score Func: 0.12193367630243301
Generated video: generated_videos/wan_guidance_nt50_f17_w0c0s0/subject_consistency/a motorcycle gliding through a snowy field.mp4
Generating video for prompt 2/9: a motorcycle accelerating to gain speed
Performing Guidance at step: 2 985 0 985
Guidance Strength: 7.266905784606934 -- Loss: 1.4638671875 -- Score Func: 0.13761015236377716
Performing Guidance at step: 3 978 0 978
Guidance Strength: 10.536749839782715 -- Loss: 1.4423828125 -- Score Func: 0.09490592777729034
Performing Guidance at step: 4 971 0 971
Guidance Strength: 2.400463104248047 -- Loss: 1.3798828125 -- Score Func: 0.4165862798690796
Performing Guidance at step: 5 963 0 963
Guidance Strength: 7.385434150695801 -- Loss: 1.4443359375 -- Score Func: 0.135401651263237
Performing Guidance at step: 6 956 0 956
Guidance Strength: 0.8016645312309265 -- Loss: 1.3037109375 -- Score Func: 1.2474045753479004
Performing Guidance at step: 7 948 0 948
Guidance Strength: 6.299339294433594 -- Loss: 1.4619140625 -- Score Func: 0.15874680876731873
Performing Guidance at step: 8 939 0 939
Guidance Strength: 5.283848285675049 -- Loss: 1.5224609375 -- Score Func: 0.1892559975385666
Performing Guidance at step: 9 931 0 931
Guidance Strength: 12.884379386901855 -- Loss: 1.603515625 -- Score Func: 0.07761336117982864
Performing Guidance at step: 10 922 0 922
Guidance Strength: 5.330173015594482 -- Loss: 1.59375 -- Score Func: 0.1876111626625061
Performing Guidance at step: 11 913 0 913
Guidance Strength: 6.719586372375488 -- Loss: 1.6025390625 -- Score Func: 0.14881868660449982
Performing Guidance at step: 12 904 0 904
Guidance Strength: 5.547452449798584 -- Loss: 1.6142578125 -- Score Func: 0.18026292324066162
Performing Guidance at step: 13 894 0 894
Guidance Strength: 9.90980339050293 -- Loss: 1.623046875 -- Score Func: 0.10091017186641693
Performing Guidance at step: 14 884 0 884
Guidance Strength: 6.3649773597717285 -- Loss: 1.625 -- Score Func: 0.15710975229740143
Performing Guidance at step: 15 874 0 874
Guidance Strength: 14.702332496643066 -- Loss: 1.625 -- Score Func: 0.068016417324543
Performing Guidance at step: 16 864 0 864
Guidance Strength: 6.962847709655762 -- Loss: 1.6328125 -- Score Func: 0.14361940324306488
Performing Guidance at step: 17 853 0 853
Guidance Strength: 9.514907836914062 -- Loss: 1.6181640625 -- Score Func: 0.10509823262691498
Performing Guidance at step: 18 841 0 841
Guidance Strength: 3.8485829830169678 -- Loss: 1.6005859375 -- Score Func: 0.2598358988761902
Performing Guidance at step: 19 829 0 829
Guidance Strength: 5.5439229011535645 -- Loss: 1.609375 -- Score Func: 0.18037769198417664
Performing Guidance at step: 20 817 0 817
Guidance Strength: 10.817110061645508 -- Loss: 1.607421875 -- Score Func: 0.09244613349437714
Performing Guidance at step: 21 805 0 805
Guidance Strength: 5.185763359069824 -- Loss: 1.603515625 -- Score Func: 0.19283564388751984
Performing Guidance at step: 22 792 0 792
Guidance Strength: 9.685653686523438 -- Loss: 1.6044921875 -- Score Func: 0.10324548184871674
Performing Guidance at step: 23 778 0 778
Guidance Strength: 11.172025680541992 -- Loss: 1.6015625 -- Score Func: 0.08950928598642349
Performing Guidance at step: 24 764 0 764
Guidance Strength: 8.98514461517334 -- Loss: 1.6064453125 -- Score Func: 0.11129481345415115
Generated video: generated_videos/wan_guidance_nt50_f17_w0c0s0/subject_consistency/a person swimming in ocean.mp4
Generating video for prompt 2/9: a person giving a presentation to a room full of colleagues
Performing Guidance at step: 2 985 0 985
Guidance Strength: 8.053093910217285 -- Loss: 1.498046875 -- Score Func: 0.12417587637901306
Performing Guidance at step: 3 978 0 978
Guidance Strength: 11.336841583251953 -- Loss: 1.4443359375 -- Score Func: 0.08820798993110657
Performing Guidance at step: 4 971 0 971
Guidance Strength: 8.014659881591797 -- Loss: 1.4501953125 -- Score Func: 0.1247713565826416
Performing Guidance at step: 5 963 0 963
Guidance Strength: 4.619239807128906 -- Loss: 1.4345703125 -- Score Func: 0.21648584306240082
Performing Guidance at step: 6 956 0 956
Guidance Strength: 5.1593122482299805 -- Loss: 1.462890625 -- Score Func: 0.19382429122924805
Performing Guidance at step: 7 948 0 948
Guidance Strength: 5.964012622833252 -- Loss: 1.4638671875 -- Score Func: 0.16767235100269318
Performing Guidance at step: 8 939 0 939
Guidance Strength: 3.548060655593872 -- Loss: 1.4404296875 -- Score Func: 0.2818441092967987
Performing Guidance at step: 9 931 0 931
Guidance Strength: 1.7963910102844238 -- Loss: 1.474609375 -- Score Func: 0.556671679019928
Performing Guidance at step: 10 922 0 922
Guidance Strength: 0.2880293130874634 -- Loss: 1.466796875 -- Score Func: 3.4718689918518066
Performing Guidance at step: 11 913 0 913
Guidance Strength: 4.859477519989014 -- Loss: 1.4951171875 -- Score Func: 0.2057834416627884
Performing Guidance at step: 12 904 0 904
Guidance Strength: 4.505515098571777 -- Loss: 1.568359375 -- Score Func: 0.2219502031803131
Performing Guidance at step: 13 894 0 894
Guidance Strength: 6.690690040588379 -- Loss: 1.5859375 -- Score Func: 0.14946141839027405
Performing Guidance at step: 14 884 0 884
Guidance Strength: 5.475753307342529 -- Loss: 1.587890625 -- Score Func: 0.18262328207492828
Performing Guidance at step: 15 874 0 874
Guidance Strength: 1.2704473733901978 -- Loss: 1.607421875 -- Score Func: 0.7871242761611938
Performing Guidance at step: 16 864 0 864
Guidance Strength: 6.7739763259887695 -- Loss: 1.630859375 -- Score Func: 0.14762377738952637
Performing Guidance at step: 17 853 0 853
Guidance Strength: 1.6735684871673584 -- Loss: 1.642578125 -- Score Func: 0.5975255966186523
Performing Guidance at step: 18 841 0 841
Guidance Strength: 3.145236015319824 -- Loss: 1.6142578125 -- Score Func: 0.31794115900993347
Performing Guidance at step: 19 829 0 829
Guidance Strength: 3.9767894744873047 -- Loss: 1.6083984375 -- Score Func: 0.25145912170410156
Performing Guidance at step: 20 817 0 817
Guidance Strength: 3.0524914264678955 -- Loss: 1.6142578125 -- Score Func: 0.32760125398635864
Performing Guidance at step: 21 805 0 805
Guidance Strength: 0.9539379477500916 -- Loss: 1.6416015625 -- Score Func: 1.0482861995697021
Performing Guidance at step: 22 792 0 792
Guidance Strength: 1.2915793657302856 -- Loss: 1.6328125 -- Score Func: 0.7742458581924438
Performing Guidance at step: 23 778 0 778
Guidance Strength: 1.4642858505249023 -- Loss: 1.611328125 -- Score Func: 0.6829267740249634
Performing Guidance at step: 24 764 0 764
Guidance Strength: 1.4458503723144531 -- Loss: 1.6455078125 -- Score Func: 0.691634476184845
Generated video: generated_videos/wan_guidance_nt50_f17_w0c0s0/subject_consistency/a dog enjoying a peaceful walk.mp4
Generating video for prompt 2/9: a dog playing in park
Performing Guidance at step: 2 985 0 985
Guidance Strength: 4.5268049240112305 -- Loss: 1.333984375 -- Score Func: 0.2209063619375229
Performing Guidance at step: 3 978 0 978
Guidance Strength: 11.741826057434082 -- Loss: 1.3857421875 -- Score Func: 0.08516562730073929
Performing Guidance at step: 4 971 0 971
Guidance Strength: 5.973469257354736 -- Loss: 1.2861328125 -- Score Func: 0.16740690171718597
Performing Guidance at step: 5 963 0 963
Guidance Strength: 7.898102283477783 -- Loss: 1.3603515625 -- Score Func: 0.12661269307136536
Performing Guidance at step: 6 956 0 956
Guidance Strength: 6.70258903503418 -- Loss: 1.3662109375 -- Score Func: 0.1491960734128952
Performing Guidance at step: 7 948 0 948
Guidance Strength: 3.7502944469451904 -- Loss: 1.369140625 -- Score Func: 0.26664572954177856
Performing Guidance at step: 8 939 0 939
Guidance Strength: 5.000872611999512 -- Loss: 1.3955078125 -- Score Func: 0.19996510446071625
Performing Guidance at step: 9 931 0 931
Guidance Strength: 0.47419965267181396 -- Loss: 1.3896484375 -- Score Func: 2.108816385269165
Performing Guidance at step: 10 922 0 922
Guidance Strength: 1.2233275175094604 -- Loss: 1.4638671875 -- Score Func: 0.8174425959587097
Performing Guidance at step: 11 913 0 913
Guidance Strength: 6.468757152557373 -- Loss: 1.5048828125 -- Score Func: 0.1545892059803009
Performing Guidance at step: 12 904 0 904
Guidance Strength: 0.45586565136909485 -- Loss: 1.5068359375 -- Score Func: 2.1936287879943848
Performing Guidance at step: 13 894 0 894
Guidance Strength: 3.873443365097046 -- Loss: 1.517578125 -- Score Func: 0.25816822052001953
Performing Guidance at step: 14 884 0 884
Guidance Strength: 1.5131205320358276 -- Loss: 1.533203125 -- Score Func: 0.6608858704566956
Performing Guidance at step: 15 874 0 874
Guidance Strength: 8.9961576461792 -- Loss: 1.5244140625 -- Score Func: 0.11115856468677521
Performing Guidance at step: 16 864 0 864
Guidance Strength: 1.2747819423675537 -- Loss: 1.5341796875 -- Score Func: 0.7844479084014893
Performing Guidance at step: 17 853 0 853
Guidance Strength: 6.802834987640381 -- Loss: 1.560546875 -- Score Func: 0.14699754118919373
Performing Guidance at step: 18 841 0 841
Guidance Strength: 4.569244384765625 -- Loss: 1.5625 -- Score Func: 0.21885457634925842
Performing Guidance at step: 19 829 0 829
Guidance Strength: 4.541760444641113 -- Loss: 1.564453125 -- Score Func: 0.22017893195152283
Performing Guidance at step: 20 817 0 817
Guidance Strength: 0.9982422590255737 -- Loss: 1.5595703125 -- Score Func: 1.0017608404159546
Performing Guidance at step: 21 805 0 805
Guidance Strength: 4.058193683624268 -- Loss: 1.560546875 -- Score Func: 0.24641506373882294
Performing Guidance at step: 22 792 0 792
Guidance Strength: 1.0867137908935547 -- Loss: 1.5556640625 -- Score Func: 0.9202054738998413
Performing Guidance at step: 23 778 0 778
Guidance Strength: 0.19893193244934082 -- Loss: 1.5625 -- Score Func: 5.0268449783325195
Performing Guidance at step: 24 764 0 764
Guidance Strength: 4.170460224151611 -- Loss: 1.5810546875 -- Score Func: 0.2397816777229309
Generated video: generated_videos/wan_guidance_nt50_f17_w0c0s0/subject_consistency/a boat slowing down to stop.mp4
Generating video for prompt 2/9: a boat accelerating to gain speed
Performing Guidance at step: 2 985 0 985
Guidance Strength: 5.732134819030762 -- Loss: 1.5048828125 -- Score Func: 0.17445507645606995
Performing Guidance at step: 3 978 0 978
Guidance Strength: 10.39538288116455 -- Loss: 1.5107421875 -- Score Func: 0.09619655460119247
Performing Guidance at step: 4 971 0 971
Guidance Strength: 3.597673177719116 -- Loss: 1.5 -- Score Func: 0.2779574394226074
Performing Guidance at step: 5 963 0 963
Guidance Strength: 2.0410947799682617 -- Loss: 1.5400390625 -- Score Func: 0.48993316292762756
Performing Guidance at step: 6 956 0 956
Guidance Strength: 1.48982572555542 -- Loss: 1.466796875 -- Score Func: 0.6712194681167603
Performing Guidance at step: 7 948 0 948
Guidance Strength: 9.96373176574707 -- Loss: 1.5693359375 -- Score Func: 0.10036400705575943
Performing Guidance at step: 8 939 0 939
Guidance Strength: 7.5166544914245605 -- Loss: 1.529296875 -- Score Func: 0.13303790986537933
Performing Guidance at step: 9 931 0 931
Guidance Strength: 6.4527764320373535 -- Loss: 1.5673828125 -- Score Func: 0.15497204661369324
Performing Guidance at step: 10 922 0 922
Guidance Strength: 6.584331512451172 -- Loss: 1.587890625 -- Score Func: 0.15187570452690125
Performing Guidance at step: 11 913 0 913
Guidance Strength: 1.8373453617095947 -- Loss: 1.6181640625 -- Score Func: 0.544263482093811
Performing Guidance at step: 12 904 0 904
Guidance Strength: 8.146870613098145 -- Loss: 1.611328125 -- Score Func: 0.12274651229381561
Performing Guidance at step: 13 894 0 894
Guidance Strength: 2.58084774017334 -- Loss: 1.607421875 -- Score Func: 0.3874695897102356
Performing Guidance at step: 14 884 0 884
Guidance Strength: 2.061323642730713 -- Loss: 1.6083984375 -- Score Func: 0.48512518405914307
Performing Guidance at step: 15 874 0 874
Guidance Strength: 2.5989418029785156 -- Loss: 1.6025390625 -- Score Func: 0.3847719728946686
Performing Guidance at step: 16 864 0 864
Guidance Strength: 1.350691795349121 -- Loss: 1.630859375 -- Score Func: 0.7403613328933716
Performing Guidance at step: 17 853 0 853
Guidance Strength: 2.692695379257202 -- Loss: 1.638671875 -- Score Func: 0.37137508392333984
Performing Guidance at step: 18 841 0 841
Guidance Strength: 1.2512085437774658 -- Loss: 1.626953125 -- Score Func: 0.7992272973060608
Performing Guidance at step: 19 829 0 829
Guidance Strength: 1.3651378154754639 -- Loss: 1.609375 -- Score Func: 0.7325267791748047
Performing Guidance at step: 20 817 0 817
Guidance Strength: 2.802837610244751 -- Loss: 1.619140625 -- Score Func: 0.3567812740802765
Performing Guidance at step: 21 805 0 805
Guidance Strength: 3.7030022144317627 -- Loss: 1.599609375 -- Score Func: 0.27005115151405334
Performing Guidance at step: 22 792 0 792
Guidance Strength: 1.7216485738754272 -- Loss: 1.5966796875 -- Score Func: 0.5808386206626892
Performing Guidance at step: 23 778 0 778
Guidance Strength: 0.7674375176429749 -- Loss: 1.603515625 -- Score Func: 1.3030376434326172
Performing Guidance at step: 24 764 0 764
Guidance Strength: 4.728430271148682 -- Loss: 1.6103515625 -- Score Func: 0.21148666739463806
Generated video: generated_videos/wan_guidance_nt50_f17_w0c0s0/subject_consistency/a bear sniffing the air for scents of food.mp4
Generating video for prompt 2/9: a bear climbing a tree
Performing Guidance at step: 2 985 0 985
Guidance Strength: 2.024904489517212 -- Loss: 1.498046875 -- Score Func: 0.4938504695892334
Performing Guidance at step: 3 978 0 978
Guidance Strength: 6.15868616104126 -- Loss: 1.4443359375 -- Score Func: 0.16237229108810425
Performing Guidance at step: 4 971 0 971
Guidance Strength: 3.1680943965911865 -- Loss: 1.4638671875 -- Score Func: 0.315647155046463
Performing Guidance at step: 5 963 0 963
Guidance Strength: 5.849096298217773 -- Loss: 1.4482421875 -- Score Func: 0.17096658051013947
Performing Guidance at step: 6 956 0 956
Guidance Strength: 2.3395166397094727 -- Loss: 1.4365234375 -- Score Func: 0.4274387061595917
Performing Guidance at step: 7 948 0 948
Guidance Strength: 5.304484844207764 -- Loss: 1.4375 -- Score Func: 0.18851971626281738
Performing Guidance at step: 8 939 0 939
Guidance Strength: 7.445635795593262 -- Loss: 1.4033203125 -- Score Func: 0.134306862950325
Performing Guidance at step: 9 931 0 931
Guidance Strength: 4.368049144744873 -- Loss: 1.439453125 -- Score Func: 0.2289351522922516
Performing Guidance at step: 10 922 0 922
Guidance Strength: 5.656899929046631 -- Loss: 1.4541015625 -- Score Func: 0.176775261759758
Performing Guidance at step: 11 913 0 913
Guidance Strength: 1.6102917194366455 -- Loss: 1.4931640625 -- Score Func: 0.6210054755210876
Performing Guidance at step: 12 904 0 904
Guidance Strength: 4.953839302062988 -- Loss: 1.556640625 -- Score Func: 0.201863631606102
Performing Guidance at step: 13 894 0 894
Guidance Strength: 2.647886037826538 -- Loss: 1.580078125 -- Score Func: 0.37765976786613464
Performing Guidance at step: 14 884 0 884
Guidance Strength: 2.886626720428467 -- Loss: 1.5791015625 -- Score Func: 0.3464251160621643
Performing Guidance at step: 15 874 0 874
Guidance Strength: 5.380807876586914 -- Loss: 1.572265625 -- Score Func: 0.18584570288658142
Performing Guidance at step: 16 864 0 864
Guidance Strength: 3.6248884201049805 -- Loss: 1.5810546875 -- Score Func: 0.27587056159973145
Performing Guidance at step: 17 853 0 853
Guidance Strength: 2.321244478225708 -- Loss: 1.595703125 -- Score Func: 0.4308033883571625
Performing Guidance at step: 18 841 0 841
Guidance Strength: 3.110008955001831 -- Loss: 1.5869140625 -- Score Func: 0.3215424716472626
Performing Guidance at step: 19 829 0 829
Guidance Strength: 3.163879156112671 -- Loss: 1.59375 -- Score Func: 0.3160676956176758
Performing Guidance at step: 20 817 0 817
Guidance Strength: 2.650190591812134 -- Loss: 1.5908203125 -- Score Func: 0.37733134627342224
Performing Guidance at step: 21 805 0 805
Guidance Strength: 3.074220895767212 -- Loss: 1.583984375 -- Score Func: 0.3252856731414795
Performing Guidance at step: 22 792 0 792
Guidance Strength: 2.703296661376953 -- Loss: 1.591796875 -- Score Func: 0.36991870403289795
Performing Guidance at step: 23 778 0 778
Guidance Strength: 5.685266971588135 -- Loss: 1.5888671875 -- Score Func: 0.17589323222637177
Performing Guidance at step: 24 764 0 764
Guidance Strength: 5.7295756340026855 -- Loss: 1.5849609375 -- Score Func: 0.17453299462795258
Generated video: generated_videos/wan_guidance_nt50_f17_w0c0s0/subject_consistency/a sheep taking a peaceful walk.mp4
Generating video for prompt 2/9: a sheep running to join a herd of its kind
Performing Guidance at step: 2 985 0 985
Guidance Strength: 7.386653900146484 -- Loss: 1.3740234375 -- Score Func: 0.13537929952144623
Performing Guidance at step: 3 978 0 978
Guidance Strength: 4.339061737060547 -- Loss: 1.423828125 -- Score Func: 0.23046457767486572
Performing Guidance at step: 4 971 0 971
Guidance Strength: 0.5298367738723755 -- Loss: 1.4677734375 -- Score Func: 1.8873738050460815
Performing Guidance at step: 5 963 0 963
Guidance Strength: 3.0182647705078125 -- Loss: 1.5322265625 -- Score Func: 0.331316202878952
Performing Guidance at step: 6 956 0 956
Guidance Strength: 3.0508482456207275 -- Loss: 1.552734375 -- Score Func: 0.3277776837348938
Performing Guidance at step: 7 948 0 948
Guidance Strength: 9.045416831970215 -- Loss: 1.6279296875 -- Score Func: 0.11055322736501694
Performing Guidance at step: 8 939 0 939
Guidance Strength: 3.849968194961548 -- Loss: 1.615234375 -- Score Func: 0.25974240899086
Performing Guidance at step: 9 931 0 931
Guidance Strength: 5.330732345581055 -- Loss: 1.6611328125 -- Score Func: 0.18759147822856903
Performing Guidance at step: 10 922 0 922
Guidance Strength: 5.135748386383057 -- Loss: 1.6123046875 -- Score Func: 0.19471359252929688
Performing Guidance at step: 11 913 0 913
Guidance Strength: 6.147939205169678 -- Loss: 1.6337890625 -- Score Func: 0.16265612840652466
Performing Guidance at step: 12 904 0 904
Guidance Strength: 7.557861328125 -- Loss: 1.6396484375 -- Score Func: 0.1323125660419464
Performing Guidance at step: 13 894 0 894
Guidance Strength: 3.7323389053344727 -- Loss: 1.640625 -- Score Func: 0.26792851090431213
Performing Guidance at step: 14 884 0 884
Guidance Strength: 4.622294902801514 -- Loss: 1.6474609375 -- Score Func: 0.2163427621126175
Performing Guidance at step: 15 874 0 874
Guidance Strength: 4.951343536376953 -- Loss: 1.6416015625 -- Score Func: 0.20196539163589478
Performing Guidance at step: 16 864 0 864
Guidance Strength: 4.44450044631958 -- Loss: 1.6552734375 -- Score Func: 0.2249971628189087
Performing Guidance at step: 17 853 0 853
Guidance Strength: 4.50798225402832 -- Loss: 1.6650390625 -- Score Func: 0.22182874381542206
Performing Guidance at step: 18 841 0 841
Guidance Strength: 5.676365375518799 -- Loss: 1.6728515625 -- Score Func: 0.17616906762123108
Performing Guidance at step: 19 829 0 829
Guidance Strength: 6.673357963562012 -- Loss: 1.673828125 -- Score Func: 0.14984959363937378
Performing Guidance at step: 20 817 0 817
Guidance Strength: 5.893895626068115 -- Loss: 1.662109375 -- Score Func: 0.1696670651435852
Performing Guidance at step: 21 805 0 805
Guidance Strength: 6.287166118621826 -- Loss: 1.6640625 -- Score Func: 0.15905417501926422
Performing Guidance at step: 22 792 0 792
Guidance Strength: 5.88024377822876 -- Loss: 1.6640625 -- Score Func: 0.17006097733974457
Performing Guidance at step: 23 778 0 778
Guidance Strength: 6.321645736694336 -- Loss: 1.6640625 -- Score Func: 0.1581866592168808
Performing Guidance at step: 24 764 0 764
Guidance Strength: 7.387982368469238 -- Loss: 1.6640625 -- Score Func: 0.13535495102405548
Generated video: generated_videos/wan_guidance_nt50_f17_w0c0s0/subject_consistency/a train speeding down the tracks.mp4
Generating video for prompt 2/9: a train crossing over a tall bridge
Performing Guidance at step: 2 985 0 985
Guidance Strength: 5.738369464874268 -- Loss: 1.513671875 -- Score Func: 0.1742655336856842
Performing Guidance at step: 3 978 0 978
Guidance Strength: 6.7629876136779785 -- Loss: 1.5166015625 -- Score Func: 0.14786364138126373
Performing Guidance at step: 4 971 0 971
Guidance Strength: 12.406180381774902 -- Loss: 1.515625 -- Score Func: 0.08060498535633087
Performing Guidance at step: 5 963 0 963
Guidance Strength: 5.79770565032959 -- Loss: 1.568359375 -- Score Func: 0.17248202860355377
Performing Guidance at step: 6 956 0 956
Guidance Strength: 5.318171977996826 -- Loss: 1.6318359375 -- Score Func: 0.1880345344543457
Performing Guidance at step: 7 948 0 948
Guidance Strength: 1.1819725036621094 -- Loss: 1.6171875 -- Score Func: 0.8460434079170227
Performing Guidance at step: 8 939 0 939
Guidance Strength: 2.7902538776397705 -- Loss: 1.6552734375 -- Score Func: 0.35839033126831055
Performing Guidance at step: 9 931 0 931
Guidance Strength: 4.547768592834473 -- Loss: 1.6376953125 -- Score Func: 0.21988804638385773
Performing Guidance at step: 10 922 0 922
Guidance Strength: 3.463495969772339 -- Loss: 1.6318359375 -- Score Func: 0.2887256145477295
Performing Guidance at step: 11 913 0 913
Guidance Strength: 7.602643013000488 -- Loss: 1.671875 -- Score Func: 0.1315332055091858
Performing Guidance at step: 12 904 0 904
Guidance Strength: 6.085392951965332 -- Loss: 1.669921875 -- Score Func: 0.16432791948318481
Performing Guidance at step: 13 894 0 894
Guidance Strength: 7.680874824523926 -- Loss: 1.6806640625 -- Score Func: 0.13019350171089172
Performing Guidance at step: 14 884 0 884
Guidance Strength: 6.518972396850586 -- Loss: 1.6728515625 -- Score Func: 0.15339840948581696
Performing Guidance at step: 15 874 0 874
Guidance Strength: 6.704165935516357 -- Loss: 1.6669921875 -- Score Func: 0.1491609811782837
Performing Guidance at step: 16 864 0 864
Guidance Strength: 6.101815223693848 -- Loss: 1.6669921875 -- Score Func: 0.16388565301895142
Performing Guidance at step: 17 853 0 853
Guidance Strength: 4.670464038848877 -- Loss: 1.669921875 -- Score Func: 0.21411149203777313
Performing Guidance at step: 18 841 0 841
Guidance Strength: 1.0331237316131592 -- Loss: 1.6630859375 -- Score Func: 0.967938244342804
Performing Guidance at step: 19 829 0 829
Guidance Strength: 0.3293655216693878 -- Loss: 1.6611328125 -- Score Func: 3.0361404418945312
Performing Guidance at step: 20 817 0 817
Guidance Strength: 4.373087406158447 -- Loss: 1.6650390625 -- Score Func: 0.2286713868379593
Performing Guidance at step: 21 805 0 805
Guidance Strength: 2.823134660720825 -- Loss: 1.6572265625 -- Score Func: 0.35421618819236755
Performing Guidance at step: 22 792 0 792
Guidance Strength: 5.238065242767334 -- Loss: 1.6806640625 -- Score Func: 0.1909101903438568
Performing Guidance at step: 23 778 0 778
Guidance Strength: 4.247844219207764 -- Loss: 1.685546875 -- Score Func: 0.2354135364294052
Performing Guidance at step: 24 764 0 764
Guidance Strength: 1.9876168966293335 -- Loss: 1.6865234375 -- Score Func: 0.5031150579452515
Generated video: generated_videos/wan_guidance_nt50_f17_w0c0s0/subject_consistency/a bicycle slowing down to stop.mp4
Generating video for prompt 2/9: a bicycle accelerating to gain speed
Performing Guidance at step: 2 985 0 985
Guidance Strength: 8.463883399963379 -- Loss: 1.5576171875 -- Score Func: 0.11814907193183899
Performing Guidance at step: 3 978 0 978
Guidance Strength: 7.651930809020996 -- Loss: 1.6005859375 -- Score Func: 0.1306859701871872
Performing Guidance at step: 4 971 0 971
Guidance Strength: 6.190158367156982 -- Loss: 1.6328125 -- Score Func: 0.1615467518568039
Performing Guidance at step: 5 963 0 963
Guidance Strength: 3.0141658782958984 -- Loss: 1.6005859375 -- Score Func: 0.3317667543888092
Performing Guidance at step: 6 956 0 956
Guidance Strength: 5.224196910858154 -- Loss: 1.6630859375 -- Score Func: 0.19141697883605957
Performing Guidance at step: 7 948 0 948
Guidance Strength: 4.993566989898682 -- Loss: 1.6689453125 -- Score Func: 0.20025764405727386
Performing Guidance at step: 8 939 0 939
Guidance Strength: 3.753924608230591 -- Loss: 1.6494140625 -- Score Func: 0.2663878798484802
Performing Guidance at step: 9 931 0 931
Guidance Strength: 5.615461349487305 -- Loss: 1.6669921875 -- Score Func: 0.178079754114151
Performing Guidance at step: 10 922 0 922
Guidance Strength: 2.392289400100708 -- Loss: 1.6533203125 -- Score Func: 0.4180096387863159
Performing Guidance at step: 11 913 0 913
Guidance Strength: 4.2938714027404785 -- Loss: 1.669921875 -- Score Func: 0.2328900694847107
Performing Guidance at step: 12 904 0 904
Guidance Strength: 5.773355007171631 -- Loss: 1.6787109375 -- Score Func: 0.1732095181941986
Performing Guidance at step: 13 894 0 894
Guidance Strength: 4.469372749328613 -- Loss: 1.666015625 -- Score Func: 0.22374503314495087
Performing Guidance at step: 14 884 0 884
Guidance Strength: 3.814530849456787 -- Loss: 1.671875 -- Score Func: 0.2621554434299469
Performing Guidance at step: 15 874 0 874
Guidance Strength: 4.2662272453308105 -- Loss: 1.6728515625 -- Score Func: 0.23439913988113403
Performing Guidance at step: 16 864 0 864
Guidance Strength: 7.293816089630127 -- Loss: 1.681640625 -- Score Func: 0.13710243999958038
Performing Guidance at step: 17 853 0 853
Guidance Strength: 4.355154037475586 -- Loss: 1.6826171875 -- Score Func: 0.22961300611495972
Performing Guidance at step: 18 841 0 841
Guidance Strength: 8.363422393798828 -- Loss: 1.685546875 -- Score Func: 0.11956828087568283
Performing Guidance at step: 19 829 0 829
Guidance Strength: 6.836802005767822 -- Loss: 1.6787109375 -- Score Func: 0.14626722037792206
Performing Guidance at step: 20 817 0 817
Guidance Strength: 8.219385147094727 -- Loss: 1.6787109375 -- Score Func: 0.12166360020637512
Performing Guidance at step: 21 805 0 805
Guidance Strength: 11.844680786132812 -- Loss: 1.6767578125 -- Score Func: 0.08442608267068863
Performing Guidance at step: 22 792 0 792
Guidance Strength: 6.872261047363281 -- Loss: 1.677734375 -- Score Func: 0.14551252126693726
Performing Guidance at step: 23 778 0 778
Guidance Strength: 0.45649102330207825 -- Loss: 1.6748046875 -- Score Func: 2.1906235218048096
Performing Guidance at step: 24 764 0 764
Guidance Strength: 6.783767223358154 -- Loss: 1.6748046875 -- Score Func: 0.14741072058677673
Generated video: generated_videos/wan_guidance_nt50_f17_w0c0s0/subject_consistency/a person giving a presentation to a room full of colleagues.mp4
Generating video for prompt 3/9: a person washing the dishes
Performing Guidance at step: 2 985 0 985
Guidance Strength: 7.217919826507568 -- Loss: 1.2861328125 -- Score Func: 0.13854406774044037
Performing Guidance at step: 3 978 0 978
Guidance Strength: 5.708461284637451 -- Loss: 1.373046875 -- Score Func: 0.17517855763435364
Performing Guidance at step: 4 971 0 971
Guidance Strength: 4.917698860168457 -- Loss: 1.4287109375 -- Score Func: 0.2033471316099167
Performing Guidance at step: 5 963 0 963
Guidance Strength: 5.332729339599609 -- Loss: 1.5107421875 -- Score Func: 0.18752123415470123
Performing Guidance at step: 6 956 0 956
Guidance Strength: 9.992472648620605 -- Loss: 1.568359375 -- Score Func: 0.10007532685995102
Performing Guidance at step: 7 948 0 948
Guidance Strength: 7.590092182159424 -- Loss: 1.546875 -- Score Func: 0.1317507028579712
Performing Guidance at step: 8 939 0 939
Guidance Strength: 6.3032307624816895 -- Loss: 1.5458984375 -- Score Func: 0.1586488038301468
Performing Guidance at step: 9 931 0 931
Guidance Strength: 11.419977188110352 -- Loss: 1.556640625 -- Score Func: 0.0875658467411995
Performing Guidance at step: 10 922 0 922
Guidance Strength: 11.13145923614502 -- Loss: 1.568359375 -- Score Func: 0.08983547985553741
Performing Guidance at step: 11 913 0 913
Guidance Strength: 10.458480834960938 -- Loss: 1.568359375 -- Score Func: 0.0956161841750145
Performing Guidance at step: 12 904 0 904
Guidance Strength: 13.523292541503906 -- Loss: 1.5712890625 -- Score Func: 0.07394649088382721
Performing Guidance at step: 13 894 0 894
Guidance Strength: 9.9716796875 -- Loss: 1.5615234375 -- Score Func: 0.10028401017189026
Performing Guidance at step: 14 884 0 884
Guidance Strength: 12.925827026367188 -- Loss: 1.5654296875 -- Score Func: 0.0773644894361496
Performing Guidance at step: 15 874 0 874
Guidance Strength: 10.747587203979492 -- Loss: 1.5732421875 -- Score Func: 0.09304413944482803
Performing Guidance at step: 16 864 0 864
Guidance Strength: 9.876752853393555 -- Loss: 1.578125 -- Score Func: 0.10124784708023071
Performing Guidance at step: 17 853 0 853
Guidance Strength: 3.2137234210968018 -- Loss: 1.578125 -- Score Func: 0.31116554141044617
Performing Guidance at step: 18 841 0 841
Guidance Strength: 2.8036134243011475 -- Loss: 1.572265625 -- Score Func: 0.35668256878852844
Performing Guidance at step: 19 829 0 829
Guidance Strength: 0.6401371955871582 -- Loss: 1.564453125 -- Score Func: 1.5621651411056519
Performing Guidance at step: 20 817 0 817
Guidance Strength: 6.948112964630127 -- Loss: 1.5654296875 -- Score Func: 0.14392396807670593
Performing Guidance at step: 21 805 0 805
Guidance Strength: 0.6264841556549072 -- Loss: 1.552734375 -- Score Func: 1.5962095260620117
Performing Guidance at step: 22 792 0 792
Guidance Strength: 5.535360813140869 -- Loss: 1.5615234375 -- Score Func: 0.18065670132637024
Performing Guidance at step: 23 778 0 778
Guidance Strength: 9.846731185913086 -- Loss: 1.560546875 -- Score Func: 0.10155654698610306
Performing Guidance at step: 24 764 0 764
Guidance Strength: 9.169486999511719 -- Loss: 1.5595703125 -- Score Func: 0.10905735194683075
Generated video: generated_videos/wan_guidance_nt50_f17_w0c0s0/subject_consistency/a boat accelerating to gain speed.mp4
Generating video for prompt 3/9: a bird soaring gracefully in the sky
Performing Guidance at step: 2 985 0 985
Guidance Strength: 10.47285270690918 -- Loss: 1.474609375 -- Score Func: 0.09548496454954147
Performing Guidance at step: 3 978 0 978
Guidance Strength: 9.713211059570312 -- Loss: 1.5 -- Score Func: 0.10295256227254868
Performing Guidance at step: 4 971 0 971
Guidance Strength: 6.957639694213867 -- Loss: 1.4990234375 -- Score Func: 0.1437269002199173
Performing Guidance at step: 5 963 0 963
Guidance Strength: 4.319730281829834 -- Loss: 1.599609375 -- Score Func: 0.2314959466457367
Performing Guidance at step: 6 956 0 956
Guidance Strength: 6.050100326538086 -- Loss: 1.5361328125 -- Score Func: 0.16528651118278503
Performing Guidance at step: 7 948 0 948
Guidance Strength: 8.383720397949219 -- Loss: 1.6044921875 -- Score Func: 0.11927878111600876
Performing Guidance at step: 8 939 0 939
Guidance Strength: 2.1192708015441895 -- Loss: 1.560546875 -- Score Func: 0.47186043858528137
Performing Guidance at step: 9 931 0 931
Guidance Strength: 8.638862609863281 -- Loss: 1.5712890625 -- Score Func: 0.11575597524642944
Performing Guidance at step: 10 922 0 922
Guidance Strength: 7.437595844268799 -- Loss: 1.5732421875 -- Score Func: 0.13445204496383667
Performing Guidance at step: 11 913 0 913
Guidance Strength: 5.788971424102783 -- Loss: 1.5712890625 -- Score Func: 0.17274226248264313
Performing Guidance at step: 12 904 0 904
Guidance Strength: 8.33973503112793 -- Loss: 1.578125 -- Score Func: 0.11990788578987122
Performing Guidance at step: 13 894 0 894
Guidance Strength: 4.3209099769592285 -- Loss: 1.583984375 -- Score Func: 0.2314327359199524
Performing Guidance at step: 14 884 0 884
Guidance Strength: 4.306952953338623 -- Loss: 1.6240234375 -- Score Func: 0.23218269646167755
Performing Guidance at step: 15 874 0 874
Guidance Strength: 1.9127031564712524 -- Loss: 1.6318359375 -- Score Func: 0.5228202939033508
Performing Guidance at step: 16 864 0 864
Guidance Strength: 1.7412492036819458 -- Loss: 1.623046875 -- Score Func: 0.5743003487586975
Performing Guidance at step: 17 853 0 853
Guidance Strength: 2.740410089492798 -- Loss: 1.580078125 -- Score Func: 0.3649088740348816
Performing Guidance at step: 18 841 0 841
Guidance Strength: 1.6340488195419312 -- Loss: 1.5791015625 -- Score Func: 0.6119768023490906
Performing Guidance at step: 19 829 0 829
Guidance Strength: 4.245452404022217 -- Loss: 1.583984375 -- Score Func: 0.23554615676403046
Performing Guidance at step: 20 817 0 817
Guidance Strength: 3.82568359375 -- Loss: 1.5830078125 -- Score Func: 0.26139119267463684
Performing Guidance at step: 21 805 0 805
Guidance Strength: 0.5260712504386902 -- Loss: 1.5791015625 -- Score Func: 1.9008831977844238
Performing Guidance at step: 22 792 0 792
Guidance Strength: 4.105845928192139 -- Loss: 1.5947265625 -- Score Func: 0.24355517327785492
Performing Guidance at step: 23 778 0 778
Guidance Strength: 3.879509449005127 -- Loss: 1.580078125 -- Score Func: 0.2577645480632782
Performing Guidance at step: 24 764 0 764
Guidance Strength: 1.202008605003357 -- Loss: 1.5966796875 -- Score Func: 0.831940770149231
Generated video: generated_videos/wan_guidance_nt50_f17_w0c0s0/subject_consistency/a bear climbing a tree.mp4
Generating video for prompt 3/9: a bear hunting for prey
Performing Guidance at step: 2 985 0 985
Guidance Strength: 15.420050621032715 -- Loss: 1.568359375 -- Score Func: 0.06485062837600708
Performing Guidance at step: 3 978 0 978
Guidance Strength: 9.502243995666504 -- Loss: 1.5576171875 -- Score Func: 0.10523830354213715
Performing Guidance at step: 4 971 0 971
Guidance Strength: 1.320403814315796 -- Loss: 1.576171875 -- Score Func: 0.7573440670967102
Performing Guidance at step: 5 963 0 963
Guidance Strength: 3.665369987487793 -- Loss: 1.671875 -- Score Func: 0.2728237509727478
Performing Guidance at step: 6 956 0 956
Guidance Strength: 4.253977298736572 -- Loss: 1.666015625 -- Score Func: 0.23507411777973175
Performing Guidance at step: 7 948 0 948
Guidance Strength: 4.932097911834717 -- Loss: 1.669921875 -- Score Func: 0.202753484249115
Performing Guidance at step: 8 939 0 939
Guidance Strength: 5.793321132659912 -- Loss: 1.673828125 -- Score Func: 0.17261256277561188
Performing Guidance at step: 9 931 0 931
Guidance Strength: 7.134008884429932 -- Loss: 1.6640625 -- Score Func: 0.14017364382743835
Performing Guidance at step: 10 922 0 922
Guidance Strength: 8.476520538330078 -- Loss: 1.6806640625 -- Score Func: 0.11797293275594711
Performing Guidance at step: 11 913 0 913
Guidance Strength: 5.090708255767822 -- Loss: 1.65625 -- Score Func: 0.1964363157749176
Performing Guidance at step: 12 904 0 904
Guidance Strength: 4.051626682281494 -- Loss: 1.642578125 -- Score Func: 0.24681444466114044
Performing Guidance at step: 13 894 0 894
Guidance Strength: 4.186870574951172 -- Loss: 1.6435546875 -- Score Func: 0.23884187638759613
Performing Guidance at step: 14 884 0 884
Guidance Strength: 1.8068201541900635 -- Loss: 1.6591796875 -- Score Func: 0.5534585118293762
Performing Guidance at step: 15 874 0 874
Guidance Strength: 3.383498191833496 -- Loss: 1.658203125 -- Score Func: 0.2955521047115326
Performing Guidance at step: 16 864 0 864
Guidance Strength: 3.685267686843872 -- Loss: 1.671875 -- Score Func: 0.2713507115840912
Performing Guidance at step: 17 853 0 853
Guidance Strength: 4.2049078941345215 -- Loss: 1.669921875 -- Score Func: 0.23781734704971313
Performing Guidance at step: 18 841 0 841
Guidance Strength: 6.657506942749023 -- Loss: 1.671875 -- Score Func: 0.15020637214183807
Performing Guidance at step: 19 829 0 829
Guidance Strength: 7.82505464553833 -- Loss: 1.6650390625 -- Score Func: 0.12779463827610016
Performing Guidance at step: 20 817 0 817
Guidance Strength: 3.0038981437683105 -- Loss: 1.6611328125 -- Score Func: 0.3329007625579834
Performing Guidance at step: 21 805 0 805
Guidance Strength: 6.989077568054199 -- Loss: 1.669921875 -- Score Func: 0.14308039844036102
Performing Guidance at step: 22 792 0 792
Guidance Strength: 5.824735641479492 -- Loss: 1.6552734375 -- Score Func: 0.17168161273002625
Performing Guidance at step: 23 778 0 778
Guidance Strength: 6.825485706329346 -- Loss: 1.6552734375 -- Score Func: 0.14650972187519073
Performing Guidance at step: 24 764 0 764
Guidance Strength: 9.343716621398926 -- Loss: 1.6455078125 -- Score Func: 0.10702379047870636
Generated video: generated_videos/wan_guidance_nt50_f17_w0c0s0/subject_consistency/a motorcycle accelerating to gain speed.mp4
Generating video for prompt 3/9: an airplane soaring through a clear blue sky
Performing Guidance at step: 2 985 0 985
Guidance Strength: 5.877201080322266 -- Loss: 1.5087890625 -- Score Func: 0.17014901340007782
Performing Guidance at step: 3 978 0 978
Guidance Strength: 9.340904235839844 -- Loss: 1.484375 -- Score Func: 0.10705601423978806
Performing Guidance at step: 4 971 0 971
Guidance Strength: 4.562955856323242 -- Loss: 1.478515625 -- Score Func: 0.2191561758518219
Performing Guidance at step: 5 963 0 963
Guidance Strength: 7.572907447814941 -- Loss: 1.4423828125 -- Score Func: 0.13204967975616455
Performing Guidance at step: 6 956 0 956
Guidance Strength: 2.780003070831299 -- Loss: 1.5732421875 -- Score Func: 0.35971182584762573
Performing Guidance at step: 7 948 0 948
Guidance Strength: 7.77402400970459 -- Loss: 1.5234375 -- Score Func: 0.128633514046669
Performing Guidance at step: 8 939 0 939
Guidance Strength: 5.2164835929870605 -- Loss: 1.5205078125 -- Score Func: 0.1917000114917755
Performing Guidance at step: 9 931 0 931
Guidance Strength: 5.778356075286865 -- Loss: 1.5166015625 -- Score Func: 0.1730595976114273
Performing Guidance at step: 10 922 0 922
Guidance Strength: 3.724616765975952 -- Loss: 1.5537109375 -- Score Func: 0.2684839963912964
Performing Guidance at step: 11 913 0 913
Guidance Strength: 8.34312915802002 -- Loss: 1.580078125 -- Score Func: 0.11985909938812256
Performing Guidance at step: 12 904 0 904
Guidance Strength: 3.7769670486450195 -- Loss: 1.6015625 -- Score Func: 0.2647626996040344
Performing Guidance at step: 13 894 0 894
Guidance Strength: 3.9839675426483154 -- Loss: 1.6064453125 -- Score Func: 0.2510060667991638
Performing Guidance at step: 14 884 0 884
Guidance Strength: 3.943648099899292 -- Loss: 1.5908203125 -- Score Func: 0.2535723149776459
Performing Guidance at step: 15 874 0 874
Guidance Strength: 2.519484519958496 -- Loss: 1.6552734375 -- Score Func: 0.3969065845012665
Performing Guidance at step: 16 864 0 864
Guidance Strength: 1.358999490737915 -- Loss: 1.6064453125 -- Score Func: 0.7358354330062866
Performing Guidance at step: 17 853 0 853
Guidance Strength: 2.56857967376709 -- Loss: 1.6318359375 -- Score Func: 0.3893202245235443
Performing Guidance at step: 18 841 0 841
Guidance Strength: 2.034114360809326 -- Loss: 1.583984375 -- Score Func: 0.4916144609451294
Performing Guidance at step: 19 829 0 829
Guidance Strength: 0.9815424084663391 -- Loss: 1.5732421875 -- Score Func: 1.018804669380188
Performing Guidance at step: 20 817 0 817
Guidance Strength: 1.283830165863037 -- Loss: 1.59375 -- Score Func: 0.7789192199707031
Performing Guidance at step: 21 805 0 805
Guidance Strength: 2.6167824268341064 -- Loss: 1.5830078125 -- Score Func: 0.38214871287345886
Performing Guidance at step: 22 792 0 792
Guidance Strength: 1.8892292976379395 -- Loss: 1.587890625 -- Score Func: 0.5293163657188416
Performing Guidance at step: 23 778 0 778
Guidance Strength: 5.0387678146362305 -- Loss: 1.6005859375 -- Score Func: 0.19846121966838837
Performing Guidance at step: 24 764 0 764
Guidance Strength: 6.303698539733887 -- Loss: 1.587890625 -- Score Func: 0.15863703191280365
Generated video: generated_videos/wan_guidance_nt50_f17_w0c0s0/subject_consistency/a dog playing in park.mp4
Generating video for prompt 3/9: a dog drinking water
Performing Guidance at step: 2 985 0 985
Guidance Strength: 4.120631694793701 -- Loss: 1.5107421875 -- Score Func: 0.24268123507499695
Performing Guidance at step: 3 978 0 978
Guidance Strength: 12.121387481689453 -- Loss: 1.490234375 -- Score Func: 0.08249880373477936
Performing Guidance at step: 4 971 0 971
Guidance Strength: 15.965087890625 -- Loss: 1.5166015625 -- Score Func: 0.06263667345046997
Performing Guidance at step: 5 963 0 963
Guidance Strength: 2.5533447265625 -- Loss: 1.5263671875 -- Score Func: 0.3916431665420532
Performing Guidance at step: 6 956 0 956
Guidance Strength: 7.499526023864746 -- Loss: 1.564453125 -- Score Func: 0.13334175944328308
Performing Guidance at step: 7 948 0 948
Guidance Strength: 9.529178619384766 -- Loss: 1.576171875 -- Score Func: 0.10494083911180496
Performing Guidance at step: 8 939 0 939
Guidance Strength: 10.575823783874512 -- Loss: 1.5712890625 -- Score Func: 0.09455528110265732
Performing Guidance at step: 9 931 0 931
Guidance Strength: 5.656702995300293 -- Loss: 1.5498046875 -- Score Func: 0.17678141593933105
Performing Guidance at step: 10 922 0 922
Guidance Strength: 9.21097183227539 -- Loss: 1.541015625 -- Score Func: 0.10856617242097855
Performing Guidance at step: 11 913 0 913
Guidance Strength: 4.134288311004639 -- Loss: 1.541015625 -- Score Func: 0.24187959730625153
Performing Guidance at step: 12 904 0 904
Guidance Strength: 9.136542320251465 -- Loss: 1.552734375 -- Score Func: 0.10945059359073639
Performing Guidance at step: 13 894 0 894
Guidance Strength: 4.651906967163086 -- Loss: 1.5537109375 -- Score Func: 0.2149655967950821
Performing Guidance at step: 14 884 0 884
Guidance Strength: 1.2478042840957642 -- Loss: 1.5556640625 -- Score Func: 0.8014077544212341
Performing Guidance at step: 15 874 0 874
Guidance Strength: 7.374845027923584 -- Loss: 1.5693359375 -- Score Func: 0.13559606671333313
Performing Guidance at step: 16 864 0 864
Guidance Strength: 4.893292427062988 -- Loss: 1.578125 -- Score Func: 0.20436137914657593
Performing Guidance at step: 17 853 0 853
Guidance Strength: 4.514408588409424 -- Loss: 1.576171875 -- Score Func: 0.22151295840740204
Performing Guidance at step: 18 841 0 841
Guidance Strength: 1.20402193069458 -- Loss: 1.5625 -- Score Func: 0.8305496573448181
Performing Guidance at step: 19 829 0 829
Guidance Strength: 1.4052734375 -- Loss: 1.5908203125 -- Score Func: 0.7116053104400635
Performing Guidance at step: 20 817 0 817
Guidance Strength: 2.400038242340088 -- Loss: 1.5859375 -- Score Func: 0.41666001081466675
Performing Guidance at step: 21 805 0 805
Guidance Strength: 2.0890684127807617 -- Loss: 1.6015625 -- Score Func: 0.4786822497844696
Performing Guidance at step: 22 792 0 792
Guidance Strength: 3.0885465145111084 -- Loss: 1.6142578125 -- Score Func: 0.32377690076828003
Performing Guidance at step: 23 778 0 778
Guidance Strength: 3.9284744262695312 -- Loss: 1.623046875 -- Score Func: 0.2545517385005951
Performing Guidance at step: 24 764 0 764
Guidance Strength: 4.329195022583008 -- Loss: 1.6162109375 -- Score Func: 0.23098981380462646
Generated video: generated_videos/wan_guidance_nt50_f17_w0c0s0/subject_consistency/a sheep running to join a herd of its kind.mp4
Generating video for prompt 3/9: a cow bending down to drink water from a river
Performing Guidance at step: 2 985 0 985
Guidance Strength: 7.047771453857422 -- Loss: 1.4228515625 -- Score Func: 0.141888827085495
Performing Guidance at step: 3 978 0 978
Guidance Strength: 12.272992134094238 -- Loss: 1.462890625 -- Score Func: 0.08147972077131271
Performing Guidance at step: 4 971 0 971
Guidance Strength: 7.746856689453125 -- Loss: 1.5078125 -- Score Func: 0.12908461689949036
Performing Guidance at step: 5 963 0 963
Guidance Strength: 7.312520980834961 -- Loss: 1.5126953125 -- Score Func: 0.13675174117088318
Performing Guidance at step: 6 956 0 956
Guidance Strength: 5.129162788391113 -- Loss: 1.466796875 -- Score Func: 0.19496358931064606
Performing Guidance at step: 7 948 0 948
Guidance Strength: 3.827732563018799 -- Loss: 1.4873046875 -- Score Func: 0.2612512707710266
Performing Guidance at step: 8 939 0 939
Guidance Strength: 4.375855445861816 -- Loss: 1.5107421875 -- Score Func: 0.2285267412662506
Performing Guidance at step: 9 931 0 931
Guidance Strength: 5.790059566497803 -- Loss: 1.5263671875 -- Score Func: 0.17270979285240173
Performing Guidance at step: 10 922 0 922
Guidance Strength: 3.795865774154663 -- Loss: 1.5380859375 -- Score Func: 0.2634445130825043
Performing Guidance at step: 11 913 0 913
Guidance Strength: 3.0637195110321045 -- Loss: 1.5458984375 -- Score Func: 0.32640063762664795
Performing Guidance at step: 12 904 0 904
Guidance Strength: 4.436183929443359 -- Loss: 1.533203125 -- Score Func: 0.22541896998882294
Performing Guidance at step: 13 894 0 894
Guidance Strength: 3.670267343521118 -- Loss: 1.544921875 -- Score Func: 0.2724597156047821
Performing Guidance at step: 14 884 0 884
Guidance Strength: 1.416412591934204 -- Loss: 1.564453125 -- Score Func: 0.7060089707374573
Performing Guidance at step: 15 874 0 874
Guidance Strength: 3.420755624771118 -- Loss: 1.5556640625 -- Score Func: 0.29233306646347046
Performing Guidance at step: 16 864 0 864
Guidance Strength: 3.6104228496551514 -- Loss: 1.564453125 -- Score Func: 0.2769758701324463
Performing Guidance at step: 17 853 0 853
Guidance Strength: 6.697265625 -- Loss: 1.5556640625 -- Score Func: 0.14931467175483704
Performing Guidance at step: 18 841 0 841
Guidance Strength: 2.8982601165771484 -- Loss: 1.5625 -- Score Func: 0.3450345993041992
Performing Guidance at step: 19 829 0 829
Guidance Strength: 4.376692771911621 -- Loss: 1.5576171875 -- Score Func: 0.22848302125930786
Performing Guidance at step: 20 817 0 817
Guidance Strength: 4.974286079406738 -- Loss: 1.5615234375 -- Score Func: 0.20103387534618378
Performing Guidance at step: 21 805 0 805
Guidance Strength: 3.7683486938476562 -- Loss: 1.560546875 -- Score Func: 0.2653682231903076
Performing Guidance at step: 22 792 0 792
Guidance Strength: 3.904945135116577 -- Loss: 1.5556640625 -- Score Func: 0.2560855448246002
Performing Guidance at step: 23 778 0 778
Guidance Strength: 8.180147171020508 -- Loss: 1.560546875 -- Score Func: 0.12224718928337097
Performing Guidance at step: 24 764 0 764
Guidance Strength: 5.664609432220459 -- Loss: 1.5625 -- Score Func: 0.17653468251228333
Generated video: generated_videos/wan_guidance_nt50_f17_w0c0s0/subject_consistency/a train crossing over a tall bridge.mp4
Generating video for prompt 3/9: a train accelerating to gain speed
Performing Guidance at step: 2 985 0 985
Guidance Strength: 2.9919204711914062 -- Loss: 1.5087890625 -- Score Func: 0.33423349261283875
Performing Guidance at step: 3 978 0 978
Guidance Strength: 13.342219352722168 -- Loss: 1.5771484375 -- Score Func: 0.07495004683732986
Performing Guidance at step: 4 971 0 971
Guidance Strength: 6.798900127410889 -- Loss: 1.6123046875 -- Score Func: 0.1470826119184494
Performing Guidance at step: 5 963 0 963
Guidance Strength: 5.371626853942871 -- Loss: 1.6630859375 -- Score Func: 0.18616333603858948
Performing Guidance at step: 6 956 0 956
Guidance Strength: 4.802743911743164 -- Loss: 1.6787109375 -- Score Func: 0.20821429789066315
Performing Guidance at step: 7 948 0 948
Guidance Strength: 5.0470290184021 -- Loss: 1.732421875 -- Score Func: 0.1981363594532013
Performing Guidance at step: 8 939 0 939
Guidance Strength: 5.589415073394775 -- Loss: 1.7080078125 -- Score Func: 0.17890959978103638
Performing Guidance at step: 9 931 0 931
Guidance Strength: 5.071141242980957 -- Loss: 1.689453125 -- Score Func: 0.19719426333904266
Performing Guidance at step: 10 922 0 922
Guidance Strength: 5.184195518493652 -- Loss: 1.697265625 -- Score Func: 0.19289396703243256
Performing Guidance at step: 11 913 0 913
Guidance Strength: 4.6422553062438965 -- Loss: 1.701171875 -- Score Func: 0.21541254222393036
Performing Guidance at step: 12 904 0 904
Guidance Strength: 5.40821647644043 -- Loss: 1.7119140625 -- Score Func: 0.1849038451910019
Performing Guidance at step: 13 894 0 894
Guidance Strength: 5.509971618652344 -- Loss: 1.701171875 -- Score Func: 0.18148913979530334
Performing Guidance at step: 14 884 0 884
Guidance Strength: 4.582363128662109 -- Loss: 1.697265625 -- Score Func: 0.21822801232337952
Performing Guidance at step: 15 874 0 874
Guidance Strength: 7.262232780456543 -- Loss: 1.6953125 -- Score Func: 0.137698695063591
Performing Guidance at step: 16 864 0 864
Guidance Strength: 5.606794357299805 -- Loss: 1.6962890625 -- Score Func: 0.17835503816604614
Performing Guidance at step: 17 853 0 853
Guidance Strength: 7.966281414031982 -- Loss: 1.7021484375 -- Score Func: 0.12552908062934875
Performing Guidance at step: 18 841 0 841
Guidance Strength: 8.5481538772583 -- Loss: 1.697265625 -- Score Func: 0.11698432266712189
Performing Guidance at step: 19 829 0 829
Guidance Strength: 9.734410285949707 -- Loss: 1.6875 -- Score Func: 0.10272835940122604
Performing Guidance at step: 20 817 0 817
Guidance Strength: 6.487699031829834 -- Loss: 1.6943359375 -- Score Func: 0.15413784980773926
Performing Guidance at step: 21 805 0 805
Guidance Strength: 7.289849758148193 -- Loss: 1.6923828125 -- Score Func: 0.13717703521251678
Performing Guidance at step: 22 792 0 792
Guidance Strength: 10.481489181518555 -- Loss: 1.6923828125 -- Score Func: 0.09540629386901855
Performing Guidance at step: 23 778 0 778
Guidance Strength: 7.376182556152344 -- Loss: 1.6884765625 -- Score Func: 0.13557147979736328
Performing Guidance at step: 24 764 0 764
Guidance Strength: 7.75882625579834 -- Loss: 1.685546875 -- Score Func: 0.12888547778129578
Generated video: generated_videos/wan_guidance_nt50_f17_w0c0s0/subject_consistency/a bicycle accelerating to gain speed.mp4
Generating video for prompt 3/9: a car stuck in traffic during rush hour
Performing Guidance at step: 2 985 0 985
Guidance Strength: 7.897619724273682 -- Loss: 1.470703125 -- Score Func: 0.12662042677402496
Performing Guidance at step: 3 978 0 978
Guidance Strength: 6.763829708099365 -- Loss: 1.498046875 -- Score Func: 0.14784523844718933
Performing Guidance at step: 4 971 0 971
Guidance Strength: 10.742239952087402 -- Loss: 1.5595703125 -- Score Func: 0.09309045225381851
Performing Guidance at step: 5 963 0 963
Guidance Strength: 6.124135971069336 -- Loss: 1.5732421875 -- Score Func: 0.16328833997249603
Performing Guidance at step: 6 956 0 956
Guidance Strength: 10.234253883361816 -- Loss: 1.6103515625 -- Score Func: 0.09771107882261276
Performing Guidance at step: 7 948 0 948
Guidance Strength: 8.825944900512695 -- Loss: 1.611328125 -- Score Func: 0.1133023202419281
Performing Guidance at step: 8 939 0 939
Guidance Strength: 13.333139419555664 -- Loss: 1.6220703125 -- Score Func: 0.07500109076499939
Performing Guidance at step: 9 931 0 931
Guidance Strength: 20.293033599853516 -- Loss: 1.6240234375 -- Score Func: 0.04927799478173256
Performing Guidance at step: 10 922 0 922
Guidance Strength: 0.8244178295135498 -- Loss: 1.6162109375 -- Score Func: 1.2129771709442139
Performing Guidance at step: 11 913 0 913
Guidance Strength: 5.179939270019531 -- Loss: 1.6171875 -- Score Func: 0.19305245578289032
Performing Guidance at step: 12 904 0 904
Guidance Strength: 18.26732635498047 -- Loss: 1.611328125 -- Score Func: 0.05474254861474037
Performing Guidance at step: 13 894 0 894
Guidance Strength: 17.61895751953125 -- Loss: 1.619140625 -- Score Func: 0.05675704404711723
Performing Guidance at step: 14 884 0 884
Guidance Strength: 18.94094467163086 -- Loss: 1.6181640625 -- Score Func: 0.05279567465186119
Performing Guidance at step: 15 874 0 874
Guidance Strength: 5.60870361328125 -- Loss: 1.6142578125 -- Score Func: 0.1782943159341812
Performing Guidance at step: 16 864 0 864
Guidance Strength: 17.225135803222656 -- Loss: 1.6201171875 -- Score Func: 0.05805469676852226
Performing Guidance at step: 17 853 0 853
Guidance Strength: 15.94904613494873 -- Loss: 1.6142578125 -- Score Func: 0.06269967555999756
Performing Guidance at step: 18 841 0 841
Guidance Strength: 17.389062881469727 -- Loss: 1.6171875 -- Score Func: 0.05750741437077522
Performing Guidance at step: 19 829 0 829
Guidance Strength: 27.94744110107422 -- Loss: 1.6181640625 -- Score Func: 0.03578145056962967
Performing Guidance at step: 20 817 0 817
Guidance Strength: 25.99789810180664 -- Loss: 1.615234375 -- Score Func: 0.03846464678645134
Performing Guidance at step: 21 805 0 805
Guidance Strength: 25.783573150634766 -- Loss: 1.6220703125 -- Score Func: 0.03878438472747803
Performing Guidance at step: 22 792 0 792
Guidance Strength: 19.105510711669922 -- Loss: 1.6162109375 -- Score Func: 0.05234092101454735
Performing Guidance at step: 23 778 0 778
Guidance Strength: 2.086947202682495 -- Loss: 1.6162109375 -- Score Func: 0.4791688323020935
Performing Guidance at step: 24 764 0 764
Guidance Strength: 26.34330940246582 -- Loss: 1.6220703125 -- Score Func: 0.03796030208468437
Generated video: generated_videos/wan_guidance_nt50_f17_w0c0s0/subject_consistency/a bird soaring gracefully in the sky.mp4
Generating video for prompt 4/9: a bird building a nest from twigs and leaves
Performing Guidance at step: 2 985 0 985
Guidance Strength: 14.818982124328613 -- Loss: 1.529296875 -- Score Func: 0.06748101860284805
Performing Guidance at step: 3 978 0 978
Guidance Strength: 11.530601501464844 -- Loss: 1.4736328125 -- Score Func: 0.08672574162483215
Performing Guidance at step: 4 971 0 971
Guidance Strength: 1.206788182258606 -- Loss: 1.501953125 -- Score Func: 0.8286458253860474
Performing Guidance at step: 5 963 0 963
Guidance Strength: 3.6083106994628906 -- Loss: 1.4775390625 -- Score Func: 0.27713799476623535
Performing Guidance at step: 6 956 0 956
Guidance Strength: 4.331207275390625 -- Loss: 1.5126953125 -- Score Func: 0.23088251054286957
Performing Guidance at step: 7 948 0 948
Guidance Strength: 3.497129440307617 -- Loss: 1.5341796875 -- Score Func: 0.28594881296157837
Performing Guidance at step: 8 939 0 939
Guidance Strength: 2.2672810554504395 -- Loss: 1.5673828125 -- Score Func: 0.44105690717697144
Performing Guidance at step: 9 931 0 931
Guidance Strength: 3.725830316543579 -- Loss: 1.623046875 -- Score Func: 0.2683965563774109
Performing Guidance at step: 10 922 0 922
Guidance Strength: 2.8435142040252686 -- Loss: 1.6181640625 -- Score Func: 0.3516775071620941
Performing Guidance at step: 11 913 0 913
Guidance Strength: 1.7063740491867065 -- Loss: 1.6298828125 -- Score Func: 0.5860379934310913
Performing Guidance at step: 12 904 0 904
Guidance Strength: 1.751339316368103 -- Loss: 1.650390625 -- Score Func: 0.570991575717926
Performing Guidance at step: 13 894 0 894
Guidance Strength: 1.0296196937561035 -- Loss: 1.646484375 -- Score Func: 0.9712324142456055
Performing Guidance at step: 14 884 0 884
Guidance Strength: 2.4604392051696777 -- Loss: 1.6337890625 -- Score Func: 0.40643149614334106
Performing Guidance at step: 15 874 0 874
Guidance Strength: 0.9706712365150452 -- Loss: 1.603515625 -- Score Func: 1.0302149057388306
Performing Guidance at step: 16 864 0 864
Guidance Strength: 1.7933796644210815 -- Loss: 1.5966796875 -- Score Func: 0.5576063990592957
Performing Guidance at step: 17 853 0 853
Guidance Strength: 2.3575780391693115 -- Loss: 1.6015625 -- Score Func: 0.4241641163825989
Performing Guidance at step: 18 841 0 841
Guidance Strength: 2.316931962966919 -- Loss: 1.6044921875 -- Score Func: 0.4316052496433258
Performing Guidance at step: 19 829 0 829
Guidance Strength: 1.9986706972122192 -- Loss: 1.615234375 -- Score Func: 0.5003325343132019
Performing Guidance at step: 20 817 0 817
Guidance Strength: 2.972639560699463 -- Loss: 1.607421875 -- Score Func: 0.3364013731479645
Performing Guidance at step: 21 805 0 805
Guidance Strength: 0.7036758661270142 -- Loss: 1.6044921875 -- Score Func: 1.4211088418960571
Performing Guidance at step: 22 792 0 792
Guidance Strength: 3.036201000213623 -- Loss: 1.599609375 -- Score Func: 0.3293589651584625
Performing Guidance at step: 23 778 0 778
Guidance Strength: 2.9582159519195557 -- Loss: 1.5888671875 -- Score Func: 0.3380415737628937
Performing Guidance at step: 24 764 0 764
Guidance Strength: 3.3805794715881348 -- Loss: 1.5888671875 -- Score Func: 0.29580727219581604
Generated video: generated_videos/wan_guidance_nt50_f17_w0c0s0/subject_consistency/a person washing the dishes.mp4
Generating video for prompt 4/9: a person eating a burger
Performing Guidance at step: 2 985 0 985
Guidance Strength: 1.663325548171997 -- Loss: 1.560546875 -- Score Func: 0.6012052297592163
Performing Guidance at step: 3 978 0 978
Guidance Strength: 15.242901802062988 -- Loss: 1.525390625 -- Score Func: 0.0656043067574501
Performing Guidance at step: 4 971 0 971
Guidance Strength: 6.503597736358643 -- Loss: 1.451171875 -- Score Func: 0.15376104414463043
Performing Guidance at step: 5 963 0 963
Guidance Strength: 5.728416442871094 -- Loss: 1.4560546875 -- Score Func: 0.174568310379982
Performing Guidance at step: 6 956 0 956
Guidance Strength: 7.267086505889893 -- Loss: 1.443359375 -- Score Func: 0.13760672509670258
Performing Guidance at step: 7 948 0 948
Guidance Strength: 1.4354976415634155 -- Loss: 1.458984375 -- Score Func: 0.6966225504875183
Performing Guidance at step: 8 939 0 939
Guidance Strength: 4.601455211639404 -- Loss: 1.5244140625 -- Score Func: 0.21732255816459656
Performing Guidance at step: 9 931 0 931
Guidance Strength: 5.170288562774658 -- Loss: 1.5302734375 -- Score Func: 0.19341279566287994
Performing Guidance at step: 10 922 0 922
Guidance Strength: 5.253101825714111 -- Loss: 1.5224609375 -- Score Func: 0.19036372005939484
Performing Guidance at step: 11 913 0 913
Guidance Strength: 4.744644641876221 -- Loss: 1.556640625 -- Score Func: 0.21076393127441406
Performing Guidance at step: 12 904 0 904
Guidance Strength: 5.04036808013916 -- Loss: 1.572265625 -- Score Func: 0.19839820265769958
Performing Guidance at step: 13 894 0 894
Guidance Strength: 6.905801296234131 -- Loss: 1.5693359375 -- Score Func: 0.14480578899383545
Performing Guidance at step: 14 884 0 884
Guidance Strength: 5.958217144012451 -- Loss: 1.583984375 -- Score Func: 0.16783544421195984
Performing Guidance at step: 15 874 0 874
Guidance Strength: 3.4435017108917236 -- Loss: 1.615234375 -- Score Func: 0.29040205478668213
Performing Guidance at step: 16 864 0 864
Guidance Strength: 2.7687807083129883 -- Loss: 1.6162109375 -- Score Func: 0.36116981506347656
Performing Guidance at step: 17 853 0 853
Guidance Strength: 8.33746337890625 -- Loss: 1.6025390625 -- Score Func: 0.11994055658578873
Performing Guidance at step: 18 841 0 841
Guidance Strength: 0.4624815583229065 -- Loss: 1.6015625 -- Score Func: 2.162248373031616
Performing Guidance at step: 19 829 0 829
Guidance Strength: 2.004852771759033 -- Loss: 1.6015625 -- Score Func: 0.4987897574901581
Performing Guidance at step: 20 817 0 817
Guidance Strength: 3.517040967941284 -- Loss: 1.5966796875 -- Score Func: 0.28432992100715637
Performing Guidance at step: 21 805 0 805
Guidance Strength: 5.437532901763916 -- Loss: 1.595703125 -- Score Func: 0.1839069277048111
Performing Guidance at step: 22 792 0 792
Guidance Strength: 3.6786694526672363 -- Loss: 1.5859375 -- Score Func: 0.27183741331100464
Performing Guidance at step: 23 778 0 778
Guidance Strength: 4.811878681182861 -- Loss: 1.591796875 -- Score Func: 0.20781902968883514
Performing Guidance at step: 24 764 0 764
Guidance Strength: 4.342013835906982 -- Loss: 1.59375 -- Score Func: 0.23030787706375122
Generated video: generated_videos/wan_guidance_nt50_f17_w0c0s0/subject_consistency/a bear hunting for prey.mp4
Generating video for prompt 4/9: a zebra bending down to drink water from a river
Performing Guidance at step: 2 985 0 985
Guidance Strength: 9.766825675964355 -- Loss: 1.421875 -- Score Func: 0.10238741338253021
Performing Guidance at step: 3 978 0 978
Guidance Strength: 5.096479415893555 -- Loss: 1.4775390625 -- Score Func: 0.19621387124061584
Performing Guidance at step: 4 971 0 971
Guidance Strength: 4.440624713897705 -- Loss: 1.4716796875 -- Score Func: 0.22519353032112122
Performing Guidance at step: 5 963 0 963
Guidance Strength: 5.2020263671875 -- Loss: 1.453125 -- Score Func: 0.19223278760910034
Performing Guidance at step: 6 956 0 956
Guidance Strength: 5.535180568695068 -- Loss: 1.474609375 -- Score Func: 0.18066257238388062
Performing Guidance at step: 7 948 0 948
Guidance Strength: 7.990124702453613 -- Loss: 1.470703125 -- Score Func: 0.1251544952392578
Performing Guidance at step: 8 939 0 939
Guidance Strength: 3.1942358016967773 -- Loss: 1.4609375 -- Score Func: 0.31306391954421997
Performing Guidance at step: 9 931 0 931
Guidance Strength: 4.836380958557129 -- Loss: 1.474609375 -- Score Func: 0.20676617324352264
Performing Guidance at step: 10 922 0 922
Guidance Strength: 8.734503746032715 -- Loss: 1.470703125 -- Score Func: 0.11448846757411957
Performing Guidance at step: 11 913 0 913
Guidance Strength: 0.7261014580726624 -- Loss: 1.4619140625 -- Score Func: 1.3772180080413818
Performing Guidance at step: 12 904 0 904
Guidance Strength: 3.102332353591919 -- Loss: 1.427734375 -- Score Func: 0.32233813405036926
Performing Guidance at step: 13 894 0 894
Guidance Strength: 5.184521198272705 -- Loss: 1.451171875 -- Score Func: 0.19288183748722076
Performing Guidance at step: 14 884 0 884
Guidance Strength: 5.402951240539551 -- Loss: 1.4755859375 -- Score Func: 0.1850840300321579
Performing Guidance at step: 15 874 0 874
Guidance Strength: 3.546809196472168 -- Loss: 1.5009765625 -- Score Func: 0.28194355964660645
Performing Guidance at step: 16 864 0 864
Guidance Strength: 5.900085926055908 -- Loss: 1.5 -- Score Func: 0.1694890558719635
Performing Guidance at step: 17 853 0 853
Guidance Strength: 3.7999653816223145 -- Loss: 1.4931640625 -- Score Func: 0.2631602883338928
Performing Guidance at step: 18 841 0 841
Guidance Strength: 8.540011405944824 -- Loss: 1.490234375 -- Score Func: 0.11709586530923843
Performing Guidance at step: 19 829 0 829
Guidance Strength: 11.246201515197754 -- Loss: 1.5048828125 -- Score Func: 0.08891890943050385
Performing Guidance at step: 20 817 0 817
Guidance Strength: 7.297781467437744 -- Loss: 1.5068359375 -- Score Func: 0.13702794909477234
Performing Guidance at step: 21 805 0 805
Guidance Strength: 2.6365251541137695 -- Loss: 1.5 -- Score Func: 0.37928709387779236
Performing Guidance at step: 22 792 0 792
Guidance Strength: 4.94666862487793 -- Loss: 1.5068359375 -- Score Func: 0.20215624570846558
Performing Guidance at step: 23 778 0 778
Guidance Strength: 2.6568243503570557 -- Loss: 1.5185546875 -- Score Func: 0.37638920545578003
Performing Guidance at step: 24 764 0 764
Guidance Strength: 8.079197883605957 -- Loss: 1.517578125 -- Score Func: 0.12377467006444931
Generated video: generated_videos/wan_guidance_nt50_f17_w0c0s0/subject_consistency/an airplane soaring through a clear blue sky.mp4
Generating video for prompt 4/9: an airplane taking off
Performing Guidance at step: 2 985 0 985
Guidance Strength: 6.659131050109863 -- Loss: 1.4296875 -- Score Func: 0.1501697450876236
Performing Guidance at step: 3 978 0 978
Guidance Strength: 4.061751365661621 -- Loss: 1.470703125 -- Score Func: 0.24619922041893005
Performing Guidance at step: 4 971 0 971
Guidance Strength: 6.753849506378174 -- Loss: 1.537109375 -- Score Func: 0.14806370437145233
Performing Guidance at step: 5 963 0 963
Guidance Strength: 0.3010881245136261 -- Loss: 1.533203125 -- Score Func: 3.321286916732788
Performing Guidance at step: 6 956 0 956
Guidance Strength: 6.480520248413086 -- Loss: 1.5693359375 -- Score Func: 0.15430860221385956
Performing Guidance at step: 7 948 0 948
Guidance Strength: 3.4877307415008545 -- Loss: 1.5888671875 -- Score Func: 0.2867193818092346
Performing Guidance at step: 8 939 0 939
Guidance Strength: 2.127026319503784 -- Loss: 1.634765625 -- Score Func: 0.47013992071151733
Performing Guidance at step: 9 931 0 931
Guidance Strength: 5.183802127838135 -- Loss: 1.732421875 -- Score Func: 0.19290859997272491
Performing Guidance at step: 10 922 0 922
Guidance Strength: 2.957908868789673 -- Loss: 1.7177734375 -- Score Func: 0.3380766808986664
Performing Guidance at step: 11 913 0 913
Guidance Strength: 7.375761032104492 -- Loss: 1.7158203125 -- Score Func: 0.13557922840118408
Performing Guidance at step: 12 904 0 904
Guidance Strength: 7.25666618347168 -- Loss: 1.712890625 -- Score Func: 0.1378043293952942
Performing Guidance at step: 13 894 0 894
Guidance Strength: 1.6460745334625244 -- Loss: 1.705078125 -- Score Func: 0.6075059175491333
Performing Guidance at step: 14 884 0 884
Guidance Strength: 5.223942756652832 -- Loss: 1.701171875 -- Score Func: 0.19142629206180573
Performing Guidance at step: 15 874 0 874
Guidance Strength: 6.219765663146973 -- Loss: 1.689453125 -- Score Func: 0.1607777625322342
Performing Guidance at step: 16 864 0 864
Guidance Strength: 7.1363725662231445 -- Loss: 1.6826171875 -- Score Func: 0.14012721180915833
Performing Guidance at step: 17 853 0 853
Guidance Strength: 7.4250617027282715 -- Loss: 1.681640625 -- Score Func: 0.13467901945114136
Performing Guidance at step: 18 841 0 841
Guidance Strength: 5.595950603485107 -- Loss: 1.6767578125 -- Score Func: 0.17870065569877625
Performing Guidance at step: 19 829 0 829
Guidance Strength: 5.187962055206299 -- Loss: 1.681640625 -- Score Func: 0.19275391101837158
Performing Guidance at step: 20 817 0 817
Guidance Strength: 2.024657964706421 -- Loss: 1.6875 -- Score Func: 0.4939105808734894
Performing Guidance at step: 21 805 0 805
Guidance Strength: 7.954187870025635 -- Loss: 1.6904296875 -- Score Func: 0.12571993470191956
Performing Guidance at step: 22 792 0 792
Guidance Strength: 5.8335981369018555 -- Loss: 1.6884765625 -- Score Func: 0.17142078280448914
Performing Guidance at step: 23 778 0 778
Guidance Strength: 7.659290313720703 -- Loss: 1.6865234375 -- Score Func: 0.13056039810180664
Performing Guidance at step: 24 764 0 764
Guidance Strength: 3.4100282192230225 -- Loss: 1.6845703125 -- Score Func: 0.29325270652770996
Generated video: generated_videos/wan_guidance_nt50_f17_w0c0s0/subject_consistency/a cow bending down to drink water from a river.mp4
Generating video for prompt 4/9: a cow chewing cud while resting in a tranquil barn
Performing Guidance at step: 2 985 0 985
Guidance Strength: 7.876757621765137 -- Loss: 1.513671875 -- Score Func: 0.1269557923078537
Performing Guidance at step: 3 978 0 978
Guidance Strength: 10.10244369506836 -- Loss: 1.515625 -- Score Func: 0.098985955119133
Performing Guidance at step: 4 971 0 971
Guidance Strength: 7.710525035858154 -- Loss: 1.455078125 -- Score Func: 0.12969285249710083
Performing Guidance at step: 5 963 0 963
Guidance Strength: 6.1968536376953125 -- Loss: 1.462890625 -- Score Func: 0.16137221455574036
Performing Guidance at step: 6 956 0 956
Guidance Strength: 2.9684689044952393 -- Loss: 1.4873046875 -- Score Func: 0.33687400817871094
Performing Guidance at step: 7 948 0 948
Guidance Strength: 6.547172546386719 -- Loss: 1.53125 -- Score Func: 0.15273769199848175
Performing Guidance at step: 8 939 0 939
Guidance Strength: 7.62922477722168 -- Loss: 1.5419921875 -- Score Func: 0.131074920296669
Performing Guidance at step: 9 931 0 931
Guidance Strength: 1.3070584535598755 -- Loss: 1.5322265625 -- Score Func: 0.765076756477356
Performing Guidance at step: 10 922 0 922
Guidance Strength: 5.235564708709717 -- Loss: 1.560546875 -- Score Func: 0.19100137054920197
Performing Guidance at step: 11 913 0 913
Guidance Strength: 0.9969103932380676 -- Loss: 1.578125 -- Score Func: 1.0030992031097412
Performing Guidance at step: 12 904 0 904
Guidance Strength: 3.005531072616577 -- Loss: 1.595703125 -- Score Func: 0.3327198922634125
Performing Guidance at step: 13 894 0 894
Guidance Strength: 8.543699264526367 -- Loss: 1.587890625 -- Score Func: 0.1170453131198883
Performing Guidance at step: 14 884 0 884
Guidance Strength: 2.551358222961426 -- Loss: 1.5830078125 -- Score Func: 0.3919481039047241
Performing Guidance at step: 15 874 0 874
Guidance Strength: 0.8555475473403931 -- Loss: 1.5947265625 -- Score Func: 1.168842077255249
Performing Guidance at step: 16 864 0 864
Guidance Strength: 5.471086025238037 -- Loss: 1.5927734375 -- Score Func: 0.18277907371520996
Performing Guidance at step: 17 853 0 853
Guidance Strength: 7.3024373054504395 -- Loss: 1.5986328125 -- Score Func: 0.1369405835866928
Performing Guidance at step: 18 841 0 841
Guidance Strength: 8.304177284240723 -- Loss: 1.599609375 -- Score Func: 0.12042132765054703
Performing Guidance at step: 19 829 0 829
Guidance Strength: 3.2702934741973877 -- Loss: 1.5986328125 -- Score Func: 0.3057829439640045
Performing Guidance at step: 20 817 0 817
Guidance Strength: 7.468263149261475 -- Loss: 1.59375 -- Score Func: 0.13389994204044342
Performing Guidance at step: 21 805 0 805
Guidance Strength: 5.289491176605225 -- Loss: 1.59375 -- Score Func: 0.18905410170555115
Performing Guidance at step: 22 792 0 792
Guidance Strength: 7.391262531280518 -- Loss: 1.591796875 -- Score Func: 0.13529488444328308
Performing Guidance at step: 23 778 0 778
Guidance Strength: 8.181051254272461 -- Loss: 1.5869140625 -- Score Func: 0.12223368138074875
Performing Guidance at step: 24 764 0 764
Guidance Strength: 6.491061210632324 -- Loss: 1.591796875 -- Score Func: 0.15405800938606262
Generated video: generated_videos/wan_guidance_nt50_f17_w0c0s0/subject_consistency/a dog drinking water.mp4
Generating video for prompt 4/9: a dog running happily
Performing Guidance at step: 2 985 0 985
Guidance Strength: 6.890542030334473 -- Loss: 1.5205078125 -- Score Func: 0.14512646198272705
Performing Guidance at step: 3 978 0 978
Guidance Strength: 10.86091423034668 -- Loss: 1.587890625 -- Score Func: 0.09207327663898468
Performing Guidance at step: 4 971 0 971
Guidance Strength: 4.101245880126953 -- Loss: 1.548828125 -- Score Func: 0.24382834136486053
Performing Guidance at step: 5 963 0 963
Guidance Strength: 7.922536849975586 -- Loss: 1.65625 -- Score Func: 0.12622219324111938
Performing Guidance at step: 6 956 0 956
Guidance Strength: 8.121156692504883 -- Loss: 1.6796875 -- Score Func: 0.12313516438007355
Performing Guidance at step: 7 948 0 948
Guidance Strength: 4.910396099090576 -- Loss: 1.669921875 -- Score Func: 0.20364955067634583
Performing Guidance at step: 8 939 0 939
Guidance Strength: 7.629385948181152 -- Loss: 1.6708984375 -- Score Func: 0.13107214868068695
Performing Guidance at step: 9 931 0 931
Guidance Strength: 6.4988112449646 -- Loss: 1.6845703125 -- Score Func: 0.15387429296970367
Performing Guidance at step: 10 922 0 922
Guidance Strength: 6.647552490234375 -- Loss: 1.6640625 -- Score Func: 0.1504313051700592
Performing Guidance at step: 11 913 0 913
Guidance Strength: 5.280311584472656 -- Loss: 1.6552734375 -- Score Func: 0.18938276171684265
Performing Guidance at step: 12 904 0 904
Guidance Strength: 3.7672533988952637 -- Loss: 1.6357421875 -- Score Func: 0.26544538140296936
Performing Guidance at step: 13 894 0 894
Guidance Strength: 9.60498332977295 -- Loss: 1.642578125 -- Score Func: 0.10411262512207031
Performing Guidance at step: 14 884 0 884
Guidance Strength: 3.454113483428955 -- Loss: 1.6298828125 -- Score Func: 0.2895098924636841
Performing Guidance at step: 15 874 0 874
Guidance Strength: 6.506453037261963 -- Loss: 1.6298828125 -- Score Func: 0.1536935716867447
Performing Guidance at step: 16 864 0 864
Guidance Strength: 5.24314022064209 -- Loss: 1.6328125 -- Score Func: 0.1907254010438919
Performing Guidance at step: 17 853 0 853
Guidance Strength: 4.714550495147705 -- Loss: 1.630859375 -- Score Func: 0.2121092975139618
Performing Guidance at step: 18 841 0 841
Guidance Strength: 5.64088249206543 -- Loss: 1.65625 -- Score Func: 0.17727722227573395
Performing Guidance at step: 19 829 0 829
Guidance Strength: 1.3605022430419922 -- Loss: 1.6728515625 -- Score Func: 0.7350226640701294
Performing Guidance at step: 20 817 0 817
Guidance Strength: 6.709181785583496 -- Loss: 1.693359375 -- Score Func: 0.14904947578907013
Performing Guidance at step: 21 805 0 805
Guidance Strength: 4.8953986167907715 -- Loss: 1.673828125 -- Score Func: 0.20427346229553223
Performing Guidance at step: 22 792 0 792
Guidance Strength: 3.9200522899627686 -- Loss: 1.671875 -- Score Func: 0.2550986409187317
Performing Guidance at step: 23 778 0 778
Guidance Strength: 6.0160722732543945 -- Loss: 1.669921875 -- Score Func: 0.16622141003608704
Performing Guidance at step: 24 764 0 764
Guidance Strength: 7.593115329742432 -- Loss: 1.6630859375 -- Score Func: 0.13169825077056885
Generated video: generated_videos/wan_guidance_nt50_f17_w0c0s0/subject_consistency/a bird building a nest from twigs and leaves.mp4
Generating video for prompt 5/9: a bird flying over a snowy forest
Performing Guidance at step: 2 985 0 985
Guidance Strength: 7.203482151031494 -- Loss: 1.482421875 -- Score Func: 0.13882175087928772
Performing Guidance at step: 3 978 0 978
Guidance Strength: 6.410049915313721 -- Loss: 1.5546875 -- Score Func: 0.15600502490997314
Performing Guidance at step: 4 971 0 971
Guidance Strength: 4.254676342010498 -- Loss: 1.646484375 -- Score Func: 0.2350355088710785
Performing Guidance at step: 5 963 0 963
Guidance Strength: 8.615546226501465 -- Loss: 1.6875 -- Score Func: 0.1160692498087883
Performing Guidance at step: 6 956 0 956
Guidance Strength: 8.738919258117676 -- Loss: 1.6884765625 -- Score Func: 0.11443062871694565
Performing Guidance at step: 7 948 0 948
Guidance Strength: 8.760979652404785 -- Loss: 1.6845703125 -- Score Func: 0.11414248496294022
Performing Guidance at step: 8 939 0 939
Guidance Strength: 11.475998878479004 -- Loss: 1.6806640625 -- Score Func: 0.08713838458061218
Performing Guidance at step: 9 931 0 931
Guidance Strength: 6.034152507781982 -- Loss: 1.6865234375 -- Score Func: 0.16572335362434387
Performing Guidance at step: 10 922 0 922
Guidance Strength: 10.42491626739502 -- Loss: 1.6796875 -- Score Func: 0.09592403471469879
Performing Guidance at step: 11 913 0 913
Guidance Strength: 11.117456436157227 -- Loss: 1.671875 -- Score Func: 0.0899486318230629
Performing Guidance at step: 12 904 0 904
Guidance Strength: 12.616656303405762 -- Loss: 1.6650390625 -- Score Func: 0.07926030457019806
Performing Guidance at step: 13 894 0 894
Guidance Strength: 6.593268871307373 -- Loss: 1.6669921875 -- Score Func: 0.15166983008384705
Performing Guidance at step: 14 884 0 884
Guidance Strength: 10.916163444519043 -- Loss: 1.6708984375 -- Score Func: 0.09160727262496948
Performing Guidance at step: 15 874 0 874
Guidance Strength: 13.084651947021484 -- Loss: 1.669921875 -- Score Func: 0.07642541825771332
Performing Guidance at step: 16 864 0 864
Guidance Strength: 6.545010089874268 -- Loss: 1.671875 -- Score Func: 0.15278814733028412
Performing Guidance at step: 17 853 0 853
Guidance Strength: 11.151277542114258 -- Loss: 1.6708984375 -- Score Func: 0.08967582136392593
Performing Guidance at step: 18 841 0 841
Guidance Strength: 9.428813934326172 -- Loss: 1.6728515625 -- Score Func: 0.10605788230895996
Performing Guidance at step: 19 829 0 829
Guidance Strength: 2.057090997695923 -- Loss: 1.6708984375 -- Score Func: 0.48612338304519653
Performing Guidance at step: 20 817 0 817
Guidance Strength: 6.330079078674316 -- Loss: 1.6669921875 -- Score Func: 0.1579759120941162
Performing Guidance at step: 21 805 0 805
Guidance Strength: 12.233531951904297 -- Loss: 1.6650390625 -- Score Func: 0.0817425400018692
Performing Guidance at step: 22 792 0 792
Guidance Strength: 8.074581146240234 -- Loss: 1.666015625 -- Score Func: 0.1238454282283783
Performing Guidance at step: 23 778 0 778
Guidance Strength: 4.157454490661621 -- Loss: 1.6650390625 -- Score Func: 0.2405318021774292
Performing Guidance at step: 24 764 0 764
Guidance Strength: 7.1491475105285645 -- Loss: 1.6640625 -- Score Func: 0.1398768126964569
Generated video: generated_videos/wan_guidance_nt50_f17_w0c0s0/subject_consistency/a person eating a burger.mp4
Generating video for prompt 5/9: a person walking in the snowstorm
Performing Guidance at step: 2 985 0 985
Guidance Strength: 8.3184814453125 -- Loss: 1.478515625 -- Score Func: 0.12021425366401672
Performing Guidance at step: 3 978 0 978
Guidance Strength: 5.755841255187988 -- Loss: 1.5576171875 -- Score Func: 0.1737365424633026
Performing Guidance at step: 4 971 0 971
Guidance Strength: 3.7868685722351074 -- Loss: 1.6103515625 -- Score Func: 0.26407042145729065
Performing Guidance at step: 5 963 0 963
Guidance Strength: 0.8149104118347168 -- Loss: 1.6142578125 -- Score Func: 1.2271287441253662
Performing Guidance at step: 6 956 0 956
Guidance Strength: 6.1994853019714355 -- Loss: 1.634765625 -- Score Func: 0.16130371391773224
Performing Guidance at step: 7 948 0 948
Guidance Strength: 3.309069871902466 -- Loss: 1.6240234375 -- Score Func: 0.30219972133636475
Performing Guidance at step: 8 939 0 939
Guidance Strength: 6.034984588623047 -- Loss: 1.6240234375 -- Score Func: 0.1657005101442337
Performing Guidance at step: 9 931 0 931
Guidance Strength: 6.454233646392822 -- Loss: 1.595703125 -- Score Func: 0.15493705868721008
Performing Guidance at step: 10 922 0 922
Guidance Strength: 5.777194499969482 -- Loss: 1.576171875 -- Score Func: 0.17309439182281494
Performing Guidance at step: 11 913 0 913
Guidance Strength: 2.433006525039673 -- Loss: 1.583984375 -- Score Func: 0.4110141098499298
Performing Guidance at step: 12 904 0 904
Guidance Strength: 6.3863420486450195 -- Loss: 1.583984375 -- Score Func: 0.15658415853977203
Performing Guidance at step: 13 894 0 894
Guidance Strength: 2.280579090118408 -- Loss: 1.6005859375 -- Score Func: 0.43848511576652527
Performing Guidance at step: 14 884 0 884
Guidance Strength: 1.2528417110443115 -- Loss: 1.5888671875 -- Score Func: 0.7981854677200317
Performing Guidance at step: 15 874 0 874
Guidance Strength: 2.802203893661499 -- Loss: 1.576171875 -- Score Func: 0.35686197876930237
Performing Guidance at step: 16 864 0 864
Guidance Strength: 6.071910381317139 -- Loss: 1.568359375 -- Score Func: 0.16469281911849976
Performing Guidance at step: 17 853 0 853
Guidance Strength: 7.015683650970459 -- Loss: 1.580078125 -- Score Func: 0.14253778755664825
Performing Guidance at step: 18 841 0 841
Guidance Strength: 7.789935111999512 -- Loss: 1.59375 -- Score Func: 0.12837077677249908
Performing Guidance at step: 19 829 0 829
Guidance Strength: 5.266658782958984 -- Loss: 1.576171875 -- Score Func: 0.18987369537353516
Performing Guidance at step: 20 817 0 817
Guidance Strength: 8.07533073425293 -- Loss: 1.560546875 -- Score Func: 0.12383393198251724
Performing Guidance at step: 21 805 0 805
Guidance Strength: 5.301546573638916 -- Loss: 1.5537109375 -- Score Func: 0.18862420320510864
Performing Guidance at step: 22 792 0 792
Guidance Strength: 9.577624320983887 -- Loss: 1.5654296875 -- Score Func: 0.10441002994775772
Performing Guidance at step: 23 778 0 778
Guidance Strength: 7.553816795349121 -- Loss: 1.564453125 -- Score Func: 0.13238340616226196
Performing Guidance at step: 24 764 0 764
Guidance Strength: 5.157577991485596 -- Loss: 1.591796875 -- Score Func: 0.19388945400714874
Generated video: generated_videos/wan_guidance_nt50_f17_w0c0s0/subject_consistency/an airplane taking off.mp4
Generating video for prompt 5/9: an airplane landing smoothly on a runway
Performing Guidance at step: 2 985 0 985
Guidance Strength: 9.545205116271973 -- Loss: 1.494140625 -- Score Func: 0.10476464033126831
Performing Guidance at step: 3 978 0 978
Guidance Strength: 9.46631908416748 -- Loss: 1.490234375 -- Score Func: 0.10563768446445465
Performing Guidance at step: 4 971 0 971
Guidance Strength: 2.7625138759613037 -- Loss: 1.5224609375 -- Score Func: 0.3619891405105591
Performing Guidance at step: 5 963 0 963
Guidance Strength: 8.741229057312012 -- Loss: 1.552734375 -- Score Func: 0.11440038681030273
Performing Guidance at step: 6 956 0 956
Guidance Strength: 1.7616612911224365 -- Loss: 1.5830078125 -- Score Func: 0.5676460266113281
Performing Guidance at step: 7 948 0 948
Guidance Strength: 3.4322192668914795 -- Loss: 1.6376953125 -- Score Func: 0.2913566827774048
Performing Guidance at step: 8 939 0 939
Guidance Strength: 4.960792064666748 -- Loss: 1.6865234375 -- Score Func: 0.2015807032585144
Performing Guidance at step: 9 931 0 931
Guidance Strength: 3.512449264526367 -- Loss: 1.6884765625 -- Score Func: 0.2847016155719757
Performing Guidance at step: 10 922 0 922
Guidance Strength: 3.621371030807495 -- Loss: 1.7236328125 -- Score Func: 0.2761385142803192
Performing Guidance at step: 11 913 0 913
Guidance Strength: 5.422179222106934 -- Loss: 1.7021484375 -- Score Func: 0.18442769348621368
Performing Guidance at step: 12 904 0 904
Guidance Strength: 2.031892776489258 -- Loss: 1.7099609375 -- Score Func: 0.49215197563171387
Performing Guidance at step: 13 894 0 894
Guidance Strength: 2.795560121536255 -- Loss: 1.7158203125 -- Score Func: 0.357710063457489
Performing Guidance at step: 14 884 0 884
Guidance Strength: 3.0855581760406494 -- Loss: 1.7109375 -- Score Func: 0.32409048080444336
Performing Guidance at step: 15 874 0 874
Guidance Strength: 2.1995975971221924 -- Loss: 1.7138671875 -- Score Func: 0.454628586769104
Performing Guidance at step: 16 864 0 864
Guidance Strength: 4.289000511169434 -- Loss: 1.6943359375 -- Score Func: 0.2331545501947403
Performing Guidance at step: 17 853 0 853
Guidance Strength: 6.054318428039551 -- Loss: 1.6943359375 -- Score Func: 0.16517135500907898
Performing Guidance at step: 18 841 0 841
Guidance Strength: 3.7747201919555664 -- Loss: 1.6923828125 -- Score Func: 0.26492029428482056
Performing Guidance at step: 19 829 0 829
Guidance Strength: 0.8113723993301392 -- Loss: 1.6884765625 -- Score Func: 1.2324796915054321
Performing Guidance at step: 20 817 0 817
Guidance Strength: 4.329640865325928 -- Loss: 1.6962890625 -- Score Func: 0.23096604645252228
Performing Guidance at step: 21 805 0 805
Guidance Strength: 4.88545036315918 -- Loss: 1.6943359375 -- Score Func: 0.2046894133090973
Performing Guidance at step: 22 792 0 792
Guidance Strength: 0.37702178955078125 -- Loss: 1.6953125 -- Score Func: 2.6523666381835938
Performing Guidance at step: 23 778 0 778
Guidance Strength: 6.993290901184082 -- Loss: 1.6962890625 -- Score Func: 0.14299419522285461
Performing Guidance at step: 24 764 0 764
Guidance Strength: 6.257067680358887 -- Loss: 1.6962890625 -- Score Func: 0.15981927514076233
Generated video: generated_videos/wan_guidance_nt50_f17_w0c0s0/subject_consistency/a zebra bending down to drink water from a river.mp4
Generating video for prompt 5/9: a zebra running to join a herd of its kind
Performing Guidance at step: 2 985 0 985
Guidance Strength: 13.227339744567871 -- Loss: 1.4912109375 -- Score Func: 0.0756009891629219
Performing Guidance at step: 3 978 0 978
Guidance Strength: 10.385416984558105 -- Loss: 1.5400390625 -- Score Func: 0.09628886729478836
Performing Guidance at step: 4 971 0 971
Guidance Strength: 9.932060241699219 -- Loss: 1.5322265625 -- Score Func: 0.10068404674530029
Performing Guidance at step: 5 963 0 963
Guidance Strength: 7.823176383972168 -- Loss: 1.556640625 -- Score Func: 0.1278253197669983
Performing Guidance at step: 6 956 0 956
Guidance Strength: 3.532496213912964 -- Loss: 1.5634765625 -- Score Func: 0.2830859422683716
Performing Guidance at step: 7 948 0 948
Guidance Strength: 0.3667030930519104 -- Loss: 1.5458984375 -- Score Func: 2.727001905441284
Performing Guidance at step: 8 939 0 939
Guidance Strength: 11.04171085357666 -- Loss: 1.5458984375 -- Score Func: 0.09056567400693893
Performing Guidance at step: 9 931 0 931
Guidance Strength: 9.699492454528809 -- Loss: 1.548828125 -- Score Func: 0.10309817641973495
Performing Guidance at step: 10 922 0 922
Guidance Strength: 13.444452285766602 -- Loss: 1.5419921875 -- Score Func: 0.07438012212514877
Performing Guidance at step: 11 913 0 913
Guidance Strength: 2.755842447280884 -- Loss: 1.5556640625 -- Score Func: 0.3628654479980469
Performing Guidance at step: 12 904 0 904
Guidance Strength: 9.376272201538086 -- Loss: 1.5517578125 -- Score Func: 0.10665219277143478
Performing Guidance at step: 13 894 0 894
Guidance Strength: 5.526589870452881 -- Loss: 1.556640625 -- Score Func: 0.18094341456890106
Performing Guidance at step: 14 884 0 884
Guidance Strength: 2.6419665813446045 -- Loss: 1.564453125 -- Score Func: 0.3785059154033661
Performing Guidance at step: 15 874 0 874
Guidance Strength: 3.5435945987701416 -- Loss: 1.595703125 -- Score Func: 0.28219932317733765
Performing Guidance at step: 16 864 0 864
Guidance Strength: 3.2563388347625732 -- Loss: 1.5556640625 -- Score Func: 0.3070933520793915
Performing Guidance at step: 17 853 0 853
Guidance Strength: 2.968514919281006 -- Loss: 1.5859375 -- Score Func: 0.3368687927722931
Performing Guidance at step: 18 841 0 841
Guidance Strength: 2.244762897491455 -- Loss: 1.578125 -- Score Func: 0.4454813599586487
Performing Guidance at step: 19 829 0 829
Guidance Strength: 4.8645830154418945 -- Loss: 1.595703125 -- Score Func: 0.20556746423244476
Performing Guidance at step: 20 817 0 817
Guidance Strength: 2.4812357425689697 -- Loss: 1.5888671875 -- Score Func: 0.40302497148513794
Performing Guidance at step: 21 805 0 805
Guidance Strength: 5.477247714996338 -- Loss: 1.6123046875 -- Score Func: 0.18257345259189606
Performing Guidance at step: 22 792 0 792
Guidance Strength: 0.5840979814529419 -- Loss: 1.5869140625 -- Score Func: 1.7120414972305298
Performing Guidance at step: 23 778 0 778
Guidance Strength: 1.2495940923690796 -- Loss: 1.5654296875 -- Score Func: 0.8002598881721497
Performing Guidance at step: 24 764 0 764
Guidance Strength: 1.913853645324707 -- Loss: 1.5556640625 -- Score Func: 0.5225059986114502
Generated video: generated_videos/wan_guidance_nt50_f17_w0c0s0/subject_consistency/a cow chewing cud while resting in a tranquil barn.mp4
Generating video for prompt 5/9: a cow running to join a herd of its kind
Performing Guidance at step: 2 985 0 985
Guidance Strength: 7.810081958770752 -- Loss: 1.4677734375 -- Score Func: 0.1280396282672882
Performing Guidance at step: 3 978 0 978
Guidance Strength: 0.8559715747833252 -- Loss: 1.4482421875 -- Score Func: 1.1682630777359009
Performing Guidance at step: 4 971 0 971
Guidance Strength: 6.341375827789307 -- Loss: 1.4775390625 -- Score Func: 0.1576944887638092
Performing Guidance at step: 5 963 0 963
Guidance Strength: 12.634541511535645 -- Loss: 1.5263671875 -- Score Func: 0.07914810627698898
Performing Guidance at step: 6 956 0 956
Guidance Strength: 9.380777359008789 -- Loss: 1.6142578125 -- Score Func: 0.10660097748041153
Performing Guidance at step: 7 948 0 948
Guidance Strength: 6.995824813842773 -- Loss: 1.6591796875 -- Score Func: 0.1429423987865448
Performing Guidance at step: 8 939 0 939
Guidance Strength: 11.060300827026367 -- Loss: 1.697265625 -- Score Func: 0.09041345119476318
Performing Guidance at step: 9 931 0 931
Guidance Strength: 9.884154319763184 -- Loss: 1.689453125 -- Score Func: 0.10117203742265701
Performing Guidance at step: 10 922 0 922
Guidance Strength: 7.0845818519592285 -- Loss: 1.701171875 -- Score Func: 0.14115159213542938
Performing Guidance at step: 11 913 0 913
Guidance Strength: 8.07108211517334 -- Loss: 1.7109375 -- Score Func: 0.12389912456274033
Performing Guidance at step: 12 904 0 904
Guidance Strength: 10.144505500793457 -- Loss: 1.7138671875 -- Score Func: 0.09857553243637085
Performing Guidance at step: 13 894 0 894
Guidance Strength: 8.220938682556152 -- Loss: 1.7001953125 -- Score Func: 0.12164061516523361
Performing Guidance at step: 14 884 0 884
Guidance Strength: 1.2134053707122803 -- Loss: 1.6962890625 -- Score Func: 0.8241268992424011
Performing Guidance at step: 15 874 0 874
Guidance Strength: 8.707868576049805 -- Loss: 1.6875 -- Score Func: 0.11483865976333618
Performing Guidance at step: 16 864 0 864
Guidance Strength: 10.322206497192383 -- Loss: 1.677734375 -- Score Func: 0.09687851369380951
Performing Guidance at step: 17 853 0 853
Guidance Strength: 5.611405372619629 -- Loss: 1.6767578125 -- Score Func: 0.17820847034454346
Performing Guidance at step: 18 841 0 841
Guidance Strength: 7.287086486816406 -- Loss: 1.6826171875 -- Score Func: 0.1372290551662445
Performing Guidance at step: 19 829 0 829
Guidance Strength: 2.767878770828247 -- Loss: 1.6875 -- Score Func: 0.36128750443458557
Performing Guidance at step: 20 817 0 817
Guidance Strength: 6.720357894897461 -- Loss: 1.685546875 -- Score Func: 0.14880159497261047
Performing Guidance at step: 21 805 0 805
Guidance Strength: 8.925628662109375 -- Loss: 1.689453125 -- Score Func: 0.11203692108392715
Performing Guidance at step: 22 792 0 792
Guidance Strength: 10.365641593933105 -- Loss: 1.6884765625 -- Score Func: 0.09647256135940552
Performing Guidance at step: 23 778 0 778
Guidance Strength: 4.8164191246032715 -- Loss: 1.693359375 -- Score Func: 0.20762312412261963
Performing Guidance at step: 24 764 0 764
Guidance Strength: 8.256305694580078 -- Loss: 1.6953125 -- Score Func: 0.12111954391002655
Generated video: generated_videos/wan_guidance_nt50_f17_w0c0s0/subject_consistency/a dog running happily.mp4
Generating video for prompt 5/9: a horse bending down to drink water from a river
Performing Guidance at step: 2 985 0 985
Guidance Strength: 13.280712127685547 -- Loss: 1.486328125 -- Score Func: 0.07529716938734055
Performing Guidance at step: 3 978 0 978
Guidance Strength: 6.102284908294678 -- Loss: 1.455078125 -- Score Func: 0.16387304663658142
Performing Guidance at step: 4 971 0 971
Guidance Strength: 7.569275379180908 -- Loss: 1.4765625 -- Score Func: 0.1321130394935608
Performing Guidance at step: 5 963 0 963
Guidance Strength: 5.976154804229736 -- Loss: 1.5556640625 -- Score Func: 0.16733168065547943
Performing Guidance at step: 6 956 0 956
Guidance Strength: 4.520074367523193 -- Loss: 1.5849609375 -- Score Func: 0.22123529016971588
Performing Guidance at step: 7 948 0 948
Guidance Strength: 3.941436290740967 -- Loss: 1.556640625 -- Score Func: 0.2537146210670471
Performing Guidance at step: 8 939 0 939
Guidance Strength: 3.5638606548309326 -- Loss: 1.5615234375 -- Score Func: 0.2805945873260498
Performing Guidance at step: 9 931 0 931
Guidance Strength: 1.8614675998687744 -- Loss: 1.5908203125 -- Score Func: 0.5372105240821838
Performing Guidance at step: 10 922 0 922
Guidance Strength: 3.4705402851104736 -- Loss: 1.59375 -- Score Func: 0.28813958168029785
Performing Guidance at step: 11 913 0 913
Guidance Strength: 3.121049165725708 -- Loss: 1.607421875 -- Score Func: 0.3204050660133362
Performing Guidance at step: 12 904 0 904
Guidance Strength: 2.467801332473755 -- Loss: 1.6162109375 -- Score Func: 0.40521901845932007
Performing Guidance at step: 13 894 0 894
Guidance Strength: 3.3102591037750244 -- Loss: 1.6083984375 -- Score Func: 0.30209115147590637
Performing Guidance at step: 14 884 0 884
Guidance Strength: 2.0555243492126465 -- Loss: 1.59375 -- Score Func: 0.48649388551712036
Performing Guidance at step: 15 874 0 874
Guidance Strength: 3.381723642349243 -- Loss: 1.591796875 -- Score Func: 0.29570719599723816
Performing Guidance at step: 16 864 0 864
Guidance Strength: 2.5029044151306152 -- Loss: 1.6005859375 -- Score Func: 0.3995358347892761
Performing Guidance at step: 17 853 0 853
Guidance Strength: 4.325005531311035 -- Loss: 1.6025390625 -- Score Func: 0.23121356964111328
Performing Guidance at step: 18 841 0 841
Guidance Strength: 0.18146838247776031 -- Loss: 1.607421875 -- Score Func: 5.510601997375488
Performing Guidance at step: 19 829 0 829
Guidance Strength: 1.5809427499771118 -- Loss: 1.607421875 -- Score Func: 0.6325339674949646
Performing Guidance at step: 20 817 0 817
Guidance Strength: 3.0394134521484375 -- Loss: 1.6044921875 -- Score Func: 0.32901084423065186
Performing Guidance at step: 21 805 0 805
Guidance Strength: 2.2875044345855713 -- Loss: 1.603515625 -- Score Func: 0.43715760111808777
Performing Guidance at step: 22 792 0 792
Guidance Strength: 1.6872175931930542 -- Loss: 1.6044921875 -- Score Func: 0.5926917791366577
Performing Guidance at step: 23 778 0 778
Guidance Strength: 1.045613169670105 -- Loss: 1.5947265625 -- Score Func: 0.9563766717910767
Performing Guidance at step: 24 764 0 764
Guidance Strength: 3.506281614303589 -- Loss: 1.6005859375 -- Score Func: 0.28520241379737854
Generated video: generated_videos/wan_guidance_nt50_f17_w0c0s0/subject_consistency/a train accelerating to gain speed.mp4
Generating video for prompt 4/9: a truck turning a corner
Performing Guidance at step: 2 985 0 985
Guidance Strength: 3.1960394382476807 -- Loss: 1.5205078125 -- Score Func: 0.3128872513771057
Performing Guidance at step: 3 978 0 978
Guidance Strength: 9.444039344787598 -- Loss: 1.5615234375 -- Score Func: 0.10588689148426056
Performing Guidance at step: 4 971 0 971
Guidance Strength: 1.6163010597229004 -- Loss: 1.583984375 -- Score Func: 0.6186966300010681
Performing Guidance at step: 5 963 0 963
Guidance Strength: 7.3299407958984375 -- Loss: 1.5517578125 -- Score Func: 0.13642674684524536
Performing Guidance at step: 6 956 0 956
Guidance Strength: 3.4536526203155518 -- Loss: 1.5390625 -- Score Func: 0.28954851627349854
Performing Guidance at step: 7 948 0 948
Guidance Strength: 4.562251091003418 -- Loss: 1.556640625 -- Score Func: 0.21919004619121552
Performing Guidance at step: 8 939 0 939
Guidance Strength: 3.9344420433044434 -- Loss: 1.5439453125 -- Score Func: 0.2541656494140625
Performing Guidance at step: 9 931 0 931
Guidance Strength: 3.458542585372925 -- Loss: 1.5537109375 -- Score Func: 0.28913912177085876
Performing Guidance at step: 10 922 0 922
Guidance Strength: 4.10447883605957 -- Loss: 1.5556640625 -- Score Func: 0.24363628029823303
Performing Guidance at step: 11 913 0 913
Guidance Strength: 3.4146344661712646 -- Loss: 1.552734375 -- Score Func: 0.2928571105003357
Performing Guidance at step: 12 904 0 904
Guidance Strength: 2.669935941696167 -- Loss: 1.5673828125 -- Score Func: 0.3745408058166504
Performing Guidance at step: 13 894 0 894
Guidance Strength: 2.774108409881592 -- Loss: 1.595703125 -- Score Func: 0.36047616600990295
Performing Guidance at step: 14 884 0 884
Guidance Strength: 2.979387044906616 -- Loss: 1.5986328125 -- Score Func: 0.33563950657844543
Performing Guidance at step: 15 874 0 874
Guidance Strength: 2.120349645614624 -- Loss: 1.595703125 -- Score Func: 0.4716203510761261
Performing Guidance at step: 16 864 0 864
Guidance Strength: 4.412368297576904 -- Loss: 1.587890625 -- Score Func: 0.2266356647014618
Performing Guidance at step: 17 853 0 853
Guidance Strength: 3.685209274291992 -- Loss: 1.5966796875 -- Score Func: 0.271355003118515
Performing Guidance at step: 18 841 0 841
Guidance Strength: 4.352048397064209 -- Loss: 1.6005859375 -- Score Func: 0.22977685928344727
Performing Guidance at step: 19 829 0 829
Guidance Strength: 5.358667850494385 -- Loss: 1.609375 -- Score Func: 0.1866135448217392
Performing Guidance at step: 20 817 0 817
Guidance Strength: 5.435484886169434 -- Loss: 1.609375 -- Score Func: 0.18397623300552368
Performing Guidance at step: 21 805 0 805
Guidance Strength: 4.77491569519043 -- Loss: 1.6103515625 -- Score Func: 0.20942777395248413
Performing Guidance at step: 22 792 0 792
Guidance Strength: 8.182669639587402 -- Loss: 1.599609375 -- Score Func: 0.12220950424671173
Performing Guidance at step: 23 778 0 778
Guidance Strength: 4.687380790710449 -- Loss: 1.6005859375 -- Score Func: 0.21333876252174377
Performing Guidance at step: 24 764 0 764
Guidance Strength: 1.3013478517532349 -- Loss: 1.607421875 -- Score Func: 0.7684340476989746
Generated video: generated_videos/wan_guidance_nt50_f17_w0c0s0/subject_consistency/a car stuck in traffic during rush hour.mp4
Generating video for prompt 4/9: a car turning a corner
Performing Guidance at step: 2 985 0 985
Guidance Strength: 14.823271751403809 -- Loss: 1.6318359375 -- Score Func: 0.06746149063110352
Performing Guidance at step: 3 978 0 978
Guidance Strength: 7.951067924499512 -- Loss: 1.5859375 -- Score Func: 0.12576927244663239
Performing Guidance at step: 4 971 0 971
Guidance Strength: 10.654433250427246 -- Loss: 1.6611328125 -- Score Func: 0.09385764598846436
Performing Guidance at step: 5 963 0 963
Guidance Strength: 9.473445892333984 -- Loss: 1.677734375 -- Score Func: 0.10555820912122726
Performing Guidance at step: 6 956 0 956
Guidance Strength: 9.889114379882812 -- Loss: 1.671875 -- Score Func: 0.10112129151821136
Performing Guidance at step: 7 948 0 948
Guidance Strength: 0.6356729865074158 -- Loss: 1.6904296875 -- Score Func: 1.5731358528137207
Performing Guidance at step: 8 939 0 939
Guidance Strength: 6.754667282104492 -- Loss: 1.703125 -- Score Func: 0.14804577827453613
Performing Guidance at step: 9 931 0 931
Guidance Strength: 5.99193811416626 -- Loss: 1.701171875 -- Score Func: 0.16689090430736542
Performing Guidance at step: 10 922 0 922
Guidance Strength: 9.725107192993164 -- Loss: 1.6982421875 -- Score Func: 0.10282663255929947
Performing Guidance at step: 11 913 0 913
Guidance Strength: 0.23118144273757935 -- Loss: 1.701171875 -- Score Func: 4.325606822967529
Performing Guidance at step: 12 904 0 904
Guidance Strength: 5.496425151824951 -- Loss: 1.7041015625 -- Score Func: 0.18193642795085907
Performing Guidance at step: 13 894 0 894
Guidance Strength: 3.869980812072754 -- Loss: 1.703125 -- Score Func: 0.25839921832084656
Performing Guidance at step: 14 884 0 884
Guidance Strength: 7.06789493560791 -- Loss: 1.689453125 -- Score Func: 0.1414848417043686
Performing Guidance at step: 15 874 0 874
Guidance Strength: 7.501899242401123 -- Loss: 1.6884765625 -- Score Func: 0.1332995742559433
Performing Guidance at step: 16 864 0 864
Guidance Strength: 11.926342010498047 -- Loss: 1.6943359375 -- Score Func: 0.0838480070233345
Performing Guidance at step: 17 853 0 853
Guidance Strength: 6.010610580444336 -- Loss: 1.693359375 -- Score Func: 0.16637244820594788
Performing Guidance at step: 18 841 0 841
Guidance Strength: 7.222081184387207 -- Loss: 1.6953125 -- Score Func: 0.13846424221992493
Performing Guidance at step: 19 829 0 829
Guidance Strength: 5.9784464836120605 -- Loss: 1.693359375 -- Score Func: 0.16726753115653992
Performing Guidance at step: 20 817 0 817
Guidance Strength: 7.473540306091309 -- Loss: 1.693359375 -- Score Func: 0.13380539417266846
Performing Guidance at step: 21 805 0 805
Guidance Strength: 6.688957214355469 -- Loss: 1.6953125 -- Score Func: 0.14950013160705566
Performing Guidance at step: 22 792 0 792
Guidance Strength: 12.52031421661377 -- Loss: 1.697265625 -- Score Func: 0.07987020164728165
Performing Guidance at step: 23 778 0 778
Guidance Strength: 11.893997192382812 -- Loss: 1.6904296875 -- Score Func: 0.08407602459192276
Performing Guidance at step: 24 764 0 764
Guidance Strength: 12.081395149230957 -- Loss: 1.693359375 -- Score Func: 0.082771897315979
Generated video: generated_videos/wan_guidance_nt50_f17_w0c0s0/subject_consistency/a person walking in the snowstorm.mp4
Generating video for prompt 6/9: a person drinking coffee in a cafe
Performing Guidance at step: 2 985 0 985
Guidance Strength: 4.187616348266602 -- Loss: 1.4306640625 -- Score Func: 0.2387993335723877
Performing Guidance at step: 3 978 0 978
Guidance Strength: 5.344539165496826 -- Loss: 1.3720703125 -- Score Func: 0.1871068775653839
Performing Guidance at step: 4 971 0 971
Guidance Strength: 1.5322275161743164 -- Loss: 1.556640625 -- Score Func: 0.6526445746421814
Performing Guidance at step: 5 963 0 963
Guidance Strength: 1.9915493726730347 -- Loss: 1.4541015625 -- Score Func: 0.50212162733078
Performing Guidance at step: 6 956 0 956
Guidance Strength: 2.9223363399505615 -- Loss: 1.6103515625 -- Score Func: 0.3421919643878937
Performing Guidance at step: 7 948 0 948
Guidance Strength: 3.4393527507781982 -- Loss: 1.345703125 -- Score Func: 0.2907523810863495
Performing Guidance at step: 8 939 0 939
Guidance Strength: 2.4706826210021973 -- Loss: 1.541015625 -- Score Func: 0.4047464430332184
Performing Guidance at step: 9 931 0 931
Guidance Strength: 3.252532720565796 -- Loss: 1.556640625 -- Score Func: 0.3074527084827423
Performing Guidance at step: 10 922 0 922
Guidance Strength: 1.5721256732940674 -- Loss: 1.5234375 -- Score Func: 0.6360814571380615
Performing Guidance at step: 11 913 0 913
Guidance Strength: 2.5987818241119385 -- Loss: 1.611328125 -- Score Func: 0.3847956657409668
Performing Guidance at step: 12 904 0 904
Guidance Strength: 1.7490321397781372 -- Loss: 1.6103515625 -- Score Func: 0.5717447996139526
Performing Guidance at step: 13 894 0 894
Guidance Strength: 4.375068664550781 -- Loss: 1.625 -- Score Func: 0.22856785356998444
Performing Guidance at step: 14 884 0 884
Guidance Strength: 3.540405035018921 -- Loss: 1.630859375 -- Score Func: 0.2824535667896271
Performing Guidance at step: 15 874 0 874
Guidance Strength: 5.532802581787109 -- Loss: 1.638671875 -- Score Func: 0.18074022233486176
Performing Guidance at step: 16 864 0 864
Guidance Strength: 2.1692187786102295 -- Loss: 1.640625 -- Score Func: 0.4609954357147217
Performing Guidance at step: 17 853 0 853
Guidance Strength: 3.8579065799713135 -- Loss: 1.6455078125 -- Score Func: 0.25920793414115906
Performing Guidance at step: 18 841 0 841
Guidance Strength: 6.8297929763793945 -- Loss: 1.6455078125 -- Score Func: 0.14641731977462769
Performing Guidance at step: 19 829 0 829
Guidance Strength: 5.591376304626465 -- Loss: 1.6572265625 -- Score Func: 0.1788468360900879
Performing Guidance at step: 20 817 0 817
Guidance Strength: 3.1737687587738037 -- Loss: 1.6689453125 -- Score Func: 0.3150828182697296
Performing Guidance at step: 21 805 0 805
Guidance Strength: 6.728575706481934 -- Loss: 1.6728515625 -- Score Func: 0.1486198604106903
Performing Guidance at step: 22 792 0 792
Guidance Strength: 8.56459903717041 -- Loss: 1.666015625 -- Score Func: 0.11675969511270523
Performing Guidance at step: 23 778 0 778
Guidance Strength: 6.453692436218262 -- Loss: 1.669921875 -- Score Func: 0.15495005249977112
Performing Guidance at step: 24 764 0 764
Guidance Strength: 5.352252006530762 -- Loss: 1.6640625 -- Score Func: 0.18683724105358124
Generated video: generated_videos/wan_guidance_nt50_f17_w0c0s0/subject_consistency/a bird flying over a snowy forest.mp4
Generating video for prompt 6/9: a cat grooming itself meticulously with its tongue
Performing Guidance at step: 2 985 0 985
Guidance Strength: 10.907639503479004 -- Loss: 1.517578125 -- Score Func: 0.09167886525392532
Performing Guidance at step: 3 978 0 978
Guidance Strength: 5.576155662536621 -- Loss: 1.4697265625 -- Score Func: 0.17933502793312073
Performing Guidance at step: 4 971 0 971
Guidance Strength: 0.2879476845264435 -- Loss: 1.4755859375 -- Score Func: 3.472853183746338
Performing Guidance at step: 5 963 0 963
Guidance Strength: 1.4798663854599 -- Loss: 1.5380859375 -- Score Func: 0.675736665725708
Performing Guidance at step: 6 956 0 956
Guidance Strength: 0.3493245542049408 -- Loss: 1.5712890625 -- Score Func: 2.8626673221588135
Performing Guidance at step: 7 948 0 948
Guidance Strength: 2.7785348892211914 -- Loss: 1.5458984375 -- Score Func: 0.35990190505981445
Performing Guidance at step: 8 939 0 939
Guidance Strength: 2.345940113067627 -- Loss: 1.5537109375 -- Score Func: 0.4262683391571045
Performing Guidance at step: 9 931 0 931
Guidance Strength: 3.7327280044555664 -- Loss: 1.5595703125 -- Score Func: 0.26790058612823486
Performing Guidance at step: 10 922 0 922
Guidance Strength: 1.6348189115524292 -- Loss: 1.658203125 -- Score Func: 0.6116885542869568
Performing Guidance at step: 11 913 0 913
Guidance Strength: 2.762343168258667 -- Loss: 1.6806640625 -- Score Func: 0.36201149225234985
Performing Guidance at step: 12 904 0 904
Guidance Strength: 5.1101837158203125 -- Loss: 1.7158203125 -- Score Func: 0.1956876814365387
Performing Guidance at step: 13 894 0 894
Guidance Strength: 5.8834228515625 -- Loss: 1.7158203125 -- Score Func: 0.1699690818786621
Performing Guidance at step: 14 884 0 884
Guidance Strength: 2.9397366046905518 -- Loss: 1.7265625 -- Score Func: 0.34016653895378113
Performing Guidance at step: 15 874 0 874
Guidance Strength: 6.314092636108398 -- Loss: 1.7236328125 -- Score Func: 0.15837588906288147
Performing Guidance at step: 16 864 0 864
Guidance Strength: 5.495777130126953 -- Loss: 1.7177734375 -- Score Func: 0.1819578856229782
Performing Guidance at step: 17 853 0 853
Guidance Strength: 6.12141227722168 -- Loss: 1.7177734375 -- Score Func: 0.16336099803447723
Performing Guidance at step: 18 841 0 841
Guidance Strength: 5.35028076171875 -- Loss: 1.7138671875 -- Score Func: 0.18690608441829681
Performing Guidance at step: 19 829 0 829
Guidance Strength: 5.036947727203369 -- Loss: 1.716796875 -- Score Func: 0.19853293895721436
Performing Guidance at step: 20 817 0 817
Guidance Strength: 5.922240257263184 -- Loss: 1.7099609375 -- Score Func: 0.16885502636432648
Performing Guidance at step: 21 805 0 805
Guidance Strength: 5.612927436828613 -- Loss: 1.708984375 -- Score Func: 0.1781601458787918
Performing Guidance at step: 22 792 0 792
Guidance Strength: 6.963926792144775 -- Loss: 1.705078125 -- Score Func: 0.14359714090824127
Performing Guidance at step: 23 778 0 778
Guidance Strength: 7.9254841804504395 -- Loss: 1.705078125 -- Score Func: 0.12617525458335876
Performing Guidance at step: 24 764 0 764
Guidance Strength: 0.5692155361175537 -- Loss: 1.701171875 -- Score Func: 1.7568037509918213
Generated video: generated_videos/wan_guidance_nt50_f17_w0c0s0/subject_consistency/a cow running to join a herd of its kind.mp4
Generating video for prompt 6/9: an elephant spraying itself with water using its trunk to cool down
Performing Guidance at step: 2 985 0 985
Guidance Strength: 11.083660125732422 -- Loss: 1.4892578125 -- Score Func: 0.09022290259599686
Performing Guidance at step: 3 978 0 978
Guidance Strength: 9.505501747131348 -- Loss: 1.509765625 -- Score Func: 0.10520223528146744
Performing Guidance at step: 4 971 0 971
Guidance Strength: 9.999168395996094 -- Loss: 1.513671875 -- Score Func: 0.10000831633806229
Performing Guidance at step: 5 963 0 963
Guidance Strength: 7.352141857147217 -- Loss: 1.4931640625 -- Score Func: 0.13601478934288025
Performing Guidance at step: 6 956 0 956
Guidance Strength: 2.2335121631622314 -- Loss: 1.5810546875 -- Score Func: 0.4477253258228302
Performing Guidance at step: 7 948 0 948
Guidance Strength: 3.632519006729126 -- Loss: 1.615234375 -- Score Func: 0.2752910554409027
Performing Guidance at step: 8 939 0 939
Guidance Strength: 1.366524338722229 -- Loss: 1.6201171875 -- Score Func: 0.7317835092544556
Performing Guidance at step: 9 931 0 931
Guidance Strength: 3.1942551136016846 -- Loss: 1.59375 -- Score Func: 0.31306204199790955
Performing Guidance at step: 10 922 0 922
Guidance Strength: 3.673917770385742 -- Loss: 1.6162109375 -- Score Func: 0.2721889913082123
Performing Guidance at step: 11 913 0 913
Guidance Strength: 3.6018152236938477 -- Loss: 1.5224609375 -- Score Func: 0.277637779712677
Performing Guidance at step: 12 904 0 904
Guidance Strength: 1.118975043296814 -- Loss: 1.611328125 -- Score Func: 0.8936749696731567
Performing Guidance at step: 13 894 0 894
Guidance Strength: 3.345823049545288 -- Loss: 1.619140625 -- Score Func: 0.29888013005256653
Performing Guidance at step: 14 884 0 884
Guidance Strength: 3.7424371242523193 -- Loss: 1.5634765625 -- Score Func: 0.2672055661678314
Performing Guidance at step: 15 874 0 874
Guidance Strength: 2.5258688926696777 -- Loss: 1.591796875 -- Score Func: 0.3959033489227295
Performing Guidance at step: 16 864 0 864
Guidance Strength: 2.9933292865753174 -- Loss: 1.5751953125 -- Score Func: 0.3340761661529541
Performing Guidance at step: 17 853 0 853
Guidance Strength: 2.7626965045928955 -- Loss: 1.5791015625 -- Score Func: 0.36196520924568176
Performing Guidance at step: 18 841 0 841
Guidance Strength: 3.8314030170440674 -- Loss: 1.5244140625 -- Score Func: 0.26100099086761475
Performing Guidance at step: 19 829 0 829
Guidance Strength: 4.9726433753967285 -- Loss: 1.537109375 -- Score Func: 0.20110028982162476
Performing Guidance at step: 20 817 0 817
Guidance Strength: 1.3781743049621582 -- Loss: 1.5595703125 -- Score Func: 0.725597620010376
Performing Guidance at step: 21 805 0 805
Guidance Strength: 5.624942779541016 -- Loss: 1.568359375 -- Score Func: 0.17777958512306213
Performing Guidance at step: 22 792 0 792
Guidance Strength: 3.384592294692993 -- Loss: 1.564453125 -- Score Func: 0.29545655846595764
Performing Guidance at step: 23 778 0 778
Guidance Strength: 4.08457088470459 -- Loss: 1.572265625 -- Score Func: 0.24482375383377075
Performing Guidance at step: 24 764 0 764
Guidance Strength: 2.3483548164367676 -- Loss: 1.576171875 -- Score Func: 0.42583003640174866
Generated video: generated_videos/wan_guidance_nt50_f17_w0c0s0/subject_consistency/an airplane landing smoothly on a runway.mp4
Generating video for prompt 6/9: an airplane accelerating to gain speed
Performing Guidance at step: 2 985 0 985
Guidance Strength: 0.4155399799346924 -- Loss: 1.4150390625 -- Score Func: 2.4065072536468506
Performing Guidance at step: 3 978 0 978
Guidance Strength: 10.033609390258789 -- Loss: 1.4306640625 -- Score Func: 0.09966503083705902
Performing Guidance at step: 4 971 0 971
Guidance Strength: 4.239533424377441 -- Loss: 1.4501953125 -- Score Func: 0.23587501049041748
Performing Guidance at step: 5 963 0 963
Guidance Strength: 5.244750022888184 -- Loss: 1.5107421875 -- Score Func: 0.19066685438156128
Performing Guidance at step: 6 956 0 956
Guidance Strength: 4.8243255615234375 -- Loss: 1.5654296875 -- Score Func: 0.20728285610675812
Performing Guidance at step: 7 948 0 948
Guidance Strength: 8.363011360168457 -- Loss: 1.625 -- Score Func: 0.1195741593837738
Performing Guidance at step: 8 939 0 939
Guidance Strength: 7.499346733093262 -- Loss: 1.619140625 -- Score Func: 0.13334494829177856
Performing Guidance at step: 9 931 0 931
Guidance Strength: 8.68761920928955 -- Loss: 1.6259765625 -- Score Func: 0.11510633677244186
Performing Guidance at step: 10 922 0 922
Guidance Strength: 0.8224340677261353 -- Loss: 1.6005859375 -- Score Func: 1.2159029245376587
Performing Guidance at step: 11 913 0 913
Guidance Strength: 5.98219108581543 -- Loss: 1.6181640625 -- Score Func: 0.16716283559799194
Performing Guidance at step: 12 904 0 904
Guidance Strength: 6.9288787841796875 -- Loss: 1.6455078125 -- Score Func: 0.14432349801063538
Performing Guidance at step: 13 894 0 894
Guidance Strength: 6.025501251220703 -- Loss: 1.6474609375 -- Score Func: 0.16596129536628723
Performing Guidance at step: 14 884 0 884
Guidance Strength: 1.7299772500991821 -- Loss: 1.6494140625 -- Score Func: 0.5780422687530518
Performing Guidance at step: 15 874 0 874
Guidance Strength: 5.377729415893555 -- Loss: 1.6591796875 -- Score Func: 0.1859520822763443
Performing Guidance at step: 16 864 0 864
Guidance Strength: 6.044500350952148 -- Loss: 1.6689453125 -- Score Func: 0.1654396504163742
Performing Guidance at step: 17 853 0 853
Guidance Strength: 6.845934867858887 -- Loss: 1.6669921875 -- Score Func: 0.14607208967208862
Performing Guidance at step: 18 841 0 841
Guidance Strength: 7.193802833557129 -- Loss: 1.6611328125 -- Score Func: 0.1390085369348526
Performing Guidance at step: 19 829 0 829
Guidance Strength: 5.817930221557617 -- Loss: 1.6650390625 -- Score Func: 0.17188243567943573
Performing Guidance at step: 20 817 0 817
Guidance Strength: 4.250687122344971 -- Loss: 1.6708984375 -- Score Func: 0.23525607585906982
Performing Guidance at step: 21 805 0 805
Guidance Strength: 5.033234119415283 -- Loss: 1.6650390625 -- Score Func: 0.19867941737174988
Performing Guidance at step: 22 792 0 792
Guidance Strength: 3.9806926250457764 -- Loss: 1.6708984375 -- Score Func: 0.25121256709098816
Performing Guidance at step: 23 778 0 778
Guidance Strength: 0.6255871057510376 -- Loss: 1.6669921875 -- Score Func: 1.5984983444213867
Performing Guidance at step: 24 764 0 764
Guidance Strength: 5.098692893981934 -- Loss: 1.671875 -- Score Func: 0.1961286962032318
Generated video: generated_videos/wan_guidance_nt50_f17_w0c0s0/subject_consistency/a zebra running to join a herd of its kind.mp4
Generating video for prompt 6/9: a zebra taking a peaceful walk
Performing Guidance at step: 2 985 0 985
Guidance Strength: 4.123602390289307 -- Loss: 1.435546875 -- Score Func: 0.24250641465187073
Performing Guidance at step: 3 978 0 978
Guidance Strength: 5.91300106048584 -- Loss: 1.5400390625 -- Score Func: 0.16911886632442474
Performing Guidance at step: 4 971 0 971
Guidance Strength: 8.138871192932129 -- Loss: 1.5732421875 -- Score Func: 0.1228671595454216
Performing Guidance at step: 5 963 0 963
Guidance Strength: 7.3232245445251465 -- Loss: 1.6083984375 -- Score Func: 0.1365518718957901
Performing Guidance at step: 6 956 0 956
Guidance Strength: 4.989846229553223 -- Loss: 1.5986328125 -- Score Func: 0.2004069685935974
Performing Guidance at step: 7 948 0 948
Guidance Strength: 6.013611793518066 -- Loss: 1.5556640625 -- Score Func: 0.16628941893577576
Performing Guidance at step: 8 939 0 939
Guidance Strength: 3.64009428024292 -- Loss: 1.5712890625 -- Score Func: 0.27471816539764404
Performing Guidance at step: 9 931 0 931
Guidance Strength: 1.4205830097198486 -- Loss: 1.65625 -- Score Func: 0.7039363384246826
Performing Guidance at step: 10 922 0 922
Guidance Strength: 2.3573009967803955 -- Loss: 1.611328125 -- Score Func: 0.4242139458656311
Performing Guidance at step: 11 913 0 913
Guidance Strength: 0.8607192039489746 -- Loss: 1.65625 -- Score Func: 1.1618191003799438
Performing Guidance at step: 12 904 0 904
Guidance Strength: 2.1662042140960693 -- Loss: 1.630859375 -- Score Func: 0.4616369903087616
Performing Guidance at step: 13 894 0 894
Guidance Strength: 0.4705023467540741 -- Loss: 1.5849609375 -- Score Func: 2.1253879070281982
Performing Guidance at step: 14 884 0 884
Guidance Strength: 2.6859636306762695 -- Loss: 1.6015625 -- Score Func: 0.37230587005615234
Performing Guidance at step: 15 874 0 874
Guidance Strength: 3.483515739440918 -- Loss: 1.6337890625 -- Score Func: 0.2870663106441498
Performing Guidance at step: 16 864 0 864
Guidance Strength: 2.8425228595733643 -- Loss: 1.662109375 -- Score Func: 0.35180017352104187
Performing Guidance at step: 17 853 0 853
Guidance Strength: 2.4175615310668945 -- Loss: 1.615234375 -- Score Func: 0.41363993287086487
Performing Guidance at step: 18 841 0 841
Guidance Strength: 0.2803327143192291 -- Loss: 1.587890625 -- Score Func: 3.567189931869507
Performing Guidance at step: 19 829 0 829
Guidance Strength: 1.0034644603729248 -- Loss: 1.595703125 -- Score Func: 0.9965474605560303
Performing Guidance at step: 20 817 0 817
Guidance Strength: 2.433811902999878 -- Loss: 1.5986328125 -- Score Func: 0.41087809205055237
Performing Guidance at step: 21 805 0 805
Guidance Strength: 2.7980594635009766 -- Loss: 1.59375 -- Score Func: 0.35739055275917053
Performing Guidance at step: 22 792 0 792
Guidance Strength: 5.235966205596924 -- Loss: 1.5859375 -- Score Func: 0.1909867227077484
Performing Guidance at step: 23 778 0 778
Guidance Strength: 6.525810718536377 -- Loss: 1.587890625 -- Score Func: 0.15323767066001892
Performing Guidance at step: 24 764 0 764
Guidance Strength: 5.446230888366699 -- Loss: 1.5849609375 -- Score Func: 0.18361322581768036
Generated video: generated_videos/wan_guidance_nt50_f17_w0c0s0/subject_consistency/a horse bending down to drink water from a river.mp4
Generating video for prompt 6/9: a horse galloping across an open field
Performing Guidance at step: 2 985 0 985
Guidance Strength: 2.5357131958007812 -- Loss: 1.4013671875 -- Score Func: 0.39436638355255127
Performing Guidance at step: 3 978 0 978
Guidance Strength: 1.0366604328155518 -- Loss: 1.505859375 -- Score Func: 0.9646360278129578
Performing Guidance at step: 4 971 0 971
Guidance Strength: 7.752368450164795 -- Loss: 1.533203125 -- Score Func: 0.12899284064769745
Performing Guidance at step: 5 963 0 963
Guidance Strength: 7.855791091918945 -- Loss: 1.544921875 -- Score Func: 0.1272946298122406
Performing Guidance at step: 6 956 0 956
Guidance Strength: 5.619480609893799 -- Loss: 1.5458984375 -- Score Func: 0.17795239388942719
Performing Guidance at step: 7 948 0 948
Guidance Strength: 6.536202907562256 -- Loss: 1.560546875 -- Score Func: 0.15299402177333832
Performing Guidance at step: 8 939 0 939
Guidance Strength: 2.8248119354248047 -- Loss: 1.5693359375 -- Score Func: 0.3540058732032776
Performing Guidance at step: 9 931 0 931
Guidance Strength: 5.137579917907715 -- Loss: 1.5859375 -- Score Func: 0.19464416801929474
Performing Guidance at step: 10 922 0 922
Guidance Strength: 3.4285435676574707 -- Loss: 1.578125 -- Score Func: 0.2916690409183502
Performing Guidance at step: 11 913 0 913
Guidance Strength: 3.966827392578125 -- Loss: 1.5791015625 -- Score Func: 0.2520906329154968
Performing Guidance at step: 12 904 0 904
Guidance Strength: 0.43207886815071106 -- Loss: 1.578125 -- Score Func: 2.314392328262329
Performing Guidance at step: 13 894 0 894
Guidance Strength: 0.27536970376968384 -- Loss: 1.5810546875 -- Score Func: 3.631481647491455
Performing Guidance at step: 14 884 0 884
Guidance Strength: 0.19176159799098969 -- Loss: 1.5927734375 -- Score Func: 5.214808464050293
Performing Guidance at step: 15 874 0 874
Guidance Strength: 5.140345096588135 -- Loss: 1.599609375 -- Score Func: 0.19453947246074677
Performing Guidance at step: 16 864 0 864
Guidance Strength: 4.931070804595947 -- Loss: 1.6044921875 -- Score Func: 0.20279569923877716
Performing Guidance at step: 17 853 0 853
Guidance Strength: 5.637746810913086 -- Loss: 1.607421875 -- Score Func: 0.17737582325935364
Performing Guidance at step: 18 841 0 841
Guidance Strength: 8.15331745147705 -- Loss: 1.6064453125 -- Score Func: 0.12264946103096008
Performing Guidance at step: 19 829 0 829
Guidance Strength: 4.488808631896973 -- Loss: 1.6064453125 -- Score Func: 0.22277624905109406
Performing Guidance at step: 20 817 0 817
Guidance Strength: 7.644129753112793 -- Loss: 1.6025390625 -- Score Func: 0.13081933557987213
Performing Guidance at step: 21 805 0 805
Guidance Strength: 8.903707504272461 -- Loss: 1.6044921875 -- Score Func: 0.11231276392936707
Performing Guidance at step: 22 792 0 792
Guidance Strength: 3.920278549194336 -- Loss: 1.5986328125 -- Score Func: 0.25508391857147217
Performing Guidance at step: 23 778 0 778
Guidance Strength: 9.01005744934082 -- Loss: 1.6005859375 -- Score Func: 0.11098708212375641
Performing Guidance at step: 24 764 0 764
Guidance Strength: 6.774158477783203 -- Loss: 1.6005859375 -- Score Func: 0.1476198136806488
Generated video: generated_videos/wan_guidance_nt50_f17_w0c0s0/subject_consistency/a truck turning a corner.mp4
Generating video for prompt 5/9: a truck anchored in a tranquil bay
Performing Guidance at step: 2 985 0 985
Guidance Strength: 8.088526725769043 -- Loss: 1.5107421875 -- Score Func: 0.12363190948963165
Performing Guidance at step: 3 978 0 978
Guidance Strength: 2.7861576080322266 -- Loss: 1.4951171875 -- Score Func: 0.358917236328125
Performing Guidance at step: 4 971 0 971
Guidance Strength: 1.17182457447052 -- Loss: 1.560546875 -- Score Func: 0.8533700108528137
Performing Guidance at step: 5 963 0 963
Guidance Strength: 2.2749946117401123 -- Loss: 1.576171875 -- Score Func: 0.43956148624420166
Performing Guidance at step: 6 956 0 956
Guidance Strength: 3.8211114406585693 -- Loss: 1.669921875 -- Score Func: 0.2617039680480957
Performing Guidance at step: 7 948 0 948
Guidance Strength: 10.610553741455078 -- Loss: 1.701171875 -- Score Func: 0.0942457839846611
Performing Guidance at step: 8 939 0 939
Guidance Strength: 7.067694664001465 -- Loss: 1.693359375 -- Score Func: 0.14148885011672974
Performing Guidance at step: 9 931 0 931
Guidance Strength: 7.989346504211426 -- Loss: 1.693359375 -- Score Func: 0.12516668438911438
Performing Guidance at step: 10 922 0 922
Guidance Strength: 5.014908313751221 -- Loss: 1.6923828125 -- Score Func: 0.19940544664859772
Performing Guidance at step: 11 913 0 913
Guidance Strength: 8.425442695617676 -- Loss: 1.693359375 -- Score Func: 0.11868812143802643
Performing Guidance at step: 12 904 0 904
Guidance Strength: 5.360296726226807 -- Loss: 1.6982421875 -- Score Func: 0.1865568310022354
Performing Guidance at step: 13 894 0 894
Guidance Strength: 0.2917521595954895 -- Loss: 1.693359375 -- Score Func: 3.4275667667388916
Performing Guidance at step: 14 884 0 884
Guidance Strength: 2.7648682594299316 -- Loss: 1.7001953125 -- Score Func: 0.36168089509010315
Performing Guidance at step: 15 874 0 874
Guidance Strength: 6.122175693511963 -- Loss: 1.7001953125 -- Score Func: 0.16334062814712524
Performing Guidance at step: 16 864 0 864
Guidance Strength: 3.6608567237854004 -- Loss: 1.701171875 -- Score Func: 0.27316009998321533
Performing Guidance at step: 17 853 0 853
Guidance Strength: 6.4668869972229 -- Loss: 1.697265625 -- Score Func: 0.15463390946388245
Performing Guidance at step: 18 841 0 841
Guidance Strength: 6.816272258758545 -- Loss: 1.6982421875 -- Score Func: 0.14670775830745697
Performing Guidance at step: 19 829 0 829
Guidance Strength: 2.664031505584717 -- Loss: 1.6982421875 -- Score Func: 0.37537091970443726
Performing Guidance at step: 20 817 0 817
Guidance Strength: 7.6263580322265625 -- Loss: 1.697265625 -- Score Func: 0.13112418353557587
Performing Guidance at step: 21 805 0 805
Guidance Strength: 10.514991760253906 -- Loss: 1.6953125 -- Score Func: 0.09510231018066406
Performing Guidance at step: 22 792 0 792
Guidance Strength: 9.451152801513672 -- Loss: 1.6953125 -- Score Func: 0.10580720007419586
Performing Guidance at step: 23 778 0 778
Guidance Strength: 6.883292198181152 -- Loss: 1.6923828125 -- Score Func: 0.14527931809425354
Performing Guidance at step: 24 764 0 764
Guidance Strength: 9.749354362487793 -- Loss: 1.6875 -- Score Func: 0.10257089138031006
Generated video: generated_videos/wan_guidance_nt50_f17_w0c0s0/subject_consistency/a person drinking coffee in a cafe.mp4
Generating video for prompt 7/9: a person playing guitar
Performing Guidance at step: 2 985 0 985
Guidance Strength: 2.0985944271087646 -- Loss: 1.474609375 -- Score Func: 0.4765094220638275
Performing Guidance at step: 3 978 0 978
Guidance Strength: 7.527815341949463 -- Loss: 1.5546875 -- Score Func: 0.13284066319465637
Performing Guidance at step: 4 971 0 971
Guidance Strength: 2.4703621864318848 -- Loss: 1.5 -- Score Func: 0.4047989547252655
Performing Guidance at step: 5 963 0 963
Guidance Strength: 3.233229160308838 -- Loss: 1.5576171875 -- Score Func: 0.3092883229255676
Performing Guidance at step: 6 956 0 956
Guidance Strength: 5.345627784729004 -- Loss: 1.6240234375 -- Score Func: 0.18706877529621124
Performing Guidance at step: 7 948 0 948
Guidance Strength: 4.837839603424072 -- Loss: 1.6533203125 -- Score Func: 0.20670382678508759
Performing Guidance at step: 8 939 0 939
Guidance Strength: 2.5211074352264404 -- Loss: 1.689453125 -- Score Func: 0.39665108919143677
Performing Guidance at step: 9 931 0 931
Guidance Strength: 3.5933568477630615 -- Loss: 1.703125 -- Score Func: 0.2782913148403168
Performing Guidance at step: 10 922 0 922
Guidance Strength: 3.3541507720947266 -- Loss: 1.705078125 -- Score Func: 0.2981380522251129
Performing Guidance at step: 11 913 0 913
Guidance Strength: 3.4157159328460693 -- Loss: 1.6884765625 -- Score Func: 0.2927643954753876
Performing Guidance at step: 12 904 0 904
Guidance Strength: 2.8540186882019043 -- Loss: 1.7275390625 -- Score Func: 0.35038313269615173
Performing Guidance at step: 13 894 0 894
Guidance Strength: 3.4646542072296143 -- Loss: 1.716796875 -- Score Func: 0.28862908482551575
Performing Guidance at step: 14 884 0 884
Guidance Strength: 3.147864580154419 -- Loss: 1.7275390625 -- Score Func: 0.3176756799221039
Performing Guidance at step: 15 874 0 874
Guidance Strength: 2.5990819931030273 -- Loss: 1.7099609375 -- Score Func: 0.38475123047828674
Performing Guidance at step: 16 864 0 864
Guidance Strength: 0.7977704405784607 -- Loss: 1.7236328125 -- Score Func: 1.2534934282302856
Performing Guidance at step: 17 853 0 853
Guidance Strength: 5.33749532699585 -- Loss: 1.736328125 -- Score Func: 0.18735378980636597
Performing Guidance at step: 18 841 0 841
Guidance Strength: 3.8671939373016357 -- Loss: 1.7236328125 -- Score Func: 0.2585854232311249
Performing Guidance at step: 19 829 0 829
Guidance Strength: 5.416231155395508 -- Loss: 1.732421875 -- Score Func: 0.18463023006916046
Performing Guidance at step: 20 817 0 817
Guidance Strength: 3.7749180793762207 -- Loss: 1.728515625 -- Score Func: 0.2649064064025879
Performing Guidance at step: 21 805 0 805
Guidance Strength: 5.039356231689453 -- Loss: 1.7216796875 -- Score Func: 0.19843804836273193
Performing Guidance at step: 22 792 0 792
Guidance Strength: 5.844069480895996 -- Loss: 1.732421875 -- Score Func: 0.17111364006996155
Performing Guidance at step: 23 778 0 778
Guidance Strength: 4.9374871253967285 -- Loss: 1.7236328125 -- Score Func: 0.20253217220306396
Performing Guidance at step: 24 764 0 764
Guidance Strength: 3.6272478103637695 -- Loss: 1.716796875 -- Score Func: 0.27569112181663513
Generated video: generated_videos/wan_guidance_nt50_f17_w0c0s0/subject_consistency/an elephant spraying itself with water using its trunk to cool down.mp4
Generating video for prompt 7/9: an elephant taking a peaceful walk
Performing Guidance at step: 2 985 0 985
Guidance Strength: 8.031234741210938 -- Loss: 1.5263671875 -- Score Func: 0.12451385706663132
Performing Guidance at step: 3 978 0 978
Guidance Strength: 1.5550669431686401 -- Loss: 1.5146484375 -- Score Func: 0.6430591344833374
Performing Guidance at step: 4 971 0 971
Guidance Strength: 4.135793685913086 -- Loss: 1.5458984375 -- Score Func: 0.24179154634475708
Performing Guidance at step: 5 963 0 963
Guidance Strength: 5.292368412017822 -- Loss: 1.630859375 -- Score Func: 0.188951313495636
Performing Guidance at step: 6 956 0 956
Guidance Strength: 5.439907073974609 -- Loss: 1.650390625 -- Score Func: 0.18382667005062103
Performing Guidance at step: 7 948 0 948
Guidance Strength: 4.4234538078308105 -- Loss: 1.611328125 -- Score Func: 0.2260676920413971
Performing Guidance at step: 8 939 0 939
Guidance Strength: 5.486268997192383 -- Loss: 1.6787109375 -- Score Func: 0.1822732388973236
Performing Guidance at step: 9 931 0 931
Guidance Strength: 2.567662000656128 -- Loss: 1.662109375 -- Score Func: 0.38945937156677246
Performing Guidance at step: 10 922 0 922
Guidance Strength: 0.6773266792297363 -- Loss: 1.673828125 -- Score Func: 1.4763925075531006
Performing Guidance at step: 11 913 0 913
Guidance Strength: 4.870534420013428 -- Loss: 1.650390625 -- Score Func: 0.20531627535820007
Performing Guidance at step: 12 904 0 904
Guidance Strength: 4.761223316192627 -- Loss: 1.654296875 -- Score Func: 0.21003004908561707
Performing Guidance at step: 13 894 0 894
Guidance Strength: 4.747190952301025 -- Loss: 1.646484375 -- Score Func: 0.21065089106559753
Performing Guidance at step: 14 884 0 884
Guidance Strength: 5.285933494567871 -- Loss: 1.646484375 -- Score Func: 0.1891813427209854
Performing Guidance at step: 15 874 0 874
Guidance Strength: 3.8857829570770264 -- Loss: 1.6494140625 -- Score Func: 0.2573483884334564
Performing Guidance at step: 16 864 0 864
Guidance Strength: 3.8009843826293945 -- Loss: 1.6318359375 -- Score Func: 0.26308974623680115
Performing Guidance at step: 17 853 0 853
Guidance Strength: 4.722237586975098 -- Loss: 1.642578125 -- Score Func: 0.21176400780677795
Performing Guidance at step: 18 841 0 841
Guidance Strength: 4.786261081695557 -- Loss: 1.6552734375 -- Score Func: 0.2089313566684723
Performing Guidance at step: 19 829 0 829
Guidance Strength: 4.28865385055542 -- Loss: 1.662109375 -- Score Func: 0.2331734001636505
Performing Guidance at step: 20 817 0 817
Guidance Strength: 2.8031258583068848 -- Loss: 1.6455078125 -- Score Func: 0.35674458742141724
Performing Guidance at step: 21 805 0 805
Guidance Strength: 1.3163557052612305 -- Loss: 1.640625 -- Score Func: 0.7596731185913086
Performing Guidance at step: 22 792 0 792
Guidance Strength: 2.31866455078125 -- Loss: 1.6201171875 -- Score Func: 0.43128272891044617
Performing Guidance at step: 23 778 0 778
Guidance Strength: 0.25382521748542786 -- Loss: 1.6259765625 -- Score Func: 3.9397189617156982
Performing Guidance at step: 24 764 0 764
Guidance Strength: 2.149219274520874 -- Loss: 1.6494140625 -- Score Func: 0.4652852416038513
Generated video: generated_videos/wan_guidance_nt50_f17_w0c0s0/subject_consistency/a cat grooming itself meticulously with its tongue.mp4
Generating video for prompt 7/9: a cat playing in park
Performing Guidance at step: 2 985 0 985
Guidance Strength: 14.247509956359863 -- Loss: 1.4775390625 -- Score Func: 0.07018770277500153
Performing Guidance at step: 3 978 0 978
Guidance Strength: 3.9404327869415283 -- Loss: 1.4912109375 -- Score Func: 0.25377923250198364
Performing Guidance at step: 4 971 0 971
Guidance Strength: 4.778839588165283 -- Loss: 1.5400390625 -- Score Func: 0.20925581455230713
Performing Guidance at step: 5 963 0 963
Guidance Strength: 4.329414367675781 -- Loss: 1.5908203125 -- Score Func: 0.2309781312942505
Performing Guidance at step: 6 956 0 956
Guidance Strength: 2.3203084468841553 -- Loss: 1.5791015625 -- Score Func: 0.4309771656990051
Performing Guidance at step: 7 948 0 948
Guidance Strength: 2.9068551063537598 -- Loss: 1.615234375 -- Score Func: 0.34401440620422363
Performing Guidance at step: 8 939 0 939
Guidance Strength: 2.374173164367676 -- Loss: 1.6142578125 -- Score Func: 0.4211992621421814
Performing Guidance at step: 9 931 0 931
Guidance Strength: 0.7792962789535522 -- Loss: 1.634765625 -- Score Func: 1.283208966255188
Performing Guidance at step: 10 922 0 922
Guidance Strength: 2.238189220428467 -- Loss: 1.646484375 -- Score Func: 0.44678977131843567
Performing Guidance at step: 11 913 0 913
Guidance Strength: 2.0102386474609375 -- Loss: 1.6474609375 -- Score Func: 0.49745339155197144
Performing Guidance at step: 12 904 0 904
Guidance Strength: 2.4672887325286865 -- Loss: 1.6396484375 -- Score Func: 0.4053031802177429
Performing Guidance at step: 13 894 0 894
Guidance Strength: 1.5616689920425415 -- Loss: 1.6396484375 -- Score Func: 0.6403405666351318
Performing Guidance at step: 14 884 0 884
Guidance Strength: 2.8652124404907227 -- Loss: 1.6416015625 -- Score Func: 0.3490142524242401
Performing Guidance at step: 15 874 0 874
Guidance Strength: 3.4880406856536865 -- Loss: 1.6318359375 -- Score Func: 0.28669390082359314
Performing Guidance at step: 16 864 0 864
Guidance Strength: 2.7184391021728516 -- Loss: 1.638671875 -- Score Func: 0.3678581416606903
Performing Guidance at step: 17 853 0 853
Guidance Strength: 1.6718653440475464 -- Loss: 1.6376953125 -- Score Func: 0.5981342792510986
Performing Guidance at step: 18 841 0 841
Guidance Strength: 3.7267181873321533 -- Loss: 1.626953125 -- Score Func: 0.2683326005935669
Performing Guidance at step: 19 829 0 829
Guidance Strength: 3.2244091033935547 -- Loss: 1.6298828125 -- Score Func: 0.3101343512535095
Performing Guidance at step: 20 817 0 817
Guidance Strength: 3.2518153190612793 -- Loss: 1.6318359375 -- Score Func: 0.3075205385684967
Performing Guidance at step: 21 805 0 805
Guidance Strength: 2.793806552886963 -- Loss: 1.638671875 -- Score Func: 0.3579345941543579
Performing Guidance at step: 22 792 0 792
Guidance Strength: 1.5393366813659668 -- Loss: 1.6328125 -- Score Func: 0.6496304869651794
Performing Guidance at step: 23 778 0 778
Guidance Strength: 3.716254711151123 -- Loss: 1.646484375 -- Score Func: 0.26908811926841736
Performing Guidance at step: 24 764 0 764
Guidance Strength: 2.6107239723205566 -- Loss: 1.6513671875 -- Score Func: 0.3830355107784271
Generated video: generated_videos/wan_guidance_nt50_f17_w0c0s0/subject_consistency/a car turning a corner.mp4
Generating video for prompt 5/9: a car slowing down to stop
Performing Guidance at step: 2 985 0 985
Guidance Strength: 10.970657348632812 -- Loss: 1.4560546875 -- Score Func: 0.09115224331617355
Performing Guidance at step: 3 978 0 978
Guidance Strength: 3.967101573944092 -- Loss: 1.4892578125 -- Score Func: 0.2520731985569
Performing Guidance at step: 4 971 0 971
Guidance Strength: 7.1254167556762695 -- Loss: 1.5263671875 -- Score Func: 0.14034266769886017
Performing Guidance at step: 5 963 0 963
Guidance Strength: 1.7092154026031494 -- Loss: 1.5390625 -- Score Func: 0.5850637555122375
Performing Guidance at step: 6 956 0 956
Guidance Strength: 3.923386812210083 -- Loss: 1.548828125 -- Score Func: 0.2548818290233612
Performing Guidance at step: 7 948 0 948
Guidance Strength: 7.977451324462891 -- Loss: 1.5615234375 -- Score Func: 0.12535332143306732
Performing Guidance at step: 8 939 0 939
Guidance Strength: 0.7258817553520203 -- Loss: 1.572265625 -- Score Func: 1.377634882926941
Performing Guidance at step: 9 931 0 931
Guidance Strength: 6.706555366516113 -- Loss: 1.5908203125 -- Score Func: 0.14910784363746643
Performing Guidance at step: 10 922 0 922
Guidance Strength: 4.657597064971924 -- Loss: 1.6259765625 -- Score Func: 0.21470297873020172
Performing Guidance at step: 11 913 0 913
Guidance Strength: 4.169668197631836 -- Loss: 1.5869140625 -- Score Func: 0.2398272305727005
Performing Guidance at step: 12 904 0 904
Guidance Strength: 3.8670806884765625 -- Loss: 1.603515625 -- Score Func: 0.25859299302101135
Performing Guidance at step: 13 894 0 894
Guidance Strength: 4.037862777709961 -- Loss: 1.6201171875 -- Score Func: 0.24765576422214508
Performing Guidance at step: 14 884 0 884
Guidance Strength: 7.7177324295043945 -- Loss: 1.587890625 -- Score Func: 0.12957173585891724
Performing Guidance at step: 15 874 0 874
Guidance Strength: 1.1152936220169067 -- Loss: 1.580078125 -- Score Func: 0.8966248631477356
Performing Guidance at step: 16 864 0 864
Guidance Strength: 4.788329601287842 -- Loss: 1.5859375 -- Score Func: 0.20884108543395996
Performing Guidance at step: 17 853 0 853
Guidance Strength: 2.7281196117401123 -- Loss: 1.580078125 -- Score Func: 0.36655282974243164
Performing Guidance at step: 18 841 0 841
Guidance Strength: 6.892045974731445 -- Loss: 1.576171875 -- Score Func: 0.14509479701519012
Performing Guidance at step: 19 829 0 829
Guidance Strength: 7.1203694343566895 -- Loss: 1.578125 -- Score Func: 0.1404421478509903
Performing Guidance at step: 20 817 0 817
Guidance Strength: 6.850194931030273 -- Loss: 1.5791015625 -- Score Func: 0.14598125219345093
Performing Guidance at step: 21 805 0 805
Guidance Strength: 9.582125663757324 -- Loss: 1.5849609375 -- Score Func: 0.10436097532510757
Performing Guidance at step: 22 792 0 792
Guidance Strength: 10.900138854980469 -- Loss: 1.5888671875 -- Score Func: 0.09174194931983948
Performing Guidance at step: 23 778 0 778
Guidance Strength: 9.092494010925293 -- Loss: 1.5869140625 -- Score Func: 0.10998082906007767
Performing Guidance at step: 24 764 0 764
Guidance Strength: 9.89956283569336 -- Loss: 1.5771484375 -- Score Func: 0.10101456195116043
Generated video: generated_videos/wan_guidance_nt50_f17_w0c0s0/subject_consistency/an airplane accelerating to gain speed.mp4
Generating video for prompt 7/9: a bus turning a corner
Performing Guidance at step: 2 985 0 985
Guidance Strength: 7.848599910736084 -- Loss: 1.484375 -- Score Func: 0.12741126120090485
Performing Guidance at step: 3 978 0 978
Guidance Strength: 5.498586177825928 -- Loss: 1.4951171875 -- Score Func: 0.181864932179451
Performing Guidance at step: 4 971 0 971
Guidance Strength: 7.040943145751953 -- Loss: 1.4619140625 -- Score Func: 0.14202642440795898
Performing Guidance at step: 5 963 0 963
Guidance Strength: 5.569404602050781 -- Loss: 1.5458984375 -- Score Func: 0.17955240607261658
Performing Guidance at step: 6 956 0 956
Guidance Strength: 2.202548027038574 -- Loss: 1.5615234375 -- Score Func: 0.45401960611343384
Performing Guidance at step: 7 948 0 948
Guidance Strength: 6.302786827087402 -- Loss: 1.681640625 -- Score Func: 0.15865997970104218
Performing Guidance at step: 8 939 0 939
Guidance Strength: 10.927372932434082 -- Loss: 1.6982421875 -- Score Func: 0.09151330590248108
Performing Guidance at step: 9 931 0 931
Guidance Strength: 7.880436897277832 -- Loss: 1.689453125 -- Score Func: 0.12689651548862457
Performing Guidance at step: 10 922 0 922
Guidance Strength: 4.170373439788818 -- Loss: 1.6943359375 -- Score Func: 0.23978666961193085
Performing Guidance at step: 11 913 0 913
Guidance Strength: 0.610209047794342 -- Loss: 1.6943359375 -- Score Func: 1.6387826204299927
Performing Guidance at step: 12 904 0 904
Guidance Strength: 6.262466907501221 -- Loss: 1.6982421875 -- Score Func: 0.15968148410320282
Performing Guidance at step: 13 894 0 894
Guidance Strength: 5.491189479827881 -- Loss: 1.703125 -- Score Func: 0.18210990726947784
Performing Guidance at step: 14 884 0 884
Guidance Strength: 6.641465663909912 -- Loss: 1.705078125 -- Score Func: 0.15056917071342468
Performing Guidance at step: 15 874 0 874
Guidance Strength: 2.4167239665985107 -- Loss: 1.7138671875 -- Score Func: 0.41378331184387207
Performing Guidance at step: 16 864 0 864
Guidance Strength: 5.334760665893555 -- Loss: 1.7138671875 -- Score Func: 0.18744982779026031
Performing Guidance at step: 17 853 0 853
Guidance Strength: 5.476568698883057 -- Loss: 1.708984375 -- Score Func: 0.1825960874557495
Performing Guidance at step: 18 841 0 841
Guidance Strength: 5.423367500305176 -- Loss: 1.7060546875 -- Score Func: 0.18438728153705597
Performing Guidance at step: 19 829 0 829
Guidance Strength: 5.947663307189941 -- Loss: 1.7109375 -- Score Func: 0.16813325881958008
Performing Guidance at step: 20 817 0 817
Guidance Strength: 4.253365993499756 -- Loss: 1.701171875 -- Score Func: 0.2351079136133194
Performing Guidance at step: 21 805 0 805
Guidance Strength: 9.185227394104004 -- Loss: 1.701171875 -- Score Func: 0.10887046903371811
Performing Guidance at step: 22 792 0 792
Guidance Strength: 11.308026313781738 -- Loss: 1.7041015625 -- Score Func: 0.08843275904655457
Performing Guidance at step: 23 778 0 778
Guidance Strength: 11.410097122192383 -- Loss: 1.7021484375 -- Score Func: 0.08764167129993439
Performing Guidance at step: 24 764 0 764
Guidance Strength: 10.431526184082031 -- Loss: 1.703125 -- Score Func: 0.09586324542760849
Generated video: generated_videos/wan_guidance_nt50_f17_w0c0s0/subject_consistency/a zebra taking a peaceful walk.mp4
Generating video for prompt 7/9: a giraffe bending down to drink water from a river
Performing Guidance at step: 2 985 0 985
Guidance Strength: 9.962615013122559 -- Loss: 1.5244140625 -- Score Func: 0.10037525743246078
Performing Guidance at step: 3 978 0 978
Guidance Strength: 7.463805198669434 -- Loss: 1.5849609375 -- Score Func: 0.1339799165725708
Performing Guidance at step: 4 971 0 971
Guidance Strength: 8.163204193115234 -- Loss: 1.6923828125 -- Score Func: 0.12250091880559921
Performing Guidance at step: 5 963 0 963
Guidance Strength: 2.135190725326538 -- Loss: 1.6875 -- Score Func: 0.46834224462509155
Performing Guidance at step: 6 956 0 956
Guidance Strength: 7.3937883377075195 -- Loss: 1.6875 -- Score Func: 0.13524866104125977
Performing Guidance at step: 7 948 0 948
Guidance Strength: 12.949429512023926 -- Loss: 1.6923828125 -- Score Func: 0.07722347974777222
Performing Guidance at step: 8 939 0 939
Guidance Strength: 6.409113883972168 -- Loss: 1.6162109375 -- Score Func: 0.15602780878543854
Performing Guidance at step: 9 931 0 931
Guidance Strength: 4.878617763519287 -- Loss: 1.6474609375 -- Score Func: 0.20497608184814453
Performing Guidance at step: 10 922 0 922
Guidance Strength: 6.373465061187744 -- Loss: 1.6298828125 -- Score Func: 0.1569005250930786
Performing Guidance at step: 11 913 0 913
Guidance Strength: 6.879108905792236 -- Loss: 1.6494140625 -- Score Func: 0.14536766707897186
Performing Guidance at step: 12 904 0 904
Guidance Strength: 7.457119464874268 -- Loss: 1.6435546875 -- Score Func: 0.1341000348329544
Performing Guidance at step: 13 894 0 894
Guidance Strength: 6.2031707763671875 -- Loss: 1.6640625 -- Score Func: 0.1612078845500946
Performing Guidance at step: 14 884 0 884
Guidance Strength: 7.613186836242676 -- Loss: 1.6767578125 -- Score Func: 0.131351038813591
Performing Guidance at step: 15 874 0 874
Guidance Strength: 5.1534576416015625 -- Loss: 1.6826171875 -- Score Func: 0.19404447078704834
Performing Guidance at step: 16 864 0 864
Guidance Strength: 10.545425415039062 -- Loss: 1.689453125 -- Score Func: 0.09482784569263458
Performing Guidance at step: 17 853 0 853
Guidance Strength: 8.467360496520996 -- Loss: 1.6865234375 -- Score Func: 0.11810055375099182
Performing Guidance at step: 18 841 0 841
Guidance Strength: 10.93679428100586 -- Loss: 1.6904296875 -- Score Func: 0.09143447130918503
Performing Guidance at step: 19 829 0 829
Guidance Strength: 8.710926055908203 -- Loss: 1.6904296875 -- Score Func: 0.11479835957288742
Performing Guidance at step: 20 817 0 817
Guidance Strength: 0.4955625832080841 -- Loss: 1.6943359375 -- Score Func: 2.0179085731506348
Performing Guidance at step: 21 805 0 805
Guidance Strength: 6.480770587921143 -- Loss: 1.703125 -- Score Func: 0.15430264174938202
Performing Guidance at step: 22 792 0 792
Guidance Strength: 8.553218841552734 -- Loss: 1.7041015625 -- Score Func: 0.11691504716873169
Performing Guidance at step: 23 778 0 778
Guidance Strength: 11.76351261138916 -- Loss: 1.7021484375 -- Score Func: 0.08500862121582031
Performing Guidance at step: 24 764 0 764
Guidance Strength: 9.827606201171875 -- Loss: 1.7021484375 -- Score Func: 0.10175418108701706
Generated video: generated_videos/wan_guidance_nt50_f17_w0c0s0/subject_consistency/a horse galloping across an open field.mp4
Generating video for prompt 7/9: a horse taking a peaceful walk
Performing Guidance at step: 2 985 0 985
Guidance Strength: 13.310641288757324 -- Loss: 1.5146484375 -- Score Func: 0.07512786239385605
Performing Guidance at step: 3 978 0 978
Guidance Strength: 9.889111518859863 -- Loss: 1.4638671875 -- Score Func: 0.10112132132053375
Performing Guidance at step: 4 971 0 971
Guidance Strength: 1.5300301313400269 -- Loss: 1.521484375 -- Score Func: 0.6535819172859192
Performing Guidance at step: 5 963 0 963
Guidance Strength: 6.387931823730469 -- Loss: 1.537109375 -- Score Func: 0.15654519200325012
Performing Guidance at step: 6 956 0 956
Guidance Strength: 6.5202860832214355 -- Loss: 1.564453125 -- Score Func: 0.15336750447750092
Performing Guidance at step: 7 948 0 948
Guidance Strength: 4.204592704772949 -- Loss: 1.5595703125 -- Score Func: 0.23783516883850098
Performing Guidance at step: 8 939 0 939
Guidance Strength: 3.331329345703125 -- Loss: 1.7275390625 -- Score Func: 0.30018046498298645
Performing Guidance at step: 9 931 0 931
Guidance Strength: 2.018674373626709 -- Loss: 1.7109375 -- Score Func: 0.4953745901584625
Performing Guidance at step: 10 922 0 922
Guidance Strength: 4.708527565002441 -- Loss: 1.736328125 -- Score Func: 0.21238061785697937
Performing Guidance at step: 11 913 0 913
Guidance Strength: 2.4758427143096924 -- Loss: 1.759765625 -- Score Func: 0.40390288829803467
Performing Guidance at step: 12 904 0 904
Guidance Strength: 1.1438528299331665 -- Loss: 1.7412109375 -- Score Func: 0.8742383122444153
Performing Guidance at step: 13 894 0 894
Guidance Strength: 2.4842987060546875 -- Loss: 1.7373046875 -- Score Func: 0.4025280773639679
Performing Guidance at step: 14 884 0 884
Guidance Strength: 4.993321895599365 -- Loss: 1.748046875 -- Score Func: 0.2002674788236618
Performing Guidance at step: 15 874 0 874
Guidance Strength: 5.765613555908203 -- Loss: 1.7421875 -- Score Func: 0.173442080616951
Performing Guidance at step: 16 864 0 864
Guidance Strength: 3.8088529109954834 -- Loss: 1.7451171875 -- Score Func: 0.26254624128341675
Performing Guidance at step: 17 853 0 853
Guidance Strength: 3.8357808589935303 -- Loss: 1.7451171875 -- Score Func: 0.26070311665534973
Performing Guidance at step: 18 841 0 841
Guidance Strength: 4.820070266723633 -- Loss: 1.7509765625 -- Score Func: 0.20746585726737976
Performing Guidance at step: 19 829 0 829
Guidance Strength: 7.45810604095459 -- Loss: 1.7509765625 -- Score Func: 0.13408230245113373
Performing Guidance at step: 20 817 0 817
Guidance Strength: 6.897315502166748 -- Loss: 1.751953125 -- Score Func: 0.1449839472770691
Performing Guidance at step: 21 805 0 805
Guidance Strength: 8.257034301757812 -- Loss: 1.7568359375 -- Score Func: 0.12110885232686996
Performing Guidance at step: 22 792 0 792
Guidance Strength: 11.09217643737793 -- Loss: 1.7548828125 -- Score Func: 0.09015363454818726
Performing Guidance at step: 23 778 0 778
Guidance Strength: 8.000001907348633 -- Loss: 1.7568359375 -- Score Func: 0.12499997019767761
Performing Guidance at step: 24 764 0 764
Guidance Strength: 4.495049953460693 -- Loss: 1.7509765625 -- Score Func: 0.22246693074703217
Generated video: generated_videos/wan_guidance_nt50_f17_w0c0s0/subject_consistency/a person playing guitar.mp4
Generating video for prompt 8/9: a bicycle leaning against a tree
Performing Guidance at step: 2 985 0 985
Guidance Strength: 2.689636468887329 -- Loss: 1.4521484375 -- Score Func: 0.37179747223854065
Performing Guidance at step: 3 978 0 978
Guidance Strength: 12.482934951782227 -- Loss: 1.4892578125 -- Score Func: 0.0801093652844429
Performing Guidance at step: 4 971 0 971
Guidance Strength: 13.70183277130127 -- Loss: 1.498046875 -- Score Func: 0.07298293709754944
Performing Guidance at step: 5 963 0 963
Guidance Strength: 4.501460552215576 -- Loss: 1.5087890625 -- Score Func: 0.22215011715888977
Performing Guidance at step: 6 956 0 956
Guidance Strength: 10.819622039794922 -- Loss: 1.4990234375 -- Score Func: 0.0924246683716774
Performing Guidance at step: 7 948 0 948
Guidance Strength: 8.08923053741455 -- Loss: 1.546875 -- Score Func: 0.1236211508512497
Performing Guidance at step: 8 939 0 939
Guidance Strength: 8.624489784240723 -- Loss: 1.5732421875 -- Score Func: 0.115948885679245
Performing Guidance at step: 9 931 0 931
Guidance Strength: 8.092595100402832 -- Loss: 1.5556640625 -- Score Func: 0.12356975674629211
Performing Guidance at step: 10 922 0 922
Guidance Strength: 5.935173034667969 -- Loss: 1.5419921875 -- Score Func: 0.168487086892128
Performing Guidance at step: 11 913 0 913
Guidance Strength: 2.2359085083007812 -- Loss: 1.5537109375 -- Score Func: 0.4472454786300659
Performing Guidance at step: 12 904 0 904
Guidance Strength: 4.3622660636901855 -- Loss: 1.5615234375 -- Score Func: 0.22923864424228668
Performing Guidance at step: 13 894 0 894
Guidance Strength: 4.444921016693115 -- Loss: 1.5732421875 -- Score Func: 0.22497588396072388
Performing Guidance at step: 14 884 0 884
Guidance Strength: 4.877300262451172 -- Loss: 1.5986328125 -- Score Func: 0.20503146946430206
Performing Guidance at step: 15 874 0 874
Guidance Strength: 7.437076568603516 -- Loss: 1.607421875 -- Score Func: 0.1344614326953888
Performing Guidance at step: 16 864 0 864
Guidance Strength: 5.315107822418213 -- Loss: 1.615234375 -- Score Func: 0.18814294040203094
Performing Guidance at step: 17 853 0 853
Guidance Strength: 2.9283318519592285 -- Loss: 1.6142578125 -- Score Func: 0.34149134159088135
Performing Guidance at step: 18 841 0 841
Guidance Strength: 4.459362506866455 -- Loss: 1.6181640625 -- Score Func: 0.2242472916841507
Performing Guidance at step: 19 829 0 829
Guidance Strength: 2.4711811542510986 -- Loss: 1.6181640625 -- Score Func: 0.4046647846698761
Performing Guidance at step: 20 817 0 817
Guidance Strength: 4.942488193511963 -- Loss: 1.609375 -- Score Func: 0.20232723653316498
Performing Guidance at step: 21 805 0 805
Guidance Strength: 2.2002947330474854 -- Loss: 1.6044921875 -- Score Func: 0.45448458194732666
Performing Guidance at step: 22 792 0 792
Guidance Strength: 2.5577313899993896 -- Loss: 1.6064453125 -- Score Func: 0.39097145199775696
Performing Guidance at step: 23 778 0 778
Guidance Strength: 1.5965837240219116 -- Loss: 1.5869140625 -- Score Func: 0.6263373494148254
Performing Guidance at step: 24 764 0 764
Guidance Strength: 2.7929508686065674 -- Loss: 1.6044921875 -- Score Func: 0.35804423689842224
Generated video: generated_videos/wan_guidance_nt50_f17_w0c0s0/subject_consistency/a cat playing in park.mp4
Generating video for prompt 8/9: a cat drinking water
Performing Guidance at step: 2 985 0 985
Guidance Strength: 5.500113487243652 -- Loss: 1.5341796875 -- Score Func: 0.18181443214416504
Performing Guidance at step: 3 978 0 978
Guidance Strength: 15.19440746307373 -- Loss: 1.517578125 -- Score Func: 0.06581369042396545
Performing Guidance at step: 4 971 0 971
Guidance Strength: 9.372241020202637 -- Loss: 1.583984375 -- Score Func: 0.10669806599617004
Performing Guidance at step: 5 963 0 963
Guidance Strength: 11.412313461303711 -- Loss: 1.5849609375 -- Score Func: 0.08762465417385101
Performing Guidance at step: 6 956 0 956
Guidance Strength: 1.8799878358840942 -- Loss: 1.5537109375 -- Score Func: 0.5319183468818665
Performing Guidance at step: 7 948 0 948
Guidance Strength: 7.4792866706848145 -- Loss: 1.560546875 -- Score Func: 0.1337025910615921
Performing Guidance at step: 8 939 0 939
Guidance Strength: 1.1499420404434204 -- Loss: 1.6513671875 -- Score Func: 0.8696090579032898
Performing Guidance at step: 9 931 0 931
Guidance Strength: 6.900540351867676 -- Loss: 1.6630859375 -- Score Func: 0.14491619169712067
Performing Guidance at step: 10 922 0 922
Guidance Strength: 5.384761333465576 -- Loss: 1.6640625 -- Score Func: 0.18570925295352936
Performing Guidance at step: 11 913 0 913
Guidance Strength: 10.64107608795166 -- Loss: 1.6552734375 -- Score Func: 0.09397545456886292
Performing Guidance at step: 12 904 0 904
Guidance Strength: 6.783235549926758 -- Loss: 1.6513671875 -- Score Func: 0.14742226898670197
Performing Guidance at step: 13 894 0 894
Guidance Strength: 5.312819957733154 -- Loss: 1.6591796875 -- Score Func: 0.1882239580154419
Performing Guidance at step: 14 884 0 884
Guidance Strength: 6.324089527130127 -- Loss: 1.7060546875 -- Score Func: 0.15812553465366364
Performing Guidance at step: 15 874 0 874
Guidance Strength: 7.2605438232421875 -- Loss: 1.7041015625 -- Score Func: 0.13773073256015778
Performing Guidance at step: 16 864 0 864
Guidance Strength: 2.1481833457946777 -- Loss: 1.7041015625 -- Score Func: 0.4655096232891083
Performing Guidance at step: 17 853 0 853
Guidance Strength: 4.609582901000977 -- Loss: 1.7001953125 -- Score Func: 0.21693937480449677
Performing Guidance at step: 18 841 0 841
Guidance Strength: 1.366445779800415 -- Loss: 1.712890625 -- Score Func: 0.731825590133667
Performing Guidance at step: 19 829 0 829
Guidance Strength: 5.532287120819092 -- Loss: 1.7177734375 -- Score Func: 0.1807570606470108
Performing Guidance at step: 20 817 0 817
Guidance Strength: 7.322269439697266 -- Loss: 1.720703125 -- Score Func: 0.13656967878341675
Performing Guidance at step: 21 805 0 805
Guidance Strength: 2.2025392055511475 -- Loss: 1.720703125 -- Score Func: 0.4540214538574219
Performing Guidance at step: 22 792 0 792
Guidance Strength: 9.009264945983887 -- Loss: 1.724609375 -- Score Func: 0.11099684983491898
Performing Guidance at step: 23 778 0 778
Guidance Strength: 7.964842319488525 -- Loss: 1.7216796875 -- Score Func: 0.1255517601966858
Performing Guidance at step: 24 764 0 764
Guidance Strength: 2.1094937324523926 -- Loss: 1.71875 -- Score Func: 0.47404739260673523
Generated video: generated_videos/wan_guidance_nt50_f17_w0c0s0/subject_consistency/an elephant taking a peaceful walk.mp4
Generating video for prompt 8/9: an elephant running to join a herd of its kind
Performing Guidance at step: 2 985 0 985
Guidance Strength: 9.542398452758789 -- Loss: 1.4306640625 -- Score Func: 0.10479545593261719
Performing Guidance at step: 3 978 0 978
Guidance Strength: 16.36539649963379 -- Loss: 1.5 -- Score Func: 0.06110453978180885
Performing Guidance at step: 4 971 0 971
Guidance Strength: 0.4346255660057068 -- Loss: 1.4814453125 -- Score Func: 2.3008310794830322
Performing Guidance at step: 5 963 0 963
Guidance Strength: 4.57255744934082 -- Loss: 1.458984375 -- Score Func: 0.2186959981918335
Performing Guidance at step: 6 956 0 956
Guidance Strength: 4.344967365264893 -- Loss: 1.521484375 -- Score Func: 0.23015132546424866
Performing Guidance at step: 7 948 0 948
Guidance Strength: 5.1839070320129395 -- Loss: 1.5380859375 -- Score Func: 0.19290469586849213
Performing Guidance at step: 8 939 0 939
Guidance Strength: 3.727809190750122 -- Loss: 1.5615234375 -- Score Func: 0.2682540714740753
Performing Guidance at step: 9 931 0 931
Guidance Strength: 6.452670574188232 -- Loss: 1.5654296875 -- Score Func: 0.15497459471225739
Performing Guidance at step: 10 922 0 922
Guidance Strength: 5.1183247566223145 -- Loss: 1.5654296875 -- Score Func: 0.1953764259815216
Performing Guidance at step: 11 913 0 913
Guidance Strength: 5.4513421058654785 -- Loss: 1.5634765625 -- Score Func: 0.18344105780124664
Performing Guidance at step: 12 904 0 904
Guidance Strength: 4.100375652313232 -- Loss: 1.568359375 -- Score Func: 0.24388010799884796
Performing Guidance at step: 13 894 0 894
Guidance Strength: 5.187935829162598 -- Loss: 1.5771484375 -- Score Func: 0.19275489449501038
Performing Guidance at step: 14 884 0 884
Guidance Strength: 5.877397060394287 -- Loss: 1.578125 -- Score Func: 0.17014335095882416
Performing Guidance at step: 15 874 0 874
Guidance Strength: 3.4209444522857666 -- Loss: 1.6005859375 -- Score Func: 0.2923169434070587
Performing Guidance at step: 16 864 0 864
Guidance Strength: 7.07646369934082 -- Loss: 1.5986328125 -- Score Func: 0.14131352305412292
Performing Guidance at step: 17 853 0 853
Guidance Strength: 7.069985866546631 -- Loss: 1.5908203125 -- Score Func: 0.14144299924373627
Performing Guidance at step: 18 841 0 841
Guidance Strength: 2.137448310852051 -- Loss: 1.603515625 -- Score Func: 0.4678475558757782
Performing Guidance at step: 19 829 0 829
Guidance Strength: 7.404481887817383 -- Loss: 1.5908203125 -- Score Func: 0.1350533366203308
Performing Guidance at step: 20 817 0 817
Guidance Strength: 3.271507978439331 -- Loss: 1.6044921875 -- Score Func: 0.3056694269180298
Performing Guidance at step: 21 805 0 805
Guidance Strength: 4.237428188323975 -- Loss: 1.609375 -- Score Func: 0.2359922081232071
Performing Guidance at step: 22 792 0 792
Guidance Strength: 3.246150255203247 -- Loss: 1.595703125 -- Score Func: 0.3080572187900543
Performing Guidance at step: 23 778 0 778
Guidance Strength: 6.81871223449707 -- Loss: 1.607421875 -- Score Func: 0.14665526151657104
Performing Guidance at step: 24 764 0 764
Guidance Strength: 2.1261277198791504 -- Loss: 1.6044921875 -- Score Func: 0.4703386425971985
Generated video: generated_videos/wan_guidance_nt50_f17_w0c0s0/subject_consistency/a giraffe bending down to drink water from a river.mp4
Generating video for prompt 8/9: a giraffe taking a peaceful walk
Performing Guidance at step: 2 985 0 985
Guidance Strength: 9.496169090270996 -- Loss: 1.505859375 -- Score Func: 0.10530562698841095
Performing Guidance at step: 3 978 0 978
Guidance Strength: 9.618658065795898 -- Loss: 1.5078125 -- Score Func: 0.10396460443735123
Performing Guidance at step: 4 971 0 971
Guidance Strength: 6.300887584686279 -- Loss: 1.5615234375 -- Score Func: 0.15870779752731323
Performing Guidance at step: 5 963 0 963
Guidance Strength: 6.682126045227051 -- Loss: 1.595703125 -- Score Func: 0.14965297281742096
Performing Guidance at step: 6 956 0 956
Guidance Strength: 2.2184031009674072 -- Loss: 1.611328125 -- Score Func: 0.4507746994495392
Performing Guidance at step: 7 948 0 948
Guidance Strength: 1.6134034395217896 -- Loss: 1.6123046875 -- Score Func: 0.619807779788971
Performing Guidance at step: 8 939 0 939
Guidance Strength: 3.8378989696502686 -- Loss: 1.6728515625 -- Score Func: 0.26055923104286194
Performing Guidance at step: 9 931 0 931
Guidance Strength: 5.259533405303955 -- Loss: 1.6865234375 -- Score Func: 0.19013093411922455
Performing Guidance at step: 10 922 0 922
Guidance Strength: 4.931362628936768 -- Loss: 1.689453125 -- Score Func: 0.2027837038040161
Performing Guidance at step: 11 913 0 913
Guidance Strength: 7.25372838973999 -- Loss: 1.6845703125 -- Score Func: 0.13786013424396515
Performing Guidance at step: 12 904 0 904
Guidance Strength: 3.01261830329895 -- Loss: 1.6865234375 -- Score Func: 0.33193716406822205
Performing Guidance at step: 13 894 0 894
Guidance Strength: 4.1847991943359375 -- Loss: 1.6943359375 -- Score Func: 0.23896008729934692
Performing Guidance at step: 14 884 0 884
Guidance Strength: 8.090836524963379 -- Loss: 1.677734375 -- Score Func: 0.12359661608934402
Performing Guidance at step: 15 874 0 874
Guidance Strength: 7.387319564819336 -- Loss: 1.6826171875 -- Score Func: 0.13536709547042847
Performing Guidance at step: 16 864 0 864
Guidance Strength: 6.730398654937744 -- Loss: 1.6806640625 -- Score Func: 0.14857961237430573
Performing Guidance at step: 17 853 0 853
Guidance Strength: 0.5639533400535583 -- Loss: 1.6865234375 -- Score Func: 1.7731963396072388
Performing Guidance at step: 18 841 0 841
Guidance Strength: 5.93043327331543 -- Loss: 1.6865234375 -- Score Func: 0.1686217486858368
Performing Guidance at step: 19 829 0 829
Guidance Strength: 7.19291353225708 -- Loss: 1.6865234375 -- Score Func: 0.1390257179737091
Performing Guidance at step: 20 817 0 817
Guidance Strength: 5.440771579742432 -- Loss: 1.681640625 -- Score Func: 0.1837974637746811
Performing Guidance at step: 21 805 0 805
Guidance Strength: 3.933046817779541 -- Loss: 1.685546875 -- Score Func: 0.2542558014392853
Performing Guidance at step: 22 792 0 792
Guidance Strength: 4.220300674438477 -- Loss: 1.685546875 -- Score Func: 0.23694993555545807
Performing Guidance at step: 23 778 0 778
Guidance Strength: 6.303591728210449 -- Loss: 1.6845703125 -- Score Func: 0.15863971412181854
Performing Guidance at step: 24 764 0 764
Guidance Strength: 6.657087802886963 -- Loss: 1.6826171875 -- Score Func: 0.15021583437919617
Generated video: generated_videos/wan_guidance_nt50_f17_w0c0s0/subject_consistency/a horse taking a peaceful walk.mp4
Generating video for prompt 8/9: a horse running to join a herd of its kind
Performing Guidance at step: 2 985 0 985
Guidance Strength: 7.606411933898926 -- Loss: 1.4619140625 -- Score Func: 0.1314680278301239
Performing Guidance at step: 3 978 0 978
Guidance Strength: 1.6091649532318115 -- Loss: 1.5126953125 -- Score Func: 0.6214403510093689
Performing Guidance at step: 4 971 0 971
Guidance Strength: 7.1034417152404785 -- Loss: 1.560546875 -- Score Func: 0.1407768279314041
Performing Guidance at step: 5 963 0 963
Guidance Strength: 7.787558555603027 -- Loss: 1.5283203125 -- Score Func: 0.1284099519252777
Performing Guidance at step: 6 956 0 956
Guidance Strength: 4.985385894775391 -- Loss: 1.5654296875 -- Score Func: 0.20058627426624298
Performing Guidance at step: 7 948 0 948
Guidance Strength: 7.135406017303467 -- Loss: 1.6005859375 -- Score Func: 0.1401461958885193
Performing Guidance at step: 8 939 0 939
Guidance Strength: 0.5349159240722656 -- Loss: 1.6201171875 -- Score Func: 1.869452714920044
Performing Guidance at step: 9 931 0 931
Guidance Strength: 5.616680145263672 -- Loss: 1.6181640625 -- Score Func: 0.17804111540317535
Performing Guidance at step: 10 922 0 922
Guidance Strength: 1.2851126194000244 -- Loss: 1.6220703125 -- Score Func: 0.7781419157981873
Performing Guidance at step: 11 913 0 913
Guidance Strength: 1.437816858291626 -- Loss: 1.6298828125 -- Score Func: 0.6954988837242126
Performing Guidance at step: 12 904 0 904
Guidance Strength: 4.314730644226074 -- Loss: 1.6318359375 -- Score Func: 0.23176418244838715
Performing Guidance at step: 13 894 0 894
Guidance Strength: 4.9266462326049805 -- Loss: 1.6435546875 -- Score Func: 0.20297783613204956
Performing Guidance at step: 14 884 0 884
Guidance Strength: 6.96475887298584 -- Loss: 1.650390625 -- Score Func: 0.14357998967170715
Performing Guidance at step: 15 874 0 874
Guidance Strength: 6.19610071182251 -- Loss: 1.65625 -- Score Func: 0.16139182448387146
Performing Guidance at step: 16 864 0 864
Guidance Strength: 1.6249372959136963 -- Loss: 1.6552734375 -- Score Func: 0.6154083609580994
Performing Guidance at step: 17 853 0 853
Guidance Strength: 7.468804359436035 -- Loss: 1.658203125 -- Score Func: 0.13389024138450623
Performing Guidance at step: 18 841 0 841
Guidance Strength: 7.120743751525879 -- Loss: 1.654296875 -- Score Func: 0.14043477177619934
Performing Guidance at step: 19 829 0 829
Guidance Strength: 6.5847625732421875 -- Loss: 1.6474609375 -- Score Func: 0.15186576545238495
Performing Guidance at step: 20 817 0 817
Guidance Strength: 7.966986179351807 -- Loss: 1.650390625 -- Score Func: 0.12551797926425934
Performing Guidance at step: 21 805 0 805
Guidance Strength: 6.318081378936768 -- Loss: 1.6494140625 -- Score Func: 0.15827590227127075
Performing Guidance at step: 22 792 0 792
Guidance Strength: 0.5615189075469971 -- Loss: 1.6435546875 -- Score Func: 1.7808839082717896
Performing Guidance at step: 23 778 0 778
Guidance Strength: 6.965753078460693 -- Loss: 1.640625 -- Score Func: 0.1435595005750656
Performing Guidance at step: 24 764 0 764
Guidance Strength: 8.526658058166504 -- Loss: 1.642578125 -- Score Func: 0.11727924644947052
Generated video: generated_videos/wan_guidance_nt50_f17_w0c0s0/subject_consistency/a bus turning a corner.mp4
Generating video for prompt 8/9: a bus stuck in traffic during rush hour
Performing Guidance at step: 2 985 0 985
Guidance Strength: 3.4926297664642334 -- Loss: 1.4287109375 -- Score Func: 0.28631719946861267
Performing Guidance at step: 3 978 0 978
Guidance Strength: 6.941418647766113 -- Loss: 1.4833984375 -- Score Func: 0.14406277239322662
Performing Guidance at step: 4 971 0 971
Guidance Strength: 5.472405910491943 -- Loss: 1.4345703125 -- Score Func: 0.18273498117923737
Performing Guidance at step: 5 963 0 963
Guidance Strength: 5.888143062591553 -- Loss: 1.4560546875 -- Score Func: 0.16983282566070557
Performing Guidance at step: 6 956 0 956
Guidance Strength: 2.2776811122894287 -- Loss: 1.5146484375 -- Score Func: 0.4390430152416229
Performing Guidance at step: 7 948 0 948
Guidance Strength: 4.093716621398926 -- Loss: 1.4580078125 -- Score Func: 0.24427679181098938
Performing Guidance at step: 8 939 0 939
Guidance Strength: 5.689996719360352 -- Loss: 1.5107421875 -- Score Func: 0.17574702203273773
Performing Guidance at step: 9 931 0 931
Guidance Strength: 6.162546157836914 -- Loss: 1.501953125 -- Score Func: 0.16227059066295624
Performing Guidance at step: 10 922 0 922
Guidance Strength: 7.075096130371094 -- Loss: 1.4794921875 -- Score Func: 0.14134083688259125
Performing Guidance at step: 11 913 0 913
Guidance Strength: 4.051891803741455 -- Loss: 1.494140625 -- Score Func: 0.2467983067035675
Performing Guidance at step: 12 904 0 904
Guidance Strength: 4.371723175048828 -- Loss: 1.517578125 -- Score Func: 0.22874274849891663
Performing Guidance at step: 13 894 0 894
Guidance Strength: 0.3936794102191925 -- Loss: 1.521484375 -- Score Func: 2.540138006210327
Performing Guidance at step: 14 884 0 884
Guidance Strength: 5.173752307891846 -- Loss: 1.5419921875 -- Score Func: 0.1932833194732666
Performing Guidance at step: 15 874 0 874
Guidance Strength: 4.442050457000732 -- Loss: 1.5419921875 -- Score Func: 0.22512125968933105
Performing Guidance at step: 16 864 0 864
Guidance Strength: 2.267094135284424 -- Loss: 1.541015625 -- Score Func: 0.4410932660102844
Performing Guidance at step: 17 853 0 853
Guidance Strength: 4.584038257598877 -- Loss: 1.4990234375 -- Score Func: 0.21814827620983124
Performing Guidance at step: 18 841 0 841
Guidance Strength: 4.856050491333008 -- Loss: 1.498046875 -- Score Func: 0.20592866837978363
Performing Guidance at step: 19 829 0 829
Guidance Strength: 4.0027947425842285 -- Loss: 1.4814453125 -- Score Func: 0.24982546269893646
Performing Guidance at step: 20 817 0 817
Guidance Strength: 0.4322855472564697 -- Loss: 1.474609375 -- Score Func: 2.3132858276367188
Performing Guidance at step: 21 805 0 805
Guidance Strength: 5.7703118324279785 -- Loss: 1.4912109375 -- Score Func: 0.1733008623123169
Performing Guidance at step: 22 792 0 792
Guidance Strength: 4.984208106994629 -- Loss: 1.4775390625 -- Score Func: 0.2006336748600006
Performing Guidance at step: 23 778 0 778
Guidance Strength: 3.936213731765747 -- Loss: 1.5 -- Score Func: 0.25405123829841614
Performing Guidance at step: 24 764 0 764
Guidance Strength: 6.114830017089844 -- Loss: 1.4833984375 -- Score Func: 0.16353684663772583
Generated video: generated_videos/wan_guidance_nt50_f17_w0c0s0/subject_consistency/a truck anchored in a tranquil bay.mp4
Generating video for prompt 6/9: a truck stuck in traffic during rush hour
Performing Guidance at step: 2 985 0 985
Guidance Strength: 5.468359470367432 -- Loss: 1.455078125 -- Score Func: 0.18287019431591034
Performing Guidance at step: 3 978 0 978
Guidance Strength: 3.194849967956543 -- Loss: 1.6474609375 -- Score Func: 0.3130037486553192
Performing Guidance at step: 4 971 0 971
Guidance Strength: 3.306549549102783 -- Loss: 1.673828125 -- Score Func: 0.30243006348609924
Performing Guidance at step: 5 963 0 963
Guidance Strength: 3.1860077381134033 -- Loss: 1.7158203125 -- Score Func: 0.31387242674827576
Performing Guidance at step: 6 956 0 956
Guidance Strength: 2.5029051303863525 -- Loss: 1.724609375 -- Score Func: 0.3995357155799866
Performing Guidance at step: 7 948 0 948
Guidance Strength: 2.977031707763672 -- Loss: 1.7265625 -- Score Func: 0.3359050452709198
Performing Guidance at step: 8 939 0 939
Guidance Strength: 3.1872596740722656 -- Loss: 1.7197265625 -- Score Func: 0.31374913454055786
Performing Guidance at step: 9 931 0 931
Guidance Strength: 4.693121910095215 -- Loss: 1.712890625 -- Score Func: 0.21307778358459473
Performing Guidance at step: 10 922 0 922
Guidance Strength: 4.595917701721191 -- Loss: 1.7109375 -- Score Func: 0.21758440136909485
Performing Guidance at step: 11 913 0 913
Guidance Strength: 3.7947804927825928 -- Loss: 1.705078125 -- Score Func: 0.26351985335350037
Performing Guidance at step: 12 904 0 904
Guidance Strength: 0.29936501383781433 -- Loss: 1.705078125 -- Score Func: 3.3404037952423096
Performing Guidance at step: 13 894 0 894
Guidance Strength: 5.196643352508545 -- Loss: 1.7265625 -- Score Func: 0.19243191182613373
Performing Guidance at step: 14 884 0 884
Guidance Strength: 5.316839218139648 -- Loss: 1.7275390625 -- Score Func: 0.18808166682720184
Performing Guidance at step: 15 874 0 874
Guidance Strength: 5.21624231338501 -- Loss: 1.7197265625 -- Score Func: 0.19170887768268585
Performing Guidance at step: 16 864 0 864
Guidance Strength: 4.499703884124756 -- Loss: 1.7265625 -- Score Func: 0.22223685681819916
Performing Guidance at step: 17 853 0 853
Guidance Strength: 1.2969417572021484 -- Loss: 1.720703125 -- Score Func: 0.7710446715354919
Performing Guidance at step: 18 841 0 841
Guidance Strength: 4.021157264709473 -- Loss: 1.7236328125 -- Score Func: 0.2486846148967743
Performing Guidance at step: 19 829 0 829
Guidance Strength: 3.0754480361938477 -- Loss: 1.7236328125 -- Score Func: 0.3251558840274811
Performing Guidance at step: 20 817 0 817
Guidance Strength: 3.4840972423553467 -- Loss: 1.7265625 -- Score Func: 0.28701838850975037
Performing Guidance at step: 21 805 0 805
Guidance Strength: 5.8905463218688965 -- Loss: 1.728515625 -- Score Func: 0.16976353526115417
Performing Guidance at step: 22 792 0 792
Guidance Strength: 2.3987438678741455 -- Loss: 1.728515625 -- Score Func: 0.4168848395347595
Performing Guidance at step: 23 778 0 778
Guidance Strength: 4.909858226776123 -- Loss: 1.724609375 -- Score Func: 0.2036718726158142
Performing Guidance at step: 24 764 0 764
Guidance Strength: 3.771411895751953 -- Loss: 1.7236328125 -- Score Func: 0.2651526927947998
Generated video: generated_videos/wan_guidance_nt50_f17_w0c0s0/subject_consistency/a car slowing down to stop.mp4
Generating video for prompt 6/9: a car accelerating to gain speed
Performing Guidance at step: 2 985 0 985
Guidance Strength: 3.9407835006713867 -- Loss: 1.5205078125 -- Score Func: 0.25375664234161377
Performing Guidance at step: 3 978 0 978
Guidance Strength: 15.013611793518066 -- Loss: 1.5009765625 -- Score Func: 0.06660622358322144
Performing Guidance at step: 4 971 0 971
Guidance Strength: 14.800373077392578 -- Loss: 1.5068359375 -- Score Func: 0.06756586581468582
Performing Guidance at step: 5 963 0 963
Guidance Strength: 10.273006439208984 -- Loss: 1.4443359375 -- Score Func: 0.09734248369932175
Performing Guidance at step: 6 956 0 956
Guidance Strength: 6.863647937774658 -- Loss: 1.4775390625 -- Score Func: 0.14569512009620667
Performing Guidance at step: 7 948 0 948
Guidance Strength: 12.359787940979004 -- Loss: 1.494140625 -- Score Func: 0.08090753853321075
Performing Guidance at step: 8 939 0 939
Guidance Strength: 7.938910484313965 -- Loss: 1.478515625 -- Score Func: 0.12596186995506287
Performing Guidance at step: 9 931 0 931
Guidance Strength: 4.02620792388916 -- Loss: 1.451171875 -- Score Func: 0.24837267398834229
Performing Guidance at step: 10 922 0 922
Guidance Strength: 5.473555088043213 -- Loss: 1.4677734375 -- Score Func: 0.1826966106891632
Performing Guidance at step: 11 913 0 913
Guidance Strength: 4.353959560394287 -- Loss: 1.5185546875 -- Score Func: 0.2296759933233261
Performing Guidance at step: 12 904 0 904
Guidance Strength: 8.150238990783691 -- Loss: 1.5546875 -- Score Func: 0.12269578874111176
Performing Guidance at step: 13 894 0 894
Guidance Strength: 5.895252227783203 -- Loss: 1.5556640625 -- Score Func: 0.16962802410125732
Performing Guidance at step: 14 884 0 884
Guidance Strength: 4.235898494720459 -- Loss: 1.607421875 -- Score Func: 0.2360774278640747
Performing Guidance at step: 15 874 0 874
Guidance Strength: 4.137024402618408 -- Loss: 1.623046875 -- Score Func: 0.24171961843967438
Performing Guidance at step: 16 864 0 864
Guidance Strength: 2.021101236343384 -- Loss: 1.5869140625 -- Score Func: 0.4947797656059265
Performing Guidance at step: 17 853 0 853
Guidance Strength: 2.8298134803771973 -- Loss: 1.6005859375 -- Score Func: 0.3533801734447479
Performing Guidance at step: 18 841 0 841
Guidance Strength: 2.6849474906921387 -- Loss: 1.6005859375 -- Score Func: 0.37244677543640137
Performing Guidance at step: 19 829 0 829
Guidance Strength: 2.3745276927948 -- Loss: 1.599609375 -- Score Func: 0.42113637924194336
Performing Guidance at step: 20 817 0 817
Guidance Strength: 1.8195321559906006 -- Loss: 1.6298828125 -- Score Func: 0.5495918393135071
Performing Guidance at step: 21 805 0 805
Guidance Strength: 4.318893909454346 -- Loss: 1.6318359375 -- Score Func: 0.2315407693386078
Performing Guidance at step: 22 792 0 792
Guidance Strength: 2.9353814125061035 -- Loss: 1.6201171875 -- Score Func: 0.34067124128341675
Performing Guidance at step: 23 778 0 778
Guidance Strength: 3.022944927215576 -- Loss: 1.623046875 -- Score Func: 0.330803245306015
Performing Guidance at step: 24 764 0 764
Guidance Strength: 5.291257858276367 -- Loss: 1.626953125 -- Score Func: 0.188990980386734
Generated video: generated_videos/wan_guidance_nt50_f17_w0c0s0/subject_consistency/a bicycle leaning against a tree.mp4
Generating video for prompt 9/9: a bicycle gliding through a snowy field
Performing Guidance at step: 2 985 0 985
Guidance Strength: 11.241164207458496 -- Loss: 1.5 -- Score Func: 0.0889587551355362
Performing Guidance at step: 3 978 0 978
Guidance Strength: 5.798025131225586 -- Loss: 1.5390625 -- Score Func: 0.1724725216627121
Performing Guidance at step: 4 971 0 971
Guidance Strength: 2.026082754135132 -- Loss: 1.474609375 -- Score Func: 0.4935632348060608
Performing Guidance at step: 5 963 0 963
Guidance Strength: 10.989738464355469 -- Loss: 1.5078125 -- Score Func: 0.0909939780831337
Performing Guidance at step: 6 956 0 956
Guidance Strength: 8.420333862304688 -- Loss: 1.513671875 -- Score Func: 0.1187601312994957
Performing Guidance at step: 7 948 0 948
Guidance Strength: 3.2307496070861816 -- Loss: 1.5302734375 -- Score Func: 0.3095256984233856
Performing Guidance at step: 8 939 0 939
Guidance Strength: 9.372735023498535 -- Loss: 1.5478515625 -- Score Func: 0.10669244080781937
Performing Guidance at step: 9 931 0 931
Guidance Strength: 2.8371551036834717 -- Loss: 1.5380859375 -- Score Func: 0.35246574878692627
Performing Guidance at step: 10 922 0 922
Guidance Strength: 3.0137996673583984 -- Loss: 1.5673828125 -- Score Func: 0.33180704712867737
Performing Guidance at step: 11 913 0 913
Guidance Strength: 3.330216884613037 -- Loss: 1.6162109375 -- Score Func: 0.30028074979782104
Performing Guidance at step: 12 904 0 904
Guidance Strength: 4.060184955596924 -- Loss: 1.669921875 -- Score Func: 0.24629418551921844
Performing Guidance at step: 13 894 0 894
Guidance Strength: 3.738193988800049 -- Loss: 1.6650390625 -- Score Func: 0.267508864402771
Performing Guidance at step: 14 884 0 884
Guidance Strength: 3.126631259918213 -- Loss: 1.6689453125 -- Score Func: 0.31983304023742676
Performing Guidance at step: 15 874 0 874
Guidance Strength: 2.508671998977661 -- Loss: 1.642578125 -- Score Func: 0.3986172676086426
Performing Guidance at step: 16 864 0 864
Guidance Strength: 2.9651944637298584 -- Loss: 1.6201171875 -- Score Func: 0.33724600076675415
Performing Guidance at step: 17 853 0 853
Guidance Strength: 3.6184444427490234 -- Loss: 1.5986328125 -- Score Func: 0.2763618528842926
Performing Guidance at step: 18 841 0 841
Guidance Strength: 3.8722431659698486 -- Loss: 1.5869140625 -- Score Func: 0.2582482397556305
Performing Guidance at step: 19 829 0 829
Guidance Strength: 3.7223966121673584 -- Loss: 1.6298828125 -- Score Func: 0.2686441242694855
Performing Guidance at step: 20 817 0 817
Guidance Strength: 4.064060688018799 -- Loss: 1.6142578125 -- Score Func: 0.2460593283176422
Performing Guidance at step: 21 805 0 805
Guidance Strength: 2.014923095703125 -- Loss: 1.6279296875 -- Score Func: 0.49629688262939453
Performing Guidance at step: 22 792 0 792
Guidance Strength: 2.467055082321167 -- Loss: 1.623046875 -- Score Func: 0.40534159541130066
Performing Guidance at step: 23 778 0 778
Guidance Strength: 3.7460882663726807 -- Loss: 1.6357421875 -- Score Func: 0.26694512367248535
Performing Guidance at step: 24 764 0 764
Guidance Strength: 3.438960313796997 -- Loss: 1.640625 -- Score Func: 0.290785551071167
Generated video: generated_videos/wan_guidance_nt50_f17_w0c0s0/subject_consistency/a cat drinking water.mp4
Generating video for prompt 9/9: a cat running happily
Performing Guidance at step: 2 985 0 985
Guidance Strength: 13.276983261108398 -- Loss: 1.5185546875 -- Score Func: 0.07531831413507462
Performing Guidance at step: 3 978 0 978
Guidance Strength: 17.015592575073242 -- Loss: 1.505859375 -- Score Func: 0.058769624680280685
Performing Guidance at step: 4 971 0 971
Guidance Strength: 5.795135021209717 -- Loss: 1.4912109375 -- Score Func: 0.17255853116512299
Performing Guidance at step: 5 963 0 963
Guidance Strength: 10.296299934387207 -- Loss: 1.46875 -- Score Func: 0.09712226688861847
Performing Guidance at step: 6 956 0 956
Guidance Strength: 6.616982936859131 -- Loss: 1.4287109375 -- Score Func: 0.15112628042697906
Performing Guidance at step: 7 948 0 948
Guidance Strength: 4.27768611907959 -- Loss: 1.4609375 -- Score Func: 0.23377123475074768
Performing Guidance at step: 8 939 0 939
Guidance Strength: 6.830472469329834 -- Loss: 1.517578125 -- Score Func: 0.1464027613401413
Performing Guidance at step: 9 931 0 931
Guidance Strength: 4.4374518394470215 -- Loss: 1.5771484375 -- Score Func: 0.22535455226898193
Performing Guidance at step: 10 922 0 922
Guidance Strength: 2.4613754749298096 -- Loss: 1.658203125 -- Score Func: 0.4062768816947937
Performing Guidance at step: 11 913 0 913
Guidance Strength: 1.9458184242248535 -- Loss: 1.7373046875 -- Score Func: 0.5139225721359253
Performing Guidance at step: 12 904 0 904
Guidance Strength: 2.681168794631958 -- Loss: 1.7099609375 -- Score Func: 0.37297168374061584
Performing Guidance at step: 13 894 0 894
Guidance Strength: 3.995600700378418 -- Loss: 1.669921875 -- Score Func: 0.25027525424957275
Performing Guidance at step: 14 884 0 884
Guidance Strength: 2.6130776405334473 -- Loss: 1.7392578125 -- Score Func: 0.3826904892921448
Performing Guidance at step: 15 874 0 874
Guidance Strength: 5.683963775634766 -- Loss: 1.6689453125 -- Score Func: 0.1759335696697235
Performing Guidance at step: 16 864 0 864
Guidance Strength: 3.7001543045043945 -- Loss: 1.6806640625 -- Score Func: 0.27025899291038513
Performing Guidance at step: 17 853 0 853
Guidance Strength: 3.554241180419922 -- Loss: 1.7109375 -- Score Func: 0.28135401010513306
Performing Guidance at step: 18 841 0 841
Guidance Strength: 5.23992919921875 -- Loss: 1.703125 -- Score Func: 0.19084227085113525
Performing Guidance at step: 19 829 0 829
Guidance Strength: 7.214109420776367 -- Loss: 1.712890625 -- Score Func: 0.13861724734306335
Performing Guidance at step: 20 817 0 817
Guidance Strength: 2.7378838062286377 -- Loss: 1.720703125 -- Score Func: 0.3652455806732178
Performing Guidance at step: 21 805 0 805
Guidance Strength: 11.573824882507324 -- Loss: 1.7333984375 -- Score Func: 0.08640185743570328
Performing Guidance at step: 22 792 0 792
Guidance Strength: 9.009468078613281 -- Loss: 1.7275390625 -- Score Func: 0.11099433898925781
Performing Guidance at step: 23 778 0 778
Guidance Strength: 9.398711204528809 -- Loss: 1.728515625 -- Score Func: 0.10639756917953491
Performing Guidance at step: 24 764 0 764
Guidance Strength: 8.42170524597168 -- Loss: 1.7275390625 -- Score Func: 0.11874079704284668
Generated video: generated_videos/wan_guidance_nt50_f17_w0c0s0/subject_consistency/an elephant running to join a herd of its kind.mp4
Generating video for prompt 9/9: a bear catching a salmon in its powerful jaws
Performing Guidance at step: 2 985 0 985
Guidance Strength: 15.456367492675781 -- Loss: 1.5205078125 -- Score Func: 0.06469825655221939
Performing Guidance at step: 3 978 0 978
Guidance Strength: 22.725017547607422 -- Loss: 1.5205078125 -- Score Func: 0.04400436580181122
Performing Guidance at step: 4 971 0 971
Guidance Strength: 11.239326477050781 -- Loss: 1.5009765625 -- Score Func: 0.08897330611944199
Performing Guidance at step: 5 963 0 963
Guidance Strength: 11.098061561584473 -- Loss: 1.4482421875 -- Score Func: 0.0901058241724968
Performing Guidance at step: 6 956 0 956
Guidance Strength: 9.15672492980957 -- Loss: 1.4658203125 -- Score Func: 0.10920935124158859
Performing Guidance at step: 7 948 0 948
Guidance Strength: 8.584243774414062 -- Loss: 1.4892578125 -- Score Func: 0.11649249494075775
Performing Guidance at step: 8 939 0 939
Guidance Strength: 7.457275390625 -- Loss: 1.5244140625 -- Score Func: 0.13409723341464996
Performing Guidance at step: 9 931 0 931
Guidance Strength: 4.127237796783447 -- Loss: 1.544921875 -- Score Func: 0.24229279160499573
Performing Guidance at step: 10 922 0 922
Guidance Strength: 5.565980911254883 -- Loss: 1.5537109375 -- Score Func: 0.17966285347938538
Performing Guidance at step: 11 913 0 913
Guidance Strength: 5.7309794425964355 -- Loss: 1.568359375 -- Score Func: 0.17449024319648743
Performing Guidance at step: 12 904 0 904
Guidance Strength: 4.204459190368652 -- Loss: 1.5615234375 -- Score Func: 0.23784270882606506
Performing Guidance at step: 13 894 0 894
Guidance Strength: 4.530053615570068 -- Loss: 1.578125 -- Score Func: 0.2207479476928711
Performing Guidance at step: 14 884 0 884
Guidance Strength: 5.009146690368652 -- Loss: 1.587890625 -- Score Func: 0.19963480532169342
Performing Guidance at step: 15 874 0 874
Guidance Strength: 1.9886523485183716 -- Loss: 1.6005859375 -- Score Func: 0.5028530955314636
Performing Guidance at step: 16 864 0 864
Guidance Strength: 3.537470817565918 -- Loss: 1.6005859375 -- Score Func: 0.28268784284591675
Performing Guidance at step: 17 853 0 853
Guidance Strength: 1.9128562211990356 -- Loss: 1.6123046875 -- Score Func: 0.5227784514427185
Performing Guidance at step: 18 841 0 841
Guidance Strength: 3.363152503967285 -- Loss: 1.6015625 -- Score Func: 0.29734006524086
Performing Guidance at step: 19 829 0 829
Guidance Strength: 4.553450107574463 -- Loss: 1.6103515625 -- Score Func: 0.2196137011051178
Performing Guidance at step: 20 817 0 817
Guidance Strength: 3.3300790786743164 -- Loss: 1.5947265625 -- Score Func: 0.3002931773662567
Performing Guidance at step: 21 805 0 805
Guidance Strength: 1.046502947807312 -- Loss: 1.5869140625 -- Score Func: 0.955563485622406
Performing Guidance at step: 22 792 0 792
Guidance Strength: 2.5535974502563477 -- Loss: 1.583984375 -- Score Func: 0.39160439372062683
Performing Guidance at step: 23 778 0 778
Guidance Strength: 1.5683072805404663 -- Loss: 1.5927734375 -- Score Func: 0.6376301646232605
Performing Guidance at step: 24 764 0 764
Guidance Strength: 4.228421211242676 -- Loss: 1.5947265625 -- Score Func: 0.23649488389492035
Generated video: generated_videos/wan_guidance_nt50_f17_w0c0s0/subject_consistency/a horse running to join a herd of its kind.mp4
Generating video for prompt 9/9: a sheep bending down to drink water from a river
Performing Guidance at step: 2 985 0 985
Guidance Strength: 11.011632919311523 -- Loss: 1.4892578125 -- Score Func: 0.0908130556344986
Performing Guidance at step: 3 978 0 978
Guidance Strength: 8.5329008102417 -- Loss: 1.513671875 -- Score Func: 0.11719343811273575
Performing Guidance at step: 4 971 0 971
Guidance Strength: 4.243905067443848 -- Loss: 1.5029296875 -- Score Func: 0.2356320470571518
Performing Guidance at step: 5 963 0 963
Guidance Strength: 3.08836030960083 -- Loss: 1.5341796875 -- Score Func: 0.32379642128944397
Performing Guidance at step: 6 956 0 956
Guidance Strength: 1.8526591062545776 -- Loss: 1.578125 -- Score Func: 0.5397647023200989
Performing Guidance at step: 7 948 0 948
Guidance Strength: 5.810674667358398 -- Loss: 1.609375 -- Score Func: 0.17209705710411072
Performing Guidance at step: 8 939 0 939
Guidance Strength: 7.26361083984375 -- Loss: 1.5751953125 -- Score Func: 0.1376725733280182
Performing Guidance at step: 9 931 0 931
Guidance Strength: 5.260038375854492 -- Loss: 1.6337890625 -- Score Func: 0.19011268019676208
Performing Guidance at step: 10 922 0 922
Guidance Strength: 7.261587142944336 -- Loss: 1.6572265625 -- Score Func: 0.13771094381809235
Performing Guidance at step: 11 913 0 913
Guidance Strength: 5.620551586151123 -- Loss: 1.689453125 -- Score Func: 0.17791847884655
Performing Guidance at step: 12 904 0 904
Guidance Strength: 4.825361251831055 -- Loss: 1.6875 -- Score Func: 0.2072383612394333
Performing Guidance at step: 13 894 0 894
Guidance Strength: 1.4002058506011963 -- Loss: 1.677734375 -- Score Func: 0.7141807079315186
Performing Guidance at step: 14 884 0 884
Guidance Strength: 5.2928009033203125 -- Loss: 1.6884765625 -- Score Func: 0.18893587589263916
Performing Guidance at step: 15 874 0 874
Guidance Strength: 3.762925148010254 -- Loss: 1.6494140625 -- Score Func: 0.2657507061958313
Performing Guidance at step: 16 864 0 864
Guidance Strength: 1.6418806314468384 -- Loss: 1.6845703125 -- Score Func: 0.6090576648712158
Performing Guidance at step: 17 853 0 853
Guidance Strength: 4.467768669128418 -- Loss: 1.634765625 -- Score Func: 0.2238253802061081
Performing Guidance at step: 18 841 0 841
Guidance Strength: 2.9112095832824707 -- Loss: 1.6337890625 -- Score Func: 0.3434998393058777
Performing Guidance at step: 19 829 0 829
Guidance Strength: 3.3711764812469482 -- Loss: 1.6435546875 -- Score Func: 0.2966323494911194
Performing Guidance at step: 20 817 0 817
Guidance Strength: 1.8135676383972168 -- Loss: 1.638671875 -- Score Func: 0.5513993501663208
Performing Guidance at step: 21 805 0 805
Guidance Strength: 0.8089307546615601 -- Loss: 1.6298828125 -- Score Func: 1.2361997365951538
Performing Guidance at step: 22 792 0 792
Guidance Strength: 1.8026611804962158 -- Loss: 1.6279296875 -- Score Func: 0.5547354221343994
Performing Guidance at step: 23 778 0 778
Guidance Strength: 3.5243723392486572 -- Loss: 1.638671875 -- Score Func: 0.28373846411705017
Performing Guidance at step: 24 764 0 764
Guidance Strength: 4.299984455108643 -- Loss: 1.6337890625 -- Score Func: 0.2325589805841446
Generated video: generated_videos/wan_guidance_nt50_f17_w0c0s0/subject_consistency/a bus stuck in traffic during rush hour.mp4
Generating video for prompt 9/9: a bus accelerating to gain speed
Performing Guidance at step: 2 985 0 985
Guidance Strength: 10.077632904052734 -- Loss: 1.470703125 -- Score Func: 0.09922964870929718
Performing Guidance at step: 3 978 0 978
Guidance Strength: 6.046559810638428 -- Loss: 1.3994140625 -- Score Func: 0.16538329422473907
Performing Guidance at step: 4 971 0 971
Guidance Strength: 12.433722496032715 -- Loss: 1.373046875 -- Score Func: 0.08042643964290619
Performing Guidance at step: 5 963 0 963
Guidance Strength: 2.3376893997192383 -- Loss: 1.4248046875 -- Score Func: 0.4277728199958801
Performing Guidance at step: 6 956 0 956
Guidance Strength: 7.412846565246582 -- Loss: 1.4658203125 -- Score Func: 0.13490094244480133
Performing Guidance at step: 7 948 0 948
Guidance Strength: 8.958222389221191 -- Loss: 1.5458984375 -- Score Func: 0.11162928491830826
Performing Guidance at step: 8 939 0 939
Guidance Strength: 13.317705154418945 -- Loss: 1.5546875 -- Score Func: 0.0750880092382431
Performing Guidance at step: 9 931 0 931
Guidance Strength: 8.170671463012695 -- Loss: 1.537109375 -- Score Func: 0.12238896638154984
Performing Guidance at step: 10 922 0 922
Guidance Strength: 10.042948722839355 -- Loss: 1.5205078125 -- Score Func: 0.09957234561443329
Performing Guidance at step: 11 913 0 913
Guidance Strength: 0.7924357056617737 -- Loss: 1.5302734375 -- Score Func: 1.2619320154190063
Performing Guidance at step: 12 904 0 904
Guidance Strength: 1.1028382778167725 -- Loss: 1.5166015625 -- Score Func: 0.906751275062561
Performing Guidance at step: 13 894 0 894
Guidance Strength: 7.277143478393555 -- Loss: 1.53125 -- Score Func: 0.1374165564775467
Performing Guidance at step: 14 884 0 884
Guidance Strength: 4.865835189819336 -- Loss: 1.5302734375 -- Score Func: 0.2055145651102066
Performing Guidance at step: 15 874 0 874
Guidance Strength: 8.973390579223633 -- Loss: 1.5302734375 -- Score Func: 0.11144059896469116
Performing Guidance at step: 16 864 0 864
Guidance Strength: 6.242847442626953 -- Loss: 1.5322265625 -- Score Func: 0.16018331050872803
Performing Guidance at step: 17 853 0 853
Guidance Strength: 7.616454601287842 -- Loss: 1.5322265625 -- Score Func: 0.13129468262195587
Performing Guidance at step: 18 841 0 841
Guidance Strength: 3.765882968902588 -- Loss: 1.568359375 -- Score Func: 0.2655419707298279
Performing Guidance at step: 19 829 0 829
Guidance Strength: 5.761179447174072 -- Loss: 1.568359375 -- Score Func: 0.17357556521892548
Performing Guidance at step: 20 817 0 817
Guidance Strength: 3.1205027103424072 -- Loss: 1.5908203125 -- Score Func: 0.3204611837863922
Performing Guidance at step: 21 805 0 805
Guidance Strength: 4.395106315612793 -- Loss: 1.5830078125 -- Score Func: 0.22752578556537628
Performing Guidance at step: 22 792 0 792
Guidance Strength: 2.208305597305298 -- Loss: 1.607421875 -- Score Func: 0.45283588767051697
Performing Guidance at step: 23 778 0 778
Guidance Strength: 2.2626256942749023 -- Loss: 1.626953125 -- Score Func: 0.44196438789367676
Performing Guidance at step: 24 764 0 764
Guidance Strength: 3.2166426181793213 -- Loss: 1.6513671875 -- Score Func: 0.31088316440582275
Generated video: generated_videos/wan_guidance_nt50_f17_w0c0s0/subject_consistency/a giraffe taking a peaceful walk.mp4
Generating video for prompt 9/9: a giraffe running to join a herd of its kind
Performing Guidance at step: 2 985 0 985
Guidance Strength: 12.573881149291992 -- Loss: 1.470703125 -- Score Func: 0.07952994108200073
Performing Guidance at step: 3 978 0 978
Guidance Strength: 3.2241921424865723 -- Loss: 1.5380859375 -- Score Func: 0.3101552128791809
Performing Guidance at step: 4 971 0 971
Guidance Strength: 6.074680328369141 -- Loss: 1.568359375 -- Score Func: 0.16461771726608276
Performing Guidance at step: 5 963 0 963
Guidance Strength: 0.4095748960971832 -- Loss: 1.5732421875 -- Score Func: 2.441555976867676
Performing Guidance at step: 6 956 0 956
Guidance Strength: 4.435256004333496 -- Loss: 1.609375 -- Score Func: 0.22546613216400146
Performing Guidance at step: 7 948 0 948
Guidance Strength: 1.9058799743652344 -- Loss: 1.6318359375 -- Score Func: 0.5246919989585876
Performing Guidance at step: 8 939 0 939
Guidance Strength: 0.9897276759147644 -- Loss: 1.7099609375 -- Score Func: 1.0103789567947388
Performing Guidance at step: 9 931 0 931
Guidance Strength: 3.2726187705993652 -- Loss: 1.689453125 -- Score Func: 0.3055656850337982
Performing Guidance at step: 10 922 0 922
Guidance Strength: 1.130651593208313 -- Loss: 1.6953125 -- Score Func: 0.8844457268714905
Performing Guidance at step: 11 913 0 913
Guidance Strength: 1.8943493366241455 -- Loss: 1.6982421875 -- Score Func: 0.5278857350349426
Performing Guidance at step: 12 904 0 904
Guidance Strength: 5.8301920890808105 -- Loss: 1.685546875 -- Score Func: 0.17152093350887299
Performing Guidance at step: 13 894 0 894
Guidance Strength: 6.047128200531006 -- Loss: 1.689453125 -- Score Func: 0.1653677523136139
Performing Guidance at step: 14 884 0 884
Guidance Strength: 4.644275665283203 -- Loss: 1.6953125 -- Score Func: 0.21531882882118225
Performing Guidance at step: 15 874 0 874
Guidance Strength: 3.8726418018341064 -- Loss: 1.697265625 -- Score Func: 0.25822165608406067
Performing Guidance at step: 16 864 0 864
Guidance Strength: 4.922661781311035 -- Loss: 1.689453125 -- Score Func: 0.20314213633537292
Performing Guidance at step: 17 853 0 853
Guidance Strength: 4.310191631317139 -- Loss: 1.677734375 -- Score Func: 0.23200823366641998
Performing Guidance at step: 18 841 0 841
Guidance Strength: 5.141679286956787 -- Loss: 1.6787109375 -- Score Func: 0.194488987326622
Performing Guidance at step: 19 829 0 829
Guidance Strength: 1.927290678024292 -- Loss: 1.6728515625 -- Score Func: 0.5188630819320679
Performing Guidance at step: 20 817 0 817
Guidance Strength: 1.9495530128479004 -- Loss: 1.6767578125 -- Score Func: 0.5129380822181702
Performing Guidance at step: 21 805 0 805
Guidance Strength: 6.751099109649658 -- Loss: 1.6748046875 -- Score Func: 0.14812402427196503
Performing Guidance at step: 22 792 0 792
Guidance Strength: 9.102629661560059 -- Loss: 1.6787109375 -- Score Func: 0.10985836386680603
Performing Guidance at step: 23 778 0 778
Guidance Strength: 8.25863265991211 -- Loss: 1.6845703125 -- Score Func: 0.12108541280031204
Performing Guidance at step: 24 764 0 764
Guidance Strength: 7.8495564460754395 -- Loss: 1.685546875 -- Score Func: 0.12739573419094086
Generated video: generated_videos/wan_guidance_nt50_f17_w0c0s0/subject_consistency/a truck stuck in traffic during rush hour.mp4
Generating video for prompt 7/9: a truck slowing down to stop
Performing Guidance at step: 2 985 0 985
Guidance Strength: 8.141202926635742 -- Loss: 1.4072265625 -- Score Func: 0.12283197790384293
Performing Guidance at step: 3 978 0 978
Guidance Strength: 7.431185245513916 -- Loss: 1.521484375 -- Score Func: 0.13456803560256958
Performing Guidance at step: 4 971 0 971
Guidance Strength: 12.993603706359863 -- Loss: 1.583984375 -- Score Func: 0.07696094363927841
Performing Guidance at step: 5 963 0 963
Guidance Strength: 3.138664722442627 -- Loss: 1.5693359375 -- Score Func: 0.31860682368278503
Performing Guidance at step: 6 956 0 956
Guidance Strength: 13.540018081665039 -- Loss: 1.5478515625 -- Score Func: 0.07385514676570892
Performing Guidance at step: 7 948 0 948
Guidance Strength: 11.090283393859863 -- Loss: 1.5517578125 -- Score Func: 0.0901690199971199
Performing Guidance at step: 8 939 0 939
Guidance Strength: 8.270120620727539 -- Loss: 1.5712890625 -- Score Func: 0.12091721594333649
Performing Guidance at step: 9 931 0 931
Guidance Strength: 5.7241129875183105 -- Loss: 1.6259765625 -- Score Func: 0.1746995598077774
Performing Guidance at step: 10 922 0 922
Guidance Strength: 3.440974473953247 -- Loss: 1.595703125 -- Score Func: 0.29061535000801086
Performing Guidance at step: 11 913 0 913
Guidance Strength: 1.5673538446426392 -- Loss: 1.666015625 -- Score Func: 0.638018012046814
Performing Guidance at step: 12 904 0 904
Guidance Strength: 7.0312418937683105 -- Loss: 1.685546875 -- Score Func: 0.14222238957881927
Performing Guidance at step: 13 894 0 894
Guidance Strength: 4.9780473709106445 -- Loss: 1.6767578125 -- Score Func: 0.2008819729089737
Performing Guidance at step: 14 884 0 884
Guidance Strength: 12.627640724182129 -- Loss: 1.6845703125 -- Score Func: 0.07919135689735413
Performing Guidance at step: 15 874 0 874
Guidance Strength: 9.143682479858398 -- Loss: 1.685546875 -- Score Func: 0.10936512798070908
Performing Guidance at step: 16 864 0 864
Guidance Strength: 7.392563343048096 -- Loss: 1.685546875 -- Score Func: 0.1352710723876953
Performing Guidance at step: 17 853 0 853
Guidance Strength: 8.716752052307129 -- Loss: 1.6904296875 -- Score Func: 0.1147216260433197
Performing Guidance at step: 18 841 0 841
Guidance Strength: 11.741612434387207 -- Loss: 1.6845703125 -- Score Func: 0.08516717702150345
Performing Guidance at step: 19 829 0 829
Guidance Strength: 8.04345417022705 -- Loss: 1.6884765625 -- Score Func: 0.12432470172643661
Performing Guidance at step: 20 817 0 817
Guidance Strength: 7.425317764282227 -- Loss: 1.6884765625 -- Score Func: 0.13467437028884888
Performing Guidance at step: 21 805 0 805
Guidance Strength: 11.67242431640625 -- Loss: 1.6884765625 -- Score Func: 0.08567200601100922
Performing Guidance at step: 22 792 0 792
Guidance Strength: 9.197227478027344 -- Loss: 1.6875 -- Score Func: 0.10872842371463776
Performing Guidance at step: 23 778 0 778
Guidance Strength: 14.481559753417969 -- Loss: 1.685546875 -- Score Func: 0.06905333697795868
Performing Guidance at step: 24 764 0 764
Guidance Strength: 9.494668960571289 -- Loss: 1.6796875 -- Score Func: 0.10532225668430328
Generated video: generated_videos/wan_guidance_nt50_f17_w0c0s0/subject_consistency/a bicycle gliding through a snowy field.mp4
Performing Guidance at step: 2 985 0 985
Guidance Strength: 4.404338359832764 -- Loss: 1.4482421875 -- Score Func: 0.227048859000206
Performing Guidance at step: 3 978 0 978
Guidance Strength: 6.171144008636475 -- Loss: 1.5224609375 -- Score Func: 0.16204451024532318
Performing Guidance at step: 4 971 0 971
Guidance Strength: 8.156997680664062 -- Loss: 1.4970703125 -- Score Func: 0.12259412556886673
Performing Guidance at step: 5 963 0 963
Guidance Strength: 12.034412384033203 -- Loss: 1.5146484375 -- Score Func: 0.08309504389762878
Performing Guidance at step: 6 956 0 956
Guidance Strength: 1.8008102178573608 -- Loss: 1.5361328125 -- Score Func: 0.5553056001663208
Performing Guidance at step: 7 948 0 948
Guidance Strength: 4.87531852722168 -- Loss: 1.5693359375 -- Score Func: 0.20511479675769806
Performing Guidance at step: 8 939 0 939
Guidance Strength: 3.6386077404022217 -- Loss: 1.6025390625 -- Score Func: 0.2748304009437561
Performing Guidance at step: 9 931 0 931
Guidance Strength: 3.275402784347534 -- Loss: 1.6142578125 -- Score Func: 0.30530595779418945
Performing Guidance at step: 10 922 0 922
Guidance Strength: 3.892213821411133 -- Loss: 1.6376953125 -- Score Func: 0.25692319869995117
Performing Guidance at step: 11 913 0 913
Guidance Strength: 4.709331512451172 -- Loss: 1.685546875 -- Score Func: 0.21234436333179474
Performing Guidance at step: 12 904 0 904
Guidance Strength: 7.7116379737854 -- Loss: 1.6875 -- Score Func: 0.12967413663864136
Performing Guidance at step: 13 894 0 894
Guidance Strength: 5.996088981628418 -- Loss: 1.6748046875 -- Score Func: 0.16677537560462952
Performing Guidance at step: 14 884 0 884
Guidance Strength: 8.067607879638672 -- Loss: 1.6669921875 -- Score Func: 0.1239524856209755
Performing Guidance at step: 15 874 0 874
Guidance Strength: 7.743229389190674 -- Loss: 1.6669921875 -- Score Func: 0.129145085811615
Performing Guidance at step: 16 864 0 864
Guidance Strength: 8.256473541259766 -- Loss: 1.6630859375 -- Score Func: 0.12111707776784897
Performing Guidance at step: 17 853 0 853
Guidance Strength: 6.2353057861328125 -- Loss: 1.6650390625 -- Score Func: 0.16037705540657043
Performing Guidance at step: 18 841 0 841
Guidance Strength: 2.5254898071289062 -- Loss: 1.6689453125 -- Score Func: 0.39596280455589294
Performing Guidance at step: 19 829 0 829
Guidance Strength: 1.7666330337524414 -- Loss: 1.673828125 -- Score Func: 0.5660485029220581
Performing Guidance at step: 20 817 0 817
Guidance Strength: 6.122335910797119 -- Loss: 1.6767578125 -- Score Func: 0.1633363515138626
Performing Guidance at step: 21 805 0 805
Guidance Strength: 2.5274295806884766 -- Loss: 1.673828125 -- Score Func: 0.3956588804721832
Performing Guidance at step: 22 792 0 792
Guidance Strength: 5.137005805969238 -- Loss: 1.677734375 -- Score Func: 0.19466592371463776
Performing Guidance at step: 23 778 0 778
Guidance Strength: 4.547950267791748 -- Loss: 1.6708984375 -- Score Func: 0.21987928450107574
Performing Guidance at step: 24 764 0 764
Guidance Strength: 4.713266849517822 -- Loss: 1.6689453125 -- Score Func: 0.21216706931591034
Generated video: generated_videos/wan_guidance_nt50_f17_w0c0s0/subject_consistency/a bear catching a salmon in its powerful jaws.mp4
Performing Guidance at step: 2 985 0 985
Guidance Strength: 12.691065788269043 -- Loss: 1.5400390625 -- Score Func: 0.07879558950662613
Performing Guidance at step: 3 978 0 978
Guidance Strength: 0.8945323824882507 -- Loss: 1.484375 -- Score Func: 1.1179025173187256
Performing Guidance at step: 4 971 0 971
Guidance Strength: 6.799734592437744 -- Loss: 1.4716796875 -- Score Func: 0.14706456661224365
Performing Guidance at step: 5 963 0 963
Guidance Strength: 11.68247127532959 -- Loss: 1.576171875 -- Score Func: 0.08559832721948624
Performing Guidance at step: 6 956 0 956
Guidance Strength: 6.2691450119018555 -- Loss: 1.5810546875 -- Score Func: 0.15951138734817505
Performing Guidance at step: 7 948 0 948
Guidance Strength: 8.28899097442627 -- Loss: 1.5908203125 -- Score Func: 0.12064193934202194
Performing Guidance at step: 8 939 0 939
Guidance Strength: 3.070181131362915 -- Loss: 1.5869140625 -- Score Func: 0.3257136940956116
Performing Guidance at step: 9 931 0 931
Guidance Strength: 8.121028900146484 -- Loss: 1.6240234375 -- Score Func: 0.12313710898160934
Performing Guidance at step: 10 922 0 922
Guidance Strength: 6.725430011749268 -- Loss: 1.6259765625 -- Score Func: 0.1486893743276596
Performing Guidance at step: 11 913 0 913
Guidance Strength: 6.635655403137207 -- Loss: 1.6279296875 -- Score Func: 0.15070101618766785
Performing Guidance at step: 12 904 0 904
Guidance Strength: 5.325572967529297 -- Loss: 1.625 -- Score Func: 0.1877732276916504
Performing Guidance at step: 13 894 0 894
Guidance Strength: 4.7621846199035645 -- Loss: 1.6142578125 -- Score Func: 0.20998765528202057
Performing Guidance at step: 14 884 0 884
Guidance Strength: 5.687738418579102 -- Loss: 1.609375 -- Score Func: 0.17581680417060852
Performing Guidance at step: 15 874 0 874
Guidance Strength: 5.99685525894165 -- Loss: 1.6220703125 -- Score Func: 0.16675406694412231
Performing Guidance at step: 16 864 0 864
Guidance Strength: 5.116512298583984 -- Loss: 1.6181640625 -- Score Func: 0.19544564187526703
Performing Guidance at step: 17 853 0 853
Guidance Strength: 5.201927185058594 -- Loss: 1.6220703125 -- Score Func: 0.19223645329475403
Performing Guidance at step: 18 841 0 841
Guidance Strength: 2.499290943145752 -- Loss: 1.6162109375 -- Score Func: 0.40011346340179443
Performing Guidance at step: 19 829 0 829
Guidance Strength: 3.819803237915039 -- Loss: 1.6201171875 -- Score Func: 0.2617935836315155
Performing Guidance at step: 20 817 0 817
Guidance Strength: 4.539233684539795 -- Loss: 1.611328125 -- Score Func: 0.22030150890350342
Performing Guidance at step: 21 805 0 805
Guidance Strength: 4.456002235412598 -- Loss: 1.6240234375 -- Score Func: 0.22441640496253967
Performing Guidance at step: 22 792 0 792
Guidance Strength: 4.422817230224609 -- Loss: 1.6240234375 -- Score Func: 0.22610022127628326
Performing Guidance at step: 23 778 0 778
Guidance Strength: 4.374699592590332 -- Loss: 1.6201171875 -- Score Func: 0.22858712077140808
Performing Guidance at step: 24 764 0 764
Guidance Strength: 1.5580942630767822 -- Loss: 1.6318359375 -- Score Func: 0.6418097019195557
Generated video: generated_videos/wan_guidance_nt50_f17_w0c0s0/subject_consistency/a sheep bending down to drink water from a river.mp4
Performing Guidance at step: 2 985 0 985
Guidance Strength: 3.9911105632781982 -- Loss: 1.419921875 -- Score Func: 0.2505568265914917
Performing Guidance at step: 3 978 0 978
Guidance Strength: 6.693678855895996 -- Loss: 1.4951171875 -- Score Func: 0.1493946760892868
Performing Guidance at step: 4 971 0 971
Guidance Strength: 6.760640621185303 -- Loss: 1.4423828125 -- Score Func: 0.14791497588157654
Performing Guidance at step: 5 963 0 963
Guidance Strength: 11.05394458770752 -- Loss: 1.5595703125 -- Score Func: 0.09046544134616852
Performing Guidance at step: 6 956 0 956
Guidance Strength: 8.648076057434082 -- Loss: 1.5732421875 -- Score Func: 0.11563266068696976
Performing Guidance at step: 7 948 0 948
Guidance Strength: 9.63051700592041 -- Loss: 1.564453125 -- Score Func: 0.10383658856153488
Performing Guidance at step: 8 939 0 939
Guidance Strength: 7.234714508056641 -- Loss: 1.5625 -- Score Func: 0.13822245597839355
Performing Guidance at step: 9 931 0 931
Guidance Strength: 8.100221633911133 -- Loss: 1.5869140625 -- Score Func: 0.12345341593027115
Performing Guidance at step: 10 922 0 922
Guidance Strength: 7.052609920501709 -- Loss: 1.619140625 -- Score Func: 0.1417914777994156
Performing Guidance at step: 11 913 0 913
Guidance Strength: 3.849452257156372 -- Loss: 1.6376953125 -- Score Func: 0.2597772181034088
Performing Guidance at step: 12 904 0 904
Guidance Strength: 6.273080348968506 -- Loss: 1.6318359375 -- Score Func: 0.15941131114959717
Performing Guidance at step: 13 894 0 894
Guidance Strength: 3.7600269317626953 -- Loss: 1.6318359375 -- Score Func: 0.26595553755760193
Performing Guidance at step: 14 884 0 884
Guidance Strength: 5.0887556076049805 -- Loss: 1.615234375 -- Score Func: 0.19651170074939728
Performing Guidance at step: 15 874 0 874
Guidance Strength: 0.6654801964759827 -- Loss: 1.6171875 -- Score Func: 1.5026743412017822
Performing Guidance at step: 16 864 0 864
Guidance Strength: 2.1569721698760986 -- Loss: 1.640625 -- Score Func: 0.463612824678421
Performing Guidance at step: 17 853 0 853
Guidance Strength: 2.925764322280884 -- Loss: 1.626953125 -- Score Func: 0.341791033744812
Performing Guidance at step: 18 841 0 841
Guidance Strength: 2.5947861671447754 -- Loss: 1.6611328125 -- Score Func: 0.38538822531700134
Performing Guidance at step: 19 829 0 829
Guidance Strength: 1.4337217807769775 -- Loss: 1.650390625 -- Score Func: 0.6974853873252869
Performing Guidance at step: 20 817 0 817
Guidance Strength: 3.301290273666382 -- Loss: 1.619140625 -- Score Func: 0.3029118776321411
Performing Guidance at step: 21 805 0 805
Guidance Strength: 5.4914021492004395 -- Loss: 1.6171875 -- Score Func: 0.18210285902023315
Performing Guidance at step: 22 792 0 792
Guidance Strength: 5.073873043060303 -- Loss: 1.6171875 -- Score Func: 0.1970881074666977
Performing Guidance at step: 23 778 0 778
Guidance Strength: 6.711859703063965 -- Loss: 1.6181640625 -- Score Func: 0.14899000525474548
Performing Guidance at step: 24 764 0 764
Guidance Strength: 6.725382328033447 -- Loss: 1.609375 -- Score Func: 0.14869043231010437
Generated video: generated_videos/wan_guidance_nt50_f17_w0c0s0/subject_consistency/a cat running happily.mp4
Performing Guidance at step: 2 985 0 985
Guidance Strength: 7.303699016571045 -- Loss: 1.416015625 -- Score Func: 0.13691692054271698
Performing Guidance at step: 3 978 0 978
Guidance Strength: 7.602071285247803 -- Loss: 1.466796875 -- Score Func: 0.1315430998802185
Performing Guidance at step: 4 971 0 971
Guidance Strength: 10.795077323913574 -- Loss: 1.5 -- Score Func: 0.09263481199741364
Performing Guidance at step: 5 963 0 963
Guidance Strength: 8.496671676635742 -- Loss: 1.5078125 -- Score Func: 0.11769314855337143
Performing Guidance at step: 6 956 0 956
Guidance Strength: 8.521540641784668 -- Loss: 1.5390625 -- Score Func: 0.11734967678785324
Performing Guidance at step: 7 948 0 948
Guidance Strength: 7.029865264892578 -- Loss: 1.5458984375 -- Score Func: 0.14225023984909058
Performing Guidance at step: 8 939 0 939
Guidance Strength: 4.598618984222412 -- Loss: 1.5537109375 -- Score Func: 0.21745659410953522
Performing Guidance at step: 9 931 0 931
Guidance Strength: 9.631375312805176 -- Loss: 1.6142578125 -- Score Func: 0.1038273274898529
Performing Guidance at step: 10 922 0 922
Guidance Strength: 7.388761043548584 -- Loss: 1.6103515625 -- Score Func: 0.13534069061279297
Performing Guidance at step: 11 913 0 913
Guidance Strength: 5.30405330657959 -- Loss: 1.6220703125 -- Score Func: 0.18853506445884705
Performing Guidance at step: 12 904 0 904
Guidance Strength: 1.0468637943267822 -- Loss: 1.638671875 -- Score Func: 0.9552341103553772
Performing Guidance at step: 13 894 0 894
Guidance Strength: 4.633952617645264 -- Loss: 1.6201171875 -- Score Func: 0.2157984972000122
Performing Guidance at step: 14 884 0 884
Guidance Strength: 4.367892742156982 -- Loss: 1.6279296875 -- Score Func: 0.2289433628320694
Performing Guidance at step: 15 874 0 874
Guidance Strength: 5.342138767242432 -- Loss: 1.6259765625 -- Score Func: 0.1871909499168396
Performing Guidance at step: 16 864 0 864
Guidance Strength: 4.829700469970703 -- Loss: 1.6337890625 -- Score Func: 0.20705217123031616
Performing Guidance at step: 17 853 0 853
Guidance Strength: 2.2969768047332764 -- Loss: 1.626953125 -- Score Func: 0.4353548586368561
Performing Guidance at step: 18 841 0 841
Guidance Strength: 5.287653923034668 -- Loss: 1.6396484375 -- Score Func: 0.18911978602409363
Performing Guidance at step: 19 829 0 829
Guidance Strength: 5.45982027053833 -- Loss: 1.640625 -- Score Func: 0.18315620720386505
Performing Guidance at step: 20 817 0 817
Guidance Strength: 4.494314193725586 -- Loss: 1.6357421875 -- Score Func: 0.22250334918498993
Performing Guidance at step: 21 805 0 805
Guidance Strength: 5.887156963348389 -- Loss: 1.630859375 -- Score Func: 0.16986127197742462
Performing Guidance at step: 22 792 0 792
Guidance Strength: 2.3555924892425537 -- Loss: 1.626953125 -- Score Func: 0.42452162504196167
Performing Guidance at step: 23 778 0 778
Guidance Strength: 8.941595077514648 -- Loss: 1.6298828125 -- Score Func: 0.11183686554431915
Performing Guidance at step: 24 764 0 764
Guidance Strength: 7.397143840789795 -- Loss: 1.619140625 -- Score Func: 0.1351873129606247
Generated video: generated_videos/wan_guidance_nt50_f17_w0c0s0/subject_consistency/a bus accelerating to gain speed.mp4
Performing Guidance at step: 2 985 0 985
Guidance Strength: 5.748692512512207 -- Loss: 1.5439453125 -- Score Func: 0.1739525943994522
Performing Guidance at step: 3 978 0 978
Guidance Strength: 10.013676643371582 -- Loss: 1.533203125 -- Score Func: 0.09986341744661331
Performing Guidance at step: 4 971 0 971
Guidance Strength: 13.166749000549316 -- Loss: 1.5283203125 -- Score Func: 0.07594889402389526
Performing Guidance at step: 5 963 0 963
Guidance Strength: 16.323909759521484 -- Loss: 1.5283203125 -- Score Func: 0.061259835958480835
Performing Guidance at step: 6 956 0 956
Guidance Strength: 8.866318702697754 -- Loss: 1.5146484375 -- Score Func: 0.11278638243675232
Performing Guidance at step: 7 948 0 948
Guidance Strength: 5.415384769439697 -- Loss: 1.4892578125 -- Score Func: 0.18465909361839294
Performing Guidance at step: 8 939 0 939
Guidance Strength: 2.7815635204315186 -- Loss: 1.498046875 -- Score Func: 0.35951003432273865
Performing Guidance at step: 9 931 0 931
Guidance Strength: 4.970930099487305 -- Loss: 1.4716796875 -- Score Func: 0.20116959512233734
Performing Guidance at step: 10 922 0 922
Guidance Strength: 0.3995787799358368 -- Loss: 1.5205078125 -- Score Func: 2.5026354789733887
Performing Guidance at step: 11 913 0 913
Guidance Strength: 1.1897261142730713 -- Loss: 1.5712890625 -- Score Func: 0.8405296206474304
Performing Guidance at step: 12 904 0 904
Guidance Strength: 3.5797224044799805 -- Loss: 1.5751953125 -- Score Func: 0.27935126423835754
Performing Guidance at step: 13 894 0 894
Guidance Strength: 4.283912658691406 -- Loss: 1.580078125 -- Score Func: 0.23343147337436676
Performing Guidance at step: 14 884 0 884
Guidance Strength: 5.508726119995117 -- Loss: 1.5830078125 -- Score Func: 0.1815301775932312
Performing Guidance at step: 15 874 0 874
Guidance Strength: 2.1072914600372314 -- Loss: 1.580078125 -- Score Func: 0.4745428264141083
Performing Guidance at step: 16 864 0 864
Guidance Strength: 2.9772632122039795 -- Loss: 1.5986328125 -- Score Func: 0.3358789384365082
Performing Guidance at step: 17 853 0 853
Guidance Strength: 5.871050834655762 -- Loss: 1.5859375 -- Score Func: 0.17032726109027863
Performing Guidance at step: 18 841 0 841
Guidance Strength: 2.537461757659912 -- Loss: 1.6005859375 -- Score Func: 0.3940946161746979
Performing Guidance at step: 19 829 0 829
Guidance Strength: 2.5349323749542236 -- Loss: 1.5830078125 -- Score Func: 0.3944878578186035
Performing Guidance at step: 20 817 0 817
Guidance Strength: 0.665190577507019 -- Loss: 1.5986328125 -- Score Func: 1.503328561782837
Performing Guidance at step: 21 805 0 805
Guidance Strength: 2.5233564376831055 -- Loss: 1.6201171875 -- Score Func: 0.3962975740432739
Performing Guidance at step: 22 792 0 792
Guidance Strength: 2.6463162899017334 -- Loss: 1.609375 -- Score Func: 0.37788379192352295
Performing Guidance at step: 23 778 0 778
Guidance Strength: 2.13971209526062 -- Loss: 1.6591796875 -- Score Func: 0.46735259890556335
Performing Guidance at step: 24 764 0 764
Guidance Strength: 1.964998722076416 -- Loss: 1.6630859375 -- Score Func: 0.5089061856269836
Generated video: generated_videos/wan_guidance_nt50_f17_w0c0s0/subject_consistency/a giraffe running to join a herd of its kind.mp4
Performing Guidance at step: 2 985 0 985
Guidance Strength: 9.041812896728516 -- Loss: 1.3759765625 -- Score Func: 0.11059729009866714
Performing Guidance at step: 3 978 0 978
Guidance Strength: 3.4257984161376953 -- Loss: 1.5048828125 -- Score Func: 0.2919027507305145
Performing Guidance at step: 4 971 0 971
Guidance Strength: 2.74479341506958 -- Loss: 1.455078125 -- Score Func: 0.364326149225235
Performing Guidance at step: 5 963 0 963
Guidance Strength: 1.2673882246017456 -- Loss: 1.5537109375 -- Score Func: 0.7890242338180542
Performing Guidance at step: 6 956 0 956
Guidance Strength: 4.389125823974609 -- Loss: 1.609375 -- Score Func: 0.2278357893228531
Performing Guidance at step: 7 948 0 948
Guidance Strength: 5.750819683074951 -- Loss: 1.5771484375 -- Score Func: 0.17388825118541718
Performing Guidance at step: 8 939 0 939
Guidance Strength: 5.183785438537598 -- Loss: 1.5478515625 -- Score Func: 0.19290921092033386
Performing Guidance at step: 9 931 0 931
Guidance Strength: 6.135434150695801 -- Loss: 1.5556640625 -- Score Func: 0.16298764944076538
Performing Guidance at step: 10 922 0 922
Guidance Strength: 8.355517387390137 -- Loss: 1.5830078125 -- Score Func: 0.11968139559030533
Performing Guidance at step: 11 913 0 913
Guidance Strength: 5.5797200202941895 -- Loss: 1.5771484375 -- Score Func: 0.17922046780586243
Performing Guidance at step: 12 904 0 904
Guidance Strength: 3.2360713481903076 -- Loss: 1.5712890625 -- Score Func: 0.3090166747570038
Performing Guidance at step: 13 894 0 894
Guidance Strength: 5.431725978851318 -- Loss: 1.560546875 -- Score Func: 0.18410354852676392
Performing Guidance at step: 14 884 0 884
Guidance Strength: 5.813575267791748 -- Loss: 1.5625 -- Score Func: 0.17201119661331177
Performing Guidance at step: 15 874 0 874
Guidance Strength: 6.95929479598999 -- Loss: 1.5693359375 -- Score Func: 0.1436927169561386
Performing Guidance at step: 16 864 0 864
Guidance Strength: 2.151099920272827 -- Loss: 1.5771484375 -- Score Func: 0.4648784399032593
Performing Guidance at step: 17 853 0 853
Guidance Strength: 6.00794792175293 -- Loss: 1.587890625 -- Score Func: 0.16644617915153503
Performing Guidance at step: 18 841 0 841
Guidance Strength: 5.720985412597656 -- Loss: 1.578125 -- Score Func: 0.17479506134986877
Performing Guidance at step: 19 829 0 829
Guidance Strength: 6.407379150390625 -- Loss: 1.591796875 -- Score Func: 0.1560700535774231
Performing Guidance at step: 20 817 0 817
Guidance Strength: 5.829541206359863 -- Loss: 1.583984375 -- Score Func: 0.17154008150100708
Performing Guidance at step: 21 805 0 805
Guidance Strength: 5.1784796714782715 -- Loss: 1.5810546875 -- Score Func: 0.19310687482357025
Performing Guidance at step: 22 792 0 792
Guidance Strength: 6.599318981170654 -- Loss: 1.5810546875 -- Score Func: 0.15153078734874725
Performing Guidance at step: 23 778 0 778
Guidance Strength: 11.1988525390625 -- Loss: 1.5732421875 -- Score Func: 0.08929486572742462
Performing Guidance at step: 24 764 0 764
Guidance Strength: 8.796605110168457 -- Loss: 1.5771484375 -- Score Func: 0.11368021368980408
Generated video: generated_videos/wan_guidance_nt50_f17_w0c0s0/subject_consistency/a car accelerating to gain speed.mp4
Generating video for prompt 7/9: a motorcycle cruising along a coastal highway
Performing Guidance at step: 2 985 0 985
Guidance Strength: 6.5601806640625 -- Loss: 1.4326171875 -- Score Func: 0.1524348258972168
Performing Guidance at step: 3 978 0 978
Guidance Strength: 5.195038795471191 -- Loss: 1.4736328125 -- Score Func: 0.192491352558136
Performing Guidance at step: 4 971 0 971
Guidance Strength: 9.735505104064941 -- Loss: 1.560546875 -- Score Func: 0.10271681100130081
Performing Guidance at step: 5 963 0 963
Guidance Strength: 7.362516403198242 -- Loss: 1.5693359375 -- Score Func: 0.13582313060760498
Performing Guidance at step: 6 956 0 956
Guidance Strength: 3.4324231147766113 -- Loss: 1.603515625 -- Score Func: 0.29133936762809753
Performing Guidance at step: 7 948 0 948
Guidance Strength: 4.813909530639648 -- Loss: 1.6474609375 -- Score Func: 0.20773136615753174
Performing Guidance at step: 8 939 0 939
Guidance Strength: 6.847999095916748 -- Loss: 1.6162109375 -- Score Func: 0.1460280567407608
Performing Guidance at step: 9 931 0 931
Guidance Strength: 4.036113739013672 -- Loss: 1.6201171875 -- Score Func: 0.24776308238506317
Performing Guidance at step: 10 922 0 922
Guidance Strength: 5.751766681671143 -- Loss: 1.6201171875 -- Score Func: 0.1738596260547638
Performing Guidance at step: 11 913 0 913
Guidance Strength: 2.871903896331787 -- Loss: 1.6220703125 -- Score Func: 0.34820106625556946
Performing Guidance at step: 12 904 0 904
Guidance Strength: 3.168843984603882 -- Loss: 1.578125 -- Score Func: 0.31557250022888184
Performing Guidance at step: 13 894 0 894
Guidance Strength: 3.695309638977051 -- Loss: 1.5869140625 -- Score Func: 0.27061331272125244
Performing Guidance at step: 14 884 0 884
Guidance Strength: 5.238433361053467 -- Loss: 1.5966796875 -- Score Func: 0.19089676439762115
Performing Guidance at step: 15 874 0 874
Guidance Strength: 3.0848145484924316 -- Loss: 1.5947265625 -- Score Func: 0.3241685926914215
Performing Guidance at step: 16 864 0 864
Guidance Strength: 4.862643718719482 -- Loss: 1.603515625 -- Score Func: 0.2056494504213333
Performing Guidance at step: 17 853 0 853
Guidance Strength: 4.511970043182373 -- Loss: 1.5947265625 -- Score Func: 0.2216326743364334
Performing Guidance at step: 18 841 0 841
Guidance Strength: 4.085262775421143 -- Loss: 1.6083984375 -- Score Func: 0.24478228390216827
Performing Guidance at step: 19 829 0 829
Guidance Strength: 4.038545608520508 -- Loss: 1.6181640625 -- Score Func: 0.24761390686035156
Performing Guidance at step: 20 817 0 817
Guidance Strength: 4.406715393066406 -- Loss: 1.625 -- Score Func: 0.22692638635635376
Performing Guidance at step: 21 805 0 805
Guidance Strength: 2.102268695831299 -- Loss: 1.611328125 -- Score Func: 0.47567659616470337
Performing Guidance at step: 22 792 0 792
Guidance Strength: 5.577259540557861 -- Loss: 1.6025390625 -- Score Func: 0.17929953336715698
Performing Guidance at step: 23 778 0 778
Guidance Strength: 8.957802772521973 -- Loss: 1.5869140625 -- Score Func: 0.1116345152258873
Performing Guidance at step: 24 764 0 764
Guidance Strength: 6.256491184234619 -- Loss: 1.5986328125 -- Score Func: 0.15983399748802185
Generated video: generated_videos/wan_guidance_nt50_f17_w0c0s0/subject_consistency/a truck slowing down to stop.mp4
Generating video for prompt 8/9: a truck accelerating to gain speed
Performing Guidance at step: 2 985 0 985
Guidance Strength: 8.563066482543945 -- Loss: 1.4580078125 -- Score Func: 0.1167806014418602
Performing Guidance at step: 3 978 0 978
Guidance Strength: 9.432296752929688 -- Loss: 1.5263671875 -- Score Func: 0.10601872205734253
Performing Guidance at step: 4 971 0 971
Guidance Strength: 8.3977632522583 -- Loss: 1.509765625 -- Score Func: 0.11907932907342911
Performing Guidance at step: 5 963 0 963
Guidance Strength: 9.673989295959473 -- Loss: 1.5654296875 -- Score Func: 0.10336997359991074
Performing Guidance at step: 6 956 0 956
Guidance Strength: 1.423539400100708 -- Loss: 1.544921875 -- Score Func: 0.7024744153022766
Performing Guidance at step: 7 948 0 948
Guidance Strength: 8.081157684326172 -- Loss: 1.6318359375 -- Score Func: 0.12374464422464371
Performing Guidance at step: 8 939 0 939
Guidance Strength: 5.107974052429199 -- Loss: 1.6240234375 -- Score Func: 0.19577233493328094
Performing Guidance at step: 9 931 0 931
Guidance Strength: 2.9815125465393066 -- Loss: 1.6455078125 -- Score Func: 0.33540022373199463
Performing Guidance at step: 10 922 0 922
Guidance Strength: 7.8632636070251465 -- Loss: 1.658203125 -- Score Func: 0.12717366218566895
Performing Guidance at step: 11 913 0 913
Guidance Strength: 4.1744585037231445 -- Loss: 1.6611328125 -- Score Func: 0.23955203592777252
Performing Guidance at step: 12 904 0 904
Guidance Strength: 5.4643473625183105 -- Loss: 1.658203125 -- Score Func: 0.1830044686794281
Performing Guidance at step: 13 894 0 894
Guidance Strength: 9.002181053161621 -- Loss: 1.6552734375 -- Score Func: 0.11108419299125671
Performing Guidance at step: 14 884 0 884
Guidance Strength: 7.929653644561768 -- Loss: 1.6572265625 -- Score Func: 0.12610891461372375
Performing Guidance at step: 15 874 0 874
Guidance Strength: 4.879804611206055 -- Loss: 1.658203125 -- Score Func: 0.2049262374639511
Performing Guidance at step: 16 864 0 864
Guidance Strength: 9.324898719787598 -- Loss: 1.6650390625 -- Score Func: 0.10723977535963058
Performing Guidance at step: 17 853 0 853
Guidance Strength: 8.418951988220215 -- Loss: 1.6611328125 -- Score Func: 0.11877962946891785
Performing Guidance at step: 18 841 0 841
Guidance Strength: 8.946407318115234 -- Loss: 1.6572265625 -- Score Func: 0.11177671700716019
Performing Guidance at step: 19 829 0 829
Guidance Strength: 5.205157279968262 -- Loss: 1.654296875 -- Score Func: 0.19211715459823608
Performing Guidance at step: 20 817 0 817
Guidance Strength: 5.825902462005615 -- Loss: 1.654296875 -- Score Func: 0.17164722084999084
Performing Guidance at step: 21 805 0 805
Guidance Strength: 8.22180461883545 -- Loss: 1.658203125 -- Score Func: 0.1216278001666069
Performing Guidance at step: 22 792 0 792
Guidance Strength: 7.138654708862305 -- Loss: 1.654296875 -- Score Func: 0.14008241891860962
Performing Guidance at step: 23 778 0 778
Guidance Strength: 8.071930885314941 -- Loss: 1.6533203125 -- Score Func: 0.1238861009478569
Performing Guidance at step: 24 764 0 764
Guidance Strength: 4.43454647064209 -- Loss: 1.6513671875 -- Score Func: 0.22550219297409058
Generated video: generated_videos/wan_guidance_nt50_f17_w0c0s0/subject_consistency/a motorcycle cruising along a coastal highway.mp4
Generating video for prompt 8/9: a motorcycle turning a corner
Performing Guidance at step: 2 985 0 985
Guidance Strength: 7.636959552764893 -- Loss: 1.5107421875 -- Score Func: 0.13094216585159302
Performing Guidance at step: 3 978 0 978
Guidance Strength: 5.334920406341553 -- Loss: 1.4462890625 -- Score Func: 0.18744422495365143
Performing Guidance at step: 4 971 0 971
Guidance Strength: 5.903721809387207 -- Loss: 1.421875 -- Score Func: 0.1693846732378006
Performing Guidance at step: 5 963 0 963
Guidance Strength: 4.84459924697876 -- Loss: 1.4716796875 -- Score Func: 0.20641542971134186
Performing Guidance at step: 6 956 0 956
Guidance Strength: 6.798685073852539 -- Loss: 1.5146484375 -- Score Func: 0.14708726108074188
Performing Guidance at step: 7 948 0 948
Guidance Strength: 4.909400463104248 -- Loss: 1.5009765625 -- Score Func: 0.20369085669517517
Performing Guidance at step: 8 939 0 939
Guidance Strength: 7.365492343902588 -- Loss: 1.529296875 -- Score Func: 0.13576824963092804
Performing Guidance at step: 9 931 0 931
Guidance Strength: 7.784908771514893 -- Loss: 1.5517578125 -- Score Func: 0.12845365703105927
Performing Guidance at step: 10 922 0 922
Guidance Strength: 4.560999393463135 -- Loss: 1.5927734375 -- Score Func: 0.21925020217895508
Performing Guidance at step: 11 913 0 913
Guidance Strength: 4.407174587249756 -- Loss: 1.5673828125 -- Score Func: 0.22690275311470032
Performing Guidance at step: 12 904 0 904
Guidance Strength: 5.677638053894043 -- Loss: 1.5908203125 -- Score Func: 0.17612957954406738
Performing Guidance at step: 13 894 0 894
Guidance Strength: 6.694250583648682 -- Loss: 1.6123046875 -- Score Func: 0.14938192069530487
Performing Guidance at step: 14 884 0 884
Guidance Strength: 3.1669843196868896 -- Loss: 1.6279296875 -- Score Func: 0.3157578110694885
Performing Guidance at step: 15 874 0 874
Guidance Strength: 3.4775331020355225 -- Loss: 1.6376953125 -- Score Func: 0.2875601649284363
Performing Guidance at step: 16 864 0 864
Guidance Strength: 1.4990235567092896 -- Loss: 1.6318359375 -- Score Func: 0.6671009063720703
Performing Guidance at step: 17 853 0 853
Guidance Strength: 0.6355103850364685 -- Loss: 1.6318359375 -- Score Func: 1.5735384225845337
Performing Guidance at step: 18 841 0 841
Guidance Strength: 1.4918875694274902 -- Loss: 1.6337890625 -- Score Func: 0.6702917814254761
Performing Guidance at step: 19 829 0 829
Guidance Strength: 6.040147304534912 -- Loss: 1.6298828125 -- Score Func: 0.16555887460708618
Performing Guidance at step: 20 817 0 817
Guidance Strength: 2.7089030742645264 -- Loss: 1.626953125 -- Score Func: 0.36915311217308044
Performing Guidance at step: 21 805 0 805
Guidance Strength: 7.19397497177124 -- Loss: 1.638671875 -- Score Func: 0.13900521397590637
Performing Guidance at step: 22 792 0 792
Guidance Strength: 7.458822727203369 -- Loss: 1.6376953125 -- Score Func: 0.13406941294670105
Performing Guidance at step: 23 778 0 778
Guidance Strength: 3.164588451385498 -- Loss: 1.6416015625 -- Score Func: 0.31599685549736023
Performing Guidance at step: 24 764 0 764
Guidance Strength: 0.6648889183998108 -- Loss: 1.640625 -- Score Func: 1.5040106773376465
Generated video: generated_videos/wan_guidance_nt50_f17_w0c0s0/subject_consistency/a truck accelerating to gain speed.mp4
Generating video for prompt 9/9: a boat sailing smoothly on a calm lake
Performing Guidance at step: 2 985 0 985
Guidance Strength: 7.880254745483398 -- Loss: 1.4677734375 -- Score Func: 0.12689945101737976
Performing Guidance at step: 3 978 0 978
Guidance Strength: 11.285150527954102 -- Loss: 1.462890625 -- Score Func: 0.08861202001571655
Performing Guidance at step: 4 971 0 971
Guidance Strength: 6.776518821716309 -- Loss: 1.4609375 -- Score Func: 0.14756838977336884
Performing Guidance at step: 5 963 0 963
Guidance Strength: 19.58538055419922 -- Loss: 1.5107421875 -- Score Func: 0.051058489829301834
Performing Guidance at step: 6 956 0 956
Guidance Strength: 4.729621410369873 -- Loss: 1.5888671875 -- Score Func: 0.21143341064453125
Performing Guidance at step: 7 948 0 948
Guidance Strength: 6.88125467300415 -- Loss: 1.5849609375 -- Score Func: 0.14532233774662018
Performing Guidance at step: 8 939 0 939
Guidance Strength: 5.38344144821167 -- Loss: 1.5966796875 -- Score Func: 0.18575477600097656
Performing Guidance at step: 9 931 0 931
Guidance Strength: 4.770516395568848 -- Loss: 1.6044921875 -- Score Func: 0.20962092280387878
Performing Guidance at step: 10 922 0 922
Guidance Strength: 6.6122894287109375 -- Loss: 1.6279296875 -- Score Func: 0.15123355388641357
Performing Guidance at step: 11 913 0 913
Guidance Strength: 6.110650539398193 -- Loss: 1.623046875 -- Score Func: 0.16364869475364685
Performing Guidance at step: 12 904 0 904
Guidance Strength: 5.925961494445801 -- Loss: 1.626953125 -- Score Func: 0.16874898970127106
Performing Guidance at step: 13 894 0 894
Guidance Strength: 2.782489776611328 -- Loss: 1.615234375 -- Score Func: 0.35939034819602966
Performing Guidance at step: 14 884 0 884
Guidance Strength: 4.956240653991699 -- Loss: 1.607421875 -- Score Func: 0.20176583528518677
Performing Guidance at step: 15 874 0 874
Guidance Strength: 5.39120626449585 -- Loss: 1.5927734375 -- Score Func: 0.18548724055290222
Performing Guidance at step: 16 864 0 864
Guidance Strength: 4.652993679046631 -- Loss: 1.5908203125 -- Score Func: 0.2149154096841812
Performing Guidance at step: 17 853 0 853
Guidance Strength: 9.38519287109375 -- Loss: 1.607421875 -- Score Func: 0.10655082017183304
Performing Guidance at step: 18 841 0 841
Guidance Strength: 5.516794681549072 -- Loss: 1.5986328125 -- Score Func: 0.18126466870307922
Performing Guidance at step: 19 829 0 829
Guidance Strength: 8.352849006652832 -- Loss: 1.5908203125 -- Score Func: 0.11971962451934814
Performing Guidance at step: 20 817 0 817
Guidance Strength: 9.13117504119873 -- Loss: 1.587890625 -- Score Func: 0.10951492935419083
Performing Guidance at step: 21 805 0 805
Guidance Strength: 4.202730655670166 -- Loss: 1.5869140625 -- Score Func: 0.23794054985046387
Performing Guidance at step: 22 792 0 792
Guidance Strength: 5.90019416809082 -- Loss: 1.583984375 -- Score Func: 0.169485941529274
Performing Guidance at step: 23 778 0 778
Guidance Strength: 3.591282367706299 -- Loss: 1.5810546875 -- Score Func: 0.278452068567276
Performing Guidance at step: 24 764 0 764
Guidance Strength: 7.5846967697143555 -- Loss: 1.578125 -- Score Func: 0.1318444311618805
Generated video: generated_videos/wan_guidance_nt50_f17_w0c0s0/subject_consistency/a motorcycle turning a corner.mp4
Generating video for prompt 9/9: a motorcycle slowing down to stop
Performing Guidance at step: 2 985 0 985
Guidance Strength: 3.1131279468536377 -- Loss: 1.271484375 -- Score Func: 0.321220338344574
Performing Guidance at step: 3 978 0 978
Guidance Strength: 2.732565402984619 -- Loss: 1.4208984375 -- Score Func: 0.36595648527145386
Performing Guidance at step: 4 971 0 971
Guidance Strength: 14.26768684387207 -- Loss: 1.2734375 -- Score Func: 0.0700884461402893
Performing Guidance at step: 5 963 0 963
Guidance Strength: 1.1027268171310425 -- Loss: 1.4326171875 -- Score Func: 0.9068428874015808
Performing Guidance at step: 6 956 0 956
Guidance Strength: 7.233625888824463 -- Loss: 1.3994140625 -- Score Func: 0.13824325799942017
Performing Guidance at step: 7 948 0 948
Guidance Strength: 6.759372234344482 -- Loss: 1.3876953125 -- Score Func: 0.14794273674488068
Performing Guidance at step: 8 939 0 939
Guidance Strength: 5.774702072143555 -- Loss: 1.408203125 -- Score Func: 0.1731691062450409
Performing Guidance at step: 9 931 0 931
Guidance Strength: 4.938393592834473 -- Loss: 1.3994140625 -- Score Func: 0.20249499380588531
Performing Guidance at step: 10 922 0 922
Guidance Strength: 5.513637542724609 -- Loss: 1.416015625 -- Score Func: 0.18136847019195557
Performing Guidance at step: 11 913 0 913
Guidance Strength: 6.97205114364624 -- Loss: 1.46875 -- Score Func: 0.14342981576919556
Performing Guidance at step: 12 904 0 904
Guidance Strength: 6.2047224044799805 -- Loss: 1.439453125 -- Score Func: 0.16116756200790405
Performing Guidance at step: 13 894 0 894
Guidance Strength: 8.590781211853027 -- Loss: 1.4677734375 -- Score Func: 0.11640384793281555
Performing Guidance at step: 14 884 0 884
Guidance Strength: 3.8560667037963867 -- Loss: 1.478515625 -- Score Func: 0.259331613779068
Performing Guidance at step: 15 874 0 874
Guidance Strength: 8.740313529968262 -- Loss: 1.482421875 -- Score Func: 0.11441237479448318
Performing Guidance at step: 16 864 0 864
Guidance Strength: 1.0655133724212646 -- Loss: 1.470703125 -- Score Func: 0.9385147094726562
Performing Guidance at step: 17 853 0 853
Guidance Strength: 7.9033379554748535 -- Loss: 1.484375 -- Score Func: 0.1265288144350052
Performing Guidance at step: 18 841 0 841
Guidance Strength: 6.01786470413208 -- Loss: 1.4833984375 -- Score Func: 0.16617189347743988
Performing Guidance at step: 19 829 0 829
Guidance Strength: 10.872270584106445 -- Loss: 1.5 -- Score Func: 0.09197710454463959
Performing Guidance at step: 20 817 0 817
Guidance Strength: 1.8926461935043335 -- Loss: 1.4990234375 -- Score Func: 0.5283607840538025
Performing Guidance at step: 21 805 0 805
Guidance Strength: 5.8306803703308105 -- Loss: 1.515625 -- Score Func: 0.17150656878948212
Performing Guidance at step: 22 792 0 792
Guidance Strength: 8.7035493850708 -- Loss: 1.4951171875 -- Score Func: 0.11489565670490265
Performing Guidance at step: 23 778 0 778
Guidance Strength: 7.319622039794922 -- Loss: 1.4912109375 -- Score Func: 0.13661907613277435
Performing Guidance at step: 24 764 0 764
Guidance Strength: 8.780137062072754 -- Loss: 1.4765625 -- Score Func: 0.11389344185590744
Generated video: generated_videos/wan_guidance_nt50_f17_w0c0s0/subject_consistency/a boat sailing smoothly on a calm lake.mp4
Performing Guidance at step: 2 985 0 985
Guidance Strength: 5.011966705322266 -- Loss: 1.5126953125 -- Score Func: 0.199522465467453
Performing Guidance at step: 3 978 0 978
Guidance Strength: 1.1426329612731934 -- Loss: 1.529296875 -- Score Func: 0.8751716613769531
Performing Guidance at step: 4 971 0 971
Guidance Strength: 9.373917579650879 -- Loss: 1.5625 -- Score Func: 0.10667898505926132
Performing Guidance at step: 5 963 0 963
Guidance Strength: 8.301355361938477 -- Loss: 1.580078125 -- Score Func: 0.12046226114034653
Performing Guidance at step: 6 956 0 956
Guidance Strength: 7.094799518585205 -- Loss: 1.6162109375 -- Score Func: 0.1409483104944229
Performing Guidance at step: 7 948 0 948
Guidance Strength: 3.3149735927581787 -- Loss: 1.6474609375 -- Score Func: 0.30166152119636536
Performing Guidance at step: 8 939 0 939
Guidance Strength: 5.772594928741455 -- Loss: 1.7080078125 -- Score Func: 0.1732323169708252
Performing Guidance at step: 9 931 0 931
Guidance Strength: 4.228167533874512 -- Loss: 1.669921875 -- Score Func: 0.23650908470153809
Performing Guidance at step: 10 922 0 922
Guidance Strength: 1.3908805847167969 -- Loss: 1.671875 -- Score Func: 0.7189689874649048
Performing Guidance at step: 11 913 0 913
Guidance Strength: 3.362506866455078 -- Loss: 1.6728515625 -- Score Func: 0.2973971664905548
Performing Guidance at step: 12 904 0 904
Guidance Strength: 3.09455943107605 -- Loss: 1.6640625 -- Score Func: 0.3231477737426758
Performing Guidance at step: 13 894 0 894
Guidance Strength: 3.83217453956604 -- Loss: 1.662109375 -- Score Func: 0.26094844937324524
Performing Guidance at step: 14 884 0 884
Guidance Strength: 7.758651256561279 -- Loss: 1.669921875 -- Score Func: 0.12888838350772858
Performing Guidance at step: 15 874 0 874
Guidance Strength: 8.007957458496094 -- Loss: 1.666015625 -- Score Func: 0.12487578392028809
Performing Guidance at step: 16 864 0 864
Guidance Strength: 4.181195259094238 -- Loss: 1.654296875 -- Score Func: 0.23916606605052948
Performing Guidance at step: 17 853 0 853
Guidance Strength: 4.029686450958252 -- Loss: 1.6474609375 -- Score Func: 0.248158261179924
Performing Guidance at step: 18 841 0 841
Guidance Strength: 4.831820964813232 -- Loss: 1.654296875 -- Score Func: 0.20696131885051727
Performing Guidance at step: 19 829 0 829
Guidance Strength: 6.105602741241455 -- Loss: 1.6611328125 -- Score Func: 0.163783997297287
Performing Guidance at step: 20 817 0 817
Guidance Strength: 4.786406517028809 -- Loss: 1.6552734375 -- Score Func: 0.2089250087738037
Performing Guidance at step: 21 805 0 805
Guidance Strength: 6.319573402404785 -- Loss: 1.6552734375 -- Score Func: 0.15823853015899658
Performing Guidance at step: 22 792 0 792
Guidance Strength: 6.5361223220825195 -- Loss: 1.658203125 -- Score Func: 0.15299591422080994
Performing Guidance at step: 23 778 0 778
Guidance Strength: 0.5418288707733154 -- Loss: 1.658203125 -- Score Func: 1.845601201057434
Performing Guidance at step: 24 764 0 764
Guidance Strength: 4.729525566101074 -- Loss: 1.6533203125 -- Score Func: 0.21143770217895508
Generated video: generated_videos/wan_guidance_nt50_f17_w0c0s0/subject_consistency/a motorcycle slowing down to stop.mp4
Generating video for prompt 1/9: a person swimming in ocean
Generating video for prompt 1/9: a motorcycle gliding through a snowy field
Generating video for prompt 1/9: a bear sniffing the air for scents of food
Generating video for prompt 1/9: a train speeding down the tracks
Generating video for prompt 1/9: a boat slowing down to stop
Generating video for prompt 1/9: a dog enjoying a peaceful walk
Generating video for prompt 1/9: a sheep taking a peaceful walk
Generating video for prompt 1/9: a bicycle slowing down to stop
Generated video: generated_videos/wan_vanilla_nt50_f17_w0c0s0/subject_consistency/a person swimming in ocean.mp4
Generating video for prompt 2/9: a person giving a presentation to a room full of colleagues
Generated video: generated_videos/wan_vanilla_nt50_f17_w0c0s0/subject_consistency/a motorcycle gliding through a snowy field.mp4
Generating video for prompt 2/9: a motorcycle accelerating to gain speed
Generated video: generated_videos/wan_vanilla_nt50_f17_w0c0s0/subject_consistency/a bear sniffing the air for scents of food.mp4
Generating video for prompt 2/9: a bear climbing a tree
Generated video: generated_videos/wan_vanilla_nt50_f17_w0c0s0/subject_consistency/a train speeding down the tracks.mp4
Generating video for prompt 2/9: a train crossing over a tall bridge
Generated video: generated_videos/wan_vanilla_nt50_f17_w0c0s0/subject_consistency/a dog enjoying a peaceful walk.mp4
Generating video for prompt 2/9: a dog playing in park
Generated video: generated_videos/wan_vanilla_nt50_f17_w0c0s0/subject_consistency/a boat slowing down to stop.mp4
Generating video for prompt 2/9: a boat accelerating to gain speed
Generated video: generated_videos/wan_vanilla_nt50_f17_w0c0s0/subject_consistency/a sheep taking a peaceful walk.mp4
Generating video for prompt 2/9: a sheep running to join a herd of its kind
Generated video: generated_videos/wan_vanilla_nt50_f17_w0c0s0/subject_consistency/a bicycle slowing down to stop.mp4
Generating video for prompt 2/9: a bicycle accelerating to gain speed
Generated video: generated_videos/wan_vanilla_nt50_f17_w0c0s0/subject_consistency/a person giving a presentation to a room full of colleagues.mp4
Generating video for prompt 3/9: a person washing the dishes
Generated video: generated_videos/wan_vanilla_nt50_f17_w0c0s0/subject_consistency/a motorcycle accelerating to gain speed.mp4
Generating video for prompt 3/9: an airplane soaring through a clear blue sky
Generated video: generated_videos/wan_vanilla_nt50_f17_w0c0s0/subject_consistency/a bear climbing a tree.mp4
Generating video for prompt 3/9: a bear hunting for prey
Generated video: generated_videos/wan_vanilla_nt50_f17_w0c0s0/subject_consistency/a train crossing over a tall bridge.mp4
Generating video for prompt 3/9: a train accelerating to gain speed
Generated video: generated_videos/wan_vanilla_nt50_f17_w0c0s0/subject_consistency/a boat accelerating to gain speed.mp4
Generating video for prompt 3/9: a bird soaring gracefully in the sky
Generated video: generated_videos/wan_vanilla_nt50_f17_w0c0s0/subject_consistency/a dog playing in park.mp4
Generating video for prompt 3/9: a dog drinking water
Generated video: generated_videos/wan_vanilla_nt50_f17_w0c0s0/subject_consistency/a sheep running to join a herd of its kind.mp4
Generating video for prompt 3/9: a cow bending down to drink water from a river
Generated video: generated_videos/wan_vanilla_nt50_f17_w0c0s0/subject_consistency/a bicycle accelerating to gain speed.mp4
Generating video for prompt 3/9: a car stuck in traffic during rush hour
Generated video: generated_videos/wan_vanilla_nt50_f17_w0c0s0/subject_consistency/a person washing the dishes.mp4
Generating video for prompt 4/9: a person eating a burger
Generated video: generated_videos/wan_vanilla_nt50_f17_w0c0s0/subject_consistency/an airplane soaring through a clear blue sky.mp4
Generating video for prompt 4/9: an airplane taking off
Generated video: generated_videos/wan_vanilla_nt50_f17_w0c0s0/subject_consistency/a train accelerating to gain speed.mp4
Generating video for prompt 4/9: a truck turning a corner
Generated video: generated_videos/wan_vanilla_nt50_f17_w0c0s0/subject_consistency/a bear hunting for prey.mp4
Generating video for prompt 4/9: a zebra bending down to drink water from a river
Generated video: generated_videos/wan_vanilla_nt50_f17_w0c0s0/subject_consistency/a bird soaring gracefully in the sky.mp4
Generating video for prompt 4/9: a bird building a nest from twigs and leaves
Generated video: generated_videos/wan_vanilla_nt50_f17_w0c0s0/subject_consistency/a dog drinking water.mp4
Generating video for prompt 4/9: a dog running happily
Generated video: generated_videos/wan_vanilla_nt50_f17_w0c0s0/subject_consistency/a person eating a burger.mp4
Generating video for prompt 5/9: a person walking in the snowstorm
Generated video: generated_videos/wan_vanilla_nt50_f17_w0c0s0/subject_consistency/an airplane taking off.mp4
Generating video for prompt 5/9: an airplane landing smoothly on a runway
Generated video: generated_videos/wan_vanilla_nt50_f17_w0c0s0/subject_consistency/a car stuck in traffic during rush hour.mp4
Generating video for prompt 4/9: a car turning a corner
Generated video: generated_videos/wan_vanilla_nt50_f17_w0c0s0/subject_consistency/a truck turning a corner.mp4
Generating video for prompt 5/9: a truck anchored in a tranquil bay
Generated video: generated_videos/wan_vanilla_nt50_f17_w0c0s0/subject_consistency/a zebra bending down to drink water from a river.mp4
Generating video for prompt 5/9: a zebra running to join a herd of its kind
Generated video: generated_videos/wan_vanilla_nt50_f17_w0c0s0/subject_consistency/a cow bending down to drink water from a river.mp4
Generating video for prompt 4/9: a cow chewing cud while resting in a tranquil barn
Generated video: generated_videos/wan_vanilla_nt50_f17_w0c0s0/subject_consistency/a bird building a nest from twigs and leaves.mp4
Generating video for prompt 5/9: a bird flying over a snowy forest
Generated video: generated_videos/wan_vanilla_nt50_f17_w0c0s0/subject_consistency/a dog running happily.mp4
Generating video for prompt 5/9: a horse bending down to drink water from a river
Generated video: generated_videos/wan_vanilla_nt50_f17_w0c0s0/subject_consistency/a person walking in the snowstorm.mp4
Generating video for prompt 6/9: a person drinking coffee in a cafe
Generated video: generated_videos/wan_vanilla_nt50_f17_w0c0s0/subject_consistency/an airplane landing smoothly on a runway.mp4
Generating video for prompt 6/9: an airplane accelerating to gain speed
Generated video: generated_videos/wan_vanilla_nt50_f17_w0c0s0/subject_consistency/a truck anchored in a tranquil bay.mp4
Generating video for prompt 6/9: a truck stuck in traffic during rush hour
Generated video: generated_videos/wan_vanilla_nt50_f17_w0c0s0/subject_consistency/a zebra running to join a herd of its kind.mp4
Generating video for prompt 6/9: a zebra taking a peaceful walk
Generated video: generated_videos/wan_vanilla_nt50_f17_w0c0s0/subject_consistency/a bird flying over a snowy forest.mp4
Generating video for prompt 6/9: a cat grooming itself meticulously with its tongue
Generated video: generated_videos/wan_vanilla_nt50_f17_w0c0s0/subject_consistency/a car turning a corner.mp4
Generating video for prompt 5/9: a car slowing down to stop
Generated video: generated_videos/wan_vanilla_nt50_f17_w0c0s0/subject_consistency/a horse bending down to drink water from a river.mp4
Generating video for prompt 6/9: a horse galloping across an open field
Generated video: generated_videos/wan_vanilla_nt50_f17_w0c0s0/subject_consistency/a cow chewing cud while resting in a tranquil barn.mp4
Generating video for prompt 5/9: a cow running to join a herd of its kind
Generated video: generated_videos/wan_vanilla_nt50_f17_w0c0s0/subject_consistency/a person drinking coffee in a cafe.mp4
Generating video for prompt 7/9: a person playing guitar
Generated video: generated_videos/wan_vanilla_nt50_f17_w0c0s0/subject_consistency/an airplane accelerating to gain speed.mp4
Generating video for prompt 7/9: a bus turning a corner
Generated video: generated_videos/wan_vanilla_nt50_f17_w0c0s0/subject_consistency/a truck stuck in traffic during rush hour.mp4
Generating video for prompt 7/9: a truck slowing down to stop
Generated video: generated_videos/wan_vanilla_nt50_f17_w0c0s0/subject_consistency/a zebra taking a peaceful walk.mp4
Generating video for prompt 7/9: a giraffe bending down to drink water from a river
Generated video: generated_videos/wan_vanilla_nt50_f17_w0c0s0/subject_consistency/a cat grooming itself meticulously with its tongue.mp4
Generating video for prompt 7/9: a cat playing in park
Generated video: generated_videos/wan_vanilla_nt50_f17_w0c0s0/subject_consistency/a horse galloping across an open field.mp4
Generating video for prompt 7/9: a horse taking a peaceful walk
Generated video: generated_videos/wan_vanilla_nt50_f17_w0c0s0/subject_consistency/a person playing guitar.mp4
Generating video for prompt 8/9: a bicycle leaning against a tree
Generated video: generated_videos/wan_vanilla_nt50_f17_w0c0s0/subject_consistency/a car slowing down to stop.mp4
Generating video for prompt 6/9: a car accelerating to gain speed
Generated video: generated_videos/wan_vanilla_nt50_f17_w0c0s0/subject_consistency/a cow running to join a herd of its kind.mp4
Generating video for prompt 6/9: an elephant spraying itself with water using its trunk to cool down
Generated video: generated_videos/wan_vanilla_nt50_f17_w0c0s0/subject_consistency/a bus turning a corner.mp4
Generating video for prompt 8/9: a bus stuck in traffic during rush hour
Generated video: generated_videos/wan_vanilla_nt50_f17_w0c0s0/subject_consistency/a truck slowing down to stop.mp4
Generating video for prompt 8/9: a truck accelerating to gain speed
Generated video: generated_videos/wan_vanilla_nt50_f17_w0c0s0/subject_consistency/a giraffe bending down to drink water from a river.mp4
Generating video for prompt 8/9: a giraffe taking a peaceful walk
Generated video: generated_videos/wan_vanilla_nt50_f17_w0c0s0/subject_consistency/a cat playing in park.mp4
Generating video for prompt 8/9: a cat drinking water
Generated video: generated_videos/wan_vanilla_nt50_f17_w0c0s0/subject_consistency/a horse taking a peaceful walk.mp4
Generating video for prompt 8/9: a horse running to join a herd of its kind
Generated video: generated_videos/wan_vanilla_nt50_f17_w0c0s0/subject_consistency/a bicycle leaning against a tree.mp4
Generating video for prompt 9/9: a bicycle gliding through a snowy field
Generated video: generated_videos/wan_vanilla_nt50_f17_w0c0s0/subject_consistency/a bus stuck in traffic during rush hour.mp4
Generating video for prompt 9/9: a bus accelerating to gain speed
Generated video: generated_videos/wan_vanilla_nt50_f17_w0c0s0/subject_consistency/a truck accelerating to gain speed.mp4
Generating video for prompt 9/9: a boat sailing smoothly on a calm lake
Generated video: generated_videos/wan_vanilla_nt50_f17_w0c0s0/subject_consistency/a giraffe taking a peaceful walk.mp4
Generating video for prompt 9/9: a giraffe running to join a herd of its kind
Generated video: generated_videos/wan_vanilla_nt50_f17_w0c0s0/subject_consistency/a cat drinking water.mp4
Generating video for prompt 9/9: a cat running happily
Generated video: generated_videos/wan_vanilla_nt50_f17_w0c0s0/subject_consistency/a car accelerating to gain speed.mp4
Generating video for prompt 7/9: a motorcycle cruising along a coastal highway
Generated video: generated_videos/wan_vanilla_nt50_f17_w0c0s0/subject_consistency/an elephant spraying itself with water using its trunk to cool down.mp4
Generating video for prompt 7/9: an elephant taking a peaceful walk
Generated video: generated_videos/wan_vanilla_nt50_f17_w0c0s0/subject_consistency/a bicycle gliding through a snowy field.mp4
Generated video: generated_videos/wan_vanilla_nt50_f17_w0c0s0/subject_consistency/a horse running to join a herd of its kind.mp4
Generating video for prompt 9/9: a sheep bending down to drink water from a river
Generated video: generated_videos/wan_vanilla_nt50_f17_w0c0s0/subject_consistency/a bus accelerating to gain speed.mp4
Generated video: generated_videos/wan_vanilla_nt50_f17_w0c0s0/subject_consistency/a boat sailing smoothly on a calm lake.mp4
Generated video: generated_videos/wan_vanilla_nt50_f17_w0c0s0/subject_consistency/a giraffe running to join a herd of its kind.mp4
Generated video: generated_videos/wan_vanilla_nt50_f17_w0c0s0/subject_consistency/a cat running happily.mp4
Generated video: generated_videos/wan_vanilla_nt50_f17_w0c0s0/subject_consistency/a motorcycle cruising along a coastal highway.mp4
Generating video for prompt 8/9: a motorcycle turning a corner
Generated video: generated_videos/wan_vanilla_nt50_f17_w0c0s0/subject_consistency/a sheep bending down to drink water from a river.mp4
Generated video: generated_videos/wan_vanilla_nt50_f17_w0c0s0/subject_consistency/an elephant taking a peaceful walk.mp4
Generating video for prompt 8/9: an elephant running to join a herd of its kind
Generated video: generated_videos/wan_vanilla_nt50_f17_w0c0s0/subject_consistency/a motorcycle turning a corner.mp4
Generating video for prompt 9/9: a motorcycle slowing down to stop
Generated video: generated_videos/wan_vanilla_nt50_f17_w0c0s0/subject_consistency/an elephant running to join a herd of its kind.mp4
Generating video for prompt 9/9: a bear catching a salmon in its powerful jaws
Generated video: generated_videos/wan_vanilla_nt50_f17_w0c0s0/subject_consistency/a motorcycle slowing down to stop.mp4
Generated video: generated_videos/wan_vanilla_nt50_f17_w0c0s0/subject_consistency/a bear catching a salmon in its powerful jaws.mp4
