Tue Jul  1 14:58:17 2025       
+-----------------------------------------------------------------------------------------+
| NVIDIA-SMI 570.133.20             Driver Version: 570.133.20     CUDA Version: 12.8     |
|-----------------------------------------+------------------------+----------------------+
| GPU  Name                 Persistence-M | Bus-Id          Disp.A | Volatile Uncorr. ECC |
| Fan  Temp   Perf          Pwr:Usage/Cap |           Memory-Usage | GPU-Util  Compute M. |
|                                         |                        |               MIG M. |
|=========================================+========================+======================|
|   0  NVIDIA H200                    On  |   00000000:59:00.0 Off |                    0 |
| N/A   36C    P0             77W /  700W |       0MiB / 143771MiB |      0%      Default |
|                                         |                        |             Disabled |
+-----------------------------------------+------------------------+----------------------+
|   1  NVIDIA H200                    On  |   00000000:5A:00.0 Off |                    0 |
| N/A   36C    P0             75W /  700W |       0MiB / 143771MiB |      0%      Default |
|                                         |                        |             Disabled |
+-----------------------------------------+------------------------+----------------------+
|   2  NVIDIA H200                    On  |   00000000:72:00.0 Off |                    0 |
| N/A   37C    P0             74W /  700W |       0MiB / 143771MiB |      0%      Default |
|                                         |                        |             Disabled |
+-----------------------------------------+------------------------+----------------------+
|   3  NVIDIA H200                    On  |   00000000:73:00.0 Off |                    0 |
| N/A   35C    P0             75W /  700W |       0MiB / 143771MiB |      0%      Default |
|                                         |                        |             Disabled |
+-----------------------------------------+------------------------+----------------------+
|   4  NVIDIA H200                    On  |   00000000:8B:00.0 Off |                    0 |
| N/A   36C    P0             79W /  700W |       0MiB / 143771MiB |      0%      Default |
|                                         |                        |             Disabled |
+-----------------------------------------+------------------------+----------------------+
|   5  NVIDIA H200                    On  |   00000000:8C:00.0 Off |                    0 |
| N/A   35C    P0             74W /  700W |       0MiB / 143771MiB |      0%      Default |
|                                         |                        |             Disabled |
+-----------------------------------------+------------------------+----------------------+
|   6  NVIDIA H200                    On  |   00000000:A4:00.0 Off |                    0 |
| N/A   35C    P0             77W /  700W |       0MiB / 143771MiB |      0%      Default |
|                                         |                        |             Disabled |
+-----------------------------------------+------------------------+----------------------+
|   7  NVIDIA H200                    On  |   00000000:A5:00.0 Off |                    0 |
| N/A   35C    P0             75W /  700W |       0MiB / 143771MiB |      0%      Default |
|                                         |                        |             Disabled |
+-----------------------------------------+------------------------+----------------------+
                                                                                         
+-----------------------------------------------------------------------------------------+
| Processes:                                                                              |
|  GPU   GI   CI              PID   Type   Process name                        GPU Memory |
|        ID   ID                                                               Usage      |
|=========================================================================================|
|  No running processes found                                                             |
+-----------------------------------------------------------------------------------------+
Running batch sample script env activated

============================================================
EXPERIMENT: guidance_f17_s50_w8c6_rho10.0_cfg5.0_0701_1458
============================================================
Sampling method: guidance
Inference steps: 50
Frames per video: 17
CFG scale: 5.0
Prompts assigned to this GPU: 9
V-JEPA parameters:
  - Kernel size: 8
  - Context length: 6
  - Stride: 2
  - Mode: max
Guidance parameters:
  - Timestep range: 0-1001
  - Rho scale: 10.0
============================================================


============================================================
EXPERIMENT: guidance_f17_s50_w8c6_rho10.0_cfg5.0_0701_1458
============================================================
Sampling method: guidance
Inference steps: 50
Frames per video: 17
CFG scale: 5.0
Prompts assigned to this GPU: 9
V-JEPA parameters:
  - Kernel size: 8
  - Context length: 6
  - Stride: 2
  - Mode: max
Guidance parameters:
  - Timestep range: 0-1001
  - Rho scale: 10.0
============================================================


============================================================
EXPERIMENT: guidance_f17_s50_w8c6_rho10.0_cfg5.0_0701_1458
============================================================
Sampling method: guidance
Inference steps: 50
Frames per video: 17
CFG scale: 5.0
Prompts assigned to this GPU: 9
V-JEPA parameters:
  - Kernel size: 8
  - Context length: 6
  - Stride: 2
  - Mode: max
Guidance parameters:
  - Timestep range: 0-1001
  - Rho scale: 10.0
============================================================


============================================================
EXPERIMENT: guidance_f17_s50_w8c6_rho10.0_cfg5.0_0701_1458
============================================================
Sampling method: guidance
Inference steps: 50
Frames per video: 17
CFG scale: 5.0
Prompts assigned to this GPU: 9
V-JEPA parameters:
  - Kernel size: 8
  - Context length: 6
  - Stride: 2
  - Mode: max
Guidance parameters:
  - Timestep range: 0-1001
  - Rho scale: 10.0
============================================================


============================================================
EXPERIMENT: guidance_f17_s50_w8c6_rho10.0_cfg5.0_0701_1458
============================================================
Sampling method: guidance
Inference steps: 50
Frames per video: 17
CFG scale: 5.0
Prompts assigned to this GPU: 9
V-JEPA parameters:
  - Kernel size: 8
  - Context length: 6
  - Stride: 2
  - Mode: max
Guidance parameters:
  - Timestep range: 0-1001
  - Rho scale: 10.0
============================================================


============================================================
EXPERIMENT: guidance_f17_s50_w8c6_rho10.0_cfg5.0_0701_1458
============================================================
Sampling method: guidance
Inference steps: 50
Frames per video: 17
CFG scale: 5.0
Prompts assigned to this GPU: 9
V-JEPA parameters:
  - Kernel size: 8
  - Context length: 6
  - Stride: 2
  - Mode: max
Guidance parameters:
  - Timestep range: 0-1001
  - Rho scale: 10.0
============================================================


============================================================
EXPERIMENT: guidance_f17_s50_w8c6_rho10.0_cfg5.0_0701_1458
============================================================
Sampling method: guidance
Inference steps: 50
Frames per video: 17
CFG scale: 5.0
Prompts assigned to this GPU: 9
V-JEPA parameters:
  - Kernel size: 8
  - Context length: 6
  - Stride: 2
  - Mode: max
Guidance parameters:
  - Timestep range: 0-1001
  - Rho scale: 10.0
============================================================


============================================================
EXPERIMENT: guidance_f17_s50_w8c6_rho10.0_cfg5.0_0701_1458
============================================================
Sampling method: guidance
Inference steps: 50
Frames per video: 17
CFG scale: 5.0
Prompts assigned to this GPU: 9
V-JEPA parameters:
  - Kernel size: 8
  - Context length: 6
  - Stride: 2
  - Mode: max
Guidance parameters:
  - Timestep range: 0-1001
  - Rho scale: 10.0
============================================================

[guidance_f17_s50_w8c6_rho10.0_cfg5.0_0701_1458] Generating video 1/9 (guidance): a boat slowing down to stop
🎬 STARTING GUIDANCE PIPELINE GENERATION
   Frames: 17, Steps: 50, CFG Scale: 5.0

🔧 GUIDANCE PIPELINE CONFIGURATION:
   Guidance range: 0 - 1001
   Rho scale: 10.0
   V-JEPA kernel_size: 8
   V-JEPA context_length: 6
   V-JEPA stride: 2
   V-JEPA mode: max
   Total timesteps: 50

[guidance_f17_s50_w8c6_rho10.0_cfg5.0_0701_1458] Generating video 1/9 (guidance): a train speeding down the tracks
🎬 STARTING GUIDANCE PIPELINE GENERATION
   Frames: 17, Steps: 50, CFG Scale: 5.0

🔧 GUIDANCE PIPELINE CONFIGURATION:
   Guidance range: 0 - 1001
   Rho scale: 10.0
   V-JEPA kernel_size: 8
   V-JEPA context_length: 6
   V-JEPA stride: 2
   V-JEPA mode: max
   Total timesteps: 50

[guidance_f17_s50_w8c6_rho10.0_cfg5.0_0701_1458] Generating video 1/9 (guidance): a bicycle slowing down to stop
🎬 STARTING GUIDANCE PIPELINE GENERATION
   Frames: 17, Steps: 50, CFG Scale: 5.0

🔧 GUIDANCE PIPELINE CONFIGURATION:
   Guidance range: 0 - 1001
   Rho scale: 10.0
   V-JEPA kernel_size: 8
   V-JEPA context_length: 6
   V-JEPA stride: 2
   V-JEPA mode: max
   Total timesteps: 50

[guidance_f17_s50_w8c6_rho10.0_cfg5.0_0701_1458] Generating video 1/9 (guidance): a dog enjoying a peaceful walk
🎬 STARTING GUIDANCE PIPELINE GENERATION
   Frames: 17, Steps: 50, CFG Scale: 5.0

🔧 GUIDANCE PIPELINE CONFIGURATION:
   Guidance range: 0 - 1001
   Rho scale: 10.0
   V-JEPA kernel_size: 8
   V-JEPA context_length: 6
   V-JEPA stride: 2
   V-JEPA mode: max
   Total timesteps: 50

[guidance_f17_s50_w8c6_rho10.0_cfg5.0_0701_1458] Generating video 1/9 (guidance): a bear sniffing the air for scents of food
🎬 STARTING GUIDANCE PIPELINE GENERATION
   Frames: 17, Steps: 50, CFG Scale: 5.0

🔧 GUIDANCE PIPELINE CONFIGURATION:
   Guidance range: 0 - 1001
   Rho scale: 10.0
   V-JEPA kernel_size: 8
   V-JEPA context_length: 6
   V-JEPA stride: 2
   V-JEPA mode: max
   Total timesteps: 50

[guidance_f17_s50_w8c6_rho10.0_cfg5.0_0701_1458] Generating video 1/9 (guidance): a sheep taking a peaceful walk
🎬 STARTING GUIDANCE PIPELINE GENERATION
   Frames: 17, Steps: 50, CFG Scale: 5.0

🔧 GUIDANCE PIPELINE CONFIGURATION:
   Guidance range: 0 - 1001
   Rho scale: 10.0
   V-JEPA kernel_size: 8
   V-JEPA context_length: 6
   V-JEPA stride: 2
   V-JEPA mode: max
   Total timesteps: 50

[guidance_f17_s50_w8c6_rho10.0_cfg5.0_0701_1458] Generating video 1/9 (guidance): a person swimming in ocean
🎬 STARTING GUIDANCE PIPELINE GENERATION
   Frames: 17, Steps: 50, CFG Scale: 5.0

🔧 GUIDANCE PIPELINE CONFIGURATION:
   Guidance range: 0 - 1001
   Rho scale: 10.0
   V-JEPA kernel_size: 8
   V-JEPA context_length: 6
   V-JEPA stride: 2
   V-JEPA mode: max
   Total timesteps: 50

[guidance_f17_s50_w8c6_rho10.0_cfg5.0_0701_1458] Generating video 1/9 (guidance): a motorcycle gliding through a snowy field
🎬 STARTING GUIDANCE PIPELINE GENERATION
   Frames: 17, Steps: 50, CFG Scale: 5.0

🔧 GUIDANCE PIPELINE CONFIGURATION:
   Guidance range: 0 - 1001
   Rho scale: 10.0
   V-JEPA kernel_size: 8
   V-JEPA context_length: 6
   V-JEPA stride: 2
   V-JEPA mode: max
   Total timesteps: 50

🚀 APPLYING GUIDANCE at step 0 (timestep=999)
🎯 GUIDANCE STEP 0 (t=999): Loss=0.5542, Rho=17.480213, Grad_norm=0.0572, Final_scale=174.8021
🚀 APPLYING GUIDANCE at step 1 (timestep=992)
🎯 GUIDANCE STEP 1 (t=992): Loss=0.5474, Rho=17.176771, Grad_norm=0.0582, Final_scale=171.7677
🚀 APPLYING GUIDANCE at step 2 (timestep=985)
🎯 GUIDANCE STEP 2 (t=985): Loss=0.5591, Rho=11.995927, Grad_norm=0.0834, Final_scale=119.9593
🚀 APPLYING GUIDANCE at step 3 (timestep=978)
🎯 GUIDANCE STEP 3 (t=978): Loss=0.5537, Rho=40.709805, Grad_norm=0.0246, Final_scale=407.0980
🚀 APPLYING GUIDANCE at step 4 (timestep=971)
🎯 GUIDANCE STEP 4 (t=971): Loss=0.5581, Rho=17.507296, Grad_norm=0.0571, Final_scale=175.0730
🚀 APPLYING GUIDANCE at step 5 (timestep=963)
🎯 GUIDANCE STEP 5 (t=963): Loss=0.5542, Rho=7.671021, Grad_norm=0.1304, Final_scale=76.7102
🚀 APPLYING GUIDANCE at step 6 (timestep=956)
🎯 GUIDANCE STEP 6 (t=956): Loss=0.5562, Rho=23.586374, Grad_norm=0.0424, Final_scale=235.8637
🚀 APPLYING GUIDANCE at step 7 (timestep=948)
🎯 GUIDANCE STEP 7 (t=948): Loss=0.5586, Rho=18.547924, Grad_norm=0.0539, Final_scale=185.4792
🚀 APPLYING GUIDANCE at step 8 (timestep=939)
🎯 GUIDANCE STEP 8 (t=939): Loss=0.5610, Rho=12.752254, Grad_norm=0.0784, Final_scale=127.5225
🚀 APPLYING GUIDANCE at step 9 (timestep=931)
🎯 GUIDANCE STEP 9 (t=931): Loss=0.5869, Rho=9.337563, Grad_norm=0.1071, Final_scale=93.3756
🚀 APPLYING GUIDANCE at step 10 (timestep=922)
🎯 GUIDANCE STEP 10 (t=922): Loss=0.5874, Rho=6.157455, Grad_norm=0.1624, Final_scale=61.5745
🚀 APPLYING GUIDANCE at step 11 (timestep=913)
🎯 GUIDANCE STEP 11 (t=913): Loss=0.6089, Rho=7.239347, Grad_norm=0.1381, Final_scale=72.3935
🚀 APPLYING GUIDANCE at step 12 (timestep=904)
🎯 GUIDANCE STEP 12 (t=904): Loss=0.6123, Rho=7.366357, Grad_norm=0.1358, Final_scale=73.6636
🚀 APPLYING GUIDANCE at step 13 (timestep=894)
🎯 GUIDANCE STEP 13 (t=894): Loss=0.6133, Rho=4.414814, Grad_norm=0.2265, Final_scale=44.1481
🚀 APPLYING GUIDANCE at step 14 (timestep=884)
🎯 GUIDANCE STEP 14 (t=884): Loss=0.6074, Rho=6.478834, Grad_norm=0.1543, Final_scale=64.7883
🚀 APPLYING GUIDANCE at step 15 (timestep=874)
🎯 GUIDANCE STEP 15 (t=874): Loss=0.6074, Rho=3.959032, Grad_norm=0.2526, Final_scale=39.5903
🚀 APPLYING GUIDANCE at step 16 (timestep=864)
🎯 GUIDANCE STEP 16 (t=864): Loss=0.6030, Rho=5.800667, Grad_norm=0.1724, Final_scale=58.0067
🚀 APPLYING GUIDANCE at step 17 (timestep=853)
🎯 GUIDANCE STEP 17 (t=853): Loss=0.6123, Rho=3.996466, Grad_norm=0.2502, Final_scale=39.9647
🚀 APPLYING GUIDANCE at step 18 (timestep=841)
🎯 GUIDANCE STEP 18 (t=841): Loss=0.5986, Rho=5.931351, Grad_norm=0.1686, Final_scale=59.3135
🚀 APPLYING GUIDANCE at step 19 (timestep=829)
🎯 GUIDANCE STEP 19 (t=829): Loss=0.6055, Rho=0.889087, Grad_norm=1.1247, Final_scale=8.8909
🚀 APPLYING GUIDANCE at step 20 (timestep=817)
🎯 GUIDANCE STEP 20 (t=817): Loss=0.5972, Rho=3.714928, Grad_norm=0.2692, Final_scale=37.1493
🚀 APPLYING GUIDANCE at step 21 (timestep=805)
🎯 GUIDANCE STEP 21 (t=805): Loss=0.6045, Rho=3.334777, Grad_norm=0.2999, Final_scale=33.3478
🚀 APPLYING GUIDANCE at step 22 (timestep=792)
🎯 GUIDANCE STEP 22 (t=792): Loss=0.6030, Rho=3.729988, Grad_norm=0.2681, Final_scale=37.2999
🚀 APPLYING GUIDANCE at step 23 (timestep=778)
🎯 GUIDANCE STEP 23 (t=778): Loss=0.6084, Rho=3.916296, Grad_norm=0.2553, Final_scale=39.1630
🚀 APPLYING GUIDANCE at step 24 (timestep=764)
🎯 GUIDANCE STEP 24 (t=764): Loss=0.6094, Rho=4.967906, Grad_norm=0.2013, Final_scale=49.6791
🚀 APPLYING GUIDANCE at step 25 (timestep=749)
🎯 GUIDANCE STEP 25 (t=749): Loss=0.6069, Rho=3.706853, Grad_norm=0.2698, Final_scale=37.0685
🚀 APPLYING GUIDANCE at step 26 (timestep=734)
🎯 GUIDANCE STEP 26 (t=734): Loss=0.6035, Rho=7.831273, Grad_norm=0.1277, Final_scale=78.3127
🚀 APPLYING GUIDANCE at step 27 (timestep=718)
🎯 GUIDANCE STEP 27 (t=718): Loss=0.5996, Rho=4.432437, Grad_norm=0.2256, Final_scale=44.3244
🚀 APPLYING GUIDANCE at step 28 (timestep=701)
🎯 GUIDANCE STEP 28 (t=701): Loss=0.6074, Rho=7.715208, Grad_norm=0.1296, Final_scale=77.1521
🚀 APPLYING GUIDANCE at step 29 (timestep=684)
🎯 GUIDANCE STEP 29 (t=684): Loss=0.6064, Rho=3.312223, Grad_norm=0.3019, Final_scale=33.1222
🚀 APPLYING GUIDANCE at step 30 (timestep=666)
🎯 GUIDANCE STEP 30 (t=666): Loss=0.6138, Rho=4.053854, Grad_norm=0.2467, Final_scale=40.5385
🚀 APPLYING GUIDANCE at step 31 (timestep=647)
🎯 GUIDANCE STEP 31 (t=647): Loss=0.6108, Rho=8.649966, Grad_norm=0.1156, Final_scale=86.4997
🚀 APPLYING GUIDANCE at step 32 (timestep=627)
🎯 GUIDANCE STEP 32 (t=627): Loss=0.6099, Rho=3.896192, Grad_norm=0.2567, Final_scale=38.9619
🚀 APPLYING GUIDANCE at step 33 (timestep=606)
🎯 GUIDANCE STEP 33 (t=606): Loss=0.6074, Rho=2.908453, Grad_norm=0.3438, Final_scale=29.0845
🚀 APPLYING GUIDANCE at step 34 (timestep=585)
🎯 GUIDANCE STEP 34 (t=585): Loss=0.6108, Rho=6.631380, Grad_norm=0.1508, Final_scale=66.3138
🚀 APPLYING GUIDANCE at step 35 (timestep=562)
🎯 GUIDANCE STEP 35 (t=562): Loss=0.6050, Rho=9.614015, Grad_norm=0.1040, Final_scale=96.1401
🚀 APPLYING GUIDANCE at step 36 (timestep=538)
🎯 GUIDANCE STEP 36 (t=538): Loss=0.6050, Rho=12.125648, Grad_norm=0.0825, Final_scale=121.2565
🚀 APPLYING GUIDANCE at step 37 (timestep=512)
🎯 GUIDANCE STEP 37 (t=512): Loss=0.6064, Rho=3.027378, Grad_norm=0.3303, Final_scale=30.2738
🚀 APPLYING GUIDANCE at step 38 (timestep=486)
🎯 GUIDANCE STEP 38 (t=486): Loss=0.6108, Rho=3.587018, Grad_norm=0.2788, Final_scale=35.8702
🚀 APPLYING GUIDANCE at step 39 (timestep=458)
🎯 GUIDANCE STEP 39 (t=458): Loss=0.6113, Rho=21.279373, Grad_norm=0.0470, Final_scale=212.7937
🚀 APPLYING GUIDANCE at step 40 (timestep=428)
🎯 GUIDANCE STEP 40 (t=428): Loss=0.6040, Rho=15.157175, Grad_norm=0.0660, Final_scale=151.5718
🚀 APPLYING GUIDANCE at step 41 (timestep=396)
🎯 GUIDANCE STEP 41 (t=396): Loss=0.6099, Rho=15.026282, Grad_norm=0.0666, Final_scale=150.2628
🚀 APPLYING GUIDANCE at step 42 (timestep=363)
🎯 GUIDANCE STEP 42 (t=363): Loss=0.6040, Rho=16.430634, Grad_norm=0.0609, Final_scale=164.3063
🚀 APPLYING GUIDANCE at step 43 (timestep=327)
🎯 GUIDANCE STEP 43 (t=327): Loss=0.6074, Rho=14.998209, Grad_norm=0.0667, Final_scale=149.9821
🚀 APPLYING GUIDANCE at step 44 (timestep=290)
🎯 GUIDANCE STEP 44 (t=290): Loss=0.6045, Rho=11.034465, Grad_norm=0.0906, Final_scale=110.3446
🚀 APPLYING GUIDANCE at step 45 (timestep=249)
🎯 GUIDANCE STEP 45 (t=249): Loss=0.6035, Rho=11.754790, Grad_norm=0.0851, Final_scale=117.5479
🚀 APPLYING GUIDANCE at step 46 (timestep=206)
🎯 GUIDANCE STEP 46 (t=206): Loss=0.6055, Rho=18.182880, Grad_norm=0.0550, Final_scale=181.8288
🚀 APPLYING GUIDANCE at step 47 (timestep=160)
🎯 GUIDANCE STEP 47 (t=160): Loss=0.5977, Rho=18.758074, Grad_norm=0.0533, Final_scale=187.5807
🚀 APPLYING GUIDANCE at step 48 (timestep=111)
🎯 GUIDANCE STEP 48 (t=111): Loss=0.5923, Rho=15.911165, Grad_norm=0.0628, Final_scale=159.1117
🚀 APPLYING GUIDANCE at step 49 (timestep=57)
🎯 GUIDANCE STEP 49 (t=57): Loss=0.5913, Rho=9.482652, Grad_norm=0.1055, Final_scale=94.8265
[guidance_f17_s50_w8c6_rho10.0_cfg5.0_0701_1458] Generated: generated_videos/subject_consistency/guidance_f17_s50_w8c6_rho10.0_cfg5.0_0701_1458/000_a_dog_enjoying_a_peaceful_walk.mp4
[guidance_f17_s50_w8c6_rho10.0_cfg5.0_0701_1458] Generating video 2/9 (guidance): a dog playing in park
🎬 STARTING GUIDANCE PIPELINE GENERATION
   Frames: 17, Steps: 50, CFG Scale: 5.0

🔧 GUIDANCE PIPELINE CONFIGURATION:
   Guidance range: 0 - 1001
   Rho scale: 10.0
   V-JEPA kernel_size: 8
   V-JEPA context_length: 6
   V-JEPA stride: 2
   V-JEPA mode: max
   Total timesteps: 50

🚀 APPLYING GUIDANCE at step 0 (timestep=999)
🎯 GUIDANCE STEP 0 (t=999): Loss=0.5767, Rho=18.662159, Grad_norm=0.0536, Final_scale=186.6216
🚀 APPLYING GUIDANCE at step 1 (timestep=992)
🎯 GUIDANCE STEP 1 (t=992): Loss=0.5381, Rho=18.200720, Grad_norm=0.0549, Final_scale=182.0072
🚀 APPLYING GUIDANCE at step 2 (timestep=985)
🎯 GUIDANCE STEP 2 (t=985): Loss=0.5615, Rho=15.775262, Grad_norm=0.0634, Final_scale=157.7526
🚀 APPLYING GUIDANCE at step 3 (timestep=978)
🎯 GUIDANCE STEP 3 (t=978): Loss=0.5820, Rho=16.114941, Grad_norm=0.0621, Final_scale=161.1494
🚀 APPLYING GUIDANCE at step 4 (timestep=971)
🎯 GUIDANCE STEP 4 (t=971): Loss=0.6108, Rho=11.654392, Grad_norm=0.0858, Final_scale=116.5439
🚀 APPLYING GUIDANCE at step 5 (timestep=963)
🎯 GUIDANCE STEP 5 (t=963): Loss=0.6060, Rho=12.036808, Grad_norm=0.0831, Final_scale=120.3681
🚀 APPLYING GUIDANCE at step 6 (timestep=956)
🎯 GUIDANCE STEP 6 (t=956): Loss=0.6104, Rho=6.041606, Grad_norm=0.1655, Final_scale=60.4161
🚀 APPLYING GUIDANCE at step 7 (timestep=948)
🎯 GUIDANCE STEP 7 (t=948): Loss=0.6074, Rho=5.370480, Grad_norm=0.1862, Final_scale=53.7048
🚀 APPLYING GUIDANCE at step 8 (timestep=939)
🎯 GUIDANCE STEP 8 (t=939): Loss=0.6162, Rho=8.242213, Grad_norm=0.1213, Final_scale=82.4221
🚀 APPLYING GUIDANCE at step 9 (timestep=931)
🎯 GUIDANCE STEP 9 (t=931): Loss=0.6167, Rho=4.787416, Grad_norm=0.2089, Final_scale=47.8742
🚀 APPLYING GUIDANCE at step 10 (timestep=922)
🎯 GUIDANCE STEP 10 (t=922): Loss=0.6138, Rho=3.721144, Grad_norm=0.2687, Final_scale=37.2114
🚀 APPLYING GUIDANCE at step 11 (timestep=913)
🎯 GUIDANCE STEP 11 (t=913): Loss=0.6143, Rho=9.516406, Grad_norm=0.1051, Final_scale=95.1641
🚀 APPLYING GUIDANCE at step 12 (timestep=904)
🎯 GUIDANCE STEP 12 (t=904): Loss=0.6152, Rho=3.361521, Grad_norm=0.2975, Final_scale=33.6152
🚀 APPLYING GUIDANCE at step 13 (timestep=894)
🎯 GUIDANCE STEP 13 (t=894): Loss=0.6221, Rho=5.051143, Grad_norm=0.1980, Final_scale=50.5114
🚀 APPLYING GUIDANCE at step 14 (timestep=884)
🎯 GUIDANCE STEP 14 (t=884): Loss=0.6157, Rho=6.118801, Grad_norm=0.1634, Final_scale=61.1880
🚀 APPLYING GUIDANCE at step 15 (timestep=874)
🎯 GUIDANCE STEP 15 (t=874): Loss=0.6118, Rho=7.419906, Grad_norm=0.1348, Final_scale=74.1991
🚀 APPLYING GUIDANCE at step 16 (timestep=864)
🎯 GUIDANCE STEP 16 (t=864): Loss=0.6133, Rho=6.670592, Grad_norm=0.1499, Final_scale=66.7059
🚀 APPLYING GUIDANCE at step 17 (timestep=853)
🎯 GUIDANCE STEP 17 (t=853): Loss=0.6133, Rho=5.443251, Grad_norm=0.1837, Final_scale=54.4325
🚀 APPLYING GUIDANCE at step 18 (timestep=841)
🎯 GUIDANCE STEP 18 (t=841): Loss=0.6108, Rho=7.325284, Grad_norm=0.1365, Final_scale=73.2528
🚀 APPLYING GUIDANCE at step 19 (timestep=829)
🎯 GUIDANCE STEP 19 (t=829): Loss=0.6108, Rho=5.036734, Grad_norm=0.1985, Final_scale=50.3673
🚀 APPLYING GUIDANCE at step 20 (timestep=817)
🎯 GUIDANCE STEP 20 (t=817): Loss=0.6133, Rho=5.607291, Grad_norm=0.1783, Final_scale=56.0729
🚀 APPLYING GUIDANCE at step 21 (timestep=805)
🎯 GUIDANCE STEP 21 (t=805): Loss=0.6143, Rho=4.231270, Grad_norm=0.2363, Final_scale=42.3127
🚀 APPLYING GUIDANCE at step 22 (timestep=792)
🎯 GUIDANCE STEP 22 (t=792): Loss=0.6128, Rho=4.595907, Grad_norm=0.2176, Final_scale=45.9591
🚀 APPLYING GUIDANCE at step 23 (timestep=778)
🎯 GUIDANCE STEP 23 (t=778): Loss=0.6157, Rho=4.573192, Grad_norm=0.2187, Final_scale=45.7319
🚀 APPLYING GUIDANCE at step 24 (timestep=764)
🎯 GUIDANCE STEP 24 (t=764): Loss=0.6157, Rho=5.701399, Grad_norm=0.1754, Final_scale=57.0140
🚀 APPLYING GUIDANCE at step 25 (timestep=749)
🎯 GUIDANCE STEP 25 (t=749): Loss=0.6162, Rho=1.475110, Grad_norm=0.6779, Final_scale=14.7511
🚀 APPLYING GUIDANCE at step 26 (timestep=734)
🎯 GUIDANCE STEP 26 (t=734): Loss=0.6201, Rho=5.611023, Grad_norm=0.1782, Final_scale=56.1102
🚀 APPLYING GUIDANCE at step 27 (timestep=718)
🎯 GUIDANCE STEP 27 (t=718): Loss=0.6177, Rho=7.930821, Grad_norm=0.1261, Final_scale=79.3082
🚀 APPLYING GUIDANCE at step 28 (timestep=701)
🎯 GUIDANCE STEP 28 (t=701): Loss=0.6187, Rho=11.218405, Grad_norm=0.0891, Final_scale=112.1840
🚀 APPLYING GUIDANCE at step 29 (timestep=684)
🎯 GUIDANCE STEP 29 (t=684): Loss=0.6172, Rho=3.489635, Grad_norm=0.2866, Final_scale=34.8963
🚀 APPLYING GUIDANCE at step 30 (timestep=666)
🎯 GUIDANCE STEP 30 (t=666): Loss=0.6206, Rho=11.184142, Grad_norm=0.0894, Final_scale=111.8414
🚀 APPLYING GUIDANCE at step 31 (timestep=647)
🎯 GUIDANCE STEP 31 (t=647): Loss=0.6182, Rho=8.326548, Grad_norm=0.1201, Final_scale=83.2655
🚀 APPLYING GUIDANCE at step 32 (timestep=627)
🎯 GUIDANCE STEP 32 (t=627): Loss=0.6172, Rho=6.606627, Grad_norm=0.1514, Final_scale=66.0663
🚀 APPLYING GUIDANCE at step 33 (timestep=606)
🎯 GUIDANCE STEP 33 (t=606): Loss=0.6152, Rho=5.909494, Grad_norm=0.1692, Final_scale=59.0949
🚀 APPLYING GUIDANCE at step 34 (timestep=585)
🎯 GUIDANCE STEP 34 (t=585): Loss=0.6196, Rho=7.296635, Grad_norm=0.1370, Final_scale=72.9663
🚀 APPLYING GUIDANCE at step 35 (timestep=562)
🎯 GUIDANCE STEP 35 (t=562): Loss=0.6152, Rho=8.680543, Grad_norm=0.1152, Final_scale=86.8054
🚀 APPLYING GUIDANCE at step 36 (timestep=538)
🎯 GUIDANCE STEP 36 (t=538): Loss=0.6172, Rho=11.618356, Grad_norm=0.0861, Final_scale=116.1836
🚀 APPLYING GUIDANCE at step 37 (timestep=512)
🎯 GUIDANCE STEP 37 (t=512): Loss=0.6147, Rho=9.549644, Grad_norm=0.1047, Final_scale=95.4964
🚀 APPLYING GUIDANCE at step 38 (timestep=486)
🎯 GUIDANCE STEP 38 (t=486): Loss=0.6172, Rho=5.694702, Grad_norm=0.1756, Final_scale=56.9470
🚀 APPLYING GUIDANCE at step 39 (timestep=458)
🎯 GUIDANCE STEP 39 (t=458): Loss=0.6167, Rho=9.023145, Grad_norm=0.1108, Final_scale=90.2314
🚀 APPLYING GUIDANCE at step 40 (timestep=428)
🎯 GUIDANCE STEP 40 (t=428): Loss=0.6177, Rho=8.541441, Grad_norm=0.1171, Final_scale=85.4144
🚀 APPLYING GUIDANCE at step 41 (timestep=396)
🎯 GUIDANCE STEP 41 (t=396): Loss=0.6162, Rho=18.390326, Grad_norm=0.0544, Final_scale=183.9033
🚀 APPLYING GUIDANCE at step 42 (timestep=363)
🎯 GUIDANCE STEP 42 (t=363): Loss=0.6152, Rho=14.002430, Grad_norm=0.0714, Final_scale=140.0243
🚀 APPLYING GUIDANCE at step 43 (timestep=327)
🎯 GUIDANCE STEP 43 (t=327): Loss=0.6138, Rho=15.363267, Grad_norm=0.0651, Final_scale=153.6327
🚀 APPLYING GUIDANCE at step 44 (timestep=290)
🎯 GUIDANCE STEP 44 (t=290): Loss=0.6167, Rho=19.753035, Grad_norm=0.0506, Final_scale=197.5303
🚀 APPLYING GUIDANCE at step 45 (timestep=249)
🎯 GUIDANCE STEP 45 (t=249): Loss=0.6162, Rho=10.959099, Grad_norm=0.0912, Final_scale=109.5910
🚀 APPLYING GUIDANCE at step 46 (timestep=206)
🎯 GUIDANCE STEP 46 (t=206): Loss=0.6147, Rho=23.909811, Grad_norm=0.0418, Final_scale=239.0981
🚀 APPLYING GUIDANCE at step 47 (timestep=160)
🎯 GUIDANCE STEP 47 (t=160): Loss=0.6167, Rho=16.906359, Grad_norm=0.0591, Final_scale=169.0636
🚀 APPLYING GUIDANCE at step 48 (timestep=111)
🎯 GUIDANCE STEP 48 (t=111): Loss=0.6094, Rho=27.791779, Grad_norm=0.0360, Final_scale=277.9178
🚀 APPLYING GUIDANCE at step 49 (timestep=57)
🎯 GUIDANCE STEP 49 (t=57): Loss=0.6118, Rho=23.940353, Grad_norm=0.0418, Final_scale=239.4035
[guidance_f17_s50_w8c6_rho10.0_cfg5.0_0701_1458] Generated: generated_videos/subject_consistency/guidance_f17_s50_w8c6_rho10.0_cfg5.0_0701_1458/000_a_train_speeding_down_the_tracks.mp4
[guidance_f17_s50_w8c6_rho10.0_cfg5.0_0701_1458] Generating video 2/9 (guidance): a train crossing over a tall bridge
🎬 STARTING GUIDANCE PIPELINE GENERATION
   Frames: 17, Steps: 50, CFG Scale: 5.0

🔧 GUIDANCE PIPELINE CONFIGURATION:
   Guidance range: 0 - 1001
   Rho scale: 10.0
   V-JEPA kernel_size: 8
   V-JEPA context_length: 6
   V-JEPA stride: 2
   V-JEPA mode: max
   Total timesteps: 50

🚀 APPLYING GUIDANCE at step 0 (timestep=999)
🎯 GUIDANCE STEP 0 (t=999): Loss=0.5786, Rho=18.887638, Grad_norm=0.0529, Final_scale=188.8764
🚀 APPLYING GUIDANCE at step 1 (timestep=992)
🎯 GUIDANCE STEP 1 (t=992): Loss=0.6006, Rho=24.843088, Grad_norm=0.0403, Final_scale=248.4309
🚀 APPLYING GUIDANCE at step 2 (timestep=985)
🎯 GUIDANCE STEP 2 (t=985): Loss=0.6025, Rho=6.919346, Grad_norm=0.1445, Final_scale=69.1935
🚀 APPLYING GUIDANCE at step 3 (timestep=978)
🎯 GUIDANCE STEP 3 (t=978): Loss=0.6108, Rho=5.407066, Grad_norm=0.1849, Final_scale=54.0707
🚀 APPLYING GUIDANCE at step 4 (timestep=971)
🎯 GUIDANCE STEP 4 (t=971): Loss=0.6064, Rho=6.067892, Grad_norm=0.1648, Final_scale=60.6789
🚀 APPLYING GUIDANCE at step 5 (timestep=963)
🎯 GUIDANCE STEP 5 (t=963): Loss=0.6084, Rho=11.703616, Grad_norm=0.0854, Final_scale=117.0362
🚀 APPLYING GUIDANCE at step 6 (timestep=956)
🎯 GUIDANCE STEP 6 (t=956): Loss=0.6172, Rho=7.169955, Grad_norm=0.1395, Final_scale=71.6995
🚀 APPLYING GUIDANCE at step 7 (timestep=948)
🎯 GUIDANCE STEP 7 (t=948): Loss=0.6147, Rho=15.961853, Grad_norm=0.0626, Final_scale=159.6185
🚀 APPLYING GUIDANCE at step 8 (timestep=939)
🎯 GUIDANCE STEP 8 (t=939): Loss=0.6177, Rho=13.421190, Grad_norm=0.0745, Final_scale=134.2119
🚀 APPLYING GUIDANCE at step 9 (timestep=931)
🎯 GUIDANCE STEP 9 (t=931): Loss=0.6230, Rho=11.406823, Grad_norm=0.0877, Final_scale=114.0682
🚀 APPLYING GUIDANCE at step 10 (timestep=922)
🎯 GUIDANCE STEP 10 (t=922): Loss=0.6226, Rho=10.947011, Grad_norm=0.0913, Final_scale=109.4701
🚀 APPLYING GUIDANCE at step 11 (timestep=913)
🎯 GUIDANCE STEP 11 (t=913): Loss=0.6265, Rho=13.244077, Grad_norm=0.0755, Final_scale=132.4408
🚀 APPLYING GUIDANCE at step 12 (timestep=904)
🎯 GUIDANCE STEP 12 (t=904): Loss=0.6250, Rho=13.109879, Grad_norm=0.0763, Final_scale=131.0988
🚀 APPLYING GUIDANCE at step 13 (timestep=894)
🎯 GUIDANCE STEP 13 (t=894): Loss=0.6265, Rho=11.625109, Grad_norm=0.0860, Final_scale=116.2511
🚀 APPLYING GUIDANCE at step 14 (timestep=884)
🎯 GUIDANCE STEP 14 (t=884): Loss=0.6284, Rho=19.015507, Grad_norm=0.0526, Final_scale=190.1551
🚀 APPLYING GUIDANCE at step 15 (timestep=874)
🎯 GUIDANCE STEP 15 (t=874): Loss=0.6289, Rho=13.591571, Grad_norm=0.0736, Final_scale=135.9157
🚀 APPLYING GUIDANCE at step 16 (timestep=864)
🎯 GUIDANCE STEP 16 (t=864): Loss=0.6353, Rho=13.278525, Grad_norm=0.0753, Final_scale=132.7853
🚀 APPLYING GUIDANCE at step 17 (timestep=853)
🎯 GUIDANCE STEP 17 (t=853): Loss=0.6338, Rho=30.148371, Grad_norm=0.0332, Final_scale=301.4837
🚀 APPLYING GUIDANCE at step 18 (timestep=841)
🎯 GUIDANCE STEP 18 (t=841): Loss=0.6309, Rho=24.901054, Grad_norm=0.0402, Final_scale=249.0105
🚀 APPLYING GUIDANCE at step 19 (timestep=829)
🎯 GUIDANCE STEP 19 (t=829): Loss=0.6299, Rho=17.358130, Grad_norm=0.0576, Final_scale=173.5813
🚀 APPLYING GUIDANCE at step 20 (timestep=817)
🎯 GUIDANCE STEP 20 (t=817): Loss=0.6294, Rho=21.423124, Grad_norm=0.0467, Final_scale=214.2312
🚀 APPLYING GUIDANCE at step 21 (timestep=805)
🎯 GUIDANCE STEP 21 (t=805): Loss=0.6328, Rho=26.459625, Grad_norm=0.0378, Final_scale=264.5963
🚀 APPLYING GUIDANCE at step 22 (timestep=792)
🎯 GUIDANCE STEP 22 (t=792): Loss=0.6348, Rho=12.441920, Grad_norm=0.0804, Final_scale=124.4192
🚀 APPLYING GUIDANCE at step 23 (timestep=778)
🎯 GUIDANCE STEP 23 (t=778): Loss=0.6313, Rho=25.670254, Grad_norm=0.0390, Final_scale=256.7025
🚀 APPLYING GUIDANCE at step 24 (timestep=764)
🎯 GUIDANCE STEP 24 (t=764): Loss=0.6318, Rho=29.983027, Grad_norm=0.0334, Final_scale=299.8303
🚀 APPLYING GUIDANCE at step 25 (timestep=749)
🎯 GUIDANCE STEP 25 (t=749): Loss=0.6318, Rho=16.833645, Grad_norm=0.0594, Final_scale=168.3364
🚀 APPLYING GUIDANCE at step 26 (timestep=734)
🎯 GUIDANCE STEP 26 (t=734): Loss=0.6309, Rho=22.984646, Grad_norm=0.0435, Final_scale=229.8465
🚀 APPLYING GUIDANCE at step 27 (timestep=718)
🎯 GUIDANCE STEP 27 (t=718): Loss=0.6313, Rho=19.760454, Grad_norm=0.0506, Final_scale=197.6045
🚀 APPLYING GUIDANCE at step 28 (timestep=701)
🎯 GUIDANCE STEP 28 (t=701): Loss=0.6333, Rho=21.479357, Grad_norm=0.0466, Final_scale=214.7936
🚀 APPLYING GUIDANCE at step 29 (timestep=684)
🎯 GUIDANCE STEP 29 (t=684): Loss=0.6323, Rho=23.751690, Grad_norm=0.0421, Final_scale=237.5169
🚀 APPLYING GUIDANCE at step 30 (timestep=666)
🎯 GUIDANCE STEP 30 (t=666): Loss=0.6348, Rho=19.663961, Grad_norm=0.0509, Final_scale=196.6396
🚀 APPLYING GUIDANCE at step 31 (timestep=647)
🎯 GUIDANCE STEP 31 (t=647): Loss=0.6328, Rho=38.713634, Grad_norm=0.0258, Final_scale=387.1363
🚀 APPLYING GUIDANCE at step 32 (timestep=627)
🎯 GUIDANCE STEP 32 (t=627): Loss=0.6304, Rho=34.764790, Grad_norm=0.0288, Final_scale=347.6479
🚀 APPLYING GUIDANCE at step 33 (timestep=606)
🎯 GUIDANCE STEP 33 (t=606): Loss=0.6313, Rho=32.327370, Grad_norm=0.0309, Final_scale=323.2737
🚀 APPLYING GUIDANCE at step 34 (timestep=585)
🎯 GUIDANCE STEP 34 (t=585): Loss=0.6333, Rho=38.398544, Grad_norm=0.0260, Final_scale=383.9854
🚀 APPLYING GUIDANCE at step 35 (timestep=562)
🎯 GUIDANCE STEP 35 (t=562): Loss=0.6343, Rho=47.423191, Grad_norm=0.0211, Final_scale=474.2319
🚀 APPLYING GUIDANCE at step 36 (timestep=538)
🎯 GUIDANCE STEP 36 (t=538): Loss=0.6348, Rho=56.482944, Grad_norm=0.0177, Final_scale=564.8294
🚀 APPLYING GUIDANCE at step 37 (timestep=512)
🎯 GUIDANCE STEP 37 (t=512): Loss=0.6313, Rho=59.216724, Grad_norm=0.0169, Final_scale=592.1672
🚀 APPLYING GUIDANCE at step 38 (timestep=486)
🎯 GUIDANCE STEP 38 (t=486): Loss=0.6328, Rho=30.892620, Grad_norm=0.0324, Final_scale=308.9262
🚀 APPLYING GUIDANCE at step 39 (timestep=458)
🎯 GUIDANCE STEP 39 (t=458): Loss=0.6338, Rho=28.771448, Grad_norm=0.0348, Final_scale=287.7145
🚀 APPLYING GUIDANCE at step 40 (timestep=428)
🎯 GUIDANCE STEP 40 (t=428): Loss=0.6313, Rho=35.934559, Grad_norm=0.0278, Final_scale=359.3456
🚀 APPLYING GUIDANCE at step 41 (timestep=396)
🎯 GUIDANCE STEP 41 (t=396): Loss=0.6328, Rho=48.229408, Grad_norm=0.0207, Final_scale=482.2941
🚀 APPLYING GUIDANCE at step 42 (timestep=363)
🎯 GUIDANCE STEP 42 (t=363): Loss=0.6323, Rho=38.047874, Grad_norm=0.0263, Final_scale=380.4787
🚀 APPLYING GUIDANCE at step 43 (timestep=327)
🎯 GUIDANCE STEP 43 (t=327): Loss=0.6309, Rho=25.651598, Grad_norm=0.0390, Final_scale=256.5160
🚀 APPLYING GUIDANCE at step 44 (timestep=290)
🎯 GUIDANCE STEP 44 (t=290): Loss=0.6338, Rho=56.251789, Grad_norm=0.0178, Final_scale=562.5179
🚀 APPLYING GUIDANCE at step 45 (timestep=249)
🎯 GUIDANCE STEP 45 (t=249): Loss=0.6357, Rho=36.989056, Grad_norm=0.0270, Final_scale=369.8906
🚀 APPLYING GUIDANCE at step 46 (timestep=206)
🎯 GUIDANCE STEP 46 (t=206): Loss=0.6333, Rho=26.589560, Grad_norm=0.0376, Final_scale=265.8956
🚀 APPLYING GUIDANCE at step 47 (timestep=160)
🎯 GUIDANCE STEP 47 (t=160): Loss=0.6323, Rho=25.747572, Grad_norm=0.0388, Final_scale=257.4757
🚀 APPLYING GUIDANCE at step 48 (timestep=111)
🎯 GUIDANCE STEP 48 (t=111): Loss=0.6284, Rho=26.085447, Grad_norm=0.0383, Final_scale=260.8545
🚀 APPLYING GUIDANCE at step 49 (timestep=57)
🎯 GUIDANCE STEP 49 (t=57): Loss=0.6304, Rho=31.057549, Grad_norm=0.0322, Final_scale=310.5755
[guidance_f17_s50_w8c6_rho10.0_cfg5.0_0701_1458] Generated: generated_videos/subject_consistency/guidance_f17_s50_w8c6_rho10.0_cfg5.0_0701_1458/000_a_bicycle_slowing_down_to_stop.mp4
[guidance_f17_s50_w8c6_rho10.0_cfg5.0_0701_1458] Generating video 2/9 (guidance): a bicycle accelerating to gain speed
🎬 STARTING GUIDANCE PIPELINE GENERATION
   Frames: 17, Steps: 50, CFG Scale: 5.0

🔧 GUIDANCE PIPELINE CONFIGURATION:
   Guidance range: 0 - 1001
   Rho scale: 10.0
   V-JEPA kernel_size: 8
   V-JEPA context_length: 6
   V-JEPA stride: 2
   V-JEPA mode: max
   Total timesteps: 50

🚀 APPLYING GUIDANCE at step 0 (timestep=999)
🎯 GUIDANCE STEP 0 (t=999): Loss=0.5640, Rho=14.953592, Grad_norm=0.0669, Final_scale=149.5359
🚀 APPLYING GUIDANCE at step 1 (timestep=992)
🎯 GUIDANCE STEP 1 (t=992): Loss=0.5405, Rho=8.101888, Grad_norm=0.1234, Final_scale=81.0189
🚀 APPLYING GUIDANCE at step 2 (timestep=985)
🎯 GUIDANCE STEP 2 (t=985): Loss=0.5679, Rho=6.792054, Grad_norm=0.1472, Final_scale=67.9205
🚀 APPLYING GUIDANCE at step 3 (timestep=978)
🎯 GUIDANCE STEP 3 (t=978): Loss=0.5698, Rho=14.889868, Grad_norm=0.0672, Final_scale=148.8987
🚀 APPLYING GUIDANCE at step 4 (timestep=971)
🎯 GUIDANCE STEP 4 (t=971): Loss=0.5874, Rho=13.235363, Grad_norm=0.0756, Final_scale=132.3536
🚀 APPLYING GUIDANCE at step 5 (timestep=963)
🎯 GUIDANCE STEP 5 (t=963): Loss=0.5967, Rho=7.529651, Grad_norm=0.1328, Final_scale=75.2965
🚀 APPLYING GUIDANCE at step 6 (timestep=956)
🎯 GUIDANCE STEP 6 (t=956): Loss=0.6089, Rho=6.538601, Grad_norm=0.1529, Final_scale=65.3860
🚀 APPLYING GUIDANCE at step 7 (timestep=948)
🎯 GUIDANCE STEP 7 (t=948): Loss=0.6099, Rho=3.459023, Grad_norm=0.2891, Final_scale=34.5902
🚀 APPLYING GUIDANCE at step 8 (timestep=939)
🎯 GUIDANCE STEP 8 (t=939): Loss=0.6089, Rho=6.054247, Grad_norm=0.1652, Final_scale=60.5425
🚀 APPLYING GUIDANCE at step 9 (timestep=931)
🎯 GUIDANCE STEP 9 (t=931): Loss=0.6187, Rho=10.390448, Grad_norm=0.0962, Final_scale=103.9045
🚀 APPLYING GUIDANCE at step 10 (timestep=922)
🎯 GUIDANCE STEP 10 (t=922): Loss=0.6123, Rho=4.341032, Grad_norm=0.2304, Final_scale=43.4103
🚀 APPLYING GUIDANCE at step 11 (timestep=913)
🎯 GUIDANCE STEP 11 (t=913): Loss=0.6138, Rho=4.840714, Grad_norm=0.2066, Final_scale=48.4071
🚀 APPLYING GUIDANCE at step 12 (timestep=904)
🎯 GUIDANCE STEP 12 (t=904): Loss=0.6167, Rho=3.137148, Grad_norm=0.3188, Final_scale=31.3715
🚀 APPLYING GUIDANCE at step 13 (timestep=894)
🎯 GUIDANCE STEP 13 (t=894): Loss=0.6138, Rho=6.181231, Grad_norm=0.1618, Final_scale=61.8123
🚀 APPLYING GUIDANCE at step 14 (timestep=884)
🎯 GUIDANCE STEP 14 (t=884): Loss=0.6216, Rho=3.888742, Grad_norm=0.2572, Final_scale=38.8874
🚀 APPLYING GUIDANCE at step 15 (timestep=874)
🎯 GUIDANCE STEP 15 (t=874): Loss=0.6182, Rho=5.337542, Grad_norm=0.1874, Final_scale=53.3754
🚀 APPLYING GUIDANCE at step 16 (timestep=864)
🎯 GUIDANCE STEP 16 (t=864): Loss=0.6167, Rho=5.959985, Grad_norm=0.1678, Final_scale=59.5998
🚀 APPLYING GUIDANCE at step 17 (timestep=853)
🎯 GUIDANCE STEP 17 (t=853): Loss=0.6187, Rho=5.860873, Grad_norm=0.1706, Final_scale=58.6087
🚀 APPLYING GUIDANCE at step 18 (timestep=841)
🎯 GUIDANCE STEP 18 (t=841): Loss=0.6167, Rho=7.990173, Grad_norm=0.1252, Final_scale=79.9017
🚀 APPLYING GUIDANCE at step 19 (timestep=829)
🎯 GUIDANCE STEP 19 (t=829): Loss=0.6182, Rho=3.829111, Grad_norm=0.2612, Final_scale=38.2911
🚀 APPLYING GUIDANCE at step 20 (timestep=817)
🎯 GUIDANCE STEP 20 (t=817): Loss=0.6201, Rho=3.232177, Grad_norm=0.3094, Final_scale=32.3218
🚀 APPLYING GUIDANCE at step 21 (timestep=805)
🎯 GUIDANCE STEP 21 (t=805): Loss=0.6177, Rho=11.010725, Grad_norm=0.0908, Final_scale=110.1073
🚀 APPLYING GUIDANCE at step 22 (timestep=792)
🎯 GUIDANCE STEP 22 (t=792): Loss=0.6187, Rho=1.703814, Grad_norm=0.5869, Final_scale=17.0381
🚀 APPLYING GUIDANCE at step 23 (timestep=778)
🎯 GUIDANCE STEP 23 (t=778): Loss=0.6191, Rho=8.179218, Grad_norm=0.1223, Final_scale=81.7922
🚀 APPLYING GUIDANCE at step 24 (timestep=764)
🎯 GUIDANCE STEP 24 (t=764): Loss=0.6152, Rho=11.351790, Grad_norm=0.0881, Final_scale=113.5179
🚀 APPLYING GUIDANCE at step 25 (timestep=749)
🎯 GUIDANCE STEP 25 (t=749): Loss=0.6157, Rho=7.077571, Grad_norm=0.1413, Final_scale=70.7757
🚀 APPLYING GUIDANCE at step 26 (timestep=734)
🎯 GUIDANCE STEP 26 (t=734): Loss=0.6191, Rho=11.098338, Grad_norm=0.0901, Final_scale=110.9834
🚀 APPLYING GUIDANCE at step 27 (timestep=718)
🎯 GUIDANCE STEP 27 (t=718): Loss=0.6182, Rho=1.841542, Grad_norm=0.5430, Final_scale=18.4154
🚀 APPLYING GUIDANCE at step 28 (timestep=701)
🎯 GUIDANCE STEP 28 (t=701): Loss=0.6177, Rho=13.425323, Grad_norm=0.0745, Final_scale=134.2532
🚀 APPLYING GUIDANCE at step 29 (timestep=684)
🎯 GUIDANCE STEP 29 (t=684): Loss=0.6196, Rho=6.432217, Grad_norm=0.1555, Final_scale=64.3222
🚀 APPLYING GUIDANCE at step 30 (timestep=666)
🎯 GUIDANCE STEP 30 (t=666): Loss=0.6182, Rho=7.172505, Grad_norm=0.1394, Final_scale=71.7251
🚀 APPLYING GUIDANCE at step 31 (timestep=647)
🎯 GUIDANCE STEP 31 (t=647): Loss=0.6172, Rho=9.522646, Grad_norm=0.1050, Final_scale=95.2265
🚀 APPLYING GUIDANCE at step 32 (timestep=627)
🎯 GUIDANCE STEP 32 (t=627): Loss=0.6187, Rho=20.142447, Grad_norm=0.0496, Final_scale=201.4245
🚀 APPLYING GUIDANCE at step 33 (timestep=606)
🎯 GUIDANCE STEP 33 (t=606): Loss=0.6177, Rho=35.476593, Grad_norm=0.0282, Final_scale=354.7659
🚀 APPLYING GUIDANCE at step 34 (timestep=585)
🎯 GUIDANCE STEP 34 (t=585): Loss=0.6147, Rho=19.338142, Grad_norm=0.0517, Final_scale=193.3814
🚀 APPLYING GUIDANCE at step 35 (timestep=562)
🎯 GUIDANCE STEP 35 (t=562): Loss=0.6138, Rho=23.924803, Grad_norm=0.0418, Final_scale=239.2480
🚀 APPLYING GUIDANCE at step 36 (timestep=538)
🎯 GUIDANCE STEP 36 (t=538): Loss=0.6128, Rho=13.770050, Grad_norm=0.0726, Final_scale=137.7005
🚀 APPLYING GUIDANCE at step 37 (timestep=512)
🎯 GUIDANCE STEP 37 (t=512): Loss=0.6172, Rho=14.105906, Grad_norm=0.0709, Final_scale=141.0591
🚀 APPLYING GUIDANCE at step 38 (timestep=486)
🎯 GUIDANCE STEP 38 (t=486): Loss=0.6138, Rho=18.439226, Grad_norm=0.0542, Final_scale=184.3923
🚀 APPLYING GUIDANCE at step 39 (timestep=458)
🎯 GUIDANCE STEP 39 (t=458): Loss=0.6138, Rho=28.458961, Grad_norm=0.0351, Final_scale=284.5896
🚀 APPLYING GUIDANCE at step 40 (timestep=428)
🎯 GUIDANCE STEP 40 (t=428): Loss=0.6123, Rho=23.863363, Grad_norm=0.0419, Final_scale=238.6336
🚀 APPLYING GUIDANCE at step 41 (timestep=396)
🎯 GUIDANCE STEP 41 (t=396): Loss=0.6118, Rho=33.352390, Grad_norm=0.0300, Final_scale=333.5239
🚀 APPLYING GUIDANCE at step 42 (timestep=363)
🎯 GUIDANCE STEP 42 (t=363): Loss=0.6138, Rho=30.809250, Grad_norm=0.0325, Final_scale=308.0925
🚀 APPLYING GUIDANCE at step 43 (timestep=327)
🎯 GUIDANCE STEP 43 (t=327): Loss=0.6128, Rho=44.494526, Grad_norm=0.0225, Final_scale=444.9453
🚀 APPLYING GUIDANCE at step 44 (timestep=290)
🎯 GUIDANCE STEP 44 (t=290): Loss=0.6128, Rho=12.932187, Grad_norm=0.0773, Final_scale=129.3219
🚀 APPLYING GUIDANCE at step 45 (timestep=249)
🎯 GUIDANCE STEP 45 (t=249): Loss=0.6118, Rho=62.340981, Grad_norm=0.0160, Final_scale=623.4098
🚀 APPLYING GUIDANCE at step 46 (timestep=206)
🎯 GUIDANCE STEP 46 (t=206): Loss=0.6104, Rho=36.316299, Grad_norm=0.0275, Final_scale=363.1630
🚀 APPLYING GUIDANCE at step 47 (timestep=160)
🎯 GUIDANCE STEP 47 (t=160): Loss=0.6108, Rho=45.530128, Grad_norm=0.0220, Final_scale=455.3013
🚀 APPLYING GUIDANCE at step 48 (timestep=111)
🎯 GUIDANCE STEP 48 (t=111): Loss=0.6074, Rho=12.967129, Grad_norm=0.0771, Final_scale=129.6713
🚀 APPLYING GUIDANCE at step 49 (timestep=57)
🎯 GUIDANCE STEP 49 (t=57): Loss=0.6084, Rho=8.358961, Grad_norm=0.1196, Final_scale=83.5896
[guidance_f17_s50_w8c6_rho10.0_cfg5.0_0701_1458] Generated: generated_videos/subject_consistency/guidance_f17_s50_w8c6_rho10.0_cfg5.0_0701_1458/000_a_boat_slowing_down_to_stop.mp4
[guidance_f17_s50_w8c6_rho10.0_cfg5.0_0701_1458] Generating video 2/9 (guidance): a boat accelerating to gain speed
🎬 STARTING GUIDANCE PIPELINE GENERATION
   Frames: 17, Steps: 50, CFG Scale: 5.0

🔧 GUIDANCE PIPELINE CONFIGURATION:
   Guidance range: 0 - 1001
   Rho scale: 10.0
   V-JEPA kernel_size: 8
   V-JEPA context_length: 6
   V-JEPA stride: 2
   V-JEPA mode: max
   Total timesteps: 50

🚀 APPLYING GUIDANCE at step 0 (timestep=999)
🎯 GUIDANCE STEP 0 (t=999): Loss=0.6055, Rho=6.397932, Grad_norm=0.1563, Final_scale=63.9793
🚀 APPLYING GUIDANCE at step 1 (timestep=992)
🎯 GUIDANCE STEP 1 (t=992): Loss=0.5356, Rho=34.764832, Grad_norm=0.0288, Final_scale=347.6483
🚀 APPLYING GUIDANCE at step 2 (timestep=985)
🎯 GUIDANCE STEP 2 (t=985): Loss=0.5371, Rho=32.374496, Grad_norm=0.0309, Final_scale=323.7450
🚀 APPLYING GUIDANCE at step 3 (timestep=978)
🎯 GUIDANCE STEP 3 (t=978): Loss=0.5371, Rho=27.140425, Grad_norm=0.0368, Final_scale=271.4042
🚀 APPLYING GUIDANCE at step 4 (timestep=971)
🎯 GUIDANCE STEP 4 (t=971): Loss=0.5391, Rho=9.295704, Grad_norm=0.1076, Final_scale=92.9570
🚀 APPLYING GUIDANCE at step 5 (timestep=963)
🎯 GUIDANCE STEP 5 (t=963): Loss=0.5493, Rho=12.248577, Grad_norm=0.0816, Final_scale=122.4858
🚀 APPLYING GUIDANCE at step 6 (timestep=956)
🎯 GUIDANCE STEP 6 (t=956): Loss=0.5566, Rho=17.351719, Grad_norm=0.0576, Final_scale=173.5172
🚀 APPLYING GUIDANCE at step 7 (timestep=948)
🎯 GUIDANCE STEP 7 (t=948): Loss=0.5747, Rho=5.272377, Grad_norm=0.1897, Final_scale=52.7238
🚀 APPLYING GUIDANCE at step 8 (timestep=939)
🎯 GUIDANCE STEP 8 (t=939): Loss=0.5869, Rho=13.151017, Grad_norm=0.0760, Final_scale=131.5102
🚀 APPLYING GUIDANCE at step 9 (timestep=931)
🎯 GUIDANCE STEP 9 (t=931): Loss=0.5942, Rho=11.721260, Grad_norm=0.0853, Final_scale=117.2126
🚀 APPLYING GUIDANCE at step 10 (timestep=922)
🎯 GUIDANCE STEP 10 (t=922): Loss=0.6055, Rho=4.109771, Grad_norm=0.2433, Final_scale=41.0977
🚀 APPLYING GUIDANCE at step 11 (timestep=913)
🎯 GUIDANCE STEP 11 (t=913): Loss=0.6099, Rho=3.340079, Grad_norm=0.2994, Final_scale=33.4008
🚀 APPLYING GUIDANCE at step 12 (timestep=904)
🎯 GUIDANCE STEP 12 (t=904): Loss=0.6060, Rho=4.859777, Grad_norm=0.2058, Final_scale=48.5978
🚀 APPLYING GUIDANCE at step 13 (timestep=894)
🎯 GUIDANCE STEP 13 (t=894): Loss=0.6050, Rho=6.165572, Grad_norm=0.1622, Final_scale=61.6557
🚀 APPLYING GUIDANCE at step 14 (timestep=884)
🎯 GUIDANCE STEP 14 (t=884): Loss=0.6016, Rho=7.454678, Grad_norm=0.1341, Final_scale=74.5468
🚀 APPLYING GUIDANCE at step 15 (timestep=874)
🎯 GUIDANCE STEP 15 (t=874): Loss=0.6064, Rho=7.245255, Grad_norm=0.1380, Final_scale=72.4525
🚀 APPLYING GUIDANCE at step 16 (timestep=864)
🎯 GUIDANCE STEP 16 (t=864): Loss=0.6123, Rho=7.579548, Grad_norm=0.1319, Final_scale=75.7955
🚀 APPLYING GUIDANCE at step 17 (timestep=853)
🎯 GUIDANCE STEP 17 (t=853): Loss=0.6118, Rho=7.355813, Grad_norm=0.1359, Final_scale=73.5581
🚀 APPLYING GUIDANCE at step 18 (timestep=841)
🎯 GUIDANCE STEP 18 (t=841): Loss=0.6113, Rho=1.194267, Grad_norm=0.8373, Final_scale=11.9427
🚀 APPLYING GUIDANCE at step 19 (timestep=829)
🎯 GUIDANCE STEP 19 (t=829): Loss=0.6089, Rho=7.044281, Grad_norm=0.1420, Final_scale=70.4428
🚀 APPLYING GUIDANCE at step 20 (timestep=817)
🎯 GUIDANCE STEP 20 (t=817): Loss=0.6104, Rho=6.237089, Grad_norm=0.1603, Final_scale=62.3709
🚀 APPLYING GUIDANCE at step 21 (timestep=805)
🎯 GUIDANCE STEP 21 (t=805): Loss=0.6147, Rho=7.655264, Grad_norm=0.1306, Final_scale=76.5526
🚀 APPLYING GUIDANCE at step 22 (timestep=792)
🎯 GUIDANCE STEP 22 (t=792): Loss=0.6084, Rho=4.788580, Grad_norm=0.2088, Final_scale=47.8858
🚀 APPLYING GUIDANCE at step 23 (timestep=778)
🎯 GUIDANCE STEP 23 (t=778): Loss=0.6069, Rho=2.503098, Grad_norm=0.3995, Final_scale=25.0310
🚀 APPLYING GUIDANCE at step 24 (timestep=764)
🎯 GUIDANCE STEP 24 (t=764): Loss=0.6079, Rho=7.056534, Grad_norm=0.1417, Final_scale=70.5653
🚀 APPLYING GUIDANCE at step 25 (timestep=749)
🎯 GUIDANCE STEP 25 (t=749): Loss=0.6094, Rho=6.628788, Grad_norm=0.1509, Final_scale=66.2879
🚀 APPLYING GUIDANCE at step 26 (timestep=734)
🎯 GUIDANCE STEP 26 (t=734): Loss=0.6060, Rho=2.437847, Grad_norm=0.4102, Final_scale=24.3785
🚀 APPLYING GUIDANCE at step 27 (timestep=718)
🎯 GUIDANCE STEP 27 (t=718): Loss=0.6050, Rho=5.211274, Grad_norm=0.1919, Final_scale=52.1127
🚀 APPLYING GUIDANCE at step 28 (timestep=701)
🎯 GUIDANCE STEP 28 (t=701): Loss=0.6094, Rho=13.064090, Grad_norm=0.0765, Final_scale=130.6409
🚀 APPLYING GUIDANCE at step 29 (timestep=684)
🎯 GUIDANCE STEP 29 (t=684): Loss=0.6055, Rho=2.956359, Grad_norm=0.3383, Final_scale=29.5636
🚀 APPLYING GUIDANCE at step 30 (timestep=666)
🎯 GUIDANCE STEP 30 (t=666): Loss=0.6060, Rho=6.625516, Grad_norm=0.1509, Final_scale=66.2552
🚀 APPLYING GUIDANCE at step 31 (timestep=647)
🎯 GUIDANCE STEP 31 (t=647): Loss=0.6079, Rho=8.080485, Grad_norm=0.1238, Final_scale=80.8049
🚀 APPLYING GUIDANCE at step 32 (timestep=627)
🎯 GUIDANCE STEP 32 (t=627): Loss=0.6035, Rho=7.409744, Grad_norm=0.1350, Final_scale=74.0974
🚀 APPLYING GUIDANCE at step 33 (timestep=606)
🎯 GUIDANCE STEP 33 (t=606): Loss=0.6030, Rho=13.335002, Grad_norm=0.0750, Final_scale=133.3500
🚀 APPLYING GUIDANCE at step 34 (timestep=585)
🎯 GUIDANCE STEP 34 (t=585): Loss=0.6060, Rho=2.195830, Grad_norm=0.4554, Final_scale=21.9583
🚀 APPLYING GUIDANCE at step 35 (timestep=562)
🎯 GUIDANCE STEP 35 (t=562): Loss=0.6040, Rho=6.412111, Grad_norm=0.1560, Final_scale=64.1211
🚀 APPLYING GUIDANCE at step 36 (timestep=538)
🎯 GUIDANCE STEP 36 (t=538): Loss=0.6016, Rho=7.159964, Grad_norm=0.1397, Final_scale=71.5996
🚀 APPLYING GUIDANCE at step 37 (timestep=512)
🎯 GUIDANCE STEP 37 (t=512): Loss=0.6011, Rho=3.943379, Grad_norm=0.2536, Final_scale=39.4338
🚀 APPLYING GUIDANCE at step 38 (timestep=486)
🎯 GUIDANCE STEP 38 (t=486): Loss=0.6021, Rho=13.336034, Grad_norm=0.0750, Final_scale=133.3603
🚀 APPLYING GUIDANCE at step 39 (timestep=458)
🎯 GUIDANCE STEP 39 (t=458): Loss=0.6011, Rho=3.397310, Grad_norm=0.2944, Final_scale=33.9731
🚀 APPLYING GUIDANCE at step 40 (timestep=428)
🎯 GUIDANCE STEP 40 (t=428): Loss=0.6025, Rho=13.032552, Grad_norm=0.0767, Final_scale=130.3255
🚀 APPLYING GUIDANCE at step 41 (timestep=396)
🎯 GUIDANCE STEP 41 (t=396): Loss=0.6025, Rho=16.320068, Grad_norm=0.0613, Final_scale=163.2007
🚀 APPLYING GUIDANCE at step 42 (timestep=363)
🎯 GUIDANCE STEP 42 (t=363): Loss=0.5996, Rho=22.608889, Grad_norm=0.0442, Final_scale=226.0889
🚀 APPLYING GUIDANCE at step 43 (timestep=327)
🎯 GUIDANCE STEP 43 (t=327): Loss=0.6025, Rho=8.402534, Grad_norm=0.1190, Final_scale=84.0253
🚀 APPLYING GUIDANCE at step 44 (timestep=290)
🎯 GUIDANCE STEP 44 (t=290): Loss=0.6016, Rho=23.685455, Grad_norm=0.0422, Final_scale=236.8546
🚀 APPLYING GUIDANCE at step 45 (timestep=249)
🎯 GUIDANCE STEP 45 (t=249): Loss=0.5986, Rho=10.061042, Grad_norm=0.0994, Final_scale=100.6104
🚀 APPLYING GUIDANCE at step 46 (timestep=206)
🎯 GUIDANCE STEP 46 (t=206): Loss=0.6006, Rho=24.997551, Grad_norm=0.0400, Final_scale=249.9755
🚀 APPLYING GUIDANCE at step 47 (timestep=160)
🎯 GUIDANCE STEP 47 (t=160): Loss=0.5962, Rho=18.240902, Grad_norm=0.0548, Final_scale=182.4090
🚀 APPLYING GUIDANCE at step 48 (timestep=111)
🎯 GUIDANCE STEP 48 (t=111): Loss=0.5928, Rho=21.964520, Grad_norm=0.0455, Final_scale=219.6452
🚀 APPLYING GUIDANCE at step 49 (timestep=57)
🎯 GUIDANCE STEP 49 (t=57): Loss=0.5928, Rho=20.343918, Grad_norm=0.0492, Final_scale=203.4392
[guidance_f17_s50_w8c6_rho10.0_cfg5.0_0701_1458] Generated: generated_videos/subject_consistency/guidance_f17_s50_w8c6_rho10.0_cfg5.0_0701_1458/000_a_bear_sniffing_the_air_for_scents_of_food.mp4
[guidance_f17_s50_w8c6_rho10.0_cfg5.0_0701_1458] Generating video 2/9 (guidance): a bear climbing a tree
🎬 STARTING GUIDANCE PIPELINE GENERATION
   Frames: 17, Steps: 50, CFG Scale: 5.0

🔧 GUIDANCE PIPELINE CONFIGURATION:
   Guidance range: 0 - 1001
   Rho scale: 10.0
   V-JEPA kernel_size: 8
   V-JEPA context_length: 6
   V-JEPA stride: 2
   V-JEPA mode: max
   Total timesteps: 50

🚀 APPLYING GUIDANCE at step 0 (timestep=999)
🎯 GUIDANCE STEP 0 (t=999): Loss=0.5581, Rho=8.385884, Grad_norm=0.1192, Final_scale=83.8588
🚀 APPLYING GUIDANCE at step 1 (timestep=992)
🎯 GUIDANCE STEP 1 (t=992): Loss=0.5332, Rho=44.855476, Grad_norm=0.0223, Final_scale=448.5548
🚀 APPLYING GUIDANCE at step 2 (timestep=985)
🎯 GUIDANCE STEP 2 (t=985): Loss=0.5322, Rho=46.758038, Grad_norm=0.0214, Final_scale=467.5804
🚀 APPLYING GUIDANCE at step 3 (timestep=978)
🎯 GUIDANCE STEP 3 (t=978): Loss=0.5381, Rho=30.798126, Grad_norm=0.0325, Final_scale=307.9813
🚀 APPLYING GUIDANCE at step 4 (timestep=971)
🎯 GUIDANCE STEP 4 (t=971): Loss=0.5508, Rho=40.385788, Grad_norm=0.0248, Final_scale=403.8579
🚀 APPLYING GUIDANCE at step 5 (timestep=963)
🎯 GUIDANCE STEP 5 (t=963): Loss=0.5498, Rho=26.562225, Grad_norm=0.0376, Final_scale=265.6223
🚀 APPLYING GUIDANCE at step 6 (timestep=956)
🎯 GUIDANCE STEP 6 (t=956): Loss=0.5522, Rho=41.009586, Grad_norm=0.0244, Final_scale=410.0959
🚀 APPLYING GUIDANCE at step 7 (timestep=948)
🎯 GUIDANCE STEP 7 (t=948): Loss=0.5493, Rho=16.982836, Grad_norm=0.0589, Final_scale=169.8284
🚀 APPLYING GUIDANCE at step 8 (timestep=939)
🎯 GUIDANCE STEP 8 (t=939): Loss=0.5518, Rho=28.235157, Grad_norm=0.0354, Final_scale=282.3516
🚀 APPLYING GUIDANCE at step 9 (timestep=931)
🎯 GUIDANCE STEP 9 (t=931): Loss=0.5557, Rho=31.184572, Grad_norm=0.0321, Final_scale=311.8457
🚀 APPLYING GUIDANCE at step 10 (timestep=922)
🎯 GUIDANCE STEP 10 (t=922): Loss=0.5640, Rho=27.198704, Grad_norm=0.0368, Final_scale=271.9870
🚀 APPLYING GUIDANCE at step 11 (timestep=913)
🎯 GUIDANCE STEP 11 (t=913): Loss=0.5737, Rho=23.148062, Grad_norm=0.0432, Final_scale=231.4806
🚀 APPLYING GUIDANCE at step 12 (timestep=904)
🎯 GUIDANCE STEP 12 (t=904): Loss=0.5742, Rho=24.144552, Grad_norm=0.0414, Final_scale=241.4455
🚀 APPLYING GUIDANCE at step 13 (timestep=894)
🎯 GUIDANCE STEP 13 (t=894): Loss=0.5796, Rho=24.205431, Grad_norm=0.0413, Final_scale=242.0543
🚀 APPLYING GUIDANCE at step 14 (timestep=884)
🎯 GUIDANCE STEP 14 (t=884): Loss=0.5742, Rho=17.117983, Grad_norm=0.0584, Final_scale=171.1798
🚀 APPLYING GUIDANCE at step 15 (timestep=874)
🎯 GUIDANCE STEP 15 (t=874): Loss=0.5776, Rho=11.867209, Grad_norm=0.0843, Final_scale=118.6721
🚀 APPLYING GUIDANCE at step 16 (timestep=864)
🎯 GUIDANCE STEP 16 (t=864): Loss=0.5835, Rho=26.037605, Grad_norm=0.0384, Final_scale=260.3761
🚀 APPLYING GUIDANCE at step 17 (timestep=853)
🎯 GUIDANCE STEP 17 (t=853): Loss=0.5850, Rho=17.422604, Grad_norm=0.0574, Final_scale=174.2260
🚀 APPLYING GUIDANCE at step 18 (timestep=841)
🎯 GUIDANCE STEP 18 (t=841): Loss=0.5938, Rho=16.771097, Grad_norm=0.0596, Final_scale=167.7110
🚀 APPLYING GUIDANCE at step 19 (timestep=829)
🎯 GUIDANCE STEP 19 (t=829): Loss=0.5967, Rho=10.272697, Grad_norm=0.0973, Final_scale=102.7270
🚀 APPLYING GUIDANCE at step 20 (timestep=817)
🎯 GUIDANCE STEP 20 (t=817): Loss=0.6011, Rho=17.786688, Grad_norm=0.0562, Final_scale=177.8669
🚀 APPLYING GUIDANCE at step 21 (timestep=805)
🎯 GUIDANCE STEP 21 (t=805): Loss=0.5903, Rho=14.402633, Grad_norm=0.0694, Final_scale=144.0263
🚀 APPLYING GUIDANCE at step 22 (timestep=792)
🎯 GUIDANCE STEP 22 (t=792): Loss=0.5894, Rho=19.073305, Grad_norm=0.0524, Final_scale=190.7331
🚀 APPLYING GUIDANCE at step 23 (timestep=778)
🎯 GUIDANCE STEP 23 (t=778): Loss=0.5864, Rho=20.145271, Grad_norm=0.0496, Final_scale=201.4527
🚀 APPLYING GUIDANCE at step 24 (timestep=764)
🎯 GUIDANCE STEP 24 (t=764): Loss=0.5869, Rho=11.733944, Grad_norm=0.0852, Final_scale=117.3394
🚀 APPLYING GUIDANCE at step 25 (timestep=749)
🎯 GUIDANCE STEP 25 (t=749): Loss=0.5938, Rho=11.343194, Grad_norm=0.0882, Final_scale=113.4319
🚀 APPLYING GUIDANCE at step 26 (timestep=734)
🎯 GUIDANCE STEP 26 (t=734): Loss=0.5869, Rho=11.867986, Grad_norm=0.0843, Final_scale=118.6799
🚀 APPLYING GUIDANCE at step 27 (timestep=718)
🎯 GUIDANCE STEP 27 (t=718): Loss=0.5908, Rho=7.087834, Grad_norm=0.1411, Final_scale=70.8783
🚀 APPLYING GUIDANCE at step 28 (timestep=701)
🎯 GUIDANCE STEP 28 (t=701): Loss=0.5898, Rho=16.911123, Grad_norm=0.0591, Final_scale=169.1112
🚀 APPLYING GUIDANCE at step 29 (timestep=684)
🎯 GUIDANCE STEP 29 (t=684): Loss=0.5952, Rho=17.149191, Grad_norm=0.0583, Final_scale=171.4919
🚀 APPLYING GUIDANCE at step 30 (timestep=666)
🎯 GUIDANCE STEP 30 (t=666): Loss=0.5898, Rho=19.124926, Grad_norm=0.0523, Final_scale=191.2493
🚀 APPLYING GUIDANCE at step 31 (timestep=647)
🎯 GUIDANCE STEP 31 (t=647): Loss=0.5957, Rho=15.957528, Grad_norm=0.0627, Final_scale=159.5753
🚀 APPLYING GUIDANCE at step 32 (timestep=627)
🎯 GUIDANCE STEP 32 (t=627): Loss=0.5933, Rho=2.203763, Grad_norm=0.4538, Final_scale=22.0376
🚀 APPLYING GUIDANCE at step 33 (timestep=606)
🎯 GUIDANCE STEP 33 (t=606): Loss=0.5947, Rho=6.493198, Grad_norm=0.1540, Final_scale=64.9320
🚀 APPLYING GUIDANCE at step 34 (timestep=585)
🎯 GUIDANCE STEP 34 (t=585): Loss=0.5908, Rho=8.338318, Grad_norm=0.1199, Final_scale=83.3832
🚀 APPLYING GUIDANCE at step 35 (timestep=562)
🎯 GUIDANCE STEP 35 (t=562): Loss=0.5952, Rho=5.363919, Grad_norm=0.1864, Final_scale=53.6392
🚀 APPLYING GUIDANCE at step 36 (timestep=538)
🎯 GUIDANCE STEP 36 (t=538): Loss=0.6011, Rho=15.237819, Grad_norm=0.0656, Final_scale=152.3782
🚀 APPLYING GUIDANCE at step 37 (timestep=512)
🎯 GUIDANCE STEP 37 (t=512): Loss=0.5923, Rho=18.082008, Grad_norm=0.0553, Final_scale=180.8201
🚀 APPLYING GUIDANCE at step 38 (timestep=486)
🎯 GUIDANCE STEP 38 (t=486): Loss=0.5947, Rho=23.064835, Grad_norm=0.0434, Final_scale=230.6483
🚀 APPLYING GUIDANCE at step 39 (timestep=458)
🎯 GUIDANCE STEP 39 (t=458): Loss=0.5903, Rho=18.280640, Grad_norm=0.0547, Final_scale=182.8064
🚀 APPLYING GUIDANCE at step 40 (timestep=428)
🎯 GUIDANCE STEP 40 (t=428): Loss=0.5918, Rho=18.287840, Grad_norm=0.0547, Final_scale=182.8784
🚀 APPLYING GUIDANCE at step 41 (timestep=396)
🎯 GUIDANCE STEP 41 (t=396): Loss=0.5928, Rho=13.661444, Grad_norm=0.0732, Final_scale=136.6144
🚀 APPLYING GUIDANCE at step 42 (timestep=363)
🎯 GUIDANCE STEP 42 (t=363): Loss=0.5938, Rho=16.131109, Grad_norm=0.0620, Final_scale=161.3111
🚀 APPLYING GUIDANCE at step 43 (timestep=327)
🎯 GUIDANCE STEP 43 (t=327): Loss=0.5913, Rho=18.836857, Grad_norm=0.0531, Final_scale=188.3686
🚀 APPLYING GUIDANCE at step 44 (timestep=290)
🎯 GUIDANCE STEP 44 (t=290): Loss=0.5923, Rho=17.715080, Grad_norm=0.0564, Final_scale=177.1508
🚀 APPLYING GUIDANCE at step 45 (timestep=249)
🎯 GUIDANCE STEP 45 (t=249): Loss=0.5889, Rho=6.325457, Grad_norm=0.1581, Final_scale=63.2546
🚀 APPLYING GUIDANCE at step 46 (timestep=206)
🎯 GUIDANCE STEP 46 (t=206): Loss=0.5957, Rho=11.961153, Grad_norm=0.0836, Final_scale=119.6115
🚀 APPLYING GUIDANCE at step 47 (timestep=160)
🎯 GUIDANCE STEP 47 (t=160): Loss=0.5913, Rho=15.452447, Grad_norm=0.0647, Final_scale=154.5245
🚀 APPLYING GUIDANCE at step 48 (timestep=111)
🎯 GUIDANCE STEP 48 (t=111): Loss=0.5894, Rho=10.335824, Grad_norm=0.0968, Final_scale=103.3582
🚀 APPLYING GUIDANCE at step 49 (timestep=57)
🎯 GUIDANCE STEP 49 (t=57): Loss=0.5908, Rho=6.081651, Grad_norm=0.1644, Final_scale=60.8165
[guidance_f17_s50_w8c6_rho10.0_cfg5.0_0701_1458] Generated: generated_videos/subject_consistency/guidance_f17_s50_w8c6_rho10.0_cfg5.0_0701_1458/000_a_motorcycle_gliding_through_a_snowy_field.mp4
[guidance_f17_s50_w8c6_rho10.0_cfg5.0_0701_1458] Generating video 2/9 (guidance): a motorcycle accelerating to gain speed
🎬 STARTING GUIDANCE PIPELINE GENERATION
   Frames: 17, Steps: 50, CFG Scale: 5.0

🔧 GUIDANCE PIPELINE CONFIGURATION:
   Guidance range: 0 - 1001
   Rho scale: 10.0
   V-JEPA kernel_size: 8
   V-JEPA context_length: 6
   V-JEPA stride: 2
   V-JEPA mode: max
   Total timesteps: 50

🚀 APPLYING GUIDANCE at step 0 (timestep=999)
🎯 GUIDANCE STEP 0 (t=999): Loss=0.5903, Rho=16.431931, Grad_norm=0.0609, Final_scale=164.3193
🚀 APPLYING GUIDANCE at step 1 (timestep=992)
🎯 GUIDANCE STEP 1 (t=992): Loss=0.6094, Rho=12.843840, Grad_norm=0.0779, Final_scale=128.4384
🚀 APPLYING GUIDANCE at step 2 (timestep=985)
🎯 GUIDANCE STEP 2 (t=985): Loss=0.5996, Rho=21.307629, Grad_norm=0.0469, Final_scale=213.0763
🚀 APPLYING GUIDANCE at step 3 (timestep=978)
🎯 GUIDANCE STEP 3 (t=978): Loss=0.5557, Rho=22.071600, Grad_norm=0.0453, Final_scale=220.7160
🚀 APPLYING GUIDANCE at step 4 (timestep=971)
🎯 GUIDANCE STEP 4 (t=971): Loss=0.5474, Rho=6.332571, Grad_norm=0.1579, Final_scale=63.3257
🚀 APPLYING GUIDANCE at step 5 (timestep=963)
🎯 GUIDANCE STEP 5 (t=963): Loss=0.5708, Rho=14.568763, Grad_norm=0.0686, Final_scale=145.6876
🚀 APPLYING GUIDANCE at step 6 (timestep=956)
🎯 GUIDANCE STEP 6 (t=956): Loss=0.5771, Rho=12.160715, Grad_norm=0.0822, Final_scale=121.6072
🚀 APPLYING GUIDANCE at step 7 (timestep=948)
🎯 GUIDANCE STEP 7 (t=948): Loss=0.5508, Rho=11.453046, Grad_norm=0.0873, Final_scale=114.5305
🚀 APPLYING GUIDANCE at step 8 (timestep=939)
🎯 GUIDANCE STEP 8 (t=939): Loss=0.5620, Rho=15.676332, Grad_norm=0.0638, Final_scale=156.7633
🚀 APPLYING GUIDANCE at step 9 (timestep=931)
🎯 GUIDANCE STEP 9 (t=931): Loss=0.5791, Rho=8.114443, Grad_norm=0.1232, Final_scale=81.1444
🚀 APPLYING GUIDANCE at step 10 (timestep=922)
🎯 GUIDANCE STEP 10 (t=922): Loss=0.5845, Rho=9.954349, Grad_norm=0.1005, Final_scale=99.5435
🚀 APPLYING GUIDANCE at step 11 (timestep=913)
🎯 GUIDANCE STEP 11 (t=913): Loss=0.5869, Rho=7.954390, Grad_norm=0.1257, Final_scale=79.5439
🚀 APPLYING GUIDANCE at step 12 (timestep=904)
🎯 GUIDANCE STEP 12 (t=904): Loss=0.5957, Rho=5.940619, Grad_norm=0.1683, Final_scale=59.4062
🚀 APPLYING GUIDANCE at step 13 (timestep=894)
🎯 GUIDANCE STEP 13 (t=894): Loss=0.6006, Rho=3.363146, Grad_norm=0.2973, Final_scale=33.6315
🚀 APPLYING GUIDANCE at step 14 (timestep=884)
🎯 GUIDANCE STEP 14 (t=884): Loss=0.5938, Rho=4.973650, Grad_norm=0.2011, Final_scale=49.7365
🚀 APPLYING GUIDANCE at step 15 (timestep=874)
🎯 GUIDANCE STEP 15 (t=874): Loss=0.5933, Rho=5.447464, Grad_norm=0.1836, Final_scale=54.4746
🚀 APPLYING GUIDANCE at step 16 (timestep=864)
🎯 GUIDANCE STEP 16 (t=864): Loss=0.5981, Rho=9.504615, Grad_norm=0.1052, Final_scale=95.0461
🚀 APPLYING GUIDANCE at step 17 (timestep=853)
🎯 GUIDANCE STEP 17 (t=853): Loss=0.5977, Rho=10.933628, Grad_norm=0.0915, Final_scale=109.3363
🚀 APPLYING GUIDANCE at step 18 (timestep=841)
🎯 GUIDANCE STEP 18 (t=841): Loss=0.6011, Rho=9.402410, Grad_norm=0.1064, Final_scale=94.0241
🚀 APPLYING GUIDANCE at step 19 (timestep=829)
🎯 GUIDANCE STEP 19 (t=829): Loss=0.6060, Rho=6.450445, Grad_norm=0.1550, Final_scale=64.5045
🚀 APPLYING GUIDANCE at step 20 (timestep=817)
🎯 GUIDANCE STEP 20 (t=817): Loss=0.6035, Rho=8.562913, Grad_norm=0.1168, Final_scale=85.6291
🚀 APPLYING GUIDANCE at step 21 (timestep=805)
🎯 GUIDANCE STEP 21 (t=805): Loss=0.6001, Rho=6.232578, Grad_norm=0.1604, Final_scale=62.3258
🚀 APPLYING GUIDANCE at step 22 (timestep=792)
🎯 GUIDANCE STEP 22 (t=792): Loss=0.6025, Rho=9.737600, Grad_norm=0.1027, Final_scale=97.3760
🚀 APPLYING GUIDANCE at step 23 (timestep=778)
🎯 GUIDANCE STEP 23 (t=778): Loss=0.6006, Rho=8.989852, Grad_norm=0.1112, Final_scale=89.8985
🚀 APPLYING GUIDANCE at step 24 (timestep=764)
🎯 GUIDANCE STEP 24 (t=764): Loss=0.5981, Rho=10.744162, Grad_norm=0.0931, Final_scale=107.4416
🚀 APPLYING GUIDANCE at step 25 (timestep=749)
🎯 GUIDANCE STEP 25 (t=749): Loss=0.6006, Rho=14.450588, Grad_norm=0.0692, Final_scale=144.5059
🚀 APPLYING GUIDANCE at step 26 (timestep=734)
🎯 GUIDANCE STEP 26 (t=734): Loss=0.6025, Rho=9.429805, Grad_norm=0.1060, Final_scale=94.2980
🚀 APPLYING GUIDANCE at step 27 (timestep=718)
🎯 GUIDANCE STEP 27 (t=718): Loss=0.5962, Rho=6.964643, Grad_norm=0.1436, Final_scale=69.6464
🚀 APPLYING GUIDANCE at step 28 (timestep=701)
🎯 GUIDANCE STEP 28 (t=701): Loss=0.6001, Rho=7.885577, Grad_norm=0.1268, Final_scale=78.8558
🚀 APPLYING GUIDANCE at step 29 (timestep=684)
🎯 GUIDANCE STEP 29 (t=684): Loss=0.6001, Rho=10.823984, Grad_norm=0.0924, Final_scale=108.2398
🚀 APPLYING GUIDANCE at step 30 (timestep=666)
🎯 GUIDANCE STEP 30 (t=666): Loss=0.5996, Rho=16.562250, Grad_norm=0.0604, Final_scale=165.6225
🚀 APPLYING GUIDANCE at step 31 (timestep=647)
🎯 GUIDANCE STEP 31 (t=647): Loss=0.6021, Rho=16.294178, Grad_norm=0.0614, Final_scale=162.9418
🚀 APPLYING GUIDANCE at step 32 (timestep=627)
🎯 GUIDANCE STEP 32 (t=627): Loss=0.6025, Rho=13.159910, Grad_norm=0.0760, Final_scale=131.5991
🚀 APPLYING GUIDANCE at step 33 (timestep=606)
🎯 GUIDANCE STEP 33 (t=606): Loss=0.6011, Rho=19.981777, Grad_norm=0.0500, Final_scale=199.8178
🚀 APPLYING GUIDANCE at step 34 (timestep=585)
🎯 GUIDANCE STEP 34 (t=585): Loss=0.5977, Rho=10.466825, Grad_norm=0.0955, Final_scale=104.6682
🚀 APPLYING GUIDANCE at step 35 (timestep=562)
🎯 GUIDANCE STEP 35 (t=562): Loss=0.6006, Rho=24.992655, Grad_norm=0.0400, Final_scale=249.9265
🚀 APPLYING GUIDANCE at step 36 (timestep=538)
🎯 GUIDANCE STEP 36 (t=538): Loss=0.6035, Rho=20.313456, Grad_norm=0.0492, Final_scale=203.1346
🚀 APPLYING GUIDANCE at step 37 (timestep=512)
🎯 GUIDANCE STEP 37 (t=512): Loss=0.6025, Rho=25.769709, Grad_norm=0.0388, Final_scale=257.6971
🚀 APPLYING GUIDANCE at step 38 (timestep=486)
🎯 GUIDANCE STEP 38 (t=486): Loss=0.5967, Rho=10.451921, Grad_norm=0.0957, Final_scale=104.5192
🚀 APPLYING GUIDANCE at step 39 (timestep=458)
🎯 GUIDANCE STEP 39 (t=458): Loss=0.5962, Rho=17.837524, Grad_norm=0.0561, Final_scale=178.3752
🚀 APPLYING GUIDANCE at step 40 (timestep=428)
🎯 GUIDANCE STEP 40 (t=428): Loss=0.5967, Rho=37.890697, Grad_norm=0.0264, Final_scale=378.9070
🚀 APPLYING GUIDANCE at step 41 (timestep=396)
🎯 GUIDANCE STEP 41 (t=396): Loss=0.5933, Rho=20.284914, Grad_norm=0.0493, Final_scale=202.8491
🚀 APPLYING GUIDANCE at step 42 (timestep=363)
🎯 GUIDANCE STEP 42 (t=363): Loss=0.5933, Rho=35.027634, Grad_norm=0.0285, Final_scale=350.2763
🚀 APPLYING GUIDANCE at step 43 (timestep=327)
🎯 GUIDANCE STEP 43 (t=327): Loss=0.5947, Rho=30.743063, Grad_norm=0.0325, Final_scale=307.4306
🚀 APPLYING GUIDANCE at step 44 (timestep=290)
🎯 GUIDANCE STEP 44 (t=290): Loss=0.5947, Rho=27.473389, Grad_norm=0.0364, Final_scale=274.7339
🚀 APPLYING GUIDANCE at step 45 (timestep=249)
🎯 GUIDANCE STEP 45 (t=249): Loss=0.5942, Rho=18.678228, Grad_norm=0.0535, Final_scale=186.7823
🚀 APPLYING GUIDANCE at step 46 (timestep=206)
🎯 GUIDANCE STEP 46 (t=206): Loss=0.5962, Rho=38.786098, Grad_norm=0.0258, Final_scale=387.8610
🚀 APPLYING GUIDANCE at step 47 (timestep=160)
🎯 GUIDANCE STEP 47 (t=160): Loss=0.5952, Rho=18.941038, Grad_norm=0.0528, Final_scale=189.4104
🚀 APPLYING GUIDANCE at step 48 (timestep=111)
🎯 GUIDANCE STEP 48 (t=111): Loss=0.5928, Rho=23.504217, Grad_norm=0.0425, Final_scale=235.0422
🚀 APPLYING GUIDANCE at step 49 (timestep=57)
🎯 GUIDANCE STEP 49 (t=57): Loss=0.5938, Rho=25.619482, Grad_norm=0.0390, Final_scale=256.1948
[guidance_f17_s50_w8c6_rho10.0_cfg5.0_0701_1458] Generated: generated_videos/subject_consistency/guidance_f17_s50_w8c6_rho10.0_cfg5.0_0701_1458/000_a_sheep_taking_a_peaceful_walk.mp4
[guidance_f17_s50_w8c6_rho10.0_cfg5.0_0701_1458] Generating video 2/9 (guidance): a sheep running to join a herd of its kind
🎬 STARTING GUIDANCE PIPELINE GENERATION
   Frames: 17, Steps: 50, CFG Scale: 5.0

🔧 GUIDANCE PIPELINE CONFIGURATION:
   Guidance range: 0 - 1001
   Rho scale: 10.0
   V-JEPA kernel_size: 8
   V-JEPA context_length: 6
   V-JEPA stride: 2
   V-JEPA mode: max
   Total timesteps: 50

🚀 APPLYING GUIDANCE at step 0 (timestep=999)
🎯 GUIDANCE STEP 0 (t=999): Loss=0.5488, Rho=45.508888, Grad_norm=0.0220, Final_scale=455.0889
🚀 APPLYING GUIDANCE at step 1 (timestep=992)
🎯 GUIDANCE STEP 1 (t=992): Loss=0.5454, Rho=63.738045, Grad_norm=0.0157, Final_scale=637.3804
🚀 APPLYING GUIDANCE at step 2 (timestep=985)
🎯 GUIDANCE STEP 2 (t=985): Loss=0.5762, Rho=19.418230, Grad_norm=0.0515, Final_scale=194.1823
🚀 APPLYING GUIDANCE at step 3 (timestep=978)
🎯 GUIDANCE STEP 3 (t=978): Loss=0.5664, Rho=16.842781, Grad_norm=0.0594, Final_scale=168.4278
🚀 APPLYING GUIDANCE at step 4 (timestep=971)
🎯 GUIDANCE STEP 4 (t=971): Loss=0.5786, Rho=13.972826, Grad_norm=0.0716, Final_scale=139.7283
🚀 APPLYING GUIDANCE at step 5 (timestep=963)
🎯 GUIDANCE STEP 5 (t=963): Loss=0.5698, Rho=23.191751, Grad_norm=0.0431, Final_scale=231.9175
🚀 APPLYING GUIDANCE at step 6 (timestep=956)
🎯 GUIDANCE STEP 6 (t=956): Loss=0.5605, Rho=27.870270, Grad_norm=0.0359, Final_scale=278.7027
🚀 APPLYING GUIDANCE at step 7 (timestep=948)
🎯 GUIDANCE STEP 7 (t=948): Loss=0.5742, Rho=23.009670, Grad_norm=0.0435, Final_scale=230.0967
🚀 APPLYING GUIDANCE at step 8 (timestep=939)
🎯 GUIDANCE STEP 8 (t=939): Loss=0.5742, Rho=23.829651, Grad_norm=0.0420, Final_scale=238.2965
🚀 APPLYING GUIDANCE at step 9 (timestep=931)
🎯 GUIDANCE STEP 9 (t=931): Loss=0.5742, Rho=24.198111, Grad_norm=0.0413, Final_scale=241.9811
🚀 APPLYING GUIDANCE at step 10 (timestep=922)
🎯 GUIDANCE STEP 10 (t=922): Loss=0.5752, Rho=15.415728, Grad_norm=0.0649, Final_scale=154.1573
🚀 APPLYING GUIDANCE at step 11 (timestep=913)
🎯 GUIDANCE STEP 11 (t=913): Loss=0.5776, Rho=23.517319, Grad_norm=0.0425, Final_scale=235.1732
🚀 APPLYING GUIDANCE at step 12 (timestep=904)
🎯 GUIDANCE STEP 12 (t=904): Loss=0.5732, Rho=21.099701, Grad_norm=0.0474, Final_scale=210.9970
🚀 APPLYING GUIDANCE at step 13 (timestep=894)
🎯 GUIDANCE STEP 13 (t=894): Loss=0.5659, Rho=17.667595, Grad_norm=0.0566, Final_scale=176.6759
🚀 APPLYING GUIDANCE at step 14 (timestep=884)
🎯 GUIDANCE STEP 14 (t=884): Loss=0.5674, Rho=13.473724, Grad_norm=0.0742, Final_scale=134.7372
🚀 APPLYING GUIDANCE at step 15 (timestep=874)
🎯 GUIDANCE STEP 15 (t=874): Loss=0.5747, Rho=22.442797, Grad_norm=0.0446, Final_scale=224.4280
🚀 APPLYING GUIDANCE at step 16 (timestep=864)
🎯 GUIDANCE STEP 16 (t=864): Loss=0.5796, Rho=17.499788, Grad_norm=0.0571, Final_scale=174.9979
🚀 APPLYING GUIDANCE at step 17 (timestep=853)
🎯 GUIDANCE STEP 17 (t=853): Loss=0.5742, Rho=11.674461, Grad_norm=0.0857, Final_scale=116.7446
🚀 APPLYING GUIDANCE at step 18 (timestep=841)
🎯 GUIDANCE STEP 18 (t=841): Loss=0.5796, Rho=12.958817, Grad_norm=0.0772, Final_scale=129.5882
🚀 APPLYING GUIDANCE at step 19 (timestep=829)
🎯 GUIDANCE STEP 19 (t=829): Loss=0.5757, Rho=15.849714, Grad_norm=0.0631, Final_scale=158.4971
🚀 APPLYING GUIDANCE at step 20 (timestep=817)
🎯 GUIDANCE STEP 20 (t=817): Loss=0.5737, Rho=14.684999, Grad_norm=0.0681, Final_scale=146.8500
🚀 APPLYING GUIDANCE at step 21 (timestep=805)
🎯 GUIDANCE STEP 21 (t=805): Loss=0.5762, Rho=4.068196, Grad_norm=0.2458, Final_scale=40.6820
🚀 APPLYING GUIDANCE at step 22 (timestep=792)
🎯 GUIDANCE STEP 22 (t=792): Loss=0.5723, Rho=15.501559, Grad_norm=0.0645, Final_scale=155.0156
🚀 APPLYING GUIDANCE at step 23 (timestep=778)
🎯 GUIDANCE STEP 23 (t=778): Loss=0.5752, Rho=21.351896, Grad_norm=0.0468, Final_scale=213.5190
🚀 APPLYING GUIDANCE at step 24 (timestep=764)
🎯 GUIDANCE STEP 24 (t=764): Loss=0.5781, Rho=20.189480, Grad_norm=0.0495, Final_scale=201.8948
🚀 APPLYING GUIDANCE at step 25 (timestep=749)
🎯 GUIDANCE STEP 25 (t=749): Loss=0.5723, Rho=13.054386, Grad_norm=0.0766, Final_scale=130.5439
🚀 APPLYING GUIDANCE at step 26 (timestep=734)
🎯 GUIDANCE STEP 26 (t=734): Loss=0.5771, Rho=24.001587, Grad_norm=0.0417, Final_scale=240.0159
🚀 APPLYING GUIDANCE at step 27 (timestep=718)
🎯 GUIDANCE STEP 27 (t=718): Loss=0.5767, Rho=11.566600, Grad_norm=0.0865, Final_scale=115.6660
🚀 APPLYING GUIDANCE at step 28 (timestep=701)
🎯 GUIDANCE STEP 28 (t=701): Loss=0.5776, Rho=29.831989, Grad_norm=0.0335, Final_scale=298.3199
🚀 APPLYING GUIDANCE at step 29 (timestep=684)
🎯 GUIDANCE STEP 29 (t=684): Loss=0.5781, Rho=22.052395, Grad_norm=0.0453, Final_scale=220.5239
🚀 APPLYING GUIDANCE at step 30 (timestep=666)
🎯 GUIDANCE STEP 30 (t=666): Loss=0.5747, Rho=25.720440, Grad_norm=0.0389, Final_scale=257.2044
🚀 APPLYING GUIDANCE at step 31 (timestep=647)
🎯 GUIDANCE STEP 31 (t=647): Loss=0.5806, Rho=15.750254, Grad_norm=0.0635, Final_scale=157.5025
🚀 APPLYING GUIDANCE at step 32 (timestep=627)
🎯 GUIDANCE STEP 32 (t=627): Loss=0.5811, Rho=13.071341, Grad_norm=0.0765, Final_scale=130.7134
🚀 APPLYING GUIDANCE at step 33 (timestep=606)
🎯 GUIDANCE STEP 33 (t=606): Loss=0.5771, Rho=15.083331, Grad_norm=0.0663, Final_scale=150.8333
🚀 APPLYING GUIDANCE at step 34 (timestep=585)
🎯 GUIDANCE STEP 34 (t=585): Loss=0.5752, Rho=13.410734, Grad_norm=0.0746, Final_scale=134.1073
🚀 APPLYING GUIDANCE at step 35 (timestep=562)
🎯 GUIDANCE STEP 35 (t=562): Loss=0.5762, Rho=20.832113, Grad_norm=0.0480, Final_scale=208.3211
🚀 APPLYING GUIDANCE at step 36 (timestep=538)
🎯 GUIDANCE STEP 36 (t=538): Loss=0.5771, Rho=21.797123, Grad_norm=0.0459, Final_scale=217.9712
🚀 APPLYING GUIDANCE at step 37 (timestep=512)
🎯 GUIDANCE STEP 37 (t=512): Loss=0.5742, Rho=9.784381, Grad_norm=0.1022, Final_scale=97.8438
🚀 APPLYING GUIDANCE at step 38 (timestep=486)
🎯 GUIDANCE STEP 38 (t=486): Loss=0.5786, Rho=18.867060, Grad_norm=0.0530, Final_scale=188.6706
🚀 APPLYING GUIDANCE at step 39 (timestep=458)
🎯 GUIDANCE STEP 39 (t=458): Loss=0.5771, Rho=9.823874, Grad_norm=0.1018, Final_scale=98.2387
🚀 APPLYING GUIDANCE at step 40 (timestep=428)
🎯 GUIDANCE STEP 40 (t=428): Loss=0.5781, Rho=11.900256, Grad_norm=0.0840, Final_scale=119.0026
🚀 APPLYING GUIDANCE at step 41 (timestep=396)
🎯 GUIDANCE STEP 41 (t=396): Loss=0.5752, Rho=13.350243, Grad_norm=0.0749, Final_scale=133.5024
🚀 APPLYING GUIDANCE at step 42 (timestep=363)
🎯 GUIDANCE STEP 42 (t=363): Loss=0.5757, Rho=10.810922, Grad_norm=0.0925, Final_scale=108.1092
🚀 APPLYING GUIDANCE at step 43 (timestep=327)
🎯 GUIDANCE STEP 43 (t=327): Loss=0.5752, Rho=20.820587, Grad_norm=0.0480, Final_scale=208.2059
🚀 APPLYING GUIDANCE at step 44 (timestep=290)
🎯 GUIDANCE STEP 44 (t=290): Loss=0.5742, Rho=11.107610, Grad_norm=0.0900, Final_scale=111.0761
🚀 APPLYING GUIDANCE at step 45 (timestep=249)
🎯 GUIDANCE STEP 45 (t=249): Loss=0.5776, Rho=17.304375, Grad_norm=0.0578, Final_scale=173.0437
🚀 APPLYING GUIDANCE at step 46 (timestep=206)
🎯 GUIDANCE STEP 46 (t=206): Loss=0.5811, Rho=14.840286, Grad_norm=0.0674, Final_scale=148.4029
🚀 APPLYING GUIDANCE at step 47 (timestep=160)
🎯 GUIDANCE STEP 47 (t=160): Loss=0.5796, Rho=20.835522, Grad_norm=0.0480, Final_scale=208.3552
🚀 APPLYING GUIDANCE at step 48 (timestep=111)
🎯 GUIDANCE STEP 48 (t=111): Loss=0.5791, Rho=15.021097, Grad_norm=0.0666, Final_scale=150.2110
🚀 APPLYING GUIDANCE at step 49 (timestep=57)
🎯 GUIDANCE STEP 49 (t=57): Loss=0.5703, Rho=20.223652, Grad_norm=0.0494, Final_scale=202.2365
[guidance_f17_s50_w8c6_rho10.0_cfg5.0_0701_1458] Generated: generated_videos/subject_consistency/guidance_f17_s50_w8c6_rho10.0_cfg5.0_0701_1458/000_a_person_swimming_in_ocean.mp4
[guidance_f17_s50_w8c6_rho10.0_cfg5.0_0701_1458] Generating video 2/9 (guidance): a person giving a presentation to a room full of colleagues
🎬 STARTING GUIDANCE PIPELINE GENERATION
   Frames: 17, Steps: 50, CFG Scale: 5.0

🔧 GUIDANCE PIPELINE CONFIGURATION:
   Guidance range: 0 - 1001
   Rho scale: 10.0
   V-JEPA kernel_size: 8
   V-JEPA context_length: 6
   V-JEPA stride: 2
   V-JEPA mode: max
   Total timesteps: 50

🚀 APPLYING GUIDANCE at step 0 (timestep=999)
🎯 GUIDANCE STEP 0 (t=999): Loss=0.5562, Rho=28.802940, Grad_norm=0.0347, Final_scale=288.0294
🚀 APPLYING GUIDANCE at step 1 (timestep=992)
🎯 GUIDANCE STEP 1 (t=992): Loss=0.5830, Rho=4.191491, Grad_norm=0.2386, Final_scale=41.9149
🚀 APPLYING GUIDANCE at step 2 (timestep=985)
🎯 GUIDANCE STEP 2 (t=985): Loss=0.5449, Rho=9.730964, Grad_norm=0.1028, Final_scale=97.3096
🚀 APPLYING GUIDANCE at step 3 (timestep=978)
🎯 GUIDANCE STEP 3 (t=978): Loss=0.5537, Rho=12.867466, Grad_norm=0.0777, Final_scale=128.6747
🚀 APPLYING GUIDANCE at step 4 (timestep=971)
🎯 GUIDANCE STEP 4 (t=971): Loss=0.5547, Rho=20.220655, Grad_norm=0.0495, Final_scale=202.2066
🚀 APPLYING GUIDANCE at step 5 (timestep=963)
🎯 GUIDANCE STEP 5 (t=963): Loss=0.5620, Rho=9.844516, Grad_norm=0.1016, Final_scale=98.4452
🚀 APPLYING GUIDANCE at step 6 (timestep=956)
🎯 GUIDANCE STEP 6 (t=956): Loss=0.5669, Rho=8.760170, Grad_norm=0.1142, Final_scale=87.6017
🚀 APPLYING GUIDANCE at step 7 (timestep=948)
🎯 GUIDANCE STEP 7 (t=948): Loss=0.5747, Rho=10.865399, Grad_norm=0.0920, Final_scale=108.6540
🚀 APPLYING GUIDANCE at step 8 (timestep=939)
🎯 GUIDANCE STEP 8 (t=939): Loss=0.5767, Rho=5.420820, Grad_norm=0.1845, Final_scale=54.2082
🚀 APPLYING GUIDANCE at step 9 (timestep=931)
🎯 GUIDANCE STEP 9 (t=931): Loss=0.5791, Rho=7.245959, Grad_norm=0.1380, Final_scale=72.4596
🚀 APPLYING GUIDANCE at step 10 (timestep=922)
🎯 GUIDANCE STEP 10 (t=922): Loss=0.5811, Rho=17.747858, Grad_norm=0.0563, Final_scale=177.4786
🚀 APPLYING GUIDANCE at step 11 (timestep=913)
🎯 GUIDANCE STEP 11 (t=913): Loss=0.5850, Rho=13.411541, Grad_norm=0.0746, Final_scale=134.1154
🚀 APPLYING GUIDANCE at step 12 (timestep=904)
🎯 GUIDANCE STEP 12 (t=904): Loss=0.5830, Rho=16.505852, Grad_norm=0.0606, Final_scale=165.0585
🚀 APPLYING GUIDANCE at step 13 (timestep=894)
🎯 GUIDANCE STEP 13 (t=894): Loss=0.5835, Rho=17.582211, Grad_norm=0.0569, Final_scale=175.8221
🚀 APPLYING GUIDANCE at step 14 (timestep=884)
🎯 GUIDANCE STEP 14 (t=884): Loss=0.5854, Rho=13.944440, Grad_norm=0.0717, Final_scale=139.4444
🚀 APPLYING GUIDANCE at step 15 (timestep=874)
🎯 GUIDANCE STEP 15 (t=874): Loss=0.5830, Rho=16.791368, Grad_norm=0.0596, Final_scale=167.9137
🚀 APPLYING GUIDANCE at step 16 (timestep=864)
🎯 GUIDANCE STEP 16 (t=864): Loss=0.5894, Rho=13.931646, Grad_norm=0.0718, Final_scale=139.3165
🚀 APPLYING GUIDANCE at step 17 (timestep=853)
🎯 GUIDANCE STEP 17 (t=853): Loss=0.5859, Rho=21.569347, Grad_norm=0.0464, Final_scale=215.6935
🚀 APPLYING GUIDANCE at step 18 (timestep=841)
🎯 GUIDANCE STEP 18 (t=841): Loss=0.5889, Rho=6.341625, Grad_norm=0.1577, Final_scale=63.4163
🚀 APPLYING GUIDANCE at step 19 (timestep=829)
🎯 GUIDANCE STEP 19 (t=829): Loss=0.5898, Rho=16.550213, Grad_norm=0.0604, Final_scale=165.5021
🚀 APPLYING GUIDANCE at step 20 (timestep=817)
🎯 GUIDANCE STEP 20 (t=817): Loss=0.5840, Rho=23.380688, Grad_norm=0.0428, Final_scale=233.8069
🚀 APPLYING GUIDANCE at step 21 (timestep=805)
🎯 GUIDANCE STEP 21 (t=805): Loss=0.5884, Rho=7.163826, Grad_norm=0.1396, Final_scale=71.6383
🚀 APPLYING GUIDANCE at step 22 (timestep=792)
🎯 GUIDANCE STEP 22 (t=792): Loss=0.5859, Rho=14.480890, Grad_norm=0.0691, Final_scale=144.8089
🚀 APPLYING GUIDANCE at step 23 (timestep=778)
🎯 GUIDANCE STEP 23 (t=778): Loss=0.5859, Rho=10.467207, Grad_norm=0.0955, Final_scale=104.6721
🚀 APPLYING GUIDANCE at step 24 (timestep=764)
🎯 GUIDANCE STEP 24 (t=764): Loss=0.5850, Rho=8.193430, Grad_norm=0.1220, Final_scale=81.9343
🚀 APPLYING GUIDANCE at step 25 (timestep=749)
🎯 GUIDANCE STEP 25 (t=749): Loss=0.5884, Rho=6.078958, Grad_norm=0.1645, Final_scale=60.7896
🚀 APPLYING GUIDANCE at step 26 (timestep=734)
🎯 GUIDANCE STEP 26 (t=734): Loss=0.5859, Rho=9.585842, Grad_norm=0.1043, Final_scale=95.8584
🚀 APPLYING GUIDANCE at step 27 (timestep=718)
🎯 GUIDANCE STEP 27 (t=718): Loss=0.5869, Rho=12.432795, Grad_norm=0.0804, Final_scale=124.3279
🚀 APPLYING GUIDANCE at step 28 (timestep=701)
🎯 GUIDANCE STEP 28 (t=701): Loss=0.5845, Rho=11.124310, Grad_norm=0.0899, Final_scale=111.2431
🚀 APPLYING GUIDANCE at step 29 (timestep=684)
🎯 GUIDANCE STEP 29 (t=684): Loss=0.5840, Rho=3.222414, Grad_norm=0.3103, Final_scale=32.2241
🚀 APPLYING GUIDANCE at step 30 (timestep=666)
🎯 GUIDANCE STEP 30 (t=666): Loss=0.5840, Rho=14.417674, Grad_norm=0.0694, Final_scale=144.1767
🚀 APPLYING GUIDANCE at step 31 (timestep=647)
🎯 GUIDANCE STEP 31 (t=647): Loss=0.5854, Rho=10.668107, Grad_norm=0.0937, Final_scale=106.6811
🚀 APPLYING GUIDANCE at step 32 (timestep=627)
🎯 GUIDANCE STEP 32 (t=627): Loss=0.5884, Rho=11.923149, Grad_norm=0.0839, Final_scale=119.2315
🚀 APPLYING GUIDANCE at step 33 (timestep=606)
🎯 GUIDANCE STEP 33 (t=606): Loss=0.5889, Rho=10.741170, Grad_norm=0.0931, Final_scale=107.4117
🚀 APPLYING GUIDANCE at step 34 (timestep=585)
🎯 GUIDANCE STEP 34 (t=585): Loss=0.5864, Rho=11.570560, Grad_norm=0.0864, Final_scale=115.7056
🚀 APPLYING GUIDANCE at step 35 (timestep=562)
🎯 GUIDANCE STEP 35 (t=562): Loss=0.5874, Rho=6.258896, Grad_norm=0.1598, Final_scale=62.5890
🚀 APPLYING GUIDANCE at step 36 (timestep=538)
🎯 GUIDANCE STEP 36 (t=538): Loss=0.5859, Rho=10.079016, Grad_norm=0.0992, Final_scale=100.7902
🚀 APPLYING GUIDANCE at step 37 (timestep=512)
🎯 GUIDANCE STEP 37 (t=512): Loss=0.5854, Rho=14.589931, Grad_norm=0.0685, Final_scale=145.8993
🚀 APPLYING GUIDANCE at step 38 (timestep=486)
🎯 GUIDANCE STEP 38 (t=486): Loss=0.5864, Rho=13.781476, Grad_norm=0.0726, Final_scale=137.8148
🚀 APPLYING GUIDANCE at step 39 (timestep=458)
🎯 GUIDANCE STEP 39 (t=458): Loss=0.5845, Rho=20.386864, Grad_norm=0.0491, Final_scale=203.8686
🚀 APPLYING GUIDANCE at step 40 (timestep=428)
🎯 GUIDANCE STEP 40 (t=428): Loss=0.5884, Rho=23.100195, Grad_norm=0.0433, Final_scale=231.0019
🚀 APPLYING GUIDANCE at step 41 (timestep=396)
🎯 GUIDANCE STEP 41 (t=396): Loss=0.5845, Rho=21.011576, Grad_norm=0.0476, Final_scale=210.1158
🚀 APPLYING GUIDANCE at step 42 (timestep=363)
🎯 GUIDANCE STEP 42 (t=363): Loss=0.5835, Rho=22.078699, Grad_norm=0.0453, Final_scale=220.7870
🚀 APPLYING GUIDANCE at step 43 (timestep=327)
🎯 GUIDANCE STEP 43 (t=327): Loss=0.5840, Rho=22.168106, Grad_norm=0.0451, Final_scale=221.6811
🚀 APPLYING GUIDANCE at step 44 (timestep=290)
🎯 GUIDANCE STEP 44 (t=290): Loss=0.5840, Rho=15.927394, Grad_norm=0.0628, Final_scale=159.2739
🚀 APPLYING GUIDANCE at step 45 (timestep=249)
🎯 GUIDANCE STEP 45 (t=249): Loss=0.5854, Rho=24.531025, Grad_norm=0.0408, Final_scale=245.3102
🚀 APPLYING GUIDANCE at step 46 (timestep=206)
🎯 GUIDANCE STEP 46 (t=206): Loss=0.5835, Rho=22.811508, Grad_norm=0.0438, Final_scale=228.1151
🚀 APPLYING GUIDANCE at step 47 (timestep=160)
🎯 GUIDANCE STEP 47 (t=160): Loss=0.5835, Rho=15.278940, Grad_norm=0.0654, Final_scale=152.7894
🚀 APPLYING GUIDANCE at step 48 (timestep=111)
🎯 GUIDANCE STEP 48 (t=111): Loss=0.5835, Rho=19.896814, Grad_norm=0.0503, Final_scale=198.9681
🚀 APPLYING GUIDANCE at step 49 (timestep=57)
🎯 GUIDANCE STEP 49 (t=57): Loss=0.5801, Rho=8.490363, Grad_norm=0.1178, Final_scale=84.9036
[guidance_f17_s50_w8c6_rho10.0_cfg5.0_0701_1458] Generated: generated_videos/subject_consistency/guidance_f17_s50_w8c6_rho10.0_cfg5.0_0701_1458/001_a_boat_accelerating_to_gain_speed.mp4
[guidance_f17_s50_w8c6_rho10.0_cfg5.0_0701_1458] Generating video 3/9 (guidance): a bird soaring gracefully in the sky
🎬 STARTING GUIDANCE PIPELINE GENERATION
   Frames: 17, Steps: 50, CFG Scale: 5.0

🔧 GUIDANCE PIPELINE CONFIGURATION:
   Guidance range: 0 - 1001
   Rho scale: 10.0
   V-JEPA kernel_size: 8
   V-JEPA context_length: 6
   V-JEPA stride: 2
   V-JEPA mode: max
   Total timesteps: 50

🚀 APPLYING GUIDANCE at step 0 (timestep=999)
🎯 GUIDANCE STEP 0 (t=999): Loss=0.5728, Rho=9.680045, Grad_norm=0.1033, Final_scale=96.8005
🚀 APPLYING GUIDANCE at step 1 (timestep=992)
🎯 GUIDANCE STEP 1 (t=992): Loss=0.5703, Rho=9.019361, Grad_norm=0.1109, Final_scale=90.1936
🚀 APPLYING GUIDANCE at step 2 (timestep=985)
🎯 GUIDANCE STEP 2 (t=985): Loss=0.5444, Rho=16.943932, Grad_norm=0.0590, Final_scale=169.4393
🚀 APPLYING GUIDANCE at step 3 (timestep=978)
🎯 GUIDANCE STEP 3 (t=978): Loss=0.5903, Rho=10.482183, Grad_norm=0.0954, Final_scale=104.8218
🚀 APPLYING GUIDANCE at step 4 (timestep=971)
🎯 GUIDANCE STEP 4 (t=971): Loss=0.5669, Rho=12.054132, Grad_norm=0.0830, Final_scale=120.5413
🚀 APPLYING GUIDANCE at step 5 (timestep=963)
🎯 GUIDANCE STEP 5 (t=963): Loss=0.5654, Rho=5.682020, Grad_norm=0.1760, Final_scale=56.8202
🚀 APPLYING GUIDANCE at step 6 (timestep=956)
🎯 GUIDANCE STEP 6 (t=956): Loss=0.5674, Rho=15.991027, Grad_norm=0.0625, Final_scale=159.9103
🚀 APPLYING GUIDANCE at step 7 (timestep=948)
🎯 GUIDANCE STEP 7 (t=948): Loss=0.5791, Rho=13.511391, Grad_norm=0.0740, Final_scale=135.1139
🚀 APPLYING GUIDANCE at step 8 (timestep=939)
🎯 GUIDANCE STEP 8 (t=939): Loss=0.5830, Rho=8.436961, Grad_norm=0.1185, Final_scale=84.3696
🚀 APPLYING GUIDANCE at step 9 (timestep=931)
🎯 GUIDANCE STEP 9 (t=931): Loss=0.5957, Rho=6.919146, Grad_norm=0.1445, Final_scale=69.1915
🚀 APPLYING GUIDANCE at step 10 (timestep=922)
🎯 GUIDANCE STEP 10 (t=922): Loss=0.5942, Rho=9.009116, Grad_norm=0.1110, Final_scale=90.0912
🚀 APPLYING GUIDANCE at step 11 (timestep=913)
🎯 GUIDANCE STEP 11 (t=913): Loss=0.5972, Rho=5.713386, Grad_norm=0.1750, Final_scale=57.1339
🚀 APPLYING GUIDANCE at step 12 (timestep=904)
🎯 GUIDANCE STEP 12 (t=904): Loss=0.5991, Rho=10.683565, Grad_norm=0.0936, Final_scale=106.8357
🚀 APPLYING GUIDANCE at step 13 (timestep=894)
🎯 GUIDANCE STEP 13 (t=894): Loss=0.6064, Rho=2.549219, Grad_norm=0.3923, Final_scale=25.4922
🚀 APPLYING GUIDANCE at step 14 (timestep=884)
🎯 GUIDANCE STEP 14 (t=884): Loss=0.6099, Rho=5.543764, Grad_norm=0.1804, Final_scale=55.4376
🚀 APPLYING GUIDANCE at step 15 (timestep=874)
🎯 GUIDANCE STEP 15 (t=874): Loss=0.6191, Rho=5.580440, Grad_norm=0.1792, Final_scale=55.8044
🚀 APPLYING GUIDANCE at step 16 (timestep=864)
🎯 GUIDANCE STEP 16 (t=864): Loss=0.6133, Rho=4.488520, Grad_norm=0.2228, Final_scale=44.8852
🚀 APPLYING GUIDANCE at step 17 (timestep=853)
🎯 GUIDANCE STEP 17 (t=853): Loss=0.6099, Rho=8.524093, Grad_norm=0.1173, Final_scale=85.2409
🚀 APPLYING GUIDANCE at step 18 (timestep=841)
🎯 GUIDANCE STEP 18 (t=841): Loss=0.6084, Rho=8.537464, Grad_norm=0.1171, Final_scale=85.3746
🚀 APPLYING GUIDANCE at step 19 (timestep=829)
🎯 GUIDANCE STEP 19 (t=829): Loss=0.6074, Rho=3.248830, Grad_norm=0.3078, Final_scale=32.4883
🚀 APPLYING GUIDANCE at step 20 (timestep=817)
🎯 GUIDANCE STEP 20 (t=817): Loss=0.6143, Rho=5.901046, Grad_norm=0.1695, Final_scale=59.0105
🚀 APPLYING GUIDANCE at step 21 (timestep=805)
🎯 GUIDANCE STEP 21 (t=805): Loss=0.6133, Rho=5.665121, Grad_norm=0.1765, Final_scale=56.6512
🚀 APPLYING GUIDANCE at step 22 (timestep=792)
🎯 GUIDANCE STEP 22 (t=792): Loss=0.6084, Rho=4.659118, Grad_norm=0.2146, Final_scale=46.5912
🚀 APPLYING GUIDANCE at step 23 (timestep=778)
🎯 GUIDANCE STEP 23 (t=778): Loss=0.6123, Rho=3.001871, Grad_norm=0.3331, Final_scale=30.0187
🚀 APPLYING GUIDANCE at step 24 (timestep=764)
🎯 GUIDANCE STEP 24 (t=764): Loss=0.6104, Rho=3.871946, Grad_norm=0.2583, Final_scale=38.7195
🚀 APPLYING GUIDANCE at step 25 (timestep=749)
🎯 GUIDANCE STEP 25 (t=749): Loss=0.6069, Rho=6.342878, Grad_norm=0.1577, Final_scale=63.4288
🚀 APPLYING GUIDANCE at step 26 (timestep=734)
🎯 GUIDANCE STEP 26 (t=734): Loss=0.6030, Rho=4.108175, Grad_norm=0.2434, Final_scale=41.0818
🚀 APPLYING GUIDANCE at step 27 (timestep=718)
🎯 GUIDANCE STEP 27 (t=718): Loss=0.6040, Rho=1.829135, Grad_norm=0.5467, Final_scale=18.2913
🚀 APPLYING GUIDANCE at step 28 (timestep=701)
🎯 GUIDANCE STEP 28 (t=701): Loss=0.6021, Rho=5.247718, Grad_norm=0.1906, Final_scale=52.4772
🚀 APPLYING GUIDANCE at step 29 (timestep=684)
🎯 GUIDANCE STEP 29 (t=684): Loss=0.6050, Rho=8.595533, Grad_norm=0.1163, Final_scale=85.9553
🚀 APPLYING GUIDANCE at step 30 (timestep=666)
🎯 GUIDANCE STEP 30 (t=666): Loss=0.6001, Rho=8.646185, Grad_norm=0.1157, Final_scale=86.4618
🚀 APPLYING GUIDANCE at step 31 (timestep=647)
🎯 GUIDANCE STEP 31 (t=647): Loss=0.6016, Rho=7.724414, Grad_norm=0.1295, Final_scale=77.2441
🚀 APPLYING GUIDANCE at step 32 (timestep=627)
🎯 GUIDANCE STEP 32 (t=627): Loss=0.5981, Rho=4.402019, Grad_norm=0.2272, Final_scale=44.0202
🚀 APPLYING GUIDANCE at step 33 (timestep=606)
🎯 GUIDANCE STEP 33 (t=606): Loss=0.5972, Rho=8.808603, Grad_norm=0.1135, Final_scale=88.0860
🚀 APPLYING GUIDANCE at step 34 (timestep=585)
🎯 GUIDANCE STEP 34 (t=585): Loss=0.5967, Rho=9.090964, Grad_norm=0.1100, Final_scale=90.9096
🚀 APPLYING GUIDANCE at step 35 (timestep=562)
🎯 GUIDANCE STEP 35 (t=562): Loss=0.5977, Rho=3.558233, Grad_norm=0.2810, Final_scale=35.5823
🚀 APPLYING GUIDANCE at step 36 (timestep=538)
🎯 GUIDANCE STEP 36 (t=538): Loss=0.5962, Rho=7.317790, Grad_norm=0.1367, Final_scale=73.1779
🚀 APPLYING GUIDANCE at step 37 (timestep=512)
🎯 GUIDANCE STEP 37 (t=512): Loss=0.5991, Rho=14.942787, Grad_norm=0.0669, Final_scale=149.4279
🚀 APPLYING GUIDANCE at step 38 (timestep=486)
🎯 GUIDANCE STEP 38 (t=486): Loss=0.5967, Rho=11.556916, Grad_norm=0.0865, Final_scale=115.5692
🚀 APPLYING GUIDANCE at step 39 (timestep=458)
🎯 GUIDANCE STEP 39 (t=458): Loss=0.5977, Rho=8.353238, Grad_norm=0.1197, Final_scale=83.5324
🚀 APPLYING GUIDANCE at step 40 (timestep=428)
🎯 GUIDANCE STEP 40 (t=428): Loss=0.5996, Rho=17.185896, Grad_norm=0.0582, Final_scale=171.8590
🚀 APPLYING GUIDANCE at step 41 (timestep=396)
🎯 GUIDANCE STEP 41 (t=396): Loss=0.6006, Rho=22.081043, Grad_norm=0.0453, Final_scale=220.8104
🚀 APPLYING GUIDANCE at step 42 (timestep=363)
🎯 GUIDANCE STEP 42 (t=363): Loss=0.5981, Rho=18.852383, Grad_norm=0.0530, Final_scale=188.5238
🚀 APPLYING GUIDANCE at step 43 (timestep=327)
🎯 GUIDANCE STEP 43 (t=327): Loss=0.5986, Rho=17.423000, Grad_norm=0.0574, Final_scale=174.2300
🚀 APPLYING GUIDANCE at step 44 (timestep=290)
🎯 GUIDANCE STEP 44 (t=290): Loss=0.5991, Rho=18.990213, Grad_norm=0.0527, Final_scale=189.9021
🚀 APPLYING GUIDANCE at step 45 (timestep=249)
🎯 GUIDANCE STEP 45 (t=249): Loss=0.5962, Rho=11.337229, Grad_norm=0.0882, Final_scale=113.3723
🚀 APPLYING GUIDANCE at step 46 (timestep=206)
🎯 GUIDANCE STEP 46 (t=206): Loss=0.5952, Rho=19.879951, Grad_norm=0.0503, Final_scale=198.7995
🚀 APPLYING GUIDANCE at step 47 (timestep=160)
🎯 GUIDANCE STEP 47 (t=160): Loss=0.5913, Rho=40.958302, Grad_norm=0.0244, Final_scale=409.5830
🚀 APPLYING GUIDANCE at step 48 (timestep=111)
🎯 GUIDANCE STEP 48 (t=111): Loss=0.5889, Rho=23.621677, Grad_norm=0.0423, Final_scale=236.2168
🚀 APPLYING GUIDANCE at step 49 (timestep=57)
🎯 GUIDANCE STEP 49 (t=57): Loss=0.5903, Rho=12.655247, Grad_norm=0.0790, Final_scale=126.5525
[guidance_f17_s50_w8c6_rho10.0_cfg5.0_0701_1458] Generated: generated_videos/subject_consistency/guidance_f17_s50_w8c6_rho10.0_cfg5.0_0701_1458/001_a_dog_playing_in_park.mp4
[guidance_f17_s50_w8c6_rho10.0_cfg5.0_0701_1458] Generating video 3/9 (guidance): a dog drinking water
🎬 STARTING GUIDANCE PIPELINE GENERATION
   Frames: 17, Steps: 50, CFG Scale: 5.0

🔧 GUIDANCE PIPELINE CONFIGURATION:
   Guidance range: 0 - 1001
   Rho scale: 10.0
   V-JEPA kernel_size: 8
   V-JEPA context_length: 6
   V-JEPA stride: 2
   V-JEPA mode: max
   Total timesteps: 50

🚀 APPLYING GUIDANCE at step 0 (timestep=999)
🎯 GUIDANCE STEP 0 (t=999): Loss=0.5762, Rho=13.511093, Grad_norm=0.0740, Final_scale=135.1109
🚀 APPLYING GUIDANCE at step 1 (timestep=992)
🎯 GUIDANCE STEP 1 (t=992): Loss=0.5366, Rho=5.811142, Grad_norm=0.1721, Final_scale=58.1114
🚀 APPLYING GUIDANCE at step 2 (timestep=985)
🎯 GUIDANCE STEP 2 (t=985): Loss=0.5366, Rho=17.308949, Grad_norm=0.0578, Final_scale=173.0895
🚀 APPLYING GUIDANCE at step 3 (timestep=978)
🎯 GUIDANCE STEP 3 (t=978): Loss=0.5371, Rho=24.656208, Grad_norm=0.0406, Final_scale=246.5621
🚀 APPLYING GUIDANCE at step 4 (timestep=971)
🎯 GUIDANCE STEP 4 (t=971): Loss=0.5391, Rho=10.733888, Grad_norm=0.0932, Final_scale=107.3389
🚀 APPLYING GUIDANCE at step 5 (timestep=963)
🎯 GUIDANCE STEP 5 (t=963): Loss=0.5371, Rho=4.848208, Grad_norm=0.2063, Final_scale=48.4821
🚀 APPLYING GUIDANCE at step 6 (timestep=956)
🎯 GUIDANCE STEP 6 (t=956): Loss=0.5342, Rho=23.547396, Grad_norm=0.0425, Final_scale=235.4740
🚀 APPLYING GUIDANCE at step 7 (timestep=948)
🎯 GUIDANCE STEP 7 (t=948): Loss=0.5352, Rho=26.682095, Grad_norm=0.0375, Final_scale=266.8209
🚀 APPLYING GUIDANCE at step 8 (timestep=939)
🎯 GUIDANCE STEP 8 (t=939): Loss=0.5381, Rho=12.478230, Grad_norm=0.0801, Final_scale=124.7823
🚀 APPLYING GUIDANCE at step 9 (timestep=931)
🎯 GUIDANCE STEP 9 (t=931): Loss=0.5542, Rho=3.196964, Grad_norm=0.3128, Final_scale=31.9696
🚀 APPLYING GUIDANCE at step 10 (timestep=922)
🎯 GUIDANCE STEP 10 (t=922): Loss=0.5732, Rho=9.092175, Grad_norm=0.1100, Final_scale=90.9217
🚀 APPLYING GUIDANCE at step 11 (timestep=913)
🎯 GUIDANCE STEP 11 (t=913): Loss=0.6035, Rho=3.839094, Grad_norm=0.2605, Final_scale=38.3909
🚀 APPLYING GUIDANCE at step 12 (timestep=904)
🎯 GUIDANCE STEP 12 (t=904): Loss=0.6211, Rho=3.533350, Grad_norm=0.2830, Final_scale=35.3335
🚀 APPLYING GUIDANCE at step 13 (timestep=894)
🎯 GUIDANCE STEP 13 (t=894): Loss=0.6177, Rho=3.395905, Grad_norm=0.2945, Final_scale=33.9591
🚀 APPLYING GUIDANCE at step 14 (timestep=884)
🎯 GUIDANCE STEP 14 (t=884): Loss=0.6182, Rho=2.463117, Grad_norm=0.4060, Final_scale=24.6312
🚀 APPLYING GUIDANCE at step 15 (timestep=874)
🎯 GUIDANCE STEP 15 (t=874): Loss=0.6138, Rho=7.570283, Grad_norm=0.1321, Final_scale=75.7028
🚀 APPLYING GUIDANCE at step 16 (timestep=864)
🎯 GUIDANCE STEP 16 (t=864): Loss=0.6177, Rho=4.357293, Grad_norm=0.2295, Final_scale=43.5729
🚀 APPLYING GUIDANCE at step 17 (timestep=853)
🎯 GUIDANCE STEP 17 (t=853): Loss=0.6118, Rho=4.185694, Grad_norm=0.2389, Final_scale=41.8569
🚀 APPLYING GUIDANCE at step 18 (timestep=841)
🎯 GUIDANCE STEP 18 (t=841): Loss=0.6128, Rho=4.886209, Grad_norm=0.2047, Final_scale=48.8621
🚀 APPLYING GUIDANCE at step 19 (timestep=829)
🎯 GUIDANCE STEP 19 (t=829): Loss=0.6094, Rho=2.743551, Grad_norm=0.3645, Final_scale=27.4355
🚀 APPLYING GUIDANCE at step 20 (timestep=817)
🎯 GUIDANCE STEP 20 (t=817): Loss=0.6055, Rho=2.657601, Grad_norm=0.3763, Final_scale=26.5760
🚀 APPLYING GUIDANCE at step 21 (timestep=805)
🎯 GUIDANCE STEP 21 (t=805): Loss=0.6050, Rho=2.026065, Grad_norm=0.4936, Final_scale=20.2606
🚀 APPLYING GUIDANCE at step 22 (timestep=792)
🎯 GUIDANCE STEP 22 (t=792): Loss=0.6050, Rho=4.943301, Grad_norm=0.2023, Final_scale=49.4330
🚀 APPLYING GUIDANCE at step 23 (timestep=778)
🎯 GUIDANCE STEP 23 (t=778): Loss=0.6069, Rho=4.272418, Grad_norm=0.2341, Final_scale=42.7242
🚀 APPLYING GUIDANCE at step 24 (timestep=764)
🎯 GUIDANCE STEP 24 (t=764): Loss=0.6113, Rho=4.789653, Grad_norm=0.2088, Final_scale=47.8965
🚀 APPLYING GUIDANCE at step 25 (timestep=749)
🎯 GUIDANCE STEP 25 (t=749): Loss=0.6118, Rho=3.070206, Grad_norm=0.3257, Final_scale=30.7021
🚀 APPLYING GUIDANCE at step 26 (timestep=734)
🎯 GUIDANCE STEP 26 (t=734): Loss=0.6079, Rho=6.712012, Grad_norm=0.1490, Final_scale=67.1201
🚀 APPLYING GUIDANCE at step 27 (timestep=718)
🎯 GUIDANCE STEP 27 (t=718): Loss=0.6074, Rho=7.049319, Grad_norm=0.1419, Final_scale=70.4932
🚀 APPLYING GUIDANCE at step 28 (timestep=701)
🎯 GUIDANCE STEP 28 (t=701): Loss=0.6055, Rho=6.489446, Grad_norm=0.1541, Final_scale=64.8945
🚀 APPLYING GUIDANCE at step 29 (timestep=684)
🎯 GUIDANCE STEP 29 (t=684): Loss=0.6089, Rho=7.848794, Grad_norm=0.1274, Final_scale=78.4879
🚀 APPLYING GUIDANCE at step 30 (timestep=666)
🎯 GUIDANCE STEP 30 (t=666): Loss=0.6089, Rho=9.024160, Grad_norm=0.1108, Final_scale=90.2416
🚀 APPLYING GUIDANCE at step 31 (timestep=647)
🎯 GUIDANCE STEP 31 (t=647): Loss=0.6089, Rho=7.185205, Grad_norm=0.1392, Final_scale=71.8521
🚀 APPLYING GUIDANCE at step 32 (timestep=627)
🎯 GUIDANCE STEP 32 (t=627): Loss=0.6060, Rho=6.014935, Grad_norm=0.1663, Final_scale=60.1494
🚀 APPLYING GUIDANCE at step 33 (timestep=606)
🎯 GUIDANCE STEP 33 (t=606): Loss=0.6045, Rho=3.041937, Grad_norm=0.3287, Final_scale=30.4194
🚀 APPLYING GUIDANCE at step 34 (timestep=585)
🎯 GUIDANCE STEP 34 (t=585): Loss=0.6045, Rho=10.393106, Grad_norm=0.0962, Final_scale=103.9311
🚀 APPLYING GUIDANCE at step 35 (timestep=562)
🎯 GUIDANCE STEP 35 (t=562): Loss=0.6045, Rho=13.531834, Grad_norm=0.0739, Final_scale=135.3183
🚀 APPLYING GUIDANCE at step 36 (timestep=538)
🎯 GUIDANCE STEP 36 (t=538): Loss=0.6035, Rho=7.666245, Grad_norm=0.1304, Final_scale=76.6625
🚀 APPLYING GUIDANCE at step 37 (timestep=512)
🎯 GUIDANCE STEP 37 (t=512): Loss=0.6045, Rho=13.953468, Grad_norm=0.0717, Final_scale=139.5347
🚀 APPLYING GUIDANCE at step 38 (timestep=486)
🎯 GUIDANCE STEP 38 (t=486): Loss=0.6035, Rho=11.410805, Grad_norm=0.0876, Final_scale=114.1080
🚀 APPLYING GUIDANCE at step 39 (timestep=458)
🎯 GUIDANCE STEP 39 (t=458): Loss=0.6055, Rho=20.382061, Grad_norm=0.0491, Final_scale=203.8206
🚀 APPLYING GUIDANCE at step 40 (timestep=428)
🎯 GUIDANCE STEP 40 (t=428): Loss=0.6040, Rho=23.484800, Grad_norm=0.0426, Final_scale=234.8480
🚀 APPLYING GUIDANCE at step 41 (timestep=396)
🎯 GUIDANCE STEP 41 (t=396): Loss=0.6025, Rho=11.733059, Grad_norm=0.0852, Final_scale=117.3306
🚀 APPLYING GUIDANCE at step 42 (timestep=363)
🎯 GUIDANCE STEP 42 (t=363): Loss=0.6045, Rho=16.801603, Grad_norm=0.0595, Final_scale=168.0160
🚀 APPLYING GUIDANCE at step 43 (timestep=327)
🎯 GUIDANCE STEP 43 (t=327): Loss=0.6016, Rho=17.771927, Grad_norm=0.0563, Final_scale=177.7193
🚀 APPLYING GUIDANCE at step 44 (timestep=290)
🎯 GUIDANCE STEP 44 (t=290): Loss=0.6011, Rho=19.015476, Grad_norm=0.0526, Final_scale=190.1548
🚀 APPLYING GUIDANCE at step 45 (timestep=249)
🎯 GUIDANCE STEP 45 (t=249): Loss=0.6011, Rho=39.199745, Grad_norm=0.0255, Final_scale=391.9975
🚀 APPLYING GUIDANCE at step 46 (timestep=206)
🎯 GUIDANCE STEP 46 (t=206): Loss=0.5996, Rho=16.024055, Grad_norm=0.0624, Final_scale=160.2406
🚀 APPLYING GUIDANCE at step 47 (timestep=160)
🎯 GUIDANCE STEP 47 (t=160): Loss=0.5986, Rho=22.793144, Grad_norm=0.0439, Final_scale=227.9314
🚀 APPLYING GUIDANCE at step 48 (timestep=111)
🎯 GUIDANCE STEP 48 (t=111): Loss=0.5977, Rho=42.150562, Grad_norm=0.0237, Final_scale=421.5056
🚀 APPLYING GUIDANCE at step 49 (timestep=57)
🎯 GUIDANCE STEP 49 (t=57): Loss=0.5967, Rho=29.317417, Grad_norm=0.0341, Final_scale=293.1742
[guidance_f17_s50_w8c6_rho10.0_cfg5.0_0701_1458] Generated: generated_videos/subject_consistency/guidance_f17_s50_w8c6_rho10.0_cfg5.0_0701_1458/001_a_bicycle_accelerating_to_gain_speed.mp4
[guidance_f17_s50_w8c6_rho10.0_cfg5.0_0701_1458] Generating video 3/9 (guidance): a car stuck in traffic during rush hour
🎬 STARTING GUIDANCE PIPELINE GENERATION
   Frames: 17, Steps: 50, CFG Scale: 5.0

🔧 GUIDANCE PIPELINE CONFIGURATION:
   Guidance range: 0 - 1001
   Rho scale: 10.0
   V-JEPA kernel_size: 8
   V-JEPA context_length: 6
   V-JEPA stride: 2
   V-JEPA mode: max
   Total timesteps: 50

🚀 APPLYING GUIDANCE at step 0 (timestep=999)
🎯 GUIDANCE STEP 0 (t=999): Loss=0.6221, Rho=7.390111, Grad_norm=0.1353, Final_scale=73.9011
🚀 APPLYING GUIDANCE at step 1 (timestep=992)
🎯 GUIDANCE STEP 1 (t=992): Loss=0.6050, Rho=1.704352, Grad_norm=0.5867, Final_scale=17.0435
🚀 APPLYING GUIDANCE at step 2 (timestep=985)
🎯 GUIDANCE STEP 2 (t=985): Loss=0.5635, Rho=10.225958, Grad_norm=0.0978, Final_scale=102.2596
🚀 APPLYING GUIDANCE at step 3 (timestep=978)
🎯 GUIDANCE STEP 3 (t=978): Loss=0.5972, Rho=3.520579, Grad_norm=0.2840, Final_scale=35.2058
🚀 APPLYING GUIDANCE at step 4 (timestep=971)
🎯 GUIDANCE STEP 4 (t=971): Loss=0.6172, Rho=8.878072, Grad_norm=0.1126, Final_scale=88.7807
🚀 APPLYING GUIDANCE at step 5 (timestep=963)
🎯 GUIDANCE STEP 5 (t=963): Loss=0.6069, Rho=6.041525, Grad_norm=0.1655, Final_scale=60.4153
🚀 APPLYING GUIDANCE at step 6 (timestep=956)
🎯 GUIDANCE STEP 6 (t=956): Loss=0.6328, Rho=11.370683, Grad_norm=0.0879, Final_scale=113.7068
🚀 APPLYING GUIDANCE at step 7 (timestep=948)
🎯 GUIDANCE STEP 7 (t=948): Loss=0.6284, Rho=11.195299, Grad_norm=0.0893, Final_scale=111.9530
🚀 APPLYING GUIDANCE at step 8 (timestep=939)
🎯 GUIDANCE STEP 8 (t=939): Loss=0.6265, Rho=9.153034, Grad_norm=0.1093, Final_scale=91.5303
🚀 APPLYING GUIDANCE at step 9 (timestep=931)
🎯 GUIDANCE STEP 9 (t=931): Loss=0.6265, Rho=8.491612, Grad_norm=0.1178, Final_scale=84.9161
🚀 APPLYING GUIDANCE at step 10 (timestep=922)
🎯 GUIDANCE STEP 10 (t=922): Loss=0.6328, Rho=4.375165, Grad_norm=0.2286, Final_scale=43.7516
🚀 APPLYING GUIDANCE at step 11 (timestep=913)
🎯 GUIDANCE STEP 11 (t=913): Loss=0.6313, Rho=7.017762, Grad_norm=0.1425, Final_scale=70.1776
🚀 APPLYING GUIDANCE at step 12 (timestep=904)
🎯 GUIDANCE STEP 12 (t=904): Loss=0.6353, Rho=4.132426, Grad_norm=0.2420, Final_scale=41.3243
🚀 APPLYING GUIDANCE at step 13 (timestep=894)
🎯 GUIDANCE STEP 13 (t=894): Loss=0.6348, Rho=1.572096, Grad_norm=0.6361, Final_scale=15.7210
🚀 APPLYING GUIDANCE at step 14 (timestep=884)
🎯 GUIDANCE STEP 14 (t=884): Loss=0.6245, Rho=5.391763, Grad_norm=0.1855, Final_scale=53.9176
🚀 APPLYING GUIDANCE at step 15 (timestep=874)
🎯 GUIDANCE STEP 15 (t=874): Loss=0.6274, Rho=3.804092, Grad_norm=0.2629, Final_scale=38.0409
🚀 APPLYING GUIDANCE at step 16 (timestep=864)
🎯 GUIDANCE STEP 16 (t=864): Loss=0.6357, Rho=6.768516, Grad_norm=0.1477, Final_scale=67.6852
🚀 APPLYING GUIDANCE at step 17 (timestep=853)
🎯 GUIDANCE STEP 17 (t=853): Loss=0.6333, Rho=4.422579, Grad_norm=0.2261, Final_scale=44.2258
🚀 APPLYING GUIDANCE at step 18 (timestep=841)
🎯 GUIDANCE STEP 18 (t=841): Loss=0.6304, Rho=5.028660, Grad_norm=0.1989, Final_scale=50.2866
🚀 APPLYING GUIDANCE at step 19 (timestep=829)
🎯 GUIDANCE STEP 19 (t=829): Loss=0.6343, Rho=4.188082, Grad_norm=0.2388, Final_scale=41.8808
🚀 APPLYING GUIDANCE at step 20 (timestep=817)
🎯 GUIDANCE STEP 20 (t=817): Loss=0.6309, Rho=5.730912, Grad_norm=0.1745, Final_scale=57.3091
🚀 APPLYING GUIDANCE at step 21 (timestep=805)
🎯 GUIDANCE STEP 21 (t=805): Loss=0.6353, Rho=2.981949, Grad_norm=0.3354, Final_scale=29.8195
🚀 APPLYING GUIDANCE at step 22 (timestep=792)
🎯 GUIDANCE STEP 22 (t=792): Loss=0.6353, Rho=7.442451, Grad_norm=0.1344, Final_scale=74.4245
🚀 APPLYING GUIDANCE at step 23 (timestep=778)
🎯 GUIDANCE STEP 23 (t=778): Loss=0.6343, Rho=5.885985, Grad_norm=0.1699, Final_scale=58.8598
🚀 APPLYING GUIDANCE at step 24 (timestep=764)
🎯 GUIDANCE STEP 24 (t=764): Loss=0.6377, Rho=4.510640, Grad_norm=0.2217, Final_scale=45.1064
🚀 APPLYING GUIDANCE at step 25 (timestep=749)
🎯 GUIDANCE STEP 25 (t=749): Loss=0.6372, Rho=5.542491, Grad_norm=0.1804, Final_scale=55.4249
🚀 APPLYING GUIDANCE at step 26 (timestep=734)
🎯 GUIDANCE STEP 26 (t=734): Loss=0.6387, Rho=4.220541, Grad_norm=0.2369, Final_scale=42.2054
🚀 APPLYING GUIDANCE at step 27 (timestep=718)
🎯 GUIDANCE STEP 27 (t=718): Loss=0.6338, Rho=6.959780, Grad_norm=0.1437, Final_scale=69.5978
🚀 APPLYING GUIDANCE at step 28 (timestep=701)
🎯 GUIDANCE STEP 28 (t=701): Loss=0.6348, Rho=13.694711, Grad_norm=0.0730, Final_scale=136.9471
🚀 APPLYING GUIDANCE at step 29 (timestep=684)
🎯 GUIDANCE STEP 29 (t=684): Loss=0.6328, Rho=0.524613, Grad_norm=1.9062, Final_scale=5.2461
🚀 APPLYING GUIDANCE at step 30 (timestep=666)
🎯 GUIDANCE STEP 30 (t=666): Loss=0.6323, Rho=8.143147, Grad_norm=0.1228, Final_scale=81.4315
🚀 APPLYING GUIDANCE at step 31 (timestep=647)
🎯 GUIDANCE STEP 31 (t=647): Loss=0.6318, Rho=4.832780, Grad_norm=0.2069, Final_scale=48.3278
🚀 APPLYING GUIDANCE at step 32 (timestep=627)
🎯 GUIDANCE STEP 32 (t=627): Loss=0.6323, Rho=13.639829, Grad_norm=0.0733, Final_scale=136.3983
🚀 APPLYING GUIDANCE at step 33 (timestep=606)
🎯 GUIDANCE STEP 33 (t=606): Loss=0.6304, Rho=7.132680, Grad_norm=0.1402, Final_scale=71.3268
🚀 APPLYING GUIDANCE at step 34 (timestep=585)
🎯 GUIDANCE STEP 34 (t=585): Loss=0.6343, Rho=22.325758, Grad_norm=0.0448, Final_scale=223.2576
🚀 APPLYING GUIDANCE at step 35 (timestep=562)
🎯 GUIDANCE STEP 35 (t=562): Loss=0.6323, Rho=25.352926, Grad_norm=0.0394, Final_scale=253.5293
🚀 APPLYING GUIDANCE at step 36 (timestep=538)
🎯 GUIDANCE STEP 36 (t=538): Loss=0.6304, Rho=15.823291, Grad_norm=0.0632, Final_scale=158.2329
🚀 APPLYING GUIDANCE at step 37 (timestep=512)
🎯 GUIDANCE STEP 37 (t=512): Loss=0.6343, Rho=11.491603, Grad_norm=0.0870, Final_scale=114.9160
🚀 APPLYING GUIDANCE at step 38 (timestep=486)
🎯 GUIDANCE STEP 38 (t=486): Loss=0.6318, Rho=27.745026, Grad_norm=0.0360, Final_scale=277.4503
🚀 APPLYING GUIDANCE at step 39 (timestep=458)
🎯 GUIDANCE STEP 39 (t=458): Loss=0.6255, Rho=29.287771, Grad_norm=0.0341, Final_scale=292.8777
🚀 APPLYING GUIDANCE at step 40 (timestep=428)
🎯 GUIDANCE STEP 40 (t=428): Loss=0.6255, Rho=27.774973, Grad_norm=0.0360, Final_scale=277.7497
🚀 APPLYING GUIDANCE at step 41 (timestep=396)
🎯 GUIDANCE STEP 41 (t=396): Loss=0.6265, Rho=6.462641, Grad_norm=0.1547, Final_scale=64.6264
🚀 APPLYING GUIDANCE at step 42 (timestep=363)
🎯 GUIDANCE STEP 42 (t=363): Loss=0.6235, Rho=7.370194, Grad_norm=0.1357, Final_scale=73.7019
🚀 APPLYING GUIDANCE at step 43 (timestep=327)
🎯 GUIDANCE STEP 43 (t=327): Loss=0.6250, Rho=19.672968, Grad_norm=0.0508, Final_scale=196.7297
🚀 APPLYING GUIDANCE at step 44 (timestep=290)
🎯 GUIDANCE STEP 44 (t=290): Loss=0.6255, Rho=9.158107, Grad_norm=0.1092, Final_scale=91.5811
🚀 APPLYING GUIDANCE at step 45 (timestep=249)
🎯 GUIDANCE STEP 45 (t=249): Loss=0.6274, Rho=34.915371, Grad_norm=0.0286, Final_scale=349.1537
🚀 APPLYING GUIDANCE at step 46 (timestep=206)
🎯 GUIDANCE STEP 46 (t=206): Loss=0.6226, Rho=29.160677, Grad_norm=0.0343, Final_scale=291.6068
🚀 APPLYING GUIDANCE at step 47 (timestep=160)
🎯 GUIDANCE STEP 47 (t=160): Loss=0.6255, Rho=17.245935, Grad_norm=0.0580, Final_scale=172.4594
🚀 APPLYING GUIDANCE at step 48 (timestep=111)
🎯 GUIDANCE STEP 48 (t=111): Loss=0.6221, Rho=20.907837, Grad_norm=0.0478, Final_scale=209.0784
🚀 APPLYING GUIDANCE at step 49 (timestep=57)
🎯 GUIDANCE STEP 49 (t=57): Loss=0.6191, Rho=30.117907, Grad_norm=0.0332, Final_scale=301.1791
[guidance_f17_s50_w8c6_rho10.0_cfg5.0_0701_1458] Generated: generated_videos/subject_consistency/guidance_f17_s50_w8c6_rho10.0_cfg5.0_0701_1458/001_a_bear_climbing_a_tree.mp4
[guidance_f17_s50_w8c6_rho10.0_cfg5.0_0701_1458] Generating video 3/9 (guidance): a bear hunting for prey
🎬 STARTING GUIDANCE PIPELINE GENERATION
   Frames: 17, Steps: 50, CFG Scale: 5.0

🔧 GUIDANCE PIPELINE CONFIGURATION:
   Guidance range: 0 - 1001
   Rho scale: 10.0
   V-JEPA kernel_size: 8
   V-JEPA context_length: 6
   V-JEPA stride: 2
   V-JEPA mode: max
   Total timesteps: 50

🚀 APPLYING GUIDANCE at step 0 (timestep=999)
🎯 GUIDANCE STEP 0 (t=999): Loss=0.5674, Rho=5.137488, Grad_norm=0.1946, Final_scale=51.3749
🚀 APPLYING GUIDANCE at step 1 (timestep=992)
🎯 GUIDANCE STEP 1 (t=992): Loss=0.5376, Rho=25.544960, Grad_norm=0.0391, Final_scale=255.4496
🚀 APPLYING GUIDANCE at step 2 (timestep=985)
🎯 GUIDANCE STEP 2 (t=985): Loss=0.5400, Rho=23.696238, Grad_norm=0.0422, Final_scale=236.9624
🚀 APPLYING GUIDANCE at step 3 (timestep=978)
🎯 GUIDANCE STEP 3 (t=978): Loss=0.5420, Rho=18.081974, Grad_norm=0.0553, Final_scale=180.8197
🚀 APPLYING GUIDANCE at step 4 (timestep=971)
🎯 GUIDANCE STEP 4 (t=971): Loss=0.5571, Rho=16.560095, Grad_norm=0.0604, Final_scale=165.6009
🚀 APPLYING GUIDANCE at step 5 (timestep=963)
🎯 GUIDANCE STEP 5 (t=963): Loss=0.5591, Rho=13.441356, Grad_norm=0.0744, Final_scale=134.4136
🚀 APPLYING GUIDANCE at step 6 (timestep=956)
🎯 GUIDANCE STEP 6 (t=956): Loss=0.5728, Rho=6.167107, Grad_norm=0.1622, Final_scale=61.6711
🚀 APPLYING GUIDANCE at step 7 (timestep=948)
🎯 GUIDANCE STEP 7 (t=948): Loss=0.6011, Rho=15.384331, Grad_norm=0.0650, Final_scale=153.8433
🚀 APPLYING GUIDANCE at step 8 (timestep=939)
🎯 GUIDANCE STEP 8 (t=939): Loss=0.6055, Rho=14.969769, Grad_norm=0.0668, Final_scale=149.6977
🚀 APPLYING GUIDANCE at step 9 (timestep=931)
🎯 GUIDANCE STEP 9 (t=931): Loss=0.6074, Rho=9.586195, Grad_norm=0.1043, Final_scale=95.8619
🚀 APPLYING GUIDANCE at step 10 (timestep=922)
🎯 GUIDANCE STEP 10 (t=922): Loss=0.6069, Rho=6.462639, Grad_norm=0.1547, Final_scale=64.6264
🚀 APPLYING GUIDANCE at step 11 (timestep=913)
🎯 GUIDANCE STEP 11 (t=913): Loss=0.6182, Rho=2.385665, Grad_norm=0.4192, Final_scale=23.8566
🚀 APPLYING GUIDANCE at step 12 (timestep=904)
🎯 GUIDANCE STEP 12 (t=904): Loss=0.6240, Rho=3.361375, Grad_norm=0.2975, Final_scale=33.6137
🚀 APPLYING GUIDANCE at step 13 (timestep=894)
🎯 GUIDANCE STEP 13 (t=894): Loss=0.6191, Rho=4.025811, Grad_norm=0.2484, Final_scale=40.2581
🚀 APPLYING GUIDANCE at step 14 (timestep=884)
🎯 GUIDANCE STEP 14 (t=884): Loss=0.6187, Rho=4.727513, Grad_norm=0.2115, Final_scale=47.2751
🚀 APPLYING GUIDANCE at step 15 (timestep=874)
🎯 GUIDANCE STEP 15 (t=874): Loss=0.6211, Rho=2.146409, Grad_norm=0.4659, Final_scale=21.4641
🚀 APPLYING GUIDANCE at step 16 (timestep=864)
🎯 GUIDANCE STEP 16 (t=864): Loss=0.6245, Rho=6.762344, Grad_norm=0.1479, Final_scale=67.6234
🚀 APPLYING GUIDANCE at step 17 (timestep=853)
🎯 GUIDANCE STEP 17 (t=853): Loss=0.6250, Rho=5.112178, Grad_norm=0.1956, Final_scale=51.1218
🚀 APPLYING GUIDANCE at step 18 (timestep=841)
🎯 GUIDANCE STEP 18 (t=841): Loss=0.6270, Rho=3.944925, Grad_norm=0.2535, Final_scale=39.4492
🚀 APPLYING GUIDANCE at step 19 (timestep=829)
🎯 GUIDANCE STEP 19 (t=829): Loss=0.6279, Rho=2.271608, Grad_norm=0.4402, Final_scale=22.7161
🚀 APPLYING GUIDANCE at step 20 (timestep=817)
🎯 GUIDANCE STEP 20 (t=817): Loss=0.6274, Rho=1.148436, Grad_norm=0.8707, Final_scale=11.4844
🚀 APPLYING GUIDANCE at step 21 (timestep=805)
🎯 GUIDANCE STEP 21 (t=805): Loss=0.6323, Rho=6.985723, Grad_norm=0.1431, Final_scale=69.8572
🚀 APPLYING GUIDANCE at step 22 (timestep=792)
🎯 GUIDANCE STEP 22 (t=792): Loss=0.6240, Rho=6.487148, Grad_norm=0.1542, Final_scale=64.8715
🚀 APPLYING GUIDANCE at step 23 (timestep=778)
🎯 GUIDANCE STEP 23 (t=778): Loss=0.6265, Rho=5.729692, Grad_norm=0.1745, Final_scale=57.2969
🚀 APPLYING GUIDANCE at step 24 (timestep=764)
🎯 GUIDANCE STEP 24 (t=764): Loss=0.6250, Rho=6.563780, Grad_norm=0.1524, Final_scale=65.6378
🚀 APPLYING GUIDANCE at step 25 (timestep=749)
🎯 GUIDANCE STEP 25 (t=749): Loss=0.6255, Rho=1.575577, Grad_norm=0.6347, Final_scale=15.7558
🚀 APPLYING GUIDANCE at step 26 (timestep=734)
🎯 GUIDANCE STEP 26 (t=734): Loss=0.6201, Rho=4.757725, Grad_norm=0.2102, Final_scale=47.5773
🚀 APPLYING GUIDANCE at step 27 (timestep=718)
🎯 GUIDANCE STEP 27 (t=718): Loss=0.6216, Rho=8.606097, Grad_norm=0.1162, Final_scale=86.0610
🚀 APPLYING GUIDANCE at step 28 (timestep=701)
🎯 GUIDANCE STEP 28 (t=701): Loss=0.6196, Rho=6.762669, Grad_norm=0.1479, Final_scale=67.6267
🚀 APPLYING GUIDANCE at step 29 (timestep=684)
🎯 GUIDANCE STEP 29 (t=684): Loss=0.6230, Rho=5.927769, Grad_norm=0.1687, Final_scale=59.2777
🚀 APPLYING GUIDANCE at step 30 (timestep=666)
🎯 GUIDANCE STEP 30 (t=666): Loss=0.6206, Rho=6.305048, Grad_norm=0.1586, Final_scale=63.0505
🚀 APPLYING GUIDANCE at step 31 (timestep=647)
🎯 GUIDANCE STEP 31 (t=647): Loss=0.6265, Rho=9.440991, Grad_norm=0.1059, Final_scale=94.4099
🚀 APPLYING GUIDANCE at step 32 (timestep=627)
🎯 GUIDANCE STEP 32 (t=627): Loss=0.6226, Rho=1.576617, Grad_norm=0.6343, Final_scale=15.7662
🚀 APPLYING GUIDANCE at step 33 (timestep=606)
🎯 GUIDANCE STEP 33 (t=606): Loss=0.6206, Rho=7.547057, Grad_norm=0.1325, Final_scale=75.4706
🚀 APPLYING GUIDANCE at step 34 (timestep=585)
🎯 GUIDANCE STEP 34 (t=585): Loss=0.6162, Rho=5.736772, Grad_norm=0.1743, Final_scale=57.3677
🚀 APPLYING GUIDANCE at step 35 (timestep=562)
🎯 GUIDANCE STEP 35 (t=562): Loss=0.6191, Rho=5.271913, Grad_norm=0.1897, Final_scale=52.7191
🚀 APPLYING GUIDANCE at step 36 (timestep=538)
🎯 GUIDANCE STEP 36 (t=538): Loss=0.6187, Rho=10.157167, Grad_norm=0.0985, Final_scale=101.5717
🚀 APPLYING GUIDANCE at step 37 (timestep=512)
🎯 GUIDANCE STEP 37 (t=512): Loss=0.6216, Rho=12.794113, Grad_norm=0.0782, Final_scale=127.9411
🚀 APPLYING GUIDANCE at step 38 (timestep=486)
🎯 GUIDANCE STEP 38 (t=486): Loss=0.6196, Rho=10.426182, Grad_norm=0.0959, Final_scale=104.2618
🚀 APPLYING GUIDANCE at step 39 (timestep=458)
🎯 GUIDANCE STEP 39 (t=458): Loss=0.6187, Rho=12.130827, Grad_norm=0.0824, Final_scale=121.3083
🚀 APPLYING GUIDANCE at step 40 (timestep=428)
🎯 GUIDANCE STEP 40 (t=428): Loss=0.6147, Rho=3.221990, Grad_norm=0.3104, Final_scale=32.2199
🚀 APPLYING GUIDANCE at step 41 (timestep=396)
🎯 GUIDANCE STEP 41 (t=396): Loss=0.6177, Rho=8.679740, Grad_norm=0.1152, Final_scale=86.7974
🚀 APPLYING GUIDANCE at step 42 (timestep=363)
🎯 GUIDANCE STEP 42 (t=363): Loss=0.6172, Rho=13.490083, Grad_norm=0.0741, Final_scale=134.9008
🚀 APPLYING GUIDANCE at step 43 (timestep=327)
🎯 GUIDANCE STEP 43 (t=327): Loss=0.6177, Rho=14.875313, Grad_norm=0.0672, Final_scale=148.7531
🚀 APPLYING GUIDANCE at step 44 (timestep=290)
🎯 GUIDANCE STEP 44 (t=290): Loss=0.6187, Rho=12.576591, Grad_norm=0.0795, Final_scale=125.7659
🚀 APPLYING GUIDANCE at step 45 (timestep=249)
🎯 GUIDANCE STEP 45 (t=249): Loss=0.6128, Rho=9.947048, Grad_norm=0.1005, Final_scale=99.4705
🚀 APPLYING GUIDANCE at step 46 (timestep=206)
🎯 GUIDANCE STEP 46 (t=206): Loss=0.6167, Rho=4.925351, Grad_norm=0.2030, Final_scale=49.2535
🚀 APPLYING GUIDANCE at step 47 (timestep=160)
🎯 GUIDANCE STEP 47 (t=160): Loss=0.6147, Rho=9.014040, Grad_norm=0.1109, Final_scale=90.1404
🚀 APPLYING GUIDANCE at step 48 (timestep=111)
🎯 GUIDANCE STEP 48 (t=111): Loss=0.6147, Rho=6.538482, Grad_norm=0.1529, Final_scale=65.3848
🚀 APPLYING GUIDANCE at step 49 (timestep=57)
🎯 GUIDANCE STEP 49 (t=57): Loss=0.6152, Rho=10.875656, Grad_norm=0.0919, Final_scale=108.7566
[guidance_f17_s50_w8c6_rho10.0_cfg5.0_0701_1458] Generated: generated_videos/subject_consistency/guidance_f17_s50_w8c6_rho10.0_cfg5.0_0701_1458/001_a_train_crossing_over_a_tall_bridge.mp4
[guidance_f17_s50_w8c6_rho10.0_cfg5.0_0701_1458] Generating video 3/9 (guidance): a train accelerating to gain speed
🎬 STARTING GUIDANCE PIPELINE GENERATION
   Frames: 17, Steps: 50, CFG Scale: 5.0

🔧 GUIDANCE PIPELINE CONFIGURATION:
   Guidance range: 0 - 1001
   Rho scale: 10.0
   V-JEPA kernel_size: 8
   V-JEPA context_length: 6
   V-JEPA stride: 2
   V-JEPA mode: max
   Total timesteps: 50

🚀 APPLYING GUIDANCE at step 0 (timestep=999)
🎯 GUIDANCE STEP 0 (t=999): Loss=0.5967, Rho=13.905400, Grad_norm=0.0719, Final_scale=139.0540
🚀 APPLYING GUIDANCE at step 1 (timestep=992)
🎯 GUIDANCE STEP 1 (t=992): Loss=0.6162, Rho=8.513325, Grad_norm=0.1175, Final_scale=85.1332
🚀 APPLYING GUIDANCE at step 2 (timestep=985)
🎯 GUIDANCE STEP 2 (t=985): Loss=0.6030, Rho=7.998746, Grad_norm=0.1250, Final_scale=79.9875
🚀 APPLYING GUIDANCE at step 3 (timestep=978)
🎯 GUIDANCE STEP 3 (t=978): Loss=0.6177, Rho=12.191286, Grad_norm=0.0820, Final_scale=121.9129
🚀 APPLYING GUIDANCE at step 4 (timestep=971)
🎯 GUIDANCE STEP 4 (t=971): Loss=0.6279, Rho=5.171438, Grad_norm=0.1934, Final_scale=51.7144
🚀 APPLYING GUIDANCE at step 5 (timestep=963)
🎯 GUIDANCE STEP 5 (t=963): Loss=0.6279, Rho=5.430376, Grad_norm=0.1841, Final_scale=54.3038
🚀 APPLYING GUIDANCE at step 6 (timestep=956)
🎯 GUIDANCE STEP 6 (t=956): Loss=0.6274, Rho=11.756082, Grad_norm=0.0851, Final_scale=117.5608
🚀 APPLYING GUIDANCE at step 7 (timestep=948)
🎯 GUIDANCE STEP 7 (t=948): Loss=0.6333, Rho=10.025664, Grad_norm=0.0997, Final_scale=100.2566
🚀 APPLYING GUIDANCE at step 8 (timestep=939)
🎯 GUIDANCE STEP 8 (t=939): Loss=0.6294, Rho=8.935014, Grad_norm=0.1119, Final_scale=89.3501
🚀 APPLYING GUIDANCE at step 9 (timestep=931)
🎯 GUIDANCE STEP 9 (t=931): Loss=0.6348, Rho=1.931391, Grad_norm=0.5178, Final_scale=19.3139
🚀 APPLYING GUIDANCE at step 10 (timestep=922)
🎯 GUIDANCE STEP 10 (t=922): Loss=0.6348, Rho=11.719926, Grad_norm=0.0853, Final_scale=117.1993
🚀 APPLYING GUIDANCE at step 11 (timestep=913)
🎯 GUIDANCE STEP 11 (t=913): Loss=0.6250, Rho=7.646801, Grad_norm=0.1308, Final_scale=76.4680
🚀 APPLYING GUIDANCE at step 12 (timestep=904)
🎯 GUIDANCE STEP 12 (t=904): Loss=0.6348, Rho=7.443642, Grad_norm=0.1343, Final_scale=74.4364
🚀 APPLYING GUIDANCE at step 13 (timestep=894)
🎯 GUIDANCE STEP 13 (t=894): Loss=0.6284, Rho=13.700268, Grad_norm=0.0730, Final_scale=137.0027
🚀 APPLYING GUIDANCE at step 14 (timestep=884)
🎯 GUIDANCE STEP 14 (t=884): Loss=0.6250, Rho=5.858232, Grad_norm=0.1707, Final_scale=58.5823
🚀 APPLYING GUIDANCE at step 15 (timestep=874)
🎯 GUIDANCE STEP 15 (t=874): Loss=0.6265, Rho=8.424729, Grad_norm=0.1187, Final_scale=84.2473
🚀 APPLYING GUIDANCE at step 16 (timestep=864)
🎯 GUIDANCE STEP 16 (t=864): Loss=0.6270, Rho=8.393339, Grad_norm=0.1191, Final_scale=83.9334
🚀 APPLYING GUIDANCE at step 17 (timestep=853)
🎯 GUIDANCE STEP 17 (t=853): Loss=0.6304, Rho=14.241408, Grad_norm=0.0702, Final_scale=142.4141
🚀 APPLYING GUIDANCE at step 18 (timestep=841)
🎯 GUIDANCE STEP 18 (t=841): Loss=0.6265, Rho=2.991783, Grad_norm=0.3342, Final_scale=29.9178
🚀 APPLYING GUIDANCE at step 19 (timestep=829)
🎯 GUIDANCE STEP 19 (t=829): Loss=0.6304, Rho=12.130219, Grad_norm=0.0824, Final_scale=121.3022
🚀 APPLYING GUIDANCE at step 20 (timestep=817)
🎯 GUIDANCE STEP 20 (t=817): Loss=0.6270, Rho=10.577494, Grad_norm=0.0945, Final_scale=105.7749
🚀 APPLYING GUIDANCE at step 21 (timestep=805)
🎯 GUIDANCE STEP 21 (t=805): Loss=0.6265, Rho=6.548407, Grad_norm=0.1527, Final_scale=65.4841
🚀 APPLYING GUIDANCE at step 22 (timestep=792)
🎯 GUIDANCE STEP 22 (t=792): Loss=0.6279, Rho=8.875648, Grad_norm=0.1127, Final_scale=88.7565
🚀 APPLYING GUIDANCE at step 23 (timestep=778)
🎯 GUIDANCE STEP 23 (t=778): Loss=0.6240, Rho=10.058198, Grad_norm=0.0994, Final_scale=100.5820
🚀 APPLYING GUIDANCE at step 24 (timestep=764)
🎯 GUIDANCE STEP 24 (t=764): Loss=0.6265, Rho=27.751772, Grad_norm=0.0360, Final_scale=277.5177
🚀 APPLYING GUIDANCE at step 25 (timestep=749)
🎯 GUIDANCE STEP 25 (t=749): Loss=0.6265, Rho=14.908769, Grad_norm=0.0671, Final_scale=149.0877
🚀 APPLYING GUIDANCE at step 26 (timestep=734)
🎯 GUIDANCE STEP 26 (t=734): Loss=0.6265, Rho=27.103848, Grad_norm=0.0369, Final_scale=271.0385
🚀 APPLYING GUIDANCE at step 27 (timestep=718)
🎯 GUIDANCE STEP 27 (t=718): Loss=0.6284, Rho=21.090055, Grad_norm=0.0474, Final_scale=210.9006
🚀 APPLYING GUIDANCE at step 28 (timestep=701)
🎯 GUIDANCE STEP 28 (t=701): Loss=0.6270, Rho=12.990514, Grad_norm=0.0770, Final_scale=129.9051
🚀 APPLYING GUIDANCE at step 29 (timestep=684)
🎯 GUIDANCE STEP 29 (t=684): Loss=0.6265, Rho=27.193676, Grad_norm=0.0368, Final_scale=271.9368
🚀 APPLYING GUIDANCE at step 30 (timestep=666)
🎯 GUIDANCE STEP 30 (t=666): Loss=0.6245, Rho=22.131889, Grad_norm=0.0452, Final_scale=221.3189
🚀 APPLYING GUIDANCE at step 31 (timestep=647)
🎯 GUIDANCE STEP 31 (t=647): Loss=0.6255, Rho=24.481314, Grad_norm=0.0408, Final_scale=244.8131
🚀 APPLYING GUIDANCE at step 32 (timestep=627)
🎯 GUIDANCE STEP 32 (t=627): Loss=0.6284, Rho=13.561004, Grad_norm=0.0737, Final_scale=135.6100
🚀 APPLYING GUIDANCE at step 33 (timestep=606)
🎯 GUIDANCE STEP 33 (t=606): Loss=0.6270, Rho=23.636007, Grad_norm=0.0423, Final_scale=236.3601
🚀 APPLYING GUIDANCE at step 34 (timestep=585)
🎯 GUIDANCE STEP 34 (t=585): Loss=0.6274, Rho=44.808189, Grad_norm=0.0223, Final_scale=448.0819
🚀 APPLYING GUIDANCE at step 35 (timestep=562)
🎯 GUIDANCE STEP 35 (t=562): Loss=0.6284, Rho=33.304134, Grad_norm=0.0300, Final_scale=333.0413
🚀 APPLYING GUIDANCE at step 36 (timestep=538)
🎯 GUIDANCE STEP 36 (t=538): Loss=0.6274, Rho=6.892689, Grad_norm=0.1451, Final_scale=68.9269
🚀 APPLYING GUIDANCE at step 37 (timestep=512)
🎯 GUIDANCE STEP 37 (t=512): Loss=0.6289, Rho=44.752384, Grad_norm=0.0223, Final_scale=447.5238
🚀 APPLYING GUIDANCE at step 38 (timestep=486)
🎯 GUIDANCE STEP 38 (t=486): Loss=0.6260, Rho=14.535750, Grad_norm=0.0688, Final_scale=145.3575
🚀 APPLYING GUIDANCE at step 39 (timestep=458)
🎯 GUIDANCE STEP 39 (t=458): Loss=0.6294, Rho=27.468332, Grad_norm=0.0364, Final_scale=274.6833
🚀 APPLYING GUIDANCE at step 40 (timestep=428)
🎯 GUIDANCE STEP 40 (t=428): Loss=0.6270, Rho=66.391266, Grad_norm=0.0151, Final_scale=663.9127
🚀 APPLYING GUIDANCE at step 41 (timestep=396)
🎯 GUIDANCE STEP 41 (t=396): Loss=0.6265, Rho=33.113911, Grad_norm=0.0302, Final_scale=331.1391
🚀 APPLYING GUIDANCE at step 42 (timestep=363)
🎯 GUIDANCE STEP 42 (t=363): Loss=0.6284, Rho=75.364738, Grad_norm=0.0133, Final_scale=753.6474
🚀 APPLYING GUIDANCE at step 43 (timestep=327)
🎯 GUIDANCE STEP 43 (t=327): Loss=0.6255, Rho=27.259880, Grad_norm=0.0367, Final_scale=272.5988
🚀 APPLYING GUIDANCE at step 44 (timestep=290)
🎯 GUIDANCE STEP 44 (t=290): Loss=0.6270, Rho=53.637650, Grad_norm=0.0186, Final_scale=536.3765
🚀 APPLYING GUIDANCE at step 45 (timestep=249)
🎯 GUIDANCE STEP 45 (t=249): Loss=0.6245, Rho=40.970829, Grad_norm=0.0244, Final_scale=409.7083
🚀 APPLYING GUIDANCE at step 46 (timestep=206)
🎯 GUIDANCE STEP 46 (t=206): Loss=0.6270, Rho=100.980873, Grad_norm=0.0099, Final_scale=1009.8087
🚀 APPLYING GUIDANCE at step 47 (timestep=160)
🎯 GUIDANCE STEP 47 (t=160): Loss=0.6230, Rho=57.434761, Grad_norm=0.0174, Final_scale=574.3476
🚀 APPLYING GUIDANCE at step 48 (timestep=111)
🎯 GUIDANCE STEP 48 (t=111): Loss=0.6226, Rho=54.165138, Grad_norm=0.0185, Final_scale=541.6514
🚀 APPLYING GUIDANCE at step 49 (timestep=57)
🎯 GUIDANCE STEP 49 (t=57): Loss=0.6230, Rho=40.577522, Grad_norm=0.0246, Final_scale=405.7752
[guidance_f17_s50_w8c6_rho10.0_cfg5.0_0701_1458] Generated: generated_videos/subject_consistency/guidance_f17_s50_w8c6_rho10.0_cfg5.0_0701_1458/001_a_motorcycle_accelerating_to_gain_speed.mp4
[guidance_f17_s50_w8c6_rho10.0_cfg5.0_0701_1458] Generating video 3/9 (guidance): an airplane soaring through a clear blue sky
🎬 STARTING GUIDANCE PIPELINE GENERATION
   Frames: 17, Steps: 50, CFG Scale: 5.0

🔧 GUIDANCE PIPELINE CONFIGURATION:
   Guidance range: 0 - 1001
   Rho scale: 10.0
   V-JEPA kernel_size: 8
   V-JEPA context_length: 6
   V-JEPA stride: 2
   V-JEPA mode: max
   Total timesteps: 50

🚀 APPLYING GUIDANCE at step 0 (timestep=999)
🎯 GUIDANCE STEP 0 (t=999): Loss=0.5400, Rho=28.752298, Grad_norm=0.0348, Final_scale=287.5230
🚀 APPLYING GUIDANCE at step 1 (timestep=992)
🎯 GUIDANCE STEP 1 (t=992): Loss=0.5757, Rho=8.979387, Grad_norm=0.1114, Final_scale=89.7939
🚀 APPLYING GUIDANCE at step 2 (timestep=985)
🎯 GUIDANCE STEP 2 (t=985): Loss=0.5918, Rho=9.606626, Grad_norm=0.1041, Final_scale=96.0663
🚀 APPLYING GUIDANCE at step 3 (timestep=978)
🎯 GUIDANCE STEP 3 (t=978): Loss=0.6030, Rho=14.556349, Grad_norm=0.0687, Final_scale=145.5635
🚀 APPLYING GUIDANCE at step 4 (timestep=971)
🎯 GUIDANCE STEP 4 (t=971): Loss=0.6274, Rho=6.680244, Grad_norm=0.1497, Final_scale=66.8024
🚀 APPLYING GUIDANCE at step 5 (timestep=963)
🎯 GUIDANCE STEP 5 (t=963): Loss=0.6182, Rho=5.382284, Grad_norm=0.1858, Final_scale=53.8228
🚀 APPLYING GUIDANCE at step 6 (timestep=956)
🎯 GUIDANCE STEP 6 (t=956): Loss=0.6235, Rho=4.430814, Grad_norm=0.2257, Final_scale=44.3081
🚀 APPLYING GUIDANCE at step 7 (timestep=948)
🎯 GUIDANCE STEP 7 (t=948): Loss=0.6255, Rho=8.051144, Grad_norm=0.1242, Final_scale=80.5114
🚀 APPLYING GUIDANCE at step 8 (timestep=939)
🎯 GUIDANCE STEP 8 (t=939): Loss=0.6211, Rho=8.337231, Grad_norm=0.1199, Final_scale=83.3723
🚀 APPLYING GUIDANCE at step 9 (timestep=931)
🎯 GUIDANCE STEP 9 (t=931): Loss=0.6299, Rho=7.137963, Grad_norm=0.1401, Final_scale=71.3796
🚀 APPLYING GUIDANCE at step 10 (timestep=922)
🎯 GUIDANCE STEP 10 (t=922): Loss=0.6270, Rho=1.480323, Grad_norm=0.6755, Final_scale=14.8032
🚀 APPLYING GUIDANCE at step 11 (timestep=913)
🎯 GUIDANCE STEP 11 (t=913): Loss=0.6250, Rho=5.630021, Grad_norm=0.1776, Final_scale=56.3002
🚀 APPLYING GUIDANCE at step 12 (timestep=904)
🎯 GUIDANCE STEP 12 (t=904): Loss=0.6245, Rho=7.858734, Grad_norm=0.1272, Final_scale=78.5873
🚀 APPLYING GUIDANCE at step 13 (timestep=894)
🎯 GUIDANCE STEP 13 (t=894): Loss=0.6284, Rho=10.912165, Grad_norm=0.0916, Final_scale=109.1216
🚀 APPLYING GUIDANCE at step 14 (timestep=884)
🎯 GUIDANCE STEP 14 (t=884): Loss=0.6299, Rho=2.464510, Grad_norm=0.4058, Final_scale=24.6451
🚀 APPLYING GUIDANCE at step 15 (timestep=874)
🎯 GUIDANCE STEP 15 (t=874): Loss=0.6294, Rho=10.112555, Grad_norm=0.0989, Final_scale=101.1255
🚀 APPLYING GUIDANCE at step 16 (timestep=864)
🎯 GUIDANCE STEP 16 (t=864): Loss=0.6245, Rho=8.190083, Grad_norm=0.1221, Final_scale=81.9008
🚀 APPLYING GUIDANCE at step 17 (timestep=853)
🎯 GUIDANCE STEP 17 (t=853): Loss=0.6274, Rho=4.992441, Grad_norm=0.2003, Final_scale=49.9244
🚀 APPLYING GUIDANCE at step 18 (timestep=841)
🎯 GUIDANCE STEP 18 (t=841): Loss=0.6240, Rho=8.457234, Grad_norm=0.1182, Final_scale=84.5723
🚀 APPLYING GUIDANCE at step 19 (timestep=829)
🎯 GUIDANCE STEP 19 (t=829): Loss=0.6191, Rho=5.740064, Grad_norm=0.1742, Final_scale=57.4006
🚀 APPLYING GUIDANCE at step 20 (timestep=817)
🎯 GUIDANCE STEP 20 (t=817): Loss=0.6226, Rho=10.680537, Grad_norm=0.0936, Final_scale=106.8054
🚀 APPLYING GUIDANCE at step 21 (timestep=805)
🎯 GUIDANCE STEP 21 (t=805): Loss=0.6211, Rho=7.270092, Grad_norm=0.1375, Final_scale=72.7009
🚀 APPLYING GUIDANCE at step 22 (timestep=792)
🎯 GUIDANCE STEP 22 (t=792): Loss=0.6211, Rho=7.938558, Grad_norm=0.1260, Final_scale=79.3856
🚀 APPLYING GUIDANCE at step 23 (timestep=778)
🎯 GUIDANCE STEP 23 (t=778): Loss=0.6226, Rho=2.417644, Grad_norm=0.4136, Final_scale=24.1764
🚀 APPLYING GUIDANCE at step 24 (timestep=764)
🎯 GUIDANCE STEP 24 (t=764): Loss=0.6270, Rho=9.380116, Grad_norm=0.1066, Final_scale=93.8012
🚀 APPLYING GUIDANCE at step 25 (timestep=749)
🎯 GUIDANCE STEP 25 (t=749): Loss=0.6250, Rho=3.920070, Grad_norm=0.2551, Final_scale=39.2007
🚀 APPLYING GUIDANCE at step 26 (timestep=734)
🎯 GUIDANCE STEP 26 (t=734): Loss=0.6279, Rho=14.121785, Grad_norm=0.0708, Final_scale=141.2179
🚀 APPLYING GUIDANCE at step 27 (timestep=718)
🎯 GUIDANCE STEP 27 (t=718): Loss=0.6255, Rho=12.704969, Grad_norm=0.0787, Final_scale=127.0497
🚀 APPLYING GUIDANCE at step 28 (timestep=701)
🎯 GUIDANCE STEP 28 (t=701): Loss=0.6270, Rho=22.108088, Grad_norm=0.0452, Final_scale=221.0809
🚀 APPLYING GUIDANCE at step 29 (timestep=684)
🎯 GUIDANCE STEP 29 (t=684): Loss=0.6230, Rho=11.367833, Grad_norm=0.0880, Final_scale=113.6783
🚀 APPLYING GUIDANCE at step 30 (timestep=666)
🎯 GUIDANCE STEP 30 (t=666): Loss=0.6240, Rho=10.878235, Grad_norm=0.0919, Final_scale=108.7823
🚀 APPLYING GUIDANCE at step 31 (timestep=647)
🎯 GUIDANCE STEP 31 (t=647): Loss=0.6152, Rho=12.280177, Grad_norm=0.0814, Final_scale=122.8018
🚀 APPLYING GUIDANCE at step 32 (timestep=627)
🎯 GUIDANCE STEP 32 (t=627): Loss=0.6172, Rho=22.237751, Grad_norm=0.0450, Final_scale=222.3775
🚀 APPLYING GUIDANCE at step 33 (timestep=606)
🎯 GUIDANCE STEP 33 (t=606): Loss=0.6230, Rho=4.363001, Grad_norm=0.2292, Final_scale=43.6300
🚀 APPLYING GUIDANCE at step 34 (timestep=585)
🎯 GUIDANCE STEP 34 (t=585): Loss=0.6191, Rho=16.430534, Grad_norm=0.0609, Final_scale=164.3053
🚀 APPLYING GUIDANCE at step 35 (timestep=562)
🎯 GUIDANCE STEP 35 (t=562): Loss=0.6187, Rho=20.719040, Grad_norm=0.0483, Final_scale=207.1904
🚀 APPLYING GUIDANCE at step 36 (timestep=538)
🎯 GUIDANCE STEP 36 (t=538): Loss=0.6182, Rho=27.757105, Grad_norm=0.0360, Final_scale=277.5710
🚀 APPLYING GUIDANCE at step 37 (timestep=512)
🎯 GUIDANCE STEP 37 (t=512): Loss=0.6182, Rho=18.911568, Grad_norm=0.0529, Final_scale=189.1157
🚀 APPLYING GUIDANCE at step 38 (timestep=486)
🎯 GUIDANCE STEP 38 (t=486): Loss=0.6191, Rho=27.932692, Grad_norm=0.0358, Final_scale=279.3269
🚀 APPLYING GUIDANCE at step 39 (timestep=458)
🎯 GUIDANCE STEP 39 (t=458): Loss=0.6133, Rho=41.017506, Grad_norm=0.0244, Final_scale=410.1751
🚀 APPLYING GUIDANCE at step 40 (timestep=428)
🎯 GUIDANCE STEP 40 (t=428): Loss=0.6172, Rho=17.660877, Grad_norm=0.0566, Final_scale=176.6088
🚀 APPLYING GUIDANCE at step 41 (timestep=396)
🎯 GUIDANCE STEP 41 (t=396): Loss=0.6138, Rho=21.978292, Grad_norm=0.0455, Final_scale=219.7829
🚀 APPLYING GUIDANCE at step 42 (timestep=363)
🎯 GUIDANCE STEP 42 (t=363): Loss=0.6152, Rho=36.392323, Grad_norm=0.0275, Final_scale=363.9232
🚀 APPLYING GUIDANCE at step 43 (timestep=327)
🎯 GUIDANCE STEP 43 (t=327): Loss=0.6143, Rho=22.610369, Grad_norm=0.0442, Final_scale=226.1037
🚀 APPLYING GUIDANCE at step 44 (timestep=290)
🎯 GUIDANCE STEP 44 (t=290): Loss=0.6152, Rho=29.535545, Grad_norm=0.0339, Final_scale=295.3555
🚀 APPLYING GUIDANCE at step 45 (timestep=249)
🎯 GUIDANCE STEP 45 (t=249): Loss=0.6138, Rho=33.332211, Grad_norm=0.0300, Final_scale=333.3221
🚀 APPLYING GUIDANCE at step 46 (timestep=206)
🎯 GUIDANCE STEP 46 (t=206): Loss=0.6128, Rho=6.634567, Grad_norm=0.1507, Final_scale=66.3457
🚀 APPLYING GUIDANCE at step 47 (timestep=160)
🎯 GUIDANCE STEP 47 (t=160): Loss=0.6138, Rho=24.870953, Grad_norm=0.0402, Final_scale=248.7095
🚀 APPLYING GUIDANCE at step 48 (timestep=111)
🎯 GUIDANCE STEP 48 (t=111): Loss=0.6089, Rho=44.744442, Grad_norm=0.0223, Final_scale=447.4444
🚀 APPLYING GUIDANCE at step 49 (timestep=57)
🎯 GUIDANCE STEP 49 (t=57): Loss=0.6099, Rho=18.001978, Grad_norm=0.0555, Final_scale=180.0198
[guidance_f17_s50_w8c6_rho10.0_cfg5.0_0701_1458] Generated: generated_videos/subject_consistency/guidance_f17_s50_w8c6_rho10.0_cfg5.0_0701_1458/001_a_person_giving_a_presentation_to_a_room_full_of_c.mp4
[guidance_f17_s50_w8c6_rho10.0_cfg5.0_0701_1458] Generating video 3/9 (guidance): a person washing the dishes
🎬 STARTING GUIDANCE PIPELINE GENERATION
   Frames: 17, Steps: 50, CFG Scale: 5.0

🔧 GUIDANCE PIPELINE CONFIGURATION:
   Guidance range: 0 - 1001
   Rho scale: 10.0
   V-JEPA kernel_size: 8
   V-JEPA context_length: 6
   V-JEPA stride: 2
   V-JEPA mode: max
   Total timesteps: 50

🚀 APPLYING GUIDANCE at step 0 (timestep=999)
🎯 GUIDANCE STEP 0 (t=999): Loss=0.5845, Rho=18.429581, Grad_norm=0.0543, Final_scale=184.2958
🚀 APPLYING GUIDANCE at step 1 (timestep=992)
🎯 GUIDANCE STEP 1 (t=992): Loss=0.5400, Rho=37.767117, Grad_norm=0.0265, Final_scale=377.6712
🚀 APPLYING GUIDANCE at step 2 (timestep=985)
🎯 GUIDANCE STEP 2 (t=985): Loss=0.5684, Rho=35.690212, Grad_norm=0.0280, Final_scale=356.9021
🚀 APPLYING GUIDANCE at step 3 (timestep=978)
🎯 GUIDANCE STEP 3 (t=978): Loss=0.5664, Rho=18.378288, Grad_norm=0.0544, Final_scale=183.7829
🚀 APPLYING GUIDANCE at step 4 (timestep=971)
🎯 GUIDANCE STEP 4 (t=971): Loss=0.5801, Rho=21.208378, Grad_norm=0.0472, Final_scale=212.0838
🚀 APPLYING GUIDANCE at step 5 (timestep=963)
🎯 GUIDANCE STEP 5 (t=963): Loss=0.5806, Rho=13.337430, Grad_norm=0.0750, Final_scale=133.3743
🚀 APPLYING GUIDANCE at step 6 (timestep=956)
🎯 GUIDANCE STEP 6 (t=956): Loss=0.5796, Rho=9.880164, Grad_norm=0.1012, Final_scale=98.8016
🚀 APPLYING GUIDANCE at step 7 (timestep=948)
🎯 GUIDANCE STEP 7 (t=948): Loss=0.5942, Rho=4.790374, Grad_norm=0.2088, Final_scale=47.9037
🚀 APPLYING GUIDANCE at step 8 (timestep=939)
🎯 GUIDANCE STEP 8 (t=939): Loss=0.6035, Rho=6.477636, Grad_norm=0.1544, Final_scale=64.7764
🚀 APPLYING GUIDANCE at step 9 (timestep=931)
🎯 GUIDANCE STEP 9 (t=931): Loss=0.6108, Rho=2.716583, Grad_norm=0.3681, Final_scale=27.1658
🚀 APPLYING GUIDANCE at step 10 (timestep=922)
🎯 GUIDANCE STEP 10 (t=922): Loss=0.6118, Rho=4.935999, Grad_norm=0.2026, Final_scale=49.3600
🚀 APPLYING GUIDANCE at step 11 (timestep=913)
🎯 GUIDANCE STEP 11 (t=913): Loss=0.6201, Rho=2.781480, Grad_norm=0.3595, Final_scale=27.8148
🚀 APPLYING GUIDANCE at step 12 (timestep=904)
🎯 GUIDANCE STEP 12 (t=904): Loss=0.6250, Rho=4.286422, Grad_norm=0.2333, Final_scale=42.8642
🚀 APPLYING GUIDANCE at step 13 (timestep=894)
🎯 GUIDANCE STEP 13 (t=894): Loss=0.6235, Rho=2.041897, Grad_norm=0.4897, Final_scale=20.4190
🚀 APPLYING GUIDANCE at step 14 (timestep=884)
🎯 GUIDANCE STEP 14 (t=884): Loss=0.6221, Rho=4.777525, Grad_norm=0.2093, Final_scale=47.7752
🚀 APPLYING GUIDANCE at step 15 (timestep=874)
🎯 GUIDANCE STEP 15 (t=874): Loss=0.6206, Rho=5.680890, Grad_norm=0.1760, Final_scale=56.8089
🚀 APPLYING GUIDANCE at step 16 (timestep=864)
🎯 GUIDANCE STEP 16 (t=864): Loss=0.6172, Rho=4.792362, Grad_norm=0.2087, Final_scale=47.9236
🚀 APPLYING GUIDANCE at step 17 (timestep=853)
🎯 GUIDANCE STEP 17 (t=853): Loss=0.6230, Rho=6.394784, Grad_norm=0.1564, Final_scale=63.9478
🚀 APPLYING GUIDANCE at step 18 (timestep=841)
🎯 GUIDANCE STEP 18 (t=841): Loss=0.6172, Rho=6.090459, Grad_norm=0.1642, Final_scale=60.9046
🚀 APPLYING GUIDANCE at step 19 (timestep=829)
🎯 GUIDANCE STEP 19 (t=829): Loss=0.6147, Rho=3.645460, Grad_norm=0.2743, Final_scale=36.4546
🚀 APPLYING GUIDANCE at step 20 (timestep=817)
🎯 GUIDANCE STEP 20 (t=817): Loss=0.6157, Rho=5.765012, Grad_norm=0.1735, Final_scale=57.6501
🚀 APPLYING GUIDANCE at step 21 (timestep=805)
🎯 GUIDANCE STEP 21 (t=805): Loss=0.6177, Rho=6.965798, Grad_norm=0.1436, Final_scale=69.6580
🚀 APPLYING GUIDANCE at step 22 (timestep=792)
🎯 GUIDANCE STEP 22 (t=792): Loss=0.6226, Rho=6.365719, Grad_norm=0.1571, Final_scale=63.6572
🚀 APPLYING GUIDANCE at step 23 (timestep=778)
🎯 GUIDANCE STEP 23 (t=778): Loss=0.6157, Rho=8.614511, Grad_norm=0.1161, Final_scale=86.1451
🚀 APPLYING GUIDANCE at step 24 (timestep=764)
🎯 GUIDANCE STEP 24 (t=764): Loss=0.6133, Rho=9.486602, Grad_norm=0.1054, Final_scale=94.8660
🚀 APPLYING GUIDANCE at step 25 (timestep=749)
🎯 GUIDANCE STEP 25 (t=749): Loss=0.6118, Rho=3.567549, Grad_norm=0.2803, Final_scale=35.6755
🚀 APPLYING GUIDANCE at step 26 (timestep=734)
🎯 GUIDANCE STEP 26 (t=734): Loss=0.6133, Rho=10.715069, Grad_norm=0.0933, Final_scale=107.1507
🚀 APPLYING GUIDANCE at step 27 (timestep=718)
🎯 GUIDANCE STEP 27 (t=718): Loss=0.6143, Rho=4.194398, Grad_norm=0.2384, Final_scale=41.9440
🚀 APPLYING GUIDANCE at step 28 (timestep=701)
🎯 GUIDANCE STEP 28 (t=701): Loss=0.6123, Rho=10.022268, Grad_norm=0.0998, Final_scale=100.2227
🚀 APPLYING GUIDANCE at step 29 (timestep=684)
🎯 GUIDANCE STEP 29 (t=684): Loss=0.6128, Rho=11.455420, Grad_norm=0.0873, Final_scale=114.5542
🚀 APPLYING GUIDANCE at step 30 (timestep=666)
🎯 GUIDANCE STEP 30 (t=666): Loss=0.6104, Rho=9.209904, Grad_norm=0.1086, Final_scale=92.0990
🚀 APPLYING GUIDANCE at step 31 (timestep=647)
🎯 GUIDANCE STEP 31 (t=647): Loss=0.6133, Rho=4.203689, Grad_norm=0.2379, Final_scale=42.0369
🚀 APPLYING GUIDANCE at step 32 (timestep=627)
🎯 GUIDANCE STEP 32 (t=627): Loss=0.6133, Rho=8.336265, Grad_norm=0.1200, Final_scale=83.3626
🚀 APPLYING GUIDANCE at step 33 (timestep=606)
🎯 GUIDANCE STEP 33 (t=606): Loss=0.6167, Rho=11.154963, Grad_norm=0.0896, Final_scale=111.5496
🚀 APPLYING GUIDANCE at step 34 (timestep=585)
🎯 GUIDANCE STEP 34 (t=585): Loss=0.6152, Rho=9.308871, Grad_norm=0.1074, Final_scale=93.0887
🚀 APPLYING GUIDANCE at step 35 (timestep=562)
🎯 GUIDANCE STEP 35 (t=562): Loss=0.6123, Rho=12.178048, Grad_norm=0.0821, Final_scale=121.7805
🚀 APPLYING GUIDANCE at step 36 (timestep=538)
🎯 GUIDANCE STEP 36 (t=538): Loss=0.6152, Rho=16.182587, Grad_norm=0.0618, Final_scale=161.8259
🚀 APPLYING GUIDANCE at step 37 (timestep=512)
🎯 GUIDANCE STEP 37 (t=512): Loss=0.6143, Rho=11.767132, Grad_norm=0.0850, Final_scale=117.6713
🚀 APPLYING GUIDANCE at step 38 (timestep=486)
🎯 GUIDANCE STEP 38 (t=486): Loss=0.6143, Rho=24.554178, Grad_norm=0.0407, Final_scale=245.5418
🚀 APPLYING GUIDANCE at step 39 (timestep=458)
🎯 GUIDANCE STEP 39 (t=458): Loss=0.6157, Rho=13.284095, Grad_norm=0.0753, Final_scale=132.8409
🚀 APPLYING GUIDANCE at step 40 (timestep=428)
🎯 GUIDANCE STEP 40 (t=428): Loss=0.6143, Rho=15.601345, Grad_norm=0.0641, Final_scale=156.0135
🚀 APPLYING GUIDANCE at step 41 (timestep=396)
🎯 GUIDANCE STEP 41 (t=396): Loss=0.6118, Rho=15.666241, Grad_norm=0.0638, Final_scale=156.6624
🚀 APPLYING GUIDANCE at step 42 (timestep=363)
🎯 GUIDANCE STEP 42 (t=363): Loss=0.6118, Rho=17.239664, Grad_norm=0.0580, Final_scale=172.3966
🚀 APPLYING GUIDANCE at step 43 (timestep=327)
🎯 GUIDANCE STEP 43 (t=327): Loss=0.6118, Rho=32.937328, Grad_norm=0.0304, Final_scale=329.3733
🚀 APPLYING GUIDANCE at step 44 (timestep=290)
🎯 GUIDANCE STEP 44 (t=290): Loss=0.6123, Rho=17.147505, Grad_norm=0.0583, Final_scale=171.4750
🚀 APPLYING GUIDANCE at step 45 (timestep=249)
🎯 GUIDANCE STEP 45 (t=249): Loss=0.6108, Rho=33.135273, Grad_norm=0.0302, Final_scale=331.3527
🚀 APPLYING GUIDANCE at step 46 (timestep=206)
🎯 GUIDANCE STEP 46 (t=206): Loss=0.6104, Rho=20.892418, Grad_norm=0.0479, Final_scale=208.9242
🚀 APPLYING GUIDANCE at step 47 (timestep=160)
🎯 GUIDANCE STEP 47 (t=160): Loss=0.6089, Rho=23.319807, Grad_norm=0.0429, Final_scale=233.1981
🚀 APPLYING GUIDANCE at step 48 (timestep=111)
🎯 GUIDANCE STEP 48 (t=111): Loss=0.6113, Rho=23.717993, Grad_norm=0.0422, Final_scale=237.1799
🚀 APPLYING GUIDANCE at step 49 (timestep=57)
🎯 GUIDANCE STEP 49 (t=57): Loss=0.6094, Rho=5.865525, Grad_norm=0.1705, Final_scale=58.6553
[guidance_f17_s50_w8c6_rho10.0_cfg5.0_0701_1458] Generated: generated_videos/subject_consistency/guidance_f17_s50_w8c6_rho10.0_cfg5.0_0701_1458/001_a_sheep_running_to_join_a_herd_of_its_kind.mp4
[guidance_f17_s50_w8c6_rho10.0_cfg5.0_0701_1458] Generating video 3/9 (guidance): a cow bending down to drink water from a river
🎬 STARTING GUIDANCE PIPELINE GENERATION
   Frames: 17, Steps: 50, CFG Scale: 5.0

🔧 GUIDANCE PIPELINE CONFIGURATION:
   Guidance range: 0 - 1001
   Rho scale: 10.0
   V-JEPA kernel_size: 8
   V-JEPA context_length: 6
   V-JEPA stride: 2
   V-JEPA mode: max
   Total timesteps: 50

🚀 APPLYING GUIDANCE at step 0 (timestep=999)
🎯 GUIDANCE STEP 0 (t=999): Loss=0.5518, Rho=27.082563, Grad_norm=0.0369, Final_scale=270.8256
🚀 APPLYING GUIDANCE at step 1 (timestep=992)
🎯 GUIDANCE STEP 1 (t=992): Loss=0.5464, Rho=28.338776, Grad_norm=0.0353, Final_scale=283.3878
🚀 APPLYING GUIDANCE at step 2 (timestep=985)
🎯 GUIDANCE STEP 2 (t=985): Loss=0.5566, Rho=13.779256, Grad_norm=0.0726, Final_scale=137.7926
🚀 APPLYING GUIDANCE at step 3 (timestep=978)
🎯 GUIDANCE STEP 3 (t=978): Loss=0.5513, Rho=11.341619, Grad_norm=0.0882, Final_scale=113.4162
🚀 APPLYING GUIDANCE at step 4 (timestep=971)
🎯 GUIDANCE STEP 4 (t=971): Loss=0.5728, Rho=13.952134, Grad_norm=0.0717, Final_scale=139.5213
🚀 APPLYING GUIDANCE at step 5 (timestep=963)
🎯 GUIDANCE STEP 5 (t=963): Loss=0.5977, Rho=19.566589, Grad_norm=0.0511, Final_scale=195.6659
🚀 APPLYING GUIDANCE at step 6 (timestep=956)
🎯 GUIDANCE STEP 6 (t=956): Loss=0.5942, Rho=13.378169, Grad_norm=0.0747, Final_scale=133.7817
🚀 APPLYING GUIDANCE at step 7 (timestep=948)
🎯 GUIDANCE STEP 7 (t=948): Loss=0.6011, Rho=12.240712, Grad_norm=0.0817, Final_scale=122.4071
🚀 APPLYING GUIDANCE at step 8 (timestep=939)
🎯 GUIDANCE STEP 8 (t=939): Loss=0.6426, Rho=7.668296, Grad_norm=0.1304, Final_scale=76.6830
🚀 APPLYING GUIDANCE at step 9 (timestep=931)
🎯 GUIDANCE STEP 9 (t=931): Loss=0.6421, Rho=4.003004, Grad_norm=0.2498, Final_scale=40.0300
🚀 APPLYING GUIDANCE at step 10 (timestep=922)
🎯 GUIDANCE STEP 10 (t=922): Loss=0.6528, Rho=7.919638, Grad_norm=0.1263, Final_scale=79.1964
🚀 APPLYING GUIDANCE at step 11 (timestep=913)
🎯 GUIDANCE STEP 11 (t=913): Loss=0.6626, Rho=7.771945, Grad_norm=0.1287, Final_scale=77.7194
🚀 APPLYING GUIDANCE at step 12 (timestep=904)
🎯 GUIDANCE STEP 12 (t=904): Loss=0.6670, Rho=6.280039, Grad_norm=0.1592, Final_scale=62.8004
🚀 APPLYING GUIDANCE at step 13 (timestep=894)
🎯 GUIDANCE STEP 13 (t=894): Loss=0.6606, Rho=5.153933, Grad_norm=0.1940, Final_scale=51.5393
🚀 APPLYING GUIDANCE at step 14 (timestep=884)
🎯 GUIDANCE STEP 14 (t=884): Loss=0.6553, Rho=10.311615, Grad_norm=0.0970, Final_scale=103.1161
🚀 APPLYING GUIDANCE at step 15 (timestep=874)
🎯 GUIDANCE STEP 15 (t=874): Loss=0.6538, Rho=4.665290, Grad_norm=0.2143, Final_scale=46.6529
🚀 APPLYING GUIDANCE at step 16 (timestep=864)
🎯 GUIDANCE STEP 16 (t=864): Loss=0.6416, Rho=4.546836, Grad_norm=0.2199, Final_scale=45.4684
🚀 APPLYING GUIDANCE at step 17 (timestep=853)
🎯 GUIDANCE STEP 17 (t=853): Loss=0.6499, Rho=8.389929, Grad_norm=0.1192, Final_scale=83.8993
🚀 APPLYING GUIDANCE at step 18 (timestep=841)
🎯 GUIDANCE STEP 18 (t=841): Loss=0.6465, Rho=4.272141, Grad_norm=0.2341, Final_scale=42.7214
🚀 APPLYING GUIDANCE at step 19 (timestep=829)
🎯 GUIDANCE STEP 19 (t=829): Loss=0.6465, Rho=7.550973, Grad_norm=0.1324, Final_scale=75.5097
🚀 APPLYING GUIDANCE at step 20 (timestep=817)
🎯 GUIDANCE STEP 20 (t=817): Loss=0.6475, Rho=6.158216, Grad_norm=0.1624, Final_scale=61.5822
🚀 APPLYING GUIDANCE at step 21 (timestep=805)
🎯 GUIDANCE STEP 21 (t=805): Loss=0.6489, Rho=3.954045, Grad_norm=0.2529, Final_scale=39.5404
🚀 APPLYING GUIDANCE at step 22 (timestep=792)
🎯 GUIDANCE STEP 22 (t=792): Loss=0.6450, Rho=5.533272, Grad_norm=0.1807, Final_scale=55.3327
🚀 APPLYING GUIDANCE at step 23 (timestep=778)
🎯 GUIDANCE STEP 23 (t=778): Loss=0.6465, Rho=7.380642, Grad_norm=0.1355, Final_scale=73.8064
🚀 APPLYING GUIDANCE at step 24 (timestep=764)
🎯 GUIDANCE STEP 24 (t=764): Loss=0.6450, Rho=1.701571, Grad_norm=0.5877, Final_scale=17.0157
🚀 APPLYING GUIDANCE at step 25 (timestep=749)
🎯 GUIDANCE STEP 25 (t=749): Loss=0.6479, Rho=5.991299, Grad_norm=0.1669, Final_scale=59.9130
🚀 APPLYING GUIDANCE at step 26 (timestep=734)
🎯 GUIDANCE STEP 26 (t=734): Loss=0.6465, Rho=6.058181, Grad_norm=0.1651, Final_scale=60.5818
🚀 APPLYING GUIDANCE at step 27 (timestep=718)
🎯 GUIDANCE STEP 27 (t=718): Loss=0.6440, Rho=7.823812, Grad_norm=0.1278, Final_scale=78.2381
🚀 APPLYING GUIDANCE at step 28 (timestep=701)
🎯 GUIDANCE STEP 28 (t=701): Loss=0.6460, Rho=8.870053, Grad_norm=0.1127, Final_scale=88.7005
🚀 APPLYING GUIDANCE at step 29 (timestep=684)
🎯 GUIDANCE STEP 29 (t=684): Loss=0.6460, Rho=11.882197, Grad_norm=0.0842, Final_scale=118.8220
🚀 APPLYING GUIDANCE at step 30 (timestep=666)
🎯 GUIDANCE STEP 30 (t=666): Loss=0.6460, Rho=7.779256, Grad_norm=0.1285, Final_scale=77.7926
🚀 APPLYING GUIDANCE at step 31 (timestep=647)
🎯 GUIDANCE STEP 31 (t=647): Loss=0.6445, Rho=13.787107, Grad_norm=0.0725, Final_scale=137.8711
🚀 APPLYING GUIDANCE at step 32 (timestep=627)
🎯 GUIDANCE STEP 32 (t=627): Loss=0.6411, Rho=9.186259, Grad_norm=0.1089, Final_scale=91.8626
🚀 APPLYING GUIDANCE at step 33 (timestep=606)
🎯 GUIDANCE STEP 33 (t=606): Loss=0.6421, Rho=10.943217, Grad_norm=0.0914, Final_scale=109.4322
🚀 APPLYING GUIDANCE at step 34 (timestep=585)
🎯 GUIDANCE STEP 34 (t=585): Loss=0.6411, Rho=13.678948, Grad_norm=0.0731, Final_scale=136.7895
🚀 APPLYING GUIDANCE at step 35 (timestep=562)
🎯 GUIDANCE STEP 35 (t=562): Loss=0.6416, Rho=18.392168, Grad_norm=0.0544, Final_scale=183.9217
🚀 APPLYING GUIDANCE at step 36 (timestep=538)
🎯 GUIDANCE STEP 36 (t=538): Loss=0.6411, Rho=7.824477, Grad_norm=0.1278, Final_scale=78.2448
🚀 APPLYING GUIDANCE at step 37 (timestep=512)
🎯 GUIDANCE STEP 37 (t=512): Loss=0.6440, Rho=3.562157, Grad_norm=0.2807, Final_scale=35.6216
🚀 APPLYING GUIDANCE at step 38 (timestep=486)
🎯 GUIDANCE STEP 38 (t=486): Loss=0.6421, Rho=9.145849, Grad_norm=0.1093, Final_scale=91.4585
🚀 APPLYING GUIDANCE at step 39 (timestep=458)
🎯 GUIDANCE STEP 39 (t=458): Loss=0.6455, Rho=16.742584, Grad_norm=0.0597, Final_scale=167.4258
🚀 APPLYING GUIDANCE at step 40 (timestep=428)
🎯 GUIDANCE STEP 40 (t=428): Loss=0.6426, Rho=32.146534, Grad_norm=0.0311, Final_scale=321.4653
🚀 APPLYING GUIDANCE at step 41 (timestep=396)
🎯 GUIDANCE STEP 41 (t=396): Loss=0.6411, Rho=19.961674, Grad_norm=0.0501, Final_scale=199.6167
🚀 APPLYING GUIDANCE at step 42 (timestep=363)
🎯 GUIDANCE STEP 42 (t=363): Loss=0.6392, Rho=4.304503, Grad_norm=0.2323, Final_scale=43.0450
🚀 APPLYING GUIDANCE at step 43 (timestep=327)
🎯 GUIDANCE STEP 43 (t=327): Loss=0.6431, Rho=20.214979, Grad_norm=0.0495, Final_scale=202.1498
🚀 APPLYING GUIDANCE at step 44 (timestep=290)
🎯 GUIDANCE STEP 44 (t=290): Loss=0.6401, Rho=29.505369, Grad_norm=0.0339, Final_scale=295.0537
🚀 APPLYING GUIDANCE at step 45 (timestep=249)
🎯 GUIDANCE STEP 45 (t=249): Loss=0.6392, Rho=39.072117, Grad_norm=0.0256, Final_scale=390.7212
🚀 APPLYING GUIDANCE at step 46 (timestep=206)
🎯 GUIDANCE STEP 46 (t=206): Loss=0.6377, Rho=25.825792, Grad_norm=0.0387, Final_scale=258.2579
🚀 APPLYING GUIDANCE at step 47 (timestep=160)
🎯 GUIDANCE STEP 47 (t=160): Loss=0.6382, Rho=23.080204, Grad_norm=0.0433, Final_scale=230.8020
🚀 APPLYING GUIDANCE at step 48 (timestep=111)
🎯 GUIDANCE STEP 48 (t=111): Loss=0.6357, Rho=23.037056, Grad_norm=0.0434, Final_scale=230.3706
🚀 APPLYING GUIDANCE at step 49 (timestep=57)
🎯 GUIDANCE STEP 49 (t=57): Loss=0.6353, Rho=1.422674, Grad_norm=0.7029, Final_scale=14.2267
[guidance_f17_s50_w8c6_rho10.0_cfg5.0_0701_1458] Generated: generated_videos/subject_consistency/guidance_f17_s50_w8c6_rho10.0_cfg5.0_0701_1458/002_a_dog_drinking_water.mp4
[guidance_f17_s50_w8c6_rho10.0_cfg5.0_0701_1458] Generating video 4/9 (guidance): a dog running happily
🎬 STARTING GUIDANCE PIPELINE GENERATION
   Frames: 17, Steps: 50, CFG Scale: 5.0

🔧 GUIDANCE PIPELINE CONFIGURATION:
   Guidance range: 0 - 1001
   Rho scale: 10.0
   V-JEPA kernel_size: 8
   V-JEPA context_length: 6
   V-JEPA stride: 2
   V-JEPA mode: max
   Total timesteps: 50

🚀 APPLYING GUIDANCE at step 0 (timestep=999)
🎯 GUIDANCE STEP 0 (t=999): Loss=0.5693, Rho=15.076058, Grad_norm=0.0663, Final_scale=150.7606
🚀 APPLYING GUIDANCE at step 1 (timestep=992)
🎯 GUIDANCE STEP 1 (t=992): Loss=0.5337, Rho=16.996038, Grad_norm=0.0588, Final_scale=169.9604
🚀 APPLYING GUIDANCE at step 2 (timestep=985)
🎯 GUIDANCE STEP 2 (t=985): Loss=0.5488, Rho=24.718798, Grad_norm=0.0405, Final_scale=247.1880
🚀 APPLYING GUIDANCE at step 3 (timestep=978)
🎯 GUIDANCE STEP 3 (t=978): Loss=0.5557, Rho=31.633936, Grad_norm=0.0316, Final_scale=316.3394
🚀 APPLYING GUIDANCE at step 4 (timestep=971)
🎯 GUIDANCE STEP 4 (t=971): Loss=0.5586, Rho=33.943176, Grad_norm=0.0295, Final_scale=339.4318
🚀 APPLYING GUIDANCE at step 5 (timestep=963)
🎯 GUIDANCE STEP 5 (t=963): Loss=0.5767, Rho=19.298565, Grad_norm=0.0518, Final_scale=192.9856
🚀 APPLYING GUIDANCE at step 6 (timestep=956)
🎯 GUIDANCE STEP 6 (t=956): Loss=0.5776, Rho=19.621363, Grad_norm=0.0510, Final_scale=196.2136
🚀 APPLYING GUIDANCE at step 7 (timestep=948)
🎯 GUIDANCE STEP 7 (t=948): Loss=0.5854, Rho=12.975823, Grad_norm=0.0771, Final_scale=129.7582
🚀 APPLYING GUIDANCE at step 8 (timestep=939)
🎯 GUIDANCE STEP 8 (t=939): Loss=0.5874, Rho=23.167257, Grad_norm=0.0432, Final_scale=231.6726
🚀 APPLYING GUIDANCE at step 9 (timestep=931)
🎯 GUIDANCE STEP 9 (t=931): Loss=0.5879, Rho=4.233216, Grad_norm=0.2362, Final_scale=42.3322
🚀 APPLYING GUIDANCE at step 10 (timestep=922)
🎯 GUIDANCE STEP 10 (t=922): Loss=0.5947, Rho=22.145954, Grad_norm=0.0452, Final_scale=221.4595
🚀 APPLYING GUIDANCE at step 11 (timestep=913)
🎯 GUIDANCE STEP 11 (t=913): Loss=0.5928, Rho=7.200497, Grad_norm=0.1389, Final_scale=72.0050
🚀 APPLYING GUIDANCE at step 12 (timestep=904)
🎯 GUIDANCE STEP 12 (t=904): Loss=0.5962, Rho=20.024500, Grad_norm=0.0499, Final_scale=200.2450
🚀 APPLYING GUIDANCE at step 13 (timestep=894)
🎯 GUIDANCE STEP 13 (t=894): Loss=0.5957, Rho=15.468154, Grad_norm=0.0646, Final_scale=154.6815
🚀 APPLYING GUIDANCE at step 14 (timestep=884)
🎯 GUIDANCE STEP 14 (t=884): Loss=0.6006, Rho=7.719609, Grad_norm=0.1295, Final_scale=77.1961
🚀 APPLYING GUIDANCE at step 15 (timestep=874)
🎯 GUIDANCE STEP 15 (t=874): Loss=0.5972, Rho=6.426748, Grad_norm=0.1556, Final_scale=64.2675
🚀 APPLYING GUIDANCE at step 16 (timestep=864)
🎯 GUIDANCE STEP 16 (t=864): Loss=0.5986, Rho=13.196754, Grad_norm=0.0758, Final_scale=131.9675
🚀 APPLYING GUIDANCE at step 17 (timestep=853)
🎯 GUIDANCE STEP 17 (t=853): Loss=0.5967, Rho=17.918106, Grad_norm=0.0558, Final_scale=179.1811
🚀 APPLYING GUIDANCE at step 18 (timestep=841)
🎯 GUIDANCE STEP 18 (t=841): Loss=0.5938, Rho=7.464987, Grad_norm=0.1340, Final_scale=74.6499
🚀 APPLYING GUIDANCE at step 19 (timestep=829)
🎯 GUIDANCE STEP 19 (t=829): Loss=0.5957, Rho=21.581987, Grad_norm=0.0463, Final_scale=215.8199
🚀 APPLYING GUIDANCE at step 20 (timestep=817)
🎯 GUIDANCE STEP 20 (t=817): Loss=0.5942, Rho=7.982108, Grad_norm=0.1253, Final_scale=79.8211
🚀 APPLYING GUIDANCE at step 21 (timestep=805)
🎯 GUIDANCE STEP 21 (t=805): Loss=0.5986, Rho=6.710196, Grad_norm=0.1490, Final_scale=67.1020
🚀 APPLYING GUIDANCE at step 22 (timestep=792)
🎯 GUIDANCE STEP 22 (t=792): Loss=0.6138, Rho=6.119188, Grad_norm=0.1634, Final_scale=61.1919
🚀 APPLYING GUIDANCE at step 23 (timestep=778)
🎯 GUIDANCE STEP 23 (t=778): Loss=0.6084, Rho=6.696679, Grad_norm=0.1493, Final_scale=66.9668
🚀 APPLYING GUIDANCE at step 24 (timestep=764)
🎯 GUIDANCE STEP 24 (t=764): Loss=0.6074, Rho=13.705951, Grad_norm=0.0730, Final_scale=137.0595
🚀 APPLYING GUIDANCE at step 25 (timestep=749)
🎯 GUIDANCE STEP 25 (t=749): Loss=0.6025, Rho=14.576809, Grad_norm=0.0686, Final_scale=145.7681
🚀 APPLYING GUIDANCE at step 26 (timestep=734)
🎯 GUIDANCE STEP 26 (t=734): Loss=0.6011, Rho=12.553693, Grad_norm=0.0797, Final_scale=125.5369
🚀 APPLYING GUIDANCE at step 27 (timestep=718)
🎯 GUIDANCE STEP 27 (t=718): Loss=0.5947, Rho=13.739548, Grad_norm=0.0728, Final_scale=137.3955
🚀 APPLYING GUIDANCE at step 28 (timestep=701)
🎯 GUIDANCE STEP 28 (t=701): Loss=0.5981, Rho=9.259371, Grad_norm=0.1080, Final_scale=92.5937
🚀 APPLYING GUIDANCE at step 29 (timestep=684)
🎯 GUIDANCE STEP 29 (t=684): Loss=0.5928, Rho=13.506669, Grad_norm=0.0740, Final_scale=135.0667
🚀 APPLYING GUIDANCE at step 30 (timestep=666)
🎯 GUIDANCE STEP 30 (t=666): Loss=0.5918, Rho=24.579145, Grad_norm=0.0407, Final_scale=245.7915
🚀 APPLYING GUIDANCE at step 31 (timestep=647)
🎯 GUIDANCE STEP 31 (t=647): Loss=0.5967, Rho=13.111691, Grad_norm=0.0763, Final_scale=131.1169
🚀 APPLYING GUIDANCE at step 32 (timestep=627)
🎯 GUIDANCE STEP 32 (t=627): Loss=0.5981, Rho=26.899096, Grad_norm=0.0372, Final_scale=268.9910
🚀 APPLYING GUIDANCE at step 33 (timestep=606)
🎯 GUIDANCE STEP 33 (t=606): Loss=0.5991, Rho=17.796059, Grad_norm=0.0562, Final_scale=177.9606
🚀 APPLYING GUIDANCE at step 34 (timestep=585)
🎯 GUIDANCE STEP 34 (t=585): Loss=0.5972, Rho=20.251083, Grad_norm=0.0494, Final_scale=202.5108
🚀 APPLYING GUIDANCE at step 35 (timestep=562)
🎯 GUIDANCE STEP 35 (t=562): Loss=0.5986, Rho=19.087315, Grad_norm=0.0524, Final_scale=190.8731
🚀 APPLYING GUIDANCE at step 36 (timestep=538)
🎯 GUIDANCE STEP 36 (t=538): Loss=0.6001, Rho=30.695440, Grad_norm=0.0326, Final_scale=306.9544
🚀 APPLYING GUIDANCE at step 37 (timestep=512)
🎯 GUIDANCE STEP 37 (t=512): Loss=0.5977, Rho=11.765036, Grad_norm=0.0850, Final_scale=117.6504
🚀 APPLYING GUIDANCE at step 38 (timestep=486)
🎯 GUIDANCE STEP 38 (t=486): Loss=0.5967, Rho=14.338615, Grad_norm=0.0697, Final_scale=143.3862
🚀 APPLYING GUIDANCE at step 39 (timestep=458)
🎯 GUIDANCE STEP 39 (t=458): Loss=0.5957, Rho=29.140629, Grad_norm=0.0343, Final_scale=291.4063
🚀 APPLYING GUIDANCE at step 40 (timestep=428)
🎯 GUIDANCE STEP 40 (t=428): Loss=0.5942, Rho=26.997169, Grad_norm=0.0370, Final_scale=269.9717
🚀 APPLYING GUIDANCE at step 41 (timestep=396)
🎯 GUIDANCE STEP 41 (t=396): Loss=0.5923, Rho=36.595020, Grad_norm=0.0273, Final_scale=365.9502
🚀 APPLYING GUIDANCE at step 42 (timestep=363)
🎯 GUIDANCE STEP 42 (t=363): Loss=0.5986, Rho=24.025928, Grad_norm=0.0416, Final_scale=240.2593
🚀 APPLYING GUIDANCE at step 43 (timestep=327)
🎯 GUIDANCE STEP 43 (t=327): Loss=0.5933, Rho=26.856630, Grad_norm=0.0372, Final_scale=268.5663
🚀 APPLYING GUIDANCE at step 44 (timestep=290)
🎯 GUIDANCE STEP 44 (t=290): Loss=0.5942, Rho=14.423121, Grad_norm=0.0693, Final_scale=144.2312
🚀 APPLYING GUIDANCE at step 45 (timestep=249)
🎯 GUIDANCE STEP 45 (t=249): Loss=0.5923, Rho=6.908710, Grad_norm=0.1447, Final_scale=69.0871
🚀 APPLYING GUIDANCE at step 46 (timestep=206)
🎯 GUIDANCE STEP 46 (t=206): Loss=0.5918, Rho=16.523237, Grad_norm=0.0605, Final_scale=165.2324
🚀 APPLYING GUIDANCE at step 47 (timestep=160)
🎯 GUIDANCE STEP 47 (t=160): Loss=0.5938, Rho=14.925450, Grad_norm=0.0670, Final_scale=149.2545
🚀 APPLYING GUIDANCE at step 48 (timestep=111)
🎯 GUIDANCE STEP 48 (t=111): Loss=0.5869, Rho=31.583176, Grad_norm=0.0317, Final_scale=315.8318
🚀 APPLYING GUIDANCE at step 49 (timestep=57)
🎯 GUIDANCE STEP 49 (t=57): Loss=0.5913, Rho=4.039671, Grad_norm=0.2475, Final_scale=40.3967
[guidance_f17_s50_w8c6_rho10.0_cfg5.0_0701_1458] Generated: generated_videos/subject_consistency/guidance_f17_s50_w8c6_rho10.0_cfg5.0_0701_1458/002_a_car_stuck_in_traffic_during_rush_hour.mp4
[guidance_f17_s50_w8c6_rho10.0_cfg5.0_0701_1458] Generating video 4/9 (guidance): a car turning a corner
🎬 STARTING GUIDANCE PIPELINE GENERATION
   Frames: 17, Steps: 50, CFG Scale: 5.0

🔧 GUIDANCE PIPELINE CONFIGURATION:
   Guidance range: 0 - 1001
   Rho scale: 10.0
   V-JEPA kernel_size: 8
   V-JEPA context_length: 6
   V-JEPA stride: 2
   V-JEPA mode: max
   Total timesteps: 50

🚀 APPLYING GUIDANCE at step 0 (timestep=999)
🎯 GUIDANCE STEP 0 (t=999): Loss=0.6128, Rho=11.804016, Grad_norm=0.0847, Final_scale=118.0402
🚀 APPLYING GUIDANCE at step 1 (timestep=992)
🎯 GUIDANCE STEP 1 (t=992): Loss=0.5498, Rho=20.257109, Grad_norm=0.0494, Final_scale=202.5711
🚀 APPLYING GUIDANCE at step 2 (timestep=985)
🎯 GUIDANCE STEP 2 (t=985): Loss=0.5703, Rho=14.900895, Grad_norm=0.0671, Final_scale=149.0090
🚀 APPLYING GUIDANCE at step 3 (timestep=978)
🎯 GUIDANCE STEP 3 (t=978): Loss=0.5781, Rho=27.584770, Grad_norm=0.0363, Final_scale=275.8477
🚀 APPLYING GUIDANCE at step 4 (timestep=971)
🎯 GUIDANCE STEP 4 (t=971): Loss=0.5811, Rho=15.782023, Grad_norm=0.0634, Final_scale=157.8202
🚀 APPLYING GUIDANCE at step 5 (timestep=963)
🎯 GUIDANCE STEP 5 (t=963): Loss=0.5815, Rho=18.371973, Grad_norm=0.0544, Final_scale=183.7197
🚀 APPLYING GUIDANCE at step 6 (timestep=956)
🎯 GUIDANCE STEP 6 (t=956): Loss=0.5874, Rho=21.650517, Grad_norm=0.0462, Final_scale=216.5052
🚀 APPLYING GUIDANCE at step 7 (timestep=948)
🎯 GUIDANCE STEP 7 (t=948): Loss=0.5879, Rho=25.987675, Grad_norm=0.0385, Final_scale=259.8767
🚀 APPLYING GUIDANCE at step 8 (timestep=939)
🎯 GUIDANCE STEP 8 (t=939): Loss=0.5898, Rho=21.521500, Grad_norm=0.0465, Final_scale=215.2150
🚀 APPLYING GUIDANCE at step 9 (timestep=931)
🎯 GUIDANCE STEP 9 (t=931): Loss=0.5874, Rho=21.914207, Grad_norm=0.0456, Final_scale=219.1421
🚀 APPLYING GUIDANCE at step 10 (timestep=922)
🎯 GUIDANCE STEP 10 (t=922): Loss=0.5879, Rho=10.709705, Grad_norm=0.0934, Final_scale=107.0971
🚀 APPLYING GUIDANCE at step 11 (timestep=913)
🎯 GUIDANCE STEP 11 (t=913): Loss=0.5928, Rho=16.322893, Grad_norm=0.0613, Final_scale=163.2289
🚀 APPLYING GUIDANCE at step 12 (timestep=904)
🎯 GUIDANCE STEP 12 (t=904): Loss=0.5903, Rho=18.303814, Grad_norm=0.0546, Final_scale=183.0381
🚀 APPLYING GUIDANCE at step 13 (timestep=894)
🎯 GUIDANCE STEP 13 (t=894): Loss=0.5879, Rho=17.106903, Grad_norm=0.0585, Final_scale=171.0690
🚀 APPLYING GUIDANCE at step 14 (timestep=884)
🎯 GUIDANCE STEP 14 (t=884): Loss=0.5898, Rho=15.287995, Grad_norm=0.0654, Final_scale=152.8800
🚀 APPLYING GUIDANCE at step 15 (timestep=874)
🎯 GUIDANCE STEP 15 (t=874): Loss=0.5879, Rho=25.200346, Grad_norm=0.0397, Final_scale=252.0035
🚀 APPLYING GUIDANCE at step 16 (timestep=864)
🎯 GUIDANCE STEP 16 (t=864): Loss=0.5864, Rho=14.450957, Grad_norm=0.0692, Final_scale=144.5096
🚀 APPLYING GUIDANCE at step 17 (timestep=853)
🎯 GUIDANCE STEP 17 (t=853): Loss=0.5869, Rho=18.935320, Grad_norm=0.0528, Final_scale=189.3532
🚀 APPLYING GUIDANCE at step 18 (timestep=841)
🎯 GUIDANCE STEP 18 (t=841): Loss=0.5850, Rho=16.016773, Grad_norm=0.0624, Final_scale=160.1677
🚀 APPLYING GUIDANCE at step 19 (timestep=829)
🎯 GUIDANCE STEP 19 (t=829): Loss=0.5835, Rho=13.374150, Grad_norm=0.0748, Final_scale=133.7415
🚀 APPLYING GUIDANCE at step 20 (timestep=817)
🎯 GUIDANCE STEP 20 (t=817): Loss=0.5840, Rho=6.501682, Grad_norm=0.1538, Final_scale=65.0168
🚀 APPLYING GUIDANCE at step 21 (timestep=805)
🎯 GUIDANCE STEP 21 (t=805): Loss=0.5854, Rho=33.964195, Grad_norm=0.0294, Final_scale=339.6420
🚀 APPLYING GUIDANCE at step 22 (timestep=792)
🎯 GUIDANCE STEP 22 (t=792): Loss=0.5859, Rho=26.753321, Grad_norm=0.0374, Final_scale=267.5332
🚀 APPLYING GUIDANCE at step 23 (timestep=778)
🎯 GUIDANCE STEP 23 (t=778): Loss=0.5835, Rho=29.879351, Grad_norm=0.0335, Final_scale=298.7935
🚀 APPLYING GUIDANCE at step 24 (timestep=764)
🎯 GUIDANCE STEP 24 (t=764): Loss=0.5840, Rho=20.695879, Grad_norm=0.0483, Final_scale=206.9588
🚀 APPLYING GUIDANCE at step 25 (timestep=749)
🎯 GUIDANCE STEP 25 (t=749): Loss=0.5864, Rho=63.502052, Grad_norm=0.0157, Final_scale=635.0205
🚀 APPLYING GUIDANCE at step 26 (timestep=734)
🎯 GUIDANCE STEP 26 (t=734): Loss=0.5840, Rho=30.983900, Grad_norm=0.0323, Final_scale=309.8390
🚀 APPLYING GUIDANCE at step 27 (timestep=718)
🎯 GUIDANCE STEP 27 (t=718): Loss=0.5854, Rho=44.915787, Grad_norm=0.0223, Final_scale=449.1579
🚀 APPLYING GUIDANCE at step 28 (timestep=701)
🎯 GUIDANCE STEP 28 (t=701): Loss=0.5884, Rho=48.552624, Grad_norm=0.0206, Final_scale=485.5262
🚀 APPLYING GUIDANCE at step 29 (timestep=684)
🎯 GUIDANCE STEP 29 (t=684): Loss=0.5859, Rho=13.181174, Grad_norm=0.0759, Final_scale=131.8117
🚀 APPLYING GUIDANCE at step 30 (timestep=666)
🎯 GUIDANCE STEP 30 (t=666): Loss=0.5840, Rho=0.785209, Grad_norm=1.2735, Final_scale=7.8521
🚀 APPLYING GUIDANCE at step 31 (timestep=647)
🎯 GUIDANCE STEP 31 (t=647): Loss=0.5864, Rho=5.592709, Grad_norm=0.1788, Final_scale=55.9271
🚀 APPLYING GUIDANCE at step 32 (timestep=627)
🎯 GUIDANCE STEP 32 (t=627): Loss=0.5845, Rho=22.294884, Grad_norm=0.0449, Final_scale=222.9488
🚀 APPLYING GUIDANCE at step 33 (timestep=606)
🎯 GUIDANCE STEP 33 (t=606): Loss=0.5850, Rho=40.053738, Grad_norm=0.0250, Final_scale=400.5374
🚀 APPLYING GUIDANCE at step 34 (timestep=585)
🎯 GUIDANCE STEP 34 (t=585): Loss=0.5845, Rho=17.562397, Grad_norm=0.0569, Final_scale=175.6240
🚀 APPLYING GUIDANCE at step 35 (timestep=562)
🎯 GUIDANCE STEP 35 (t=562): Loss=0.5869, Rho=2.088315, Grad_norm=0.4789, Final_scale=20.8831
🚀 APPLYING GUIDANCE at step 36 (timestep=538)
🎯 GUIDANCE STEP 36 (t=538): Loss=0.5864, Rho=32.600342, Grad_norm=0.0307, Final_scale=326.0034
🚀 APPLYING GUIDANCE at step 37 (timestep=512)
🎯 GUIDANCE STEP 37 (t=512): Loss=0.5864, Rho=48.236477, Grad_norm=0.0207, Final_scale=482.3648
🚀 APPLYING GUIDANCE at step 38 (timestep=486)
🎯 GUIDANCE STEP 38 (t=486): Loss=0.5835, Rho=37.351833, Grad_norm=0.0268, Final_scale=373.5183
🚀 APPLYING GUIDANCE at step 39 (timestep=458)
🎯 GUIDANCE STEP 39 (t=458): Loss=0.5859, Rho=25.130356, Grad_norm=0.0398, Final_scale=251.3036
🚀 APPLYING GUIDANCE at step 40 (timestep=428)
🎯 GUIDANCE STEP 40 (t=428): Loss=0.5854, Rho=26.663921, Grad_norm=0.0375, Final_scale=266.6392
🚀 APPLYING GUIDANCE at step 41 (timestep=396)
🎯 GUIDANCE STEP 41 (t=396): Loss=0.5869, Rho=66.955780, Grad_norm=0.0149, Final_scale=669.5578
🚀 APPLYING GUIDANCE at step 42 (timestep=363)
🎯 GUIDANCE STEP 42 (t=363): Loss=0.5854, Rho=6.744128, Grad_norm=0.1483, Final_scale=67.4413
🚀 APPLYING GUIDANCE at step 43 (timestep=327)
🎯 GUIDANCE STEP 43 (t=327): Loss=0.5864, Rho=48.324795, Grad_norm=0.0207, Final_scale=483.2479
🚀 APPLYING GUIDANCE at step 44 (timestep=290)
🎯 GUIDANCE STEP 44 (t=290): Loss=0.5889, Rho=31.472134, Grad_norm=0.0318, Final_scale=314.7213
🚀 APPLYING GUIDANCE at step 45 (timestep=249)
🎯 GUIDANCE STEP 45 (t=249): Loss=0.5859, Rho=34.434322, Grad_norm=0.0290, Final_scale=344.3432
🚀 APPLYING GUIDANCE at step 46 (timestep=206)
🎯 GUIDANCE STEP 46 (t=206): Loss=0.5845, Rho=41.119778, Grad_norm=0.0243, Final_scale=411.1978
🚀 APPLYING GUIDANCE at step 47 (timestep=160)
🎯 GUIDANCE STEP 47 (t=160): Loss=0.5850, Rho=26.775116, Grad_norm=0.0373, Final_scale=267.7512
🚀 APPLYING GUIDANCE at step 48 (timestep=111)
🎯 GUIDANCE STEP 48 (t=111): Loss=0.5830, Rho=46.205112, Grad_norm=0.0216, Final_scale=462.0511
🚀 APPLYING GUIDANCE at step 49 (timestep=57)
🎯 GUIDANCE STEP 49 (t=57): Loss=0.5850, Rho=19.663862, Grad_norm=0.0509, Final_scale=196.6386
[guidance_f17_s50_w8c6_rho10.0_cfg5.0_0701_1458] Generated: generated_videos/subject_consistency/guidance_f17_s50_w8c6_rho10.0_cfg5.0_0701_1458/002_a_bear_hunting_for_prey.mp4
[guidance_f17_s50_w8c6_rho10.0_cfg5.0_0701_1458] Generating video 4/9 (guidance): a zebra bending down to drink water from a river
🎬 STARTING GUIDANCE PIPELINE GENERATION
   Frames: 17, Steps: 50, CFG Scale: 5.0

🔧 GUIDANCE PIPELINE CONFIGURATION:
   Guidance range: 0 - 1001
   Rho scale: 10.0
   V-JEPA kernel_size: 8
   V-JEPA context_length: 6
   V-JEPA stride: 2
   V-JEPA mode: max
   Total timesteps: 50

🚀 APPLYING GUIDANCE at step 0 (timestep=999)
🎯 GUIDANCE STEP 0 (t=999): Loss=0.5356, Rho=93.819130, Grad_norm=0.0107, Final_scale=938.1913
🚀 APPLYING GUIDANCE at step 1 (timestep=992)
🎯 GUIDANCE STEP 1 (t=992): Loss=0.5718, Rho=19.543036, Grad_norm=0.0512, Final_scale=195.4304
🚀 APPLYING GUIDANCE at step 2 (timestep=985)
🎯 GUIDANCE STEP 2 (t=985): Loss=0.6157, Rho=16.879974, Grad_norm=0.0592, Final_scale=168.7997
🚀 APPLYING GUIDANCE at step 3 (timestep=978)
🎯 GUIDANCE STEP 3 (t=978): Loss=0.6265, Rho=10.876258, Grad_norm=0.0919, Final_scale=108.7626
🚀 APPLYING GUIDANCE at step 4 (timestep=971)
🎯 GUIDANCE STEP 4 (t=971): Loss=0.6240, Rho=13.310208, Grad_norm=0.0751, Final_scale=133.1021
🚀 APPLYING GUIDANCE at step 5 (timestep=963)
🎯 GUIDANCE STEP 5 (t=963): Loss=0.6245, Rho=19.530729, Grad_norm=0.0512, Final_scale=195.3073
🚀 APPLYING GUIDANCE at step 6 (timestep=956)
🎯 GUIDANCE STEP 6 (t=956): Loss=0.6270, Rho=10.864012, Grad_norm=0.0920, Final_scale=108.6401
🚀 APPLYING GUIDANCE at step 7 (timestep=948)
🎯 GUIDANCE STEP 7 (t=948): Loss=0.6221, Rho=22.286491, Grad_norm=0.0449, Final_scale=222.8649
🚀 APPLYING GUIDANCE at step 8 (timestep=939)
🎯 GUIDANCE STEP 8 (t=939): Loss=0.6211, Rho=15.605100, Grad_norm=0.0641, Final_scale=156.0510
🚀 APPLYING GUIDANCE at step 9 (timestep=931)
🎯 GUIDANCE STEP 9 (t=931): Loss=0.6206, Rho=19.673424, Grad_norm=0.0508, Final_scale=196.7342
🚀 APPLYING GUIDANCE at step 10 (timestep=922)
🎯 GUIDANCE STEP 10 (t=922): Loss=0.6245, Rho=12.454471, Grad_norm=0.0803, Final_scale=124.5447
🚀 APPLYING GUIDANCE at step 11 (timestep=913)
🎯 GUIDANCE STEP 11 (t=913): Loss=0.6265, Rho=23.810019, Grad_norm=0.0420, Final_scale=238.1002
🚀 APPLYING GUIDANCE at step 12 (timestep=904)
🎯 GUIDANCE STEP 12 (t=904): Loss=0.6260, Rho=26.238869, Grad_norm=0.0381, Final_scale=262.3887
🚀 APPLYING GUIDANCE at step 13 (timestep=894)
🎯 GUIDANCE STEP 13 (t=894): Loss=0.6265, Rho=23.470253, Grad_norm=0.0426, Final_scale=234.7025
🚀 APPLYING GUIDANCE at step 14 (timestep=884)
🎯 GUIDANCE STEP 14 (t=884): Loss=0.6255, Rho=34.641449, Grad_norm=0.0289, Final_scale=346.4145
🚀 APPLYING GUIDANCE at step 15 (timestep=874)
🎯 GUIDANCE STEP 15 (t=874): Loss=0.6270, Rho=21.671421, Grad_norm=0.0461, Final_scale=216.7142
🚀 APPLYING GUIDANCE at step 16 (timestep=864)
🎯 GUIDANCE STEP 16 (t=864): Loss=0.6270, Rho=26.601042, Grad_norm=0.0376, Final_scale=266.0104
🚀 APPLYING GUIDANCE at step 17 (timestep=853)
🎯 GUIDANCE STEP 17 (t=853): Loss=0.6294, Rho=14.614750, Grad_norm=0.0684, Final_scale=146.1475
🚀 APPLYING GUIDANCE at step 18 (timestep=841)
🎯 GUIDANCE STEP 18 (t=841): Loss=0.6265, Rho=38.904385, Grad_norm=0.0257, Final_scale=389.0438
🚀 APPLYING GUIDANCE at step 19 (timestep=829)
🎯 GUIDANCE STEP 19 (t=829): Loss=0.6265, Rho=27.634039, Grad_norm=0.0362, Final_scale=276.3404
🚀 APPLYING GUIDANCE at step 20 (timestep=817)
🎯 GUIDANCE STEP 20 (t=817): Loss=0.6270, Rho=23.601612, Grad_norm=0.0424, Final_scale=236.0161
🚀 APPLYING GUIDANCE at step 21 (timestep=805)
🎯 GUIDANCE STEP 21 (t=805): Loss=0.6270, Rho=22.653383, Grad_norm=0.0441, Final_scale=226.5338
🚀 APPLYING GUIDANCE at step 22 (timestep=792)
🎯 GUIDANCE STEP 22 (t=792): Loss=0.6289, Rho=35.131157, Grad_norm=0.0285, Final_scale=351.3116
🚀 APPLYING GUIDANCE at step 23 (timestep=778)
🎯 GUIDANCE STEP 23 (t=778): Loss=0.6299, Rho=23.302158, Grad_norm=0.0429, Final_scale=233.0216
🚀 APPLYING GUIDANCE at step 24 (timestep=764)
🎯 GUIDANCE STEP 24 (t=764): Loss=0.6250, Rho=19.781376, Grad_norm=0.0506, Final_scale=197.8138
🚀 APPLYING GUIDANCE at step 25 (timestep=749)
🎯 GUIDANCE STEP 25 (t=749): Loss=0.6274, Rho=37.685944, Grad_norm=0.0265, Final_scale=376.8594
🚀 APPLYING GUIDANCE at step 26 (timestep=734)
🎯 GUIDANCE STEP 26 (t=734): Loss=0.6279, Rho=62.293999, Grad_norm=0.0161, Final_scale=622.9400
🚀 APPLYING GUIDANCE at step 27 (timestep=718)
🎯 GUIDANCE STEP 27 (t=718): Loss=0.6284, Rho=22.672501, Grad_norm=0.0441, Final_scale=226.7250
🚀 APPLYING GUIDANCE at step 28 (timestep=701)
🎯 GUIDANCE STEP 28 (t=701): Loss=0.6279, Rho=22.540888, Grad_norm=0.0444, Final_scale=225.4089
🚀 APPLYING GUIDANCE at step 29 (timestep=684)
🎯 GUIDANCE STEP 29 (t=684): Loss=0.6250, Rho=33.371132, Grad_norm=0.0300, Final_scale=333.7113
🚀 APPLYING GUIDANCE at step 30 (timestep=666)
🎯 GUIDANCE STEP 30 (t=666): Loss=0.6265, Rho=37.836868, Grad_norm=0.0264, Final_scale=378.3687
🚀 APPLYING GUIDANCE at step 31 (timestep=647)
🎯 GUIDANCE STEP 31 (t=647): Loss=0.6255, Rho=34.301998, Grad_norm=0.0292, Final_scale=343.0200
🚀 APPLYING GUIDANCE at step 32 (timestep=627)
🎯 GUIDANCE STEP 32 (t=627): Loss=0.6294, Rho=16.573757, Grad_norm=0.0603, Final_scale=165.7376
🚀 APPLYING GUIDANCE at step 33 (timestep=606)
🎯 GUIDANCE STEP 33 (t=606): Loss=0.6270, Rho=44.830616, Grad_norm=0.0223, Final_scale=448.3062
🚀 APPLYING GUIDANCE at step 34 (timestep=585)
🎯 GUIDANCE STEP 34 (t=585): Loss=0.6289, Rho=71.071526, Grad_norm=0.0141, Final_scale=710.7153
🚀 APPLYING GUIDANCE at step 35 (timestep=562)
🎯 GUIDANCE STEP 35 (t=562): Loss=0.6318, Rho=67.650909, Grad_norm=0.0148, Final_scale=676.5091
🚀 APPLYING GUIDANCE at step 36 (timestep=538)
🎯 GUIDANCE STEP 36 (t=538): Loss=0.6309, Rho=35.614773, Grad_norm=0.0281, Final_scale=356.1477
🚀 APPLYING GUIDANCE at step 37 (timestep=512)
🎯 GUIDANCE STEP 37 (t=512): Loss=0.6299, Rho=33.541679, Grad_norm=0.0298, Final_scale=335.4168
🚀 APPLYING GUIDANCE at step 38 (timestep=486)
🎯 GUIDANCE STEP 38 (t=486): Loss=0.6270, Rho=75.322250, Grad_norm=0.0133, Final_scale=753.2225
🚀 APPLYING GUIDANCE at step 39 (timestep=458)
🎯 GUIDANCE STEP 39 (t=458): Loss=0.6260, Rho=42.381302, Grad_norm=0.0236, Final_scale=423.8130
🚀 APPLYING GUIDANCE at step 40 (timestep=428)
🎯 GUIDANCE STEP 40 (t=428): Loss=0.6284, Rho=62.082207, Grad_norm=0.0161, Final_scale=620.8221
🚀 APPLYING GUIDANCE at step 41 (timestep=396)
🎯 GUIDANCE STEP 41 (t=396): Loss=0.6255, Rho=56.505222, Grad_norm=0.0177, Final_scale=565.0522
🚀 APPLYING GUIDANCE at step 42 (timestep=363)
🎯 GUIDANCE STEP 42 (t=363): Loss=0.6250, Rho=21.543278, Grad_norm=0.0464, Final_scale=215.4328
🚀 APPLYING GUIDANCE at step 43 (timestep=327)
🎯 GUIDANCE STEP 43 (t=327): Loss=0.6279, Rho=21.646345, Grad_norm=0.0462, Final_scale=216.4635
🚀 APPLYING GUIDANCE at step 44 (timestep=290)
🎯 GUIDANCE STEP 44 (t=290): Loss=0.6265, Rho=10.172523, Grad_norm=0.0983, Final_scale=101.7252
🚀 APPLYING GUIDANCE at step 45 (timestep=249)
🎯 GUIDANCE STEP 45 (t=249): Loss=0.6260, Rho=47.631664, Grad_norm=0.0210, Final_scale=476.3166
🚀 APPLYING GUIDANCE at step 46 (timestep=206)
🎯 GUIDANCE STEP 46 (t=206): Loss=0.6250, Rho=13.365758, Grad_norm=0.0748, Final_scale=133.6576
🚀 APPLYING GUIDANCE at step 47 (timestep=160)
🎯 GUIDANCE STEP 47 (t=160): Loss=0.6289, Rho=41.268459, Grad_norm=0.0242, Final_scale=412.6846
🚀 APPLYING GUIDANCE at step 48 (timestep=111)
🎯 GUIDANCE STEP 48 (t=111): Loss=0.6255, Rho=46.076221, Grad_norm=0.0217, Final_scale=460.7622
🚀 APPLYING GUIDANCE at step 49 (timestep=57)
🎯 GUIDANCE STEP 49 (t=57): Loss=0.6221, Rho=40.555775, Grad_norm=0.0247, Final_scale=405.5577
[guidance_f17_s50_w8c6_rho10.0_cfg5.0_0701_1458] Generated: generated_videos/subject_consistency/guidance_f17_s50_w8c6_rho10.0_cfg5.0_0701_1458/002_a_bird_soaring_gracefully_in_the_sky.mp4
[guidance_f17_s50_w8c6_rho10.0_cfg5.0_0701_1458] Generating video 4/9 (guidance): a bird building a nest from twigs and leaves
🎬 STARTING GUIDANCE PIPELINE GENERATION
   Frames: 17, Steps: 50, CFG Scale: 5.0

🔧 GUIDANCE PIPELINE CONFIGURATION:
   Guidance range: 0 - 1001
   Rho scale: 10.0
   V-JEPA kernel_size: 8
   V-JEPA context_length: 6
   V-JEPA stride: 2
   V-JEPA mode: max
   Total timesteps: 50

🚀 APPLYING GUIDANCE at step 0 (timestep=999)
🎯 GUIDANCE STEP 0 (t=999): Loss=0.5430, Rho=104.381241, Grad_norm=0.0096, Final_scale=1043.8124
🚀 APPLYING GUIDANCE at step 1 (timestep=992)
🎯 GUIDANCE STEP 1 (t=992): Loss=0.5806, Rho=16.831133, Grad_norm=0.0594, Final_scale=168.3113
🚀 APPLYING GUIDANCE at step 2 (timestep=985)
🎯 GUIDANCE STEP 2 (t=985): Loss=0.5679, Rho=34.503841, Grad_norm=0.0290, Final_scale=345.0384
🚀 APPLYING GUIDANCE at step 3 (timestep=978)
🎯 GUIDANCE STEP 3 (t=978): Loss=0.5664, Rho=35.973602, Grad_norm=0.0278, Final_scale=359.7360
🚀 APPLYING GUIDANCE at step 4 (timestep=971)
🎯 GUIDANCE STEP 4 (t=971): Loss=0.5674, Rho=29.111326, Grad_norm=0.0344, Final_scale=291.1133
🚀 APPLYING GUIDANCE at step 5 (timestep=963)
🎯 GUIDANCE STEP 5 (t=963): Loss=0.5664, Rho=27.441837, Grad_norm=0.0364, Final_scale=274.4184
🚀 APPLYING GUIDANCE at step 6 (timestep=956)
🎯 GUIDANCE STEP 6 (t=956): Loss=0.5684, Rho=9.427536, Grad_norm=0.1061, Final_scale=94.2754
🚀 APPLYING GUIDANCE at step 7 (timestep=948)
🎯 GUIDANCE STEP 7 (t=948): Loss=0.5723, Rho=27.595636, Grad_norm=0.0362, Final_scale=275.9564
🚀 APPLYING GUIDANCE at step 8 (timestep=939)
🎯 GUIDANCE STEP 8 (t=939): Loss=0.5762, Rho=25.958706, Grad_norm=0.0385, Final_scale=259.5871
🚀 APPLYING GUIDANCE at step 9 (timestep=931)
🎯 GUIDANCE STEP 9 (t=931): Loss=0.5693, Rho=21.837234, Grad_norm=0.0458, Final_scale=218.3723
🚀 APPLYING GUIDANCE at step 10 (timestep=922)
🎯 GUIDANCE STEP 10 (t=922): Loss=0.5693, Rho=5.320529, Grad_norm=0.1880, Final_scale=53.2053
🚀 APPLYING GUIDANCE at step 11 (timestep=913)
🎯 GUIDANCE STEP 11 (t=913): Loss=0.5728, Rho=16.078106, Grad_norm=0.0622, Final_scale=160.7811
🚀 APPLYING GUIDANCE at step 12 (timestep=904)
🎯 GUIDANCE STEP 12 (t=904): Loss=0.5771, Rho=20.878174, Grad_norm=0.0479, Final_scale=208.7817
🚀 APPLYING GUIDANCE at step 13 (timestep=894)
🎯 GUIDANCE STEP 13 (t=894): Loss=0.5801, Rho=10.081182, Grad_norm=0.0992, Final_scale=100.8118
🚀 APPLYING GUIDANCE at step 14 (timestep=884)
🎯 GUIDANCE STEP 14 (t=884): Loss=0.5864, Rho=9.102161, Grad_norm=0.1099, Final_scale=91.0216
🚀 APPLYING GUIDANCE at step 15 (timestep=874)
🎯 GUIDANCE STEP 15 (t=874): Loss=0.5859, Rho=12.832336, Grad_norm=0.0779, Final_scale=128.3234
🚀 APPLYING GUIDANCE at step 16 (timestep=864)
🎯 GUIDANCE STEP 16 (t=864): Loss=0.5845, Rho=11.901152, Grad_norm=0.0840, Final_scale=119.0115
🚀 APPLYING GUIDANCE at step 17 (timestep=853)
🎯 GUIDANCE STEP 17 (t=853): Loss=0.5771, Rho=10.938871, Grad_norm=0.0914, Final_scale=109.3887
🚀 APPLYING GUIDANCE at step 18 (timestep=841)
🎯 GUIDANCE STEP 18 (t=841): Loss=0.5903, Rho=16.906757, Grad_norm=0.0591, Final_scale=169.0676
🚀 APPLYING GUIDANCE at step 19 (timestep=829)
🎯 GUIDANCE STEP 19 (t=829): Loss=0.5835, Rho=19.661110, Grad_norm=0.0509, Final_scale=196.6111
🚀 APPLYING GUIDANCE at step 20 (timestep=817)
🎯 GUIDANCE STEP 20 (t=817): Loss=0.5815, Rho=26.528202, Grad_norm=0.0377, Final_scale=265.2820
🚀 APPLYING GUIDANCE at step 21 (timestep=805)
🎯 GUIDANCE STEP 21 (t=805): Loss=0.5840, Rho=37.426205, Grad_norm=0.0267, Final_scale=374.2620
🚀 APPLYING GUIDANCE at step 22 (timestep=792)
🎯 GUIDANCE STEP 22 (t=792): Loss=0.5850, Rho=22.364452, Grad_norm=0.0447, Final_scale=223.6445
🚀 APPLYING GUIDANCE at step 23 (timestep=778)
🎯 GUIDANCE STEP 23 (t=778): Loss=0.5884, Rho=16.888798, Grad_norm=0.0592, Final_scale=168.8880
🚀 APPLYING GUIDANCE at step 24 (timestep=764)
🎯 GUIDANCE STEP 24 (t=764): Loss=0.5850, Rho=17.606764, Grad_norm=0.0568, Final_scale=176.0676
🚀 APPLYING GUIDANCE at step 25 (timestep=749)
🎯 GUIDANCE STEP 25 (t=749): Loss=0.5850, Rho=14.712839, Grad_norm=0.0680, Final_scale=147.1284
🚀 APPLYING GUIDANCE at step 26 (timestep=734)
🎯 GUIDANCE STEP 26 (t=734): Loss=0.5840, Rho=18.817976, Grad_norm=0.0531, Final_scale=188.1798
🚀 APPLYING GUIDANCE at step 27 (timestep=718)
🎯 GUIDANCE STEP 27 (t=718): Loss=0.5811, Rho=8.506793, Grad_norm=0.1176, Final_scale=85.0679
🚀 APPLYING GUIDANCE at step 28 (timestep=701)
🎯 GUIDANCE STEP 28 (t=701): Loss=0.5850, Rho=27.015223, Grad_norm=0.0370, Final_scale=270.1522
🚀 APPLYING GUIDANCE at step 29 (timestep=684)
🎯 GUIDANCE STEP 29 (t=684): Loss=0.5820, Rho=21.115995, Grad_norm=0.0474, Final_scale=211.1600
🚀 APPLYING GUIDANCE at step 30 (timestep=666)
🎯 GUIDANCE STEP 30 (t=666): Loss=0.5811, Rho=25.026079, Grad_norm=0.0400, Final_scale=250.2608
🚀 APPLYING GUIDANCE at step 31 (timestep=647)
🎯 GUIDANCE STEP 31 (t=647): Loss=0.5801, Rho=32.491497, Grad_norm=0.0308, Final_scale=324.9150
🚀 APPLYING GUIDANCE at step 32 (timestep=627)
🎯 GUIDANCE STEP 32 (t=627): Loss=0.5845, Rho=29.502520, Grad_norm=0.0339, Final_scale=295.0252
🚀 APPLYING GUIDANCE at step 33 (timestep=606)
🎯 GUIDANCE STEP 33 (t=606): Loss=0.5850, Rho=14.585626, Grad_norm=0.0686, Final_scale=145.8563
🚀 APPLYING GUIDANCE at step 34 (timestep=585)
🎯 GUIDANCE STEP 34 (t=585): Loss=0.5825, Rho=27.989059, Grad_norm=0.0357, Final_scale=279.8906
🚀 APPLYING GUIDANCE at step 35 (timestep=562)
🎯 GUIDANCE STEP 35 (t=562): Loss=0.5859, Rho=26.109949, Grad_norm=0.0383, Final_scale=261.0995
🚀 APPLYING GUIDANCE at step 36 (timestep=538)
🎯 GUIDANCE STEP 36 (t=538): Loss=0.5840, Rho=29.724014, Grad_norm=0.0336, Final_scale=297.2401
🚀 APPLYING GUIDANCE at step 37 (timestep=512)
🎯 GUIDANCE STEP 37 (t=512): Loss=0.5859, Rho=24.974749, Grad_norm=0.0400, Final_scale=249.7475
🚀 APPLYING GUIDANCE at step 38 (timestep=486)
🎯 GUIDANCE STEP 38 (t=486): Loss=0.5845, Rho=33.073769, Grad_norm=0.0302, Final_scale=330.7377
🚀 APPLYING GUIDANCE at step 39 (timestep=458)
🎯 GUIDANCE STEP 39 (t=458): Loss=0.5815, Rho=25.666576, Grad_norm=0.0390, Final_scale=256.6658
🚀 APPLYING GUIDANCE at step 40 (timestep=428)
🎯 GUIDANCE STEP 40 (t=428): Loss=0.5854, Rho=35.360432, Grad_norm=0.0283, Final_scale=353.6043
🚀 APPLYING GUIDANCE at step 41 (timestep=396)
🎯 GUIDANCE STEP 41 (t=396): Loss=0.5811, Rho=10.485074, Grad_norm=0.0954, Final_scale=104.8507
🚀 APPLYING GUIDANCE at step 42 (timestep=363)
🎯 GUIDANCE STEP 42 (t=363): Loss=0.5815, Rho=13.799244, Grad_norm=0.0725, Final_scale=137.9924
🚀 APPLYING GUIDANCE at step 43 (timestep=327)
🎯 GUIDANCE STEP 43 (t=327): Loss=0.5835, Rho=39.048458, Grad_norm=0.0256, Final_scale=390.4846
🚀 APPLYING GUIDANCE at step 44 (timestep=290)
🎯 GUIDANCE STEP 44 (t=290): Loss=0.5854, Rho=32.696049, Grad_norm=0.0306, Final_scale=326.9605
🚀 APPLYING GUIDANCE at step 45 (timestep=249)
🎯 GUIDANCE STEP 45 (t=249): Loss=0.5825, Rho=26.430004, Grad_norm=0.0378, Final_scale=264.3000
🚀 APPLYING GUIDANCE at step 46 (timestep=206)
🎯 GUIDANCE STEP 46 (t=206): Loss=0.5825, Rho=11.262764, Grad_norm=0.0888, Final_scale=112.6276
🚀 APPLYING GUIDANCE at step 47 (timestep=160)
🎯 GUIDANCE STEP 47 (t=160): Loss=0.5850, Rho=24.981333, Grad_norm=0.0400, Final_scale=249.8133
🚀 APPLYING GUIDANCE at step 48 (timestep=111)
🎯 GUIDANCE STEP 48 (t=111): Loss=0.5830, Rho=15.366120, Grad_norm=0.0651, Final_scale=153.6612
🚀 APPLYING GUIDANCE at step 49 (timestep=57)
🎯 GUIDANCE STEP 49 (t=57): Loss=0.5845, Rho=16.905207, Grad_norm=0.0592, Final_scale=169.0521
[guidance_f17_s50_w8c6_rho10.0_cfg5.0_0701_1458] Generated: generated_videos/subject_consistency/guidance_f17_s50_w8c6_rho10.0_cfg5.0_0701_1458/002_an_airplane_soaring_through_a_clear_blue_sky.mp4
[guidance_f17_s50_w8c6_rho10.0_cfg5.0_0701_1458] Generating video 4/9 (guidance): an airplane taking off
🎬 STARTING GUIDANCE PIPELINE GENERATION
   Frames: 17, Steps: 50, CFG Scale: 5.0

🔧 GUIDANCE PIPELINE CONFIGURATION:
   Guidance range: 0 - 1001
   Rho scale: 10.0
   V-JEPA kernel_size: 8
   V-JEPA context_length: 6
   V-JEPA stride: 2
   V-JEPA mode: max
   Total timesteps: 50

🚀 APPLYING GUIDANCE at step 0 (timestep=999)
🎯 GUIDANCE STEP 0 (t=999): Loss=0.5771, Rho=14.673492, Grad_norm=0.0682, Final_scale=146.7349
🚀 APPLYING GUIDANCE at step 1 (timestep=992)
🎯 GUIDANCE STEP 1 (t=992): Loss=0.5347, Rho=29.419489, Grad_norm=0.0340, Final_scale=294.1949
🚀 APPLYING GUIDANCE at step 2 (timestep=985)
🎯 GUIDANCE STEP 2 (t=985): Loss=0.5479, Rho=11.865318, Grad_norm=0.0843, Final_scale=118.6532
🚀 APPLYING GUIDANCE at step 3 (timestep=978)
🎯 GUIDANCE STEP 3 (t=978): Loss=0.5527, Rho=15.062429, Grad_norm=0.0664, Final_scale=150.6243
🚀 APPLYING GUIDANCE at step 4 (timestep=971)
🎯 GUIDANCE STEP 4 (t=971): Loss=0.5571, Rho=5.281230, Grad_norm=0.1893, Final_scale=52.8123
🚀 APPLYING GUIDANCE at step 5 (timestep=963)
🎯 GUIDANCE STEP 5 (t=963): Loss=0.5684, Rho=19.712099, Grad_norm=0.0507, Final_scale=197.1210
🚀 APPLYING GUIDANCE at step 6 (timestep=956)
🎯 GUIDANCE STEP 6 (t=956): Loss=0.5732, Rho=19.053251, Grad_norm=0.0525, Final_scale=190.5325
🚀 APPLYING GUIDANCE at step 7 (timestep=948)
🎯 GUIDANCE STEP 7 (t=948): Loss=0.5938, Rho=14.223075, Grad_norm=0.0703, Final_scale=142.2307
🚀 APPLYING GUIDANCE at step 8 (timestep=939)
🎯 GUIDANCE STEP 8 (t=939): Loss=0.5967, Rho=7.480168, Grad_norm=0.1337, Final_scale=74.8017
🚀 APPLYING GUIDANCE at step 9 (timestep=931)
🎯 GUIDANCE STEP 9 (t=931): Loss=0.6025, Rho=5.289544, Grad_norm=0.1891, Final_scale=52.8954
🚀 APPLYING GUIDANCE at step 10 (timestep=922)
🎯 GUIDANCE STEP 10 (t=922): Loss=0.5996, Rho=7.513537, Grad_norm=0.1331, Final_scale=75.1354
🚀 APPLYING GUIDANCE at step 11 (timestep=913)
🎯 GUIDANCE STEP 11 (t=913): Loss=0.6055, Rho=2.481263, Grad_norm=0.4030, Final_scale=24.8126
🚀 APPLYING GUIDANCE at step 12 (timestep=904)
🎯 GUIDANCE STEP 12 (t=904): Loss=0.6191, Rho=9.215798, Grad_norm=0.1085, Final_scale=92.1580
🚀 APPLYING GUIDANCE at step 13 (timestep=894)
🎯 GUIDANCE STEP 13 (t=894): Loss=0.6138, Rho=5.093850, Grad_norm=0.1963, Final_scale=50.9385
🚀 APPLYING GUIDANCE at step 14 (timestep=884)
🎯 GUIDANCE STEP 14 (t=884): Loss=0.6084, Rho=5.808255, Grad_norm=0.1722, Final_scale=58.0826
🚀 APPLYING GUIDANCE at step 15 (timestep=874)
🎯 GUIDANCE STEP 15 (t=874): Loss=0.6201, Rho=3.352136, Grad_norm=0.2983, Final_scale=33.5214
🚀 APPLYING GUIDANCE at step 16 (timestep=864)
🎯 GUIDANCE STEP 16 (t=864): Loss=0.6196, Rho=1.629376, Grad_norm=0.6137, Final_scale=16.2938
🚀 APPLYING GUIDANCE at step 17 (timestep=853)
🎯 GUIDANCE STEP 17 (t=853): Loss=0.6270, Rho=9.271657, Grad_norm=0.1079, Final_scale=92.7166
🚀 APPLYING GUIDANCE at step 18 (timestep=841)
🎯 GUIDANCE STEP 18 (t=841): Loss=0.6318, Rho=0.668821, Grad_norm=1.4952, Final_scale=6.6882
🚀 APPLYING GUIDANCE at step 19 (timestep=829)
🎯 GUIDANCE STEP 19 (t=829): Loss=0.6289, Rho=4.469944, Grad_norm=0.2237, Final_scale=44.6994
🚀 APPLYING GUIDANCE at step 20 (timestep=817)
🎯 GUIDANCE STEP 20 (t=817): Loss=0.6235, Rho=5.976340, Grad_norm=0.1673, Final_scale=59.7634
🚀 APPLYING GUIDANCE at step 21 (timestep=805)
🎯 GUIDANCE STEP 21 (t=805): Loss=0.6177, Rho=5.642128, Grad_norm=0.1772, Final_scale=56.4213
🚀 APPLYING GUIDANCE at step 22 (timestep=792)
🎯 GUIDANCE STEP 22 (t=792): Loss=0.6182, Rho=3.102374, Grad_norm=0.3223, Final_scale=31.0237
🚀 APPLYING GUIDANCE at step 23 (timestep=778)
🎯 GUIDANCE STEP 23 (t=778): Loss=0.6143, Rho=7.570871, Grad_norm=0.1321, Final_scale=75.7087
🚀 APPLYING GUIDANCE at step 24 (timestep=764)
🎯 GUIDANCE STEP 24 (t=764): Loss=0.6143, Rho=7.408411, Grad_norm=0.1350, Final_scale=74.0841
🚀 APPLYING GUIDANCE at step 25 (timestep=749)
🎯 GUIDANCE STEP 25 (t=749): Loss=0.6162, Rho=5.336399, Grad_norm=0.1874, Final_scale=53.3640
🚀 APPLYING GUIDANCE at step 26 (timestep=734)
🎯 GUIDANCE STEP 26 (t=734): Loss=0.6206, Rho=7.492438, Grad_norm=0.1335, Final_scale=74.9244
🚀 APPLYING GUIDANCE at step 27 (timestep=718)
🎯 GUIDANCE STEP 27 (t=718): Loss=0.6157, Rho=7.177847, Grad_norm=0.1393, Final_scale=71.7785
🚀 APPLYING GUIDANCE at step 28 (timestep=701)
🎯 GUIDANCE STEP 28 (t=701): Loss=0.6182, Rho=4.218163, Grad_norm=0.2371, Final_scale=42.1816
🚀 APPLYING GUIDANCE at step 29 (timestep=684)
🎯 GUIDANCE STEP 29 (t=684): Loss=0.6157, Rho=6.138389, Grad_norm=0.1629, Final_scale=61.3839
🚀 APPLYING GUIDANCE at step 30 (timestep=666)
🎯 GUIDANCE STEP 30 (t=666): Loss=0.6201, Rho=5.648427, Grad_norm=0.1770, Final_scale=56.4843
🚀 APPLYING GUIDANCE at step 31 (timestep=647)
🎯 GUIDANCE STEP 31 (t=647): Loss=0.6182, Rho=5.384723, Grad_norm=0.1857, Final_scale=53.8472
🚀 APPLYING GUIDANCE at step 32 (timestep=627)
🎯 GUIDANCE STEP 32 (t=627): Loss=0.6187, Rho=3.191497, Grad_norm=0.3133, Final_scale=31.9150
🚀 APPLYING GUIDANCE at step 33 (timestep=606)
🎯 GUIDANCE STEP 33 (t=606): Loss=0.6196, Rho=6.892568, Grad_norm=0.1451, Final_scale=68.9257
🚀 APPLYING GUIDANCE at step 34 (timestep=585)
🎯 GUIDANCE STEP 34 (t=585): Loss=0.6187, Rho=9.103496, Grad_norm=0.1098, Final_scale=91.0350
🚀 APPLYING GUIDANCE at step 35 (timestep=562)
🎯 GUIDANCE STEP 35 (t=562): Loss=0.6221, Rho=9.378308, Grad_norm=0.1066, Final_scale=93.7831
🚀 APPLYING GUIDANCE at step 36 (timestep=538)
🎯 GUIDANCE STEP 36 (t=538): Loss=0.6187, Rho=8.007976, Grad_norm=0.1249, Final_scale=80.0798
🚀 APPLYING GUIDANCE at step 37 (timestep=512)
🎯 GUIDANCE STEP 37 (t=512): Loss=0.6172, Rho=7.831279, Grad_norm=0.1277, Final_scale=78.3128
🚀 APPLYING GUIDANCE at step 38 (timestep=486)
🎯 GUIDANCE STEP 38 (t=486): Loss=0.6182, Rho=3.830785, Grad_norm=0.2610, Final_scale=38.3079
🚀 APPLYING GUIDANCE at step 39 (timestep=458)
🎯 GUIDANCE STEP 39 (t=458): Loss=0.6177, Rho=13.477837, Grad_norm=0.0742, Final_scale=134.7784
🚀 APPLYING GUIDANCE at step 40 (timestep=428)
🎯 GUIDANCE STEP 40 (t=428): Loss=0.6196, Rho=14.053975, Grad_norm=0.0712, Final_scale=140.5398
🚀 APPLYING GUIDANCE at step 41 (timestep=396)
🎯 GUIDANCE STEP 41 (t=396): Loss=0.6162, Rho=11.492003, Grad_norm=0.0870, Final_scale=114.9200
🚀 APPLYING GUIDANCE at step 42 (timestep=363)
🎯 GUIDANCE STEP 42 (t=363): Loss=0.6177, Rho=12.278278, Grad_norm=0.0814, Final_scale=122.7828
🚀 APPLYING GUIDANCE at step 43 (timestep=327)
🎯 GUIDANCE STEP 43 (t=327): Loss=0.6187, Rho=5.872975, Grad_norm=0.1703, Final_scale=58.7297
🚀 APPLYING GUIDANCE at step 44 (timestep=290)
🎯 GUIDANCE STEP 44 (t=290): Loss=0.6152, Rho=13.735745, Grad_norm=0.0728, Final_scale=137.3575
🚀 APPLYING GUIDANCE at step 45 (timestep=249)
🎯 GUIDANCE STEP 45 (t=249): Loss=0.6128, Rho=15.559821, Grad_norm=0.0643, Final_scale=155.5982
🚀 APPLYING GUIDANCE at step 46 (timestep=206)
🎯 GUIDANCE STEP 46 (t=206): Loss=0.6147, Rho=5.775853, Grad_norm=0.1731, Final_scale=57.7585
🚀 APPLYING GUIDANCE at step 47 (timestep=160)
🎯 GUIDANCE STEP 47 (t=160): Loss=0.6152, Rho=23.696512, Grad_norm=0.0422, Final_scale=236.9651
🚀 APPLYING GUIDANCE at step 48 (timestep=111)
🎯 GUIDANCE STEP 48 (t=111): Loss=0.6108, Rho=18.113731, Grad_norm=0.0552, Final_scale=181.1373
🚀 APPLYING GUIDANCE at step 49 (timestep=57)
🎯 GUIDANCE STEP 49 (t=57): Loss=0.6089, Rho=12.590284, Grad_norm=0.0794, Final_scale=125.9028
[guidance_f17_s50_w8c6_rho10.0_cfg5.0_0701_1458] Generated: generated_videos/subject_consistency/guidance_f17_s50_w8c6_rho10.0_cfg5.0_0701_1458/002_a_train_accelerating_to_gain_speed.mp4
[guidance_f17_s50_w8c6_rho10.0_cfg5.0_0701_1458] Generating video 4/9 (guidance): a truck turning a corner
🎬 STARTING GUIDANCE PIPELINE GENERATION
   Frames: 17, Steps: 50, CFG Scale: 5.0

🔧 GUIDANCE PIPELINE CONFIGURATION:
   Guidance range: 0 - 1001
   Rho scale: 10.0
   V-JEPA kernel_size: 8
   V-JEPA context_length: 6
   V-JEPA stride: 2
   V-JEPA mode: max
   Total timesteps: 50

🚀 APPLYING GUIDANCE at step 0 (timestep=999)
🎯 GUIDANCE STEP 0 (t=999): Loss=0.5391, Rho=16.044416, Grad_norm=0.0623, Final_scale=160.4442
🚀 APPLYING GUIDANCE at step 1 (timestep=992)
🎯 GUIDANCE STEP 1 (t=992): Loss=0.5337, Rho=29.407469, Grad_norm=0.0340, Final_scale=294.0747
🚀 APPLYING GUIDANCE at step 2 (timestep=985)
🎯 GUIDANCE STEP 2 (t=985): Loss=0.5620, Rho=33.426102, Grad_norm=0.0299, Final_scale=334.2610
🚀 APPLYING GUIDANCE at step 3 (timestep=978)
🎯 GUIDANCE STEP 3 (t=978): Loss=0.5645, Rho=24.836281, Grad_norm=0.0403, Final_scale=248.3628
🚀 APPLYING GUIDANCE at step 4 (timestep=971)
🎯 GUIDANCE STEP 4 (t=971): Loss=0.5723, Rho=10.495888, Grad_norm=0.0953, Final_scale=104.9589
🚀 APPLYING GUIDANCE at step 5 (timestep=963)
🎯 GUIDANCE STEP 5 (t=963): Loss=0.5791, Rho=30.594231, Grad_norm=0.0327, Final_scale=305.9423
🚀 APPLYING GUIDANCE at step 6 (timestep=956)
🎯 GUIDANCE STEP 6 (t=956): Loss=0.5747, Rho=26.624224, Grad_norm=0.0376, Final_scale=266.2422
🚀 APPLYING GUIDANCE at step 7 (timestep=948)
🎯 GUIDANCE STEP 7 (t=948): Loss=0.5752, Rho=19.642315, Grad_norm=0.0509, Final_scale=196.4231
🚀 APPLYING GUIDANCE at step 8 (timestep=939)
🎯 GUIDANCE STEP 8 (t=939): Loss=0.5864, Rho=17.092026, Grad_norm=0.0585, Final_scale=170.9203
🚀 APPLYING GUIDANCE at step 9 (timestep=931)
🎯 GUIDANCE STEP 9 (t=931): Loss=0.5933, Rho=31.206963, Grad_norm=0.0320, Final_scale=312.0696
🚀 APPLYING GUIDANCE at step 10 (timestep=922)
🎯 GUIDANCE STEP 10 (t=922): Loss=0.6021, Rho=19.768660, Grad_norm=0.0506, Final_scale=197.6866
🚀 APPLYING GUIDANCE at step 11 (timestep=913)
🎯 GUIDANCE STEP 11 (t=913): Loss=0.6016, Rho=10.961490, Grad_norm=0.0912, Final_scale=109.6149
🚀 APPLYING GUIDANCE at step 12 (timestep=904)
🎯 GUIDANCE STEP 12 (t=904): Loss=0.6108, Rho=5.114106, Grad_norm=0.1955, Final_scale=51.1411
🚀 APPLYING GUIDANCE at step 13 (timestep=894)
🎯 GUIDANCE STEP 13 (t=894): Loss=0.6133, Rho=17.784792, Grad_norm=0.0562, Final_scale=177.8479
🚀 APPLYING GUIDANCE at step 14 (timestep=884)
🎯 GUIDANCE STEP 14 (t=884): Loss=0.6182, Rho=18.217710, Grad_norm=0.0549, Final_scale=182.1771
🚀 APPLYING GUIDANCE at step 15 (timestep=874)
🎯 GUIDANCE STEP 15 (t=874): Loss=0.6138, Rho=13.234152, Grad_norm=0.0756, Final_scale=132.3415
🚀 APPLYING GUIDANCE at step 16 (timestep=864)
🎯 GUIDANCE STEP 16 (t=864): Loss=0.6069, Rho=8.698375, Grad_norm=0.1150, Final_scale=86.9837
🚀 APPLYING GUIDANCE at step 17 (timestep=853)
🎯 GUIDANCE STEP 17 (t=853): Loss=0.6128, Rho=3.692083, Grad_norm=0.2708, Final_scale=36.9208
🚀 APPLYING GUIDANCE at step 18 (timestep=841)
🎯 GUIDANCE STEP 18 (t=841): Loss=0.6040, Rho=11.981779, Grad_norm=0.0835, Final_scale=119.8178
🚀 APPLYING GUIDANCE at step 19 (timestep=829)
🎯 GUIDANCE STEP 19 (t=829): Loss=0.6006, Rho=13.953986, Grad_norm=0.0717, Final_scale=139.5399
🚀 APPLYING GUIDANCE at step 20 (timestep=817)
🎯 GUIDANCE STEP 20 (t=817): Loss=0.6021, Rho=10.127454, Grad_norm=0.0987, Final_scale=101.2745
🚀 APPLYING GUIDANCE at step 21 (timestep=805)
🎯 GUIDANCE STEP 21 (t=805): Loss=0.6055, Rho=9.408008, Grad_norm=0.1063, Final_scale=94.0801
🚀 APPLYING GUIDANCE at step 22 (timestep=792)
🎯 GUIDANCE STEP 22 (t=792): Loss=0.6060, Rho=5.712846, Grad_norm=0.1750, Final_scale=57.1285
🚀 APPLYING GUIDANCE at step 23 (timestep=778)
🎯 GUIDANCE STEP 23 (t=778): Loss=0.6035, Rho=7.791158, Grad_norm=0.1284, Final_scale=77.9116
🚀 APPLYING GUIDANCE at step 24 (timestep=764)
🎯 GUIDANCE STEP 24 (t=764): Loss=0.5972, Rho=12.450740, Grad_norm=0.0803, Final_scale=124.5074
🚀 APPLYING GUIDANCE at step 25 (timestep=749)
🎯 GUIDANCE STEP 25 (t=749): Loss=0.6045, Rho=20.065815, Grad_norm=0.0498, Final_scale=200.6581
🚀 APPLYING GUIDANCE at step 26 (timestep=734)
🎯 GUIDANCE STEP 26 (t=734): Loss=0.6016, Rho=9.452467, Grad_norm=0.1058, Final_scale=94.5247
🚀 APPLYING GUIDANCE at step 27 (timestep=718)
🎯 GUIDANCE STEP 27 (t=718): Loss=0.5991, Rho=15.708235, Grad_norm=0.0637, Final_scale=157.0823
🚀 APPLYING GUIDANCE at step 28 (timestep=701)
🎯 GUIDANCE STEP 28 (t=701): Loss=0.5981, Rho=5.106835, Grad_norm=0.1958, Final_scale=51.0683
🚀 APPLYING GUIDANCE at step 29 (timestep=684)
🎯 GUIDANCE STEP 29 (t=684): Loss=0.5996, Rho=12.358982, Grad_norm=0.0809, Final_scale=123.5898
🚀 APPLYING GUIDANCE at step 30 (timestep=666)
🎯 GUIDANCE STEP 30 (t=666): Loss=0.5986, Rho=11.867726, Grad_norm=0.0843, Final_scale=118.6773
🚀 APPLYING GUIDANCE at step 31 (timestep=647)
🎯 GUIDANCE STEP 31 (t=647): Loss=0.6045, Rho=15.631872, Grad_norm=0.0640, Final_scale=156.3187
🚀 APPLYING GUIDANCE at step 32 (timestep=627)
🎯 GUIDANCE STEP 32 (t=627): Loss=0.6006, Rho=17.713741, Grad_norm=0.0565, Final_scale=177.1374
🚀 APPLYING GUIDANCE at step 33 (timestep=606)
🎯 GUIDANCE STEP 33 (t=606): Loss=0.5952, Rho=4.882472, Grad_norm=0.2048, Final_scale=48.8247
🚀 APPLYING GUIDANCE at step 34 (timestep=585)
🎯 GUIDANCE STEP 34 (t=585): Loss=0.5977, Rho=8.992073, Grad_norm=0.1112, Final_scale=89.9207
🚀 APPLYING GUIDANCE at step 35 (timestep=562)
🎯 GUIDANCE STEP 35 (t=562): Loss=0.5967, Rho=9.267325, Grad_norm=0.1079, Final_scale=92.6733
🚀 APPLYING GUIDANCE at step 36 (timestep=538)
🎯 GUIDANCE STEP 36 (t=538): Loss=0.5967, Rho=6.353832, Grad_norm=0.1574, Final_scale=63.5383
🚀 APPLYING GUIDANCE at step 37 (timestep=512)
🎯 GUIDANCE STEP 37 (t=512): Loss=0.5967, Rho=10.264099, Grad_norm=0.0974, Final_scale=102.6410
🚀 APPLYING GUIDANCE at step 38 (timestep=486)
🎯 GUIDANCE STEP 38 (t=486): Loss=0.5991, Rho=2.602548, Grad_norm=0.3842, Final_scale=26.0255
🚀 APPLYING GUIDANCE at step 39 (timestep=458)
🎯 GUIDANCE STEP 39 (t=458): Loss=0.5967, Rho=3.923991, Grad_norm=0.2548, Final_scale=39.2399
🚀 APPLYING GUIDANCE at step 40 (timestep=428)
🎯 GUIDANCE STEP 40 (t=428): Loss=0.5977, Rho=12.284869, Grad_norm=0.0814, Final_scale=122.8487
🚀 APPLYING GUIDANCE at step 41 (timestep=396)
🎯 GUIDANCE STEP 41 (t=396): Loss=0.5981, Rho=6.719472, Grad_norm=0.1488, Final_scale=67.1947
🚀 APPLYING GUIDANCE at step 42 (timestep=363)
🎯 GUIDANCE STEP 42 (t=363): Loss=0.6001, Rho=5.724290, Grad_norm=0.1747, Final_scale=57.2429
🚀 APPLYING GUIDANCE at step 43 (timestep=327)
🎯 GUIDANCE STEP 43 (t=327): Loss=0.6001, Rho=10.040321, Grad_norm=0.0996, Final_scale=100.4032
🚀 APPLYING GUIDANCE at step 44 (timestep=290)
🎯 GUIDANCE STEP 44 (t=290): Loss=0.5986, Rho=7.177124, Grad_norm=0.1393, Final_scale=71.7712
🚀 APPLYING GUIDANCE at step 45 (timestep=249)
🎯 GUIDANCE STEP 45 (t=249): Loss=0.5981, Rho=13.374426, Grad_norm=0.0748, Final_scale=133.7443
🚀 APPLYING GUIDANCE at step 46 (timestep=206)
🎯 GUIDANCE STEP 46 (t=206): Loss=0.5947, Rho=2.190800, Grad_norm=0.4565, Final_scale=21.9080
🚀 APPLYING GUIDANCE at step 47 (timestep=160)
🎯 GUIDANCE STEP 47 (t=160): Loss=0.5952, Rho=17.542507, Grad_norm=0.0570, Final_scale=175.4251
🚀 APPLYING GUIDANCE at step 48 (timestep=111)
🎯 GUIDANCE STEP 48 (t=111): Loss=0.5908, Rho=11.888113, Grad_norm=0.0841, Final_scale=118.8811
🚀 APPLYING GUIDANCE at step 49 (timestep=57)
🎯 GUIDANCE STEP 49 (t=57): Loss=0.5913, Rho=12.234550, Grad_norm=0.0817, Final_scale=122.3455
[guidance_f17_s50_w8c6_rho10.0_cfg5.0_0701_1458] Generated: generated_videos/subject_consistency/guidance_f17_s50_w8c6_rho10.0_cfg5.0_0701_1458/003_a_dog_running_happily.mp4
[guidance_f17_s50_w8c6_rho10.0_cfg5.0_0701_1458] Generating video 5/9 (guidance): a horse bending down to drink water from a river
🎬 STARTING GUIDANCE PIPELINE GENERATION
   Frames: 17, Steps: 50, CFG Scale: 5.0

🔧 GUIDANCE PIPELINE CONFIGURATION:
   Guidance range: 0 - 1001
   Rho scale: 10.0
   V-JEPA kernel_size: 8
   V-JEPA context_length: 6
   V-JEPA stride: 2
   V-JEPA mode: max
   Total timesteps: 50

🚀 APPLYING GUIDANCE at step 0 (timestep=999)
🎯 GUIDANCE STEP 0 (t=999): Loss=0.5635, Rho=11.153746, Grad_norm=0.0897, Final_scale=111.5375
🚀 APPLYING GUIDANCE at step 1 (timestep=992)
🎯 GUIDANCE STEP 1 (t=992): Loss=0.5303, Rho=23.905010, Grad_norm=0.0418, Final_scale=239.0501
🚀 APPLYING GUIDANCE at step 2 (timestep=985)
🎯 GUIDANCE STEP 2 (t=985): Loss=0.5659, Rho=17.580036, Grad_norm=0.0569, Final_scale=175.8004
🚀 APPLYING GUIDANCE at step 3 (timestep=978)
🎯 GUIDANCE STEP 3 (t=978): Loss=0.5908, Rho=16.967579, Grad_norm=0.0589, Final_scale=169.6758
🚀 APPLYING GUIDANCE at step 4 (timestep=971)
🎯 GUIDANCE STEP 4 (t=971): Loss=0.5835, Rho=15.972290, Grad_norm=0.0626, Final_scale=159.7229
🚀 APPLYING GUIDANCE at step 5 (timestep=963)
🎯 GUIDANCE STEP 5 (t=963): Loss=0.5825, Rho=22.308445, Grad_norm=0.0448, Final_scale=223.0844
🚀 APPLYING GUIDANCE at step 6 (timestep=956)
🎯 GUIDANCE STEP 6 (t=956): Loss=0.5864, Rho=21.523586, Grad_norm=0.0465, Final_scale=215.2359
🚀 APPLYING GUIDANCE at step 7 (timestep=948)
🎯 GUIDANCE STEP 7 (t=948): Loss=0.5864, Rho=2.793875, Grad_norm=0.3579, Final_scale=27.9388
🚀 APPLYING GUIDANCE at step 8 (timestep=939)
🎯 GUIDANCE STEP 8 (t=939): Loss=0.5859, Rho=5.468529, Grad_norm=0.1829, Final_scale=54.6853
🚀 APPLYING GUIDANCE at step 9 (timestep=931)
🎯 GUIDANCE STEP 9 (t=931): Loss=0.6050, Rho=2.716472, Grad_norm=0.3681, Final_scale=27.1647
🚀 APPLYING GUIDANCE at step 10 (timestep=922)
🎯 GUIDANCE STEP 10 (t=922): Loss=0.6016, Rho=7.938714, Grad_norm=0.1260, Final_scale=79.3871
🚀 APPLYING GUIDANCE at step 11 (timestep=913)
🎯 GUIDANCE STEP 11 (t=913): Loss=0.6133, Rho=3.859873, Grad_norm=0.2591, Final_scale=38.5987
🚀 APPLYING GUIDANCE at step 12 (timestep=904)
🎯 GUIDANCE STEP 12 (t=904): Loss=0.6138, Rho=8.605128, Grad_norm=0.1162, Final_scale=86.0513
🚀 APPLYING GUIDANCE at step 13 (timestep=894)
🎯 GUIDANCE STEP 13 (t=894): Loss=0.6191, Rho=3.711590, Grad_norm=0.2694, Final_scale=37.1159
🚀 APPLYING GUIDANCE at step 14 (timestep=884)
🎯 GUIDANCE STEP 14 (t=884): Loss=0.6157, Rho=4.838988, Grad_norm=0.2067, Final_scale=48.3899
🚀 APPLYING GUIDANCE at step 15 (timestep=874)
🎯 GUIDANCE STEP 15 (t=874): Loss=0.6157, Rho=4.844053, Grad_norm=0.2064, Final_scale=48.4405
🚀 APPLYING GUIDANCE at step 16 (timestep=864)
🎯 GUIDANCE STEP 16 (t=864): Loss=0.6235, Rho=4.325343, Grad_norm=0.2312, Final_scale=43.2534
🚀 APPLYING GUIDANCE at step 17 (timestep=853)
🎯 GUIDANCE STEP 17 (t=853): Loss=0.6260, Rho=5.396523, Grad_norm=0.1853, Final_scale=53.9652
🚀 APPLYING GUIDANCE at step 18 (timestep=841)
🎯 GUIDANCE STEP 18 (t=841): Loss=0.6265, Rho=3.862095, Grad_norm=0.2589, Final_scale=38.6209
🚀 APPLYING GUIDANCE at step 19 (timestep=829)
🎯 GUIDANCE STEP 19 (t=829): Loss=0.6279, Rho=3.716842, Grad_norm=0.2690, Final_scale=37.1684
🚀 APPLYING GUIDANCE at step 20 (timestep=817)
🎯 GUIDANCE STEP 20 (t=817): Loss=0.6284, Rho=4.109917, Grad_norm=0.2433, Final_scale=41.0992
🚀 APPLYING GUIDANCE at step 21 (timestep=805)
🎯 GUIDANCE STEP 21 (t=805): Loss=0.6323, Rho=4.054552, Grad_norm=0.2466, Final_scale=40.5455
🚀 APPLYING GUIDANCE at step 22 (timestep=792)
🎯 GUIDANCE STEP 22 (t=792): Loss=0.6294, Rho=2.263524, Grad_norm=0.4418, Final_scale=22.6352
🚀 APPLYING GUIDANCE at step 23 (timestep=778)
🎯 GUIDANCE STEP 23 (t=778): Loss=0.6318, Rho=2.987368, Grad_norm=0.3347, Final_scale=29.8737
🚀 APPLYING GUIDANCE at step 24 (timestep=764)
🎯 GUIDANCE STEP 24 (t=764): Loss=0.6250, Rho=2.148807, Grad_norm=0.4654, Final_scale=21.4881
🚀 APPLYING GUIDANCE at step 25 (timestep=749)
🎯 GUIDANCE STEP 25 (t=749): Loss=0.6221, Rho=4.780517, Grad_norm=0.2092, Final_scale=47.8052
🚀 APPLYING GUIDANCE at step 26 (timestep=734)
🎯 GUIDANCE STEP 26 (t=734): Loss=0.6235, Rho=7.401586, Grad_norm=0.1351, Final_scale=74.0159
🚀 APPLYING GUIDANCE at step 27 (timestep=718)
🎯 GUIDANCE STEP 27 (t=718): Loss=0.6191, Rho=9.452687, Grad_norm=0.1058, Final_scale=94.5269
🚀 APPLYING GUIDANCE at step 28 (timestep=701)
🎯 GUIDANCE STEP 28 (t=701): Loss=0.6206, Rho=8.435354, Grad_norm=0.1185, Final_scale=84.3535
🚀 APPLYING GUIDANCE at step 29 (timestep=684)
🎯 GUIDANCE STEP 29 (t=684): Loss=0.6196, Rho=10.835993, Grad_norm=0.0923, Final_scale=108.3599
🚀 APPLYING GUIDANCE at step 30 (timestep=666)
🎯 GUIDANCE STEP 30 (t=666): Loss=0.6191, Rho=9.669787, Grad_norm=0.1034, Final_scale=96.6979
🚀 APPLYING GUIDANCE at step 31 (timestep=647)
🎯 GUIDANCE STEP 31 (t=647): Loss=0.6162, Rho=10.318550, Grad_norm=0.0969, Final_scale=103.1855
🚀 APPLYING GUIDANCE at step 32 (timestep=627)
🎯 GUIDANCE STEP 32 (t=627): Loss=0.6177, Rho=11.000883, Grad_norm=0.0909, Final_scale=110.0088
🚀 APPLYING GUIDANCE at step 33 (timestep=606)
🎯 GUIDANCE STEP 33 (t=606): Loss=0.6191, Rho=6.593042, Grad_norm=0.1517, Final_scale=65.9304
🚀 APPLYING GUIDANCE at step 34 (timestep=585)
🎯 GUIDANCE STEP 34 (t=585): Loss=0.6206, Rho=2.855648, Grad_norm=0.3502, Final_scale=28.5565
🚀 APPLYING GUIDANCE at step 35 (timestep=562)
🎯 GUIDANCE STEP 35 (t=562): Loss=0.6177, Rho=15.467077, Grad_norm=0.0647, Final_scale=154.6708
🚀 APPLYING GUIDANCE at step 36 (timestep=538)
🎯 GUIDANCE STEP 36 (t=538): Loss=0.6187, Rho=10.357769, Grad_norm=0.0965, Final_scale=103.5777
🚀 APPLYING GUIDANCE at step 37 (timestep=512)
🎯 GUIDANCE STEP 37 (t=512): Loss=0.6177, Rho=6.945161, Grad_norm=0.1440, Final_scale=69.4516
🚀 APPLYING GUIDANCE at step 38 (timestep=486)
🎯 GUIDANCE STEP 38 (t=486): Loss=0.6182, Rho=18.375120, Grad_norm=0.0544, Final_scale=183.7512
🚀 APPLYING GUIDANCE at step 39 (timestep=458)
🎯 GUIDANCE STEP 39 (t=458): Loss=0.6143, Rho=11.107023, Grad_norm=0.0900, Final_scale=111.0702
🚀 APPLYING GUIDANCE at step 40 (timestep=428)
🎯 GUIDANCE STEP 40 (t=428): Loss=0.6177, Rho=15.100318, Grad_norm=0.0662, Final_scale=151.0032
🚀 APPLYING GUIDANCE at step 41 (timestep=396)
🎯 GUIDANCE STEP 41 (t=396): Loss=0.6167, Rho=13.405962, Grad_norm=0.0746, Final_scale=134.0596
🚀 APPLYING GUIDANCE at step 42 (timestep=363)
🎯 GUIDANCE STEP 42 (t=363): Loss=0.6162, Rho=21.092909, Grad_norm=0.0474, Final_scale=210.9291
🚀 APPLYING GUIDANCE at step 43 (timestep=327)
🎯 GUIDANCE STEP 43 (t=327): Loss=0.6143, Rho=12.628173, Grad_norm=0.0792, Final_scale=126.2817
🚀 APPLYING GUIDANCE at step 44 (timestep=290)
🎯 GUIDANCE STEP 44 (t=290): Loss=0.6118, Rho=20.088821, Grad_norm=0.0498, Final_scale=200.8882
🚀 APPLYING GUIDANCE at step 45 (timestep=249)
🎯 GUIDANCE STEP 45 (t=249): Loss=0.6089, Rho=20.508915, Grad_norm=0.0488, Final_scale=205.0891
🚀 APPLYING GUIDANCE at step 46 (timestep=206)
🎯 GUIDANCE STEP 46 (t=206): Loss=0.6099, Rho=20.115536, Grad_norm=0.0497, Final_scale=201.1554
🚀 APPLYING GUIDANCE at step 47 (timestep=160)
🎯 GUIDANCE STEP 47 (t=160): Loss=0.6069, Rho=30.502739, Grad_norm=0.0328, Final_scale=305.0274
🚀 APPLYING GUIDANCE at step 48 (timestep=111)
🎯 GUIDANCE STEP 48 (t=111): Loss=0.6074, Rho=17.096973, Grad_norm=0.0585, Final_scale=170.9697
🚀 APPLYING GUIDANCE at step 49 (timestep=57)
🎯 GUIDANCE STEP 49 (t=57): Loss=0.6040, Rho=12.582179, Grad_norm=0.0795, Final_scale=125.8218
[guidance_f17_s50_w8c6_rho10.0_cfg5.0_0701_1458] Generated: generated_videos/subject_consistency/guidance_f17_s50_w8c6_rho10.0_cfg5.0_0701_1458/003_a_car_turning_a_corner.mp4
[guidance_f17_s50_w8c6_rho10.0_cfg5.0_0701_1458] Generating video 5/9 (guidance): a car slowing down to stop
🎬 STARTING GUIDANCE PIPELINE GENERATION
   Frames: 17, Steps: 50, CFG Scale: 5.0

🔧 GUIDANCE PIPELINE CONFIGURATION:
   Guidance range: 0 - 1001
   Rho scale: 10.0
   V-JEPA kernel_size: 8
   V-JEPA context_length: 6
   V-JEPA stride: 2
   V-JEPA mode: max
   Total timesteps: 50

🚀 APPLYING GUIDANCE at step 0 (timestep=999)
🎯 GUIDANCE STEP 0 (t=999): Loss=0.5889, Rho=7.660388, Grad_norm=0.1305, Final_scale=76.6039
🚀 APPLYING GUIDANCE at step 1 (timestep=992)
🎯 GUIDANCE STEP 1 (t=992): Loss=0.5537, Rho=8.470433, Grad_norm=0.1181, Final_scale=84.7043
🚀 APPLYING GUIDANCE at step 2 (timestep=985)
🎯 GUIDANCE STEP 2 (t=985): Loss=0.5381, Rho=12.247284, Grad_norm=0.0817, Final_scale=122.4728
🚀 APPLYING GUIDANCE at step 3 (timestep=978)
🎯 GUIDANCE STEP 3 (t=978): Loss=0.5356, Rho=23.621157, Grad_norm=0.0423, Final_scale=236.2116
🚀 APPLYING GUIDANCE at step 4 (timestep=971)
🎯 GUIDANCE STEP 4 (t=971): Loss=0.5474, Rho=5.560912, Grad_norm=0.1798, Final_scale=55.6091
🚀 APPLYING GUIDANCE at step 5 (timestep=963)
🎯 GUIDANCE STEP 5 (t=963): Loss=0.5659, Rho=3.351931, Grad_norm=0.2983, Final_scale=33.5193
🚀 APPLYING GUIDANCE at step 6 (timestep=956)
🎯 GUIDANCE STEP 6 (t=956): Loss=0.5684, Rho=8.469537, Grad_norm=0.1181, Final_scale=84.6954
🚀 APPLYING GUIDANCE at step 7 (timestep=948)
🎯 GUIDANCE STEP 7 (t=948): Loss=0.5786, Rho=6.588542, Grad_norm=0.1518, Final_scale=65.8854
🚀 APPLYING GUIDANCE at step 8 (timestep=939)
🎯 GUIDANCE STEP 8 (t=939): Loss=0.5869, Rho=2.376310, Grad_norm=0.4208, Final_scale=23.7631
🚀 APPLYING GUIDANCE at step 9 (timestep=931)
🎯 GUIDANCE STEP 9 (t=931): Loss=0.5942, Rho=3.668671, Grad_norm=0.2726, Final_scale=36.6867
🚀 APPLYING GUIDANCE at step 10 (timestep=922)
🎯 GUIDANCE STEP 10 (t=922): Loss=0.6016, Rho=1.284763, Grad_norm=0.7784, Final_scale=12.8476
🚀 APPLYING GUIDANCE at step 11 (timestep=913)
🎯 GUIDANCE STEP 11 (t=913): Loss=0.6030, Rho=1.809458, Grad_norm=0.5527, Final_scale=18.0946
🚀 APPLYING GUIDANCE at step 12 (timestep=904)
🎯 GUIDANCE STEP 12 (t=904): Loss=0.6108, Rho=3.842280, Grad_norm=0.2603, Final_scale=38.4228
🚀 APPLYING GUIDANCE at step 13 (timestep=894)
🎯 GUIDANCE STEP 13 (t=894): Loss=0.6152, Rho=3.894935, Grad_norm=0.2567, Final_scale=38.9493
🚀 APPLYING GUIDANCE at step 14 (timestep=884)
🎯 GUIDANCE STEP 14 (t=884): Loss=0.6123, Rho=2.685735, Grad_norm=0.3723, Final_scale=26.8573
🚀 APPLYING GUIDANCE at step 15 (timestep=874)
🎯 GUIDANCE STEP 15 (t=874): Loss=0.6221, Rho=3.027171, Grad_norm=0.3303, Final_scale=30.2717
🚀 APPLYING GUIDANCE at step 16 (timestep=864)
🎯 GUIDANCE STEP 16 (t=864): Loss=0.6255, Rho=2.109298, Grad_norm=0.4741, Final_scale=21.0930
🚀 APPLYING GUIDANCE at step 17 (timestep=853)
🎯 GUIDANCE STEP 17 (t=853): Loss=0.6162, Rho=5.520999, Grad_norm=0.1811, Final_scale=55.2100
🚀 APPLYING GUIDANCE at step 18 (timestep=841)
🎯 GUIDANCE STEP 18 (t=841): Loss=0.6196, Rho=5.496425, Grad_norm=0.1819, Final_scale=54.9643
🚀 APPLYING GUIDANCE at step 19 (timestep=829)
🎯 GUIDANCE STEP 19 (t=829): Loss=0.6255, Rho=4.848677, Grad_norm=0.2062, Final_scale=48.4868
🚀 APPLYING GUIDANCE at step 20 (timestep=817)
🎯 GUIDANCE STEP 20 (t=817): Loss=0.6304, Rho=6.354913, Grad_norm=0.1574, Final_scale=63.5491
🚀 APPLYING GUIDANCE at step 21 (timestep=805)
🎯 GUIDANCE STEP 21 (t=805): Loss=0.6294, Rho=5.213326, Grad_norm=0.1918, Final_scale=52.1333
🚀 APPLYING GUIDANCE at step 22 (timestep=792)
🎯 GUIDANCE STEP 22 (t=792): Loss=0.6235, Rho=4.785708, Grad_norm=0.2090, Final_scale=47.8571
🚀 APPLYING GUIDANCE at step 23 (timestep=778)
🎯 GUIDANCE STEP 23 (t=778): Loss=0.6152, Rho=4.922763, Grad_norm=0.2031, Final_scale=49.2276
🚀 APPLYING GUIDANCE at step 24 (timestep=764)
🎯 GUIDANCE STEP 24 (t=764): Loss=0.6143, Rho=7.480088, Grad_norm=0.1337, Final_scale=74.8009
🚀 APPLYING GUIDANCE at step 25 (timestep=749)
🎯 GUIDANCE STEP 25 (t=749): Loss=0.6128, Rho=6.665049, Grad_norm=0.1500, Final_scale=66.6505
🚀 APPLYING GUIDANCE at step 26 (timestep=734)
🎯 GUIDANCE STEP 26 (t=734): Loss=0.5996, Rho=5.790853, Grad_norm=0.1727, Final_scale=57.9085
🚀 APPLYING GUIDANCE at step 27 (timestep=718)
🎯 GUIDANCE STEP 27 (t=718): Loss=0.6099, Rho=1.886965, Grad_norm=0.5300, Final_scale=18.8696
🚀 APPLYING GUIDANCE at step 28 (timestep=701)
🎯 GUIDANCE STEP 28 (t=701): Loss=0.6069, Rho=3.710232, Grad_norm=0.2695, Final_scale=37.1023
🚀 APPLYING GUIDANCE at step 29 (timestep=684)
🎯 GUIDANCE STEP 29 (t=684): Loss=0.5991, Rho=1.493830, Grad_norm=0.6694, Final_scale=14.9383
🚀 APPLYING GUIDANCE at step 30 (timestep=666)
🎯 GUIDANCE STEP 30 (t=666): Loss=0.5991, Rho=6.212109, Grad_norm=0.1610, Final_scale=62.1211
🚀 APPLYING GUIDANCE at step 31 (timestep=647)
🎯 GUIDANCE STEP 31 (t=647): Loss=0.5923, Rho=14.260971, Grad_norm=0.0701, Final_scale=142.6097
🚀 APPLYING GUIDANCE at step 32 (timestep=627)
🎯 GUIDANCE STEP 32 (t=627): Loss=0.6001, Rho=4.035883, Grad_norm=0.2478, Final_scale=40.3588
🚀 APPLYING GUIDANCE at step 33 (timestep=606)
🎯 GUIDANCE STEP 33 (t=606): Loss=0.5962, Rho=6.939912, Grad_norm=0.1441, Final_scale=69.3991
🚀 APPLYING GUIDANCE at step 34 (timestep=585)
🎯 GUIDANCE STEP 34 (t=585): Loss=0.5972, Rho=3.558091, Grad_norm=0.2810, Final_scale=35.5809
🚀 APPLYING GUIDANCE at step 35 (timestep=562)
🎯 GUIDANCE STEP 35 (t=562): Loss=0.5952, Rho=10.815729, Grad_norm=0.0925, Final_scale=108.1573
🚀 APPLYING GUIDANCE at step 36 (timestep=538)
🎯 GUIDANCE STEP 36 (t=538): Loss=0.5957, Rho=5.027487, Grad_norm=0.1989, Final_scale=50.2749
🚀 APPLYING GUIDANCE at step 37 (timestep=512)
🎯 GUIDANCE STEP 37 (t=512): Loss=0.5898, Rho=22.392258, Grad_norm=0.0447, Final_scale=223.9226
🚀 APPLYING GUIDANCE at step 38 (timestep=486)
🎯 GUIDANCE STEP 38 (t=486): Loss=0.5913, Rho=11.658623, Grad_norm=0.0858, Final_scale=116.5862
🚀 APPLYING GUIDANCE at step 39 (timestep=458)
🎯 GUIDANCE STEP 39 (t=458): Loss=0.5898, Rho=20.473906, Grad_norm=0.0488, Final_scale=204.7391
🚀 APPLYING GUIDANCE at step 40 (timestep=428)
🎯 GUIDANCE STEP 40 (t=428): Loss=0.5889, Rho=12.099219, Grad_norm=0.0826, Final_scale=120.9922
🚀 APPLYING GUIDANCE at step 41 (timestep=396)
🎯 GUIDANCE STEP 41 (t=396): Loss=0.5898, Rho=15.652142, Grad_norm=0.0639, Final_scale=156.5214
🚀 APPLYING GUIDANCE at step 42 (timestep=363)
🎯 GUIDANCE STEP 42 (t=363): Loss=0.5898, Rho=19.192888, Grad_norm=0.0521, Final_scale=191.9289
🚀 APPLYING GUIDANCE at step 43 (timestep=327)
🎯 GUIDANCE STEP 43 (t=327): Loss=0.5879, Rho=13.440781, Grad_norm=0.0744, Final_scale=134.4078
🚀 APPLYING GUIDANCE at step 44 (timestep=290)
🎯 GUIDANCE STEP 44 (t=290): Loss=0.5908, Rho=7.840530, Grad_norm=0.1275, Final_scale=78.4053
🚀 APPLYING GUIDANCE at step 45 (timestep=249)
🎯 GUIDANCE STEP 45 (t=249): Loss=0.5898, Rho=22.151934, Grad_norm=0.0451, Final_scale=221.5193
🚀 APPLYING GUIDANCE at step 46 (timestep=206)
🎯 GUIDANCE STEP 46 (t=206): Loss=0.5869, Rho=20.625103, Grad_norm=0.0485, Final_scale=206.2510
🚀 APPLYING GUIDANCE at step 47 (timestep=160)
🎯 GUIDANCE STEP 47 (t=160): Loss=0.5869, Rho=23.043781, Grad_norm=0.0434, Final_scale=230.4378
🚀 APPLYING GUIDANCE at step 48 (timestep=111)
🎯 GUIDANCE STEP 48 (t=111): Loss=0.5864, Rho=17.432892, Grad_norm=0.0574, Final_scale=174.3289
🚀 APPLYING GUIDANCE at step 49 (timestep=57)
🎯 GUIDANCE STEP 49 (t=57): Loss=0.5850, Rho=7.582819, Grad_norm=0.1319, Final_scale=75.8282
[guidance_f17_s50_w8c6_rho10.0_cfg5.0_0701_1458] Generated: generated_videos/subject_consistency/guidance_f17_s50_w8c6_rho10.0_cfg5.0_0701_1458/003_a_zebra_bending_down_to_drink_water_from_a_river.mp4
[guidance_f17_s50_w8c6_rho10.0_cfg5.0_0701_1458] Generating video 5/9 (guidance): a zebra running to join a herd of its kind
🎬 STARTING GUIDANCE PIPELINE GENERATION
   Frames: 17, Steps: 50, CFG Scale: 5.0

🔧 GUIDANCE PIPELINE CONFIGURATION:
   Guidance range: 0 - 1001
   Rho scale: 10.0
   V-JEPA kernel_size: 8
   V-JEPA context_length: 6
   V-JEPA stride: 2
   V-JEPA mode: max
   Total timesteps: 50

🚀 APPLYING GUIDANCE at step 0 (timestep=999)
🎯 GUIDANCE STEP 0 (t=999): Loss=0.6118, Rho=15.127111, Grad_norm=0.0661, Final_scale=151.2711
🚀 APPLYING GUIDANCE at step 1 (timestep=992)
🎯 GUIDANCE STEP 1 (t=992): Loss=0.5537, Rho=9.772559, Grad_norm=0.1023, Final_scale=97.7256
🚀 APPLYING GUIDANCE at step 2 (timestep=985)
🎯 GUIDANCE STEP 2 (t=985): Loss=0.5537, Rho=22.729956, Grad_norm=0.0440, Final_scale=227.2996
🚀 APPLYING GUIDANCE at step 3 (timestep=978)
🎯 GUIDANCE STEP 3 (t=978): Loss=0.5747, Rho=5.860143, Grad_norm=0.1706, Final_scale=58.6014
🚀 APPLYING GUIDANCE at step 4 (timestep=971)
🎯 GUIDANCE STEP 4 (t=971): Loss=0.5889, Rho=9.911665, Grad_norm=0.1009, Final_scale=99.1166
🚀 APPLYING GUIDANCE at step 5 (timestep=963)
🎯 GUIDANCE STEP 5 (t=963): Loss=0.6035, Rho=11.976100, Grad_norm=0.0835, Final_scale=119.7610
🚀 APPLYING GUIDANCE at step 6 (timestep=956)
🎯 GUIDANCE STEP 6 (t=956): Loss=0.6172, Rho=4.313108, Grad_norm=0.2319, Final_scale=43.1311
🚀 APPLYING GUIDANCE at step 7 (timestep=948)
🎯 GUIDANCE STEP 7 (t=948): Loss=0.6206, Rho=9.939590, Grad_norm=0.1006, Final_scale=99.3959
🚀 APPLYING GUIDANCE at step 8 (timestep=939)
🎯 GUIDANCE STEP 8 (t=939): Loss=0.6323, Rho=3.739116, Grad_norm=0.2674, Final_scale=37.3912
🚀 APPLYING GUIDANCE at step 9 (timestep=931)
🎯 GUIDANCE STEP 9 (t=931): Loss=0.6128, Rho=8.204304, Grad_norm=0.1219, Final_scale=82.0430
🚀 APPLYING GUIDANCE at step 10 (timestep=922)
🎯 GUIDANCE STEP 10 (t=922): Loss=0.6167, Rho=7.462736, Grad_norm=0.1340, Final_scale=74.6274
🚀 APPLYING GUIDANCE at step 11 (timestep=913)
🎯 GUIDANCE STEP 11 (t=913): Loss=0.6108, Rho=4.113132, Grad_norm=0.2431, Final_scale=41.1313
🚀 APPLYING GUIDANCE at step 12 (timestep=904)
🎯 GUIDANCE STEP 12 (t=904): Loss=0.6216, Rho=4.885361, Grad_norm=0.2047, Final_scale=48.8536
🚀 APPLYING GUIDANCE at step 13 (timestep=894)
🎯 GUIDANCE STEP 13 (t=894): Loss=0.6226, Rho=6.276547, Grad_norm=0.1593, Final_scale=62.7655
🚀 APPLYING GUIDANCE at step 14 (timestep=884)
🎯 GUIDANCE STEP 14 (t=884): Loss=0.6226, Rho=7.284177, Grad_norm=0.1373, Final_scale=72.8418
🚀 APPLYING GUIDANCE at step 15 (timestep=874)
🎯 GUIDANCE STEP 15 (t=874): Loss=0.6235, Rho=6.521382, Grad_norm=0.1533, Final_scale=65.2138
🚀 APPLYING GUIDANCE at step 16 (timestep=864)
🎯 GUIDANCE STEP 16 (t=864): Loss=0.6260, Rho=4.462276, Grad_norm=0.2241, Final_scale=44.6228
🚀 APPLYING GUIDANCE at step 17 (timestep=853)
🎯 GUIDANCE STEP 17 (t=853): Loss=0.6177, Rho=6.859832, Grad_norm=0.1458, Final_scale=68.5983
🚀 APPLYING GUIDANCE at step 18 (timestep=841)
🎯 GUIDANCE STEP 18 (t=841): Loss=0.6206, Rho=6.089529, Grad_norm=0.1642, Final_scale=60.8953
🚀 APPLYING GUIDANCE at step 19 (timestep=829)
🎯 GUIDANCE STEP 19 (t=829): Loss=0.6157, Rho=5.479410, Grad_norm=0.1825, Final_scale=54.7941
🚀 APPLYING GUIDANCE at step 20 (timestep=817)
🎯 GUIDANCE STEP 20 (t=817): Loss=0.6187, Rho=2.737477, Grad_norm=0.3653, Final_scale=27.3748
🚀 APPLYING GUIDANCE at step 21 (timestep=805)
🎯 GUIDANCE STEP 21 (t=805): Loss=0.6211, Rho=6.614287, Grad_norm=0.1512, Final_scale=66.1429
🚀 APPLYING GUIDANCE at step 22 (timestep=792)
🎯 GUIDANCE STEP 22 (t=792): Loss=0.6152, Rho=4.105467, Grad_norm=0.2436, Final_scale=41.0547
🚀 APPLYING GUIDANCE at step 23 (timestep=778)
🎯 GUIDANCE STEP 23 (t=778): Loss=0.6099, Rho=10.373258, Grad_norm=0.0964, Final_scale=103.7326
🚀 APPLYING GUIDANCE at step 24 (timestep=764)
🎯 GUIDANCE STEP 24 (t=764): Loss=0.6089, Rho=1.309857, Grad_norm=0.7634, Final_scale=13.0986
🚀 APPLYING GUIDANCE at step 25 (timestep=749)
🎯 GUIDANCE STEP 25 (t=749): Loss=0.6074, Rho=5.252726, Grad_norm=0.1904, Final_scale=52.5273
🚀 APPLYING GUIDANCE at step 26 (timestep=734)
🎯 GUIDANCE STEP 26 (t=734): Loss=0.6055, Rho=11.739248, Grad_norm=0.0852, Final_scale=117.3925
🚀 APPLYING GUIDANCE at step 27 (timestep=718)
🎯 GUIDANCE STEP 27 (t=718): Loss=0.6108, Rho=9.871584, Grad_norm=0.1013, Final_scale=98.7158
🚀 APPLYING GUIDANCE at step 28 (timestep=701)
🎯 GUIDANCE STEP 28 (t=701): Loss=0.6152, Rho=6.631536, Grad_norm=0.1508, Final_scale=66.3154
🚀 APPLYING GUIDANCE at step 29 (timestep=684)
🎯 GUIDANCE STEP 29 (t=684): Loss=0.6133, Rho=20.159683, Grad_norm=0.0496, Final_scale=201.5968
🚀 APPLYING GUIDANCE at step 30 (timestep=666)
🎯 GUIDANCE STEP 30 (t=666): Loss=0.6099, Rho=15.088241, Grad_norm=0.0663, Final_scale=150.8824
🚀 APPLYING GUIDANCE at step 31 (timestep=647)
🎯 GUIDANCE STEP 31 (t=647): Loss=0.6128, Rho=8.311848, Grad_norm=0.1203, Final_scale=83.1185
🚀 APPLYING GUIDANCE at step 32 (timestep=627)
🎯 GUIDANCE STEP 32 (t=627): Loss=0.6167, Rho=6.938775, Grad_norm=0.1441, Final_scale=69.3878
🚀 APPLYING GUIDANCE at step 33 (timestep=606)
🎯 GUIDANCE STEP 33 (t=606): Loss=0.6118, Rho=27.187405, Grad_norm=0.0368, Final_scale=271.8740
🚀 APPLYING GUIDANCE at step 34 (timestep=585)
🎯 GUIDANCE STEP 34 (t=585): Loss=0.6104, Rho=25.937271, Grad_norm=0.0386, Final_scale=259.3727
🚀 APPLYING GUIDANCE at step 35 (timestep=562)
🎯 GUIDANCE STEP 35 (t=562): Loss=0.6104, Rho=19.623524, Grad_norm=0.0510, Final_scale=196.2352
🚀 APPLYING GUIDANCE at step 36 (timestep=538)
🎯 GUIDANCE STEP 36 (t=538): Loss=0.6089, Rho=9.548333, Grad_norm=0.1047, Final_scale=95.4833
🚀 APPLYING GUIDANCE at step 37 (timestep=512)
🎯 GUIDANCE STEP 37 (t=512): Loss=0.6089, Rho=26.958462, Grad_norm=0.0371, Final_scale=269.5846
🚀 APPLYING GUIDANCE at step 38 (timestep=486)
🎯 GUIDANCE STEP 38 (t=486): Loss=0.6089, Rho=19.430681, Grad_norm=0.0515, Final_scale=194.3068
🚀 APPLYING GUIDANCE at step 39 (timestep=458)
🎯 GUIDANCE STEP 39 (t=458): Loss=0.6060, Rho=26.411356, Grad_norm=0.0379, Final_scale=264.1136
🚀 APPLYING GUIDANCE at step 40 (timestep=428)
🎯 GUIDANCE STEP 40 (t=428): Loss=0.6064, Rho=17.415741, Grad_norm=0.0574, Final_scale=174.1574
🚀 APPLYING GUIDANCE at step 41 (timestep=396)
🎯 GUIDANCE STEP 41 (t=396): Loss=0.6016, Rho=24.349777, Grad_norm=0.0411, Final_scale=243.4978
🚀 APPLYING GUIDANCE at step 42 (timestep=363)
🎯 GUIDANCE STEP 42 (t=363): Loss=0.6030, Rho=41.866730, Grad_norm=0.0239, Final_scale=418.6673
🚀 APPLYING GUIDANCE at step 43 (timestep=327)
🎯 GUIDANCE STEP 43 (t=327): Loss=0.6001, Rho=19.263931, Grad_norm=0.0519, Final_scale=192.6393
🚀 APPLYING GUIDANCE at step 44 (timestep=290)
🎯 GUIDANCE STEP 44 (t=290): Loss=0.6021, Rho=20.911283, Grad_norm=0.0478, Final_scale=209.1128
🚀 APPLYING GUIDANCE at step 45 (timestep=249)
🎯 GUIDANCE STEP 45 (t=249): Loss=0.6025, Rho=32.611031, Grad_norm=0.0307, Final_scale=326.1103
🚀 APPLYING GUIDANCE at step 46 (timestep=206)
🎯 GUIDANCE STEP 46 (t=206): Loss=0.5996, Rho=32.684368, Grad_norm=0.0306, Final_scale=326.8437
🚀 APPLYING GUIDANCE at step 47 (timestep=160)
🎯 GUIDANCE STEP 47 (t=160): Loss=0.5996, Rho=32.658554, Grad_norm=0.0306, Final_scale=326.5855
🚀 APPLYING GUIDANCE at step 48 (timestep=111)
🎯 GUIDANCE STEP 48 (t=111): Loss=0.5967, Rho=25.510723, Grad_norm=0.0392, Final_scale=255.1072
🚀 APPLYING GUIDANCE at step 49 (timestep=57)
🎯 GUIDANCE STEP 49 (t=57): Loss=0.5986, Rho=18.991028, Grad_norm=0.0527, Final_scale=189.9103
[guidance_f17_s50_w8c6_rho10.0_cfg5.0_0701_1458] Generated: generated_videos/subject_consistency/guidance_f17_s50_w8c6_rho10.0_cfg5.0_0701_1458/003_a_bird_building_a_nest_from_twigs_and_leaves.mp4
[guidance_f17_s50_w8c6_rho10.0_cfg5.0_0701_1458] Generating video 5/9 (guidance): a bird flying over a snowy forest
🎬 STARTING GUIDANCE PIPELINE GENERATION
   Frames: 17, Steps: 50, CFG Scale: 5.0

🔧 GUIDANCE PIPELINE CONFIGURATION:
   Guidance range: 0 - 1001
   Rho scale: 10.0
   V-JEPA kernel_size: 8
   V-JEPA context_length: 6
   V-JEPA stride: 2
   V-JEPA mode: max
   Total timesteps: 50

🚀 APPLYING GUIDANCE at step 0 (timestep=999)
🎯 GUIDANCE STEP 0 (t=999): Loss=0.5918, Rho=13.677235, Grad_norm=0.0731, Final_scale=136.7723
🚀 APPLYING GUIDANCE at step 1 (timestep=992)
🎯 GUIDANCE STEP 1 (t=992): Loss=0.5503, Rho=21.507641, Grad_norm=0.0465, Final_scale=215.0764
🚀 APPLYING GUIDANCE at step 2 (timestep=985)
🎯 GUIDANCE STEP 2 (t=985): Loss=0.5479, Rho=26.593632, Grad_norm=0.0376, Final_scale=265.9363
🚀 APPLYING GUIDANCE at step 3 (timestep=978)
🎯 GUIDANCE STEP 3 (t=978): Loss=0.5669, Rho=18.137495, Grad_norm=0.0551, Final_scale=181.3750
🚀 APPLYING GUIDANCE at step 4 (timestep=971)
🎯 GUIDANCE STEP 4 (t=971): Loss=0.5874, Rho=24.362064, Grad_norm=0.0410, Final_scale=243.6206
🚀 APPLYING GUIDANCE at step 5 (timestep=963)
🎯 GUIDANCE STEP 5 (t=963): Loss=0.5923, Rho=11.477015, Grad_norm=0.0871, Final_scale=114.7701
🚀 APPLYING GUIDANCE at step 6 (timestep=956)
🎯 GUIDANCE STEP 6 (t=956): Loss=0.6011, Rho=4.412209, Grad_norm=0.2266, Final_scale=44.1221
🚀 APPLYING GUIDANCE at step 7 (timestep=948)
🎯 GUIDANCE STEP 7 (t=948): Loss=0.6152, Rho=3.677155, Grad_norm=0.2719, Final_scale=36.7716
🚀 APPLYING GUIDANCE at step 8 (timestep=939)
🎯 GUIDANCE STEP 8 (t=939): Loss=0.6167, Rho=2.628719, Grad_norm=0.3804, Final_scale=26.2872
🚀 APPLYING GUIDANCE at step 9 (timestep=931)
🎯 GUIDANCE STEP 9 (t=931): Loss=0.6172, Rho=5.324666, Grad_norm=0.1878, Final_scale=53.2467
🚀 APPLYING GUIDANCE at step 10 (timestep=922)
🎯 GUIDANCE STEP 10 (t=922): Loss=0.6147, Rho=7.288404, Grad_norm=0.1372, Final_scale=72.8840
🚀 APPLYING GUIDANCE at step 11 (timestep=913)
🎯 GUIDANCE STEP 11 (t=913): Loss=0.6157, Rho=8.367805, Grad_norm=0.1195, Final_scale=83.6780
🚀 APPLYING GUIDANCE at step 12 (timestep=904)
🎯 GUIDANCE STEP 12 (t=904): Loss=0.6260, Rho=4.847636, Grad_norm=0.2063, Final_scale=48.4764
🚀 APPLYING GUIDANCE at step 13 (timestep=894)
🎯 GUIDANCE STEP 13 (t=894): Loss=0.6226, Rho=5.092457, Grad_norm=0.1964, Final_scale=50.9246
🚀 APPLYING GUIDANCE at step 14 (timestep=884)
🎯 GUIDANCE STEP 14 (t=884): Loss=0.6191, Rho=8.180641, Grad_norm=0.1222, Final_scale=81.8064
🚀 APPLYING GUIDANCE at step 15 (timestep=874)
🎯 GUIDANCE STEP 15 (t=874): Loss=0.6177, Rho=6.755888, Grad_norm=0.1480, Final_scale=67.5589
🚀 APPLYING GUIDANCE at step 16 (timestep=864)
🎯 GUIDANCE STEP 16 (t=864): Loss=0.6182, Rho=8.848827, Grad_norm=0.1130, Final_scale=88.4883
🚀 APPLYING GUIDANCE at step 17 (timestep=853)
🎯 GUIDANCE STEP 17 (t=853): Loss=0.6240, Rho=8.295109, Grad_norm=0.1206, Final_scale=82.9511
🚀 APPLYING GUIDANCE at step 18 (timestep=841)
🎯 GUIDANCE STEP 18 (t=841): Loss=0.6245, Rho=9.066561, Grad_norm=0.1103, Final_scale=90.6656
🚀 APPLYING GUIDANCE at step 19 (timestep=829)
🎯 GUIDANCE STEP 19 (t=829): Loss=0.6221, Rho=7.281132, Grad_norm=0.1373, Final_scale=72.8113
🚀 APPLYING GUIDANCE at step 20 (timestep=817)
🎯 GUIDANCE STEP 20 (t=817): Loss=0.6240, Rho=8.057213, Grad_norm=0.1241, Final_scale=80.5721
🚀 APPLYING GUIDANCE at step 21 (timestep=805)
🎯 GUIDANCE STEP 21 (t=805): Loss=0.6221, Rho=8.355798, Grad_norm=0.1197, Final_scale=83.5580
🚀 APPLYING GUIDANCE at step 22 (timestep=792)
🎯 GUIDANCE STEP 22 (t=792): Loss=0.6206, Rho=3.872147, Grad_norm=0.2583, Final_scale=38.7215
🚀 APPLYING GUIDANCE at step 23 (timestep=778)
🎯 GUIDANCE STEP 23 (t=778): Loss=0.6206, Rho=3.976598, Grad_norm=0.2515, Final_scale=39.7660
🚀 APPLYING GUIDANCE at step 24 (timestep=764)
🎯 GUIDANCE STEP 24 (t=764): Loss=0.6221, Rho=2.955590, Grad_norm=0.3383, Final_scale=29.5559
🚀 APPLYING GUIDANCE at step 25 (timestep=749)
🎯 GUIDANCE STEP 25 (t=749): Loss=0.6211, Rho=6.807134, Grad_norm=0.1469, Final_scale=68.0713
🚀 APPLYING GUIDANCE at step 26 (timestep=734)
🎯 GUIDANCE STEP 26 (t=734): Loss=0.6226, Rho=7.496024, Grad_norm=0.1334, Final_scale=74.9602
🚀 APPLYING GUIDANCE at step 27 (timestep=718)
🎯 GUIDANCE STEP 27 (t=718): Loss=0.6211, Rho=5.904789, Grad_norm=0.1694, Final_scale=59.0479
🚀 APPLYING GUIDANCE at step 28 (timestep=701)
🎯 GUIDANCE STEP 28 (t=701): Loss=0.6191, Rho=8.736598, Grad_norm=0.1145, Final_scale=87.3660
🚀 APPLYING GUIDANCE at step 29 (timestep=684)
🎯 GUIDANCE STEP 29 (t=684): Loss=0.6240, Rho=6.621558, Grad_norm=0.1510, Final_scale=66.2156
🚀 APPLYING GUIDANCE at step 30 (timestep=666)
🎯 GUIDANCE STEP 30 (t=666): Loss=0.6206, Rho=18.811253, Grad_norm=0.0532, Final_scale=188.1125
🚀 APPLYING GUIDANCE at step 31 (timestep=647)
🎯 GUIDANCE STEP 31 (t=647): Loss=0.6182, Rho=10.419497, Grad_norm=0.0960, Final_scale=104.1950
🚀 APPLYING GUIDANCE at step 32 (timestep=627)
🎯 GUIDANCE STEP 32 (t=627): Loss=0.6201, Rho=12.743518, Grad_norm=0.0785, Final_scale=127.4352
🚀 APPLYING GUIDANCE at step 33 (timestep=606)
🎯 GUIDANCE STEP 33 (t=606): Loss=0.6201, Rho=12.067422, Grad_norm=0.0829, Final_scale=120.6742
🚀 APPLYING GUIDANCE at step 34 (timestep=585)
🎯 GUIDANCE STEP 34 (t=585): Loss=0.6221, Rho=17.869997, Grad_norm=0.0560, Final_scale=178.7000
🚀 APPLYING GUIDANCE at step 35 (timestep=562)
🎯 GUIDANCE STEP 35 (t=562): Loss=0.6196, Rho=20.817949, Grad_norm=0.0480, Final_scale=208.1795
🚀 APPLYING GUIDANCE at step 36 (timestep=538)
🎯 GUIDANCE STEP 36 (t=538): Loss=0.6206, Rho=14.538754, Grad_norm=0.0688, Final_scale=145.3875
🚀 APPLYING GUIDANCE at step 37 (timestep=512)
🎯 GUIDANCE STEP 37 (t=512): Loss=0.6187, Rho=23.123169, Grad_norm=0.0432, Final_scale=231.2317
🚀 APPLYING GUIDANCE at step 38 (timestep=486)
🎯 GUIDANCE STEP 38 (t=486): Loss=0.6187, Rho=9.874203, Grad_norm=0.1013, Final_scale=98.7420
🚀 APPLYING GUIDANCE at step 39 (timestep=458)
🎯 GUIDANCE STEP 39 (t=458): Loss=0.6167, Rho=22.076553, Grad_norm=0.0453, Final_scale=220.7655
🚀 APPLYING GUIDANCE at step 40 (timestep=428)
🎯 GUIDANCE STEP 40 (t=428): Loss=0.6191, Rho=12.967147, Grad_norm=0.0771, Final_scale=129.6715
🚀 APPLYING GUIDANCE at step 41 (timestep=396)
🎯 GUIDANCE STEP 41 (t=396): Loss=0.6152, Rho=17.825787, Grad_norm=0.0561, Final_scale=178.2579
🚀 APPLYING GUIDANCE at step 42 (timestep=363)
🎯 GUIDANCE STEP 42 (t=363): Loss=0.6157, Rho=11.102513, Grad_norm=0.0901, Final_scale=111.0251
🚀 APPLYING GUIDANCE at step 43 (timestep=327)
🎯 GUIDANCE STEP 43 (t=327): Loss=0.6172, Rho=25.940037, Grad_norm=0.0386, Final_scale=259.4004
🚀 APPLYING GUIDANCE at step 44 (timestep=290)
🎯 GUIDANCE STEP 44 (t=290): Loss=0.6157, Rho=35.284607, Grad_norm=0.0283, Final_scale=352.8461
🚀 APPLYING GUIDANCE at step 45 (timestep=249)
🎯 GUIDANCE STEP 45 (t=249): Loss=0.6147, Rho=26.910666, Grad_norm=0.0372, Final_scale=269.1067
🚀 APPLYING GUIDANCE at step 46 (timestep=206)
🎯 GUIDANCE STEP 46 (t=206): Loss=0.6143, Rho=29.721048, Grad_norm=0.0336, Final_scale=297.2105
🚀 APPLYING GUIDANCE at step 47 (timestep=160)
🎯 GUIDANCE STEP 47 (t=160): Loss=0.6143, Rho=15.793298, Grad_norm=0.0633, Final_scale=157.9330
🚀 APPLYING GUIDANCE at step 48 (timestep=111)
🎯 GUIDANCE STEP 48 (t=111): Loss=0.6123, Rho=12.352489, Grad_norm=0.0810, Final_scale=123.5249
🚀 APPLYING GUIDANCE at step 49 (timestep=57)
🎯 GUIDANCE STEP 49 (t=57): Loss=0.6123, Rho=5.944434, Grad_norm=0.1682, Final_scale=59.4443
[guidance_f17_s50_w8c6_rho10.0_cfg5.0_0701_1458] Generated: generated_videos/subject_consistency/guidance_f17_s50_w8c6_rho10.0_cfg5.0_0701_1458/003_a_truck_turning_a_corner.mp4
[guidance_f17_s50_w8c6_rho10.0_cfg5.0_0701_1458] Generating video 5/9 (guidance): a truck anchored in a tranquil bay
🎬 STARTING GUIDANCE PIPELINE GENERATION
   Frames: 17, Steps: 50, CFG Scale: 5.0

🔧 GUIDANCE PIPELINE CONFIGURATION:
   Guidance range: 0 - 1001
   Rho scale: 10.0
   V-JEPA kernel_size: 8
   V-JEPA context_length: 6
   V-JEPA stride: 2
   V-JEPA mode: max
   Total timesteps: 50

🚀 APPLYING GUIDANCE at step 0 (timestep=999)
🎯 GUIDANCE STEP 0 (t=999): Loss=0.5410, Rho=10.228202, Grad_norm=0.0978, Final_scale=102.2820
🚀 APPLYING GUIDANCE at step 1 (timestep=992)
🎯 GUIDANCE STEP 1 (t=992): Loss=0.5562, Rho=16.459747, Grad_norm=0.0608, Final_scale=164.5975
🚀 APPLYING GUIDANCE at step 2 (timestep=985)
🎯 GUIDANCE STEP 2 (t=985): Loss=0.5449, Rho=24.679314, Grad_norm=0.0405, Final_scale=246.7931
🚀 APPLYING GUIDANCE at step 3 (timestep=978)
🎯 GUIDANCE STEP 3 (t=978): Loss=0.5815, Rho=21.780895, Grad_norm=0.0459, Final_scale=217.8090
🚀 APPLYING GUIDANCE at step 4 (timestep=971)
🎯 GUIDANCE STEP 4 (t=971): Loss=0.5874, Rho=6.494198, Grad_norm=0.1540, Final_scale=64.9420
🚀 APPLYING GUIDANCE at step 5 (timestep=963)
🎯 GUIDANCE STEP 5 (t=963): Loss=0.6016, Rho=12.539606, Grad_norm=0.0797, Final_scale=125.3961
🚀 APPLYING GUIDANCE at step 6 (timestep=956)
🎯 GUIDANCE STEP 6 (t=956): Loss=0.6133, Rho=8.591062, Grad_norm=0.1164, Final_scale=85.9106
🚀 APPLYING GUIDANCE at step 7 (timestep=948)
🎯 GUIDANCE STEP 7 (t=948): Loss=0.6089, Rho=7.489115, Grad_norm=0.1335, Final_scale=74.8911
🚀 APPLYING GUIDANCE at step 8 (timestep=939)
🎯 GUIDANCE STEP 8 (t=939): Loss=0.6104, Rho=9.977500, Grad_norm=0.1002, Final_scale=99.7750
🚀 APPLYING GUIDANCE at step 9 (timestep=931)
🎯 GUIDANCE STEP 9 (t=931): Loss=0.6177, Rho=9.799710, Grad_norm=0.1020, Final_scale=97.9971
🚀 APPLYING GUIDANCE at step 10 (timestep=922)
🎯 GUIDANCE STEP 10 (t=922): Loss=0.6211, Rho=11.133638, Grad_norm=0.0898, Final_scale=111.3364
🚀 APPLYING GUIDANCE at step 11 (timestep=913)
🎯 GUIDANCE STEP 11 (t=913): Loss=0.6133, Rho=16.235729, Grad_norm=0.0616, Final_scale=162.3573
🚀 APPLYING GUIDANCE at step 12 (timestep=904)
🎯 GUIDANCE STEP 12 (t=904): Loss=0.6113, Rho=13.021843, Grad_norm=0.0768, Final_scale=130.2184
🚀 APPLYING GUIDANCE at step 13 (timestep=894)
🎯 GUIDANCE STEP 13 (t=894): Loss=0.6113, Rho=10.670317, Grad_norm=0.0937, Final_scale=106.7032
🚀 APPLYING GUIDANCE at step 14 (timestep=884)
🎯 GUIDANCE STEP 14 (t=884): Loss=0.6118, Rho=6.728251, Grad_norm=0.1486, Final_scale=67.2825
🚀 APPLYING GUIDANCE at step 15 (timestep=874)
🎯 GUIDANCE STEP 15 (t=874): Loss=0.6128, Rho=13.372030, Grad_norm=0.0748, Final_scale=133.7203
🚀 APPLYING GUIDANCE at step 16 (timestep=864)
🎯 GUIDANCE STEP 16 (t=864): Loss=0.6118, Rho=6.340169, Grad_norm=0.1577, Final_scale=63.4017
🚀 APPLYING GUIDANCE at step 17 (timestep=853)
🎯 GUIDANCE STEP 17 (t=853): Loss=0.6128, Rho=4.018262, Grad_norm=0.2489, Final_scale=40.1826
🚀 APPLYING GUIDANCE at step 18 (timestep=841)
🎯 GUIDANCE STEP 18 (t=841): Loss=0.6128, Rho=5.939494, Grad_norm=0.1684, Final_scale=59.3949
🚀 APPLYING GUIDANCE at step 19 (timestep=829)
🎯 GUIDANCE STEP 19 (t=829): Loss=0.6089, Rho=6.541214, Grad_norm=0.1529, Final_scale=65.4121
🚀 APPLYING GUIDANCE at step 20 (timestep=817)
🎯 GUIDANCE STEP 20 (t=817): Loss=0.6147, Rho=8.098971, Grad_norm=0.1235, Final_scale=80.9897
🚀 APPLYING GUIDANCE at step 21 (timestep=805)
🎯 GUIDANCE STEP 21 (t=805): Loss=0.6084, Rho=5.993477, Grad_norm=0.1668, Final_scale=59.9348
🚀 APPLYING GUIDANCE at step 22 (timestep=792)
🎯 GUIDANCE STEP 22 (t=792): Loss=0.6084, Rho=12.399439, Grad_norm=0.0806, Final_scale=123.9944
🚀 APPLYING GUIDANCE at step 23 (timestep=778)
🎯 GUIDANCE STEP 23 (t=778): Loss=0.6094, Rho=6.355201, Grad_norm=0.1574, Final_scale=63.5520
🚀 APPLYING GUIDANCE at step 24 (timestep=764)
🎯 GUIDANCE STEP 24 (t=764): Loss=0.6104, Rho=4.298378, Grad_norm=0.2326, Final_scale=42.9838
🚀 APPLYING GUIDANCE at step 25 (timestep=749)
🎯 GUIDANCE STEP 25 (t=749): Loss=0.6118, Rho=7.697824, Grad_norm=0.1299, Final_scale=76.9782
🚀 APPLYING GUIDANCE at step 26 (timestep=734)
🎯 GUIDANCE STEP 26 (t=734): Loss=0.6104, Rho=7.414381, Grad_norm=0.1349, Final_scale=74.1438
🚀 APPLYING GUIDANCE at step 27 (timestep=718)
🎯 GUIDANCE STEP 27 (t=718): Loss=0.6099, Rho=4.823294, Grad_norm=0.2073, Final_scale=48.2329
🚀 APPLYING GUIDANCE at step 28 (timestep=701)
🎯 GUIDANCE STEP 28 (t=701): Loss=0.6113, Rho=5.782008, Grad_norm=0.1730, Final_scale=57.8201
🚀 APPLYING GUIDANCE at step 29 (timestep=684)
🎯 GUIDANCE STEP 29 (t=684): Loss=0.6084, Rho=15.881383, Grad_norm=0.0630, Final_scale=158.8138
🚀 APPLYING GUIDANCE at step 30 (timestep=666)
🎯 GUIDANCE STEP 30 (t=666): Loss=0.6089, Rho=14.944551, Grad_norm=0.0669, Final_scale=149.4455
🚀 APPLYING GUIDANCE at step 31 (timestep=647)
🎯 GUIDANCE STEP 31 (t=647): Loss=0.6133, Rho=8.574658, Grad_norm=0.1166, Final_scale=85.7466
🚀 APPLYING GUIDANCE at step 32 (timestep=627)
🎯 GUIDANCE STEP 32 (t=627): Loss=0.6123, Rho=4.333306, Grad_norm=0.2308, Final_scale=43.3331
🚀 APPLYING GUIDANCE at step 33 (timestep=606)
🎯 GUIDANCE STEP 33 (t=606): Loss=0.6113, Rho=1.748390, Grad_norm=0.5720, Final_scale=17.4839
🚀 APPLYING GUIDANCE at step 34 (timestep=585)
🎯 GUIDANCE STEP 34 (t=585): Loss=0.6084, Rho=14.278119, Grad_norm=0.0700, Final_scale=142.7812
🚀 APPLYING GUIDANCE at step 35 (timestep=562)
🎯 GUIDANCE STEP 35 (t=562): Loss=0.6084, Rho=8.163955, Grad_norm=0.1225, Final_scale=81.6395
🚀 APPLYING GUIDANCE at step 36 (timestep=538)
🎯 GUIDANCE STEP 36 (t=538): Loss=0.6084, Rho=14.736550, Grad_norm=0.0679, Final_scale=147.3655
🚀 APPLYING GUIDANCE at step 37 (timestep=512)
🎯 GUIDANCE STEP 37 (t=512): Loss=0.6089, Rho=19.442234, Grad_norm=0.0514, Final_scale=194.4223
🚀 APPLYING GUIDANCE at step 38 (timestep=486)
🎯 GUIDANCE STEP 38 (t=486): Loss=0.6084, Rho=13.608674, Grad_norm=0.0735, Final_scale=136.0867
🚀 APPLYING GUIDANCE at step 39 (timestep=458)
🎯 GUIDANCE STEP 39 (t=458): Loss=0.6113, Rho=5.190003, Grad_norm=0.1927, Final_scale=51.9000
🚀 APPLYING GUIDANCE at step 40 (timestep=428)
🎯 GUIDANCE STEP 40 (t=428): Loss=0.6099, Rho=10.390700, Grad_norm=0.0962, Final_scale=103.9070
🚀 APPLYING GUIDANCE at step 41 (timestep=396)
🎯 GUIDANCE STEP 41 (t=396): Loss=0.6079, Rho=15.633395, Grad_norm=0.0640, Final_scale=156.3340
🚀 APPLYING GUIDANCE at step 42 (timestep=363)
🎯 GUIDANCE STEP 42 (t=363): Loss=0.6084, Rho=21.238089, Grad_norm=0.0471, Final_scale=212.3809
🚀 APPLYING GUIDANCE at step 43 (timestep=327)
🎯 GUIDANCE STEP 43 (t=327): Loss=0.6084, Rho=27.682312, Grad_norm=0.0361, Final_scale=276.8231
🚀 APPLYING GUIDANCE at step 44 (timestep=290)
🎯 GUIDANCE STEP 44 (t=290): Loss=0.6050, Rho=8.455955, Grad_norm=0.1183, Final_scale=84.5595
🚀 APPLYING GUIDANCE at step 45 (timestep=249)
🎯 GUIDANCE STEP 45 (t=249): Loss=0.6055, Rho=31.029238, Grad_norm=0.0322, Final_scale=310.2924
🚀 APPLYING GUIDANCE at step 46 (timestep=206)
🎯 GUIDANCE STEP 46 (t=206): Loss=0.6079, Rho=12.827212, Grad_norm=0.0780, Final_scale=128.2721
🚀 APPLYING GUIDANCE at step 47 (timestep=160)
🎯 GUIDANCE STEP 47 (t=160): Loss=0.6050, Rho=11.773654, Grad_norm=0.0849, Final_scale=117.7365
🚀 APPLYING GUIDANCE at step 48 (timestep=111)
🎯 GUIDANCE STEP 48 (t=111): Loss=0.6045, Rho=19.701246, Grad_norm=0.0508, Final_scale=197.0125
🚀 APPLYING GUIDANCE at step 49 (timestep=57)
🎯 GUIDANCE STEP 49 (t=57): Loss=0.6079, Rho=17.769796, Grad_norm=0.0563, Final_scale=177.6980
[guidance_f17_s50_w8c6_rho10.0_cfg5.0_0701_1458] Generated: generated_videos/subject_consistency/guidance_f17_s50_w8c6_rho10.0_cfg5.0_0701_1458/003_an_airplane_taking_off.mp4
[guidance_f17_s50_w8c6_rho10.0_cfg5.0_0701_1458] Generating video 5/9 (guidance): an airplane landing smoothly on a runway
🎬 STARTING GUIDANCE PIPELINE GENERATION
   Frames: 17, Steps: 50, CFG Scale: 5.0

🔧 GUIDANCE PIPELINE CONFIGURATION:
   Guidance range: 0 - 1001
   Rho scale: 10.0
   V-JEPA kernel_size: 8
   V-JEPA context_length: 6
   V-JEPA stride: 2
   V-JEPA mode: max
   Total timesteps: 50

🚀 APPLYING GUIDANCE at step 0 (timestep=999)
🎯 GUIDANCE STEP 0 (t=999): Loss=0.5356, Rho=14.723059, Grad_norm=0.0679, Final_scale=147.2306
🚀 APPLYING GUIDANCE at step 1 (timestep=992)
🎯 GUIDANCE STEP 1 (t=992): Loss=0.5356, Rho=28.610764, Grad_norm=0.0350, Final_scale=286.1076
🚀 APPLYING GUIDANCE at step 2 (timestep=985)
🎯 GUIDANCE STEP 2 (t=985): Loss=0.5322, Rho=21.738375, Grad_norm=0.0460, Final_scale=217.3837
🚀 APPLYING GUIDANCE at step 3 (timestep=978)
🎯 GUIDANCE STEP 3 (t=978): Loss=0.5356, Rho=13.893430, Grad_norm=0.0720, Final_scale=138.9343
🚀 APPLYING GUIDANCE at step 4 (timestep=971)
🎯 GUIDANCE STEP 4 (t=971): Loss=0.5391, Rho=11.263673, Grad_norm=0.0888, Final_scale=112.6367
🚀 APPLYING GUIDANCE at step 5 (timestep=963)
🎯 GUIDANCE STEP 5 (t=963): Loss=0.5449, Rho=30.584881, Grad_norm=0.0327, Final_scale=305.8488
🚀 APPLYING GUIDANCE at step 6 (timestep=956)
🎯 GUIDANCE STEP 6 (t=956): Loss=0.5562, Rho=9.752263, Grad_norm=0.1025, Final_scale=97.5226
🚀 APPLYING GUIDANCE at step 7 (timestep=948)
🎯 GUIDANCE STEP 7 (t=948): Loss=0.5532, Rho=19.657970, Grad_norm=0.0509, Final_scale=196.5797
🚀 APPLYING GUIDANCE at step 8 (timestep=939)
🎯 GUIDANCE STEP 8 (t=939): Loss=0.5542, Rho=19.740335, Grad_norm=0.0507, Final_scale=197.4034
🚀 APPLYING GUIDANCE at step 9 (timestep=931)
🎯 GUIDANCE STEP 9 (t=931): Loss=0.5562, Rho=12.638927, Grad_norm=0.0791, Final_scale=126.3893
🚀 APPLYING GUIDANCE at step 10 (timestep=922)
🎯 GUIDANCE STEP 10 (t=922): Loss=0.5562, Rho=10.010457, Grad_norm=0.0999, Final_scale=100.1046
🚀 APPLYING GUIDANCE at step 11 (timestep=913)
🎯 GUIDANCE STEP 11 (t=913): Loss=0.5596, Rho=6.544895, Grad_norm=0.1528, Final_scale=65.4489
🚀 APPLYING GUIDANCE at step 12 (timestep=904)
🎯 GUIDANCE STEP 12 (t=904): Loss=0.5723, Rho=6.891252, Grad_norm=0.1451, Final_scale=68.9125
🚀 APPLYING GUIDANCE at step 13 (timestep=894)
🎯 GUIDANCE STEP 13 (t=894): Loss=0.5742, Rho=8.838641, Grad_norm=0.1131, Final_scale=88.3864
🚀 APPLYING GUIDANCE at step 14 (timestep=884)
🎯 GUIDANCE STEP 14 (t=884): Loss=0.5874, Rho=11.268352, Grad_norm=0.0887, Final_scale=112.6835
🚀 APPLYING GUIDANCE at step 15 (timestep=874)
🎯 GUIDANCE STEP 15 (t=874): Loss=0.5791, Rho=8.421906, Grad_norm=0.1187, Final_scale=84.2191
🚀 APPLYING GUIDANCE at step 16 (timestep=864)
🎯 GUIDANCE STEP 16 (t=864): Loss=0.5820, Rho=8.186452, Grad_norm=0.1222, Final_scale=81.8645
🚀 APPLYING GUIDANCE at step 17 (timestep=853)
🎯 GUIDANCE STEP 17 (t=853): Loss=0.5825, Rho=7.293633, Grad_norm=0.1371, Final_scale=72.9363
🚀 APPLYING GUIDANCE at step 18 (timestep=841)
🎯 GUIDANCE STEP 18 (t=841): Loss=0.5894, Rho=5.429248, Grad_norm=0.1842, Final_scale=54.2925
🚀 APPLYING GUIDANCE at step 19 (timestep=829)
🎯 GUIDANCE STEP 19 (t=829): Loss=0.5962, Rho=4.789486, Grad_norm=0.2088, Final_scale=47.8949
🚀 APPLYING GUIDANCE at step 20 (timestep=817)
🎯 GUIDANCE STEP 20 (t=817): Loss=0.5967, Rho=5.600491, Grad_norm=0.1786, Final_scale=56.0049
🚀 APPLYING GUIDANCE at step 21 (timestep=805)
🎯 GUIDANCE STEP 21 (t=805): Loss=0.5894, Rho=7.082030, Grad_norm=0.1412, Final_scale=70.8203
🚀 APPLYING GUIDANCE at step 22 (timestep=792)
🎯 GUIDANCE STEP 22 (t=792): Loss=0.5898, Rho=4.530124, Grad_norm=0.2207, Final_scale=45.3012
🚀 APPLYING GUIDANCE at step 23 (timestep=778)
🎯 GUIDANCE STEP 23 (t=778): Loss=0.5952, Rho=8.906731, Grad_norm=0.1123, Final_scale=89.0673
🚀 APPLYING GUIDANCE at step 24 (timestep=764)
🎯 GUIDANCE STEP 24 (t=764): Loss=0.5908, Rho=4.437634, Grad_norm=0.2253, Final_scale=44.3763
🚀 APPLYING GUIDANCE at step 25 (timestep=749)
🎯 GUIDANCE STEP 25 (t=749): Loss=0.5918, Rho=6.784059, Grad_norm=0.1474, Final_scale=67.8406
🚀 APPLYING GUIDANCE at step 26 (timestep=734)
🎯 GUIDANCE STEP 26 (t=734): Loss=0.5938, Rho=6.034931, Grad_norm=0.1657, Final_scale=60.3493
🚀 APPLYING GUIDANCE at step 27 (timestep=718)
🎯 GUIDANCE STEP 27 (t=718): Loss=0.5962, Rho=5.575944, Grad_norm=0.1793, Final_scale=55.7594
🚀 APPLYING GUIDANCE at step 28 (timestep=701)
🎯 GUIDANCE STEP 28 (t=701): Loss=0.5894, Rho=6.386305, Grad_norm=0.1566, Final_scale=63.8630
🚀 APPLYING GUIDANCE at step 29 (timestep=684)
🎯 GUIDANCE STEP 29 (t=684): Loss=0.5928, Rho=1.970788, Grad_norm=0.5074, Final_scale=19.7079
🚀 APPLYING GUIDANCE at step 30 (timestep=666)
🎯 GUIDANCE STEP 30 (t=666): Loss=0.5889, Rho=4.932232, Grad_norm=0.2027, Final_scale=49.3223
🚀 APPLYING GUIDANCE at step 31 (timestep=647)
🎯 GUIDANCE STEP 31 (t=647): Loss=0.5894, Rho=7.563926, Grad_norm=0.1322, Final_scale=75.6393
🚀 APPLYING GUIDANCE at step 32 (timestep=627)
🎯 GUIDANCE STEP 32 (t=627): Loss=0.5845, Rho=9.057425, Grad_norm=0.1104, Final_scale=90.5743
🚀 APPLYING GUIDANCE at step 33 (timestep=606)
🎯 GUIDANCE STEP 33 (t=606): Loss=0.5874, Rho=7.235040, Grad_norm=0.1382, Final_scale=72.3504
🚀 APPLYING GUIDANCE at step 34 (timestep=585)
🎯 GUIDANCE STEP 34 (t=585): Loss=0.5835, Rho=6.254225, Grad_norm=0.1599, Final_scale=62.5422
🚀 APPLYING GUIDANCE at step 35 (timestep=562)
🎯 GUIDANCE STEP 35 (t=562): Loss=0.5889, Rho=3.535950, Grad_norm=0.2828, Final_scale=35.3595
🚀 APPLYING GUIDANCE at step 36 (timestep=538)
🎯 GUIDANCE STEP 36 (t=538): Loss=0.5903, Rho=10.671185, Grad_norm=0.0937, Final_scale=106.7119
🚀 APPLYING GUIDANCE at step 37 (timestep=512)
🎯 GUIDANCE STEP 37 (t=512): Loss=0.5923, Rho=10.965122, Grad_norm=0.0912, Final_scale=109.6512
🚀 APPLYING GUIDANCE at step 38 (timestep=486)
🎯 GUIDANCE STEP 38 (t=486): Loss=0.5908, Rho=23.114235, Grad_norm=0.0433, Final_scale=231.1423
🚀 APPLYING GUIDANCE at step 39 (timestep=458)
🎯 GUIDANCE STEP 39 (t=458): Loss=0.5879, Rho=13.679632, Grad_norm=0.0731, Final_scale=136.7963
🚀 APPLYING GUIDANCE at step 40 (timestep=428)
🎯 GUIDANCE STEP 40 (t=428): Loss=0.5913, Rho=22.232016, Grad_norm=0.0450, Final_scale=222.3202
🚀 APPLYING GUIDANCE at step 41 (timestep=396)
🎯 GUIDANCE STEP 41 (t=396): Loss=0.5889, Rho=17.441875, Grad_norm=0.0573, Final_scale=174.4188
🚀 APPLYING GUIDANCE at step 42 (timestep=363)
🎯 GUIDANCE STEP 42 (t=363): Loss=0.5903, Rho=23.661247, Grad_norm=0.0423, Final_scale=236.6125
🚀 APPLYING GUIDANCE at step 43 (timestep=327)
🎯 GUIDANCE STEP 43 (t=327): Loss=0.5874, Rho=17.391376, Grad_norm=0.0575, Final_scale=173.9138
🚀 APPLYING GUIDANCE at step 44 (timestep=290)
🎯 GUIDANCE STEP 44 (t=290): Loss=0.5879, Rho=21.765820, Grad_norm=0.0459, Final_scale=217.6582
🚀 APPLYING GUIDANCE at step 45 (timestep=249)
🎯 GUIDANCE STEP 45 (t=249): Loss=0.5859, Rho=14.230167, Grad_norm=0.0703, Final_scale=142.3017
🚀 APPLYING GUIDANCE at step 46 (timestep=206)
🎯 GUIDANCE STEP 46 (t=206): Loss=0.5879, Rho=17.566732, Grad_norm=0.0569, Final_scale=175.6673
🚀 APPLYING GUIDANCE at step 47 (timestep=160)
🎯 GUIDANCE STEP 47 (t=160): Loss=0.5854, Rho=15.765275, Grad_norm=0.0634, Final_scale=157.6528
🚀 APPLYING GUIDANCE at step 48 (timestep=111)
🎯 GUIDANCE STEP 48 (t=111): Loss=0.5825, Rho=20.428217, Grad_norm=0.0490, Final_scale=204.2822
🚀 APPLYING GUIDANCE at step 49 (timestep=57)
🎯 GUIDANCE STEP 49 (t=57): Loss=0.5840, Rho=5.583541, Grad_norm=0.1791, Final_scale=55.8354
[guidance_f17_s50_w8c6_rho10.0_cfg5.0_0701_1458] Generated: generated_videos/subject_consistency/guidance_f17_s50_w8c6_rho10.0_cfg5.0_0701_1458/002_a_person_washing_the_dishes.mp4
[guidance_f17_s50_w8c6_rho10.0_cfg5.0_0701_1458] Generating video 4/9 (guidance): a person eating a burger
🎬 STARTING GUIDANCE PIPELINE GENERATION
   Frames: 17, Steps: 50, CFG Scale: 5.0

🔧 GUIDANCE PIPELINE CONFIGURATION:
   Guidance range: 0 - 1001
   Rho scale: 10.0
   V-JEPA kernel_size: 8
   V-JEPA context_length: 6
   V-JEPA stride: 2
   V-JEPA mode: max
   Total timesteps: 50

🚀 APPLYING GUIDANCE at step 0 (timestep=999)
🎯 GUIDANCE STEP 0 (t=999): Loss=0.6030, Rho=16.215237, Grad_norm=0.0617, Final_scale=162.1524
🚀 APPLYING GUIDANCE at step 1 (timestep=992)
🎯 GUIDANCE STEP 1 (t=992): Loss=0.5659, Rho=13.240168, Grad_norm=0.0755, Final_scale=132.4017
🚀 APPLYING GUIDANCE at step 2 (timestep=985)
🎯 GUIDANCE STEP 2 (t=985): Loss=0.5552, Rho=15.339415, Grad_norm=0.0652, Final_scale=153.3941
🚀 APPLYING GUIDANCE at step 3 (timestep=978)
🎯 GUIDANCE STEP 3 (t=978): Loss=0.5732, Rho=28.640850, Grad_norm=0.0349, Final_scale=286.4085
🚀 APPLYING GUIDANCE at step 4 (timestep=971)
🎯 GUIDANCE STEP 4 (t=971): Loss=0.5791, Rho=21.218166, Grad_norm=0.0471, Final_scale=212.1817
🚀 APPLYING GUIDANCE at step 5 (timestep=963)
🎯 GUIDANCE STEP 5 (t=963): Loss=0.5889, Rho=3.540022, Grad_norm=0.2825, Final_scale=35.4002
🚀 APPLYING GUIDANCE at step 6 (timestep=956)
🎯 GUIDANCE STEP 6 (t=956): Loss=0.5845, Rho=20.226530, Grad_norm=0.0494, Final_scale=202.2653
🚀 APPLYING GUIDANCE at step 7 (timestep=948)
🎯 GUIDANCE STEP 7 (t=948): Loss=0.5874, Rho=4.288211, Grad_norm=0.2332, Final_scale=42.8821
🚀 APPLYING GUIDANCE at step 8 (timestep=939)
🎯 GUIDANCE STEP 8 (t=939): Loss=0.5845, Rho=13.568453, Grad_norm=0.0737, Final_scale=135.6845
🚀 APPLYING GUIDANCE at step 9 (timestep=931)
🎯 GUIDANCE STEP 9 (t=931): Loss=0.6001, Rho=16.295349, Grad_norm=0.0614, Final_scale=162.9535
🚀 APPLYING GUIDANCE at step 10 (timestep=922)
🎯 GUIDANCE STEP 10 (t=922): Loss=0.5938, Rho=17.021154, Grad_norm=0.0588, Final_scale=170.2115
🚀 APPLYING GUIDANCE at step 11 (timestep=913)
🎯 GUIDANCE STEP 11 (t=913): Loss=0.5776, Rho=13.064078, Grad_norm=0.0765, Final_scale=130.6408
🚀 APPLYING GUIDANCE at step 12 (timestep=904)
🎯 GUIDANCE STEP 12 (t=904): Loss=0.5757, Rho=20.277582, Grad_norm=0.0493, Final_scale=202.7758
🚀 APPLYING GUIDANCE at step 13 (timestep=894)
🎯 GUIDANCE STEP 13 (t=894): Loss=0.5820, Rho=10.525582, Grad_norm=0.0950, Final_scale=105.2558
🚀 APPLYING GUIDANCE at step 14 (timestep=884)
🎯 GUIDANCE STEP 14 (t=884): Loss=0.5869, Rho=15.111302, Grad_norm=0.0662, Final_scale=151.1130
🚀 APPLYING GUIDANCE at step 15 (timestep=874)
🎯 GUIDANCE STEP 15 (t=874): Loss=0.5825, Rho=6.253338, Grad_norm=0.1599, Final_scale=62.5334
🚀 APPLYING GUIDANCE at step 16 (timestep=864)
🎯 GUIDANCE STEP 16 (t=864): Loss=0.5820, Rho=8.762977, Grad_norm=0.1141, Final_scale=87.6298
🚀 APPLYING GUIDANCE at step 17 (timestep=853)
🎯 GUIDANCE STEP 17 (t=853): Loss=0.5850, Rho=11.469069, Grad_norm=0.0872, Final_scale=114.6907
🚀 APPLYING GUIDANCE at step 18 (timestep=841)
🎯 GUIDANCE STEP 18 (t=841): Loss=0.5840, Rho=28.273750, Grad_norm=0.0354, Final_scale=282.7375
🚀 APPLYING GUIDANCE at step 19 (timestep=829)
🎯 GUIDANCE STEP 19 (t=829): Loss=0.5864, Rho=11.175171, Grad_norm=0.0895, Final_scale=111.7517
🚀 APPLYING GUIDANCE at step 20 (timestep=817)
🎯 GUIDANCE STEP 20 (t=817): Loss=0.5859, Rho=14.630207, Grad_norm=0.0684, Final_scale=146.3021
🚀 APPLYING GUIDANCE at step 21 (timestep=805)
🎯 GUIDANCE STEP 21 (t=805): Loss=0.5894, Rho=12.453147, Grad_norm=0.0803, Final_scale=124.5315
🚀 APPLYING GUIDANCE at step 22 (timestep=792)
🎯 GUIDANCE STEP 22 (t=792): Loss=0.5889, Rho=11.275989, Grad_norm=0.0887, Final_scale=112.7599
🚀 APPLYING GUIDANCE at step 23 (timestep=778)
🎯 GUIDANCE STEP 23 (t=778): Loss=0.5884, Rho=15.850203, Grad_norm=0.0631, Final_scale=158.5020
🚀 APPLYING GUIDANCE at step 24 (timestep=764)
🎯 GUIDANCE STEP 24 (t=764): Loss=0.5869, Rho=16.869936, Grad_norm=0.0593, Final_scale=168.6994
🚀 APPLYING GUIDANCE at step 25 (timestep=749)
🎯 GUIDANCE STEP 25 (t=749): Loss=0.5977, Rho=14.108147, Grad_norm=0.0709, Final_scale=141.0815
🚀 APPLYING GUIDANCE at step 26 (timestep=734)
🎯 GUIDANCE STEP 26 (t=734): Loss=0.6001, Rho=13.121733, Grad_norm=0.0762, Final_scale=131.2173
🚀 APPLYING GUIDANCE at step 27 (timestep=718)
🎯 GUIDANCE STEP 27 (t=718): Loss=0.5972, Rho=17.189564, Grad_norm=0.0582, Final_scale=171.8956
🚀 APPLYING GUIDANCE at step 28 (timestep=701)
🎯 GUIDANCE STEP 28 (t=701): Loss=0.5967, Rho=15.419750, Grad_norm=0.0649, Final_scale=154.1975
🚀 APPLYING GUIDANCE at step 29 (timestep=684)
🎯 GUIDANCE STEP 29 (t=684): Loss=0.5923, Rho=14.280026, Grad_norm=0.0700, Final_scale=142.8003
🚀 APPLYING GUIDANCE at step 30 (timestep=666)
🎯 GUIDANCE STEP 30 (t=666): Loss=0.5952, Rho=12.488796, Grad_norm=0.0801, Final_scale=124.8880
🚀 APPLYING GUIDANCE at step 31 (timestep=647)
🎯 GUIDANCE STEP 31 (t=647): Loss=0.5933, Rho=22.613411, Grad_norm=0.0442, Final_scale=226.1341
🚀 APPLYING GUIDANCE at step 32 (timestep=627)
🎯 GUIDANCE STEP 32 (t=627): Loss=0.6045, Rho=22.294369, Grad_norm=0.0449, Final_scale=222.9437
🚀 APPLYING GUIDANCE at step 33 (timestep=606)
🎯 GUIDANCE STEP 33 (t=606): Loss=0.5996, Rho=24.345596, Grad_norm=0.0411, Final_scale=243.4560
🚀 APPLYING GUIDANCE at step 34 (timestep=585)
🎯 GUIDANCE STEP 34 (t=585): Loss=0.6016, Rho=19.872293, Grad_norm=0.0503, Final_scale=198.7229
🚀 APPLYING GUIDANCE at step 35 (timestep=562)
🎯 GUIDANCE STEP 35 (t=562): Loss=0.6001, Rho=26.786985, Grad_norm=0.0373, Final_scale=267.8699
🚀 APPLYING GUIDANCE at step 36 (timestep=538)
🎯 GUIDANCE STEP 36 (t=538): Loss=0.5972, Rho=17.734190, Grad_norm=0.0564, Final_scale=177.3419
🚀 APPLYING GUIDANCE at step 37 (timestep=512)
🎯 GUIDANCE STEP 37 (t=512): Loss=0.5977, Rho=17.481871, Grad_norm=0.0572, Final_scale=174.8187
🚀 APPLYING GUIDANCE at step 38 (timestep=486)
🎯 GUIDANCE STEP 38 (t=486): Loss=0.5928, Rho=3.082664, Grad_norm=0.3244, Final_scale=30.8266
🚀 APPLYING GUIDANCE at step 39 (timestep=458)
🎯 GUIDANCE STEP 39 (t=458): Loss=0.5947, Rho=6.720794, Grad_norm=0.1488, Final_scale=67.2079
🚀 APPLYING GUIDANCE at step 40 (timestep=428)
🎯 GUIDANCE STEP 40 (t=428): Loss=0.5977, Rho=17.963932, Grad_norm=0.0557, Final_scale=179.6393
🚀 APPLYING GUIDANCE at step 41 (timestep=396)
🎯 GUIDANCE STEP 41 (t=396): Loss=0.5889, Rho=6.912634, Grad_norm=0.1447, Final_scale=69.1263
🚀 APPLYING GUIDANCE at step 42 (timestep=363)
🎯 GUIDANCE STEP 42 (t=363): Loss=0.5962, Rho=12.856095, Grad_norm=0.0778, Final_scale=128.5610
🚀 APPLYING GUIDANCE at step 43 (timestep=327)
🎯 GUIDANCE STEP 43 (t=327): Loss=0.5894, Rho=19.911863, Grad_norm=0.0502, Final_scale=199.1186
🚀 APPLYING GUIDANCE at step 44 (timestep=290)
🎯 GUIDANCE STEP 44 (t=290): Loss=0.5889, Rho=26.732901, Grad_norm=0.0374, Final_scale=267.3290
🚀 APPLYING GUIDANCE at step 45 (timestep=249)
🎯 GUIDANCE STEP 45 (t=249): Loss=0.5933, Rho=6.851511, Grad_norm=0.1460, Final_scale=68.5151
🚀 APPLYING GUIDANCE at step 46 (timestep=206)
🎯 GUIDANCE STEP 46 (t=206): Loss=0.5903, Rho=2.716042, Grad_norm=0.3682, Final_scale=27.1604
🚀 APPLYING GUIDANCE at step 47 (timestep=160)
🎯 GUIDANCE STEP 47 (t=160): Loss=0.5894, Rho=25.794804, Grad_norm=0.0388, Final_scale=257.9480
🚀 APPLYING GUIDANCE at step 48 (timestep=111)
🎯 GUIDANCE STEP 48 (t=111): Loss=0.5913, Rho=1.484259, Grad_norm=0.6737, Final_scale=14.8426
🚀 APPLYING GUIDANCE at step 49 (timestep=57)
🎯 GUIDANCE STEP 49 (t=57): Loss=0.5991, Rho=14.044900, Grad_norm=0.0712, Final_scale=140.4490
[guidance_f17_s50_w8c6_rho10.0_cfg5.0_0701_1458] Generated: generated_videos/subject_consistency/guidance_f17_s50_w8c6_rho10.0_cfg5.0_0701_1458/002_a_cow_bending_down_to_drink_water_from_a_river.mp4
[guidance_f17_s50_w8c6_rho10.0_cfg5.0_0701_1458] Generating video 4/9 (guidance): a cow chewing cud while resting in a tranquil barn
🎬 STARTING GUIDANCE PIPELINE GENERATION
   Frames: 17, Steps: 50, CFG Scale: 5.0

🔧 GUIDANCE PIPELINE CONFIGURATION:
   Guidance range: 0 - 1001
   Rho scale: 10.0
   V-JEPA kernel_size: 8
   V-JEPA context_length: 6
   V-JEPA stride: 2
   V-JEPA mode: max
   Total timesteps: 50

🚀 APPLYING GUIDANCE at step 0 (timestep=999)
🎯 GUIDANCE STEP 0 (t=999): Loss=0.5874, Rho=13.467248, Grad_norm=0.0743, Final_scale=134.6725
🚀 APPLYING GUIDANCE at step 1 (timestep=992)
🎯 GUIDANCE STEP 1 (t=992): Loss=0.5723, Rho=10.023691, Grad_norm=0.0998, Final_scale=100.2369
🚀 APPLYING GUIDANCE at step 2 (timestep=985)
🎯 GUIDANCE STEP 2 (t=985): Loss=0.5522, Rho=19.468231, Grad_norm=0.0514, Final_scale=194.6823
🚀 APPLYING GUIDANCE at step 3 (timestep=978)
🎯 GUIDANCE STEP 3 (t=978): Loss=0.5820, Rho=11.649788, Grad_norm=0.0858, Final_scale=116.4979
🚀 APPLYING GUIDANCE at step 4 (timestep=971)
🎯 GUIDANCE STEP 4 (t=971): Loss=0.5928, Rho=21.129919, Grad_norm=0.0473, Final_scale=211.2992
🚀 APPLYING GUIDANCE at step 5 (timestep=963)
🎯 GUIDANCE STEP 5 (t=963): Loss=0.5918, Rho=8.070162, Grad_norm=0.1239, Final_scale=80.7016
🚀 APPLYING GUIDANCE at step 6 (timestep=956)
🎯 GUIDANCE STEP 6 (t=956): Loss=0.5884, Rho=6.690916, Grad_norm=0.1495, Final_scale=66.9092
🚀 APPLYING GUIDANCE at step 7 (timestep=948)
🎯 GUIDANCE STEP 7 (t=948): Loss=0.6113, Rho=7.394101, Grad_norm=0.1352, Final_scale=73.9410
🚀 APPLYING GUIDANCE at step 8 (timestep=939)
🎯 GUIDANCE STEP 8 (t=939): Loss=0.6152, Rho=12.533592, Grad_norm=0.0798, Final_scale=125.3359
🚀 APPLYING GUIDANCE at step 9 (timestep=931)
🎯 GUIDANCE STEP 9 (t=931): Loss=0.6177, Rho=11.620554, Grad_norm=0.0861, Final_scale=116.2055
🚀 APPLYING GUIDANCE at step 10 (timestep=922)
🎯 GUIDANCE STEP 10 (t=922): Loss=0.6089, Rho=6.435481, Grad_norm=0.1554, Final_scale=64.3548
🚀 APPLYING GUIDANCE at step 11 (timestep=913)
🎯 GUIDANCE STEP 11 (t=913): Loss=0.6055, Rho=7.382504, Grad_norm=0.1355, Final_scale=73.8250
🚀 APPLYING GUIDANCE at step 12 (timestep=904)
🎯 GUIDANCE STEP 12 (t=904): Loss=0.6118, Rho=11.309089, Grad_norm=0.0884, Final_scale=113.0909
🚀 APPLYING GUIDANCE at step 13 (timestep=894)
🎯 GUIDANCE STEP 13 (t=894): Loss=0.6157, Rho=3.498399, Grad_norm=0.2858, Final_scale=34.9840
🚀 APPLYING GUIDANCE at step 14 (timestep=884)
🎯 GUIDANCE STEP 14 (t=884): Loss=0.6118, Rho=6.106787, Grad_norm=0.1638, Final_scale=61.0679
🚀 APPLYING GUIDANCE at step 15 (timestep=874)
🎯 GUIDANCE STEP 15 (t=874): Loss=0.6089, Rho=6.605048, Grad_norm=0.1514, Final_scale=66.0505
🚀 APPLYING GUIDANCE at step 16 (timestep=864)
🎯 GUIDANCE STEP 16 (t=864): Loss=0.6089, Rho=7.419097, Grad_norm=0.1348, Final_scale=74.1910
🚀 APPLYING GUIDANCE at step 17 (timestep=853)
🎯 GUIDANCE STEP 17 (t=853): Loss=0.6035, Rho=6.486686, Grad_norm=0.1542, Final_scale=64.8669
🚀 APPLYING GUIDANCE at step 18 (timestep=841)
🎯 GUIDANCE STEP 18 (t=841): Loss=0.6025, Rho=11.746571, Grad_norm=0.0851, Final_scale=117.4657
🚀 APPLYING GUIDANCE at step 19 (timestep=829)
🎯 GUIDANCE STEP 19 (t=829): Loss=0.6055, Rho=5.836913, Grad_norm=0.1713, Final_scale=58.3691
🚀 APPLYING GUIDANCE at step 20 (timestep=817)
🎯 GUIDANCE STEP 20 (t=817): Loss=0.6128, Rho=6.978885, Grad_norm=0.1433, Final_scale=69.7888
🚀 APPLYING GUIDANCE at step 21 (timestep=805)
🎯 GUIDANCE STEP 21 (t=805): Loss=0.6147, Rho=12.424829, Grad_norm=0.0805, Final_scale=124.2483
🚀 APPLYING GUIDANCE at step 22 (timestep=792)
🎯 GUIDANCE STEP 22 (t=792): Loss=0.6152, Rho=9.017586, Grad_norm=0.1109, Final_scale=90.1759
🚀 APPLYING GUIDANCE at step 23 (timestep=778)
🎯 GUIDANCE STEP 23 (t=778): Loss=0.6138, Rho=8.348828, Grad_norm=0.1198, Final_scale=83.4883
🚀 APPLYING GUIDANCE at step 24 (timestep=764)
🎯 GUIDANCE STEP 24 (t=764): Loss=0.6138, Rho=6.417965, Grad_norm=0.1558, Final_scale=64.1796
🚀 APPLYING GUIDANCE at step 25 (timestep=749)
🎯 GUIDANCE STEP 25 (t=749): Loss=0.6118, Rho=14.035144, Grad_norm=0.0712, Final_scale=140.3514
🚀 APPLYING GUIDANCE at step 26 (timestep=734)
🎯 GUIDANCE STEP 26 (t=734): Loss=0.6162, Rho=2.622126, Grad_norm=0.3814, Final_scale=26.2213
🚀 APPLYING GUIDANCE at step 27 (timestep=718)
🎯 GUIDANCE STEP 27 (t=718): Loss=0.6177, Rho=13.086666, Grad_norm=0.0764, Final_scale=130.8667
🚀 APPLYING GUIDANCE at step 28 (timestep=701)
🎯 GUIDANCE STEP 28 (t=701): Loss=0.6157, Rho=9.318375, Grad_norm=0.1073, Final_scale=93.1837
🚀 APPLYING GUIDANCE at step 29 (timestep=684)
🎯 GUIDANCE STEP 29 (t=684): Loss=0.6143, Rho=10.822406, Grad_norm=0.0924, Final_scale=108.2241
🚀 APPLYING GUIDANCE at step 30 (timestep=666)
🎯 GUIDANCE STEP 30 (t=666): Loss=0.6123, Rho=5.920600, Grad_norm=0.1689, Final_scale=59.2060
🚀 APPLYING GUIDANCE at step 31 (timestep=647)
🎯 GUIDANCE STEP 31 (t=647): Loss=0.6118, Rho=9.269321, Grad_norm=0.1079, Final_scale=92.6932
🚀 APPLYING GUIDANCE at step 32 (timestep=627)
🎯 GUIDANCE STEP 32 (t=627): Loss=0.6108, Rho=14.433035, Grad_norm=0.0693, Final_scale=144.3303
🚀 APPLYING GUIDANCE at step 33 (timestep=606)
🎯 GUIDANCE STEP 33 (t=606): Loss=0.6133, Rho=12.456737, Grad_norm=0.0803, Final_scale=124.5674
🚀 APPLYING GUIDANCE at step 34 (timestep=585)
🎯 GUIDANCE STEP 34 (t=585): Loss=0.6094, Rho=12.311935, Grad_norm=0.0812, Final_scale=123.1194
🚀 APPLYING GUIDANCE at step 35 (timestep=562)
🎯 GUIDANCE STEP 35 (t=562): Loss=0.6133, Rho=9.577694, Grad_norm=0.1044, Final_scale=95.7769
🚀 APPLYING GUIDANCE at step 36 (timestep=538)
🎯 GUIDANCE STEP 36 (t=538): Loss=0.6123, Rho=14.713712, Grad_norm=0.0680, Final_scale=147.1371
🚀 APPLYING GUIDANCE at step 37 (timestep=512)
🎯 GUIDANCE STEP 37 (t=512): Loss=0.6123, Rho=10.996491, Grad_norm=0.0909, Final_scale=109.9649
🚀 APPLYING GUIDANCE at step 38 (timestep=486)
🎯 GUIDANCE STEP 38 (t=486): Loss=0.6118, Rho=30.572672, Grad_norm=0.0327, Final_scale=305.7267
🚀 APPLYING GUIDANCE at step 39 (timestep=458)
🎯 GUIDANCE STEP 39 (t=458): Loss=0.6104, Rho=8.904673, Grad_norm=0.1123, Final_scale=89.0467
🚀 APPLYING GUIDANCE at step 40 (timestep=428)
🎯 GUIDANCE STEP 40 (t=428): Loss=0.6128, Rho=18.452772, Grad_norm=0.0542, Final_scale=184.5277
🚀 APPLYING GUIDANCE at step 41 (timestep=396)
🎯 GUIDANCE STEP 41 (t=396): Loss=0.6113, Rho=20.143705, Grad_norm=0.0496, Final_scale=201.4371
🚀 APPLYING GUIDANCE at step 42 (timestep=363)
🎯 GUIDANCE STEP 42 (t=363): Loss=0.6133, Rho=26.625668, Grad_norm=0.0376, Final_scale=266.2567
🚀 APPLYING GUIDANCE at step 43 (timestep=327)
🎯 GUIDANCE STEP 43 (t=327): Loss=0.6113, Rho=13.349055, Grad_norm=0.0749, Final_scale=133.4906
🚀 APPLYING GUIDANCE at step 44 (timestep=290)
🎯 GUIDANCE STEP 44 (t=290): Loss=0.6099, Rho=2.454404, Grad_norm=0.4074, Final_scale=24.5440
🚀 APPLYING GUIDANCE at step 45 (timestep=249)
🎯 GUIDANCE STEP 45 (t=249): Loss=0.6108, Rho=9.924621, Grad_norm=0.1008, Final_scale=99.2462
🚀 APPLYING GUIDANCE at step 46 (timestep=206)
🎯 GUIDANCE STEP 46 (t=206): Loss=0.6138, Rho=23.147627, Grad_norm=0.0432, Final_scale=231.4763
🚀 APPLYING GUIDANCE at step 47 (timestep=160)
🎯 GUIDANCE STEP 47 (t=160): Loss=0.6094, Rho=11.122278, Grad_norm=0.0899, Final_scale=111.2228
🚀 APPLYING GUIDANCE at step 48 (timestep=111)
🎯 GUIDANCE STEP 48 (t=111): Loss=0.6074, Rho=8.142771, Grad_norm=0.1228, Final_scale=81.4277
🚀 APPLYING GUIDANCE at step 49 (timestep=57)
🎯 GUIDANCE STEP 49 (t=57): Loss=0.6074, Rho=21.912338, Grad_norm=0.0456, Final_scale=219.1234
[guidance_f17_s50_w8c6_rho10.0_cfg5.0_0701_1458] Generated: generated_videos/subject_consistency/guidance_f17_s50_w8c6_rho10.0_cfg5.0_0701_1458/004_a_horse_bending_down_to_drink_water_from_a_river.mp4
[guidance_f17_s50_w8c6_rho10.0_cfg5.0_0701_1458] Generating video 6/9 (guidance): a horse galloping across an open field
🎬 STARTING GUIDANCE PIPELINE GENERATION
   Frames: 17, Steps: 50, CFG Scale: 5.0

🔧 GUIDANCE PIPELINE CONFIGURATION:
   Guidance range: 0 - 1001
   Rho scale: 10.0
   V-JEPA kernel_size: 8
   V-JEPA context_length: 6
   V-JEPA stride: 2
   V-JEPA mode: max
   Total timesteps: 50

🚀 APPLYING GUIDANCE at step 0 (timestep=999)
🎯 GUIDANCE STEP 0 (t=999): Loss=0.5576, Rho=23.221161, Grad_norm=0.0431, Final_scale=232.2116
🚀 APPLYING GUIDANCE at step 1 (timestep=992)
🎯 GUIDANCE STEP 1 (t=992): Loss=0.5435, Rho=19.662519, Grad_norm=0.0509, Final_scale=196.6252
🚀 APPLYING GUIDANCE at step 2 (timestep=985)
🎯 GUIDANCE STEP 2 (t=985): Loss=0.5415, Rho=34.811462, Grad_norm=0.0287, Final_scale=348.1146
🚀 APPLYING GUIDANCE at step 3 (timestep=978)
🎯 GUIDANCE STEP 3 (t=978): Loss=0.5464, Rho=26.036003, Grad_norm=0.0384, Final_scale=260.3600
🚀 APPLYING GUIDANCE at step 4 (timestep=971)
🎯 GUIDANCE STEP 4 (t=971): Loss=0.5503, Rho=9.954678, Grad_norm=0.1005, Final_scale=99.5468
🚀 APPLYING GUIDANCE at step 5 (timestep=963)
🎯 GUIDANCE STEP 5 (t=963): Loss=0.5698, Rho=10.971121, Grad_norm=0.0911, Final_scale=109.7112
🚀 APPLYING GUIDANCE at step 6 (timestep=956)
🎯 GUIDANCE STEP 6 (t=956): Loss=0.5659, Rho=6.845814, Grad_norm=0.1461, Final_scale=68.4581
🚀 APPLYING GUIDANCE at step 7 (timestep=948)
🎯 GUIDANCE STEP 7 (t=948): Loss=0.5840, Rho=4.890320, Grad_norm=0.2045, Final_scale=48.9032
🚀 APPLYING GUIDANCE at step 8 (timestep=939)
🎯 GUIDANCE STEP 8 (t=939): Loss=0.5840, Rho=9.747935, Grad_norm=0.1026, Final_scale=97.4794
🚀 APPLYING GUIDANCE at step 9 (timestep=931)
🎯 GUIDANCE STEP 9 (t=931): Loss=0.5815, Rho=4.864103, Grad_norm=0.2056, Final_scale=48.6410
🚀 APPLYING GUIDANCE at step 10 (timestep=922)
🎯 GUIDANCE STEP 10 (t=922): Loss=0.5801, Rho=6.793380, Grad_norm=0.1472, Final_scale=67.9338
🚀 APPLYING GUIDANCE at step 11 (timestep=913)
🎯 GUIDANCE STEP 11 (t=913): Loss=0.5879, Rho=5.584128, Grad_norm=0.1791, Final_scale=55.8413
🚀 APPLYING GUIDANCE at step 12 (timestep=904)
🎯 GUIDANCE STEP 12 (t=904): Loss=0.5923, Rho=5.014051, Grad_norm=0.1994, Final_scale=50.1405
🚀 APPLYING GUIDANCE at step 13 (timestep=894)
🎯 GUIDANCE STEP 13 (t=894): Loss=0.5947, Rho=7.010224, Grad_norm=0.1426, Final_scale=70.1022
🚀 APPLYING GUIDANCE at step 14 (timestep=884)
🎯 GUIDANCE STEP 14 (t=884): Loss=0.5991, Rho=7.833462, Grad_norm=0.1277, Final_scale=78.3346
🚀 APPLYING GUIDANCE at step 15 (timestep=874)
🎯 GUIDANCE STEP 15 (t=874): Loss=0.5942, Rho=4.627829, Grad_norm=0.2161, Final_scale=46.2783
🚀 APPLYING GUIDANCE at step 16 (timestep=864)
🎯 GUIDANCE STEP 16 (t=864): Loss=0.6055, Rho=4.984326, Grad_norm=0.2006, Final_scale=49.8433
🚀 APPLYING GUIDANCE at step 17 (timestep=853)
🎯 GUIDANCE STEP 17 (t=853): Loss=0.6030, Rho=5.192743, Grad_norm=0.1926, Final_scale=51.9274
🚀 APPLYING GUIDANCE at step 18 (timestep=841)
🎯 GUIDANCE STEP 18 (t=841): Loss=0.5986, Rho=4.881182, Grad_norm=0.2049, Final_scale=48.8118
🚀 APPLYING GUIDANCE at step 19 (timestep=829)
🎯 GUIDANCE STEP 19 (t=829): Loss=0.5952, Rho=5.334470, Grad_norm=0.1875, Final_scale=53.3447
🚀 APPLYING GUIDANCE at step 20 (timestep=817)
🎯 GUIDANCE STEP 20 (t=817): Loss=0.5923, Rho=6.198101, Grad_norm=0.1613, Final_scale=61.9810
🚀 APPLYING GUIDANCE at step 21 (timestep=805)
🎯 GUIDANCE STEP 21 (t=805): Loss=0.5947, Rho=9.128206, Grad_norm=0.1096, Final_scale=91.2821
🚀 APPLYING GUIDANCE at step 22 (timestep=792)
🎯 GUIDANCE STEP 22 (t=792): Loss=0.6006, Rho=6.737331, Grad_norm=0.1484, Final_scale=67.3733
🚀 APPLYING GUIDANCE at step 23 (timestep=778)
🎯 GUIDANCE STEP 23 (t=778): Loss=0.5918, Rho=6.674606, Grad_norm=0.1498, Final_scale=66.7461
🚀 APPLYING GUIDANCE at step 24 (timestep=764)
🎯 GUIDANCE STEP 24 (t=764): Loss=0.5933, Rho=3.834213, Grad_norm=0.2608, Final_scale=38.3421
🚀 APPLYING GUIDANCE at step 25 (timestep=749)
🎯 GUIDANCE STEP 25 (t=749): Loss=0.5933, Rho=5.644821, Grad_norm=0.1772, Final_scale=56.4482
🚀 APPLYING GUIDANCE at step 26 (timestep=734)
🎯 GUIDANCE STEP 26 (t=734): Loss=0.6001, Rho=3.569948, Grad_norm=0.2801, Final_scale=35.6995
🚀 APPLYING GUIDANCE at step 27 (timestep=718)
🎯 GUIDANCE STEP 27 (t=718): Loss=0.5986, Rho=5.791538, Grad_norm=0.1727, Final_scale=57.9154
🚀 APPLYING GUIDANCE at step 28 (timestep=701)
🎯 GUIDANCE STEP 28 (t=701): Loss=0.5952, Rho=4.481350, Grad_norm=0.2231, Final_scale=44.8135
🚀 APPLYING GUIDANCE at step 29 (timestep=684)
🎯 GUIDANCE STEP 29 (t=684): Loss=0.6030, Rho=5.583138, Grad_norm=0.1791, Final_scale=55.8314
🚀 APPLYING GUIDANCE at step 30 (timestep=666)
🎯 GUIDANCE STEP 30 (t=666): Loss=0.6060, Rho=4.936354, Grad_norm=0.2026, Final_scale=49.3635
🚀 APPLYING GUIDANCE at step 31 (timestep=647)
🎯 GUIDANCE STEP 31 (t=647): Loss=0.6050, Rho=5.114250, Grad_norm=0.1955, Final_scale=51.1425
🚀 APPLYING GUIDANCE at step 32 (timestep=627)
🎯 GUIDANCE STEP 32 (t=627): Loss=0.6079, Rho=3.697699, Grad_norm=0.2704, Final_scale=36.9770
🚀 APPLYING GUIDANCE at step 33 (timestep=606)
🎯 GUIDANCE STEP 33 (t=606): Loss=0.6050, Rho=3.494671, Grad_norm=0.2861, Final_scale=34.9467
🚀 APPLYING GUIDANCE at step 34 (timestep=585)
🎯 GUIDANCE STEP 34 (t=585): Loss=0.6069, Rho=8.669560, Grad_norm=0.1153, Final_scale=86.6956
🚀 APPLYING GUIDANCE at step 35 (timestep=562)
🎯 GUIDANCE STEP 35 (t=562): Loss=0.6050, Rho=7.150668, Grad_norm=0.1398, Final_scale=71.5067
🚀 APPLYING GUIDANCE at step 36 (timestep=538)
🎯 GUIDANCE STEP 36 (t=538): Loss=0.6045, Rho=1.917957, Grad_norm=0.5214, Final_scale=19.1796
🚀 APPLYING GUIDANCE at step 37 (timestep=512)
🎯 GUIDANCE STEP 37 (t=512): Loss=0.6060, Rho=7.792570, Grad_norm=0.1283, Final_scale=77.9257
🚀 APPLYING GUIDANCE at step 38 (timestep=486)
🎯 GUIDANCE STEP 38 (t=486): Loss=0.6045, Rho=19.167486, Grad_norm=0.0522, Final_scale=191.6749
🚀 APPLYING GUIDANCE at step 39 (timestep=458)
🎯 GUIDANCE STEP 39 (t=458): Loss=0.6064, Rho=10.191022, Grad_norm=0.0981, Final_scale=101.9102
🚀 APPLYING GUIDANCE at step 40 (timestep=428)
🎯 GUIDANCE STEP 40 (t=428): Loss=0.6021, Rho=13.343355, Grad_norm=0.0749, Final_scale=133.4336
🚀 APPLYING GUIDANCE at step 41 (timestep=396)
🎯 GUIDANCE STEP 41 (t=396): Loss=0.6006, Rho=4.064497, Grad_norm=0.2460, Final_scale=40.6450
🚀 APPLYING GUIDANCE at step 42 (timestep=363)
🎯 GUIDANCE STEP 42 (t=363): Loss=0.6050, Rho=6.512266, Grad_norm=0.1536, Final_scale=65.1227
🚀 APPLYING GUIDANCE at step 43 (timestep=327)
🎯 GUIDANCE STEP 43 (t=327): Loss=0.6025, Rho=15.088703, Grad_norm=0.0663, Final_scale=150.8870
🚀 APPLYING GUIDANCE at step 44 (timestep=290)
🎯 GUIDANCE STEP 44 (t=290): Loss=0.6021, Rho=13.887310, Grad_norm=0.0720, Final_scale=138.8731
🚀 APPLYING GUIDANCE at step 45 (timestep=249)
🎯 GUIDANCE STEP 45 (t=249): Loss=0.6040, Rho=17.194536, Grad_norm=0.0582, Final_scale=171.9454
🚀 APPLYING GUIDANCE at step 46 (timestep=206)
🎯 GUIDANCE STEP 46 (t=206): Loss=0.6001, Rho=24.040987, Grad_norm=0.0416, Final_scale=240.4099
🚀 APPLYING GUIDANCE at step 47 (timestep=160)
🎯 GUIDANCE STEP 47 (t=160): Loss=0.5977, Rho=20.274225, Grad_norm=0.0493, Final_scale=202.7423
🚀 APPLYING GUIDANCE at step 48 (timestep=111)
🎯 GUIDANCE STEP 48 (t=111): Loss=0.5972, Rho=15.666149, Grad_norm=0.0638, Final_scale=156.6615
🚀 APPLYING GUIDANCE at step 49 (timestep=57)
🎯 GUIDANCE STEP 49 (t=57): Loss=0.5908, Rho=13.894338, Grad_norm=0.0720, Final_scale=138.9434
[guidance_f17_s50_w8c6_rho10.0_cfg5.0_0701_1458] Generated: generated_videos/subject_consistency/guidance_f17_s50_w8c6_rho10.0_cfg5.0_0701_1458/004_a_zebra_running_to_join_a_herd_of_its_kind.mp4
[guidance_f17_s50_w8c6_rho10.0_cfg5.0_0701_1458] Generating video 6/9 (guidance): a zebra taking a peaceful walk
🎬 STARTING GUIDANCE PIPELINE GENERATION
   Frames: 17, Steps: 50, CFG Scale: 5.0

🔧 GUIDANCE PIPELINE CONFIGURATION:
   Guidance range: 0 - 1001
   Rho scale: 10.0
   V-JEPA kernel_size: 8
   V-JEPA context_length: 6
   V-JEPA stride: 2
   V-JEPA mode: max
   Total timesteps: 50

🚀 APPLYING GUIDANCE at step 0 (timestep=999)
🎯 GUIDANCE STEP 0 (t=999): Loss=0.5513, Rho=17.931652, Grad_norm=0.0558, Final_scale=179.3165
🚀 APPLYING GUIDANCE at step 1 (timestep=992)
🎯 GUIDANCE STEP 1 (t=992): Loss=0.5317, Rho=13.774430, Grad_norm=0.0726, Final_scale=137.7443
🚀 APPLYING GUIDANCE at step 2 (timestep=985)
🎯 GUIDANCE STEP 2 (t=985): Loss=0.5356, Rho=20.927238, Grad_norm=0.0478, Final_scale=209.2724
🚀 APPLYING GUIDANCE at step 3 (timestep=978)
🎯 GUIDANCE STEP 3 (t=978): Loss=0.5415, Rho=21.738123, Grad_norm=0.0460, Final_scale=217.3812
🚀 APPLYING GUIDANCE at step 4 (timestep=971)
🎯 GUIDANCE STEP 4 (t=971): Loss=0.5449, Rho=3.497763, Grad_norm=0.2859, Final_scale=34.9776
🚀 APPLYING GUIDANCE at step 5 (timestep=963)
🎯 GUIDANCE STEP 5 (t=963): Loss=0.5518, Rho=11.286585, Grad_norm=0.0886, Final_scale=112.8658
🚀 APPLYING GUIDANCE at step 6 (timestep=956)
🎯 GUIDANCE STEP 6 (t=956): Loss=0.5645, Rho=10.351269, Grad_norm=0.0966, Final_scale=103.5127
🚀 APPLYING GUIDANCE at step 7 (timestep=948)
🎯 GUIDANCE STEP 7 (t=948): Loss=0.5771, Rho=8.933918, Grad_norm=0.1119, Final_scale=89.3392
🚀 APPLYING GUIDANCE at step 8 (timestep=939)
🎯 GUIDANCE STEP 8 (t=939): Loss=0.5811, Rho=6.384472, Grad_norm=0.1566, Final_scale=63.8447
🚀 APPLYING GUIDANCE at step 9 (timestep=931)
🎯 GUIDANCE STEP 9 (t=931): Loss=0.5903, Rho=2.255436, Grad_norm=0.4434, Final_scale=22.5544
🚀 APPLYING GUIDANCE at step 10 (timestep=922)
🎯 GUIDANCE STEP 10 (t=922): Loss=0.5903, Rho=5.357613, Grad_norm=0.1867, Final_scale=53.5761
🚀 APPLYING GUIDANCE at step 11 (timestep=913)
🎯 GUIDANCE STEP 11 (t=913): Loss=0.6133, Rho=1.728958, Grad_norm=0.5784, Final_scale=17.2896
🚀 APPLYING GUIDANCE at step 12 (timestep=904)
🎯 GUIDANCE STEP 12 (t=904): Loss=0.6118, Rho=3.397780, Grad_norm=0.2943, Final_scale=33.9778
🚀 APPLYING GUIDANCE at step 13 (timestep=894)
🎯 GUIDANCE STEP 13 (t=894): Loss=0.6108, Rho=3.322502, Grad_norm=0.3010, Final_scale=33.2250
🚀 APPLYING GUIDANCE at step 14 (timestep=884)
🎯 GUIDANCE STEP 14 (t=884): Loss=0.6128, Rho=2.384488, Grad_norm=0.4194, Final_scale=23.8449
🚀 APPLYING GUIDANCE at step 15 (timestep=874)
🎯 GUIDANCE STEP 15 (t=874): Loss=0.6167, Rho=0.746579, Grad_norm=1.3394, Final_scale=7.4658
🚀 APPLYING GUIDANCE at step 16 (timestep=864)
🎯 GUIDANCE STEP 16 (t=864): Loss=0.6211, Rho=2.645871, Grad_norm=0.3779, Final_scale=26.4587
🚀 APPLYING GUIDANCE at step 17 (timestep=853)
🎯 GUIDANCE STEP 17 (t=853): Loss=0.6172, Rho=3.514125, Grad_norm=0.2846, Final_scale=35.1413
🚀 APPLYING GUIDANCE at step 18 (timestep=841)
🎯 GUIDANCE STEP 18 (t=841): Loss=0.6138, Rho=1.085121, Grad_norm=0.9216, Final_scale=10.8512
🚀 APPLYING GUIDANCE at step 19 (timestep=829)
🎯 GUIDANCE STEP 19 (t=829): Loss=0.6187, Rho=1.509854, Grad_norm=0.6623, Final_scale=15.0985
🚀 APPLYING GUIDANCE at step 20 (timestep=817)
🎯 GUIDANCE STEP 20 (t=817): Loss=0.6182, Rho=4.710958, Grad_norm=0.2123, Final_scale=47.1096
🚀 APPLYING GUIDANCE at step 21 (timestep=805)
🎯 GUIDANCE STEP 21 (t=805): Loss=0.6118, Rho=6.990734, Grad_norm=0.1430, Final_scale=69.9073
🚀 APPLYING GUIDANCE at step 22 (timestep=792)
🎯 GUIDANCE STEP 22 (t=792): Loss=0.6143, Rho=4.496150, Grad_norm=0.2224, Final_scale=44.9615
🚀 APPLYING GUIDANCE at step 23 (timestep=778)
🎯 GUIDANCE STEP 23 (t=778): Loss=0.6123, Rho=9.296291, Grad_norm=0.1076, Final_scale=92.9629
🚀 APPLYING GUIDANCE at step 24 (timestep=764)
🎯 GUIDANCE STEP 24 (t=764): Loss=0.6084, Rho=6.238435, Grad_norm=0.1603, Final_scale=62.3844
🚀 APPLYING GUIDANCE at step 25 (timestep=749)
🎯 GUIDANCE STEP 25 (t=749): Loss=0.6079, Rho=1.931337, Grad_norm=0.5178, Final_scale=19.3134
🚀 APPLYING GUIDANCE at step 26 (timestep=734)
🎯 GUIDANCE STEP 26 (t=734): Loss=0.6133, Rho=1.188352, Grad_norm=0.8415, Final_scale=11.8835
🚀 APPLYING GUIDANCE at step 27 (timestep=718)
🎯 GUIDANCE STEP 27 (t=718): Loss=0.6138, Rho=5.970978, Grad_norm=0.1675, Final_scale=59.7098
🚀 APPLYING GUIDANCE at step 28 (timestep=701)
🎯 GUIDANCE STEP 28 (t=701): Loss=0.6079, Rho=4.182030, Grad_norm=0.2391, Final_scale=41.8203
🚀 APPLYING GUIDANCE at step 29 (timestep=684)
🎯 GUIDANCE STEP 29 (t=684): Loss=0.6099, Rho=5.762812, Grad_norm=0.1735, Final_scale=57.6281
🚀 APPLYING GUIDANCE at step 30 (timestep=666)
🎯 GUIDANCE STEP 30 (t=666): Loss=0.6079, Rho=7.962495, Grad_norm=0.1256, Final_scale=79.6249
🚀 APPLYING GUIDANCE at step 31 (timestep=647)
🎯 GUIDANCE STEP 31 (t=647): Loss=0.6084, Rho=3.849646, Grad_norm=0.2598, Final_scale=38.4965
🚀 APPLYING GUIDANCE at step 32 (timestep=627)
🎯 GUIDANCE STEP 32 (t=627): Loss=0.6074, Rho=8.605891, Grad_norm=0.1162, Final_scale=86.0589
🚀 APPLYING GUIDANCE at step 33 (timestep=606)
🎯 GUIDANCE STEP 33 (t=606): Loss=0.6064, Rho=9.088462, Grad_norm=0.1100, Final_scale=90.8846
🚀 APPLYING GUIDANCE at step 34 (timestep=585)
🎯 GUIDANCE STEP 34 (t=585): Loss=0.6060, Rho=10.772980, Grad_norm=0.0928, Final_scale=107.7298
🚀 APPLYING GUIDANCE at step 35 (timestep=562)
🎯 GUIDANCE STEP 35 (t=562): Loss=0.6069, Rho=10.461676, Grad_norm=0.0956, Final_scale=104.6168
🚀 APPLYING GUIDANCE at step 36 (timestep=538)
🎯 GUIDANCE STEP 36 (t=538): Loss=0.6069, Rho=11.081736, Grad_norm=0.0902, Final_scale=110.8174
🚀 APPLYING GUIDANCE at step 37 (timestep=512)
🎯 GUIDANCE STEP 37 (t=512): Loss=0.6084, Rho=11.341091, Grad_norm=0.0882, Final_scale=113.4109
🚀 APPLYING GUIDANCE at step 38 (timestep=486)
🎯 GUIDANCE STEP 38 (t=486): Loss=0.6055, Rho=22.468174, Grad_norm=0.0445, Final_scale=224.6817
🚀 APPLYING GUIDANCE at step 39 (timestep=458)
🎯 GUIDANCE STEP 39 (t=458): Loss=0.6060, Rho=19.443192, Grad_norm=0.0514, Final_scale=194.4319
🚀 APPLYING GUIDANCE at step 40 (timestep=428)
🎯 GUIDANCE STEP 40 (t=428): Loss=0.6035, Rho=23.650311, Grad_norm=0.0423, Final_scale=236.5031
🚀 APPLYING GUIDANCE at step 41 (timestep=396)
🎯 GUIDANCE STEP 41 (t=396): Loss=0.6060, Rho=37.203621, Grad_norm=0.0269, Final_scale=372.0362
🚀 APPLYING GUIDANCE at step 42 (timestep=363)
🎯 GUIDANCE STEP 42 (t=363): Loss=0.6045, Rho=20.757793, Grad_norm=0.0482, Final_scale=207.5779
🚀 APPLYING GUIDANCE at step 43 (timestep=327)
🎯 GUIDANCE STEP 43 (t=327): Loss=0.6030, Rho=29.448540, Grad_norm=0.0340, Final_scale=294.4854
🚀 APPLYING GUIDANCE at step 44 (timestep=290)
🎯 GUIDANCE STEP 44 (t=290): Loss=0.6016, Rho=4.149484, Grad_norm=0.2410, Final_scale=41.4948
🚀 APPLYING GUIDANCE at step 45 (timestep=249)
🎯 GUIDANCE STEP 45 (t=249): Loss=0.6021, Rho=16.807211, Grad_norm=0.0595, Final_scale=168.0721
🚀 APPLYING GUIDANCE at step 46 (timestep=206)
🎯 GUIDANCE STEP 46 (t=206): Loss=0.6030, Rho=51.485302, Grad_norm=0.0194, Final_scale=514.8530
🚀 APPLYING GUIDANCE at step 47 (timestep=160)
🎯 GUIDANCE STEP 47 (t=160): Loss=0.5986, Rho=35.984749, Grad_norm=0.0278, Final_scale=359.8475
🚀 APPLYING GUIDANCE at step 48 (timestep=111)
🎯 GUIDANCE STEP 48 (t=111): Loss=0.5967, Rho=20.025028, Grad_norm=0.0499, Final_scale=200.2503
🚀 APPLYING GUIDANCE at step 49 (timestep=57)
🎯 GUIDANCE STEP 49 (t=57): Loss=0.6001, Rho=25.471294, Grad_norm=0.0393, Final_scale=254.7129
[guidance_f17_s50_w8c6_rho10.0_cfg5.0_0701_1458] Generated: generated_videos/subject_consistency/guidance_f17_s50_w8c6_rho10.0_cfg5.0_0701_1458/004_a_car_slowing_down_to_stop.mp4
[guidance_f17_s50_w8c6_rho10.0_cfg5.0_0701_1458] Generating video 6/9 (guidance): a car accelerating to gain speed
🎬 STARTING GUIDANCE PIPELINE GENERATION
   Frames: 17, Steps: 50, CFG Scale: 5.0

🔧 GUIDANCE PIPELINE CONFIGURATION:
   Guidance range: 0 - 1001
   Rho scale: 10.0
   V-JEPA kernel_size: 8
   V-JEPA context_length: 6
   V-JEPA stride: 2
   V-JEPA mode: max
   Total timesteps: 50

🚀 APPLYING GUIDANCE at step 0 (timestep=999)
🎯 GUIDANCE STEP 0 (t=999): Loss=0.5415, Rho=23.710789, Grad_norm=0.0422, Final_scale=237.1079
🚀 APPLYING GUIDANCE at step 1 (timestep=992)
🎯 GUIDANCE STEP 1 (t=992): Loss=0.5679, Rho=8.412100, Grad_norm=0.1189, Final_scale=84.1210
🚀 APPLYING GUIDANCE at step 2 (timestep=985)
🎯 GUIDANCE STEP 2 (t=985): Loss=0.5757, Rho=6.989595, Grad_norm=0.1431, Final_scale=69.8959
🚀 APPLYING GUIDANCE at step 3 (timestep=978)
🎯 GUIDANCE STEP 3 (t=978): Loss=0.5762, Rho=4.747982, Grad_norm=0.2106, Final_scale=47.4798
🚀 APPLYING GUIDANCE at step 4 (timestep=971)
🎯 GUIDANCE STEP 4 (t=971): Loss=0.5835, Rho=5.358999, Grad_norm=0.1866, Final_scale=53.5900
🚀 APPLYING GUIDANCE at step 5 (timestep=963)
🎯 GUIDANCE STEP 5 (t=963): Loss=0.5874, Rho=3.207242, Grad_norm=0.3118, Final_scale=32.0724
🚀 APPLYING GUIDANCE at step 6 (timestep=956)
🎯 GUIDANCE STEP 6 (t=956): Loss=0.5933, Rho=8.073792, Grad_norm=0.1239, Final_scale=80.7379
🚀 APPLYING GUIDANCE at step 7 (timestep=948)
🎯 GUIDANCE STEP 7 (t=948): Loss=0.5933, Rho=6.682830, Grad_norm=0.1496, Final_scale=66.8283
🚀 APPLYING GUIDANCE at step 8 (timestep=939)
🎯 GUIDANCE STEP 8 (t=939): Loss=0.5986, Rho=4.760051, Grad_norm=0.2101, Final_scale=47.6005
🚀 APPLYING GUIDANCE at step 9 (timestep=931)
🎯 GUIDANCE STEP 9 (t=931): Loss=0.6040, Rho=5.803582, Grad_norm=0.1723, Final_scale=58.0358
🚀 APPLYING GUIDANCE at step 10 (timestep=922)
🎯 GUIDANCE STEP 10 (t=922): Loss=0.6079, Rho=3.467494, Grad_norm=0.2884, Final_scale=34.6749
🚀 APPLYING GUIDANCE at step 11 (timestep=913)
🎯 GUIDANCE STEP 11 (t=913): Loss=0.6104, Rho=3.665507, Grad_norm=0.2728, Final_scale=36.6551
🚀 APPLYING GUIDANCE at step 12 (timestep=904)
🎯 GUIDANCE STEP 12 (t=904): Loss=0.6084, Rho=3.216742, Grad_norm=0.3109, Final_scale=32.1674
🚀 APPLYING GUIDANCE at step 13 (timestep=894)
🎯 GUIDANCE STEP 13 (t=894): Loss=0.6099, Rho=6.627520, Grad_norm=0.1509, Final_scale=66.2752
🚀 APPLYING GUIDANCE at step 14 (timestep=884)
🎯 GUIDANCE STEP 14 (t=884): Loss=0.6108, Rho=3.601060, Grad_norm=0.2777, Final_scale=36.0106
🚀 APPLYING GUIDANCE at step 15 (timestep=874)
🎯 GUIDANCE STEP 15 (t=874): Loss=0.6089, Rho=9.049967, Grad_norm=0.1105, Final_scale=90.4997
🚀 APPLYING GUIDANCE at step 16 (timestep=864)
🎯 GUIDANCE STEP 16 (t=864): Loss=0.6118, Rho=5.632745, Grad_norm=0.1775, Final_scale=56.3274
🚀 APPLYING GUIDANCE at step 17 (timestep=853)
🎯 GUIDANCE STEP 17 (t=853): Loss=0.6157, Rho=7.843492, Grad_norm=0.1275, Final_scale=78.4349
🚀 APPLYING GUIDANCE at step 18 (timestep=841)
🎯 GUIDANCE STEP 18 (t=841): Loss=0.6143, Rho=4.313916, Grad_norm=0.2318, Final_scale=43.1392
🚀 APPLYING GUIDANCE at step 19 (timestep=829)
🎯 GUIDANCE STEP 19 (t=829): Loss=0.6143, Rho=7.079147, Grad_norm=0.1413, Final_scale=70.7915
🚀 APPLYING GUIDANCE at step 20 (timestep=817)
🎯 GUIDANCE STEP 20 (t=817): Loss=0.6108, Rho=9.321888, Grad_norm=0.1073, Final_scale=93.2189
🚀 APPLYING GUIDANCE at step 21 (timestep=805)
🎯 GUIDANCE STEP 21 (t=805): Loss=0.6089, Rho=9.239024, Grad_norm=0.1082, Final_scale=92.3902
🚀 APPLYING GUIDANCE at step 22 (timestep=792)
🎯 GUIDANCE STEP 22 (t=792): Loss=0.6143, Rho=9.353845, Grad_norm=0.1069, Final_scale=93.5384
🚀 APPLYING GUIDANCE at step 23 (timestep=778)
🎯 GUIDANCE STEP 23 (t=778): Loss=0.6104, Rho=11.786836, Grad_norm=0.0848, Final_scale=117.8684
🚀 APPLYING GUIDANCE at step 24 (timestep=764)
🎯 GUIDANCE STEP 24 (t=764): Loss=0.6099, Rho=12.272678, Grad_norm=0.0815, Final_scale=122.7268
🚀 APPLYING GUIDANCE at step 25 (timestep=749)
🎯 GUIDANCE STEP 25 (t=749): Loss=0.6123, Rho=13.401093, Grad_norm=0.0746, Final_scale=134.0109
🚀 APPLYING GUIDANCE at step 26 (timestep=734)
🎯 GUIDANCE STEP 26 (t=734): Loss=0.6108, Rho=8.543302, Grad_norm=0.1171, Final_scale=85.4330
🚀 APPLYING GUIDANCE at step 27 (timestep=718)
🎯 GUIDANCE STEP 27 (t=718): Loss=0.6104, Rho=17.148664, Grad_norm=0.0583, Final_scale=171.4866
🚀 APPLYING GUIDANCE at step 28 (timestep=701)
🎯 GUIDANCE STEP 28 (t=701): Loss=0.6147, Rho=9.878327, Grad_norm=0.1012, Final_scale=98.7833
🚀 APPLYING GUIDANCE at step 29 (timestep=684)
🎯 GUIDANCE STEP 29 (t=684): Loss=0.6108, Rho=16.711033, Grad_norm=0.0598, Final_scale=167.1103
🚀 APPLYING GUIDANCE at step 30 (timestep=666)
🎯 GUIDANCE STEP 30 (t=666): Loss=0.6089, Rho=6.501280, Grad_norm=0.1538, Final_scale=65.0128
🚀 APPLYING GUIDANCE at step 31 (timestep=647)
🎯 GUIDANCE STEP 31 (t=647): Loss=0.6108, Rho=10.189695, Grad_norm=0.0981, Final_scale=101.8970
🚀 APPLYING GUIDANCE at step 32 (timestep=627)
🎯 GUIDANCE STEP 32 (t=627): Loss=0.6104, Rho=30.298126, Grad_norm=0.0330, Final_scale=302.9813
🚀 APPLYING GUIDANCE at step 33 (timestep=606)
🎯 GUIDANCE STEP 33 (t=606): Loss=0.6108, Rho=5.484459, Grad_norm=0.1823, Final_scale=54.8446
🚀 APPLYING GUIDANCE at step 34 (timestep=585)
🎯 GUIDANCE STEP 34 (t=585): Loss=0.6133, Rho=17.766083, Grad_norm=0.0563, Final_scale=177.6608
🚀 APPLYING GUIDANCE at step 35 (timestep=562)
🎯 GUIDANCE STEP 35 (t=562): Loss=0.6147, Rho=16.458244, Grad_norm=0.0608, Final_scale=164.5824
🚀 APPLYING GUIDANCE at step 36 (timestep=538)
🎯 GUIDANCE STEP 36 (t=538): Loss=0.6133, Rho=12.092163, Grad_norm=0.0827, Final_scale=120.9216
🚀 APPLYING GUIDANCE at step 37 (timestep=512)
🎯 GUIDANCE STEP 37 (t=512): Loss=0.6138, Rho=18.514984, Grad_norm=0.0540, Final_scale=185.1498
🚀 APPLYING GUIDANCE at step 38 (timestep=486)
🎯 GUIDANCE STEP 38 (t=486): Loss=0.6108, Rho=24.901562, Grad_norm=0.0402, Final_scale=249.0156
🚀 APPLYING GUIDANCE at step 39 (timestep=458)
🎯 GUIDANCE STEP 39 (t=458): Loss=0.6099, Rho=4.550963, Grad_norm=0.2197, Final_scale=45.5096
🚀 APPLYING GUIDANCE at step 40 (timestep=428)
🎯 GUIDANCE STEP 40 (t=428): Loss=0.6118, Rho=28.026323, Grad_norm=0.0357, Final_scale=280.2632
🚀 APPLYING GUIDANCE at step 41 (timestep=396)
🎯 GUIDANCE STEP 41 (t=396): Loss=0.6133, Rho=33.064495, Grad_norm=0.0302, Final_scale=330.6450
🚀 APPLYING GUIDANCE at step 42 (timestep=363)
🎯 GUIDANCE STEP 42 (t=363): Loss=0.6069, Rho=34.723392, Grad_norm=0.0288, Final_scale=347.2339
🚀 APPLYING GUIDANCE at step 43 (timestep=327)
🎯 GUIDANCE STEP 43 (t=327): Loss=0.6069, Rho=38.167042, Grad_norm=0.0262, Final_scale=381.6704
🚀 APPLYING GUIDANCE at step 44 (timestep=290)
🎯 GUIDANCE STEP 44 (t=290): Loss=0.6074, Rho=47.193787, Grad_norm=0.0212, Final_scale=471.9379
🚀 APPLYING GUIDANCE at step 45 (timestep=249)
🎯 GUIDANCE STEP 45 (t=249): Loss=0.6060, Rho=33.549500, Grad_norm=0.0298, Final_scale=335.4950
🚀 APPLYING GUIDANCE at step 46 (timestep=206)
🎯 GUIDANCE STEP 46 (t=206): Loss=0.6045, Rho=32.608032, Grad_norm=0.0307, Final_scale=326.0803
🚀 APPLYING GUIDANCE at step 47 (timestep=160)
🎯 GUIDANCE STEP 47 (t=160): Loss=0.6030, Rho=22.822855, Grad_norm=0.0438, Final_scale=228.2285
🚀 APPLYING GUIDANCE at step 48 (timestep=111)
🎯 GUIDANCE STEP 48 (t=111): Loss=0.6050, Rho=26.621422, Grad_norm=0.0376, Final_scale=266.2142
🚀 APPLYING GUIDANCE at step 49 (timestep=57)
🎯 GUIDANCE STEP 49 (t=57): Loss=0.6030, Rho=24.292913, Grad_norm=0.0412, Final_scale=242.9291
[guidance_f17_s50_w8c6_rho10.0_cfg5.0_0701_1458] Generated: generated_videos/subject_consistency/guidance_f17_s50_w8c6_rho10.0_cfg5.0_0701_1458/004_a_bird_flying_over_a_snowy_forest.mp4
[guidance_f17_s50_w8c6_rho10.0_cfg5.0_0701_1458] Generating video 6/9 (guidance): a cat grooming itself meticulously with its tongue
🎬 STARTING GUIDANCE PIPELINE GENERATION
   Frames: 17, Steps: 50, CFG Scale: 5.0

🔧 GUIDANCE PIPELINE CONFIGURATION:
   Guidance range: 0 - 1001
   Rho scale: 10.0
   V-JEPA kernel_size: 8
   V-JEPA context_length: 6
   V-JEPA stride: 2
   V-JEPA mode: max
   Total timesteps: 50

🚀 APPLYING GUIDANCE at step 0 (timestep=999)
🎯 GUIDANCE STEP 0 (t=999): Loss=0.5366, Rho=34.668766, Grad_norm=0.0288, Final_scale=346.6877
🚀 APPLYING GUIDANCE at step 1 (timestep=992)
🎯 GUIDANCE STEP 1 (t=992): Loss=0.5791, Rho=14.085538, Grad_norm=0.0710, Final_scale=140.8554
🚀 APPLYING GUIDANCE at step 2 (timestep=985)
🎯 GUIDANCE STEP 2 (t=985): Loss=0.5879, Rho=17.784714, Grad_norm=0.0562, Final_scale=177.8471
🚀 APPLYING GUIDANCE at step 3 (timestep=978)
🎯 GUIDANCE STEP 3 (t=978): Loss=0.5830, Rho=18.605907, Grad_norm=0.0537, Final_scale=186.0591
🚀 APPLYING GUIDANCE at step 4 (timestep=971)
🎯 GUIDANCE STEP 4 (t=971): Loss=0.5781, Rho=16.560698, Grad_norm=0.0604, Final_scale=165.6070
🚀 APPLYING GUIDANCE at step 5 (timestep=963)
🎯 GUIDANCE STEP 5 (t=963): Loss=0.5693, Rho=7.483142, Grad_norm=0.1336, Final_scale=74.8314
🚀 APPLYING GUIDANCE at step 6 (timestep=956)
🎯 GUIDANCE STEP 6 (t=956): Loss=0.5674, Rho=24.300877, Grad_norm=0.0412, Final_scale=243.0088
🚀 APPLYING GUIDANCE at step 7 (timestep=948)
🎯 GUIDANCE STEP 7 (t=948): Loss=0.5654, Rho=16.963493, Grad_norm=0.0590, Final_scale=169.6349
🚀 APPLYING GUIDANCE at step 8 (timestep=939)
🎯 GUIDANCE STEP 8 (t=939): Loss=0.5645, Rho=3.609720, Grad_norm=0.2770, Final_scale=36.0972
🚀 APPLYING GUIDANCE at step 9 (timestep=931)
🎯 GUIDANCE STEP 9 (t=931): Loss=0.5645, Rho=14.254209, Grad_norm=0.0702, Final_scale=142.5421
🚀 APPLYING GUIDANCE at step 10 (timestep=922)
🎯 GUIDANCE STEP 10 (t=922): Loss=0.5659, Rho=20.206421, Grad_norm=0.0495, Final_scale=202.0642
🚀 APPLYING GUIDANCE at step 11 (timestep=913)
🎯 GUIDANCE STEP 11 (t=913): Loss=0.5684, Rho=11.569680, Grad_norm=0.0864, Final_scale=115.6968
🚀 APPLYING GUIDANCE at step 12 (timestep=904)
🎯 GUIDANCE STEP 12 (t=904): Loss=0.5693, Rho=22.591734, Grad_norm=0.0443, Final_scale=225.9173
🚀 APPLYING GUIDANCE at step 13 (timestep=894)
🎯 GUIDANCE STEP 13 (t=894): Loss=0.5674, Rho=23.669580, Grad_norm=0.0422, Final_scale=236.6958
🚀 APPLYING GUIDANCE at step 14 (timestep=884)
🎯 GUIDANCE STEP 14 (t=884): Loss=0.5708, Rho=10.660077, Grad_norm=0.0938, Final_scale=106.6008
🚀 APPLYING GUIDANCE at step 15 (timestep=874)
🎯 GUIDANCE STEP 15 (t=874): Loss=0.5718, Rho=31.129423, Grad_norm=0.0321, Final_scale=311.2942
🚀 APPLYING GUIDANCE at step 16 (timestep=864)
🎯 GUIDANCE STEP 16 (t=864): Loss=0.5728, Rho=16.967802, Grad_norm=0.0589, Final_scale=169.6780
🚀 APPLYING GUIDANCE at step 17 (timestep=853)
🎯 GUIDANCE STEP 17 (t=853): Loss=0.5742, Rho=21.067408, Grad_norm=0.0475, Final_scale=210.6741
🚀 APPLYING GUIDANCE at step 18 (timestep=841)
🎯 GUIDANCE STEP 18 (t=841): Loss=0.5752, Rho=4.878596, Grad_norm=0.2050, Final_scale=48.7860
🚀 APPLYING GUIDANCE at step 19 (timestep=829)
🎯 GUIDANCE STEP 19 (t=829): Loss=0.5801, Rho=16.464130, Grad_norm=0.0607, Final_scale=164.6413
🚀 APPLYING GUIDANCE at step 20 (timestep=817)
🎯 GUIDANCE STEP 20 (t=817): Loss=0.5776, Rho=17.982683, Grad_norm=0.0556, Final_scale=179.8268
🚀 APPLYING GUIDANCE at step 21 (timestep=805)
🎯 GUIDANCE STEP 21 (t=805): Loss=0.5713, Rho=18.891617, Grad_norm=0.0529, Final_scale=188.9162
🚀 APPLYING GUIDANCE at step 22 (timestep=792)
🎯 GUIDANCE STEP 22 (t=792): Loss=0.5718, Rho=14.640122, Grad_norm=0.0683, Final_scale=146.4012
🚀 APPLYING GUIDANCE at step 23 (timestep=778)
🎯 GUIDANCE STEP 23 (t=778): Loss=0.5703, Rho=16.113605, Grad_norm=0.0621, Final_scale=161.1361
🚀 APPLYING GUIDANCE at step 24 (timestep=764)
🎯 GUIDANCE STEP 24 (t=764): Loss=0.5693, Rho=25.482574, Grad_norm=0.0392, Final_scale=254.8257
🚀 APPLYING GUIDANCE at step 25 (timestep=749)
🎯 GUIDANCE STEP 25 (t=749): Loss=0.5718, Rho=17.543203, Grad_norm=0.0570, Final_scale=175.4320
🚀 APPLYING GUIDANCE at step 26 (timestep=734)
🎯 GUIDANCE STEP 26 (t=734): Loss=0.5708, Rho=14.901924, Grad_norm=0.0671, Final_scale=149.0192
🚀 APPLYING GUIDANCE at step 27 (timestep=718)
🎯 GUIDANCE STEP 27 (t=718): Loss=0.5684, Rho=20.936647, Grad_norm=0.0478, Final_scale=209.3665
🚀 APPLYING GUIDANCE at step 28 (timestep=701)
🎯 GUIDANCE STEP 28 (t=701): Loss=0.5693, Rho=19.323954, Grad_norm=0.0517, Final_scale=193.2395
🚀 APPLYING GUIDANCE at step 29 (timestep=684)
🎯 GUIDANCE STEP 29 (t=684): Loss=0.5708, Rho=21.034122, Grad_norm=0.0475, Final_scale=210.3412
🚀 APPLYING GUIDANCE at step 30 (timestep=666)
🎯 GUIDANCE STEP 30 (t=666): Loss=0.5708, Rho=12.558206, Grad_norm=0.0796, Final_scale=125.5821
🚀 APPLYING GUIDANCE at step 31 (timestep=647)
🎯 GUIDANCE STEP 31 (t=647): Loss=0.5791, Rho=16.030005, Grad_norm=0.0624, Final_scale=160.3000
🚀 APPLYING GUIDANCE at step 32 (timestep=627)
🎯 GUIDANCE STEP 32 (t=627): Loss=0.5771, Rho=9.892531, Grad_norm=0.1011, Final_scale=98.9253
🚀 APPLYING GUIDANCE at step 33 (timestep=606)
🎯 GUIDANCE STEP 33 (t=606): Loss=0.5742, Rho=16.743019, Grad_norm=0.0597, Final_scale=167.4302
🚀 APPLYING GUIDANCE at step 34 (timestep=585)
🎯 GUIDANCE STEP 34 (t=585): Loss=0.5752, Rho=20.603168, Grad_norm=0.0485, Final_scale=206.0317
🚀 APPLYING GUIDANCE at step 35 (timestep=562)
🎯 GUIDANCE STEP 35 (t=562): Loss=0.5713, Rho=20.115990, Grad_norm=0.0497, Final_scale=201.1599
🚀 APPLYING GUIDANCE at step 36 (timestep=538)
🎯 GUIDANCE STEP 36 (t=538): Loss=0.5679, Rho=24.039450, Grad_norm=0.0416, Final_scale=240.3945
🚀 APPLYING GUIDANCE at step 37 (timestep=512)
🎯 GUIDANCE STEP 37 (t=512): Loss=0.5688, Rho=14.051613, Grad_norm=0.0712, Final_scale=140.5161
🚀 APPLYING GUIDANCE at step 38 (timestep=486)
🎯 GUIDANCE STEP 38 (t=486): Loss=0.5762, Rho=23.451365, Grad_norm=0.0426, Final_scale=234.5136
🚀 APPLYING GUIDANCE at step 39 (timestep=458)
🎯 GUIDANCE STEP 39 (t=458): Loss=0.5806, Rho=17.389822, Grad_norm=0.0575, Final_scale=173.8982
🚀 APPLYING GUIDANCE at step 40 (timestep=428)
🎯 GUIDANCE STEP 40 (t=428): Loss=0.5767, Rho=12.999084, Grad_norm=0.0769, Final_scale=129.9908
🚀 APPLYING GUIDANCE at step 41 (timestep=396)
🎯 GUIDANCE STEP 41 (t=396): Loss=0.5723, Rho=3.308322, Grad_norm=0.3023, Final_scale=33.0832
🚀 APPLYING GUIDANCE at step 42 (timestep=363)
🎯 GUIDANCE STEP 42 (t=363): Loss=0.5776, Rho=8.812427, Grad_norm=0.1135, Final_scale=88.1243
🚀 APPLYING GUIDANCE at step 43 (timestep=327)
🎯 GUIDANCE STEP 43 (t=327): Loss=0.5771, Rho=7.998552, Grad_norm=0.1250, Final_scale=79.9855
🚀 APPLYING GUIDANCE at step 44 (timestep=290)
🎯 GUIDANCE STEP 44 (t=290): Loss=0.5771, Rho=11.099274, Grad_norm=0.0901, Final_scale=110.9927
🚀 APPLYING GUIDANCE at step 45 (timestep=249)
🎯 GUIDANCE STEP 45 (t=249): Loss=0.5737, Rho=14.300171, Grad_norm=0.0699, Final_scale=143.0017
🚀 APPLYING GUIDANCE at step 46 (timestep=206)
🎯 GUIDANCE STEP 46 (t=206): Loss=0.5732, Rho=17.445898, Grad_norm=0.0573, Final_scale=174.4590
🚀 APPLYING GUIDANCE at step 47 (timestep=160)
🎯 GUIDANCE STEP 47 (t=160): Loss=0.5723, Rho=2.288574, Grad_norm=0.4370, Final_scale=22.8857
🚀 APPLYING GUIDANCE at step 48 (timestep=111)
🎯 GUIDANCE STEP 48 (t=111): Loss=0.5728, Rho=8.799582, Grad_norm=0.1136, Final_scale=87.9958
🚀 APPLYING GUIDANCE at step 49 (timestep=57)
🎯 GUIDANCE STEP 49 (t=57): Loss=0.5771, Rho=12.640276, Grad_norm=0.0791, Final_scale=126.4028
[guidance_f17_s50_w8c6_rho10.0_cfg5.0_0701_1458] Generated: generated_videos/subject_consistency/guidance_f17_s50_w8c6_rho10.0_cfg5.0_0701_1458/004_a_truck_anchored_in_a_tranquil_bay.mp4
[guidance_f17_s50_w8c6_rho10.0_cfg5.0_0701_1458] Generating video 6/9 (guidance): a truck stuck in traffic during rush hour
🎬 STARTING GUIDANCE PIPELINE GENERATION
   Frames: 17, Steps: 50, CFG Scale: 5.0

🔧 GUIDANCE PIPELINE CONFIGURATION:
   Guidance range: 0 - 1001
   Rho scale: 10.0
   V-JEPA kernel_size: 8
   V-JEPA context_length: 6
   V-JEPA stride: 2
   V-JEPA mode: max
   Total timesteps: 50

🚀 APPLYING GUIDANCE at step 0 (timestep=999)
🎯 GUIDANCE STEP 0 (t=999): Loss=0.5352, Rho=27.414154, Grad_norm=0.0365, Final_scale=274.1415
🚀 APPLYING GUIDANCE at step 1 (timestep=992)
🎯 GUIDANCE STEP 1 (t=992): Loss=0.5522, Rho=28.849051, Grad_norm=0.0347, Final_scale=288.4905
🚀 APPLYING GUIDANCE at step 2 (timestep=985)
🎯 GUIDANCE STEP 2 (t=985): Loss=0.5513, Rho=30.650541, Grad_norm=0.0326, Final_scale=306.5054
🚀 APPLYING GUIDANCE at step 3 (timestep=978)
🎯 GUIDANCE STEP 3 (t=978): Loss=0.5547, Rho=42.246078, Grad_norm=0.0237, Final_scale=422.4608
🚀 APPLYING GUIDANCE at step 4 (timestep=971)
🎯 GUIDANCE STEP 4 (t=971): Loss=0.5596, Rho=11.350797, Grad_norm=0.0881, Final_scale=113.5080
🚀 APPLYING GUIDANCE at step 5 (timestep=963)
🎯 GUIDANCE STEP 5 (t=963): Loss=0.5762, Rho=13.265182, Grad_norm=0.0754, Final_scale=132.6518
🚀 APPLYING GUIDANCE at step 6 (timestep=956)
🎯 GUIDANCE STEP 6 (t=956): Loss=0.5728, Rho=20.631371, Grad_norm=0.0485, Final_scale=206.3137
🚀 APPLYING GUIDANCE at step 7 (timestep=948)
🎯 GUIDANCE STEP 7 (t=948): Loss=0.5781, Rho=15.352465, Grad_norm=0.0651, Final_scale=153.5246
🚀 APPLYING GUIDANCE at step 8 (timestep=939)
🎯 GUIDANCE STEP 8 (t=939): Loss=0.5894, Rho=18.430231, Grad_norm=0.0543, Final_scale=184.3023
🚀 APPLYING GUIDANCE at step 9 (timestep=931)
🎯 GUIDANCE STEP 9 (t=931): Loss=0.5938, Rho=11.526904, Grad_norm=0.0868, Final_scale=115.2690
🚀 APPLYING GUIDANCE at step 10 (timestep=922)
🎯 GUIDANCE STEP 10 (t=922): Loss=0.5894, Rho=9.438108, Grad_norm=0.1060, Final_scale=94.3811
🚀 APPLYING GUIDANCE at step 11 (timestep=913)
🎯 GUIDANCE STEP 11 (t=913): Loss=0.5903, Rho=26.845314, Grad_norm=0.0373, Final_scale=268.4531
🚀 APPLYING GUIDANCE at step 12 (timestep=904)
🎯 GUIDANCE STEP 12 (t=904): Loss=0.5918, Rho=13.285219, Grad_norm=0.0753, Final_scale=132.8522
🚀 APPLYING GUIDANCE at step 13 (timestep=894)
🎯 GUIDANCE STEP 13 (t=894): Loss=0.5928, Rho=14.918936, Grad_norm=0.0670, Final_scale=149.1894
🚀 APPLYING GUIDANCE at step 14 (timestep=884)
🎯 GUIDANCE STEP 14 (t=884): Loss=0.5933, Rho=20.934113, Grad_norm=0.0478, Final_scale=209.3411
🚀 APPLYING GUIDANCE at step 15 (timestep=874)
🎯 GUIDANCE STEP 15 (t=874): Loss=0.5947, Rho=11.530104, Grad_norm=0.0867, Final_scale=115.3010
🚀 APPLYING GUIDANCE at step 16 (timestep=864)
🎯 GUIDANCE STEP 16 (t=864): Loss=0.5894, Rho=15.529782, Grad_norm=0.0644, Final_scale=155.2978
🚀 APPLYING GUIDANCE at step 17 (timestep=853)
🎯 GUIDANCE STEP 17 (t=853): Loss=0.5918, Rho=13.677682, Grad_norm=0.0731, Final_scale=136.7768
🚀 APPLYING GUIDANCE at step 18 (timestep=841)
🎯 GUIDANCE STEP 18 (t=841): Loss=0.5898, Rho=13.142114, Grad_norm=0.0761, Final_scale=131.4211
🚀 APPLYING GUIDANCE at step 19 (timestep=829)
🎯 GUIDANCE STEP 19 (t=829): Loss=0.5913, Rho=28.791229, Grad_norm=0.0347, Final_scale=287.9123
🚀 APPLYING GUIDANCE at step 20 (timestep=817)
🎯 GUIDANCE STEP 20 (t=817): Loss=0.5903, Rho=11.669056, Grad_norm=0.0857, Final_scale=116.6906
🚀 APPLYING GUIDANCE at step 21 (timestep=805)
🎯 GUIDANCE STEP 21 (t=805): Loss=0.5884, Rho=16.003494, Grad_norm=0.0625, Final_scale=160.0349
🚀 APPLYING GUIDANCE at step 22 (timestep=792)
🎯 GUIDANCE STEP 22 (t=792): Loss=0.5894, Rho=10.537410, Grad_norm=0.0949, Final_scale=105.3741
🚀 APPLYING GUIDANCE at step 23 (timestep=778)
🎯 GUIDANCE STEP 23 (t=778): Loss=0.5898, Rho=14.577047, Grad_norm=0.0686, Final_scale=145.7705
🚀 APPLYING GUIDANCE at step 24 (timestep=764)
🎯 GUIDANCE STEP 24 (t=764): Loss=0.5923, Rho=9.001538, Grad_norm=0.1111, Final_scale=90.0154
🚀 APPLYING GUIDANCE at step 25 (timestep=749)
🎯 GUIDANCE STEP 25 (t=749): Loss=0.5923, Rho=18.261774, Grad_norm=0.0548, Final_scale=182.6177
🚀 APPLYING GUIDANCE at step 26 (timestep=734)
🎯 GUIDANCE STEP 26 (t=734): Loss=0.5938, Rho=21.462646, Grad_norm=0.0466, Final_scale=214.6265
🚀 APPLYING GUIDANCE at step 27 (timestep=718)
🎯 GUIDANCE STEP 27 (t=718): Loss=0.5947, Rho=10.738519, Grad_norm=0.0931, Final_scale=107.3852
🚀 APPLYING GUIDANCE at step 28 (timestep=701)
🎯 GUIDANCE STEP 28 (t=701): Loss=0.5903, Rho=18.134319, Grad_norm=0.0551, Final_scale=181.3432
🚀 APPLYING GUIDANCE at step 29 (timestep=684)
🎯 GUIDANCE STEP 29 (t=684): Loss=0.5898, Rho=5.508929, Grad_norm=0.1815, Final_scale=55.0893
🚀 APPLYING GUIDANCE at step 30 (timestep=666)
🎯 GUIDANCE STEP 30 (t=666): Loss=0.5889, Rho=11.921184, Grad_norm=0.0839, Final_scale=119.2118
🚀 APPLYING GUIDANCE at step 31 (timestep=647)
🎯 GUIDANCE STEP 31 (t=647): Loss=0.5923, Rho=17.303110, Grad_norm=0.0578, Final_scale=173.0311
🚀 APPLYING GUIDANCE at step 32 (timestep=627)
🎯 GUIDANCE STEP 32 (t=627): Loss=0.5928, Rho=15.497746, Grad_norm=0.0645, Final_scale=154.9775
🚀 APPLYING GUIDANCE at step 33 (timestep=606)
🎯 GUIDANCE STEP 33 (t=606): Loss=0.5923, Rho=20.765553, Grad_norm=0.0482, Final_scale=207.6555
🚀 APPLYING GUIDANCE at step 34 (timestep=585)
🎯 GUIDANCE STEP 34 (t=585): Loss=0.5918, Rho=9.611562, Grad_norm=0.1040, Final_scale=96.1156
🚀 APPLYING GUIDANCE at step 35 (timestep=562)
🎯 GUIDANCE STEP 35 (t=562): Loss=0.5938, Rho=9.889677, Grad_norm=0.1011, Final_scale=98.8968
🚀 APPLYING GUIDANCE at step 36 (timestep=538)
🎯 GUIDANCE STEP 36 (t=538): Loss=0.5898, Rho=15.302185, Grad_norm=0.0654, Final_scale=153.0219
🚀 APPLYING GUIDANCE at step 37 (timestep=512)
🎯 GUIDANCE STEP 37 (t=512): Loss=0.5894, Rho=11.831666, Grad_norm=0.0845, Final_scale=118.3167
🚀 APPLYING GUIDANCE at step 38 (timestep=486)
🎯 GUIDANCE STEP 38 (t=486): Loss=0.5928, Rho=15.792222, Grad_norm=0.0633, Final_scale=157.9222
🚀 APPLYING GUIDANCE at step 39 (timestep=458)
🎯 GUIDANCE STEP 39 (t=458): Loss=0.5913, Rho=14.132942, Grad_norm=0.0708, Final_scale=141.3294
🚀 APPLYING GUIDANCE at step 40 (timestep=428)
🎯 GUIDANCE STEP 40 (t=428): Loss=0.5894, Rho=23.091318, Grad_norm=0.0433, Final_scale=230.9132
🚀 APPLYING GUIDANCE at step 41 (timestep=396)
🎯 GUIDANCE STEP 41 (t=396): Loss=0.5918, Rho=17.740690, Grad_norm=0.0564, Final_scale=177.4069
🚀 APPLYING GUIDANCE at step 42 (timestep=363)
🎯 GUIDANCE STEP 42 (t=363): Loss=0.5898, Rho=15.575012, Grad_norm=0.0642, Final_scale=155.7501
🚀 APPLYING GUIDANCE at step 43 (timestep=327)
🎯 GUIDANCE STEP 43 (t=327): Loss=0.5903, Rho=24.120741, Grad_norm=0.0415, Final_scale=241.2074
🚀 APPLYING GUIDANCE at step 44 (timestep=290)
🎯 GUIDANCE STEP 44 (t=290): Loss=0.5903, Rho=24.172737, Grad_norm=0.0414, Final_scale=241.7274
🚀 APPLYING GUIDANCE at step 45 (timestep=249)
🎯 GUIDANCE STEP 45 (t=249): Loss=0.5908, Rho=15.219833, Grad_norm=0.0657, Final_scale=152.1983
🚀 APPLYING GUIDANCE at step 46 (timestep=206)
🎯 GUIDANCE STEP 46 (t=206): Loss=0.5889, Rho=36.313168, Grad_norm=0.0275, Final_scale=363.1317
🚀 APPLYING GUIDANCE at step 47 (timestep=160)
🎯 GUIDANCE STEP 47 (t=160): Loss=0.5898, Rho=10.816043, Grad_norm=0.0925, Final_scale=108.1604
🚀 APPLYING GUIDANCE at step 48 (timestep=111)
🎯 GUIDANCE STEP 48 (t=111): Loss=0.5869, Rho=4.161099, Grad_norm=0.2403, Final_scale=41.6110
🚀 APPLYING GUIDANCE at step 49 (timestep=57)
🎯 GUIDANCE STEP 49 (t=57): Loss=0.5923, Rho=17.696087, Grad_norm=0.0565, Final_scale=176.9609
[guidance_f17_s50_w8c6_rho10.0_cfg5.0_0701_1458] Generated: generated_videos/subject_consistency/guidance_f17_s50_w8c6_rho10.0_cfg5.0_0701_1458/004_an_airplane_landing_smoothly_on_a_runway.mp4
[guidance_f17_s50_w8c6_rho10.0_cfg5.0_0701_1458] Generating video 6/9 (guidance): an airplane accelerating to gain speed
🎬 STARTING GUIDANCE PIPELINE GENERATION
   Frames: 17, Steps: 50, CFG Scale: 5.0

🔧 GUIDANCE PIPELINE CONFIGURATION:
   Guidance range: 0 - 1001
   Rho scale: 10.0
   V-JEPA kernel_size: 8
   V-JEPA context_length: 6
   V-JEPA stride: 2
   V-JEPA mode: max
   Total timesteps: 50

🚀 APPLYING GUIDANCE at step 0 (timestep=999)
🎯 GUIDANCE STEP 0 (t=999): Loss=0.5518, Rho=20.638418, Grad_norm=0.0485, Final_scale=206.3842
🚀 APPLYING GUIDANCE at step 1 (timestep=992)
🎯 GUIDANCE STEP 1 (t=992): Loss=0.5420, Rho=14.803727, Grad_norm=0.0676, Final_scale=148.0373
🚀 APPLYING GUIDANCE at step 2 (timestep=985)
🎯 GUIDANCE STEP 2 (t=985): Loss=0.5376, Rho=20.201723, Grad_norm=0.0495, Final_scale=202.0172
🚀 APPLYING GUIDANCE at step 3 (timestep=978)
🎯 GUIDANCE STEP 3 (t=978): Loss=0.5410, Rho=22.213057, Grad_norm=0.0450, Final_scale=222.1306
🚀 APPLYING GUIDANCE at step 4 (timestep=971)
🎯 GUIDANCE STEP 4 (t=971): Loss=0.5508, Rho=10.026632, Grad_norm=0.0997, Final_scale=100.2663
🚀 APPLYING GUIDANCE at step 5 (timestep=963)
🎯 GUIDANCE STEP 5 (t=963): Loss=0.5874, Rho=7.037035, Grad_norm=0.1421, Final_scale=70.3704
🚀 APPLYING GUIDANCE at step 6 (timestep=956)
🎯 GUIDANCE STEP 6 (t=956): Loss=0.6084, Rho=7.250629, Grad_norm=0.1379, Final_scale=72.5063
🚀 APPLYING GUIDANCE at step 7 (timestep=948)
🎯 GUIDANCE STEP 7 (t=948): Loss=0.6250, Rho=5.387098, Grad_norm=0.1856, Final_scale=53.8710
🚀 APPLYING GUIDANCE at step 8 (timestep=939)
🎯 GUIDANCE STEP 8 (t=939): Loss=0.6274, Rho=2.093454, Grad_norm=0.4777, Final_scale=20.9345
🚀 APPLYING GUIDANCE at step 9 (timestep=931)
🎯 GUIDANCE STEP 9 (t=931): Loss=0.6230, Rho=3.269948, Grad_norm=0.3058, Final_scale=32.6995
🚀 APPLYING GUIDANCE at step 10 (timestep=922)
🎯 GUIDANCE STEP 10 (t=922): Loss=0.6226, Rho=4.819143, Grad_norm=0.2075, Final_scale=48.1914
🚀 APPLYING GUIDANCE at step 11 (timestep=913)
🎯 GUIDANCE STEP 11 (t=913): Loss=0.6240, Rho=2.880843, Grad_norm=0.3471, Final_scale=28.8084
🚀 APPLYING GUIDANCE at step 12 (timestep=904)
🎯 GUIDANCE STEP 12 (t=904): Loss=0.6289, Rho=3.161036, Grad_norm=0.3164, Final_scale=31.6104
🚀 APPLYING GUIDANCE at step 13 (timestep=894)
🎯 GUIDANCE STEP 13 (t=894): Loss=0.6230, Rho=1.582397, Grad_norm=0.6320, Final_scale=15.8240
🚀 APPLYING GUIDANCE at step 14 (timestep=884)
🎯 GUIDANCE STEP 14 (t=884): Loss=0.6274, Rho=3.147547, Grad_norm=0.3177, Final_scale=31.4755
🚀 APPLYING GUIDANCE at step 15 (timestep=874)
🎯 GUIDANCE STEP 15 (t=874): Loss=0.6260, Rho=1.927313, Grad_norm=0.5189, Final_scale=19.2731
🚀 APPLYING GUIDANCE at step 16 (timestep=864)
🎯 GUIDANCE STEP 16 (t=864): Loss=0.6250, Rho=3.407044, Grad_norm=0.2935, Final_scale=34.0704
🚀 APPLYING GUIDANCE at step 17 (timestep=853)
🎯 GUIDANCE STEP 17 (t=853): Loss=0.6226, Rho=3.234878, Grad_norm=0.3091, Final_scale=32.3488
🚀 APPLYING GUIDANCE at step 18 (timestep=841)
🎯 GUIDANCE STEP 18 (t=841): Loss=0.6250, Rho=1.214827, Grad_norm=0.8232, Final_scale=12.1483
🚀 APPLYING GUIDANCE at step 19 (timestep=829)
🎯 GUIDANCE STEP 19 (t=829): Loss=0.6235, Rho=2.865558, Grad_norm=0.3490, Final_scale=28.6556
🚀 APPLYING GUIDANCE at step 20 (timestep=817)
🎯 GUIDANCE STEP 20 (t=817): Loss=0.6265, Rho=2.436165, Grad_norm=0.4105, Final_scale=24.3616
🚀 APPLYING GUIDANCE at step 21 (timestep=805)
🎯 GUIDANCE STEP 21 (t=805): Loss=0.6270, Rho=2.955210, Grad_norm=0.3384, Final_scale=29.5521
🚀 APPLYING GUIDANCE at step 22 (timestep=792)
🎯 GUIDANCE STEP 22 (t=792): Loss=0.6255, Rho=4.090017, Grad_norm=0.2445, Final_scale=40.9002
🚀 APPLYING GUIDANCE at step 23 (timestep=778)
🎯 GUIDANCE STEP 23 (t=778): Loss=0.6260, Rho=1.659173, Grad_norm=0.6027, Final_scale=16.5917
🚀 APPLYING GUIDANCE at step 24 (timestep=764)
🎯 GUIDANCE STEP 24 (t=764): Loss=0.6182, Rho=2.232162, Grad_norm=0.4480, Final_scale=22.3216
🚀 APPLYING GUIDANCE at step 25 (timestep=749)
🎯 GUIDANCE STEP 25 (t=749): Loss=0.6201, Rho=2.507000, Grad_norm=0.3989, Final_scale=25.0700
🚀 APPLYING GUIDANCE at step 26 (timestep=734)
🎯 GUIDANCE STEP 26 (t=734): Loss=0.6211, Rho=5.311586, Grad_norm=0.1883, Final_scale=53.1159
🚀 APPLYING GUIDANCE at step 27 (timestep=718)
🎯 GUIDANCE STEP 27 (t=718): Loss=0.6182, Rho=2.232316, Grad_norm=0.4480, Final_scale=22.3232
🚀 APPLYING GUIDANCE at step 28 (timestep=701)
🎯 GUIDANCE STEP 28 (t=701): Loss=0.6221, Rho=6.703223, Grad_norm=0.1492, Final_scale=67.0322
🚀 APPLYING GUIDANCE at step 29 (timestep=684)
🎯 GUIDANCE STEP 29 (t=684): Loss=0.6177, Rho=4.706350, Grad_norm=0.2125, Final_scale=47.0635
🚀 APPLYING GUIDANCE at step 30 (timestep=666)
🎯 GUIDANCE STEP 30 (t=666): Loss=0.6157, Rho=3.615785, Grad_norm=0.2766, Final_scale=36.1579
🚀 APPLYING GUIDANCE at step 31 (timestep=647)
🎯 GUIDANCE STEP 31 (t=647): Loss=0.6162, Rho=4.820391, Grad_norm=0.2075, Final_scale=48.2039
🚀 APPLYING GUIDANCE at step 32 (timestep=627)
🎯 GUIDANCE STEP 32 (t=627): Loss=0.6157, Rho=3.849594, Grad_norm=0.2598, Final_scale=38.4959
🚀 APPLYING GUIDANCE at step 33 (timestep=606)
🎯 GUIDANCE STEP 33 (t=606): Loss=0.6147, Rho=5.796412, Grad_norm=0.1725, Final_scale=57.9641
🚀 APPLYING GUIDANCE at step 34 (timestep=585)
🎯 GUIDANCE STEP 34 (t=585): Loss=0.6162, Rho=6.439654, Grad_norm=0.1553, Final_scale=64.3965
🚀 APPLYING GUIDANCE at step 35 (timestep=562)
🎯 GUIDANCE STEP 35 (t=562): Loss=0.6157, Rho=6.208619, Grad_norm=0.1611, Final_scale=62.0862
🚀 APPLYING GUIDANCE at step 36 (timestep=538)
🎯 GUIDANCE STEP 36 (t=538): Loss=0.6162, Rho=8.592635, Grad_norm=0.1164, Final_scale=85.9264
🚀 APPLYING GUIDANCE at step 37 (timestep=512)
🎯 GUIDANCE STEP 37 (t=512): Loss=0.6177, Rho=5.429429, Grad_norm=0.1842, Final_scale=54.2943
🚀 APPLYING GUIDANCE at step 38 (timestep=486)
🎯 GUIDANCE STEP 38 (t=486): Loss=0.6182, Rho=6.228568, Grad_norm=0.1606, Final_scale=62.2857
🚀 APPLYING GUIDANCE at step 39 (timestep=458)
🎯 GUIDANCE STEP 39 (t=458): Loss=0.6152, Rho=4.212227, Grad_norm=0.2374, Final_scale=42.1223
🚀 APPLYING GUIDANCE at step 40 (timestep=428)
🎯 GUIDANCE STEP 40 (t=428): Loss=0.6143, Rho=6.939366, Grad_norm=0.1441, Final_scale=69.3937
🚀 APPLYING GUIDANCE at step 41 (timestep=396)
🎯 GUIDANCE STEP 41 (t=396): Loss=0.6167, Rho=4.487050, Grad_norm=0.2229, Final_scale=44.8705
🚀 APPLYING GUIDANCE at step 42 (timestep=363)
🎯 GUIDANCE STEP 42 (t=363): Loss=0.6152, Rho=8.148846, Grad_norm=0.1227, Final_scale=81.4885
🚀 APPLYING GUIDANCE at step 43 (timestep=327)
🎯 GUIDANCE STEP 43 (t=327): Loss=0.6143, Rho=8.074122, Grad_norm=0.1239, Final_scale=80.7412
🚀 APPLYING GUIDANCE at step 44 (timestep=290)
🎯 GUIDANCE STEP 44 (t=290): Loss=0.6133, Rho=14.251964, Grad_norm=0.0702, Final_scale=142.5196
🚀 APPLYING GUIDANCE at step 45 (timestep=249)
🎯 GUIDANCE STEP 45 (t=249): Loss=0.6133, Rho=9.482859, Grad_norm=0.1055, Final_scale=94.8286
🚀 APPLYING GUIDANCE at step 46 (timestep=206)
🎯 GUIDANCE STEP 46 (t=206): Loss=0.6128, Rho=18.497486, Grad_norm=0.0541, Final_scale=184.9749
🚀 APPLYING GUIDANCE at step 47 (timestep=160)
🎯 GUIDANCE STEP 47 (t=160): Loss=0.6147, Rho=22.590307, Grad_norm=0.0443, Final_scale=225.9031
🚀 APPLYING GUIDANCE at step 48 (timestep=111)
🎯 GUIDANCE STEP 48 (t=111): Loss=0.6099, Rho=13.182664, Grad_norm=0.0759, Final_scale=131.8266
🚀 APPLYING GUIDANCE at step 49 (timestep=57)
🎯 GUIDANCE STEP 49 (t=57): Loss=0.6108, Rho=21.828222, Grad_norm=0.0458, Final_scale=218.2822
[guidance_f17_s50_w8c6_rho10.0_cfg5.0_0701_1458] Generated: generated_videos/subject_consistency/guidance_f17_s50_w8c6_rho10.0_cfg5.0_0701_1458/003_a_person_eating_a_burger.mp4
[guidance_f17_s50_w8c6_rho10.0_cfg5.0_0701_1458] Generating video 5/9 (guidance): a person walking in the snowstorm
🎬 STARTING GUIDANCE PIPELINE GENERATION
   Frames: 17, Steps: 50, CFG Scale: 5.0

🔧 GUIDANCE PIPELINE CONFIGURATION:
   Guidance range: 0 - 1001
   Rho scale: 10.0
   V-JEPA kernel_size: 8
   V-JEPA context_length: 6
   V-JEPA stride: 2
   V-JEPA mode: max
   Total timesteps: 50

🚀 APPLYING GUIDANCE at step 0 (timestep=999)
🎯 GUIDANCE STEP 0 (t=999): Loss=0.5918, Rho=18.093142, Grad_norm=0.0553, Final_scale=180.9314
🚀 APPLYING GUIDANCE at step 1 (timestep=992)
🎯 GUIDANCE STEP 1 (t=992): Loss=0.5811, Rho=5.762009, Grad_norm=0.1736, Final_scale=57.6201
🚀 APPLYING GUIDANCE at step 2 (timestep=985)
🎯 GUIDANCE STEP 2 (t=985): Loss=0.5928, Rho=11.431668, Grad_norm=0.0875, Final_scale=114.3167
🚀 APPLYING GUIDANCE at step 3 (timestep=978)
🎯 GUIDANCE STEP 3 (t=978): Loss=0.6113, Rho=8.037448, Grad_norm=0.1244, Final_scale=80.3745
🚀 APPLYING GUIDANCE at step 4 (timestep=971)
🎯 GUIDANCE STEP 4 (t=971): Loss=0.6211, Rho=5.734880, Grad_norm=0.1744, Final_scale=57.3488
🚀 APPLYING GUIDANCE at step 5 (timestep=963)
🎯 GUIDANCE STEP 5 (t=963): Loss=0.6216, Rho=8.099935, Grad_norm=0.1235, Final_scale=80.9993
🚀 APPLYING GUIDANCE at step 6 (timestep=956)
🎯 GUIDANCE STEP 6 (t=956): Loss=0.6147, Rho=3.430814, Grad_norm=0.2915, Final_scale=34.3081
🚀 APPLYING GUIDANCE at step 7 (timestep=948)
🎯 GUIDANCE STEP 7 (t=948): Loss=0.6196, Rho=8.707224, Grad_norm=0.1148, Final_scale=87.0722
🚀 APPLYING GUIDANCE at step 8 (timestep=939)
🎯 GUIDANCE STEP 8 (t=939): Loss=0.6240, Rho=6.373487, Grad_norm=0.1569, Final_scale=63.7349
🚀 APPLYING GUIDANCE at step 9 (timestep=931)
🎯 GUIDANCE STEP 9 (t=931): Loss=0.6201, Rho=7.259553, Grad_norm=0.1377, Final_scale=72.5955
🚀 APPLYING GUIDANCE at step 10 (timestep=922)
🎯 GUIDANCE STEP 10 (t=922): Loss=0.6255, Rho=4.823558, Grad_norm=0.2073, Final_scale=48.2356
🚀 APPLYING GUIDANCE at step 11 (timestep=913)
🎯 GUIDANCE STEP 11 (t=913): Loss=0.6328, Rho=5.655048, Grad_norm=0.1768, Final_scale=56.5505
🚀 APPLYING GUIDANCE at step 12 (timestep=904)
🎯 GUIDANCE STEP 12 (t=904): Loss=0.6270, Rho=5.513227, Grad_norm=0.1814, Final_scale=55.1323
🚀 APPLYING GUIDANCE at step 13 (timestep=894)
🎯 GUIDANCE STEP 13 (t=894): Loss=0.6230, Rho=11.972225, Grad_norm=0.0835, Final_scale=119.7223
🚀 APPLYING GUIDANCE at step 14 (timestep=884)
🎯 GUIDANCE STEP 14 (t=884): Loss=0.6196, Rho=7.831446, Grad_norm=0.1277, Final_scale=78.3145
🚀 APPLYING GUIDANCE at step 15 (timestep=874)
🎯 GUIDANCE STEP 15 (t=874): Loss=0.6216, Rho=8.640393, Grad_norm=0.1157, Final_scale=86.4039
🚀 APPLYING GUIDANCE at step 16 (timestep=864)
🎯 GUIDANCE STEP 16 (t=864): Loss=0.6177, Rho=10.600571, Grad_norm=0.0943, Final_scale=106.0057
🚀 APPLYING GUIDANCE at step 17 (timestep=853)
🎯 GUIDANCE STEP 17 (t=853): Loss=0.6187, Rho=5.453936, Grad_norm=0.1834, Final_scale=54.5394
🚀 APPLYING GUIDANCE at step 18 (timestep=841)
🎯 GUIDANCE STEP 18 (t=841): Loss=0.6162, Rho=16.839937, Grad_norm=0.0594, Final_scale=168.3994
🚀 APPLYING GUIDANCE at step 19 (timestep=829)
🎯 GUIDANCE STEP 19 (t=829): Loss=0.6147, Rho=11.092380, Grad_norm=0.0902, Final_scale=110.9238
🚀 APPLYING GUIDANCE at step 20 (timestep=817)
🎯 GUIDANCE STEP 20 (t=817): Loss=0.6133, Rho=14.153206, Grad_norm=0.0707, Final_scale=141.5321
🚀 APPLYING GUIDANCE at step 21 (timestep=805)
🎯 GUIDANCE STEP 21 (t=805): Loss=0.6118, Rho=11.125719, Grad_norm=0.0899, Final_scale=111.2572
🚀 APPLYING GUIDANCE at step 22 (timestep=792)
🎯 GUIDANCE STEP 22 (t=792): Loss=0.6079, Rho=6.873174, Grad_norm=0.1455, Final_scale=68.7317
🚀 APPLYING GUIDANCE at step 23 (timestep=778)
🎯 GUIDANCE STEP 23 (t=778): Loss=0.6079, Rho=16.790390, Grad_norm=0.0596, Final_scale=167.9039
🚀 APPLYING GUIDANCE at step 24 (timestep=764)
🎯 GUIDANCE STEP 24 (t=764): Loss=0.6079, Rho=24.382532, Grad_norm=0.0410, Final_scale=243.8253
🚀 APPLYING GUIDANCE at step 25 (timestep=749)
🎯 GUIDANCE STEP 25 (t=749): Loss=0.6045, Rho=19.798639, Grad_norm=0.0505, Final_scale=197.9864
🚀 APPLYING GUIDANCE at step 26 (timestep=734)
🎯 GUIDANCE STEP 26 (t=734): Loss=0.6094, Rho=26.501148, Grad_norm=0.0377, Final_scale=265.0115
🚀 APPLYING GUIDANCE at step 27 (timestep=718)
🎯 GUIDANCE STEP 27 (t=718): Loss=0.6128, Rho=14.143743, Grad_norm=0.0707, Final_scale=141.4374
🚀 APPLYING GUIDANCE at step 28 (timestep=701)
🎯 GUIDANCE STEP 28 (t=701): Loss=0.6133, Rho=16.123419, Grad_norm=0.0620, Final_scale=161.2342
🚀 APPLYING GUIDANCE at step 29 (timestep=684)
🎯 GUIDANCE STEP 29 (t=684): Loss=0.6138, Rho=19.355038, Grad_norm=0.0517, Final_scale=193.5504
🚀 APPLYING GUIDANCE at step 30 (timestep=666)
🎯 GUIDANCE STEP 30 (t=666): Loss=0.6079, Rho=24.197121, Grad_norm=0.0413, Final_scale=241.9712
🚀 APPLYING GUIDANCE at step 31 (timestep=647)
🎯 GUIDANCE STEP 31 (t=647): Loss=0.6104, Rho=29.217411, Grad_norm=0.0342, Final_scale=292.1741
🚀 APPLYING GUIDANCE at step 32 (timestep=627)
🎯 GUIDANCE STEP 32 (t=627): Loss=0.6099, Rho=30.930277, Grad_norm=0.0323, Final_scale=309.3028
🚀 APPLYING GUIDANCE at step 33 (timestep=606)
🎯 GUIDANCE STEP 33 (t=606): Loss=0.6069, Rho=30.097841, Grad_norm=0.0332, Final_scale=300.9784
🚀 APPLYING GUIDANCE at step 34 (timestep=585)
🎯 GUIDANCE STEP 34 (t=585): Loss=0.6069, Rho=29.198708, Grad_norm=0.0342, Final_scale=291.9871
🚀 APPLYING GUIDANCE at step 35 (timestep=562)
🎯 GUIDANCE STEP 35 (t=562): Loss=0.6069, Rho=22.404716, Grad_norm=0.0446, Final_scale=224.0472
🚀 APPLYING GUIDANCE at step 36 (timestep=538)
🎯 GUIDANCE STEP 36 (t=538): Loss=0.6074, Rho=33.623447, Grad_norm=0.0297, Final_scale=336.2345
🚀 APPLYING GUIDANCE at step 37 (timestep=512)
🎯 GUIDANCE STEP 37 (t=512): Loss=0.6084, Rho=41.862118, Grad_norm=0.0239, Final_scale=418.6212
🚀 APPLYING GUIDANCE at step 38 (timestep=486)
🎯 GUIDANCE STEP 38 (t=486): Loss=0.6074, Rho=47.976704, Grad_norm=0.0208, Final_scale=479.7670
🚀 APPLYING GUIDANCE at step 39 (timestep=458)
🎯 GUIDANCE STEP 39 (t=458): Loss=0.6060, Rho=34.552410, Grad_norm=0.0289, Final_scale=345.5241
🚀 APPLYING GUIDANCE at step 40 (timestep=428)
🎯 GUIDANCE STEP 40 (t=428): Loss=0.6069, Rho=51.707253, Grad_norm=0.0193, Final_scale=517.0725
🚀 APPLYING GUIDANCE at step 41 (timestep=396)
🎯 GUIDANCE STEP 41 (t=396): Loss=0.6030, Rho=27.467031, Grad_norm=0.0364, Final_scale=274.6703
🚀 APPLYING GUIDANCE at step 42 (timestep=363)
🎯 GUIDANCE STEP 42 (t=363): Loss=0.6050, Rho=72.594337, Grad_norm=0.0138, Final_scale=725.9434
🚀 APPLYING GUIDANCE at step 43 (timestep=327)
🎯 GUIDANCE STEP 43 (t=327): Loss=0.6060, Rho=51.706070, Grad_norm=0.0193, Final_scale=517.0607
🚀 APPLYING GUIDANCE at step 44 (timestep=290)
🎯 GUIDANCE STEP 44 (t=290): Loss=0.6045, Rho=35.070045, Grad_norm=0.0285, Final_scale=350.7005
🚀 APPLYING GUIDANCE at step 45 (timestep=249)
🎯 GUIDANCE STEP 45 (t=249): Loss=0.6025, Rho=44.538857, Grad_norm=0.0225, Final_scale=445.3886
🚀 APPLYING GUIDANCE at step 46 (timestep=206)
🎯 GUIDANCE STEP 46 (t=206): Loss=0.6040, Rho=40.258884, Grad_norm=0.0248, Final_scale=402.5888
🚀 APPLYING GUIDANCE at step 47 (timestep=160)
🎯 GUIDANCE STEP 47 (t=160): Loss=0.6025, Rho=79.526031, Grad_norm=0.0126, Final_scale=795.2603
🚀 APPLYING GUIDANCE at step 48 (timestep=111)
🎯 GUIDANCE STEP 48 (t=111): Loss=0.6011, Rho=50.855251, Grad_norm=0.0197, Final_scale=508.5525
🚀 APPLYING GUIDANCE at step 49 (timestep=57)
🎯 GUIDANCE STEP 49 (t=57): Loss=0.5986, Rho=40.415188, Grad_norm=0.0247, Final_scale=404.1519
[guidance_f17_s50_w8c6_rho10.0_cfg5.0_0701_1458] Generated: generated_videos/subject_consistency/guidance_f17_s50_w8c6_rho10.0_cfg5.0_0701_1458/003_a_cow_chewing_cud_while_resting_in_a_tranquil_barn.mp4
[guidance_f17_s50_w8c6_rho10.0_cfg5.0_0701_1458] Generating video 5/9 (guidance): a cow running to join a herd of its kind
🎬 STARTING GUIDANCE PIPELINE GENERATION
   Frames: 17, Steps: 50, CFG Scale: 5.0

🔧 GUIDANCE PIPELINE CONFIGURATION:
   Guidance range: 0 - 1001
   Rho scale: 10.0
   V-JEPA kernel_size: 8
   V-JEPA context_length: 6
   V-JEPA stride: 2
   V-JEPA mode: max
   Total timesteps: 50

🚀 APPLYING GUIDANCE at step 0 (timestep=999)
🎯 GUIDANCE STEP 0 (t=999): Loss=0.5786, Rho=16.414165, Grad_norm=0.0609, Final_scale=164.1417
🚀 APPLYING GUIDANCE at step 1 (timestep=992)
🎯 GUIDANCE STEP 1 (t=992): Loss=0.5400, Rho=37.557899, Grad_norm=0.0266, Final_scale=375.5790
🚀 APPLYING GUIDANCE at step 2 (timestep=985)
🎯 GUIDANCE STEP 2 (t=985): Loss=0.5752, Rho=4.399178, Grad_norm=0.2273, Final_scale=43.9918
🚀 APPLYING GUIDANCE at step 3 (timestep=978)
🎯 GUIDANCE STEP 3 (t=978): Loss=0.5718, Rho=16.184477, Grad_norm=0.0618, Final_scale=161.8448
🚀 APPLYING GUIDANCE at step 4 (timestep=971)
🎯 GUIDANCE STEP 4 (t=971): Loss=0.6064, Rho=16.094955, Grad_norm=0.0621, Final_scale=160.9496
🚀 APPLYING GUIDANCE at step 5 (timestep=963)
🎯 GUIDANCE STEP 5 (t=963): Loss=0.6123, Rho=15.775982, Grad_norm=0.0634, Final_scale=157.7598
🚀 APPLYING GUIDANCE at step 6 (timestep=956)
🎯 GUIDANCE STEP 6 (t=956): Loss=0.6240, Rho=11.526282, Grad_norm=0.0868, Final_scale=115.2628
🚀 APPLYING GUIDANCE at step 7 (timestep=948)
🎯 GUIDANCE STEP 7 (t=948): Loss=0.6270, Rho=9.852730, Grad_norm=0.1015, Final_scale=98.5273
🚀 APPLYING GUIDANCE at step 8 (timestep=939)
🎯 GUIDANCE STEP 8 (t=939): Loss=0.6304, Rho=14.392668, Grad_norm=0.0695, Final_scale=143.9267
🚀 APPLYING GUIDANCE at step 9 (timestep=931)
🎯 GUIDANCE STEP 9 (t=931): Loss=0.6250, Rho=9.444153, Grad_norm=0.1059, Final_scale=94.4415
🚀 APPLYING GUIDANCE at step 10 (timestep=922)
🎯 GUIDANCE STEP 10 (t=922): Loss=0.6250, Rho=5.703763, Grad_norm=0.1753, Final_scale=57.0376
🚀 APPLYING GUIDANCE at step 11 (timestep=913)
🎯 GUIDANCE STEP 11 (t=913): Loss=0.6284, Rho=13.607507, Grad_norm=0.0735, Final_scale=136.0751
🚀 APPLYING GUIDANCE at step 12 (timestep=904)
🎯 GUIDANCE STEP 12 (t=904): Loss=0.6333, Rho=10.685757, Grad_norm=0.0936, Final_scale=106.8576
🚀 APPLYING GUIDANCE at step 13 (timestep=894)
🎯 GUIDANCE STEP 13 (t=894): Loss=0.6343, Rho=7.784137, Grad_norm=0.1285, Final_scale=77.8414
🚀 APPLYING GUIDANCE at step 14 (timestep=884)
🎯 GUIDANCE STEP 14 (t=884): Loss=0.6328, Rho=9.250010, Grad_norm=0.1081, Final_scale=92.5001
🚀 APPLYING GUIDANCE at step 15 (timestep=874)
🎯 GUIDANCE STEP 15 (t=874): Loss=0.6318, Rho=4.501850, Grad_norm=0.2221, Final_scale=45.0185
🚀 APPLYING GUIDANCE at step 16 (timestep=864)
🎯 GUIDANCE STEP 16 (t=864): Loss=0.6318, Rho=4.189517, Grad_norm=0.2387, Final_scale=41.8952
🚀 APPLYING GUIDANCE at step 17 (timestep=853)
🎯 GUIDANCE STEP 17 (t=853): Loss=0.6328, Rho=6.429812, Grad_norm=0.1555, Final_scale=64.2981
🚀 APPLYING GUIDANCE at step 18 (timestep=841)
🎯 GUIDANCE STEP 18 (t=841): Loss=0.6338, Rho=13.625059, Grad_norm=0.0734, Final_scale=136.2506
🚀 APPLYING GUIDANCE at step 19 (timestep=829)
🎯 GUIDANCE STEP 19 (t=829): Loss=0.6309, Rho=0.641059, Grad_norm=1.5599, Final_scale=6.4106
🚀 APPLYING GUIDANCE at step 20 (timestep=817)
🎯 GUIDANCE STEP 20 (t=817): Loss=0.6343, Rho=1.275671, Grad_norm=0.7839, Final_scale=12.7567
🚀 APPLYING GUIDANCE at step 21 (timestep=805)
🎯 GUIDANCE STEP 21 (t=805): Loss=0.6333, Rho=8.933819, Grad_norm=0.1119, Final_scale=89.3382
🚀 APPLYING GUIDANCE at step 22 (timestep=792)
🎯 GUIDANCE STEP 22 (t=792): Loss=0.6348, Rho=1.053691, Grad_norm=0.9490, Final_scale=10.5369
🚀 APPLYING GUIDANCE at step 23 (timestep=778)
🎯 GUIDANCE STEP 23 (t=778): Loss=0.6343, Rho=9.650887, Grad_norm=0.1036, Final_scale=96.5089
🚀 APPLYING GUIDANCE at step 24 (timestep=764)
🎯 GUIDANCE STEP 24 (t=764): Loss=0.6294, Rho=8.461138, Grad_norm=0.1182, Final_scale=84.6114
🚀 APPLYING GUIDANCE at step 25 (timestep=749)
🎯 GUIDANCE STEP 25 (t=749): Loss=0.6318, Rho=6.303830, Grad_norm=0.1586, Final_scale=63.0383
🚀 APPLYING GUIDANCE at step 26 (timestep=734)
🎯 GUIDANCE STEP 26 (t=734): Loss=0.6318, Rho=7.053148, Grad_norm=0.1418, Final_scale=70.5315
🚀 APPLYING GUIDANCE at step 27 (timestep=718)
🎯 GUIDANCE STEP 27 (t=718): Loss=0.6294, Rho=4.867071, Grad_norm=0.2055, Final_scale=48.6707
🚀 APPLYING GUIDANCE at step 28 (timestep=701)
🎯 GUIDANCE STEP 28 (t=701): Loss=0.6289, Rho=6.679645, Grad_norm=0.1497, Final_scale=66.7964
🚀 APPLYING GUIDANCE at step 29 (timestep=684)
🎯 GUIDANCE STEP 29 (t=684): Loss=0.6323, Rho=6.098536, Grad_norm=0.1640, Final_scale=60.9854
🚀 APPLYING GUIDANCE at step 30 (timestep=666)
🎯 GUIDANCE STEP 30 (t=666): Loss=0.6338, Rho=13.141173, Grad_norm=0.0761, Final_scale=131.4117
🚀 APPLYING GUIDANCE at step 31 (timestep=647)
🎯 GUIDANCE STEP 31 (t=647): Loss=0.6333, Rho=10.539121, Grad_norm=0.0949, Final_scale=105.3912
🚀 APPLYING GUIDANCE at step 32 (timestep=627)
🎯 GUIDANCE STEP 32 (t=627): Loss=0.6313, Rho=11.403099, Grad_norm=0.0877, Final_scale=114.0310
🚀 APPLYING GUIDANCE at step 33 (timestep=606)
🎯 GUIDANCE STEP 33 (t=606): Loss=0.6294, Rho=18.499203, Grad_norm=0.0541, Final_scale=184.9920
🚀 APPLYING GUIDANCE at step 34 (timestep=585)
🎯 GUIDANCE STEP 34 (t=585): Loss=0.6313, Rho=8.283104, Grad_norm=0.1207, Final_scale=82.8310
🚀 APPLYING GUIDANCE at step 35 (timestep=562)
🎯 GUIDANCE STEP 35 (t=562): Loss=0.6299, Rho=13.461861, Grad_norm=0.0743, Final_scale=134.6186
🚀 APPLYING GUIDANCE at step 36 (timestep=538)
🎯 GUIDANCE STEP 36 (t=538): Loss=0.6304, Rho=16.250742, Grad_norm=0.0615, Final_scale=162.5074
🚀 APPLYING GUIDANCE at step 37 (timestep=512)
🎯 GUIDANCE STEP 37 (t=512): Loss=0.6250, Rho=9.125725, Grad_norm=0.1096, Final_scale=91.2572
🚀 APPLYING GUIDANCE at step 38 (timestep=486)
🎯 GUIDANCE STEP 38 (t=486): Loss=0.6274, Rho=3.371193, Grad_norm=0.2966, Final_scale=33.7119
🚀 APPLYING GUIDANCE at step 39 (timestep=458)
🎯 GUIDANCE STEP 39 (t=458): Loss=0.6274, Rho=5.067951, Grad_norm=0.1973, Final_scale=50.6795
🚀 APPLYING GUIDANCE at step 40 (timestep=428)
🎯 GUIDANCE STEP 40 (t=428): Loss=0.6313, Rho=11.882236, Grad_norm=0.0842, Final_scale=118.8224
🚀 APPLYING GUIDANCE at step 41 (timestep=396)
🎯 GUIDANCE STEP 41 (t=396): Loss=0.6294, Rho=10.991100, Grad_norm=0.0910, Final_scale=109.9110
🚀 APPLYING GUIDANCE at step 42 (timestep=363)
🎯 GUIDANCE STEP 42 (t=363): Loss=0.6265, Rho=20.557779, Grad_norm=0.0486, Final_scale=205.5778
🚀 APPLYING GUIDANCE at step 43 (timestep=327)
🎯 GUIDANCE STEP 43 (t=327): Loss=0.6289, Rho=14.740020, Grad_norm=0.0678, Final_scale=147.4002
🚀 APPLYING GUIDANCE at step 44 (timestep=290)
🎯 GUIDANCE STEP 44 (t=290): Loss=0.6294, Rho=6.171645, Grad_norm=0.1620, Final_scale=61.7164
🚀 APPLYING GUIDANCE at step 45 (timestep=249)
🎯 GUIDANCE STEP 45 (t=249): Loss=0.6294, Rho=15.834819, Grad_norm=0.0632, Final_scale=158.3482
🚀 APPLYING GUIDANCE at step 46 (timestep=206)
🎯 GUIDANCE STEP 46 (t=206): Loss=0.6274, Rho=11.511265, Grad_norm=0.0869, Final_scale=115.1126
🚀 APPLYING GUIDANCE at step 47 (timestep=160)
🎯 GUIDANCE STEP 47 (t=160): Loss=0.6255, Rho=25.271013, Grad_norm=0.0396, Final_scale=252.7101
🚀 APPLYING GUIDANCE at step 48 (timestep=111)
🎯 GUIDANCE STEP 48 (t=111): Loss=0.6216, Rho=42.660717, Grad_norm=0.0234, Final_scale=426.6072
🚀 APPLYING GUIDANCE at step 49 (timestep=57)
🎯 GUIDANCE STEP 49 (t=57): Loss=0.6245, Rho=9.442251, Grad_norm=0.1059, Final_scale=94.4225
[guidance_f17_s50_w8c6_rho10.0_cfg5.0_0701_1458] Generated: generated_videos/subject_consistency/guidance_f17_s50_w8c6_rho10.0_cfg5.0_0701_1458/005_a_horse_galloping_across_an_open_field.mp4
[guidance_f17_s50_w8c6_rho10.0_cfg5.0_0701_1458] Generating video 7/9 (guidance): a horse taking a peaceful walk
🎬 STARTING GUIDANCE PIPELINE GENERATION
   Frames: 17, Steps: 50, CFG Scale: 5.0

🔧 GUIDANCE PIPELINE CONFIGURATION:
   Guidance range: 0 - 1001
   Rho scale: 10.0
   V-JEPA kernel_size: 8
   V-JEPA context_length: 6
   V-JEPA stride: 2
   V-JEPA mode: max
   Total timesteps: 50

🚀 APPLYING GUIDANCE at step 0 (timestep=999)
🎯 GUIDANCE STEP 0 (t=999): Loss=0.6011, Rho=11.365115, Grad_norm=0.0880, Final_scale=113.6512
🚀 APPLYING GUIDANCE at step 1 (timestep=992)
🎯 GUIDANCE STEP 1 (t=992): Loss=0.6201, Rho=2.985682, Grad_norm=0.3349, Final_scale=29.8568
🚀 APPLYING GUIDANCE at step 2 (timestep=985)
🎯 GUIDANCE STEP 2 (t=985): Loss=0.5996, Rho=11.534172, Grad_norm=0.0867, Final_scale=115.3417
🚀 APPLYING GUIDANCE at step 3 (timestep=978)
🎯 GUIDANCE STEP 3 (t=978): Loss=0.5801, Rho=18.499208, Grad_norm=0.0541, Final_scale=184.9921
🚀 APPLYING GUIDANCE at step 4 (timestep=971)
🎯 GUIDANCE STEP 4 (t=971): Loss=0.5815, Rho=20.899498, Grad_norm=0.0478, Final_scale=208.9950
🚀 APPLYING GUIDANCE at step 5 (timestep=963)
🎯 GUIDANCE STEP 5 (t=963): Loss=0.6328, Rho=12.531598, Grad_norm=0.0798, Final_scale=125.3160
🚀 APPLYING GUIDANCE at step 6 (timestep=956)
🎯 GUIDANCE STEP 6 (t=956): Loss=0.6416, Rho=19.694298, Grad_norm=0.0508, Final_scale=196.9430
🚀 APPLYING GUIDANCE at step 7 (timestep=948)
🎯 GUIDANCE STEP 7 (t=948): Loss=0.6362, Rho=8.736131, Grad_norm=0.1145, Final_scale=87.3613
🚀 APPLYING GUIDANCE at step 8 (timestep=939)
🎯 GUIDANCE STEP 8 (t=939): Loss=0.6411, Rho=8.059114, Grad_norm=0.1241, Final_scale=80.5911
🚀 APPLYING GUIDANCE at step 9 (timestep=931)
🎯 GUIDANCE STEP 9 (t=931): Loss=0.6343, Rho=13.239947, Grad_norm=0.0755, Final_scale=132.3995
🚀 APPLYING GUIDANCE at step 10 (timestep=922)
🎯 GUIDANCE STEP 10 (t=922): Loss=0.6362, Rho=8.184914, Grad_norm=0.1222, Final_scale=81.8491
🚀 APPLYING GUIDANCE at step 11 (timestep=913)
🎯 GUIDANCE STEP 11 (t=913): Loss=0.6362, Rho=14.628852, Grad_norm=0.0684, Final_scale=146.2885
🚀 APPLYING GUIDANCE at step 12 (timestep=904)
🎯 GUIDANCE STEP 12 (t=904): Loss=0.6343, Rho=12.078319, Grad_norm=0.0828, Final_scale=120.7832
🚀 APPLYING GUIDANCE at step 13 (timestep=894)
🎯 GUIDANCE STEP 13 (t=894): Loss=0.6353, Rho=8.000413, Grad_norm=0.1250, Final_scale=80.0041
🚀 APPLYING GUIDANCE at step 14 (timestep=884)
🎯 GUIDANCE STEP 14 (t=884): Loss=0.6348, Rho=6.629636, Grad_norm=0.1508, Final_scale=66.2964
🚀 APPLYING GUIDANCE at step 15 (timestep=874)
🎯 GUIDANCE STEP 15 (t=874): Loss=0.6343, Rho=8.989790, Grad_norm=0.1112, Final_scale=89.8979
🚀 APPLYING GUIDANCE at step 16 (timestep=864)
🎯 GUIDANCE STEP 16 (t=864): Loss=0.6343, Rho=12.302094, Grad_norm=0.0813, Final_scale=123.0209
🚀 APPLYING GUIDANCE at step 17 (timestep=853)
🎯 GUIDANCE STEP 17 (t=853): Loss=0.6323, Rho=6.140058, Grad_norm=0.1629, Final_scale=61.4006
🚀 APPLYING GUIDANCE at step 18 (timestep=841)
🎯 GUIDANCE STEP 18 (t=841): Loss=0.6353, Rho=12.818504, Grad_norm=0.0780, Final_scale=128.1850
🚀 APPLYING GUIDANCE at step 19 (timestep=829)
🎯 GUIDANCE STEP 19 (t=829): Loss=0.6357, Rho=5.272240, Grad_norm=0.1897, Final_scale=52.7224
🚀 APPLYING GUIDANCE at step 20 (timestep=817)
🎯 GUIDANCE STEP 20 (t=817): Loss=0.6353, Rho=12.525400, Grad_norm=0.0798, Final_scale=125.2540
🚀 APPLYING GUIDANCE at step 21 (timestep=805)
🎯 GUIDANCE STEP 21 (t=805): Loss=0.6328, Rho=10.143197, Grad_norm=0.0986, Final_scale=101.4320
🚀 APPLYING GUIDANCE at step 22 (timestep=792)
🎯 GUIDANCE STEP 22 (t=792): Loss=0.6348, Rho=17.524401, Grad_norm=0.0571, Final_scale=175.2440
🚀 APPLYING GUIDANCE at step 23 (timestep=778)
🎯 GUIDANCE STEP 23 (t=778): Loss=0.6328, Rho=22.198187, Grad_norm=0.0450, Final_scale=221.9819
🚀 APPLYING GUIDANCE at step 24 (timestep=764)
🎯 GUIDANCE STEP 24 (t=764): Loss=0.6323, Rho=8.200529, Grad_norm=0.1219, Final_scale=82.0053
🚀 APPLYING GUIDANCE at step 25 (timestep=749)
🎯 GUIDANCE STEP 25 (t=749): Loss=0.6348, Rho=28.978292, Grad_norm=0.0345, Final_scale=289.7829
🚀 APPLYING GUIDANCE at step 26 (timestep=734)
🎯 GUIDANCE STEP 26 (t=734): Loss=0.6318, Rho=25.668062, Grad_norm=0.0390, Final_scale=256.6806
🚀 APPLYING GUIDANCE at step 27 (timestep=718)
🎯 GUIDANCE STEP 27 (t=718): Loss=0.6328, Rho=27.865967, Grad_norm=0.0359, Final_scale=278.6597
🚀 APPLYING GUIDANCE at step 28 (timestep=701)
🎯 GUIDANCE STEP 28 (t=701): Loss=0.6372, Rho=19.974167, Grad_norm=0.0501, Final_scale=199.7417
🚀 APPLYING GUIDANCE at step 29 (timestep=684)
🎯 GUIDANCE STEP 29 (t=684): Loss=0.6338, Rho=20.954821, Grad_norm=0.0477, Final_scale=209.5482
🚀 APPLYING GUIDANCE at step 30 (timestep=666)
🎯 GUIDANCE STEP 30 (t=666): Loss=0.6357, Rho=25.095421, Grad_norm=0.0398, Final_scale=250.9542
🚀 APPLYING GUIDANCE at step 31 (timestep=647)
🎯 GUIDANCE STEP 31 (t=647): Loss=0.6357, Rho=26.607933, Grad_norm=0.0376, Final_scale=266.0793
🚀 APPLYING GUIDANCE at step 32 (timestep=627)
🎯 GUIDANCE STEP 32 (t=627): Loss=0.6348, Rho=20.544449, Grad_norm=0.0487, Final_scale=205.4445
🚀 APPLYING GUIDANCE at step 33 (timestep=606)
🎯 GUIDANCE STEP 33 (t=606): Loss=0.6357, Rho=10.630690, Grad_norm=0.0941, Final_scale=106.3069
🚀 APPLYING GUIDANCE at step 34 (timestep=585)
🎯 GUIDANCE STEP 34 (t=585): Loss=0.6353, Rho=28.325191, Grad_norm=0.0353, Final_scale=283.2519
🚀 APPLYING GUIDANCE at step 35 (timestep=562)
🎯 GUIDANCE STEP 35 (t=562): Loss=0.6343, Rho=14.752537, Grad_norm=0.0678, Final_scale=147.5254
🚀 APPLYING GUIDANCE at step 36 (timestep=538)
🎯 GUIDANCE STEP 36 (t=538): Loss=0.6343, Rho=24.536196, Grad_norm=0.0408, Final_scale=245.3620
🚀 APPLYING GUIDANCE at step 37 (timestep=512)
🎯 GUIDANCE STEP 37 (t=512): Loss=0.6323, Rho=30.226301, Grad_norm=0.0331, Final_scale=302.2630
🚀 APPLYING GUIDANCE at step 38 (timestep=486)
🎯 GUIDANCE STEP 38 (t=486): Loss=0.6343, Rho=29.418512, Grad_norm=0.0340, Final_scale=294.1851
🚀 APPLYING GUIDANCE at step 39 (timestep=458)
🎯 GUIDANCE STEP 39 (t=458): Loss=0.6333, Rho=51.036564, Grad_norm=0.0196, Final_scale=510.3656
🚀 APPLYING GUIDANCE at step 40 (timestep=428)
🎯 GUIDANCE STEP 40 (t=428): Loss=0.6343, Rho=21.198795, Grad_norm=0.0472, Final_scale=211.9880
🚀 APPLYING GUIDANCE at step 41 (timestep=396)
🎯 GUIDANCE STEP 41 (t=396): Loss=0.6328, Rho=15.259046, Grad_norm=0.0655, Final_scale=152.5905
🚀 APPLYING GUIDANCE at step 42 (timestep=363)
🎯 GUIDANCE STEP 42 (t=363): Loss=0.6318, Rho=24.589678, Grad_norm=0.0407, Final_scale=245.8968
🚀 APPLYING GUIDANCE at step 43 (timestep=327)
🎯 GUIDANCE STEP 43 (t=327): Loss=0.6323, Rho=49.198063, Grad_norm=0.0203, Final_scale=491.9806
🚀 APPLYING GUIDANCE at step 44 (timestep=290)
🎯 GUIDANCE STEP 44 (t=290): Loss=0.6318, Rho=30.777441, Grad_norm=0.0325, Final_scale=307.7744
🚀 APPLYING GUIDANCE at step 45 (timestep=249)
🎯 GUIDANCE STEP 45 (t=249): Loss=0.6338, Rho=19.443981, Grad_norm=0.0514, Final_scale=194.4398
🚀 APPLYING GUIDANCE at step 46 (timestep=206)
🎯 GUIDANCE STEP 46 (t=206): Loss=0.6323, Rho=28.250307, Grad_norm=0.0354, Final_scale=282.5031
🚀 APPLYING GUIDANCE at step 47 (timestep=160)
🎯 GUIDANCE STEP 47 (t=160): Loss=0.6289, Rho=36.176311, Grad_norm=0.0276, Final_scale=361.7631
🚀 APPLYING GUIDANCE at step 48 (timestep=111)
🎯 GUIDANCE STEP 48 (t=111): Loss=0.6343, Rho=25.690302, Grad_norm=0.0389, Final_scale=256.9030
🚀 APPLYING GUIDANCE at step 49 (timestep=57)
🎯 GUIDANCE STEP 49 (t=57): Loss=0.6313, Rho=29.176455, Grad_norm=0.0343, Final_scale=291.7645
[guidance_f17_s50_w8c6_rho10.0_cfg5.0_0701_1458] Generated: generated_videos/subject_consistency/guidance_f17_s50_w8c6_rho10.0_cfg5.0_0701_1458/005_a_zebra_taking_a_peaceful_walk.mp4
[guidance_f17_s50_w8c6_rho10.0_cfg5.0_0701_1458] Generating video 7/9 (guidance): a giraffe bending down to drink water from a river
🎬 STARTING GUIDANCE PIPELINE GENERATION
   Frames: 17, Steps: 50, CFG Scale: 5.0

🔧 GUIDANCE PIPELINE CONFIGURATION:
   Guidance range: 0 - 1001
   Rho scale: 10.0
   V-JEPA kernel_size: 8
   V-JEPA context_length: 6
   V-JEPA stride: 2
   V-JEPA mode: max
   Total timesteps: 50

🚀 APPLYING GUIDANCE at step 0 (timestep=999)
🎯 GUIDANCE STEP 0 (t=999): Loss=0.5532, Rho=15.961849, Grad_norm=0.0626, Final_scale=159.6185
🚀 APPLYING GUIDANCE at step 1 (timestep=992)
🎯 GUIDANCE STEP 1 (t=992): Loss=0.5332, Rho=27.695520, Grad_norm=0.0361, Final_scale=276.9552
🚀 APPLYING GUIDANCE at step 2 (timestep=985)
🎯 GUIDANCE STEP 2 (t=985): Loss=0.5396, Rho=37.297897, Grad_norm=0.0268, Final_scale=372.9790
🚀 APPLYING GUIDANCE at step 3 (timestep=978)
🎯 GUIDANCE STEP 3 (t=978): Loss=0.5420, Rho=21.937429, Grad_norm=0.0456, Final_scale=219.3743
🚀 APPLYING GUIDANCE at step 4 (timestep=971)
🎯 GUIDANCE STEP 4 (t=971): Loss=0.5596, Rho=23.721100, Grad_norm=0.0422, Final_scale=237.2110
🚀 APPLYING GUIDANCE at step 5 (timestep=963)
🎯 GUIDANCE STEP 5 (t=963): Loss=0.5674, Rho=27.547514, Grad_norm=0.0363, Final_scale=275.4751
🚀 APPLYING GUIDANCE at step 6 (timestep=956)
🎯 GUIDANCE STEP 6 (t=956): Loss=0.5752, Rho=13.587748, Grad_norm=0.0736, Final_scale=135.8775
🚀 APPLYING GUIDANCE at step 7 (timestep=948)
🎯 GUIDANCE STEP 7 (t=948): Loss=0.5767, Rho=16.088377, Grad_norm=0.0622, Final_scale=160.8838
🚀 APPLYING GUIDANCE at step 8 (timestep=939)
🎯 GUIDANCE STEP 8 (t=939): Loss=0.5796, Rho=22.850225, Grad_norm=0.0438, Final_scale=228.5023
🚀 APPLYING GUIDANCE at step 9 (timestep=931)
🎯 GUIDANCE STEP 9 (t=931): Loss=0.5835, Rho=9.342498, Grad_norm=0.1070, Final_scale=93.4250
🚀 APPLYING GUIDANCE at step 10 (timestep=922)
🎯 GUIDANCE STEP 10 (t=922): Loss=0.5840, Rho=6.146167, Grad_norm=0.1627, Final_scale=61.4617
🚀 APPLYING GUIDANCE at step 11 (timestep=913)
🎯 GUIDANCE STEP 11 (t=913): Loss=0.5840, Rho=9.898222, Grad_norm=0.1010, Final_scale=98.9822
🚀 APPLYING GUIDANCE at step 12 (timestep=904)
🎯 GUIDANCE STEP 12 (t=904): Loss=0.5859, Rho=2.647502, Grad_norm=0.3777, Final_scale=26.4750
🚀 APPLYING GUIDANCE at step 13 (timestep=894)
🎯 GUIDANCE STEP 13 (t=894): Loss=0.6006, Rho=12.504303, Grad_norm=0.0800, Final_scale=125.0430
🚀 APPLYING GUIDANCE at step 14 (timestep=884)
🎯 GUIDANCE STEP 14 (t=884): Loss=0.6045, Rho=13.139881, Grad_norm=0.0761, Final_scale=131.3988
🚀 APPLYING GUIDANCE at step 15 (timestep=874)
🎯 GUIDANCE STEP 15 (t=874): Loss=0.6035, Rho=5.463764, Grad_norm=0.1830, Final_scale=54.6376
🚀 APPLYING GUIDANCE at step 16 (timestep=864)
🎯 GUIDANCE STEP 16 (t=864): Loss=0.6138, Rho=8.738417, Grad_norm=0.1144, Final_scale=87.3842
🚀 APPLYING GUIDANCE at step 17 (timestep=853)
🎯 GUIDANCE STEP 17 (t=853): Loss=0.6128, Rho=8.289498, Grad_norm=0.1206, Final_scale=82.8950
🚀 APPLYING GUIDANCE at step 18 (timestep=841)
🎯 GUIDANCE STEP 18 (t=841): Loss=0.6138, Rho=9.106600, Grad_norm=0.1098, Final_scale=91.0660
🚀 APPLYING GUIDANCE at step 19 (timestep=829)
🎯 GUIDANCE STEP 19 (t=829): Loss=0.6123, Rho=11.562490, Grad_norm=0.0865, Final_scale=115.6249
🚀 APPLYING GUIDANCE at step 20 (timestep=817)
🎯 GUIDANCE STEP 20 (t=817): Loss=0.6143, Rho=12.133461, Grad_norm=0.0824, Final_scale=121.3346
🚀 APPLYING GUIDANCE at step 21 (timestep=805)
🎯 GUIDANCE STEP 21 (t=805): Loss=0.6206, Rho=11.353171, Grad_norm=0.0881, Final_scale=113.5317
🚀 APPLYING GUIDANCE at step 22 (timestep=792)
🎯 GUIDANCE STEP 22 (t=792): Loss=0.6230, Rho=8.872559, Grad_norm=0.1127, Final_scale=88.7256
🚀 APPLYING GUIDANCE at step 23 (timestep=778)
🎯 GUIDANCE STEP 23 (t=778): Loss=0.6226, Rho=7.183212, Grad_norm=0.1392, Final_scale=71.8321
🚀 APPLYING GUIDANCE at step 24 (timestep=764)
🎯 GUIDANCE STEP 24 (t=764): Loss=0.6270, Rho=5.399912, Grad_norm=0.1852, Final_scale=53.9991
🚀 APPLYING GUIDANCE at step 25 (timestep=749)
🎯 GUIDANCE STEP 25 (t=749): Loss=0.6274, Rho=9.175522, Grad_norm=0.1090, Final_scale=91.7552
🚀 APPLYING GUIDANCE at step 26 (timestep=734)
🎯 GUIDANCE STEP 26 (t=734): Loss=0.6255, Rho=11.539770, Grad_norm=0.0867, Final_scale=115.3977
🚀 APPLYING GUIDANCE at step 27 (timestep=718)
🎯 GUIDANCE STEP 27 (t=718): Loss=0.6221, Rho=14.680776, Grad_norm=0.0681, Final_scale=146.8078
🚀 APPLYING GUIDANCE at step 28 (timestep=701)
🎯 GUIDANCE STEP 28 (t=701): Loss=0.6182, Rho=11.229485, Grad_norm=0.0891, Final_scale=112.2948
🚀 APPLYING GUIDANCE at step 29 (timestep=684)
🎯 GUIDANCE STEP 29 (t=684): Loss=0.6191, Rho=11.352557, Grad_norm=0.0881, Final_scale=113.5256
🚀 APPLYING GUIDANCE at step 30 (timestep=666)
🎯 GUIDANCE STEP 30 (t=666): Loss=0.6191, Rho=15.923764, Grad_norm=0.0628, Final_scale=159.2376
🚀 APPLYING GUIDANCE at step 31 (timestep=647)
🎯 GUIDANCE STEP 31 (t=647): Loss=0.6177, Rho=10.168681, Grad_norm=0.0983, Final_scale=101.6868
🚀 APPLYING GUIDANCE at step 32 (timestep=627)
🎯 GUIDANCE STEP 32 (t=627): Loss=0.6172, Rho=8.786958, Grad_norm=0.1138, Final_scale=87.8696
🚀 APPLYING GUIDANCE at step 33 (timestep=606)
🎯 GUIDANCE STEP 33 (t=606): Loss=0.6147, Rho=11.279747, Grad_norm=0.0887, Final_scale=112.7975
🚀 APPLYING GUIDANCE at step 34 (timestep=585)
🎯 GUIDANCE STEP 34 (t=585): Loss=0.6201, Rho=22.214781, Grad_norm=0.0450, Final_scale=222.1478
🚀 APPLYING GUIDANCE at step 35 (timestep=562)
🎯 GUIDANCE STEP 35 (t=562): Loss=0.6162, Rho=20.885607, Grad_norm=0.0479, Final_scale=208.8561
🚀 APPLYING GUIDANCE at step 36 (timestep=538)
🎯 GUIDANCE STEP 36 (t=538): Loss=0.6147, Rho=6.026078, Grad_norm=0.1659, Final_scale=60.2608
🚀 APPLYING GUIDANCE at step 37 (timestep=512)
🎯 GUIDANCE STEP 37 (t=512): Loss=0.5903, Rho=14.402564, Grad_norm=0.0694, Final_scale=144.0256
🚀 APPLYING GUIDANCE at step 38 (timestep=486)
🎯 GUIDANCE STEP 38 (t=486): Loss=0.6016, Rho=17.531385, Grad_norm=0.0570, Final_scale=175.3139
🚀 APPLYING GUIDANCE at step 39 (timestep=458)
🎯 GUIDANCE STEP 39 (t=458): Loss=0.5894, Rho=27.284105, Grad_norm=0.0367, Final_scale=272.8411
🚀 APPLYING GUIDANCE at step 40 (timestep=428)
🎯 GUIDANCE STEP 40 (t=428): Loss=0.5947, Rho=22.338600, Grad_norm=0.0448, Final_scale=223.3860
🚀 APPLYING GUIDANCE at step 41 (timestep=396)
🎯 GUIDANCE STEP 41 (t=396): Loss=0.5923, Rho=28.304985, Grad_norm=0.0353, Final_scale=283.0499
🚀 APPLYING GUIDANCE at step 42 (timestep=363)
🎯 GUIDANCE STEP 42 (t=363): Loss=0.5884, Rho=32.722313, Grad_norm=0.0306, Final_scale=327.2231
🚀 APPLYING GUIDANCE at step 43 (timestep=327)
🎯 GUIDANCE STEP 43 (t=327): Loss=0.5894, Rho=33.082226, Grad_norm=0.0302, Final_scale=330.8223
🚀 APPLYING GUIDANCE at step 44 (timestep=290)
🎯 GUIDANCE STEP 44 (t=290): Loss=0.5859, Rho=22.561195, Grad_norm=0.0443, Final_scale=225.6120
🚀 APPLYING GUIDANCE at step 45 (timestep=249)
🎯 GUIDANCE STEP 45 (t=249): Loss=0.5879, Rho=27.058079, Grad_norm=0.0370, Final_scale=270.5808
🚀 APPLYING GUIDANCE at step 46 (timestep=206)
🎯 GUIDANCE STEP 46 (t=206): Loss=0.5889, Rho=25.974785, Grad_norm=0.0385, Final_scale=259.7478
🚀 APPLYING GUIDANCE at step 47 (timestep=160)
🎯 GUIDANCE STEP 47 (t=160): Loss=0.5864, Rho=27.881290, Grad_norm=0.0359, Final_scale=278.8129
🚀 APPLYING GUIDANCE at step 48 (timestep=111)
🎯 GUIDANCE STEP 48 (t=111): Loss=0.5825, Rho=25.664471, Grad_norm=0.0390, Final_scale=256.6447
🚀 APPLYING GUIDANCE at step 49 (timestep=57)
🎯 GUIDANCE STEP 49 (t=57): Loss=0.5801, Rho=7.369910, Grad_norm=0.1357, Final_scale=73.6991
[guidance_f17_s50_w8c6_rho10.0_cfg5.0_0701_1458] Generated: generated_videos/subject_consistency/guidance_f17_s50_w8c6_rho10.0_cfg5.0_0701_1458/005_a_car_accelerating_to_gain_speed.mp4
[guidance_f17_s50_w8c6_rho10.0_cfg5.0_0701_1458] Generating video 7/9 (guidance): a motorcycle cruising along a coastal highway
🎬 STARTING GUIDANCE PIPELINE GENERATION
   Frames: 17, Steps: 50, CFG Scale: 5.0

🔧 GUIDANCE PIPELINE CONFIGURATION:
   Guidance range: 0 - 1001
   Rho scale: 10.0
   V-JEPA kernel_size: 8
   V-JEPA context_length: 6
   V-JEPA stride: 2
   V-JEPA mode: max
   Total timesteps: 50

🚀 APPLYING GUIDANCE at step 0 (timestep=999)
🎯 GUIDANCE STEP 0 (t=999): Loss=0.5820, Rho=9.930322, Grad_norm=0.1007, Final_scale=99.3032
🚀 APPLYING GUIDANCE at step 1 (timestep=992)
🎯 GUIDANCE STEP 1 (t=992): Loss=0.5464, Rho=25.546068, Grad_norm=0.0391, Final_scale=255.4607
🚀 APPLYING GUIDANCE at step 2 (timestep=985)
🎯 GUIDANCE STEP 2 (t=985): Loss=0.5605, Rho=17.430742, Grad_norm=0.0574, Final_scale=174.3074
🚀 APPLYING GUIDANCE at step 3 (timestep=978)
🎯 GUIDANCE STEP 3 (t=978): Loss=0.5859, Rho=15.146294, Grad_norm=0.0660, Final_scale=151.4629
🚀 APPLYING GUIDANCE at step 4 (timestep=971)
🎯 GUIDANCE STEP 4 (t=971): Loss=0.5879, Rho=22.773617, Grad_norm=0.0439, Final_scale=227.7362
🚀 APPLYING GUIDANCE at step 5 (timestep=963)
🎯 GUIDANCE STEP 5 (t=963): Loss=0.5840, Rho=21.430618, Grad_norm=0.0467, Final_scale=214.3062
🚀 APPLYING GUIDANCE at step 6 (timestep=956)
🎯 GUIDANCE STEP 6 (t=956): Loss=0.5967, Rho=14.141463, Grad_norm=0.0707, Final_scale=141.4146
🚀 APPLYING GUIDANCE at step 7 (timestep=948)
🎯 GUIDANCE STEP 7 (t=948): Loss=0.5991, Rho=9.683012, Grad_norm=0.1033, Final_scale=96.8301
🚀 APPLYING GUIDANCE at step 8 (timestep=939)
🎯 GUIDANCE STEP 8 (t=939): Loss=0.6025, Rho=7.217702, Grad_norm=0.1385, Final_scale=72.1770
🚀 APPLYING GUIDANCE at step 9 (timestep=931)
🎯 GUIDANCE STEP 9 (t=931): Loss=0.6050, Rho=13.375314, Grad_norm=0.0748, Final_scale=133.7531
🚀 APPLYING GUIDANCE at step 10 (timestep=922)
🎯 GUIDANCE STEP 10 (t=922): Loss=0.6084, Rho=8.898417, Grad_norm=0.1124, Final_scale=88.9842
🚀 APPLYING GUIDANCE at step 11 (timestep=913)
🎯 GUIDANCE STEP 11 (t=913): Loss=0.6079, Rho=7.552745, Grad_norm=0.1324, Final_scale=75.5274
🚀 APPLYING GUIDANCE at step 12 (timestep=904)
🎯 GUIDANCE STEP 12 (t=904): Loss=0.6074, Rho=7.067847, Grad_norm=0.1415, Final_scale=70.6785
🚀 APPLYING GUIDANCE at step 13 (timestep=894)
🎯 GUIDANCE STEP 13 (t=894): Loss=0.6045, Rho=8.700113, Grad_norm=0.1149, Final_scale=87.0011
🚀 APPLYING GUIDANCE at step 14 (timestep=884)
🎯 GUIDANCE STEP 14 (t=884): Loss=0.6143, Rho=6.039541, Grad_norm=0.1656, Final_scale=60.3954
🚀 APPLYING GUIDANCE at step 15 (timestep=874)
🎯 GUIDANCE STEP 15 (t=874): Loss=0.6206, Rho=5.691851, Grad_norm=0.1757, Final_scale=56.9185
🚀 APPLYING GUIDANCE at step 16 (timestep=864)
🎯 GUIDANCE STEP 16 (t=864): Loss=0.6216, Rho=8.286578, Grad_norm=0.1207, Final_scale=82.8658
🚀 APPLYING GUIDANCE at step 17 (timestep=853)
🎯 GUIDANCE STEP 17 (t=853): Loss=0.6240, Rho=6.964725, Grad_norm=0.1436, Final_scale=69.6473
🚀 APPLYING GUIDANCE at step 18 (timestep=841)
🎯 GUIDANCE STEP 18 (t=841): Loss=0.6255, Rho=4.549225, Grad_norm=0.2198, Final_scale=45.4922
🚀 APPLYING GUIDANCE at step 19 (timestep=829)
🎯 GUIDANCE STEP 19 (t=829): Loss=0.6284, Rho=2.888148, Grad_norm=0.3462, Final_scale=28.8815
🚀 APPLYING GUIDANCE at step 20 (timestep=817)
🎯 GUIDANCE STEP 20 (t=817): Loss=0.6274, Rho=6.576444, Grad_norm=0.1521, Final_scale=65.7644
🚀 APPLYING GUIDANCE at step 21 (timestep=805)
🎯 GUIDANCE STEP 21 (t=805): Loss=0.6255, Rho=1.172092, Grad_norm=0.8532, Final_scale=11.7209
🚀 APPLYING GUIDANCE at step 22 (timestep=792)
🎯 GUIDANCE STEP 22 (t=792): Loss=0.6206, Rho=5.147466, Grad_norm=0.1943, Final_scale=51.4747
🚀 APPLYING GUIDANCE at step 23 (timestep=778)
🎯 GUIDANCE STEP 23 (t=778): Loss=0.6284, Rho=5.087574, Grad_norm=0.1966, Final_scale=50.8757
🚀 APPLYING GUIDANCE at step 24 (timestep=764)
🎯 GUIDANCE STEP 24 (t=764): Loss=0.6328, Rho=4.823594, Grad_norm=0.2073, Final_scale=48.2359
🚀 APPLYING GUIDANCE at step 25 (timestep=749)
🎯 GUIDANCE STEP 25 (t=749): Loss=0.6294, Rho=7.213815, Grad_norm=0.1386, Final_scale=72.1381
🚀 APPLYING GUIDANCE at step 26 (timestep=734)
🎯 GUIDANCE STEP 26 (t=734): Loss=0.6304, Rho=3.962592, Grad_norm=0.2524, Final_scale=39.6259
🚀 APPLYING GUIDANCE at step 27 (timestep=718)
🎯 GUIDANCE STEP 27 (t=718): Loss=0.6250, Rho=1.196208, Grad_norm=0.8360, Final_scale=11.9621
🚀 APPLYING GUIDANCE at step 28 (timestep=701)
🎯 GUIDANCE STEP 28 (t=701): Loss=0.6279, Rho=4.519949, Grad_norm=0.2212, Final_scale=45.1995
🚀 APPLYING GUIDANCE at step 29 (timestep=684)
🎯 GUIDANCE STEP 29 (t=684): Loss=0.6250, Rho=1.812683, Grad_norm=0.5517, Final_scale=18.1268
🚀 APPLYING GUIDANCE at step 30 (timestep=666)
🎯 GUIDANCE STEP 30 (t=666): Loss=0.6294, Rho=5.580472, Grad_norm=0.1792, Final_scale=55.8047
🚀 APPLYING GUIDANCE at step 31 (timestep=647)
🎯 GUIDANCE STEP 31 (t=647): Loss=0.6255, Rho=5.312706, Grad_norm=0.1882, Final_scale=53.1271
🚀 APPLYING GUIDANCE at step 32 (timestep=627)
🎯 GUIDANCE STEP 32 (t=627): Loss=0.6245, Rho=4.595140, Grad_norm=0.2176, Final_scale=45.9514
🚀 APPLYING GUIDANCE at step 33 (timestep=606)
🎯 GUIDANCE STEP 33 (t=606): Loss=0.6240, Rho=4.987722, Grad_norm=0.2005, Final_scale=49.8772
🚀 APPLYING GUIDANCE at step 34 (timestep=585)
🎯 GUIDANCE STEP 34 (t=585): Loss=0.6230, Rho=5.866180, Grad_norm=0.1705, Final_scale=58.6618
🚀 APPLYING GUIDANCE at step 35 (timestep=562)
🎯 GUIDANCE STEP 35 (t=562): Loss=0.6274, Rho=8.989771, Grad_norm=0.1112, Final_scale=89.8977
🚀 APPLYING GUIDANCE at step 36 (timestep=538)
🎯 GUIDANCE STEP 36 (t=538): Loss=0.6230, Rho=10.674643, Grad_norm=0.0937, Final_scale=106.7464
🚀 APPLYING GUIDANCE at step 37 (timestep=512)
🎯 GUIDANCE STEP 37 (t=512): Loss=0.6255, Rho=5.221181, Grad_norm=0.1915, Final_scale=52.2118
🚀 APPLYING GUIDANCE at step 38 (timestep=486)
🎯 GUIDANCE STEP 38 (t=486): Loss=0.6245, Rho=9.067490, Grad_norm=0.1103, Final_scale=90.6749
🚀 APPLYING GUIDANCE at step 39 (timestep=458)
🎯 GUIDANCE STEP 39 (t=458): Loss=0.6250, Rho=8.198340, Grad_norm=0.1220, Final_scale=81.9834
🚀 APPLYING GUIDANCE at step 40 (timestep=428)
🎯 GUIDANCE STEP 40 (t=428): Loss=0.6230, Rho=6.124157, Grad_norm=0.1633, Final_scale=61.2416
🚀 APPLYING GUIDANCE at step 41 (timestep=396)
🎯 GUIDANCE STEP 41 (t=396): Loss=0.6260, Rho=6.364094, Grad_norm=0.1571, Final_scale=63.6409
🚀 APPLYING GUIDANCE at step 42 (timestep=363)
🎯 GUIDANCE STEP 42 (t=363): Loss=0.6211, Rho=16.970867, Grad_norm=0.0589, Final_scale=169.7087
🚀 APPLYING GUIDANCE at step 43 (timestep=327)
🎯 GUIDANCE STEP 43 (t=327): Loss=0.6206, Rho=18.228754, Grad_norm=0.0549, Final_scale=182.2875
🚀 APPLYING GUIDANCE at step 44 (timestep=290)
🎯 GUIDANCE STEP 44 (t=290): Loss=0.6196, Rho=18.869328, Grad_norm=0.0530, Final_scale=188.6933
🚀 APPLYING GUIDANCE at step 45 (timestep=249)
🎯 GUIDANCE STEP 45 (t=249): Loss=0.6201, Rho=24.168846, Grad_norm=0.0414, Final_scale=241.6885
🚀 APPLYING GUIDANCE at step 46 (timestep=206)
🎯 GUIDANCE STEP 46 (t=206): Loss=0.6182, Rho=9.818800, Grad_norm=0.1018, Final_scale=98.1880
🚀 APPLYING GUIDANCE at step 47 (timestep=160)
🎯 GUIDANCE STEP 47 (t=160): Loss=0.6157, Rho=22.649754, Grad_norm=0.0442, Final_scale=226.4975
🚀 APPLYING GUIDANCE at step 48 (timestep=111)
🎯 GUIDANCE STEP 48 (t=111): Loss=0.6196, Rho=5.124966, Grad_norm=0.1951, Final_scale=51.2497
🚀 APPLYING GUIDANCE at step 49 (timestep=57)
🎯 GUIDANCE STEP 49 (t=57): Loss=0.6182, Rho=15.376306, Grad_norm=0.0650, Final_scale=153.7631
[guidance_f17_s50_w8c6_rho10.0_cfg5.0_0701_1458] Generated: generated_videos/subject_consistency/guidance_f17_s50_w8c6_rho10.0_cfg5.0_0701_1458/005_a_cat_grooming_itself_meticulously_with_its_tongue.mp4
[guidance_f17_s50_w8c6_rho10.0_cfg5.0_0701_1458] Generating video 7/9 (guidance): a cat playing in park
🎬 STARTING GUIDANCE PIPELINE GENERATION
   Frames: 17, Steps: 50, CFG Scale: 5.0

🔧 GUIDANCE PIPELINE CONFIGURATION:
   Guidance range: 0 - 1001
   Rho scale: 10.0
   V-JEPA kernel_size: 8
   V-JEPA context_length: 6
   V-JEPA stride: 2
   V-JEPA mode: max
   Total timesteps: 50

🚀 APPLYING GUIDANCE at step 0 (timestep=999)
🎯 GUIDANCE STEP 0 (t=999): Loss=0.5728, Rho=14.520964, Grad_norm=0.0689, Final_scale=145.2096
🚀 APPLYING GUIDANCE at step 1 (timestep=992)
🎯 GUIDANCE STEP 1 (t=992): Loss=0.5864, Rho=7.674038, Grad_norm=0.1303, Final_scale=76.7404
🚀 APPLYING GUIDANCE at step 2 (timestep=985)
🎯 GUIDANCE STEP 2 (t=985): Loss=0.5674, Rho=18.887171, Grad_norm=0.0529, Final_scale=188.8717
🚀 APPLYING GUIDANCE at step 3 (timestep=978)
🎯 GUIDANCE STEP 3 (t=978): Loss=0.5815, Rho=9.183122, Grad_norm=0.1089, Final_scale=91.8312
🚀 APPLYING GUIDANCE at step 4 (timestep=971)
🎯 GUIDANCE STEP 4 (t=971): Loss=0.5933, Rho=9.943835, Grad_norm=0.1006, Final_scale=99.4384
🚀 APPLYING GUIDANCE at step 5 (timestep=963)
🎯 GUIDANCE STEP 5 (t=963): Loss=0.6025, Rho=3.583942, Grad_norm=0.2790, Final_scale=35.8394
🚀 APPLYING GUIDANCE at step 6 (timestep=956)
🎯 GUIDANCE STEP 6 (t=956): Loss=0.6084, Rho=6.367212, Grad_norm=0.1571, Final_scale=63.6721
🚀 APPLYING GUIDANCE at step 7 (timestep=948)
🎯 GUIDANCE STEP 7 (t=948): Loss=0.6045, Rho=2.769915, Grad_norm=0.3610, Final_scale=27.6991
🚀 APPLYING GUIDANCE at step 8 (timestep=939)
🎯 GUIDANCE STEP 8 (t=939): Loss=0.6079, Rho=0.524026, Grad_norm=1.9083, Final_scale=5.2403
🚀 APPLYING GUIDANCE at step 9 (timestep=931)
🎯 GUIDANCE STEP 9 (t=931): Loss=0.6064, Rho=9.358583, Grad_norm=0.1069, Final_scale=93.5858
🚀 APPLYING GUIDANCE at step 10 (timestep=922)
🎯 GUIDANCE STEP 10 (t=922): Loss=0.6089, Rho=3.125066, Grad_norm=0.3200, Final_scale=31.2507
🚀 APPLYING GUIDANCE at step 11 (timestep=913)
🎯 GUIDANCE STEP 11 (t=913): Loss=0.6113, Rho=2.804197, Grad_norm=0.3566, Final_scale=28.0420
🚀 APPLYING GUIDANCE at step 12 (timestep=904)
🎯 GUIDANCE STEP 12 (t=904): Loss=0.6123, Rho=4.714821, Grad_norm=0.2121, Final_scale=47.1482
🚀 APPLYING GUIDANCE at step 13 (timestep=894)
🎯 GUIDANCE STEP 13 (t=894): Loss=0.6162, Rho=1.445757, Grad_norm=0.6917, Final_scale=14.4576
🚀 APPLYING GUIDANCE at step 14 (timestep=884)
🎯 GUIDANCE STEP 14 (t=884): Loss=0.6147, Rho=3.484862, Grad_norm=0.2870, Final_scale=34.8486
🚀 APPLYING GUIDANCE at step 15 (timestep=874)
🎯 GUIDANCE STEP 15 (t=874): Loss=0.6162, Rho=4.004288, Grad_norm=0.2497, Final_scale=40.0429
🚀 APPLYING GUIDANCE at step 16 (timestep=864)
🎯 GUIDANCE STEP 16 (t=864): Loss=0.6157, Rho=2.593524, Grad_norm=0.3856, Final_scale=25.9352
🚀 APPLYING GUIDANCE at step 17 (timestep=853)
🎯 GUIDANCE STEP 17 (t=853): Loss=0.6157, Rho=2.650764, Grad_norm=0.3772, Final_scale=26.5076
🚀 APPLYING GUIDANCE at step 18 (timestep=841)
🎯 GUIDANCE STEP 18 (t=841): Loss=0.6167, Rho=4.638678, Grad_norm=0.2156, Final_scale=46.3868
🚀 APPLYING GUIDANCE at step 19 (timestep=829)
🎯 GUIDANCE STEP 19 (t=829): Loss=0.6147, Rho=3.922501, Grad_norm=0.2549, Final_scale=39.2250
🚀 APPLYING GUIDANCE at step 20 (timestep=817)
🎯 GUIDANCE STEP 20 (t=817): Loss=0.6162, Rho=9.270295, Grad_norm=0.1079, Final_scale=92.7030
🚀 APPLYING GUIDANCE at step 21 (timestep=805)
🎯 GUIDANCE STEP 21 (t=805): Loss=0.6182, Rho=4.352359, Grad_norm=0.2298, Final_scale=43.5236
🚀 APPLYING GUIDANCE at step 22 (timestep=792)
🎯 GUIDANCE STEP 22 (t=792): Loss=0.6177, Rho=7.306824, Grad_norm=0.1369, Final_scale=73.0682
🚀 APPLYING GUIDANCE at step 23 (timestep=778)
🎯 GUIDANCE STEP 23 (t=778): Loss=0.6167, Rho=8.138459, Grad_norm=0.1229, Final_scale=81.3846
🚀 APPLYING GUIDANCE at step 24 (timestep=764)
🎯 GUIDANCE STEP 24 (t=764): Loss=0.6172, Rho=4.542108, Grad_norm=0.2202, Final_scale=45.4211
🚀 APPLYING GUIDANCE at step 25 (timestep=749)
🎯 GUIDANCE STEP 25 (t=749): Loss=0.6133, Rho=1.138591, Grad_norm=0.8783, Final_scale=11.3859
🚀 APPLYING GUIDANCE at step 26 (timestep=734)
🎯 GUIDANCE STEP 26 (t=734): Loss=0.6191, Rho=2.200374, Grad_norm=0.4545, Final_scale=22.0037
🚀 APPLYING GUIDANCE at step 27 (timestep=718)
🎯 GUIDANCE STEP 27 (t=718): Loss=0.6147, Rho=9.871807, Grad_norm=0.1013, Final_scale=98.7181
🚀 APPLYING GUIDANCE at step 28 (timestep=701)
🎯 GUIDANCE STEP 28 (t=701): Loss=0.6128, Rho=9.379394, Grad_norm=0.1066, Final_scale=93.7939
🚀 APPLYING GUIDANCE at step 29 (timestep=684)
🎯 GUIDANCE STEP 29 (t=684): Loss=0.6113, Rho=9.078237, Grad_norm=0.1102, Final_scale=90.7824
🚀 APPLYING GUIDANCE at step 30 (timestep=666)
🎯 GUIDANCE STEP 30 (t=666): Loss=0.6123, Rho=7.394615, Grad_norm=0.1352, Final_scale=73.9461
🚀 APPLYING GUIDANCE at step 31 (timestep=647)
🎯 GUIDANCE STEP 31 (t=647): Loss=0.6147, Rho=9.443220, Grad_norm=0.1059, Final_scale=94.4322
🚀 APPLYING GUIDANCE at step 32 (timestep=627)
🎯 GUIDANCE STEP 32 (t=627): Loss=0.6143, Rho=1.906779, Grad_norm=0.5244, Final_scale=19.0678
🚀 APPLYING GUIDANCE at step 33 (timestep=606)
🎯 GUIDANCE STEP 33 (t=606): Loss=0.6147, Rho=6.983712, Grad_norm=0.1432, Final_scale=69.8371
🚀 APPLYING GUIDANCE at step 34 (timestep=585)
🎯 GUIDANCE STEP 34 (t=585): Loss=0.6138, Rho=5.256029, Grad_norm=0.1903, Final_scale=52.5603
🚀 APPLYING GUIDANCE at step 35 (timestep=562)
🎯 GUIDANCE STEP 35 (t=562): Loss=0.6143, Rho=4.068966, Grad_norm=0.2458, Final_scale=40.6897
🚀 APPLYING GUIDANCE at step 36 (timestep=538)
🎯 GUIDANCE STEP 36 (t=538): Loss=0.6138, Rho=6.615644, Grad_norm=0.1512, Final_scale=66.1564
🚀 APPLYING GUIDANCE at step 37 (timestep=512)
🎯 GUIDANCE STEP 37 (t=512): Loss=0.6128, Rho=13.252908, Grad_norm=0.0755, Final_scale=132.5291
🚀 APPLYING GUIDANCE at step 38 (timestep=486)
🎯 GUIDANCE STEP 38 (t=486): Loss=0.6123, Rho=7.897782, Grad_norm=0.1266, Final_scale=78.9778
🚀 APPLYING GUIDANCE at step 39 (timestep=458)
🎯 GUIDANCE STEP 39 (t=458): Loss=0.6123, Rho=16.956633, Grad_norm=0.0590, Final_scale=169.5663
🚀 APPLYING GUIDANCE at step 40 (timestep=428)
🎯 GUIDANCE STEP 40 (t=428): Loss=0.6113, Rho=12.927820, Grad_norm=0.0774, Final_scale=129.2782
🚀 APPLYING GUIDANCE at step 41 (timestep=396)
🎯 GUIDANCE STEP 41 (t=396): Loss=0.6128, Rho=6.734169, Grad_norm=0.1485, Final_scale=67.3417
🚀 APPLYING GUIDANCE at step 42 (timestep=363)
🎯 GUIDANCE STEP 42 (t=363): Loss=0.6133, Rho=4.000741, Grad_norm=0.2500, Final_scale=40.0074
🚀 APPLYING GUIDANCE at step 43 (timestep=327)
🎯 GUIDANCE STEP 43 (t=327): Loss=0.6118, Rho=13.419698, Grad_norm=0.0745, Final_scale=134.1970
🚀 APPLYING GUIDANCE at step 44 (timestep=290)
🎯 GUIDANCE STEP 44 (t=290): Loss=0.6123, Rho=15.733624, Grad_norm=0.0636, Final_scale=157.3362
🚀 APPLYING GUIDANCE at step 45 (timestep=249)
🎯 GUIDANCE STEP 45 (t=249): Loss=0.6104, Rho=25.281672, Grad_norm=0.0396, Final_scale=252.8167
🚀 APPLYING GUIDANCE at step 46 (timestep=206)
🎯 GUIDANCE STEP 46 (t=206): Loss=0.6118, Rho=13.983698, Grad_norm=0.0715, Final_scale=139.8370
🚀 APPLYING GUIDANCE at step 47 (timestep=160)
🎯 GUIDANCE STEP 47 (t=160): Loss=0.6108, Rho=30.277615, Grad_norm=0.0330, Final_scale=302.7761
🚀 APPLYING GUIDANCE at step 48 (timestep=111)
🎯 GUIDANCE STEP 48 (t=111): Loss=0.6113, Rho=5.728880, Grad_norm=0.1746, Final_scale=57.2888
🚀 APPLYING GUIDANCE at step 49 (timestep=57)
🎯 GUIDANCE STEP 49 (t=57): Loss=0.6084, Rho=7.074769, Grad_norm=0.1413, Final_scale=70.7477
[guidance_f17_s50_w8c6_rho10.0_cfg5.0_0701_1458] Generated: generated_videos/subject_consistency/guidance_f17_s50_w8c6_rho10.0_cfg5.0_0701_1458/005_a_truck_stuck_in_traffic_during_rush_hour.mp4
[guidance_f17_s50_w8c6_rho10.0_cfg5.0_0701_1458] Generating video 7/9 (guidance): a truck slowing down to stop
🎬 STARTING GUIDANCE PIPELINE GENERATION
   Frames: 17, Steps: 50, CFG Scale: 5.0

🔧 GUIDANCE PIPELINE CONFIGURATION:
   Guidance range: 0 - 1001
   Rho scale: 10.0
   V-JEPA kernel_size: 8
   V-JEPA context_length: 6
   V-JEPA stride: 2
   V-JEPA mode: max
   Total timesteps: 50

🚀 APPLYING GUIDANCE at step 0 (timestep=999)
🎯 GUIDANCE STEP 0 (t=999): Loss=0.5454, Rho=31.545334, Grad_norm=0.0317, Final_scale=315.4533
🚀 APPLYING GUIDANCE at step 1 (timestep=992)
🎯 GUIDANCE STEP 1 (t=992): Loss=0.5352, Rho=25.682842, Grad_norm=0.0389, Final_scale=256.8284
🚀 APPLYING GUIDANCE at step 2 (timestep=985)
🎯 GUIDANCE STEP 2 (t=985): Loss=0.5469, Rho=14.245530, Grad_norm=0.0702, Final_scale=142.4553
🚀 APPLYING GUIDANCE at step 3 (timestep=978)
🎯 GUIDANCE STEP 3 (t=978): Loss=0.5586, Rho=13.984361, Grad_norm=0.0715, Final_scale=139.8436
🚀 APPLYING GUIDANCE at step 4 (timestep=971)
🎯 GUIDANCE STEP 4 (t=971): Loss=0.5698, Rho=15.455365, Grad_norm=0.0647, Final_scale=154.5537
🚀 APPLYING GUIDANCE at step 5 (timestep=963)
🎯 GUIDANCE STEP 5 (t=963): Loss=0.5928, Rho=3.673623, Grad_norm=0.2722, Final_scale=36.7362
🚀 APPLYING GUIDANCE at step 6 (timestep=956)
🎯 GUIDANCE STEP 6 (t=956): Loss=0.6099, Rho=5.641657, Grad_norm=0.1773, Final_scale=56.4166
🚀 APPLYING GUIDANCE at step 7 (timestep=948)
🎯 GUIDANCE STEP 7 (t=948): Loss=0.6104, Rho=5.305679, Grad_norm=0.1885, Final_scale=53.0568
🚀 APPLYING GUIDANCE at step 8 (timestep=939)
🎯 GUIDANCE STEP 8 (t=939): Loss=0.6069, Rho=4.729857, Grad_norm=0.2114, Final_scale=47.2986
🚀 APPLYING GUIDANCE at step 9 (timestep=931)
🎯 GUIDANCE STEP 9 (t=931): Loss=0.6060, Rho=11.500773, Grad_norm=0.0870, Final_scale=115.0077
🚀 APPLYING GUIDANCE at step 10 (timestep=922)
🎯 GUIDANCE STEP 10 (t=922): Loss=0.6001, Rho=19.491961, Grad_norm=0.0513, Final_scale=194.9196
🚀 APPLYING GUIDANCE at step 11 (timestep=913)
🎯 GUIDANCE STEP 11 (t=913): Loss=0.5977, Rho=7.580606, Grad_norm=0.1319, Final_scale=75.8061
🚀 APPLYING GUIDANCE at step 12 (timestep=904)
🎯 GUIDANCE STEP 12 (t=904): Loss=0.5986, Rho=4.710089, Grad_norm=0.2123, Final_scale=47.1009
🚀 APPLYING GUIDANCE at step 13 (timestep=894)
🎯 GUIDANCE STEP 13 (t=894): Loss=0.6030, Rho=7.018621, Grad_norm=0.1425, Final_scale=70.1862
🚀 APPLYING GUIDANCE at step 14 (timestep=884)
🎯 GUIDANCE STEP 14 (t=884): Loss=0.6016, Rho=6.270483, Grad_norm=0.1595, Final_scale=62.7048
🚀 APPLYING GUIDANCE at step 15 (timestep=874)
🎯 GUIDANCE STEP 15 (t=874): Loss=0.6030, Rho=9.347464, Grad_norm=0.1070, Final_scale=93.4746
🚀 APPLYING GUIDANCE at step 16 (timestep=864)
🎯 GUIDANCE STEP 16 (t=864): Loss=0.6050, Rho=10.815924, Grad_norm=0.0925, Final_scale=108.1592
🚀 APPLYING GUIDANCE at step 17 (timestep=853)
🎯 GUIDANCE STEP 17 (t=853): Loss=0.6084, Rho=7.020244, Grad_norm=0.1424, Final_scale=70.2024
🚀 APPLYING GUIDANCE at step 18 (timestep=841)
🎯 GUIDANCE STEP 18 (t=841): Loss=0.6040, Rho=9.278385, Grad_norm=0.1078, Final_scale=92.7839
🚀 APPLYING GUIDANCE at step 19 (timestep=829)
🎯 GUIDANCE STEP 19 (t=829): Loss=0.6035, Rho=14.139522, Grad_norm=0.0707, Final_scale=141.3952
🚀 APPLYING GUIDANCE at step 20 (timestep=817)
🎯 GUIDANCE STEP 20 (t=817): Loss=0.6045, Rho=10.031001, Grad_norm=0.0997, Final_scale=100.3100
🚀 APPLYING GUIDANCE at step 21 (timestep=805)
🎯 GUIDANCE STEP 21 (t=805): Loss=0.6118, Rho=9.371989, Grad_norm=0.1067, Final_scale=93.7199
🚀 APPLYING GUIDANCE at step 22 (timestep=792)
🎯 GUIDANCE STEP 22 (t=792): Loss=0.6025, Rho=7.056530, Grad_norm=0.1417, Final_scale=70.5653
🚀 APPLYING GUIDANCE at step 23 (timestep=778)
🎯 GUIDANCE STEP 23 (t=778): Loss=0.6030, Rho=9.855679, Grad_norm=0.1015, Final_scale=98.5568
🚀 APPLYING GUIDANCE at step 24 (timestep=764)
🎯 GUIDANCE STEP 24 (t=764): Loss=0.6030, Rho=8.279312, Grad_norm=0.1208, Final_scale=82.7931
🚀 APPLYING GUIDANCE at step 25 (timestep=749)
🎯 GUIDANCE STEP 25 (t=749): Loss=0.6055, Rho=13.799054, Grad_norm=0.0725, Final_scale=137.9905
🚀 APPLYING GUIDANCE at step 26 (timestep=734)
🎯 GUIDANCE STEP 26 (t=734): Loss=0.6030, Rho=3.447328, Grad_norm=0.2901, Final_scale=34.4733
🚀 APPLYING GUIDANCE at step 27 (timestep=718)
🎯 GUIDANCE STEP 27 (t=718): Loss=0.6025, Rho=12.709013, Grad_norm=0.0787, Final_scale=127.0901
🚀 APPLYING GUIDANCE at step 28 (timestep=701)
🎯 GUIDANCE STEP 28 (t=701): Loss=0.6045, Rho=6.981583, Grad_norm=0.1432, Final_scale=69.8158
🚀 APPLYING GUIDANCE at step 29 (timestep=684)
🎯 GUIDANCE STEP 29 (t=684): Loss=0.6050, Rho=7.742605, Grad_norm=0.1292, Final_scale=77.4260
🚀 APPLYING GUIDANCE at step 30 (timestep=666)
🎯 GUIDANCE STEP 30 (t=666): Loss=0.6040, Rho=18.635674, Grad_norm=0.0537, Final_scale=186.3567
🚀 APPLYING GUIDANCE at step 31 (timestep=647)
🎯 GUIDANCE STEP 31 (t=647): Loss=0.6055, Rho=7.001345, Grad_norm=0.1428, Final_scale=70.0134
🚀 APPLYING GUIDANCE at step 32 (timestep=627)
🎯 GUIDANCE STEP 32 (t=627): Loss=0.6064, Rho=10.002475, Grad_norm=0.1000, Final_scale=100.0247
🚀 APPLYING GUIDANCE at step 33 (timestep=606)
🎯 GUIDANCE STEP 33 (t=606): Loss=0.6055, Rho=20.093012, Grad_norm=0.0498, Final_scale=200.9301
🚀 APPLYING GUIDANCE at step 34 (timestep=585)
🎯 GUIDANCE STEP 34 (t=585): Loss=0.6060, Rho=6.754086, Grad_norm=0.1481, Final_scale=67.5409
🚀 APPLYING GUIDANCE at step 35 (timestep=562)
🎯 GUIDANCE STEP 35 (t=562): Loss=0.6069, Rho=11.112028, Grad_norm=0.0900, Final_scale=111.1203
🚀 APPLYING GUIDANCE at step 36 (timestep=538)
🎯 GUIDANCE STEP 36 (t=538): Loss=0.6060, Rho=21.205267, Grad_norm=0.0472, Final_scale=212.0527
🚀 APPLYING GUIDANCE at step 37 (timestep=512)
🎯 GUIDANCE STEP 37 (t=512): Loss=0.6016, Rho=26.306368, Grad_norm=0.0380, Final_scale=263.0637
🚀 APPLYING GUIDANCE at step 38 (timestep=486)
🎯 GUIDANCE STEP 38 (t=486): Loss=0.6030, Rho=26.042194, Grad_norm=0.0384, Final_scale=260.4219
🚀 APPLYING GUIDANCE at step 39 (timestep=458)
🎯 GUIDANCE STEP 39 (t=458): Loss=0.6045, Rho=17.338717, Grad_norm=0.0577, Final_scale=173.3872
🚀 APPLYING GUIDANCE at step 40 (timestep=428)
🎯 GUIDANCE STEP 40 (t=428): Loss=0.6050, Rho=19.261896, Grad_norm=0.0519, Final_scale=192.6190
🚀 APPLYING GUIDANCE at step 41 (timestep=396)
🎯 GUIDANCE STEP 41 (t=396): Loss=0.6050, Rho=20.366955, Grad_norm=0.0491, Final_scale=203.6695
🚀 APPLYING GUIDANCE at step 42 (timestep=363)
🎯 GUIDANCE STEP 42 (t=363): Loss=0.6030, Rho=15.663645, Grad_norm=0.0638, Final_scale=156.6364
🚀 APPLYING GUIDANCE at step 43 (timestep=327)
🎯 GUIDANCE STEP 43 (t=327): Loss=0.6011, Rho=24.619221, Grad_norm=0.0406, Final_scale=246.1922
🚀 APPLYING GUIDANCE at step 44 (timestep=290)
🎯 GUIDANCE STEP 44 (t=290): Loss=0.6025, Rho=20.257381, Grad_norm=0.0494, Final_scale=202.5738
🚀 APPLYING GUIDANCE at step 45 (timestep=249)
🎯 GUIDANCE STEP 45 (t=249): Loss=0.6021, Rho=10.642862, Grad_norm=0.0940, Final_scale=106.4286
🚀 APPLYING GUIDANCE at step 46 (timestep=206)
🎯 GUIDANCE STEP 46 (t=206): Loss=0.6006, Rho=26.401882, Grad_norm=0.0379, Final_scale=264.0188
🚀 APPLYING GUIDANCE at step 47 (timestep=160)
🎯 GUIDANCE STEP 47 (t=160): Loss=0.6001, Rho=20.442081, Grad_norm=0.0489, Final_scale=204.4208
🚀 APPLYING GUIDANCE at step 48 (timestep=111)
🎯 GUIDANCE STEP 48 (t=111): Loss=0.6006, Rho=41.471989, Grad_norm=0.0241, Final_scale=414.7199
🚀 APPLYING GUIDANCE at step 49 (timestep=57)
🎯 GUIDANCE STEP 49 (t=57): Loss=0.6006, Rho=25.794979, Grad_norm=0.0388, Final_scale=257.9498
[guidance_f17_s50_w8c6_rho10.0_cfg5.0_0701_1458] Generated: generated_videos/subject_consistency/guidance_f17_s50_w8c6_rho10.0_cfg5.0_0701_1458/005_an_airplane_accelerating_to_gain_speed.mp4
[guidance_f17_s50_w8c6_rho10.0_cfg5.0_0701_1458] Generating video 7/9 (guidance): a bus turning a corner
🎬 STARTING GUIDANCE PIPELINE GENERATION
   Frames: 17, Steps: 50, CFG Scale: 5.0

🔧 GUIDANCE PIPELINE CONFIGURATION:
   Guidance range: 0 - 1001
   Rho scale: 10.0
   V-JEPA kernel_size: 8
   V-JEPA context_length: 6
   V-JEPA stride: 2
   V-JEPA mode: max
   Total timesteps: 50

🚀 APPLYING GUIDANCE at step 0 (timestep=999)
🎯 GUIDANCE STEP 0 (t=999): Loss=0.5718, Rho=11.714586, Grad_norm=0.0854, Final_scale=117.1459
🚀 APPLYING GUIDANCE at step 1 (timestep=992)
🎯 GUIDANCE STEP 1 (t=992): Loss=0.5645, Rho=7.330240, Grad_norm=0.1364, Final_scale=73.3024
🚀 APPLYING GUIDANCE at step 2 (timestep=985)
🎯 GUIDANCE STEP 2 (t=985): Loss=0.5635, Rho=26.015209, Grad_norm=0.0384, Final_scale=260.1521
🚀 APPLYING GUIDANCE at step 3 (timestep=978)
🎯 GUIDANCE STEP 3 (t=978): Loss=0.5957, Rho=10.313349, Grad_norm=0.0970, Final_scale=103.1335
🚀 APPLYING GUIDANCE at step 4 (timestep=971)
🎯 GUIDANCE STEP 4 (t=971): Loss=0.5977, Rho=18.584402, Grad_norm=0.0538, Final_scale=185.8440
🚀 APPLYING GUIDANCE at step 5 (timestep=963)
🎯 GUIDANCE STEP 5 (t=963): Loss=0.6504, Rho=8.893730, Grad_norm=0.1124, Final_scale=88.9373
🚀 APPLYING GUIDANCE at step 6 (timestep=956)
🎯 GUIDANCE STEP 6 (t=956): Loss=0.6470, Rho=7.156580, Grad_norm=0.1397, Final_scale=71.5658
🚀 APPLYING GUIDANCE at step 7 (timestep=948)
🎯 GUIDANCE STEP 7 (t=948): Loss=0.6440, Rho=9.477018, Grad_norm=0.1055, Final_scale=94.7702
🚀 APPLYING GUIDANCE at step 8 (timestep=939)
🎯 GUIDANCE STEP 8 (t=939): Loss=0.6396, Rho=11.760108, Grad_norm=0.0850, Final_scale=117.6011
🚀 APPLYING GUIDANCE at step 9 (timestep=931)
🎯 GUIDANCE STEP 9 (t=931): Loss=0.6406, Rho=6.703829, Grad_norm=0.1492, Final_scale=67.0383
🚀 APPLYING GUIDANCE at step 10 (timestep=922)
🎯 GUIDANCE STEP 10 (t=922): Loss=0.6392, Rho=10.158157, Grad_norm=0.0984, Final_scale=101.5816
🚀 APPLYING GUIDANCE at step 11 (timestep=913)
🎯 GUIDANCE STEP 11 (t=913): Loss=0.6392, Rho=8.021494, Grad_norm=0.1247, Final_scale=80.2149
🚀 APPLYING GUIDANCE at step 12 (timestep=904)
🎯 GUIDANCE STEP 12 (t=904): Loss=0.6406, Rho=19.475521, Grad_norm=0.0513, Final_scale=194.7552
🚀 APPLYING GUIDANCE at step 13 (timestep=894)
🎯 GUIDANCE STEP 13 (t=894): Loss=0.6387, Rho=17.948627, Grad_norm=0.0557, Final_scale=179.4863
🚀 APPLYING GUIDANCE at step 14 (timestep=884)
🎯 GUIDANCE STEP 14 (t=884): Loss=0.6416, Rho=11.496585, Grad_norm=0.0870, Final_scale=114.9658
🚀 APPLYING GUIDANCE at step 15 (timestep=874)
🎯 GUIDANCE STEP 15 (t=874): Loss=0.6406, Rho=16.653891, Grad_norm=0.0600, Final_scale=166.5389
🚀 APPLYING GUIDANCE at step 16 (timestep=864)
🎯 GUIDANCE STEP 16 (t=864): Loss=0.6406, Rho=15.401688, Grad_norm=0.0649, Final_scale=154.0169
🚀 APPLYING GUIDANCE at step 17 (timestep=853)
🎯 GUIDANCE STEP 17 (t=853): Loss=0.6411, Rho=9.701450, Grad_norm=0.1031, Final_scale=97.0145
🚀 APPLYING GUIDANCE at step 18 (timestep=841)
🎯 GUIDANCE STEP 18 (t=841): Loss=0.6421, Rho=9.405952, Grad_norm=0.1063, Final_scale=94.0595
🚀 APPLYING GUIDANCE at step 19 (timestep=829)
🎯 GUIDANCE STEP 19 (t=829): Loss=0.6416, Rho=8.502402, Grad_norm=0.1176, Final_scale=85.0240
🚀 APPLYING GUIDANCE at step 20 (timestep=817)
🎯 GUIDANCE STEP 20 (t=817): Loss=0.6431, Rho=13.018841, Grad_norm=0.0768, Final_scale=130.1884
🚀 APPLYING GUIDANCE at step 21 (timestep=805)
🎯 GUIDANCE STEP 21 (t=805): Loss=0.6440, Rho=15.779355, Grad_norm=0.0634, Final_scale=157.7936
🚀 APPLYING GUIDANCE at step 22 (timestep=792)
🎯 GUIDANCE STEP 22 (t=792): Loss=0.6416, Rho=11.335351, Grad_norm=0.0882, Final_scale=113.3535
🚀 APPLYING GUIDANCE at step 23 (timestep=778)
🎯 GUIDANCE STEP 23 (t=778): Loss=0.6401, Rho=13.232684, Grad_norm=0.0756, Final_scale=132.3268
🚀 APPLYING GUIDANCE at step 24 (timestep=764)
🎯 GUIDANCE STEP 24 (t=764): Loss=0.6401, Rho=20.398167, Grad_norm=0.0490, Final_scale=203.9817
🚀 APPLYING GUIDANCE at step 25 (timestep=749)
🎯 GUIDANCE STEP 25 (t=749): Loss=0.6416, Rho=12.603891, Grad_norm=0.0793, Final_scale=126.0389
🚀 APPLYING GUIDANCE at step 26 (timestep=734)
🎯 GUIDANCE STEP 26 (t=734): Loss=0.6421, Rho=15.456824, Grad_norm=0.0647, Final_scale=154.5682
🚀 APPLYING GUIDANCE at step 27 (timestep=718)
🎯 GUIDANCE STEP 27 (t=718): Loss=0.6436, Rho=16.726408, Grad_norm=0.0598, Final_scale=167.2641
🚀 APPLYING GUIDANCE at step 28 (timestep=701)
🎯 GUIDANCE STEP 28 (t=701): Loss=0.6431, Rho=24.339653, Grad_norm=0.0411, Final_scale=243.3965
🚀 APPLYING GUIDANCE at step 29 (timestep=684)
🎯 GUIDANCE STEP 29 (t=684): Loss=0.6401, Rho=9.188551, Grad_norm=0.1088, Final_scale=91.8855
🚀 APPLYING GUIDANCE at step 30 (timestep=666)
🎯 GUIDANCE STEP 30 (t=666): Loss=0.6411, Rho=31.674368, Grad_norm=0.0316, Final_scale=316.7437
🚀 APPLYING GUIDANCE at step 31 (timestep=647)
🎯 GUIDANCE STEP 31 (t=647): Loss=0.6387, Rho=31.040117, Grad_norm=0.0322, Final_scale=310.4012
🚀 APPLYING GUIDANCE at step 32 (timestep=627)
🎯 GUIDANCE STEP 32 (t=627): Loss=0.6416, Rho=12.032795, Grad_norm=0.0831, Final_scale=120.3279
🚀 APPLYING GUIDANCE at step 33 (timestep=606)
🎯 GUIDANCE STEP 33 (t=606): Loss=0.6411, Rho=20.981485, Grad_norm=0.0477, Final_scale=209.8149
🚀 APPLYING GUIDANCE at step 34 (timestep=585)
🎯 GUIDANCE STEP 34 (t=585): Loss=0.6392, Rho=20.025402, Grad_norm=0.0499, Final_scale=200.2540
🚀 APPLYING GUIDANCE at step 35 (timestep=562)
🎯 GUIDANCE STEP 35 (t=562): Loss=0.6387, Rho=12.591347, Grad_norm=0.0794, Final_scale=125.9135
🚀 APPLYING GUIDANCE at step 36 (timestep=538)
🎯 GUIDANCE STEP 36 (t=538): Loss=0.6411, Rho=15.673046, Grad_norm=0.0638, Final_scale=156.7305
🚀 APPLYING GUIDANCE at step 37 (timestep=512)
🎯 GUIDANCE STEP 37 (t=512): Loss=0.6411, Rho=20.398249, Grad_norm=0.0490, Final_scale=203.9825
🚀 APPLYING GUIDANCE at step 38 (timestep=486)
🎯 GUIDANCE STEP 38 (t=486): Loss=0.6401, Rho=37.620354, Grad_norm=0.0266, Final_scale=376.2035
🚀 APPLYING GUIDANCE at step 39 (timestep=458)
🎯 GUIDANCE STEP 39 (t=458): Loss=0.6401, Rho=36.551868, Grad_norm=0.0274, Final_scale=365.5187
🚀 APPLYING GUIDANCE at step 40 (timestep=428)
🎯 GUIDANCE STEP 40 (t=428): Loss=0.6357, Rho=77.235497, Grad_norm=0.0129, Final_scale=772.3550
🚀 APPLYING GUIDANCE at step 41 (timestep=396)
🎯 GUIDANCE STEP 41 (t=396): Loss=0.6362, Rho=43.232376, Grad_norm=0.0231, Final_scale=432.3238
🚀 APPLYING GUIDANCE at step 42 (timestep=363)
🎯 GUIDANCE STEP 42 (t=363): Loss=0.6348, Rho=36.726200, Grad_norm=0.0272, Final_scale=367.2620
🚀 APPLYING GUIDANCE at step 43 (timestep=327)
🎯 GUIDANCE STEP 43 (t=327): Loss=0.6382, Rho=25.886545, Grad_norm=0.0386, Final_scale=258.8655
🚀 APPLYING GUIDANCE at step 44 (timestep=290)
🎯 GUIDANCE STEP 44 (t=290): Loss=0.6348, Rho=23.313997, Grad_norm=0.0429, Final_scale=233.1400
🚀 APPLYING GUIDANCE at step 45 (timestep=249)
🎯 GUIDANCE STEP 45 (t=249): Loss=0.6357, Rho=29.180466, Grad_norm=0.0343, Final_scale=291.8047
🚀 APPLYING GUIDANCE at step 46 (timestep=206)
🎯 GUIDANCE STEP 46 (t=206): Loss=0.6333, Rho=20.691187, Grad_norm=0.0483, Final_scale=206.9119
🚀 APPLYING GUIDANCE at step 47 (timestep=160)
🎯 GUIDANCE STEP 47 (t=160): Loss=0.6348, Rho=24.214264, Grad_norm=0.0413, Final_scale=242.1426
🚀 APPLYING GUIDANCE at step 48 (timestep=111)
🎯 GUIDANCE STEP 48 (t=111): Loss=0.6362, Rho=29.850567, Grad_norm=0.0335, Final_scale=298.5057
🚀 APPLYING GUIDANCE at step 49 (timestep=57)
🎯 GUIDANCE STEP 49 (t=57): Loss=0.6353, Rho=21.907206, Grad_norm=0.0456, Final_scale=219.0721
[guidance_f17_s50_w8c6_rho10.0_cfg5.0_0701_1458] Generated: generated_videos/subject_consistency/guidance_f17_s50_w8c6_rho10.0_cfg5.0_0701_1458/006_a_horse_taking_a_peaceful_walk.mp4
[guidance_f17_s50_w8c6_rho10.0_cfg5.0_0701_1458] Generating video 8/9 (guidance): a horse running to join a herd of its kind
🎬 STARTING GUIDANCE PIPELINE GENERATION
   Frames: 17, Steps: 50, CFG Scale: 5.0

🔧 GUIDANCE PIPELINE CONFIGURATION:
   Guidance range: 0 - 1001
   Rho scale: 10.0
   V-JEPA kernel_size: 8
   V-JEPA context_length: 6
   V-JEPA stride: 2
   V-JEPA mode: max
   Total timesteps: 50

🚀 APPLYING GUIDANCE at step 0 (timestep=999)
🎯 GUIDANCE STEP 0 (t=999): Loss=0.5513, Rho=20.782413, Grad_norm=0.0481, Final_scale=207.8241
🚀 APPLYING GUIDANCE at step 1 (timestep=992)
🎯 GUIDANCE STEP 1 (t=992): Loss=0.5396, Rho=51.901779, Grad_norm=0.0193, Final_scale=519.0178
🚀 APPLYING GUIDANCE at step 2 (timestep=985)
🎯 GUIDANCE STEP 2 (t=985): Loss=0.5503, Rho=37.444416, Grad_norm=0.0267, Final_scale=374.4442
🚀 APPLYING GUIDANCE at step 3 (timestep=978)
🎯 GUIDANCE STEP 3 (t=978): Loss=0.5376, Rho=42.835503, Grad_norm=0.0233, Final_scale=428.3550
🚀 APPLYING GUIDANCE at step 4 (timestep=971)
🎯 GUIDANCE STEP 4 (t=971): Loss=0.5444, Rho=28.664389, Grad_norm=0.0349, Final_scale=286.6439
🚀 APPLYING GUIDANCE at step 5 (timestep=963)
🎯 GUIDANCE STEP 5 (t=963): Loss=0.5571, Rho=18.175394, Grad_norm=0.0550, Final_scale=181.7539
🚀 APPLYING GUIDANCE at step 6 (timestep=956)
🎯 GUIDANCE STEP 6 (t=956): Loss=0.5762, Rho=9.703382, Grad_norm=0.1031, Final_scale=97.0338
🚀 APPLYING GUIDANCE at step 7 (timestep=948)
🎯 GUIDANCE STEP 7 (t=948): Loss=0.5801, Rho=15.591444, Grad_norm=0.0641, Final_scale=155.9144
🚀 APPLYING GUIDANCE at step 8 (timestep=939)
🎯 GUIDANCE STEP 8 (t=939): Loss=0.5840, Rho=22.513332, Grad_norm=0.0444, Final_scale=225.1333
🚀 APPLYING GUIDANCE at step 9 (timestep=931)
🎯 GUIDANCE STEP 9 (t=931): Loss=0.5933, Rho=22.473585, Grad_norm=0.0445, Final_scale=224.7359
🚀 APPLYING GUIDANCE at step 10 (timestep=922)
🎯 GUIDANCE STEP 10 (t=922): Loss=0.5981, Rho=17.626453, Grad_norm=0.0567, Final_scale=176.2645
🚀 APPLYING GUIDANCE at step 11 (timestep=913)
🎯 GUIDANCE STEP 11 (t=913): Loss=0.5986, Rho=21.714865, Grad_norm=0.0461, Final_scale=217.1486
🚀 APPLYING GUIDANCE at step 12 (timestep=904)
🎯 GUIDANCE STEP 12 (t=904): Loss=0.6006, Rho=10.906466, Grad_norm=0.0917, Final_scale=109.0647
🚀 APPLYING GUIDANCE at step 13 (timestep=894)
🎯 GUIDANCE STEP 13 (t=894): Loss=0.5991, Rho=13.735593, Grad_norm=0.0728, Final_scale=137.3559
🚀 APPLYING GUIDANCE at step 14 (timestep=884)
🎯 GUIDANCE STEP 14 (t=884): Loss=0.5991, Rho=21.493786, Grad_norm=0.0465, Final_scale=214.9379
🚀 APPLYING GUIDANCE at step 15 (timestep=874)
🎯 GUIDANCE STEP 15 (t=874): Loss=0.5972, Rho=20.440706, Grad_norm=0.0489, Final_scale=204.4071
🚀 APPLYING GUIDANCE at step 16 (timestep=864)
🎯 GUIDANCE STEP 16 (t=864): Loss=0.6025, Rho=10.109144, Grad_norm=0.0989, Final_scale=101.0914
🚀 APPLYING GUIDANCE at step 17 (timestep=853)
🎯 GUIDANCE STEP 17 (t=853): Loss=0.6060, Rho=13.098961, Grad_norm=0.0763, Final_scale=130.9896
🚀 APPLYING GUIDANCE at step 18 (timestep=841)
🎯 GUIDANCE STEP 18 (t=841): Loss=0.5967, Rho=12.138479, Grad_norm=0.0824, Final_scale=121.3848
🚀 APPLYING GUIDANCE at step 19 (timestep=829)
🎯 GUIDANCE STEP 19 (t=829): Loss=0.6001, Rho=7.131180, Grad_norm=0.1402, Final_scale=71.3118
🚀 APPLYING GUIDANCE at step 20 (timestep=817)
🎯 GUIDANCE STEP 20 (t=817): Loss=0.5977, Rho=11.943942, Grad_norm=0.0837, Final_scale=119.4394
🚀 APPLYING GUIDANCE at step 21 (timestep=805)
🎯 GUIDANCE STEP 21 (t=805): Loss=0.5962, Rho=3.862710, Grad_norm=0.2589, Final_scale=38.6271
🚀 APPLYING GUIDANCE at step 22 (timestep=792)
🎯 GUIDANCE STEP 22 (t=792): Loss=0.5996, Rho=6.966488, Grad_norm=0.1435, Final_scale=69.6649
🚀 APPLYING GUIDANCE at step 23 (timestep=778)
🎯 GUIDANCE STEP 23 (t=778): Loss=0.5972, Rho=8.577892, Grad_norm=0.1166, Final_scale=85.7789
🚀 APPLYING GUIDANCE at step 24 (timestep=764)
🎯 GUIDANCE STEP 24 (t=764): Loss=0.5977, Rho=9.631269, Grad_norm=0.1038, Final_scale=96.3127
🚀 APPLYING GUIDANCE at step 25 (timestep=749)
🎯 GUIDANCE STEP 25 (t=749): Loss=0.5986, Rho=11.007200, Grad_norm=0.0908, Final_scale=110.0720
🚀 APPLYING GUIDANCE at step 26 (timestep=734)
🎯 GUIDANCE STEP 26 (t=734): Loss=0.5981, Rho=10.976452, Grad_norm=0.0911, Final_scale=109.7645
🚀 APPLYING GUIDANCE at step 27 (timestep=718)
🎯 GUIDANCE STEP 27 (t=718): Loss=0.5996, Rho=10.973844, Grad_norm=0.0911, Final_scale=109.7384
🚀 APPLYING GUIDANCE at step 28 (timestep=701)
🎯 GUIDANCE STEP 28 (t=701): Loss=0.5981, Rho=9.519965, Grad_norm=0.1050, Final_scale=95.1997
🚀 APPLYING GUIDANCE at step 29 (timestep=684)
🎯 GUIDANCE STEP 29 (t=684): Loss=0.6001, Rho=5.042408, Grad_norm=0.1983, Final_scale=50.4241
🚀 APPLYING GUIDANCE at step 30 (timestep=666)
🎯 GUIDANCE STEP 30 (t=666): Loss=0.6011, Rho=7.465474, Grad_norm=0.1339, Final_scale=74.6547
🚀 APPLYING GUIDANCE at step 31 (timestep=647)
🎯 GUIDANCE STEP 31 (t=647): Loss=0.6011, Rho=9.373778, Grad_norm=0.1067, Final_scale=93.7378
🚀 APPLYING GUIDANCE at step 32 (timestep=627)
🎯 GUIDANCE STEP 32 (t=627): Loss=0.6006, Rho=12.153676, Grad_norm=0.0823, Final_scale=121.5368
🚀 APPLYING GUIDANCE at step 33 (timestep=606)
🎯 GUIDANCE STEP 33 (t=606): Loss=0.6040, Rho=12.888422, Grad_norm=0.0776, Final_scale=128.8842
🚀 APPLYING GUIDANCE at step 34 (timestep=585)
🎯 GUIDANCE STEP 34 (t=585): Loss=0.5986, Rho=11.028158, Grad_norm=0.0907, Final_scale=110.2816
🚀 APPLYING GUIDANCE at step 35 (timestep=562)
🎯 GUIDANCE STEP 35 (t=562): Loss=0.5933, Rho=16.709206, Grad_norm=0.0598, Final_scale=167.0921
🚀 APPLYING GUIDANCE at step 36 (timestep=538)
🎯 GUIDANCE STEP 36 (t=538): Loss=0.5913, Rho=17.851818, Grad_norm=0.0560, Final_scale=178.5182
🚀 APPLYING GUIDANCE at step 37 (timestep=512)
🎯 GUIDANCE STEP 37 (t=512): Loss=0.5928, Rho=10.043469, Grad_norm=0.0996, Final_scale=100.4347
🚀 APPLYING GUIDANCE at step 38 (timestep=486)
🎯 GUIDANCE STEP 38 (t=486): Loss=0.5938, Rho=23.033787, Grad_norm=0.0434, Final_scale=230.3379
🚀 APPLYING GUIDANCE at step 39 (timestep=458)
🎯 GUIDANCE STEP 39 (t=458): Loss=0.5942, Rho=25.744295, Grad_norm=0.0388, Final_scale=257.4430
🚀 APPLYING GUIDANCE at step 40 (timestep=428)
🎯 GUIDANCE STEP 40 (t=428): Loss=0.5942, Rho=27.107357, Grad_norm=0.0369, Final_scale=271.0736
🚀 APPLYING GUIDANCE at step 41 (timestep=396)
🎯 GUIDANCE STEP 41 (t=396): Loss=0.5928, Rho=33.374981, Grad_norm=0.0300, Final_scale=333.7498
🚀 APPLYING GUIDANCE at step 42 (timestep=363)
🎯 GUIDANCE STEP 42 (t=363): Loss=0.5903, Rho=18.453823, Grad_norm=0.0542, Final_scale=184.5382
🚀 APPLYING GUIDANCE at step 43 (timestep=327)
🎯 GUIDANCE STEP 43 (t=327): Loss=0.5889, Rho=16.589058, Grad_norm=0.0603, Final_scale=165.8906
🚀 APPLYING GUIDANCE at step 44 (timestep=290)
🎯 GUIDANCE STEP 44 (t=290): Loss=0.5894, Rho=24.166269, Grad_norm=0.0414, Final_scale=241.6627
🚀 APPLYING GUIDANCE at step 45 (timestep=249)
🎯 GUIDANCE STEP 45 (t=249): Loss=0.5894, Rho=20.837921, Grad_norm=0.0480, Final_scale=208.3792
🚀 APPLYING GUIDANCE at step 46 (timestep=206)
🎯 GUIDANCE STEP 46 (t=206): Loss=0.5869, Rho=23.436209, Grad_norm=0.0427, Final_scale=234.3621
🚀 APPLYING GUIDANCE at step 47 (timestep=160)
🎯 GUIDANCE STEP 47 (t=160): Loss=0.5884, Rho=15.524327, Grad_norm=0.0644, Final_scale=155.2433
🚀 APPLYING GUIDANCE at step 48 (timestep=111)
🎯 GUIDANCE STEP 48 (t=111): Loss=0.5874, Rho=22.819456, Grad_norm=0.0438, Final_scale=228.1946
🚀 APPLYING GUIDANCE at step 49 (timestep=57)
🎯 GUIDANCE STEP 49 (t=57): Loss=0.5889, Rho=17.612068, Grad_norm=0.0568, Final_scale=176.1207
[guidance_f17_s50_w8c6_rho10.0_cfg5.0_0701_1458] Generated: generated_videos/subject_consistency/guidance_f17_s50_w8c6_rho10.0_cfg5.0_0701_1458/006_a_motorcycle_cruising_along_a_coastal_highway.mp4
[guidance_f17_s50_w8c6_rho10.0_cfg5.0_0701_1458] Generating video 8/9 (guidance): a motorcycle turning a corner
🎬 STARTING GUIDANCE PIPELINE GENERATION
   Frames: 17, Steps: 50, CFG Scale: 5.0

🔧 GUIDANCE PIPELINE CONFIGURATION:
   Guidance range: 0 - 1001
   Rho scale: 10.0
   V-JEPA kernel_size: 8
   V-JEPA context_length: 6
   V-JEPA stride: 2
   V-JEPA mode: max
   Total timesteps: 50

🚀 APPLYING GUIDANCE at step 0 (timestep=999)
🎯 GUIDANCE STEP 0 (t=999): Loss=0.5840, Rho=11.019795, Grad_norm=0.0907, Final_scale=110.1980
🚀 APPLYING GUIDANCE at step 1 (timestep=992)
🎯 GUIDANCE STEP 1 (t=992): Loss=0.5884, Rho=10.796384, Grad_norm=0.0926, Final_scale=107.9638
🚀 APPLYING GUIDANCE at step 2 (timestep=985)
🎯 GUIDANCE STEP 2 (t=985): Loss=0.5791, Rho=13.187647, Grad_norm=0.0758, Final_scale=131.8765
🚀 APPLYING GUIDANCE at step 3 (timestep=978)
🎯 GUIDANCE STEP 3 (t=978): Loss=0.5859, Rho=7.720091, Grad_norm=0.1295, Final_scale=77.2009
🚀 APPLYING GUIDANCE at step 4 (timestep=971)
🎯 GUIDANCE STEP 4 (t=971): Loss=0.6006, Rho=2.826223, Grad_norm=0.3538, Final_scale=28.2622
🚀 APPLYING GUIDANCE at step 5 (timestep=963)
🎯 GUIDANCE STEP 5 (t=963): Loss=0.6240, Rho=6.287988, Grad_norm=0.1590, Final_scale=62.8799
🚀 APPLYING GUIDANCE at step 6 (timestep=956)
🎯 GUIDANCE STEP 6 (t=956): Loss=0.6260, Rho=8.160026, Grad_norm=0.1225, Final_scale=81.6003
🚀 APPLYING GUIDANCE at step 7 (timestep=948)
🎯 GUIDANCE STEP 7 (t=948): Loss=0.6201, Rho=1.166409, Grad_norm=0.8573, Final_scale=11.6641
🚀 APPLYING GUIDANCE at step 8 (timestep=939)
🎯 GUIDANCE STEP 8 (t=939): Loss=0.6309, Rho=6.197365, Grad_norm=0.1614, Final_scale=61.9737
🚀 APPLYING GUIDANCE at step 9 (timestep=931)
🎯 GUIDANCE STEP 9 (t=931): Loss=0.6309, Rho=7.760077, Grad_norm=0.1289, Final_scale=77.6008
🚀 APPLYING GUIDANCE at step 10 (timestep=922)
🎯 GUIDANCE STEP 10 (t=922): Loss=0.6348, Rho=10.216108, Grad_norm=0.0979, Final_scale=102.1611
🚀 APPLYING GUIDANCE at step 11 (timestep=913)
🎯 GUIDANCE STEP 11 (t=913): Loss=0.6377, Rho=10.862660, Grad_norm=0.0921, Final_scale=108.6266
🚀 APPLYING GUIDANCE at step 12 (timestep=904)
🎯 GUIDANCE STEP 12 (t=904): Loss=0.6392, Rho=8.158574, Grad_norm=0.1226, Final_scale=81.5857
🚀 APPLYING GUIDANCE at step 13 (timestep=894)
🎯 GUIDANCE STEP 13 (t=894): Loss=0.6348, Rho=11.487797, Grad_norm=0.0870, Final_scale=114.8780
🚀 APPLYING GUIDANCE at step 14 (timestep=884)
🎯 GUIDANCE STEP 14 (t=884): Loss=0.6333, Rho=10.504114, Grad_norm=0.0952, Final_scale=105.0411
🚀 APPLYING GUIDANCE at step 15 (timestep=874)
🎯 GUIDANCE STEP 15 (t=874): Loss=0.6348, Rho=4.765276, Grad_norm=0.2099, Final_scale=47.6528
🚀 APPLYING GUIDANCE at step 16 (timestep=864)
🎯 GUIDANCE STEP 16 (t=864): Loss=0.6372, Rho=6.364950, Grad_norm=0.1571, Final_scale=63.6495
🚀 APPLYING GUIDANCE at step 17 (timestep=853)
🎯 GUIDANCE STEP 17 (t=853): Loss=0.6372, Rho=13.745608, Grad_norm=0.0728, Final_scale=137.4561
🚀 APPLYING GUIDANCE at step 18 (timestep=841)
🎯 GUIDANCE STEP 18 (t=841): Loss=0.6362, Rho=7.794430, Grad_norm=0.1283, Final_scale=77.9443
🚀 APPLYING GUIDANCE at step 19 (timestep=829)
🎯 GUIDANCE STEP 19 (t=829): Loss=0.6318, Rho=13.986309, Grad_norm=0.0715, Final_scale=139.8631
🚀 APPLYING GUIDANCE at step 20 (timestep=817)
🎯 GUIDANCE STEP 20 (t=817): Loss=0.6343, Rho=22.084291, Grad_norm=0.0453, Final_scale=220.8429
🚀 APPLYING GUIDANCE at step 21 (timestep=805)
🎯 GUIDANCE STEP 21 (t=805): Loss=0.6353, Rho=17.841131, Grad_norm=0.0561, Final_scale=178.4113
🚀 APPLYING GUIDANCE at step 22 (timestep=792)
🎯 GUIDANCE STEP 22 (t=792): Loss=0.6299, Rho=17.845091, Grad_norm=0.0560, Final_scale=178.4509
🚀 APPLYING GUIDANCE at step 23 (timestep=778)
🎯 GUIDANCE STEP 23 (t=778): Loss=0.6333, Rho=17.299103, Grad_norm=0.0578, Final_scale=172.9910
🚀 APPLYING GUIDANCE at step 24 (timestep=764)
🎯 GUIDANCE STEP 24 (t=764): Loss=0.6377, Rho=20.384199, Grad_norm=0.0491, Final_scale=203.8420
🚀 APPLYING GUIDANCE at step 25 (timestep=749)
🎯 GUIDANCE STEP 25 (t=749): Loss=0.6392, Rho=18.276585, Grad_norm=0.0547, Final_scale=182.7658
🚀 APPLYING GUIDANCE at step 26 (timestep=734)
🎯 GUIDANCE STEP 26 (t=734): Loss=0.6377, Rho=17.946123, Grad_norm=0.0557, Final_scale=179.4612
🚀 APPLYING GUIDANCE at step 27 (timestep=718)
🎯 GUIDANCE STEP 27 (t=718): Loss=0.6382, Rho=22.202953, Grad_norm=0.0450, Final_scale=222.0295
🚀 APPLYING GUIDANCE at step 28 (timestep=701)
🎯 GUIDANCE STEP 28 (t=701): Loss=0.6367, Rho=29.945910, Grad_norm=0.0334, Final_scale=299.4591
🚀 APPLYING GUIDANCE at step 29 (timestep=684)
🎯 GUIDANCE STEP 29 (t=684): Loss=0.6348, Rho=18.686077, Grad_norm=0.0535, Final_scale=186.8608
🚀 APPLYING GUIDANCE at step 30 (timestep=666)
🎯 GUIDANCE STEP 30 (t=666): Loss=0.6348, Rho=27.943613, Grad_norm=0.0358, Final_scale=279.4361
🚀 APPLYING GUIDANCE at step 31 (timestep=647)
🎯 GUIDANCE STEP 31 (t=647): Loss=0.6333, Rho=25.973837, Grad_norm=0.0385, Final_scale=259.7384
🚀 APPLYING GUIDANCE at step 32 (timestep=627)
🎯 GUIDANCE STEP 32 (t=627): Loss=0.6333, Rho=21.989798, Grad_norm=0.0455, Final_scale=219.8980
🚀 APPLYING GUIDANCE at step 33 (timestep=606)
🎯 GUIDANCE STEP 33 (t=606): Loss=0.6343, Rho=10.872662, Grad_norm=0.0920, Final_scale=108.7266
🚀 APPLYING GUIDANCE at step 34 (timestep=585)
🎯 GUIDANCE STEP 34 (t=585): Loss=0.6348, Rho=37.012222, Grad_norm=0.0270, Final_scale=370.1222
🚀 APPLYING GUIDANCE at step 35 (timestep=562)
🎯 GUIDANCE STEP 35 (t=562): Loss=0.6357, Rho=39.711674, Grad_norm=0.0252, Final_scale=397.1167
🚀 APPLYING GUIDANCE at step 36 (timestep=538)
🎯 GUIDANCE STEP 36 (t=538): Loss=0.6333, Rho=33.618126, Grad_norm=0.0297, Final_scale=336.1813
🚀 APPLYING GUIDANCE at step 37 (timestep=512)
🎯 GUIDANCE STEP 37 (t=512): Loss=0.6353, Rho=29.758949, Grad_norm=0.0336, Final_scale=297.5895
🚀 APPLYING GUIDANCE at step 38 (timestep=486)
🎯 GUIDANCE STEP 38 (t=486): Loss=0.6357, Rho=28.658173, Grad_norm=0.0349, Final_scale=286.5817
🚀 APPLYING GUIDANCE at step 39 (timestep=458)
🎯 GUIDANCE STEP 39 (t=458): Loss=0.6348, Rho=38.980125, Grad_norm=0.0257, Final_scale=389.8013
🚀 APPLYING GUIDANCE at step 40 (timestep=428)
🎯 GUIDANCE STEP 40 (t=428): Loss=0.6313, Rho=53.946461, Grad_norm=0.0185, Final_scale=539.4646
🚀 APPLYING GUIDANCE at step 41 (timestep=396)
🎯 GUIDANCE STEP 41 (t=396): Loss=0.6318, Rho=50.588715, Grad_norm=0.0198, Final_scale=505.8871
🚀 APPLYING GUIDANCE at step 42 (timestep=363)
🎯 GUIDANCE STEP 42 (t=363): Loss=0.6304, Rho=42.564137, Grad_norm=0.0235, Final_scale=425.6414
🚀 APPLYING GUIDANCE at step 43 (timestep=327)
🎯 GUIDANCE STEP 43 (t=327): Loss=0.6299, Rho=58.860210, Grad_norm=0.0170, Final_scale=588.6021
🚀 APPLYING GUIDANCE at step 44 (timestep=290)
🎯 GUIDANCE STEP 44 (t=290): Loss=0.6313, Rho=41.936142, Grad_norm=0.0238, Final_scale=419.3614
🚀 APPLYING GUIDANCE at step 45 (timestep=249)
🎯 GUIDANCE STEP 45 (t=249): Loss=0.6309, Rho=59.149837, Grad_norm=0.0169, Final_scale=591.4984
🚀 APPLYING GUIDANCE at step 46 (timestep=206)
🎯 GUIDANCE STEP 46 (t=206): Loss=0.6274, Rho=36.146412, Grad_norm=0.0277, Final_scale=361.4641
🚀 APPLYING GUIDANCE at step 47 (timestep=160)
🎯 GUIDANCE STEP 47 (t=160): Loss=0.6274, Rho=42.003590, Grad_norm=0.0238, Final_scale=420.0359
🚀 APPLYING GUIDANCE at step 48 (timestep=111)
🎯 GUIDANCE STEP 48 (t=111): Loss=0.6284, Rho=20.652534, Grad_norm=0.0484, Final_scale=206.5253
🚀 APPLYING GUIDANCE at step 49 (timestep=57)
🎯 GUIDANCE STEP 49 (t=57): Loss=0.6250, Rho=30.120884, Grad_norm=0.0332, Final_scale=301.2088
[guidance_f17_s50_w8c6_rho10.0_cfg5.0_0701_1458] Generated: generated_videos/subject_consistency/guidance_f17_s50_w8c6_rho10.0_cfg5.0_0701_1458/006_a_giraffe_bending_down_to_drink_water_from_a_river.mp4
[guidance_f17_s50_w8c6_rho10.0_cfg5.0_0701_1458] Generating video 8/9 (guidance): a giraffe taking a peaceful walk
🎬 STARTING GUIDANCE PIPELINE GENERATION
   Frames: 17, Steps: 50, CFG Scale: 5.0

🔧 GUIDANCE PIPELINE CONFIGURATION:
   Guidance range: 0 - 1001
   Rho scale: 10.0
   V-JEPA kernel_size: 8
   V-JEPA context_length: 6
   V-JEPA stride: 2
   V-JEPA mode: max
   Total timesteps: 50

🚀 APPLYING GUIDANCE at step 0 (timestep=999)
🎯 GUIDANCE STEP 0 (t=999): Loss=0.5723, Rho=3.757994, Grad_norm=0.2661, Final_scale=37.5799
🚀 APPLYING GUIDANCE at step 1 (timestep=992)
🎯 GUIDANCE STEP 1 (t=992): Loss=0.5786, Rho=10.994351, Grad_norm=0.0910, Final_scale=109.9435
🚀 APPLYING GUIDANCE at step 2 (timestep=985)
🎯 GUIDANCE STEP 2 (t=985): Loss=0.6001, Rho=10.994418, Grad_norm=0.0910, Final_scale=109.9442
🚀 APPLYING GUIDANCE at step 3 (timestep=978)
🎯 GUIDANCE STEP 3 (t=978): Loss=0.5923, Rho=15.546846, Grad_norm=0.0643, Final_scale=155.4685
🚀 APPLYING GUIDANCE at step 4 (timestep=971)
🎯 GUIDANCE STEP 4 (t=971): Loss=0.6006, Rho=16.309849, Grad_norm=0.0613, Final_scale=163.0985
🚀 APPLYING GUIDANCE at step 5 (timestep=963)
🎯 GUIDANCE STEP 5 (t=963): Loss=0.6167, Rho=6.022495, Grad_norm=0.1660, Final_scale=60.2250
🚀 APPLYING GUIDANCE at step 6 (timestep=956)
🎯 GUIDANCE STEP 6 (t=956): Loss=0.6147, Rho=14.979346, Grad_norm=0.0668, Final_scale=149.7935
🚀 APPLYING GUIDANCE at step 7 (timestep=948)
🎯 GUIDANCE STEP 7 (t=948): Loss=0.6060, Rho=10.627667, Grad_norm=0.0941, Final_scale=106.2767
🚀 APPLYING GUIDANCE at step 8 (timestep=939)
🎯 GUIDANCE STEP 8 (t=939): Loss=0.6060, Rho=11.649457, Grad_norm=0.0858, Final_scale=116.4946
🚀 APPLYING GUIDANCE at step 9 (timestep=931)
🎯 GUIDANCE STEP 9 (t=931): Loss=0.6030, Rho=12.524055, Grad_norm=0.0798, Final_scale=125.2405
🚀 APPLYING GUIDANCE at step 10 (timestep=922)
🎯 GUIDANCE STEP 10 (t=922): Loss=0.6035, Rho=10.925908, Grad_norm=0.0915, Final_scale=109.2591
🚀 APPLYING GUIDANCE at step 11 (timestep=913)
🎯 GUIDANCE STEP 11 (t=913): Loss=0.6030, Rho=7.495823, Grad_norm=0.1334, Final_scale=74.9582
🚀 APPLYING GUIDANCE at step 12 (timestep=904)
🎯 GUIDANCE STEP 12 (t=904): Loss=0.6069, Rho=10.931613, Grad_norm=0.0915, Final_scale=109.3161
🚀 APPLYING GUIDANCE at step 13 (timestep=894)
🎯 GUIDANCE STEP 13 (t=894): Loss=0.6089, Rho=8.515161, Grad_norm=0.1174, Final_scale=85.1516
🚀 APPLYING GUIDANCE at step 14 (timestep=884)
🎯 GUIDANCE STEP 14 (t=884): Loss=0.6099, Rho=21.090609, Grad_norm=0.0474, Final_scale=210.9061
🚀 APPLYING GUIDANCE at step 15 (timestep=874)
🎯 GUIDANCE STEP 15 (t=874): Loss=0.6084, Rho=19.010881, Grad_norm=0.0526, Final_scale=190.1088
🚀 APPLYING GUIDANCE at step 16 (timestep=864)
🎯 GUIDANCE STEP 16 (t=864): Loss=0.6045, Rho=20.130106, Grad_norm=0.0497, Final_scale=201.3011
🚀 APPLYING GUIDANCE at step 17 (timestep=853)
🎯 GUIDANCE STEP 17 (t=853): Loss=0.6069, Rho=14.488508, Grad_norm=0.0690, Final_scale=144.8851
🚀 APPLYING GUIDANCE at step 18 (timestep=841)
🎯 GUIDANCE STEP 18 (t=841): Loss=0.6050, Rho=5.217693, Grad_norm=0.1917, Final_scale=52.1769
🚀 APPLYING GUIDANCE at step 19 (timestep=829)
🎯 GUIDANCE STEP 19 (t=829): Loss=0.6050, Rho=9.105287, Grad_norm=0.1098, Final_scale=91.0529
🚀 APPLYING GUIDANCE at step 20 (timestep=817)
🎯 GUIDANCE STEP 20 (t=817): Loss=0.6084, Rho=16.003918, Grad_norm=0.0625, Final_scale=160.0392
🚀 APPLYING GUIDANCE at step 21 (timestep=805)
🎯 GUIDANCE STEP 21 (t=805): Loss=0.6060, Rho=16.470211, Grad_norm=0.0607, Final_scale=164.7021
🚀 APPLYING GUIDANCE at step 22 (timestep=792)
🎯 GUIDANCE STEP 22 (t=792): Loss=0.6060, Rho=19.012068, Grad_norm=0.0526, Final_scale=190.1207
🚀 APPLYING GUIDANCE at step 23 (timestep=778)
🎯 GUIDANCE STEP 23 (t=778): Loss=0.6069, Rho=22.598179, Grad_norm=0.0443, Final_scale=225.9818
🚀 APPLYING GUIDANCE at step 24 (timestep=764)
🎯 GUIDANCE STEP 24 (t=764): Loss=0.6104, Rho=29.677280, Grad_norm=0.0337, Final_scale=296.7728
🚀 APPLYING GUIDANCE at step 25 (timestep=749)
🎯 GUIDANCE STEP 25 (t=749): Loss=0.6079, Rho=8.959712, Grad_norm=0.1116, Final_scale=89.5971
🚀 APPLYING GUIDANCE at step 26 (timestep=734)
🎯 GUIDANCE STEP 26 (t=734): Loss=0.6084, Rho=19.995096, Grad_norm=0.0500, Final_scale=199.9510
🚀 APPLYING GUIDANCE at step 27 (timestep=718)
🎯 GUIDANCE STEP 27 (t=718): Loss=0.6045, Rho=36.608784, Grad_norm=0.0273, Final_scale=366.0878
🚀 APPLYING GUIDANCE at step 28 (timestep=701)
🎯 GUIDANCE STEP 28 (t=701): Loss=0.6069, Rho=26.540651, Grad_norm=0.0377, Final_scale=265.4065
🚀 APPLYING GUIDANCE at step 29 (timestep=684)
🎯 GUIDANCE STEP 29 (t=684): Loss=0.6001, Rho=25.067814, Grad_norm=0.0399, Final_scale=250.6781
🚀 APPLYING GUIDANCE at step 30 (timestep=666)
🎯 GUIDANCE STEP 30 (t=666): Loss=0.6016, Rho=24.586926, Grad_norm=0.0407, Final_scale=245.8693
🚀 APPLYING GUIDANCE at step 31 (timestep=647)
🎯 GUIDANCE STEP 31 (t=647): Loss=0.6006, Rho=28.562660, Grad_norm=0.0350, Final_scale=285.6266
🚀 APPLYING GUIDANCE at step 32 (timestep=627)
🎯 GUIDANCE STEP 32 (t=627): Loss=0.6011, Rho=44.798069, Grad_norm=0.0223, Final_scale=447.9807
🚀 APPLYING GUIDANCE at step 33 (timestep=606)
🎯 GUIDANCE STEP 33 (t=606): Loss=0.6011, Rho=23.227533, Grad_norm=0.0431, Final_scale=232.2753
🚀 APPLYING GUIDANCE at step 34 (timestep=585)
🎯 GUIDANCE STEP 34 (t=585): Loss=0.5996, Rho=29.931952, Grad_norm=0.0334, Final_scale=299.3195
🚀 APPLYING GUIDANCE at step 35 (timestep=562)
🎯 GUIDANCE STEP 35 (t=562): Loss=0.5972, Rho=41.133553, Grad_norm=0.0243, Final_scale=411.3355
🚀 APPLYING GUIDANCE at step 36 (timestep=538)
🎯 GUIDANCE STEP 36 (t=538): Loss=0.6001, Rho=29.314970, Grad_norm=0.0341, Final_scale=293.1497
🚀 APPLYING GUIDANCE at step 37 (timestep=512)
🎯 GUIDANCE STEP 37 (t=512): Loss=0.6001, Rho=35.294331, Grad_norm=0.0283, Final_scale=352.9433
🚀 APPLYING GUIDANCE at step 38 (timestep=486)
🎯 GUIDANCE STEP 38 (t=486): Loss=0.5996, Rho=21.837000, Grad_norm=0.0458, Final_scale=218.3700
🚀 APPLYING GUIDANCE at step 39 (timestep=458)
🎯 GUIDANCE STEP 39 (t=458): Loss=0.5981, Rho=69.638588, Grad_norm=0.0144, Final_scale=696.3859
🚀 APPLYING GUIDANCE at step 40 (timestep=428)
🎯 GUIDANCE STEP 40 (t=428): Loss=0.5967, Rho=38.164917, Grad_norm=0.0262, Final_scale=381.6492
🚀 APPLYING GUIDANCE at step 41 (timestep=396)
🎯 GUIDANCE STEP 41 (t=396): Loss=0.5981, Rho=64.989807, Grad_norm=0.0154, Final_scale=649.8981
🚀 APPLYING GUIDANCE at step 42 (timestep=363)
🎯 GUIDANCE STEP 42 (t=363): Loss=0.5977, Rho=32.328072, Grad_norm=0.0309, Final_scale=323.2807
🚀 APPLYING GUIDANCE at step 43 (timestep=327)
🎯 GUIDANCE STEP 43 (t=327): Loss=0.5967, Rho=51.279102, Grad_norm=0.0195, Final_scale=512.7910
🚀 APPLYING GUIDANCE at step 44 (timestep=290)
🎯 GUIDANCE STEP 44 (t=290): Loss=0.5977, Rho=14.657096, Grad_norm=0.0682, Final_scale=146.5710
🚀 APPLYING GUIDANCE at step 45 (timestep=249)
🎯 GUIDANCE STEP 45 (t=249): Loss=0.5947, Rho=8.460370, Grad_norm=0.1182, Final_scale=84.6037
🚀 APPLYING GUIDANCE at step 46 (timestep=206)
🎯 GUIDANCE STEP 46 (t=206): Loss=0.5952, Rho=41.671730, Grad_norm=0.0240, Final_scale=416.7173
🚀 APPLYING GUIDANCE at step 47 (timestep=160)
🎯 GUIDANCE STEP 47 (t=160): Loss=0.5952, Rho=57.418453, Grad_norm=0.0174, Final_scale=574.1845
🚀 APPLYING GUIDANCE at step 48 (timestep=111)
🎯 GUIDANCE STEP 48 (t=111): Loss=0.5942, Rho=27.394196, Grad_norm=0.0365, Final_scale=273.9420
🚀 APPLYING GUIDANCE at step 49 (timestep=57)
🎯 GUIDANCE STEP 49 (t=57): Loss=0.5952, Rho=31.859230, Grad_norm=0.0314, Final_scale=318.5923
[guidance_f17_s50_w8c6_rho10.0_cfg5.0_0701_1458] Generated: generated_videos/subject_consistency/guidance_f17_s50_w8c6_rho10.0_cfg5.0_0701_1458/006_a_cat_playing_in_park.mp4
[guidance_f17_s50_w8c6_rho10.0_cfg5.0_0701_1458] Generating video 8/9 (guidance): a cat drinking water
🎬 STARTING GUIDANCE PIPELINE GENERATION
   Frames: 17, Steps: 50, CFG Scale: 5.0

🔧 GUIDANCE PIPELINE CONFIGURATION:
   Guidance range: 0 - 1001
   Rho scale: 10.0
   V-JEPA kernel_size: 8
   V-JEPA context_length: 6
   V-JEPA stride: 2
   V-JEPA mode: max
   Total timesteps: 50

🚀 APPLYING GUIDANCE at step 0 (timestep=999)
🎯 GUIDANCE STEP 0 (t=999): Loss=0.5757, Rho=12.463503, Grad_norm=0.0802, Final_scale=124.6350
🚀 APPLYING GUIDANCE at step 1 (timestep=992)
🎯 GUIDANCE STEP 1 (t=992): Loss=0.5659, Rho=11.928993, Grad_norm=0.0838, Final_scale=119.2899
🚀 APPLYING GUIDANCE at step 2 (timestep=985)
🎯 GUIDANCE STEP 2 (t=985): Loss=0.5625, Rho=22.792719, Grad_norm=0.0439, Final_scale=227.9272
🚀 APPLYING GUIDANCE at step 3 (timestep=978)
🎯 GUIDANCE STEP 3 (t=978): Loss=0.5781, Rho=12.804090, Grad_norm=0.0781, Final_scale=128.0409
🚀 APPLYING GUIDANCE at step 4 (timestep=971)
🎯 GUIDANCE STEP 4 (t=971): Loss=0.5718, Rho=16.458000, Grad_norm=0.0608, Final_scale=164.5800
🚀 APPLYING GUIDANCE at step 5 (timestep=963)
🎯 GUIDANCE STEP 5 (t=963): Loss=0.5801, Rho=9.073471, Grad_norm=0.1102, Final_scale=90.7347
🚀 APPLYING GUIDANCE at step 6 (timestep=956)
🎯 GUIDANCE STEP 6 (t=956): Loss=0.5820, Rho=8.620150, Grad_norm=0.1160, Final_scale=86.2015
🚀 APPLYING GUIDANCE at step 7 (timestep=948)
🎯 GUIDANCE STEP 7 (t=948): Loss=0.5947, Rho=13.470161, Grad_norm=0.0742, Final_scale=134.7016
🚀 APPLYING GUIDANCE at step 8 (timestep=939)
🎯 GUIDANCE STEP 8 (t=939): Loss=0.5972, Rho=6.566159, Grad_norm=0.1523, Final_scale=65.6616
🚀 APPLYING GUIDANCE at step 9 (timestep=931)
🎯 GUIDANCE STEP 9 (t=931): Loss=0.6011, Rho=11.365813, Grad_norm=0.0880, Final_scale=113.6581
🚀 APPLYING GUIDANCE at step 10 (timestep=922)
🎯 GUIDANCE STEP 10 (t=922): Loss=0.5928, Rho=10.389764, Grad_norm=0.0962, Final_scale=103.8976
🚀 APPLYING GUIDANCE at step 11 (timestep=913)
🎯 GUIDANCE STEP 11 (t=913): Loss=0.5938, Rho=15.650459, Grad_norm=0.0639, Final_scale=156.5046
🚀 APPLYING GUIDANCE at step 12 (timestep=904)
🎯 GUIDANCE STEP 12 (t=904): Loss=0.5952, Rho=15.316074, Grad_norm=0.0653, Final_scale=153.1607
🚀 APPLYING GUIDANCE at step 13 (timestep=894)
🎯 GUIDANCE STEP 13 (t=894): Loss=0.5962, Rho=24.877243, Grad_norm=0.0402, Final_scale=248.7724
🚀 APPLYING GUIDANCE at step 14 (timestep=884)
🎯 GUIDANCE STEP 14 (t=884): Loss=0.5972, Rho=11.190753, Grad_norm=0.0894, Final_scale=111.9075
🚀 APPLYING GUIDANCE at step 15 (timestep=874)
🎯 GUIDANCE STEP 15 (t=874): Loss=0.5986, Rho=16.109182, Grad_norm=0.0621, Final_scale=161.0918
🚀 APPLYING GUIDANCE at step 16 (timestep=864)
🎯 GUIDANCE STEP 16 (t=864): Loss=0.6001, Rho=22.231375, Grad_norm=0.0450, Final_scale=222.3137
🚀 APPLYING GUIDANCE at step 17 (timestep=853)
🎯 GUIDANCE STEP 17 (t=853): Loss=0.5986, Rho=31.179142, Grad_norm=0.0321, Final_scale=311.7914
🚀 APPLYING GUIDANCE at step 18 (timestep=841)
🎯 GUIDANCE STEP 18 (t=841): Loss=0.6001, Rho=17.754240, Grad_norm=0.0563, Final_scale=177.5424
🚀 APPLYING GUIDANCE at step 19 (timestep=829)
🎯 GUIDANCE STEP 19 (t=829): Loss=0.5952, Rho=40.417229, Grad_norm=0.0247, Final_scale=404.1723
🚀 APPLYING GUIDANCE at step 20 (timestep=817)
🎯 GUIDANCE STEP 20 (t=817): Loss=0.5981, Rho=37.477921, Grad_norm=0.0267, Final_scale=374.7792
🚀 APPLYING GUIDANCE at step 21 (timestep=805)
🎯 GUIDANCE STEP 21 (t=805): Loss=0.5996, Rho=30.166508, Grad_norm=0.0331, Final_scale=301.6651
🚀 APPLYING GUIDANCE at step 22 (timestep=792)
🎯 GUIDANCE STEP 22 (t=792): Loss=0.5996, Rho=23.618093, Grad_norm=0.0423, Final_scale=236.1809
🚀 APPLYING GUIDANCE at step 23 (timestep=778)
🎯 GUIDANCE STEP 23 (t=778): Loss=0.5972, Rho=32.676102, Grad_norm=0.0306, Final_scale=326.7610
🚀 APPLYING GUIDANCE at step 24 (timestep=764)
🎯 GUIDANCE STEP 24 (t=764): Loss=0.6021, Rho=24.946011, Grad_norm=0.0401, Final_scale=249.4601
🚀 APPLYING GUIDANCE at step 25 (timestep=749)
🎯 GUIDANCE STEP 25 (t=749): Loss=0.5996, Rho=33.061356, Grad_norm=0.0302, Final_scale=330.6136
🚀 APPLYING GUIDANCE at step 26 (timestep=734)
🎯 GUIDANCE STEP 26 (t=734): Loss=0.6001, Rho=25.801245, Grad_norm=0.0388, Final_scale=258.0124
🚀 APPLYING GUIDANCE at step 27 (timestep=718)
🎯 GUIDANCE STEP 27 (t=718): Loss=0.6006, Rho=41.900158, Grad_norm=0.0239, Final_scale=419.0016
🚀 APPLYING GUIDANCE at step 28 (timestep=701)
🎯 GUIDANCE STEP 28 (t=701): Loss=0.6064, Rho=14.546521, Grad_norm=0.0687, Final_scale=145.4652
🚀 APPLYING GUIDANCE at step 29 (timestep=684)
🎯 GUIDANCE STEP 29 (t=684): Loss=0.6025, Rho=25.529100, Grad_norm=0.0392, Final_scale=255.2910
🚀 APPLYING GUIDANCE at step 30 (timestep=666)
🎯 GUIDANCE STEP 30 (t=666): Loss=0.5981, Rho=55.851120, Grad_norm=0.0179, Final_scale=558.5112
🚀 APPLYING GUIDANCE at step 31 (timestep=647)
🎯 GUIDANCE STEP 31 (t=647): Loss=0.5981, Rho=44.467915, Grad_norm=0.0225, Final_scale=444.6791
🚀 APPLYING GUIDANCE at step 32 (timestep=627)
🎯 GUIDANCE STEP 32 (t=627): Loss=0.5986, Rho=47.559826, Grad_norm=0.0210, Final_scale=475.5983
🚀 APPLYING GUIDANCE at step 33 (timestep=606)
🎯 GUIDANCE STEP 33 (t=606): Loss=0.6006, Rho=28.464212, Grad_norm=0.0351, Final_scale=284.6421
🚀 APPLYING GUIDANCE at step 34 (timestep=585)
🎯 GUIDANCE STEP 34 (t=585): Loss=0.5981, Rho=12.731394, Grad_norm=0.0785, Final_scale=127.3139
🚀 APPLYING GUIDANCE at step 35 (timestep=562)
🎯 GUIDANCE STEP 35 (t=562): Loss=0.5977, Rho=47.956631, Grad_norm=0.0209, Final_scale=479.5663
🚀 APPLYING GUIDANCE at step 36 (timestep=538)
🎯 GUIDANCE STEP 36 (t=538): Loss=0.6001, Rho=39.770004, Grad_norm=0.0251, Final_scale=397.7000
🚀 APPLYING GUIDANCE at step 37 (timestep=512)
🎯 GUIDANCE STEP 37 (t=512): Loss=0.5972, Rho=19.320728, Grad_norm=0.0518, Final_scale=193.2073
🚀 APPLYING GUIDANCE at step 38 (timestep=486)
🎯 GUIDANCE STEP 38 (t=486): Loss=0.6011, Rho=59.119507, Grad_norm=0.0169, Final_scale=591.1951
🚀 APPLYING GUIDANCE at step 39 (timestep=458)
🎯 GUIDANCE STEP 39 (t=458): Loss=0.6006, Rho=45.060661, Grad_norm=0.0222, Final_scale=450.6066
🚀 APPLYING GUIDANCE at step 40 (timestep=428)
🎯 GUIDANCE STEP 40 (t=428): Loss=0.6060, Rho=22.137405, Grad_norm=0.0452, Final_scale=221.3741
🚀 APPLYING GUIDANCE at step 41 (timestep=396)
🎯 GUIDANCE STEP 41 (t=396): Loss=0.6079, Rho=30.355526, Grad_norm=0.0329, Final_scale=303.5553
🚀 APPLYING GUIDANCE at step 42 (timestep=363)
🎯 GUIDANCE STEP 42 (t=363): Loss=0.5972, Rho=66.147865, Grad_norm=0.0151, Final_scale=661.4787
🚀 APPLYING GUIDANCE at step 43 (timestep=327)
🎯 GUIDANCE STEP 43 (t=327): Loss=0.5957, Rho=61.790096, Grad_norm=0.0162, Final_scale=617.9010
🚀 APPLYING GUIDANCE at step 44 (timestep=290)
🎯 GUIDANCE STEP 44 (t=290): Loss=0.5991, Rho=25.286654, Grad_norm=0.0395, Final_scale=252.8665
🚀 APPLYING GUIDANCE at step 45 (timestep=249)
🎯 GUIDANCE STEP 45 (t=249): Loss=0.5957, Rho=69.253418, Grad_norm=0.0144, Final_scale=692.5342
🚀 APPLYING GUIDANCE at step 46 (timestep=206)
🎯 GUIDANCE STEP 46 (t=206): Loss=0.5938, Rho=28.367907, Grad_norm=0.0353, Final_scale=283.6791
🚀 APPLYING GUIDANCE at step 47 (timestep=160)
🎯 GUIDANCE STEP 47 (t=160): Loss=0.5952, Rho=88.104668, Grad_norm=0.0114, Final_scale=881.0467
🚀 APPLYING GUIDANCE at step 48 (timestep=111)
🎯 GUIDANCE STEP 48 (t=111): Loss=0.5918, Rho=43.206810, Grad_norm=0.0231, Final_scale=432.0681
🚀 APPLYING GUIDANCE at step 49 (timestep=57)
🎯 GUIDANCE STEP 49 (t=57): Loss=0.5908, Rho=31.870150, Grad_norm=0.0314, Final_scale=318.7015
[guidance_f17_s50_w8c6_rho10.0_cfg5.0_0701_1458] Generated: generated_videos/subject_consistency/guidance_f17_s50_w8c6_rho10.0_cfg5.0_0701_1458/006_a_truck_slowing_down_to_stop.mp4
[guidance_f17_s50_w8c6_rho10.0_cfg5.0_0701_1458] Generating video 8/9 (guidance): a truck accelerating to gain speed
🎬 STARTING GUIDANCE PIPELINE GENERATION
   Frames: 17, Steps: 50, CFG Scale: 5.0

🔧 GUIDANCE PIPELINE CONFIGURATION:
   Guidance range: 0 - 1001
   Rho scale: 10.0
   V-JEPA kernel_size: 8
   V-JEPA context_length: 6
   V-JEPA stride: 2
   V-JEPA mode: max
   Total timesteps: 50

🚀 APPLYING GUIDANCE at step 0 (timestep=999)
🎯 GUIDANCE STEP 0 (t=999): Loss=0.5752, Rho=10.182142, Grad_norm=0.0982, Final_scale=101.8214
🚀 APPLYING GUIDANCE at step 1 (timestep=992)
🎯 GUIDANCE STEP 1 (t=992): Loss=0.5366, Rho=20.543211, Grad_norm=0.0487, Final_scale=205.4321
🚀 APPLYING GUIDANCE at step 2 (timestep=985)
🎯 GUIDANCE STEP 2 (t=985): Loss=0.5415, Rho=38.064034, Grad_norm=0.0263, Final_scale=380.6403
🚀 APPLYING GUIDANCE at step 3 (timestep=978)
🎯 GUIDANCE STEP 3 (t=978): Loss=0.5464, Rho=17.288715, Grad_norm=0.0578, Final_scale=172.8872
🚀 APPLYING GUIDANCE at step 4 (timestep=971)
🎯 GUIDANCE STEP 4 (t=971): Loss=0.5391, Rho=20.684855, Grad_norm=0.0483, Final_scale=206.8485
🚀 APPLYING GUIDANCE at step 5 (timestep=963)
🎯 GUIDANCE STEP 5 (t=963): Loss=0.5474, Rho=21.778185, Grad_norm=0.0459, Final_scale=217.7818
🚀 APPLYING GUIDANCE at step 6 (timestep=956)
🎯 GUIDANCE STEP 6 (t=956): Loss=0.5693, Rho=17.320959, Grad_norm=0.0577, Final_scale=173.2096
🚀 APPLYING GUIDANCE at step 7 (timestep=948)
🎯 GUIDANCE STEP 7 (t=948): Loss=0.5713, Rho=15.108763, Grad_norm=0.0662, Final_scale=151.0876
🚀 APPLYING GUIDANCE at step 8 (timestep=939)
🎯 GUIDANCE STEP 8 (t=939): Loss=0.5801, Rho=15.337737, Grad_norm=0.0652, Final_scale=153.3774
🚀 APPLYING GUIDANCE at step 9 (timestep=931)
🎯 GUIDANCE STEP 9 (t=931): Loss=0.5801, Rho=18.426676, Grad_norm=0.0543, Final_scale=184.2668
🚀 APPLYING GUIDANCE at step 10 (timestep=922)
🎯 GUIDANCE STEP 10 (t=922): Loss=0.5737, Rho=16.739401, Grad_norm=0.0597, Final_scale=167.3940
🚀 APPLYING GUIDANCE at step 11 (timestep=913)
🎯 GUIDANCE STEP 11 (t=913): Loss=0.5752, Rho=20.187929, Grad_norm=0.0495, Final_scale=201.8793
🚀 APPLYING GUIDANCE at step 12 (timestep=904)
🎯 GUIDANCE STEP 12 (t=904): Loss=0.5747, Rho=14.743073, Grad_norm=0.0678, Final_scale=147.4307
🚀 APPLYING GUIDANCE at step 13 (timestep=894)
🎯 GUIDANCE STEP 13 (t=894): Loss=0.5820, Rho=15.077015, Grad_norm=0.0663, Final_scale=150.7701
🚀 APPLYING GUIDANCE at step 14 (timestep=884)
🎯 GUIDANCE STEP 14 (t=884): Loss=0.5811, Rho=16.484512, Grad_norm=0.0607, Final_scale=164.8451
🚀 APPLYING GUIDANCE at step 15 (timestep=874)
🎯 GUIDANCE STEP 15 (t=874): Loss=0.5835, Rho=26.345034, Grad_norm=0.0380, Final_scale=263.4503
🚀 APPLYING GUIDANCE at step 16 (timestep=864)
🎯 GUIDANCE STEP 16 (t=864): Loss=0.5845, Rho=15.130089, Grad_norm=0.0661, Final_scale=151.3009
🚀 APPLYING GUIDANCE at step 17 (timestep=853)
🎯 GUIDANCE STEP 17 (t=853): Loss=0.5903, Rho=9.660583, Grad_norm=0.1035, Final_scale=96.6058
🚀 APPLYING GUIDANCE at step 18 (timestep=841)
🎯 GUIDANCE STEP 18 (t=841): Loss=0.5977, Rho=15.151340, Grad_norm=0.0660, Final_scale=151.5134
🚀 APPLYING GUIDANCE at step 19 (timestep=829)
🎯 GUIDANCE STEP 19 (t=829): Loss=0.5942, Rho=10.763281, Grad_norm=0.0929, Final_scale=107.6328
🚀 APPLYING GUIDANCE at step 20 (timestep=817)
🎯 GUIDANCE STEP 20 (t=817): Loss=0.5952, Rho=12.829915, Grad_norm=0.0779, Final_scale=128.2992
🚀 APPLYING GUIDANCE at step 21 (timestep=805)
🎯 GUIDANCE STEP 21 (t=805): Loss=0.5913, Rho=10.959795, Grad_norm=0.0912, Final_scale=109.5979
🚀 APPLYING GUIDANCE at step 22 (timestep=792)
🎯 GUIDANCE STEP 22 (t=792): Loss=0.5898, Rho=3.151339, Grad_norm=0.3173, Final_scale=31.5134
🚀 APPLYING GUIDANCE at step 23 (timestep=778)
🎯 GUIDANCE STEP 23 (t=778): Loss=0.5874, Rho=21.462946, Grad_norm=0.0466, Final_scale=214.6295
🚀 APPLYING GUIDANCE at step 24 (timestep=764)
🎯 GUIDANCE STEP 24 (t=764): Loss=0.5869, Rho=14.479933, Grad_norm=0.0691, Final_scale=144.7993
🚀 APPLYING GUIDANCE at step 25 (timestep=749)
🎯 GUIDANCE STEP 25 (t=749): Loss=0.5854, Rho=19.142611, Grad_norm=0.0522, Final_scale=191.4261
🚀 APPLYING GUIDANCE at step 26 (timestep=734)
🎯 GUIDANCE STEP 26 (t=734): Loss=0.5879, Rho=19.947437, Grad_norm=0.0501, Final_scale=199.4744
🚀 APPLYING GUIDANCE at step 27 (timestep=718)
🎯 GUIDANCE STEP 27 (t=718): Loss=0.5811, Rho=14.227832, Grad_norm=0.0703, Final_scale=142.2783
🚀 APPLYING GUIDANCE at step 28 (timestep=701)
🎯 GUIDANCE STEP 28 (t=701): Loss=0.5820, Rho=13.063250, Grad_norm=0.0766, Final_scale=130.6325
🚀 APPLYING GUIDANCE at step 29 (timestep=684)
🎯 GUIDANCE STEP 29 (t=684): Loss=0.5830, Rho=18.992151, Grad_norm=0.0527, Final_scale=189.9215
🚀 APPLYING GUIDANCE at step 30 (timestep=666)
🎯 GUIDANCE STEP 30 (t=666): Loss=0.5894, Rho=25.216217, Grad_norm=0.0397, Final_scale=252.1622
🚀 APPLYING GUIDANCE at step 31 (timestep=647)
🎯 GUIDANCE STEP 31 (t=647): Loss=0.5850, Rho=28.806950, Grad_norm=0.0347, Final_scale=288.0695
🚀 APPLYING GUIDANCE at step 32 (timestep=627)
🎯 GUIDANCE STEP 32 (t=627): Loss=0.5825, Rho=33.877674, Grad_norm=0.0295, Final_scale=338.7767
🚀 APPLYING GUIDANCE at step 33 (timestep=606)
🎯 GUIDANCE STEP 33 (t=606): Loss=0.5811, Rho=33.352249, Grad_norm=0.0300, Final_scale=333.5225
🚀 APPLYING GUIDANCE at step 34 (timestep=585)
🎯 GUIDANCE STEP 34 (t=585): Loss=0.5840, Rho=34.629772, Grad_norm=0.0289, Final_scale=346.2977
🚀 APPLYING GUIDANCE at step 35 (timestep=562)
🎯 GUIDANCE STEP 35 (t=562): Loss=0.5840, Rho=44.145947, Grad_norm=0.0227, Final_scale=441.4595
🚀 APPLYING GUIDANCE at step 36 (timestep=538)
🎯 GUIDANCE STEP 36 (t=538): Loss=0.5811, Rho=38.401241, Grad_norm=0.0260, Final_scale=384.0124
🚀 APPLYING GUIDANCE at step 37 (timestep=512)
🎯 GUIDANCE STEP 37 (t=512): Loss=0.5820, Rho=27.460745, Grad_norm=0.0364, Final_scale=274.6074
🚀 APPLYING GUIDANCE at step 38 (timestep=486)
🎯 GUIDANCE STEP 38 (t=486): Loss=0.5835, Rho=45.293488, Grad_norm=0.0221, Final_scale=452.9349
🚀 APPLYING GUIDANCE at step 39 (timestep=458)
🎯 GUIDANCE STEP 39 (t=458): Loss=0.5845, Rho=14.722444, Grad_norm=0.0679, Final_scale=147.2244
🚀 APPLYING GUIDANCE at step 40 (timestep=428)
🎯 GUIDANCE STEP 40 (t=428): Loss=0.5864, Rho=14.758275, Grad_norm=0.0678, Final_scale=147.5828
🚀 APPLYING GUIDANCE at step 41 (timestep=396)
🎯 GUIDANCE STEP 41 (t=396): Loss=0.5830, Rho=40.426659, Grad_norm=0.0247, Final_scale=404.2666
🚀 APPLYING GUIDANCE at step 42 (timestep=363)
🎯 GUIDANCE STEP 42 (t=363): Loss=0.5820, Rho=27.537651, Grad_norm=0.0363, Final_scale=275.3765
🚀 APPLYING GUIDANCE at step 43 (timestep=327)
🎯 GUIDANCE STEP 43 (t=327): Loss=0.5879, Rho=18.416803, Grad_norm=0.0543, Final_scale=184.1680
🚀 APPLYING GUIDANCE at step 44 (timestep=290)
🎯 GUIDANCE STEP 44 (t=290): Loss=0.5884, Rho=20.763945, Grad_norm=0.0482, Final_scale=207.6394
🚀 APPLYING GUIDANCE at step 45 (timestep=249)
🎯 GUIDANCE STEP 45 (t=249): Loss=0.5889, Rho=23.858877, Grad_norm=0.0419, Final_scale=238.5888
🚀 APPLYING GUIDANCE at step 46 (timestep=206)
🎯 GUIDANCE STEP 46 (t=206): Loss=0.5874, Rho=18.531361, Grad_norm=0.0540, Final_scale=185.3136
🚀 APPLYING GUIDANCE at step 47 (timestep=160)
🎯 GUIDANCE STEP 47 (t=160): Loss=0.5850, Rho=13.236884, Grad_norm=0.0755, Final_scale=132.3688
🚀 APPLYING GUIDANCE at step 48 (timestep=111)
🎯 GUIDANCE STEP 48 (t=111): Loss=0.5820, Rho=13.284966, Grad_norm=0.0753, Final_scale=132.8497
🚀 APPLYING GUIDANCE at step 49 (timestep=57)
🎯 GUIDANCE STEP 49 (t=57): Loss=0.5845, Rho=8.985586, Grad_norm=0.1113, Final_scale=89.8559
[guidance_f17_s50_w8c6_rho10.0_cfg5.0_0701_1458] Generated: generated_videos/subject_consistency/guidance_f17_s50_w8c6_rho10.0_cfg5.0_0701_1458/006_a_bus_turning_a_corner.mp4
[guidance_f17_s50_w8c6_rho10.0_cfg5.0_0701_1458] Generating video 8/9 (guidance): a bus stuck in traffic during rush hour
🎬 STARTING GUIDANCE PIPELINE GENERATION
   Frames: 17, Steps: 50, CFG Scale: 5.0

🔧 GUIDANCE PIPELINE CONFIGURATION:
   Guidance range: 0 - 1001
   Rho scale: 10.0
   V-JEPA kernel_size: 8
   V-JEPA context_length: 6
   V-JEPA stride: 2
   V-JEPA mode: max
   Total timesteps: 50

🚀 APPLYING GUIDANCE at step 0 (timestep=999)
🎯 GUIDANCE STEP 0 (t=999): Loss=0.5405, Rho=44.038277, Grad_norm=0.0227, Final_scale=440.3828
🚀 APPLYING GUIDANCE at step 1 (timestep=992)
🎯 GUIDANCE STEP 1 (t=992): Loss=0.5537, Rho=8.525325, Grad_norm=0.1173, Final_scale=85.2532
🚀 APPLYING GUIDANCE at step 2 (timestep=985)
🎯 GUIDANCE STEP 2 (t=985): Loss=0.5791, Rho=13.779173, Grad_norm=0.0726, Final_scale=137.7917
🚀 APPLYING GUIDANCE at step 3 (timestep=978)
🎯 GUIDANCE STEP 3 (t=978): Loss=0.5835, Rho=17.184355, Grad_norm=0.0582, Final_scale=171.8435
🚀 APPLYING GUIDANCE at step 4 (timestep=971)
🎯 GUIDANCE STEP 4 (t=971): Loss=0.5957, Rho=4.091528, Grad_norm=0.2444, Final_scale=40.9153
🚀 APPLYING GUIDANCE at step 5 (timestep=963)
🎯 GUIDANCE STEP 5 (t=963): Loss=0.5942, Rho=9.610006, Grad_norm=0.1041, Final_scale=96.1001
🚀 APPLYING GUIDANCE at step 6 (timestep=956)
🎯 GUIDANCE STEP 6 (t=956): Loss=0.5952, Rho=8.396830, Grad_norm=0.1191, Final_scale=83.9683
🚀 APPLYING GUIDANCE at step 7 (timestep=948)
🎯 GUIDANCE STEP 7 (t=948): Loss=0.6001, Rho=11.033884, Grad_norm=0.0906, Final_scale=110.3388
🚀 APPLYING GUIDANCE at step 8 (timestep=939)
🎯 GUIDANCE STEP 8 (t=939): Loss=0.6016, Rho=20.307079, Grad_norm=0.0492, Final_scale=203.0708
🚀 APPLYING GUIDANCE at step 9 (timestep=931)
🎯 GUIDANCE STEP 9 (t=931): Loss=0.6128, Rho=6.898050, Grad_norm=0.1450, Final_scale=68.9805
🚀 APPLYING GUIDANCE at step 10 (timestep=922)
🎯 GUIDANCE STEP 10 (t=922): Loss=0.6118, Rho=6.579274, Grad_norm=0.1520, Final_scale=65.7927
🚀 APPLYING GUIDANCE at step 11 (timestep=913)
🎯 GUIDANCE STEP 11 (t=913): Loss=0.6089, Rho=7.540195, Grad_norm=0.1326, Final_scale=75.4019
🚀 APPLYING GUIDANCE at step 12 (timestep=904)
🎯 GUIDANCE STEP 12 (t=904): Loss=0.6055, Rho=21.533863, Grad_norm=0.0464, Final_scale=215.3386
🚀 APPLYING GUIDANCE at step 13 (timestep=894)
🎯 GUIDANCE STEP 13 (t=894): Loss=0.6030, Rho=10.305795, Grad_norm=0.0970, Final_scale=103.0579
🚀 APPLYING GUIDANCE at step 14 (timestep=884)
🎯 GUIDANCE STEP 14 (t=884): Loss=0.6035, Rho=18.375319, Grad_norm=0.0544, Final_scale=183.7532
🚀 APPLYING GUIDANCE at step 15 (timestep=874)
🎯 GUIDANCE STEP 15 (t=874): Loss=0.6060, Rho=19.542328, Grad_norm=0.0512, Final_scale=195.4233
🚀 APPLYING GUIDANCE at step 16 (timestep=864)
🎯 GUIDANCE STEP 16 (t=864): Loss=0.6021, Rho=19.501482, Grad_norm=0.0513, Final_scale=195.0148
🚀 APPLYING GUIDANCE at step 17 (timestep=853)
🎯 GUIDANCE STEP 17 (t=853): Loss=0.6069, Rho=16.377472, Grad_norm=0.0611, Final_scale=163.7747
🚀 APPLYING GUIDANCE at step 18 (timestep=841)
🎯 GUIDANCE STEP 18 (t=841): Loss=0.6045, Rho=20.093555, Grad_norm=0.0498, Final_scale=200.9356
🚀 APPLYING GUIDANCE at step 19 (timestep=829)
🎯 GUIDANCE STEP 19 (t=829): Loss=0.6055, Rho=30.812710, Grad_norm=0.0325, Final_scale=308.1271
🚀 APPLYING GUIDANCE at step 20 (timestep=817)
🎯 GUIDANCE STEP 20 (t=817): Loss=0.6030, Rho=27.450180, Grad_norm=0.0364, Final_scale=274.5018
🚀 APPLYING GUIDANCE at step 21 (timestep=805)
🎯 GUIDANCE STEP 21 (t=805): Loss=0.6021, Rho=26.184221, Grad_norm=0.0382, Final_scale=261.8422
🚀 APPLYING GUIDANCE at step 22 (timestep=792)
🎯 GUIDANCE STEP 22 (t=792): Loss=0.6055, Rho=24.930986, Grad_norm=0.0401, Final_scale=249.3099
🚀 APPLYING GUIDANCE at step 23 (timestep=778)
🎯 GUIDANCE STEP 23 (t=778): Loss=0.6055, Rho=36.202171, Grad_norm=0.0276, Final_scale=362.0217
🚀 APPLYING GUIDANCE at step 24 (timestep=764)
🎯 GUIDANCE STEP 24 (t=764): Loss=0.6079, Rho=20.636463, Grad_norm=0.0485, Final_scale=206.3646
🚀 APPLYING GUIDANCE at step 25 (timestep=749)
🎯 GUIDANCE STEP 25 (t=749): Loss=0.6099, Rho=39.530067, Grad_norm=0.0253, Final_scale=395.3007
🚀 APPLYING GUIDANCE at step 26 (timestep=734)
🎯 GUIDANCE STEP 26 (t=734): Loss=0.6089, Rho=34.362183, Grad_norm=0.0291, Final_scale=343.6218
🚀 APPLYING GUIDANCE at step 27 (timestep=718)
🎯 GUIDANCE STEP 27 (t=718): Loss=0.6079, Rho=30.054010, Grad_norm=0.0333, Final_scale=300.5401
🚀 APPLYING GUIDANCE at step 28 (timestep=701)
🎯 GUIDANCE STEP 28 (t=701): Loss=0.6050, Rho=19.286200, Grad_norm=0.0519, Final_scale=192.8620
🚀 APPLYING GUIDANCE at step 29 (timestep=684)
🎯 GUIDANCE STEP 29 (t=684): Loss=0.6074, Rho=18.294207, Grad_norm=0.0547, Final_scale=182.9421
🚀 APPLYING GUIDANCE at step 30 (timestep=666)
🎯 GUIDANCE STEP 30 (t=666): Loss=0.6079, Rho=58.295269, Grad_norm=0.0172, Final_scale=582.9527
🚀 APPLYING GUIDANCE at step 31 (timestep=647)
🎯 GUIDANCE STEP 31 (t=647): Loss=0.6025, Rho=64.708252, Grad_norm=0.0155, Final_scale=647.0825
🚀 APPLYING GUIDANCE at step 32 (timestep=627)
🎯 GUIDANCE STEP 32 (t=627): Loss=0.6060, Rho=51.372101, Grad_norm=0.0195, Final_scale=513.7210
🚀 APPLYING GUIDANCE at step 33 (timestep=606)
🎯 GUIDANCE STEP 33 (t=606): Loss=0.6025, Rho=31.572552, Grad_norm=0.0317, Final_scale=315.7255
🚀 APPLYING GUIDANCE at step 34 (timestep=585)
🎯 GUIDANCE STEP 34 (t=585): Loss=0.6040, Rho=50.024792, Grad_norm=0.0200, Final_scale=500.2479
🚀 APPLYING GUIDANCE at step 35 (timestep=562)
🎯 GUIDANCE STEP 35 (t=562): Loss=0.6035, Rho=40.883236, Grad_norm=0.0245, Final_scale=408.8324
🚀 APPLYING GUIDANCE at step 36 (timestep=538)
🎯 GUIDANCE STEP 36 (t=538): Loss=0.6035, Rho=32.894653, Grad_norm=0.0304, Final_scale=328.9465
🚀 APPLYING GUIDANCE at step 37 (timestep=512)
🎯 GUIDANCE STEP 37 (t=512): Loss=0.6060, Rho=76.833687, Grad_norm=0.0130, Final_scale=768.3369
🚀 APPLYING GUIDANCE at step 38 (timestep=486)
🎯 GUIDANCE STEP 38 (t=486): Loss=0.6006, Rho=59.104992, Grad_norm=0.0169, Final_scale=591.0499
🚀 APPLYING GUIDANCE at step 39 (timestep=458)
🎯 GUIDANCE STEP 39 (t=458): Loss=0.6045, Rho=56.988968, Grad_norm=0.0175, Final_scale=569.8897
🚀 APPLYING GUIDANCE at step 40 (timestep=428)
🎯 GUIDANCE STEP 40 (t=428): Loss=0.6001, Rho=101.434418, Grad_norm=0.0099, Final_scale=1014.3442
🚀 APPLYING GUIDANCE at step 41 (timestep=396)
🎯 GUIDANCE STEP 41 (t=396): Loss=0.6011, Rho=64.419098, Grad_norm=0.0155, Final_scale=644.1910
🚀 APPLYING GUIDANCE at step 42 (timestep=363)
🎯 GUIDANCE STEP 42 (t=363): Loss=0.5991, Rho=74.766945, Grad_norm=0.0134, Final_scale=747.6694
🚀 APPLYING GUIDANCE at step 43 (timestep=327)
🎯 GUIDANCE STEP 43 (t=327): Loss=0.5977, Rho=42.246098, Grad_norm=0.0237, Final_scale=422.4610
🚀 APPLYING GUIDANCE at step 44 (timestep=290)
🎯 GUIDANCE STEP 44 (t=290): Loss=0.5977, Rho=79.478813, Grad_norm=0.0126, Final_scale=794.7881
🚀 APPLYING GUIDANCE at step 45 (timestep=249)
🎯 GUIDANCE STEP 45 (t=249): Loss=0.5986, Rho=82.064522, Grad_norm=0.0122, Final_scale=820.6452
🚀 APPLYING GUIDANCE at step 46 (timestep=206)
🎯 GUIDANCE STEP 46 (t=206): Loss=0.5923, Rho=23.914515, Grad_norm=0.0418, Final_scale=239.1451
🚀 APPLYING GUIDANCE at step 47 (timestep=160)
🎯 GUIDANCE STEP 47 (t=160): Loss=0.5938, Rho=15.117033, Grad_norm=0.0662, Final_scale=151.1703
🚀 APPLYING GUIDANCE at step 48 (timestep=111)
🎯 GUIDANCE STEP 48 (t=111): Loss=0.5913, Rho=86.306381, Grad_norm=0.0116, Final_scale=863.0638
🚀 APPLYING GUIDANCE at step 49 (timestep=57)
🎯 GUIDANCE STEP 49 (t=57): Loss=0.5913, Rho=22.801886, Grad_norm=0.0439, Final_scale=228.0189
[guidance_f17_s50_w8c6_rho10.0_cfg5.0_0701_1458] Generated: generated_videos/subject_consistency/guidance_f17_s50_w8c6_rho10.0_cfg5.0_0701_1458/004_a_person_walking_in_the_snowstorm.mp4
[guidance_f17_s50_w8c6_rho10.0_cfg5.0_0701_1458] Generating video 6/9 (guidance): a person drinking coffee in a cafe
🎬 STARTING GUIDANCE PIPELINE GENERATION
   Frames: 17, Steps: 50, CFG Scale: 5.0

🔧 GUIDANCE PIPELINE CONFIGURATION:
   Guidance range: 0 - 1001
   Rho scale: 10.0
   V-JEPA kernel_size: 8
   V-JEPA context_length: 6
   V-JEPA stride: 2
   V-JEPA mode: max
   Total timesteps: 50

🚀 APPLYING GUIDANCE at step 0 (timestep=999)
🎯 GUIDANCE STEP 0 (t=999): Loss=0.5703, Rho=10.398881, Grad_norm=0.0962, Final_scale=103.9888
🚀 APPLYING GUIDANCE at step 1 (timestep=992)
🎯 GUIDANCE STEP 1 (t=992): Loss=0.5464, Rho=36.096054, Grad_norm=0.0277, Final_scale=360.9605
🚀 APPLYING GUIDANCE at step 2 (timestep=985)
🎯 GUIDANCE STEP 2 (t=985): Loss=0.5352, Rho=43.948311, Grad_norm=0.0228, Final_scale=439.4831
🚀 APPLYING GUIDANCE at step 3 (timestep=978)
🎯 GUIDANCE STEP 3 (t=978): Loss=0.5400, Rho=24.516363, Grad_norm=0.0408, Final_scale=245.1636
🚀 APPLYING GUIDANCE at step 4 (timestep=971)
🎯 GUIDANCE STEP 4 (t=971): Loss=0.5415, Rho=19.711420, Grad_norm=0.0507, Final_scale=197.1142
🚀 APPLYING GUIDANCE at step 5 (timestep=963)
🎯 GUIDANCE STEP 5 (t=963): Loss=0.5620, Rho=6.205557, Grad_norm=0.1611, Final_scale=62.0556
🚀 APPLYING GUIDANCE at step 6 (timestep=956)
🎯 GUIDANCE STEP 6 (t=956): Loss=0.5654, Rho=14.222428, Grad_norm=0.0703, Final_scale=142.2243
🚀 APPLYING GUIDANCE at step 7 (timestep=948)
🎯 GUIDANCE STEP 7 (t=948): Loss=0.5688, Rho=21.787991, Grad_norm=0.0459, Final_scale=217.8799
🚀 APPLYING GUIDANCE at step 8 (timestep=939)
🎯 GUIDANCE STEP 8 (t=939): Loss=0.5889, Rho=7.102457, Grad_norm=0.1408, Final_scale=71.0246
🚀 APPLYING GUIDANCE at step 9 (timestep=931)
🎯 GUIDANCE STEP 9 (t=931): Loss=0.5884, Rho=5.136977, Grad_norm=0.1947, Final_scale=51.3698
🚀 APPLYING GUIDANCE at step 10 (timestep=922)
🎯 GUIDANCE STEP 10 (t=922): Loss=0.5986, Rho=8.108012, Grad_norm=0.1233, Final_scale=81.0801
🚀 APPLYING GUIDANCE at step 11 (timestep=913)
🎯 GUIDANCE STEP 11 (t=913): Loss=0.6343, Rho=5.362757, Grad_norm=0.1865, Final_scale=53.6276
🚀 APPLYING GUIDANCE at step 12 (timestep=904)
🎯 GUIDANCE STEP 12 (t=904): Loss=0.6343, Rho=2.950088, Grad_norm=0.3390, Final_scale=29.5009
🚀 APPLYING GUIDANCE at step 13 (timestep=894)
🎯 GUIDANCE STEP 13 (t=894): Loss=0.6343, Rho=3.730756, Grad_norm=0.2680, Final_scale=37.3076
🚀 APPLYING GUIDANCE at step 14 (timestep=884)
🎯 GUIDANCE STEP 14 (t=884): Loss=0.6250, Rho=2.999176, Grad_norm=0.3334, Final_scale=29.9918
🚀 APPLYING GUIDANCE at step 15 (timestep=874)
🎯 GUIDANCE STEP 15 (t=874): Loss=0.6196, Rho=4.981994, Grad_norm=0.2007, Final_scale=49.8199
🚀 APPLYING GUIDANCE at step 16 (timestep=864)
🎯 GUIDANCE STEP 16 (t=864): Loss=0.6265, Rho=4.788741, Grad_norm=0.2088, Final_scale=47.8874
🚀 APPLYING GUIDANCE at step 17 (timestep=853)
🎯 GUIDANCE STEP 17 (t=853): Loss=0.6299, Rho=3.908787, Grad_norm=0.2558, Final_scale=39.0879
🚀 APPLYING GUIDANCE at step 18 (timestep=841)
🎯 GUIDANCE STEP 18 (t=841): Loss=0.6265, Rho=3.401478, Grad_norm=0.2940, Final_scale=34.0148
🚀 APPLYING GUIDANCE at step 19 (timestep=829)
🎯 GUIDANCE STEP 19 (t=829): Loss=0.6230, Rho=3.308714, Grad_norm=0.3022, Final_scale=33.0871
🚀 APPLYING GUIDANCE at step 20 (timestep=817)
🎯 GUIDANCE STEP 20 (t=817): Loss=0.6226, Rho=2.983990, Grad_norm=0.3351, Final_scale=29.8399
🚀 APPLYING GUIDANCE at step 21 (timestep=805)
🎯 GUIDANCE STEP 21 (t=805): Loss=0.6270, Rho=2.989769, Grad_norm=0.3345, Final_scale=29.8977
🚀 APPLYING GUIDANCE at step 22 (timestep=792)
🎯 GUIDANCE STEP 22 (t=792): Loss=0.6245, Rho=4.398513, Grad_norm=0.2273, Final_scale=43.9851
🚀 APPLYING GUIDANCE at step 23 (timestep=778)
🎯 GUIDANCE STEP 23 (t=778): Loss=0.6309, Rho=5.405685, Grad_norm=0.1850, Final_scale=54.0569
🚀 APPLYING GUIDANCE at step 24 (timestep=764)
🎯 GUIDANCE STEP 24 (t=764): Loss=0.6284, Rho=3.127984, Grad_norm=0.3197, Final_scale=31.2798
🚀 APPLYING GUIDANCE at step 25 (timestep=749)
🎯 GUIDANCE STEP 25 (t=749): Loss=0.6265, Rho=6.130668, Grad_norm=0.1631, Final_scale=61.3067
🚀 APPLYING GUIDANCE at step 26 (timestep=734)
🎯 GUIDANCE STEP 26 (t=734): Loss=0.6250, Rho=6.904242, Grad_norm=0.1448, Final_scale=69.0424
🚀 APPLYING GUIDANCE at step 27 (timestep=718)
🎯 GUIDANCE STEP 27 (t=718): Loss=0.6245, Rho=5.030756, Grad_norm=0.1988, Final_scale=50.3076
🚀 APPLYING GUIDANCE at step 28 (timestep=701)
🎯 GUIDANCE STEP 28 (t=701): Loss=0.6245, Rho=9.332355, Grad_norm=0.1072, Final_scale=93.3235
🚀 APPLYING GUIDANCE at step 29 (timestep=684)
🎯 GUIDANCE STEP 29 (t=684): Loss=0.6245, Rho=3.727764, Grad_norm=0.2683, Final_scale=37.2776
🚀 APPLYING GUIDANCE at step 30 (timestep=666)
🎯 GUIDANCE STEP 30 (t=666): Loss=0.6235, Rho=1.959347, Grad_norm=0.5104, Final_scale=19.5935
🚀 APPLYING GUIDANCE at step 31 (timestep=647)
🎯 GUIDANCE STEP 31 (t=647): Loss=0.6260, Rho=3.666243, Grad_norm=0.2728, Final_scale=36.6624
🚀 APPLYING GUIDANCE at step 32 (timestep=627)
🎯 GUIDANCE STEP 32 (t=627): Loss=0.6245, Rho=10.031414, Grad_norm=0.0997, Final_scale=100.3141
🚀 APPLYING GUIDANCE at step 33 (timestep=606)
🎯 GUIDANCE STEP 33 (t=606): Loss=0.6260, Rho=10.520911, Grad_norm=0.0950, Final_scale=105.2091
🚀 APPLYING GUIDANCE at step 34 (timestep=585)
🎯 GUIDANCE STEP 34 (t=585): Loss=0.6270, Rho=10.816660, Grad_norm=0.0924, Final_scale=108.1666
🚀 APPLYING GUIDANCE at step 35 (timestep=562)
🎯 GUIDANCE STEP 35 (t=562): Loss=0.6274, Rho=6.985812, Grad_norm=0.1431, Final_scale=69.8581
🚀 APPLYING GUIDANCE at step 36 (timestep=538)
🎯 GUIDANCE STEP 36 (t=538): Loss=0.6260, Rho=10.577417, Grad_norm=0.0945, Final_scale=105.7742
🚀 APPLYING GUIDANCE at step 37 (timestep=512)
🎯 GUIDANCE STEP 37 (t=512): Loss=0.6260, Rho=12.154639, Grad_norm=0.0823, Final_scale=121.5464
🚀 APPLYING GUIDANCE at step 38 (timestep=486)
🎯 GUIDANCE STEP 38 (t=486): Loss=0.6245, Rho=6.930614, Grad_norm=0.1443, Final_scale=69.3061
🚀 APPLYING GUIDANCE at step 39 (timestep=458)
🎯 GUIDANCE STEP 39 (t=458): Loss=0.6250, Rho=7.321510, Grad_norm=0.1366, Final_scale=73.2151
🚀 APPLYING GUIDANCE at step 40 (timestep=428)
🎯 GUIDANCE STEP 40 (t=428): Loss=0.6240, Rho=19.797537, Grad_norm=0.0505, Final_scale=197.9754
🚀 APPLYING GUIDANCE at step 41 (timestep=396)
🎯 GUIDANCE STEP 41 (t=396): Loss=0.6211, Rho=17.265167, Grad_norm=0.0579, Final_scale=172.6517
🚀 APPLYING GUIDANCE at step 42 (timestep=363)
🎯 GUIDANCE STEP 42 (t=363): Loss=0.6221, Rho=21.736506, Grad_norm=0.0460, Final_scale=217.3651
🚀 APPLYING GUIDANCE at step 43 (timestep=327)
🎯 GUIDANCE STEP 43 (t=327): Loss=0.6216, Rho=35.188526, Grad_norm=0.0284, Final_scale=351.8853
🚀 APPLYING GUIDANCE at step 44 (timestep=290)
🎯 GUIDANCE STEP 44 (t=290): Loss=0.6206, Rho=36.249916, Grad_norm=0.0276, Final_scale=362.4992
🚀 APPLYING GUIDANCE at step 45 (timestep=249)
🎯 GUIDANCE STEP 45 (t=249): Loss=0.6182, Rho=58.442459, Grad_norm=0.0171, Final_scale=584.4246
🚀 APPLYING GUIDANCE at step 46 (timestep=206)
🎯 GUIDANCE STEP 46 (t=206): Loss=0.6182, Rho=32.722195, Grad_norm=0.0306, Final_scale=327.2219
🚀 APPLYING GUIDANCE at step 47 (timestep=160)
🎯 GUIDANCE STEP 47 (t=160): Loss=0.6187, Rho=36.032158, Grad_norm=0.0278, Final_scale=360.3216
🚀 APPLYING GUIDANCE at step 48 (timestep=111)
🎯 GUIDANCE STEP 48 (t=111): Loss=0.6172, Rho=16.631268, Grad_norm=0.0601, Final_scale=166.3127
🚀 APPLYING GUIDANCE at step 49 (timestep=57)
🎯 GUIDANCE STEP 49 (t=57): Loss=0.6143, Rho=20.141909, Grad_norm=0.0496, Final_scale=201.4191
[guidance_f17_s50_w8c6_rho10.0_cfg5.0_0701_1458] Generated: generated_videos/subject_consistency/guidance_f17_s50_w8c6_rho10.0_cfg5.0_0701_1458/004_a_cow_running_to_join_a_herd_of_its_kind.mp4
[guidance_f17_s50_w8c6_rho10.0_cfg5.0_0701_1458] Generating video 6/9 (guidance): an elephant spraying itself with water using its trunk to cool down
🎬 STARTING GUIDANCE PIPELINE GENERATION
   Frames: 17, Steps: 50, CFG Scale: 5.0

🔧 GUIDANCE PIPELINE CONFIGURATION:
   Guidance range: 0 - 1001
   Rho scale: 10.0
   V-JEPA kernel_size: 8
   V-JEPA context_length: 6
   V-JEPA stride: 2
   V-JEPA mode: max
   Total timesteps: 50

🚀 APPLYING GUIDANCE at step 0 (timestep=999)
🎯 GUIDANCE STEP 0 (t=999): Loss=0.5410, Rho=24.781218, Grad_norm=0.0404, Final_scale=247.8122
🚀 APPLYING GUIDANCE at step 1 (timestep=992)
🎯 GUIDANCE STEP 1 (t=992): Loss=0.5693, Rho=7.739921, Grad_norm=0.1292, Final_scale=77.3992
🚀 APPLYING GUIDANCE at step 2 (timestep=985)
🎯 GUIDANCE STEP 2 (t=985): Loss=0.5396, Rho=25.316402, Grad_norm=0.0395, Final_scale=253.1640
🚀 APPLYING GUIDANCE at step 3 (timestep=978)
🎯 GUIDANCE STEP 3 (t=978): Loss=0.5425, Rho=13.158611, Grad_norm=0.0760, Final_scale=131.5861
🚀 APPLYING GUIDANCE at step 4 (timestep=971)
🎯 GUIDANCE STEP 4 (t=971): Loss=0.5615, Rho=6.191662, Grad_norm=0.1615, Final_scale=61.9166
🚀 APPLYING GUIDANCE at step 5 (timestep=963)
🎯 GUIDANCE STEP 5 (t=963): Loss=0.5806, Rho=14.925773, Grad_norm=0.0670, Final_scale=149.2577
🚀 APPLYING GUIDANCE at step 6 (timestep=956)
🎯 GUIDANCE STEP 6 (t=956): Loss=0.5874, Rho=10.725080, Grad_norm=0.0932, Final_scale=107.2508
🚀 APPLYING GUIDANCE at step 7 (timestep=948)
🎯 GUIDANCE STEP 7 (t=948): Loss=0.6025, Rho=4.065997, Grad_norm=0.2459, Final_scale=40.6600
🚀 APPLYING GUIDANCE at step 8 (timestep=939)
🎯 GUIDANCE STEP 8 (t=939): Loss=0.6118, Rho=4.929341, Grad_norm=0.2029, Final_scale=49.2934
🚀 APPLYING GUIDANCE at step 9 (timestep=931)
🎯 GUIDANCE STEP 9 (t=931): Loss=0.6133, Rho=9.535449, Grad_norm=0.1049, Final_scale=95.3545
🚀 APPLYING GUIDANCE at step 10 (timestep=922)
🎯 GUIDANCE STEP 10 (t=922): Loss=0.6143, Rho=6.881140, Grad_norm=0.1453, Final_scale=68.8114
🚀 APPLYING GUIDANCE at step 11 (timestep=913)
🎯 GUIDANCE STEP 11 (t=913): Loss=0.6157, Rho=5.095846, Grad_norm=0.1962, Final_scale=50.9585
🚀 APPLYING GUIDANCE at step 12 (timestep=904)
🎯 GUIDANCE STEP 12 (t=904): Loss=0.6182, Rho=1.643582, Grad_norm=0.6084, Final_scale=16.4358
🚀 APPLYING GUIDANCE at step 13 (timestep=894)
🎯 GUIDANCE STEP 13 (t=894): Loss=0.6113, Rho=6.982540, Grad_norm=0.1432, Final_scale=69.8254
🚀 APPLYING GUIDANCE at step 14 (timestep=884)
🎯 GUIDANCE STEP 14 (t=884): Loss=0.6167, Rho=8.138731, Grad_norm=0.1229, Final_scale=81.3873
🚀 APPLYING GUIDANCE at step 15 (timestep=874)
🎯 GUIDANCE STEP 15 (t=874): Loss=0.6152, Rho=12.503021, Grad_norm=0.0800, Final_scale=125.0302
🚀 APPLYING GUIDANCE at step 16 (timestep=864)
🎯 GUIDANCE STEP 16 (t=864): Loss=0.6147, Rho=4.747993, Grad_norm=0.2106, Final_scale=47.4799
🚀 APPLYING GUIDANCE at step 17 (timestep=853)
🎯 GUIDANCE STEP 17 (t=853): Loss=0.6157, Rho=6.178968, Grad_norm=0.1618, Final_scale=61.7897
🚀 APPLYING GUIDANCE at step 18 (timestep=841)
🎯 GUIDANCE STEP 18 (t=841): Loss=0.6138, Rho=7.788113, Grad_norm=0.1284, Final_scale=77.8811
🚀 APPLYING GUIDANCE at step 19 (timestep=829)
🎯 GUIDANCE STEP 19 (t=829): Loss=0.6147, Rho=7.159826, Grad_norm=0.1397, Final_scale=71.5983
🚀 APPLYING GUIDANCE at step 20 (timestep=817)
🎯 GUIDANCE STEP 20 (t=817): Loss=0.6123, Rho=9.295429, Grad_norm=0.1076, Final_scale=92.9543
🚀 APPLYING GUIDANCE at step 21 (timestep=805)
🎯 GUIDANCE STEP 21 (t=805): Loss=0.6069, Rho=14.866163, Grad_norm=0.0673, Final_scale=148.6616
🚀 APPLYING GUIDANCE at step 22 (timestep=792)
🎯 GUIDANCE STEP 22 (t=792): Loss=0.6108, Rho=2.248855, Grad_norm=0.4447, Final_scale=22.4885
🚀 APPLYING GUIDANCE at step 23 (timestep=778)
🎯 GUIDANCE STEP 23 (t=778): Loss=0.6074, Rho=3.874429, Grad_norm=0.2581, Final_scale=38.7443
🚀 APPLYING GUIDANCE at step 24 (timestep=764)
🎯 GUIDANCE STEP 24 (t=764): Loss=0.6069, Rho=7.149204, Grad_norm=0.1399, Final_scale=71.4920
🚀 APPLYING GUIDANCE at step 25 (timestep=749)
🎯 GUIDANCE STEP 25 (t=749): Loss=0.6079, Rho=8.525238, Grad_norm=0.1173, Final_scale=85.2524
🚀 APPLYING GUIDANCE at step 26 (timestep=734)
🎯 GUIDANCE STEP 26 (t=734): Loss=0.6138, Rho=7.024533, Grad_norm=0.1424, Final_scale=70.2453
🚀 APPLYING GUIDANCE at step 27 (timestep=718)
🎯 GUIDANCE STEP 27 (t=718): Loss=0.6123, Rho=9.585483, Grad_norm=0.1043, Final_scale=95.8548
🚀 APPLYING GUIDANCE at step 28 (timestep=701)
🎯 GUIDANCE STEP 28 (t=701): Loss=0.6094, Rho=8.111582, Grad_norm=0.1233, Final_scale=81.1158
🚀 APPLYING GUIDANCE at step 29 (timestep=684)
🎯 GUIDANCE STEP 29 (t=684): Loss=0.6123, Rho=16.106396, Grad_norm=0.0621, Final_scale=161.0640
🚀 APPLYING GUIDANCE at step 30 (timestep=666)
🎯 GUIDANCE STEP 30 (t=666): Loss=0.6143, Rho=6.045975, Grad_norm=0.1654, Final_scale=60.4597
🚀 APPLYING GUIDANCE at step 31 (timestep=647)
🎯 GUIDANCE STEP 31 (t=647): Loss=0.6128, Rho=11.933782, Grad_norm=0.0838, Final_scale=119.3378
🚀 APPLYING GUIDANCE at step 32 (timestep=627)
🎯 GUIDANCE STEP 32 (t=627): Loss=0.6113, Rho=7.160152, Grad_norm=0.1397, Final_scale=71.6015
🚀 APPLYING GUIDANCE at step 33 (timestep=606)
🎯 GUIDANCE STEP 33 (t=606): Loss=0.6128, Rho=12.568624, Grad_norm=0.0796, Final_scale=125.6862
🚀 APPLYING GUIDANCE at step 34 (timestep=585)
🎯 GUIDANCE STEP 34 (t=585): Loss=0.6113, Rho=5.941436, Grad_norm=0.1683, Final_scale=59.4144
🚀 APPLYING GUIDANCE at step 35 (timestep=562)
🎯 GUIDANCE STEP 35 (t=562): Loss=0.6128, Rho=2.724900, Grad_norm=0.3670, Final_scale=27.2490
🚀 APPLYING GUIDANCE at step 36 (timestep=538)
🎯 GUIDANCE STEP 36 (t=538): Loss=0.6108, Rho=13.639963, Grad_norm=0.0733, Final_scale=136.3996
🚀 APPLYING GUIDANCE at step 37 (timestep=512)
🎯 GUIDANCE STEP 37 (t=512): Loss=0.6104, Rho=8.217084, Grad_norm=0.1217, Final_scale=82.1708
🚀 APPLYING GUIDANCE at step 38 (timestep=486)
🎯 GUIDANCE STEP 38 (t=486): Loss=0.6152, Rho=11.743608, Grad_norm=0.0852, Final_scale=117.4361
🚀 APPLYING GUIDANCE at step 39 (timestep=458)
🎯 GUIDANCE STEP 39 (t=458): Loss=0.6138, Rho=8.908430, Grad_norm=0.1123, Final_scale=89.0843
🚀 APPLYING GUIDANCE at step 40 (timestep=428)
🎯 GUIDANCE STEP 40 (t=428): Loss=0.6152, Rho=17.685019, Grad_norm=0.0565, Final_scale=176.8502
🚀 APPLYING GUIDANCE at step 41 (timestep=396)
🎯 GUIDANCE STEP 41 (t=396): Loss=0.6157, Rho=7.216508, Grad_norm=0.1386, Final_scale=72.1651
🚀 APPLYING GUIDANCE at step 42 (timestep=363)
🎯 GUIDANCE STEP 42 (t=363): Loss=0.6128, Rho=17.301487, Grad_norm=0.0578, Final_scale=173.0149
🚀 APPLYING GUIDANCE at step 43 (timestep=327)
🎯 GUIDANCE STEP 43 (t=327): Loss=0.6123, Rho=6.088692, Grad_norm=0.1642, Final_scale=60.8869
🚀 APPLYING GUIDANCE at step 44 (timestep=290)
🎯 GUIDANCE STEP 44 (t=290): Loss=0.6118, Rho=18.486559, Grad_norm=0.0541, Final_scale=184.8656
🚀 APPLYING GUIDANCE at step 45 (timestep=249)
🎯 GUIDANCE STEP 45 (t=249): Loss=0.6084, Rho=15.341452, Grad_norm=0.0652, Final_scale=153.4145
🚀 APPLYING GUIDANCE at step 46 (timestep=206)
🎯 GUIDANCE STEP 46 (t=206): Loss=0.6074, Rho=29.026516, Grad_norm=0.0345, Final_scale=290.2652
🚀 APPLYING GUIDANCE at step 47 (timestep=160)
🎯 GUIDANCE STEP 47 (t=160): Loss=0.6113, Rho=23.681471, Grad_norm=0.0422, Final_scale=236.8147
🚀 APPLYING GUIDANCE at step 48 (timestep=111)
🎯 GUIDANCE STEP 48 (t=111): Loss=0.6094, Rho=11.431943, Grad_norm=0.0875, Final_scale=114.3194
🚀 APPLYING GUIDANCE at step 49 (timestep=57)
🎯 GUIDANCE STEP 49 (t=57): Loss=0.6069, Rho=24.278263, Grad_norm=0.0412, Final_scale=242.7826
[guidance_f17_s50_w8c6_rho10.0_cfg5.0_0701_1458] Generated: generated_videos/subject_consistency/guidance_f17_s50_w8c6_rho10.0_cfg5.0_0701_1458/007_a_horse_running_to_join_a_herd_of_its_kind.mp4
[guidance_f17_s50_w8c6_rho10.0_cfg5.0_0701_1458] Generating video 9/9 (guidance): a sheep bending down to drink water from a river
🎬 STARTING GUIDANCE PIPELINE GENERATION
   Frames: 17, Steps: 50, CFG Scale: 5.0

🔧 GUIDANCE PIPELINE CONFIGURATION:
   Guidance range: 0 - 1001
   Rho scale: 10.0
   V-JEPA kernel_size: 8
   V-JEPA context_length: 6
   V-JEPA stride: 2
   V-JEPA mode: max
   Total timesteps: 50

🚀 APPLYING GUIDANCE at step 0 (timestep=999)
🎯 GUIDANCE STEP 0 (t=999): Loss=0.6011, Rho=19.148331, Grad_norm=0.0522, Final_scale=191.4833
🚀 APPLYING GUIDANCE at step 1 (timestep=992)
🎯 GUIDANCE STEP 1 (t=992): Loss=0.5503, Rho=10.698995, Grad_norm=0.0935, Final_scale=106.9899
🚀 APPLYING GUIDANCE at step 2 (timestep=985)
🎯 GUIDANCE STEP 2 (t=985): Loss=0.5366, Rho=33.162189, Grad_norm=0.0302, Final_scale=331.6219
🚀 APPLYING GUIDANCE at step 3 (timestep=978)
🎯 GUIDANCE STEP 3 (t=978): Loss=0.5430, Rho=16.169516, Grad_norm=0.0618, Final_scale=161.6952
🚀 APPLYING GUIDANCE at step 4 (timestep=971)
🎯 GUIDANCE STEP 4 (t=971): Loss=0.5693, Rho=23.244192, Grad_norm=0.0430, Final_scale=232.4419
🚀 APPLYING GUIDANCE at step 5 (timestep=963)
🎯 GUIDANCE STEP 5 (t=963): Loss=0.5767, Rho=13.481731, Grad_norm=0.0742, Final_scale=134.8173
🚀 APPLYING GUIDANCE at step 6 (timestep=956)
🎯 GUIDANCE STEP 6 (t=956): Loss=0.5884, Rho=14.405169, Grad_norm=0.0694, Final_scale=144.0517
🚀 APPLYING GUIDANCE at step 7 (timestep=948)
🎯 GUIDANCE STEP 7 (t=948): Loss=0.5967, Rho=14.182412, Grad_norm=0.0705, Final_scale=141.8241
🚀 APPLYING GUIDANCE at step 8 (timestep=939)
🎯 GUIDANCE STEP 8 (t=939): Loss=0.6035, Rho=9.380750, Grad_norm=0.1066, Final_scale=93.8075
🚀 APPLYING GUIDANCE at step 9 (timestep=931)
🎯 GUIDANCE STEP 9 (t=931): Loss=0.6040, Rho=5.289964, Grad_norm=0.1890, Final_scale=52.8996
🚀 APPLYING GUIDANCE at step 10 (timestep=922)
🎯 GUIDANCE STEP 10 (t=922): Loss=0.6182, Rho=5.082259, Grad_norm=0.1968, Final_scale=50.8226
🚀 APPLYING GUIDANCE at step 11 (timestep=913)
🎯 GUIDANCE STEP 11 (t=913): Loss=0.6182, Rho=6.660119, Grad_norm=0.1501, Final_scale=66.6012
🚀 APPLYING GUIDANCE at step 12 (timestep=904)
🎯 GUIDANCE STEP 12 (t=904): Loss=0.6045, Rho=2.046973, Grad_norm=0.4885, Final_scale=20.4697
🚀 APPLYING GUIDANCE at step 13 (timestep=894)
🎯 GUIDANCE STEP 13 (t=894): Loss=0.6079, Rho=8.160760, Grad_norm=0.1225, Final_scale=81.6076
🚀 APPLYING GUIDANCE at step 14 (timestep=884)
🎯 GUIDANCE STEP 14 (t=884): Loss=0.6172, Rho=5.522648, Grad_norm=0.1811, Final_scale=55.2265
🚀 APPLYING GUIDANCE at step 15 (timestep=874)
🎯 GUIDANCE STEP 15 (t=874): Loss=0.6226, Rho=7.105380, Grad_norm=0.1407, Final_scale=71.0538
🚀 APPLYING GUIDANCE at step 16 (timestep=864)
🎯 GUIDANCE STEP 16 (t=864): Loss=0.6216, Rho=5.221701, Grad_norm=0.1915, Final_scale=52.2170
🚀 APPLYING GUIDANCE at step 17 (timestep=853)
🎯 GUIDANCE STEP 17 (t=853): Loss=0.6206, Rho=7.328727, Grad_norm=0.1364, Final_scale=73.2873
🚀 APPLYING GUIDANCE at step 18 (timestep=841)
🎯 GUIDANCE STEP 18 (t=841): Loss=0.6206, Rho=1.651707, Grad_norm=0.6054, Final_scale=16.5171
🚀 APPLYING GUIDANCE at step 19 (timestep=829)
🎯 GUIDANCE STEP 19 (t=829): Loss=0.6216, Rho=5.345083, Grad_norm=0.1871, Final_scale=53.4508
🚀 APPLYING GUIDANCE at step 20 (timestep=817)
🎯 GUIDANCE STEP 20 (t=817): Loss=0.6138, Rho=3.392751, Grad_norm=0.2947, Final_scale=33.9275
🚀 APPLYING GUIDANCE at step 21 (timestep=805)
🎯 GUIDANCE STEP 21 (t=805): Loss=0.6172, Rho=6.698658, Grad_norm=0.1493, Final_scale=66.9866
🚀 APPLYING GUIDANCE at step 22 (timestep=792)
🎯 GUIDANCE STEP 22 (t=792): Loss=0.6235, Rho=4.233109, Grad_norm=0.2362, Final_scale=42.3311
🚀 APPLYING GUIDANCE at step 23 (timestep=778)
🎯 GUIDANCE STEP 23 (t=778): Loss=0.6191, Rho=2.883257, Grad_norm=0.3468, Final_scale=28.8326
🚀 APPLYING GUIDANCE at step 24 (timestep=764)
🎯 GUIDANCE STEP 24 (t=764): Loss=0.6152, Rho=9.254258, Grad_norm=0.1081, Final_scale=92.5426
🚀 APPLYING GUIDANCE at step 25 (timestep=749)
🎯 GUIDANCE STEP 25 (t=749): Loss=0.6143, Rho=6.804995, Grad_norm=0.1470, Final_scale=68.0499
🚀 APPLYING GUIDANCE at step 26 (timestep=734)
🎯 GUIDANCE STEP 26 (t=734): Loss=0.6147, Rho=9.577210, Grad_norm=0.1044, Final_scale=95.7721
🚀 APPLYING GUIDANCE at step 27 (timestep=718)
🎯 GUIDANCE STEP 27 (t=718): Loss=0.6113, Rho=4.535044, Grad_norm=0.2205, Final_scale=45.3504
🚀 APPLYING GUIDANCE at step 28 (timestep=701)
🎯 GUIDANCE STEP 28 (t=701): Loss=0.6162, Rho=7.309325, Grad_norm=0.1368, Final_scale=73.0932
🚀 APPLYING GUIDANCE at step 29 (timestep=684)
🎯 GUIDANCE STEP 29 (t=684): Loss=0.6143, Rho=9.019658, Grad_norm=0.1109, Final_scale=90.1966
🚀 APPLYING GUIDANCE at step 30 (timestep=666)
🎯 GUIDANCE STEP 30 (t=666): Loss=0.6118, Rho=8.887422, Grad_norm=0.1125, Final_scale=88.8742
🚀 APPLYING GUIDANCE at step 31 (timestep=647)
🎯 GUIDANCE STEP 31 (t=647): Loss=0.6138, Rho=6.367625, Grad_norm=0.1570, Final_scale=63.6762
🚀 APPLYING GUIDANCE at step 32 (timestep=627)
🎯 GUIDANCE STEP 32 (t=627): Loss=0.6133, Rho=3.464247, Grad_norm=0.2887, Final_scale=34.6425
🚀 APPLYING GUIDANCE at step 33 (timestep=606)
🎯 GUIDANCE STEP 33 (t=606): Loss=0.6123, Rho=5.449520, Grad_norm=0.1835, Final_scale=54.4952
🚀 APPLYING GUIDANCE at step 34 (timestep=585)
🎯 GUIDANCE STEP 34 (t=585): Loss=0.6113, Rho=1.759632, Grad_norm=0.5683, Final_scale=17.5963
🚀 APPLYING GUIDANCE at step 35 (timestep=562)
🎯 GUIDANCE STEP 35 (t=562): Loss=0.6123, Rho=3.419421, Grad_norm=0.2924, Final_scale=34.1942
🚀 APPLYING GUIDANCE at step 36 (timestep=538)
🎯 GUIDANCE STEP 36 (t=538): Loss=0.6104, Rho=1.265420, Grad_norm=0.7903, Final_scale=12.6542
🚀 APPLYING GUIDANCE at step 37 (timestep=512)
🎯 GUIDANCE STEP 37 (t=512): Loss=0.6104, Rho=2.353492, Grad_norm=0.4249, Final_scale=23.5349
🚀 APPLYING GUIDANCE at step 38 (timestep=486)
🎯 GUIDANCE STEP 38 (t=486): Loss=0.6123, Rho=7.227489, Grad_norm=0.1384, Final_scale=72.2749
🚀 APPLYING GUIDANCE at step 39 (timestep=458)
🎯 GUIDANCE STEP 39 (t=458): Loss=0.6138, Rho=2.956953, Grad_norm=0.3382, Final_scale=29.5695
🚀 APPLYING GUIDANCE at step 40 (timestep=428)
🎯 GUIDANCE STEP 40 (t=428): Loss=0.6094, Rho=7.031055, Grad_norm=0.1422, Final_scale=70.3106
🚀 APPLYING GUIDANCE at step 41 (timestep=396)
🎯 GUIDANCE STEP 41 (t=396): Loss=0.6128, Rho=7.144452, Grad_norm=0.1400, Final_scale=71.4445
🚀 APPLYING GUIDANCE at step 42 (timestep=363)
🎯 GUIDANCE STEP 42 (t=363): Loss=0.6113, Rho=6.857094, Grad_norm=0.1458, Final_scale=68.5709
🚀 APPLYING GUIDANCE at step 43 (timestep=327)
🎯 GUIDANCE STEP 43 (t=327): Loss=0.6108, Rho=8.249779, Grad_norm=0.1212, Final_scale=82.4978
🚀 APPLYING GUIDANCE at step 44 (timestep=290)
🎯 GUIDANCE STEP 44 (t=290): Loss=0.6099, Rho=1.705651, Grad_norm=0.5863, Final_scale=17.0565
🚀 APPLYING GUIDANCE at step 45 (timestep=249)
🎯 GUIDANCE STEP 45 (t=249): Loss=0.6084, Rho=8.607062, Grad_norm=0.1162, Final_scale=86.0706
🚀 APPLYING GUIDANCE at step 46 (timestep=206)
🎯 GUIDANCE STEP 46 (t=206): Loss=0.6089, Rho=9.836092, Grad_norm=0.1017, Final_scale=98.3609
🚀 APPLYING GUIDANCE at step 47 (timestep=160)
🎯 GUIDANCE STEP 47 (t=160): Loss=0.6108, Rho=15.898161, Grad_norm=0.0629, Final_scale=158.9816
🚀 APPLYING GUIDANCE at step 48 (timestep=111)
🎯 GUIDANCE STEP 48 (t=111): Loss=0.6084, Rho=7.715976, Grad_norm=0.1296, Final_scale=77.1598
🚀 APPLYING GUIDANCE at step 49 (timestep=57)
🎯 GUIDANCE STEP 49 (t=57): Loss=0.6045, Rho=8.411855, Grad_norm=0.1189, Final_scale=84.1185
[guidance_f17_s50_w8c6_rho10.0_cfg5.0_0701_1458] Generated: generated_videos/subject_consistency/guidance_f17_s50_w8c6_rho10.0_cfg5.0_0701_1458/007_a_motorcycle_turning_a_corner.mp4
[guidance_f17_s50_w8c6_rho10.0_cfg5.0_0701_1458] Generating video 9/9 (guidance): a motorcycle slowing down to stop
🎬 STARTING GUIDANCE PIPELINE GENERATION
   Frames: 17, Steps: 50, CFG Scale: 5.0

🔧 GUIDANCE PIPELINE CONFIGURATION:
   Guidance range: 0 - 1001
   Rho scale: 10.0
   V-JEPA kernel_size: 8
   V-JEPA context_length: 6
   V-JEPA stride: 2
   V-JEPA mode: max
   Total timesteps: 50

🚀 APPLYING GUIDANCE at step 0 (timestep=999)
🎯 GUIDANCE STEP 0 (t=999): Loss=0.5366, Rho=20.540628, Grad_norm=0.0487, Final_scale=205.4063
🚀 APPLYING GUIDANCE at step 1 (timestep=992)
🎯 GUIDANCE STEP 1 (t=992): Loss=0.5342, Rho=20.754435, Grad_norm=0.0482, Final_scale=207.5443
🚀 APPLYING GUIDANCE at step 2 (timestep=985)
🎯 GUIDANCE STEP 2 (t=985): Loss=0.5366, Rho=26.992567, Grad_norm=0.0370, Final_scale=269.9257
🚀 APPLYING GUIDANCE at step 3 (timestep=978)
🎯 GUIDANCE STEP 3 (t=978): Loss=0.5371, Rho=12.926159, Grad_norm=0.0774, Final_scale=129.2616
🚀 APPLYING GUIDANCE at step 4 (timestep=971)
🎯 GUIDANCE STEP 4 (t=971): Loss=0.5420, Rho=34.789623, Grad_norm=0.0287, Final_scale=347.8962
🚀 APPLYING GUIDANCE at step 5 (timestep=963)
🎯 GUIDANCE STEP 5 (t=963): Loss=0.5615, Rho=8.501456, Grad_norm=0.1176, Final_scale=85.0146
🚀 APPLYING GUIDANCE at step 6 (timestep=956)
🎯 GUIDANCE STEP 6 (t=956): Loss=0.5649, Rho=15.961077, Grad_norm=0.0627, Final_scale=159.6108
🚀 APPLYING GUIDANCE at step 7 (timestep=948)
🎯 GUIDANCE STEP 7 (t=948): Loss=0.5718, Rho=16.827341, Grad_norm=0.0594, Final_scale=168.2734
🚀 APPLYING GUIDANCE at step 8 (timestep=939)
🎯 GUIDANCE STEP 8 (t=939): Loss=0.5811, Rho=20.488119, Grad_norm=0.0488, Final_scale=204.8812
🚀 APPLYING GUIDANCE at step 9 (timestep=931)
🎯 GUIDANCE STEP 9 (t=931): Loss=0.5801, Rho=23.151039, Grad_norm=0.0432, Final_scale=231.5104
🚀 APPLYING GUIDANCE at step 10 (timestep=922)
🎯 GUIDANCE STEP 10 (t=922): Loss=0.5850, Rho=9.960446, Grad_norm=0.1004, Final_scale=99.6045
🚀 APPLYING GUIDANCE at step 11 (timestep=913)
🎯 GUIDANCE STEP 11 (t=913): Loss=0.5850, Rho=5.293684, Grad_norm=0.1889, Final_scale=52.9368
🚀 APPLYING GUIDANCE at step 12 (timestep=904)
🎯 GUIDANCE STEP 12 (t=904): Loss=0.5835, Rho=7.329974, Grad_norm=0.1364, Final_scale=73.2997
🚀 APPLYING GUIDANCE at step 13 (timestep=894)
🎯 GUIDANCE STEP 13 (t=894): Loss=0.5840, Rho=11.870091, Grad_norm=0.0842, Final_scale=118.7009
🚀 APPLYING GUIDANCE at step 14 (timestep=884)
🎯 GUIDANCE STEP 14 (t=884): Loss=0.5845, Rho=24.447664, Grad_norm=0.0409, Final_scale=244.4766
🚀 APPLYING GUIDANCE at step 15 (timestep=874)
🎯 GUIDANCE STEP 15 (t=874): Loss=0.5903, Rho=16.972696, Grad_norm=0.0589, Final_scale=169.7270
🚀 APPLYING GUIDANCE at step 16 (timestep=864)
🎯 GUIDANCE STEP 16 (t=864): Loss=0.5879, Rho=6.050862, Grad_norm=0.1653, Final_scale=60.5086
🚀 APPLYING GUIDANCE at step 17 (timestep=853)
🎯 GUIDANCE STEP 17 (t=853): Loss=0.5869, Rho=13.957327, Grad_norm=0.0716, Final_scale=139.5733
🚀 APPLYING GUIDANCE at step 18 (timestep=841)
🎯 GUIDANCE STEP 18 (t=841): Loss=0.5854, Rho=12.693092, Grad_norm=0.0788, Final_scale=126.9309
🚀 APPLYING GUIDANCE at step 19 (timestep=829)
🎯 GUIDANCE STEP 19 (t=829): Loss=0.5864, Rho=14.509954, Grad_norm=0.0689, Final_scale=145.0995
🚀 APPLYING GUIDANCE at step 20 (timestep=817)
🎯 GUIDANCE STEP 20 (t=817): Loss=0.5913, Rho=14.844860, Grad_norm=0.0674, Final_scale=148.4486
🚀 APPLYING GUIDANCE at step 21 (timestep=805)
🎯 GUIDANCE STEP 21 (t=805): Loss=0.5903, Rho=14.863663, Grad_norm=0.0673, Final_scale=148.6366
🚀 APPLYING GUIDANCE at step 22 (timestep=792)
🎯 GUIDANCE STEP 22 (t=792): Loss=0.5903, Rho=12.989309, Grad_norm=0.0770, Final_scale=129.8931
🚀 APPLYING GUIDANCE at step 23 (timestep=778)
🎯 GUIDANCE STEP 23 (t=778): Loss=0.5913, Rho=8.082303, Grad_norm=0.1237, Final_scale=80.8230
🚀 APPLYING GUIDANCE at step 24 (timestep=764)
🎯 GUIDANCE STEP 24 (t=764): Loss=0.5903, Rho=9.261518, Grad_norm=0.1080, Final_scale=92.6152
🚀 APPLYING GUIDANCE at step 25 (timestep=749)
🎯 GUIDANCE STEP 25 (t=749): Loss=0.5864, Rho=9.682300, Grad_norm=0.1033, Final_scale=96.8230
🚀 APPLYING GUIDANCE at step 26 (timestep=734)
🎯 GUIDANCE STEP 26 (t=734): Loss=0.5884, Rho=11.422499, Grad_norm=0.0875, Final_scale=114.2250
🚀 APPLYING GUIDANCE at step 27 (timestep=718)
🎯 GUIDANCE STEP 27 (t=718): Loss=0.5879, Rho=3.746457, Grad_norm=0.2669, Final_scale=37.4646
🚀 APPLYING GUIDANCE at step 28 (timestep=701)
🎯 GUIDANCE STEP 28 (t=701): Loss=0.5908, Rho=20.353395, Grad_norm=0.0491, Final_scale=203.5340
🚀 APPLYING GUIDANCE at step 29 (timestep=684)
🎯 GUIDANCE STEP 29 (t=684): Loss=0.5938, Rho=19.325216, Grad_norm=0.0517, Final_scale=193.2522
🚀 APPLYING GUIDANCE at step 30 (timestep=666)
🎯 GUIDANCE STEP 30 (t=666): Loss=0.5918, Rho=13.486682, Grad_norm=0.0741, Final_scale=134.8668
🚀 APPLYING GUIDANCE at step 31 (timestep=647)
🎯 GUIDANCE STEP 31 (t=647): Loss=0.5942, Rho=20.842508, Grad_norm=0.0480, Final_scale=208.4251
🚀 APPLYING GUIDANCE at step 32 (timestep=627)
🎯 GUIDANCE STEP 32 (t=627): Loss=0.5923, Rho=17.606524, Grad_norm=0.0568, Final_scale=176.0652
🚀 APPLYING GUIDANCE at step 33 (timestep=606)
🎯 GUIDANCE STEP 33 (t=606): Loss=0.5894, Rho=26.153807, Grad_norm=0.0382, Final_scale=261.5381
🚀 APPLYING GUIDANCE at step 34 (timestep=585)
🎯 GUIDANCE STEP 34 (t=585): Loss=0.5889, Rho=26.104464, Grad_norm=0.0383, Final_scale=261.0446
🚀 APPLYING GUIDANCE at step 35 (timestep=562)
🎯 GUIDANCE STEP 35 (t=562): Loss=0.5884, Rho=23.051939, Grad_norm=0.0434, Final_scale=230.5194
🚀 APPLYING GUIDANCE at step 36 (timestep=538)
🎯 GUIDANCE STEP 36 (t=538): Loss=0.5854, Rho=4.248289, Grad_norm=0.2354, Final_scale=42.4829
🚀 APPLYING GUIDANCE at step 37 (timestep=512)
🎯 GUIDANCE STEP 37 (t=512): Loss=0.5869, Rho=10.277441, Grad_norm=0.0973, Final_scale=102.7744
🚀 APPLYING GUIDANCE at step 38 (timestep=486)
🎯 GUIDANCE STEP 38 (t=486): Loss=0.5869, Rho=22.076839, Grad_norm=0.0453, Final_scale=220.7684
🚀 APPLYING GUIDANCE at step 39 (timestep=458)
🎯 GUIDANCE STEP 39 (t=458): Loss=0.5825, Rho=13.535244, Grad_norm=0.0739, Final_scale=135.3524
🚀 APPLYING GUIDANCE at step 40 (timestep=428)
🎯 GUIDANCE STEP 40 (t=428): Loss=0.5845, Rho=11.205723, Grad_norm=0.0892, Final_scale=112.0572
🚀 APPLYING GUIDANCE at step 41 (timestep=396)
🎯 GUIDANCE STEP 41 (t=396): Loss=0.5811, Rho=15.678970, Grad_norm=0.0638, Final_scale=156.7897
🚀 APPLYING GUIDANCE at step 42 (timestep=363)
🎯 GUIDANCE STEP 42 (t=363): Loss=0.5840, Rho=4.281806, Grad_norm=0.2335, Final_scale=42.8181
🚀 APPLYING GUIDANCE at step 43 (timestep=327)
🎯 GUIDANCE STEP 43 (t=327): Loss=0.5840, Rho=18.535128, Grad_norm=0.0540, Final_scale=185.3513
🚀 APPLYING GUIDANCE at step 44 (timestep=290)
🎯 GUIDANCE STEP 44 (t=290): Loss=0.5825, Rho=14.323489, Grad_norm=0.0698, Final_scale=143.2349
🚀 APPLYING GUIDANCE at step 45 (timestep=249)
🎯 GUIDANCE STEP 45 (t=249): Loss=0.5825, Rho=14.843676, Grad_norm=0.0674, Final_scale=148.4368
🚀 APPLYING GUIDANCE at step 46 (timestep=206)
🎯 GUIDANCE STEP 46 (t=206): Loss=0.5840, Rho=23.316626, Grad_norm=0.0429, Final_scale=233.1663
🚀 APPLYING GUIDANCE at step 47 (timestep=160)
🎯 GUIDANCE STEP 47 (t=160): Loss=0.5864, Rho=17.123003, Grad_norm=0.0584, Final_scale=171.2300
🚀 APPLYING GUIDANCE at step 48 (timestep=111)
🎯 GUIDANCE STEP 48 (t=111): Loss=0.5864, Rho=15.961451, Grad_norm=0.0627, Final_scale=159.6145
🚀 APPLYING GUIDANCE at step 49 (timestep=57)
🎯 GUIDANCE STEP 49 (t=57): Loss=0.5874, Rho=8.561454, Grad_norm=0.1168, Final_scale=85.6145
[guidance_f17_s50_w8c6_rho10.0_cfg5.0_0701_1458] Generated: generated_videos/subject_consistency/guidance_f17_s50_w8c6_rho10.0_cfg5.0_0701_1458/007_a_cat_drinking_water.mp4
[guidance_f17_s50_w8c6_rho10.0_cfg5.0_0701_1458] Generating video 9/9 (guidance): a cat running happily
🎬 STARTING GUIDANCE PIPELINE GENERATION
   Frames: 17, Steps: 50, CFG Scale: 5.0

🔧 GUIDANCE PIPELINE CONFIGURATION:
   Guidance range: 0 - 1001
   Rho scale: 10.0
   V-JEPA kernel_size: 8
   V-JEPA context_length: 6
   V-JEPA stride: 2
   V-JEPA mode: max
   Total timesteps: 50

🚀 APPLYING GUIDANCE at step 0 (timestep=999)
🎯 GUIDANCE STEP 0 (t=999): Loss=0.5723, Rho=15.364715, Grad_norm=0.0651, Final_scale=153.6471
🚀 APPLYING GUIDANCE at step 1 (timestep=992)
🎯 GUIDANCE STEP 1 (t=992): Loss=0.5342, Rho=24.508722, Grad_norm=0.0408, Final_scale=245.0872
🚀 APPLYING GUIDANCE at step 2 (timestep=985)
🎯 GUIDANCE STEP 2 (t=985): Loss=0.5547, Rho=21.080988, Grad_norm=0.0474, Final_scale=210.8099
🚀 APPLYING GUIDANCE at step 3 (timestep=978)
🎯 GUIDANCE STEP 3 (t=978): Loss=0.5537, Rho=17.438997, Grad_norm=0.0573, Final_scale=174.3900
🚀 APPLYING GUIDANCE at step 4 (timestep=971)
🎯 GUIDANCE STEP 4 (t=971): Loss=0.5503, Rho=12.062126, Grad_norm=0.0829, Final_scale=120.6213
🚀 APPLYING GUIDANCE at step 5 (timestep=963)
🎯 GUIDANCE STEP 5 (t=963): Loss=0.5527, Rho=10.596679, Grad_norm=0.0944, Final_scale=105.9668
🚀 APPLYING GUIDANCE at step 6 (timestep=956)
🎯 GUIDANCE STEP 6 (t=956): Loss=0.5542, Rho=31.694874, Grad_norm=0.0316, Final_scale=316.9487
🚀 APPLYING GUIDANCE at step 7 (timestep=948)
🎯 GUIDANCE STEP 7 (t=948): Loss=0.5503, Rho=36.147278, Grad_norm=0.0277, Final_scale=361.4728
🚀 APPLYING GUIDANCE at step 8 (timestep=939)
🎯 GUIDANCE STEP 8 (t=939): Loss=0.5522, Rho=12.202668, Grad_norm=0.0819, Final_scale=122.0267
🚀 APPLYING GUIDANCE at step 9 (timestep=931)
🎯 GUIDANCE STEP 9 (t=931): Loss=0.5562, Rho=31.201910, Grad_norm=0.0320, Final_scale=312.0191
🚀 APPLYING GUIDANCE at step 10 (timestep=922)
🎯 GUIDANCE STEP 10 (t=922): Loss=0.5620, Rho=8.925151, Grad_norm=0.1120, Final_scale=89.2515
🚀 APPLYING GUIDANCE at step 11 (timestep=913)
🎯 GUIDANCE STEP 11 (t=913): Loss=0.5728, Rho=30.050377, Grad_norm=0.0333, Final_scale=300.5038
🚀 APPLYING GUIDANCE at step 12 (timestep=904)
🎯 GUIDANCE STEP 12 (t=904): Loss=0.5762, Rho=23.371353, Grad_norm=0.0428, Final_scale=233.7135
🚀 APPLYING GUIDANCE at step 13 (timestep=894)
🎯 GUIDANCE STEP 13 (t=894): Loss=0.5796, Rho=21.734747, Grad_norm=0.0460, Final_scale=217.3475
🚀 APPLYING GUIDANCE at step 14 (timestep=884)
🎯 GUIDANCE STEP 14 (t=884): Loss=0.5815, Rho=26.312269, Grad_norm=0.0380, Final_scale=263.1227
🚀 APPLYING GUIDANCE at step 15 (timestep=874)
🎯 GUIDANCE STEP 15 (t=874): Loss=0.5854, Rho=12.424184, Grad_norm=0.0805, Final_scale=124.2418
🚀 APPLYING GUIDANCE at step 16 (timestep=864)
🎯 GUIDANCE STEP 16 (t=864): Loss=0.5874, Rho=26.599319, Grad_norm=0.0376, Final_scale=265.9932
🚀 APPLYING GUIDANCE at step 17 (timestep=853)
🎯 GUIDANCE STEP 17 (t=853): Loss=0.5884, Rho=24.662788, Grad_norm=0.0405, Final_scale=246.6279
🚀 APPLYING GUIDANCE at step 18 (timestep=841)
🎯 GUIDANCE STEP 18 (t=841): Loss=0.5835, Rho=22.676813, Grad_norm=0.0441, Final_scale=226.7681
🚀 APPLYING GUIDANCE at step 19 (timestep=829)
🎯 GUIDANCE STEP 19 (t=829): Loss=0.5859, Rho=30.006376, Grad_norm=0.0333, Final_scale=300.0638
🚀 APPLYING GUIDANCE at step 20 (timestep=817)
🎯 GUIDANCE STEP 20 (t=817): Loss=0.5864, Rho=20.342236, Grad_norm=0.0492, Final_scale=203.4224
🚀 APPLYING GUIDANCE at step 21 (timestep=805)
🎯 GUIDANCE STEP 21 (t=805): Loss=0.5879, Rho=12.036023, Grad_norm=0.0831, Final_scale=120.3602
🚀 APPLYING GUIDANCE at step 22 (timestep=792)
🎯 GUIDANCE STEP 22 (t=792): Loss=0.5859, Rho=6.313041, Grad_norm=0.1584, Final_scale=63.1304
🚀 APPLYING GUIDANCE at step 23 (timestep=778)
🎯 GUIDANCE STEP 23 (t=778): Loss=0.5830, Rho=13.896568, Grad_norm=0.0720, Final_scale=138.9657
🚀 APPLYING GUIDANCE at step 24 (timestep=764)
🎯 GUIDANCE STEP 24 (t=764): Loss=0.5864, Rho=8.273246, Grad_norm=0.1209, Final_scale=82.7325
🚀 APPLYING GUIDANCE at step 25 (timestep=749)
🎯 GUIDANCE STEP 25 (t=749): Loss=0.5840, Rho=17.908688, Grad_norm=0.0558, Final_scale=179.0869
🚀 APPLYING GUIDANCE at step 26 (timestep=734)
🎯 GUIDANCE STEP 26 (t=734): Loss=0.5845, Rho=20.860826, Grad_norm=0.0479, Final_scale=208.6083
🚀 APPLYING GUIDANCE at step 27 (timestep=718)
🎯 GUIDANCE STEP 27 (t=718): Loss=0.5825, Rho=14.944068, Grad_norm=0.0669, Final_scale=149.4407
🚀 APPLYING GUIDANCE at step 28 (timestep=701)
🎯 GUIDANCE STEP 28 (t=701): Loss=0.5825, Rho=6.357144, Grad_norm=0.1573, Final_scale=63.5714
🚀 APPLYING GUIDANCE at step 29 (timestep=684)
🎯 GUIDANCE STEP 29 (t=684): Loss=0.5820, Rho=30.677559, Grad_norm=0.0326, Final_scale=306.7756
🚀 APPLYING GUIDANCE at step 30 (timestep=666)
🎯 GUIDANCE STEP 30 (t=666): Loss=0.5786, Rho=14.179058, Grad_norm=0.0705, Final_scale=141.7906
🚀 APPLYING GUIDANCE at step 31 (timestep=647)
🎯 GUIDANCE STEP 31 (t=647): Loss=0.5806, Rho=21.401794, Grad_norm=0.0467, Final_scale=214.0179
🚀 APPLYING GUIDANCE at step 32 (timestep=627)
🎯 GUIDANCE STEP 32 (t=627): Loss=0.5791, Rho=22.902815, Grad_norm=0.0437, Final_scale=229.0281
🚀 APPLYING GUIDANCE at step 33 (timestep=606)
🎯 GUIDANCE STEP 33 (t=606): Loss=0.5825, Rho=18.071156, Grad_norm=0.0553, Final_scale=180.7116
🚀 APPLYING GUIDANCE at step 34 (timestep=585)
🎯 GUIDANCE STEP 34 (t=585): Loss=0.5757, Rho=20.811586, Grad_norm=0.0481, Final_scale=208.1159
🚀 APPLYING GUIDANCE at step 35 (timestep=562)
🎯 GUIDANCE STEP 35 (t=562): Loss=0.5742, Rho=38.650551, Grad_norm=0.0259, Final_scale=386.5055
🚀 APPLYING GUIDANCE at step 36 (timestep=538)
🎯 GUIDANCE STEP 36 (t=538): Loss=0.5757, Rho=12.503930, Grad_norm=0.0800, Final_scale=125.0393
🚀 APPLYING GUIDANCE at step 37 (timestep=512)
🎯 GUIDANCE STEP 37 (t=512): Loss=0.5820, Rho=8.382560, Grad_norm=0.1193, Final_scale=83.8256
🚀 APPLYING GUIDANCE at step 38 (timestep=486)
🎯 GUIDANCE STEP 38 (t=486): Loss=0.5781, Rho=12.371197, Grad_norm=0.0808, Final_scale=123.7120
🚀 APPLYING GUIDANCE at step 39 (timestep=458)
🎯 GUIDANCE STEP 39 (t=458): Loss=0.5820, Rho=29.353836, Grad_norm=0.0341, Final_scale=293.5384
🚀 APPLYING GUIDANCE at step 40 (timestep=428)
🎯 GUIDANCE STEP 40 (t=428): Loss=0.5815, Rho=25.761076, Grad_norm=0.0388, Final_scale=257.6108
🚀 APPLYING GUIDANCE at step 41 (timestep=396)
🎯 GUIDANCE STEP 41 (t=396): Loss=0.5830, Rho=24.572311, Grad_norm=0.0407, Final_scale=245.7231
🚀 APPLYING GUIDANCE at step 42 (timestep=363)
🎯 GUIDANCE STEP 42 (t=363): Loss=0.5811, Rho=10.035174, Grad_norm=0.0996, Final_scale=100.3517
🚀 APPLYING GUIDANCE at step 43 (timestep=327)
🎯 GUIDANCE STEP 43 (t=327): Loss=0.5840, Rho=26.084475, Grad_norm=0.0383, Final_scale=260.8447
🚀 APPLYING GUIDANCE at step 44 (timestep=290)
🎯 GUIDANCE STEP 44 (t=290): Loss=0.5786, Rho=22.719240, Grad_norm=0.0440, Final_scale=227.1924
🚀 APPLYING GUIDANCE at step 45 (timestep=249)
🎯 GUIDANCE STEP 45 (t=249): Loss=0.5811, Rho=13.678191, Grad_norm=0.0731, Final_scale=136.7819
🚀 APPLYING GUIDANCE at step 46 (timestep=206)
🎯 GUIDANCE STEP 46 (t=206): Loss=0.5815, Rho=19.035151, Grad_norm=0.0525, Final_scale=190.3515
🚀 APPLYING GUIDANCE at step 47 (timestep=160)
🎯 GUIDANCE STEP 47 (t=160): Loss=0.5786, Rho=11.071855, Grad_norm=0.0903, Final_scale=110.7185
🚀 APPLYING GUIDANCE at step 48 (timestep=111)
🎯 GUIDANCE STEP 48 (t=111): Loss=0.5771, Rho=10.645759, Grad_norm=0.0939, Final_scale=106.4576
🚀 APPLYING GUIDANCE at step 49 (timestep=57)
🎯 GUIDANCE STEP 49 (t=57): Loss=0.5811, Rho=7.817993, Grad_norm=0.1279, Final_scale=78.1799
[guidance_f17_s50_w8c6_rho10.0_cfg5.0_0701_1458] Generated: generated_videos/subject_consistency/guidance_f17_s50_w8c6_rho10.0_cfg5.0_0701_1458/007_a_giraffe_taking_a_peaceful_walk.mp4
[guidance_f17_s50_w8c6_rho10.0_cfg5.0_0701_1458] Generating video 9/9 (guidance): a giraffe running to join a herd of its kind
🎬 STARTING GUIDANCE PIPELINE GENERATION
   Frames: 17, Steps: 50, CFG Scale: 5.0

🔧 GUIDANCE PIPELINE CONFIGURATION:
   Guidance range: 0 - 1001
   Rho scale: 10.0
   V-JEPA kernel_size: 8
   V-JEPA context_length: 6
   V-JEPA stride: 2
   V-JEPA mode: max
   Total timesteps: 50

🚀 APPLYING GUIDANCE at step 0 (timestep=999)
🎯 GUIDANCE STEP 0 (t=999): Loss=0.5684, Rho=14.468922, Grad_norm=0.0691, Final_scale=144.6892
🚀 APPLYING GUIDANCE at step 1 (timestep=992)
🎯 GUIDANCE STEP 1 (t=992): Loss=0.5391, Rho=38.891109, Grad_norm=0.0257, Final_scale=388.9111
🚀 APPLYING GUIDANCE at step 2 (timestep=985)
🎯 GUIDANCE STEP 2 (t=985): Loss=0.5386, Rho=21.812140, Grad_norm=0.0458, Final_scale=218.1214
🚀 APPLYING GUIDANCE at step 3 (timestep=978)
🎯 GUIDANCE STEP 3 (t=978): Loss=0.5439, Rho=7.062768, Grad_norm=0.1416, Final_scale=70.6277
🚀 APPLYING GUIDANCE at step 4 (timestep=971)
🎯 GUIDANCE STEP 4 (t=971): Loss=0.5503, Rho=21.783131, Grad_norm=0.0459, Final_scale=217.8313
🚀 APPLYING GUIDANCE at step 5 (timestep=963)
🎯 GUIDANCE STEP 5 (t=963): Loss=0.5620, Rho=21.054232, Grad_norm=0.0475, Final_scale=210.5423
🚀 APPLYING GUIDANCE at step 6 (timestep=956)
🎯 GUIDANCE STEP 6 (t=956): Loss=0.5757, Rho=17.128059, Grad_norm=0.0584, Final_scale=171.2806
🚀 APPLYING GUIDANCE at step 7 (timestep=948)
🎯 GUIDANCE STEP 7 (t=948): Loss=0.5806, Rho=27.442425, Grad_norm=0.0364, Final_scale=274.4242
🚀 APPLYING GUIDANCE at step 8 (timestep=939)
🎯 GUIDANCE STEP 8 (t=939): Loss=0.5762, Rho=22.091234, Grad_norm=0.0453, Final_scale=220.9123
🚀 APPLYING GUIDANCE at step 9 (timestep=931)
🎯 GUIDANCE STEP 9 (t=931): Loss=0.5806, Rho=13.136621, Grad_norm=0.0761, Final_scale=131.3662
🚀 APPLYING GUIDANCE at step 10 (timestep=922)
🎯 GUIDANCE STEP 10 (t=922): Loss=0.5854, Rho=7.920101, Grad_norm=0.1263, Final_scale=79.2010
🚀 APPLYING GUIDANCE at step 11 (timestep=913)
🎯 GUIDANCE STEP 11 (t=913): Loss=0.5825, Rho=15.591181, Grad_norm=0.0641, Final_scale=155.9118
🚀 APPLYING GUIDANCE at step 12 (timestep=904)
🎯 GUIDANCE STEP 12 (t=904): Loss=0.5801, Rho=21.292805, Grad_norm=0.0470, Final_scale=212.9280
🚀 APPLYING GUIDANCE at step 13 (timestep=894)
🎯 GUIDANCE STEP 13 (t=894): Loss=0.5845, Rho=9.404795, Grad_norm=0.1063, Final_scale=94.0479
🚀 APPLYING GUIDANCE at step 14 (timestep=884)
🎯 GUIDANCE STEP 14 (t=884): Loss=0.5835, Rho=6.374934, Grad_norm=0.1569, Final_scale=63.7493
🚀 APPLYING GUIDANCE at step 15 (timestep=874)
🎯 GUIDANCE STEP 15 (t=874): Loss=0.5879, Rho=13.773822, Grad_norm=0.0726, Final_scale=137.7382
🚀 APPLYING GUIDANCE at step 16 (timestep=864)
🎯 GUIDANCE STEP 16 (t=864): Loss=0.5815, Rho=7.154166, Grad_norm=0.1398, Final_scale=71.5417
🚀 APPLYING GUIDANCE at step 17 (timestep=853)
🎯 GUIDANCE STEP 17 (t=853): Loss=0.5874, Rho=8.023118, Grad_norm=0.1246, Final_scale=80.2312
🚀 APPLYING GUIDANCE at step 18 (timestep=841)
🎯 GUIDANCE STEP 18 (t=841): Loss=0.5957, Rho=5.704957, Grad_norm=0.1753, Final_scale=57.0496
🚀 APPLYING GUIDANCE at step 19 (timestep=829)
🎯 GUIDANCE STEP 19 (t=829): Loss=0.6001, Rho=10.023562, Grad_norm=0.0998, Final_scale=100.2356
🚀 APPLYING GUIDANCE at step 20 (timestep=817)
🎯 GUIDANCE STEP 20 (t=817): Loss=0.6050, Rho=8.180099, Grad_norm=0.1222, Final_scale=81.8010
🚀 APPLYING GUIDANCE at step 21 (timestep=805)
🎯 GUIDANCE STEP 21 (t=805): Loss=0.6104, Rho=10.709166, Grad_norm=0.0934, Final_scale=107.0917
🚀 APPLYING GUIDANCE at step 22 (timestep=792)
🎯 GUIDANCE STEP 22 (t=792): Loss=0.6050, Rho=14.327964, Grad_norm=0.0698, Final_scale=143.2796
🚀 APPLYING GUIDANCE at step 23 (timestep=778)
🎯 GUIDANCE STEP 23 (t=778): Loss=0.6045, Rho=15.409488, Grad_norm=0.0649, Final_scale=154.0949
🚀 APPLYING GUIDANCE at step 24 (timestep=764)
🎯 GUIDANCE STEP 24 (t=764): Loss=0.6064, Rho=17.868092, Grad_norm=0.0560, Final_scale=178.6809
🚀 APPLYING GUIDANCE at step 25 (timestep=749)
🎯 GUIDANCE STEP 25 (t=749): Loss=0.6040, Rho=11.440170, Grad_norm=0.0874, Final_scale=114.4017
🚀 APPLYING GUIDANCE at step 26 (timestep=734)
🎯 GUIDANCE STEP 26 (t=734): Loss=0.6074, Rho=6.491493, Grad_norm=0.1540, Final_scale=64.9149
🚀 APPLYING GUIDANCE at step 27 (timestep=718)
🎯 GUIDANCE STEP 27 (t=718): Loss=0.6089, Rho=5.873555, Grad_norm=0.1703, Final_scale=58.7355
🚀 APPLYING GUIDANCE at step 28 (timestep=701)
🎯 GUIDANCE STEP 28 (t=701): Loss=0.6123, Rho=11.620329, Grad_norm=0.0861, Final_scale=116.2033
🚀 APPLYING GUIDANCE at step 29 (timestep=684)
🎯 GUIDANCE STEP 29 (t=684): Loss=0.6118, Rho=12.616799, Grad_norm=0.0793, Final_scale=126.1680
🚀 APPLYING GUIDANCE at step 30 (timestep=666)
🎯 GUIDANCE STEP 30 (t=666): Loss=0.6069, Rho=11.837881, Grad_norm=0.0845, Final_scale=118.3788
🚀 APPLYING GUIDANCE at step 31 (timestep=647)
🎯 GUIDANCE STEP 31 (t=647): Loss=0.6104, Rho=4.849577, Grad_norm=0.2062, Final_scale=48.4958
🚀 APPLYING GUIDANCE at step 32 (timestep=627)
🎯 GUIDANCE STEP 32 (t=627): Loss=0.6025, Rho=12.695270, Grad_norm=0.0788, Final_scale=126.9527
🚀 APPLYING GUIDANCE at step 33 (timestep=606)
🎯 GUIDANCE STEP 33 (t=606): Loss=0.5962, Rho=9.856382, Grad_norm=0.1015, Final_scale=98.5638
🚀 APPLYING GUIDANCE at step 34 (timestep=585)
🎯 GUIDANCE STEP 34 (t=585): Loss=0.5938, Rho=6.237157, Grad_norm=0.1603, Final_scale=62.3716
🚀 APPLYING GUIDANCE at step 35 (timestep=562)
🎯 GUIDANCE STEP 35 (t=562): Loss=0.6064, Rho=16.040590, Grad_norm=0.0623, Final_scale=160.4059
🚀 APPLYING GUIDANCE at step 36 (timestep=538)
🎯 GUIDANCE STEP 36 (t=538): Loss=0.6060, Rho=14.348804, Grad_norm=0.0697, Final_scale=143.4880
🚀 APPLYING GUIDANCE at step 37 (timestep=512)
🎯 GUIDANCE STEP 37 (t=512): Loss=0.6084, Rho=26.607458, Grad_norm=0.0376, Final_scale=266.0746
🚀 APPLYING GUIDANCE at step 38 (timestep=486)
🎯 GUIDANCE STEP 38 (t=486): Loss=0.6079, Rho=20.395977, Grad_norm=0.0490, Final_scale=203.9598
🚀 APPLYING GUIDANCE at step 39 (timestep=458)
🎯 GUIDANCE STEP 39 (t=458): Loss=0.6006, Rho=21.168953, Grad_norm=0.0472, Final_scale=211.6895
🚀 APPLYING GUIDANCE at step 40 (timestep=428)
🎯 GUIDANCE STEP 40 (t=428): Loss=0.5996, Rho=8.709715, Grad_norm=0.1148, Final_scale=87.0971
🚀 APPLYING GUIDANCE at step 41 (timestep=396)
🎯 GUIDANCE STEP 41 (t=396): Loss=0.6021, Rho=25.213188, Grad_norm=0.0397, Final_scale=252.1319
🚀 APPLYING GUIDANCE at step 42 (timestep=363)
🎯 GUIDANCE STEP 42 (t=363): Loss=0.5977, Rho=17.195118, Grad_norm=0.0582, Final_scale=171.9512
🚀 APPLYING GUIDANCE at step 43 (timestep=327)
🎯 GUIDANCE STEP 43 (t=327): Loss=0.5918, Rho=15.497568, Grad_norm=0.0645, Final_scale=154.9757
🚀 APPLYING GUIDANCE at step 44 (timestep=290)
🎯 GUIDANCE STEP 44 (t=290): Loss=0.6006, Rho=18.570189, Grad_norm=0.0538, Final_scale=185.7019
🚀 APPLYING GUIDANCE at step 45 (timestep=249)
🎯 GUIDANCE STEP 45 (t=249): Loss=0.6025, Rho=36.840405, Grad_norm=0.0271, Final_scale=368.4040
🚀 APPLYING GUIDANCE at step 46 (timestep=206)
🎯 GUIDANCE STEP 46 (t=206): Loss=0.5938, Rho=8.258555, Grad_norm=0.1211, Final_scale=82.5856
🚀 APPLYING GUIDANCE at step 47 (timestep=160)
🎯 GUIDANCE STEP 47 (t=160): Loss=0.5967, Rho=9.556795, Grad_norm=0.1046, Final_scale=95.5680
🚀 APPLYING GUIDANCE at step 48 (timestep=111)
🎯 GUIDANCE STEP 48 (t=111): Loss=0.5908, Rho=26.247358, Grad_norm=0.0381, Final_scale=262.4736
🚀 APPLYING GUIDANCE at step 49 (timestep=57)
🎯 GUIDANCE STEP 49 (t=57): Loss=0.5859, Rho=16.650288, Grad_norm=0.0601, Final_scale=166.5029
[guidance_f17_s50_w8c6_rho10.0_cfg5.0_0701_1458] Generated: generated_videos/subject_consistency/guidance_f17_s50_w8c6_rho10.0_cfg5.0_0701_1458/007_a_truck_accelerating_to_gain_speed.mp4
[guidance_f17_s50_w8c6_rho10.0_cfg5.0_0701_1458] Generating video 9/9 (guidance): a boat sailing smoothly on a calm lake
🎬 STARTING GUIDANCE PIPELINE GENERATION
   Frames: 17, Steps: 50, CFG Scale: 5.0

🔧 GUIDANCE PIPELINE CONFIGURATION:
   Guidance range: 0 - 1001
   Rho scale: 10.0
   V-JEPA kernel_size: 8
   V-JEPA context_length: 6
   V-JEPA stride: 2
   V-JEPA mode: max
   Total timesteps: 50

🚀 APPLYING GUIDANCE at step 0 (timestep=999)
🎯 GUIDANCE STEP 0 (t=999): Loss=0.5850, Rho=10.157649, Grad_norm=0.0984, Final_scale=101.5765
🚀 APPLYING GUIDANCE at step 1 (timestep=992)
🎯 GUIDANCE STEP 1 (t=992): Loss=0.5322, Rho=26.199821, Grad_norm=0.0382, Final_scale=261.9982
🚀 APPLYING GUIDANCE at step 2 (timestep=985)
🎯 GUIDANCE STEP 2 (t=985): Loss=0.5371, Rho=23.345463, Grad_norm=0.0428, Final_scale=233.4546
🚀 APPLYING GUIDANCE at step 3 (timestep=978)
🎯 GUIDANCE STEP 3 (t=978): Loss=0.5405, Rho=21.981125, Grad_norm=0.0455, Final_scale=219.8112
🚀 APPLYING GUIDANCE at step 4 (timestep=971)
🎯 GUIDANCE STEP 4 (t=971): Loss=0.5518, Rho=15.729190, Grad_norm=0.0636, Final_scale=157.2919
🚀 APPLYING GUIDANCE at step 5 (timestep=963)
🎯 GUIDANCE STEP 5 (t=963): Loss=0.5791, Rho=5.032403, Grad_norm=0.1987, Final_scale=50.3240
🚀 APPLYING GUIDANCE at step 6 (timestep=956)
🎯 GUIDANCE STEP 6 (t=956): Loss=0.5728, Rho=8.973205, Grad_norm=0.1114, Final_scale=89.7320
🚀 APPLYING GUIDANCE at step 7 (timestep=948)
🎯 GUIDANCE STEP 7 (t=948): Loss=0.5854, Rho=16.102871, Grad_norm=0.0621, Final_scale=161.0287
🚀 APPLYING GUIDANCE at step 8 (timestep=939)
🎯 GUIDANCE STEP 8 (t=939): Loss=0.5854, Rho=12.020622, Grad_norm=0.0832, Final_scale=120.2062
🚀 APPLYING GUIDANCE at step 9 (timestep=931)
🎯 GUIDANCE STEP 9 (t=931): Loss=0.5850, Rho=15.145046, Grad_norm=0.0660, Final_scale=151.4505
🚀 APPLYING GUIDANCE at step 10 (timestep=922)
🎯 GUIDANCE STEP 10 (t=922): Loss=0.5898, Rho=16.745518, Grad_norm=0.0597, Final_scale=167.4552
🚀 APPLYING GUIDANCE at step 11 (timestep=913)
🎯 GUIDANCE STEP 11 (t=913): Loss=0.5903, Rho=11.214063, Grad_norm=0.0892, Final_scale=112.1406
🚀 APPLYING GUIDANCE at step 12 (timestep=904)
🎯 GUIDANCE STEP 12 (t=904): Loss=0.5933, Rho=17.049273, Grad_norm=0.0587, Final_scale=170.4927
🚀 APPLYING GUIDANCE at step 13 (timestep=894)
🎯 GUIDANCE STEP 13 (t=894): Loss=0.6030, Rho=9.814090, Grad_norm=0.1019, Final_scale=98.1409
🚀 APPLYING GUIDANCE at step 14 (timestep=884)
🎯 GUIDANCE STEP 14 (t=884): Loss=0.6025, Rho=15.517586, Grad_norm=0.0644, Final_scale=155.1759
🚀 APPLYING GUIDANCE at step 15 (timestep=874)
🎯 GUIDANCE STEP 15 (t=874): Loss=0.6016, Rho=9.235294, Grad_norm=0.1083, Final_scale=92.3529
🚀 APPLYING GUIDANCE at step 16 (timestep=864)
🎯 GUIDANCE STEP 16 (t=864): Loss=0.6040, Rho=14.698873, Grad_norm=0.0680, Final_scale=146.9887
🚀 APPLYING GUIDANCE at step 17 (timestep=853)
🎯 GUIDANCE STEP 17 (t=853): Loss=0.6045, Rho=7.861928, Grad_norm=0.1272, Final_scale=78.6193
🚀 APPLYING GUIDANCE at step 18 (timestep=841)
🎯 GUIDANCE STEP 18 (t=841): Loss=0.6074, Rho=8.051877, Grad_norm=0.1242, Final_scale=80.5188
🚀 APPLYING GUIDANCE at step 19 (timestep=829)
🎯 GUIDANCE STEP 19 (t=829): Loss=0.6060, Rho=16.040426, Grad_norm=0.0623, Final_scale=160.4043
🚀 APPLYING GUIDANCE at step 20 (timestep=817)
🎯 GUIDANCE STEP 20 (t=817): Loss=0.6084, Rho=9.674508, Grad_norm=0.1034, Final_scale=96.7451
🚀 APPLYING GUIDANCE at step 21 (timestep=805)
🎯 GUIDANCE STEP 21 (t=805): Loss=0.6074, Rho=11.361254, Grad_norm=0.0880, Final_scale=113.6125
🚀 APPLYING GUIDANCE at step 22 (timestep=792)
🎯 GUIDANCE STEP 22 (t=792): Loss=0.6055, Rho=11.512491, Grad_norm=0.0869, Final_scale=115.1249
🚀 APPLYING GUIDANCE at step 23 (timestep=778)
🎯 GUIDANCE STEP 23 (t=778): Loss=0.6104, Rho=6.434851, Grad_norm=0.1554, Final_scale=64.3485
🚀 APPLYING GUIDANCE at step 24 (timestep=764)
🎯 GUIDANCE STEP 24 (t=764): Loss=0.6060, Rho=2.805790, Grad_norm=0.3564, Final_scale=28.0579
🚀 APPLYING GUIDANCE at step 25 (timestep=749)
🎯 GUIDANCE STEP 25 (t=749): Loss=0.6055, Rho=10.921192, Grad_norm=0.0916, Final_scale=109.2119
🚀 APPLYING GUIDANCE at step 26 (timestep=734)
🎯 GUIDANCE STEP 26 (t=734): Loss=0.6074, Rho=8.097651, Grad_norm=0.1235, Final_scale=80.9765
🚀 APPLYING GUIDANCE at step 27 (timestep=718)
🎯 GUIDANCE STEP 27 (t=718): Loss=0.6060, Rho=4.732797, Grad_norm=0.2113, Final_scale=47.3280
🚀 APPLYING GUIDANCE at step 28 (timestep=701)
🎯 GUIDANCE STEP 28 (t=701): Loss=0.6040, Rho=13.614254, Grad_norm=0.0735, Final_scale=136.1425
🚀 APPLYING GUIDANCE at step 29 (timestep=684)
🎯 GUIDANCE STEP 29 (t=684): Loss=0.6025, Rho=7.985511, Grad_norm=0.1252, Final_scale=79.8551
🚀 APPLYING GUIDANCE at step 30 (timestep=666)
🎯 GUIDANCE STEP 30 (t=666): Loss=0.6025, Rho=7.654650, Grad_norm=0.1306, Final_scale=76.5465
🚀 APPLYING GUIDANCE at step 31 (timestep=647)
🎯 GUIDANCE STEP 31 (t=647): Loss=0.6035, Rho=11.204455, Grad_norm=0.0893, Final_scale=112.0446
🚀 APPLYING GUIDANCE at step 32 (timestep=627)
🎯 GUIDANCE STEP 32 (t=627): Loss=0.5986, Rho=13.681200, Grad_norm=0.0731, Final_scale=136.8120
🚀 APPLYING GUIDANCE at step 33 (timestep=606)
🎯 GUIDANCE STEP 33 (t=606): Loss=0.5977, Rho=8.150186, Grad_norm=0.1227, Final_scale=81.5019
🚀 APPLYING GUIDANCE at step 34 (timestep=585)
🎯 GUIDANCE STEP 34 (t=585): Loss=0.5981, Rho=7.951915, Grad_norm=0.1258, Final_scale=79.5191
🚀 APPLYING GUIDANCE at step 35 (timestep=562)
🎯 GUIDANCE STEP 35 (t=562): Loss=0.6001, Rho=14.634942, Grad_norm=0.0683, Final_scale=146.3494
🚀 APPLYING GUIDANCE at step 36 (timestep=538)
🎯 GUIDANCE STEP 36 (t=538): Loss=0.6016, Rho=4.812323, Grad_norm=0.2078, Final_scale=48.1232
🚀 APPLYING GUIDANCE at step 37 (timestep=512)
🎯 GUIDANCE STEP 37 (t=512): Loss=0.6011, Rho=16.057867, Grad_norm=0.0623, Final_scale=160.5787
🚀 APPLYING GUIDANCE at step 38 (timestep=486)
🎯 GUIDANCE STEP 38 (t=486): Loss=0.5986, Rho=19.382725, Grad_norm=0.0516, Final_scale=193.8272
🚀 APPLYING GUIDANCE at step 39 (timestep=458)
🎯 GUIDANCE STEP 39 (t=458): Loss=0.5981, Rho=15.896041, Grad_norm=0.0629, Final_scale=158.9604
🚀 APPLYING GUIDANCE at step 40 (timestep=428)
🎯 GUIDANCE STEP 40 (t=428): Loss=0.5938, Rho=11.913025, Grad_norm=0.0839, Final_scale=119.1302
🚀 APPLYING GUIDANCE at step 41 (timestep=396)
🎯 GUIDANCE STEP 41 (t=396): Loss=0.5986, Rho=24.177324, Grad_norm=0.0414, Final_scale=241.7732
🚀 APPLYING GUIDANCE at step 42 (timestep=363)
🎯 GUIDANCE STEP 42 (t=363): Loss=0.6006, Rho=22.075546, Grad_norm=0.0453, Final_scale=220.7555
🚀 APPLYING GUIDANCE at step 43 (timestep=327)
🎯 GUIDANCE STEP 43 (t=327): Loss=0.5952, Rho=14.969574, Grad_norm=0.0668, Final_scale=149.6957
🚀 APPLYING GUIDANCE at step 44 (timestep=290)
🎯 GUIDANCE STEP 44 (t=290): Loss=0.5957, Rho=13.003233, Grad_norm=0.0769, Final_scale=130.0323
🚀 APPLYING GUIDANCE at step 45 (timestep=249)
🎯 GUIDANCE STEP 45 (t=249): Loss=0.5952, Rho=20.898254, Grad_norm=0.0479, Final_scale=208.9825
🚀 APPLYING GUIDANCE at step 46 (timestep=206)
🎯 GUIDANCE STEP 46 (t=206): Loss=0.5947, Rho=26.903246, Grad_norm=0.0372, Final_scale=269.0325
🚀 APPLYING GUIDANCE at step 47 (timestep=160)
🎯 GUIDANCE STEP 47 (t=160): Loss=0.5942, Rho=26.741785, Grad_norm=0.0374, Final_scale=267.4179
🚀 APPLYING GUIDANCE at step 48 (timestep=111)
🎯 GUIDANCE STEP 48 (t=111): Loss=0.5894, Rho=16.532206, Grad_norm=0.0605, Final_scale=165.3221
🚀 APPLYING GUIDANCE at step 49 (timestep=57)
🎯 GUIDANCE STEP 49 (t=57): Loss=0.5947, Rho=6.219388, Grad_norm=0.1608, Final_scale=62.1939
[guidance_f17_s50_w8c6_rho10.0_cfg5.0_0701_1458] Generated: generated_videos/subject_consistency/guidance_f17_s50_w8c6_rho10.0_cfg5.0_0701_1458/007_a_bus_stuck_in_traffic_during_rush_hour.mp4
[guidance_f17_s50_w8c6_rho10.0_cfg5.0_0701_1458] Generating video 9/9 (guidance): a bus accelerating to gain speed
🎬 STARTING GUIDANCE PIPELINE GENERATION
   Frames: 17, Steps: 50, CFG Scale: 5.0

🔧 GUIDANCE PIPELINE CONFIGURATION:
   Guidance range: 0 - 1001
   Rho scale: 10.0
   V-JEPA kernel_size: 8
   V-JEPA context_length: 6
   V-JEPA stride: 2
   V-JEPA mode: max
   Total timesteps: 50

🚀 APPLYING GUIDANCE at step 0 (timestep=999)
🎯 GUIDANCE STEP 0 (t=999): Loss=0.5547, Rho=3.324625, Grad_norm=0.3008, Final_scale=33.2463
🚀 APPLYING GUIDANCE at step 1 (timestep=992)
🎯 GUIDANCE STEP 1 (t=992): Loss=0.5366, Rho=13.363163, Grad_norm=0.0748, Final_scale=133.6316
🚀 APPLYING GUIDANCE at step 2 (timestep=985)
🎯 GUIDANCE STEP 2 (t=985): Loss=0.5903, Rho=11.685306, Grad_norm=0.0856, Final_scale=116.8531
🚀 APPLYING GUIDANCE at step 3 (timestep=978)
🎯 GUIDANCE STEP 3 (t=978): Loss=0.5981, Rho=6.701732, Grad_norm=0.1492, Final_scale=67.0173
🚀 APPLYING GUIDANCE at step 4 (timestep=971)
🎯 GUIDANCE STEP 4 (t=971): Loss=0.5835, Rho=9.358439, Grad_norm=0.1069, Final_scale=93.5844
🚀 APPLYING GUIDANCE at step 5 (timestep=963)
🎯 GUIDANCE STEP 5 (t=963): Loss=0.6060, Rho=10.977521, Grad_norm=0.0911, Final_scale=109.7752
🚀 APPLYING GUIDANCE at step 6 (timestep=956)
🎯 GUIDANCE STEP 6 (t=956): Loss=0.6060, Rho=4.219790, Grad_norm=0.2370, Final_scale=42.1979
🚀 APPLYING GUIDANCE at step 7 (timestep=948)
🎯 GUIDANCE STEP 7 (t=948): Loss=0.6118, Rho=3.051350, Grad_norm=0.3277, Final_scale=30.5135
🚀 APPLYING GUIDANCE at step 8 (timestep=939)
🎯 GUIDANCE STEP 8 (t=939): Loss=0.6074, Rho=3.149051, Grad_norm=0.3176, Final_scale=31.4905
🚀 APPLYING GUIDANCE at step 9 (timestep=931)
🎯 GUIDANCE STEP 9 (t=931): Loss=0.6118, Rho=7.209181, Grad_norm=0.1387, Final_scale=72.0918
🚀 APPLYING GUIDANCE at step 10 (timestep=922)
🎯 GUIDANCE STEP 10 (t=922): Loss=0.6133, Rho=3.346163, Grad_norm=0.2988, Final_scale=33.4616
🚀 APPLYING GUIDANCE at step 11 (timestep=913)
🎯 GUIDANCE STEP 11 (t=913): Loss=0.6152, Rho=5.659389, Grad_norm=0.1767, Final_scale=56.5939
🚀 APPLYING GUIDANCE at step 12 (timestep=904)
🎯 GUIDANCE STEP 12 (t=904): Loss=0.6108, Rho=6.431595, Grad_norm=0.1555, Final_scale=64.3159
🚀 APPLYING GUIDANCE at step 13 (timestep=894)
🎯 GUIDANCE STEP 13 (t=894): Loss=0.6069, Rho=7.549882, Grad_norm=0.1325, Final_scale=75.4988
🚀 APPLYING GUIDANCE at step 14 (timestep=884)
🎯 GUIDANCE STEP 14 (t=884): Loss=0.6040, Rho=5.521187, Grad_norm=0.1811, Final_scale=55.2119
🚀 APPLYING GUIDANCE at step 15 (timestep=874)
🎯 GUIDANCE STEP 15 (t=874): Loss=0.6040, Rho=8.422811, Grad_norm=0.1187, Final_scale=84.2281
🚀 APPLYING GUIDANCE at step 16 (timestep=864)
🎯 GUIDANCE STEP 16 (t=864): Loss=0.6099, Rho=2.959110, Grad_norm=0.3379, Final_scale=29.5911
🚀 APPLYING GUIDANCE at step 17 (timestep=853)
🎯 GUIDANCE STEP 17 (t=853): Loss=0.6089, Rho=4.760112, Grad_norm=0.2101, Final_scale=47.6011
🚀 APPLYING GUIDANCE at step 18 (timestep=841)
🎯 GUIDANCE STEP 18 (t=841): Loss=0.6079, Rho=10.153487, Grad_norm=0.0985, Final_scale=101.5349
🚀 APPLYING GUIDANCE at step 19 (timestep=829)
🎯 GUIDANCE STEP 19 (t=829): Loss=0.6094, Rho=3.909326, Grad_norm=0.2558, Final_scale=39.0933
🚀 APPLYING GUIDANCE at step 20 (timestep=817)
🎯 GUIDANCE STEP 20 (t=817): Loss=0.6147, Rho=5.916648, Grad_norm=0.1690, Final_scale=59.1665
🚀 APPLYING GUIDANCE at step 21 (timestep=805)
🎯 GUIDANCE STEP 21 (t=805): Loss=0.6108, Rho=5.500836, Grad_norm=0.1818, Final_scale=55.0084
🚀 APPLYING GUIDANCE at step 22 (timestep=792)
🎯 GUIDANCE STEP 22 (t=792): Loss=0.6108, Rho=3.947914, Grad_norm=0.2533, Final_scale=39.4791
🚀 APPLYING GUIDANCE at step 23 (timestep=778)
🎯 GUIDANCE STEP 23 (t=778): Loss=0.6094, Rho=4.956783, Grad_norm=0.2017, Final_scale=49.5678
🚀 APPLYING GUIDANCE at step 24 (timestep=764)
🎯 GUIDANCE STEP 24 (t=764): Loss=0.6128, Rho=8.345355, Grad_norm=0.1198, Final_scale=83.4536
🚀 APPLYING GUIDANCE at step 25 (timestep=749)
🎯 GUIDANCE STEP 25 (t=749): Loss=0.6108, Rho=1.655715, Grad_norm=0.6040, Final_scale=16.5571
🚀 APPLYING GUIDANCE at step 26 (timestep=734)
🎯 GUIDANCE STEP 26 (t=734): Loss=0.6089, Rho=9.267510, Grad_norm=0.1079, Final_scale=92.6751
🚀 APPLYING GUIDANCE at step 27 (timestep=718)
🎯 GUIDANCE STEP 27 (t=718): Loss=0.6079, Rho=8.787333, Grad_norm=0.1138, Final_scale=87.8733
🚀 APPLYING GUIDANCE at step 28 (timestep=701)
🎯 GUIDANCE STEP 28 (t=701): Loss=0.6118, Rho=3.117846, Grad_norm=0.3207, Final_scale=31.1785
🚀 APPLYING GUIDANCE at step 29 (timestep=684)
🎯 GUIDANCE STEP 29 (t=684): Loss=0.6069, Rho=4.362702, Grad_norm=0.2292, Final_scale=43.6270
🚀 APPLYING GUIDANCE at step 30 (timestep=666)
🎯 GUIDANCE STEP 30 (t=666): Loss=0.6104, Rho=8.046082, Grad_norm=0.1243, Final_scale=80.4608
🚀 APPLYING GUIDANCE at step 31 (timestep=647)
🎯 GUIDANCE STEP 31 (t=647): Loss=0.6079, Rho=9.705486, Grad_norm=0.1030, Final_scale=97.0549
🚀 APPLYING GUIDANCE at step 32 (timestep=627)
🎯 GUIDANCE STEP 32 (t=627): Loss=0.6089, Rho=9.518859, Grad_norm=0.1051, Final_scale=95.1886
🚀 APPLYING GUIDANCE at step 33 (timestep=606)
🎯 GUIDANCE STEP 33 (t=606): Loss=0.6128, Rho=6.852386, Grad_norm=0.1459, Final_scale=68.5239
🚀 APPLYING GUIDANCE at step 34 (timestep=585)
🎯 GUIDANCE STEP 34 (t=585): Loss=0.6094, Rho=7.381869, Grad_norm=0.1355, Final_scale=73.8187
🚀 APPLYING GUIDANCE at step 35 (timestep=562)
🎯 GUIDANCE STEP 35 (t=562): Loss=0.6074, Rho=12.353414, Grad_norm=0.0809, Final_scale=123.5341
🚀 APPLYING GUIDANCE at step 36 (timestep=538)
🎯 GUIDANCE STEP 36 (t=538): Loss=0.6094, Rho=8.163535, Grad_norm=0.1225, Final_scale=81.6354
🚀 APPLYING GUIDANCE at step 37 (timestep=512)
🎯 GUIDANCE STEP 37 (t=512): Loss=0.6094, Rho=13.951920, Grad_norm=0.0717, Final_scale=139.5192
🚀 APPLYING GUIDANCE at step 38 (timestep=486)
🎯 GUIDANCE STEP 38 (t=486): Loss=0.6084, Rho=16.181902, Grad_norm=0.0618, Final_scale=161.8190
🚀 APPLYING GUIDANCE at step 39 (timestep=458)
🎯 GUIDANCE STEP 39 (t=458): Loss=0.6060, Rho=10.882029, Grad_norm=0.0919, Final_scale=108.8203
🚀 APPLYING GUIDANCE at step 40 (timestep=428)
🎯 GUIDANCE STEP 40 (t=428): Loss=0.6060, Rho=26.628706, Grad_norm=0.0376, Final_scale=266.2871
🚀 APPLYING GUIDANCE at step 41 (timestep=396)
🎯 GUIDANCE STEP 41 (t=396): Loss=0.6060, Rho=18.897041, Grad_norm=0.0529, Final_scale=188.9704
🚀 APPLYING GUIDANCE at step 42 (timestep=363)
🎯 GUIDANCE STEP 42 (t=363): Loss=0.6040, Rho=14.446574, Grad_norm=0.0692, Final_scale=144.4657
🚀 APPLYING GUIDANCE at step 43 (timestep=327)
🎯 GUIDANCE STEP 43 (t=327): Loss=0.6055, Rho=15.875137, Grad_norm=0.0630, Final_scale=158.7514
🚀 APPLYING GUIDANCE at step 44 (timestep=290)
🎯 GUIDANCE STEP 44 (t=290): Loss=0.6074, Rho=7.888937, Grad_norm=0.1268, Final_scale=78.8894
🚀 APPLYING GUIDANCE at step 45 (timestep=249)
🎯 GUIDANCE STEP 45 (t=249): Loss=0.6055, Rho=11.745196, Grad_norm=0.0851, Final_scale=117.4520
🚀 APPLYING GUIDANCE at step 46 (timestep=206)
🎯 GUIDANCE STEP 46 (t=206): Loss=0.6050, Rho=15.652331, Grad_norm=0.0639, Final_scale=156.5233
🚀 APPLYING GUIDANCE at step 47 (timestep=160)
🎯 GUIDANCE STEP 47 (t=160): Loss=0.6050, Rho=21.030941, Grad_norm=0.0475, Final_scale=210.3094
🚀 APPLYING GUIDANCE at step 48 (timestep=111)
🎯 GUIDANCE STEP 48 (t=111): Loss=0.6084, Rho=20.772799, Grad_norm=0.0481, Final_scale=207.7280
🚀 APPLYING GUIDANCE at step 49 (timestep=57)
🎯 GUIDANCE STEP 49 (t=57): Loss=0.6025, Rho=10.958440, Grad_norm=0.0913, Final_scale=109.5844
[guidance_f17_s50_w8c6_rho10.0_cfg5.0_0701_1458] Generated: generated_videos/subject_consistency/guidance_f17_s50_w8c6_rho10.0_cfg5.0_0701_1458/008_a_sheep_bending_down_to_drink_water_from_a_river.mp4
[guidance_f17_s50_w8c6_rho10.0_cfg5.0_0701_1458] Experiment completed! Results saved to: generated_videos/subject_consistency/guidance_f17_s50_w8c6_rho10.0_cfg5.0_0701_1458
🚀 APPLYING GUIDANCE at step 0 (timestep=999)
🎯 GUIDANCE STEP 0 (t=999): Loss=0.5498, Rho=17.490116, Grad_norm=0.0572, Final_scale=174.9012
🚀 APPLYING GUIDANCE at step 1 (timestep=992)
🎯 GUIDANCE STEP 1 (t=992): Loss=0.5547, Rho=14.064755, Grad_norm=0.0711, Final_scale=140.6476
🚀 APPLYING GUIDANCE at step 2 (timestep=985)
🎯 GUIDANCE STEP 2 (t=985): Loss=0.5610, Rho=11.419776, Grad_norm=0.0876, Final_scale=114.1978
🚀 APPLYING GUIDANCE at step 3 (timestep=978)
🎯 GUIDANCE STEP 3 (t=978): Loss=0.5684, Rho=14.901843, Grad_norm=0.0671, Final_scale=149.0184
🚀 APPLYING GUIDANCE at step 4 (timestep=971)
🎯 GUIDANCE STEP 4 (t=971): Loss=0.5830, Rho=9.315128, Grad_norm=0.1074, Final_scale=93.1513
🚀 APPLYING GUIDANCE at step 5 (timestep=963)
🎯 GUIDANCE STEP 5 (t=963): Loss=0.5850, Rho=6.820712, Grad_norm=0.1466, Final_scale=68.2071
🚀 APPLYING GUIDANCE at step 6 (timestep=956)
🎯 GUIDANCE STEP 6 (t=956): Loss=0.5996, Rho=5.279785, Grad_norm=0.1894, Final_scale=52.7978
🚀 APPLYING GUIDANCE at step 7 (timestep=948)
🎯 GUIDANCE STEP 7 (t=948): Loss=0.6289, Rho=2.893152, Grad_norm=0.3456, Final_scale=28.9315
🚀 APPLYING GUIDANCE at step 8 (timestep=939)
🎯 GUIDANCE STEP 8 (t=939): Loss=0.6240, Rho=4.919895, Grad_norm=0.2033, Final_scale=49.1989
🚀 APPLYING GUIDANCE at step 9 (timestep=931)
🎯 GUIDANCE STEP 9 (t=931): Loss=0.6313, Rho=3.367999, Grad_norm=0.2969, Final_scale=33.6800
🚀 APPLYING GUIDANCE at step 10 (timestep=922)
🎯 GUIDANCE STEP 10 (t=922): Loss=0.6328, Rho=3.658282, Grad_norm=0.2734, Final_scale=36.5828
🚀 APPLYING GUIDANCE at step 11 (timestep=913)
🎯 GUIDANCE STEP 11 (t=913): Loss=0.6338, Rho=0.887723, Grad_norm=1.1265, Final_scale=8.8772
🚀 APPLYING GUIDANCE at step 12 (timestep=904)
🎯 GUIDANCE STEP 12 (t=904): Loss=0.6353, Rho=0.216179, Grad_norm=4.6258, Final_scale=2.1618
🚀 APPLYING GUIDANCE at step 13 (timestep=894)
🎯 GUIDANCE STEP 13 (t=894): Loss=0.6343, Rho=1.440904, Grad_norm=0.6940, Final_scale=14.4090
🚀 APPLYING GUIDANCE at step 14 (timestep=884)
🎯 GUIDANCE STEP 14 (t=884): Loss=0.6318, Rho=3.072412, Grad_norm=0.3255, Final_scale=30.7241
🚀 APPLYING GUIDANCE at step 15 (timestep=874)
🎯 GUIDANCE STEP 15 (t=874): Loss=0.6318, Rho=4.111331, Grad_norm=0.2432, Final_scale=41.1133
🚀 APPLYING GUIDANCE at step 16 (timestep=864)
🎯 GUIDANCE STEP 16 (t=864): Loss=0.6328, Rho=3.832161, Grad_norm=0.2609, Final_scale=38.3216
🚀 APPLYING GUIDANCE at step 17 (timestep=853)
🎯 GUIDANCE STEP 17 (t=853): Loss=0.6289, Rho=4.641749, Grad_norm=0.2154, Final_scale=46.4175
🚀 APPLYING GUIDANCE at step 18 (timestep=841)
🎯 GUIDANCE STEP 18 (t=841): Loss=0.6313, Rho=7.316283, Grad_norm=0.1367, Final_scale=73.1628
🚀 APPLYING GUIDANCE at step 19 (timestep=829)
🎯 GUIDANCE STEP 19 (t=829): Loss=0.6333, Rho=5.414773, Grad_norm=0.1847, Final_scale=54.1477
🚀 APPLYING GUIDANCE at step 20 (timestep=817)
🎯 GUIDANCE STEP 20 (t=817): Loss=0.6338, Rho=5.478285, Grad_norm=0.1825, Final_scale=54.7829
🚀 APPLYING GUIDANCE at step 21 (timestep=805)
🎯 GUIDANCE STEP 21 (t=805): Loss=0.6294, Rho=3.769831, Grad_norm=0.2653, Final_scale=37.6983
🚀 APPLYING GUIDANCE at step 22 (timestep=792)
🎯 GUIDANCE STEP 22 (t=792): Loss=0.6289, Rho=4.850603, Grad_norm=0.2062, Final_scale=48.5060
🚀 APPLYING GUIDANCE at step 23 (timestep=778)
🎯 GUIDANCE STEP 23 (t=778): Loss=0.6323, Rho=11.174531, Grad_norm=0.0895, Final_scale=111.7453
🚀 APPLYING GUIDANCE at step 24 (timestep=764)
🎯 GUIDANCE STEP 24 (t=764): Loss=0.6313, Rho=12.258940, Grad_norm=0.0816, Final_scale=122.5894
🚀 APPLYING GUIDANCE at step 25 (timestep=749)
🎯 GUIDANCE STEP 25 (t=749): Loss=0.6299, Rho=8.213595, Grad_norm=0.1217, Final_scale=82.1360
🚀 APPLYING GUIDANCE at step 26 (timestep=734)
🎯 GUIDANCE STEP 26 (t=734): Loss=0.6289, Rho=8.333055, Grad_norm=0.1200, Final_scale=83.3306
🚀 APPLYING GUIDANCE at step 27 (timestep=718)
🎯 GUIDANCE STEP 27 (t=718): Loss=0.6289, Rho=3.737083, Grad_norm=0.2676, Final_scale=37.3708
🚀 APPLYING GUIDANCE at step 28 (timestep=701)
🎯 GUIDANCE STEP 28 (t=701): Loss=0.6309, Rho=2.477874, Grad_norm=0.4036, Final_scale=24.7787
🚀 APPLYING GUIDANCE at step 29 (timestep=684)
🎯 GUIDANCE STEP 29 (t=684): Loss=0.6299, Rho=5.501338, Grad_norm=0.1818, Final_scale=55.0134
🚀 APPLYING GUIDANCE at step 30 (timestep=666)
🎯 GUIDANCE STEP 30 (t=666): Loss=0.6284, Rho=11.312855, Grad_norm=0.0884, Final_scale=113.1285
🚀 APPLYING GUIDANCE at step 31 (timestep=647)
🎯 GUIDANCE STEP 31 (t=647): Loss=0.6274, Rho=6.524962, Grad_norm=0.1533, Final_scale=65.2496
🚀 APPLYING GUIDANCE at step 32 (timestep=627)
🎯 GUIDANCE STEP 32 (t=627): Loss=0.6260, Rho=11.818154, Grad_norm=0.0846, Final_scale=118.1815
🚀 APPLYING GUIDANCE at step 33 (timestep=606)
🎯 GUIDANCE STEP 33 (t=606): Loss=0.6289, Rho=14.273527, Grad_norm=0.0701, Final_scale=142.7353
🚀 APPLYING GUIDANCE at step 34 (timestep=585)
🎯 GUIDANCE STEP 34 (t=585): Loss=0.6250, Rho=8.764102, Grad_norm=0.1141, Final_scale=87.6410
🚀 APPLYING GUIDANCE at step 35 (timestep=562)
🎯 GUIDANCE STEP 35 (t=562): Loss=0.6255, Rho=10.819031, Grad_norm=0.0924, Final_scale=108.1903
🚀 APPLYING GUIDANCE at step 36 (timestep=538)
🎯 GUIDANCE STEP 36 (t=538): Loss=0.6274, Rho=19.885277, Grad_norm=0.0503, Final_scale=198.8528
🚀 APPLYING GUIDANCE at step 37 (timestep=512)
🎯 GUIDANCE STEP 37 (t=512): Loss=0.6265, Rho=25.523817, Grad_norm=0.0392, Final_scale=255.2382
🚀 APPLYING GUIDANCE at step 38 (timestep=486)
🎯 GUIDANCE STEP 38 (t=486): Loss=0.6279, Rho=23.213436, Grad_norm=0.0431, Final_scale=232.1344
🚀 APPLYING GUIDANCE at step 39 (timestep=458)
🎯 GUIDANCE STEP 39 (t=458): Loss=0.6299, Rho=11.191504, Grad_norm=0.0894, Final_scale=111.9150
🚀 APPLYING GUIDANCE at step 40 (timestep=428)
🎯 GUIDANCE STEP 40 (t=428): Loss=0.6279, Rho=38.928539, Grad_norm=0.0257, Final_scale=389.2854
🚀 APPLYING GUIDANCE at step 41 (timestep=396)
🎯 GUIDANCE STEP 41 (t=396): Loss=0.6265, Rho=47.751526, Grad_norm=0.0209, Final_scale=477.5153
🚀 APPLYING GUIDANCE at step 42 (timestep=363)
🎯 GUIDANCE STEP 42 (t=363): Loss=0.6245, Rho=37.945675, Grad_norm=0.0264, Final_scale=379.4567
🚀 APPLYING GUIDANCE at step 43 (timestep=327)
🎯 GUIDANCE STEP 43 (t=327): Loss=0.6250, Rho=17.250406, Grad_norm=0.0580, Final_scale=172.5041
🚀 APPLYING GUIDANCE at step 44 (timestep=290)
🎯 GUIDANCE STEP 44 (t=290): Loss=0.6255, Rho=14.293984, Grad_norm=0.0700, Final_scale=142.9398
🚀 APPLYING GUIDANCE at step 45 (timestep=249)
🎯 GUIDANCE STEP 45 (t=249): Loss=0.6260, Rho=8.263153, Grad_norm=0.1210, Final_scale=82.6315
🚀 APPLYING GUIDANCE at step 46 (timestep=206)
🎯 GUIDANCE STEP 46 (t=206): Loss=0.6265, Rho=45.471363, Grad_norm=0.0220, Final_scale=454.7136
🚀 APPLYING GUIDANCE at step 47 (timestep=160)
🎯 GUIDANCE STEP 47 (t=160): Loss=0.6245, Rho=27.138689, Grad_norm=0.0368, Final_scale=271.3869
🚀 APPLYING GUIDANCE at step 48 (timestep=111)
🎯 GUIDANCE STEP 48 (t=111): Loss=0.6255, Rho=11.750399, Grad_norm=0.0851, Final_scale=117.5040
🚀 APPLYING GUIDANCE at step 49 (timestep=57)
🎯 GUIDANCE STEP 49 (t=57): Loss=0.6240, Rho=16.581869, Grad_norm=0.0603, Final_scale=165.8187
[guidance_f17_s50_w8c6_rho10.0_cfg5.0_0701_1458] Generated: generated_videos/subject_consistency/guidance_f17_s50_w8c6_rho10.0_cfg5.0_0701_1458/005_a_person_drinking_coffee_in_a_cafe.mp4
[guidance_f17_s50_w8c6_rho10.0_cfg5.0_0701_1458] Generating video 7/9 (guidance): a person playing guitar
🎬 STARTING GUIDANCE PIPELINE GENERATION
   Frames: 17, Steps: 50, CFG Scale: 5.0

🔧 GUIDANCE PIPELINE CONFIGURATION:
   Guidance range: 0 - 1001
   Rho scale: 10.0
   V-JEPA kernel_size: 8
   V-JEPA context_length: 6
   V-JEPA stride: 2
   V-JEPA mode: max
   Total timesteps: 50

🚀 APPLYING GUIDANCE at step 0 (timestep=999)
🎯 GUIDANCE STEP 0 (t=999): Loss=0.6016, Rho=26.366255, Grad_norm=0.0379, Final_scale=263.6625
🚀 APPLYING GUIDANCE at step 1 (timestep=992)
🎯 GUIDANCE STEP 1 (t=992): Loss=0.5376, Rho=31.780756, Grad_norm=0.0315, Final_scale=317.8076
🚀 APPLYING GUIDANCE at step 2 (timestep=985)
🎯 GUIDANCE STEP 2 (t=985): Loss=0.5713, Rho=14.263235, Grad_norm=0.0701, Final_scale=142.6324
🚀 APPLYING GUIDANCE at step 3 (timestep=978)
🎯 GUIDANCE STEP 3 (t=978): Loss=0.5703, Rho=10.904461, Grad_norm=0.0917, Final_scale=109.0446
🚀 APPLYING GUIDANCE at step 4 (timestep=971)
🎯 GUIDANCE STEP 4 (t=971): Loss=0.5835, Rho=16.882793, Grad_norm=0.0592, Final_scale=168.8279
🚀 APPLYING GUIDANCE at step 5 (timestep=963)
🎯 GUIDANCE STEP 5 (t=963): Loss=0.5972, Rho=9.414083, Grad_norm=0.1062, Final_scale=94.1408
🚀 APPLYING GUIDANCE at step 6 (timestep=956)
🎯 GUIDANCE STEP 6 (t=956): Loss=0.6055, Rho=8.206635, Grad_norm=0.1219, Final_scale=82.0663
🚀 APPLYING GUIDANCE at step 7 (timestep=948)
🎯 GUIDANCE STEP 7 (t=948): Loss=0.6162, Rho=6.657381, Grad_norm=0.1502, Final_scale=66.5738
🚀 APPLYING GUIDANCE at step 8 (timestep=939)
🎯 GUIDANCE STEP 8 (t=939): Loss=0.6177, Rho=6.900421, Grad_norm=0.1449, Final_scale=69.0042
🚀 APPLYING GUIDANCE at step 9 (timestep=931)
🎯 GUIDANCE STEP 9 (t=931): Loss=0.6240, Rho=9.817302, Grad_norm=0.1019, Final_scale=98.1730
🚀 APPLYING GUIDANCE at step 10 (timestep=922)
🎯 GUIDANCE STEP 10 (t=922): Loss=0.6157, Rho=8.102726, Grad_norm=0.1234, Final_scale=81.0273
🚀 APPLYING GUIDANCE at step 11 (timestep=913)
🎯 GUIDANCE STEP 11 (t=913): Loss=0.6196, Rho=4.831705, Grad_norm=0.2070, Final_scale=48.3170
🚀 APPLYING GUIDANCE at step 12 (timestep=904)
🎯 GUIDANCE STEP 12 (t=904): Loss=0.6187, Rho=3.602310, Grad_norm=0.2776, Final_scale=36.0231
🚀 APPLYING GUIDANCE at step 13 (timestep=894)
🎯 GUIDANCE STEP 13 (t=894): Loss=0.6147, Rho=3.907198, Grad_norm=0.2559, Final_scale=39.0720
🚀 APPLYING GUIDANCE at step 14 (timestep=884)
🎯 GUIDANCE STEP 14 (t=884): Loss=0.6177, Rho=6.319408, Grad_norm=0.1582, Final_scale=63.1941
🚀 APPLYING GUIDANCE at step 15 (timestep=874)
🎯 GUIDANCE STEP 15 (t=874): Loss=0.6147, Rho=6.691488, Grad_norm=0.1494, Final_scale=66.9149
🚀 APPLYING GUIDANCE at step 16 (timestep=864)
🎯 GUIDANCE STEP 16 (t=864): Loss=0.6113, Rho=5.377830, Grad_norm=0.1859, Final_scale=53.7783
🚀 APPLYING GUIDANCE at step 17 (timestep=853)
🎯 GUIDANCE STEP 17 (t=853): Loss=0.6104, Rho=10.691469, Grad_norm=0.0935, Final_scale=106.9147
🚀 APPLYING GUIDANCE at step 18 (timestep=841)
🎯 GUIDANCE STEP 18 (t=841): Loss=0.6074, Rho=3.413775, Grad_norm=0.2929, Final_scale=34.1377
🚀 APPLYING GUIDANCE at step 19 (timestep=829)
🎯 GUIDANCE STEP 19 (t=829): Loss=0.6094, Rho=8.923525, Grad_norm=0.1121, Final_scale=89.2352
🚀 APPLYING GUIDANCE at step 20 (timestep=817)
🎯 GUIDANCE STEP 20 (t=817): Loss=0.6143, Rho=4.675212, Grad_norm=0.2139, Final_scale=46.7521
🚀 APPLYING GUIDANCE at step 21 (timestep=805)
🎯 GUIDANCE STEP 21 (t=805): Loss=0.6113, Rho=3.222164, Grad_norm=0.3104, Final_scale=32.2216
🚀 APPLYING GUIDANCE at step 22 (timestep=792)
🎯 GUIDANCE STEP 22 (t=792): Loss=0.6104, Rho=7.881964, Grad_norm=0.1269, Final_scale=78.8196
🚀 APPLYING GUIDANCE at step 23 (timestep=778)
🎯 GUIDANCE STEP 23 (t=778): Loss=0.6138, Rho=6.417989, Grad_norm=0.1558, Final_scale=64.1799
🚀 APPLYING GUIDANCE at step 24 (timestep=764)
🎯 GUIDANCE STEP 24 (t=764): Loss=0.6147, Rho=3.639239, Grad_norm=0.2748, Final_scale=36.3924
🚀 APPLYING GUIDANCE at step 25 (timestep=749)
🎯 GUIDANCE STEP 25 (t=749): Loss=0.6177, Rho=4.086807, Grad_norm=0.2447, Final_scale=40.8681
🚀 APPLYING GUIDANCE at step 26 (timestep=734)
🎯 GUIDANCE STEP 26 (t=734): Loss=0.6152, Rho=8.266181, Grad_norm=0.1210, Final_scale=82.6618
🚀 APPLYING GUIDANCE at step 27 (timestep=718)
🎯 GUIDANCE STEP 27 (t=718): Loss=0.6196, Rho=8.388240, Grad_norm=0.1192, Final_scale=83.8824
🚀 APPLYING GUIDANCE at step 28 (timestep=701)
🎯 GUIDANCE STEP 28 (t=701): Loss=0.6162, Rho=6.983697, Grad_norm=0.1432, Final_scale=69.8370
🚀 APPLYING GUIDANCE at step 29 (timestep=684)
🎯 GUIDANCE STEP 29 (t=684): Loss=0.6191, Rho=5.724751, Grad_norm=0.1747, Final_scale=57.2475
🚀 APPLYING GUIDANCE at step 30 (timestep=666)
🎯 GUIDANCE STEP 30 (t=666): Loss=0.6167, Rho=12.119961, Grad_norm=0.0825, Final_scale=121.1996
🚀 APPLYING GUIDANCE at step 31 (timestep=647)
🎯 GUIDANCE STEP 31 (t=647): Loss=0.6162, Rho=4.218524, Grad_norm=0.2370, Final_scale=42.1852
🚀 APPLYING GUIDANCE at step 32 (timestep=627)
🎯 GUIDANCE STEP 32 (t=627): Loss=0.6123, Rho=16.200228, Grad_norm=0.0617, Final_scale=162.0023
🚀 APPLYING GUIDANCE at step 33 (timestep=606)
🎯 GUIDANCE STEP 33 (t=606): Loss=0.6152, Rho=7.100543, Grad_norm=0.1408, Final_scale=71.0054
🚀 APPLYING GUIDANCE at step 34 (timestep=585)
🎯 GUIDANCE STEP 34 (t=585): Loss=0.6147, Rho=10.639899, Grad_norm=0.0940, Final_scale=106.3990
🚀 APPLYING GUIDANCE at step 35 (timestep=562)
🎯 GUIDANCE STEP 35 (t=562): Loss=0.6123, Rho=11.862817, Grad_norm=0.0843, Final_scale=118.6282
🚀 APPLYING GUIDANCE at step 36 (timestep=538)
🎯 GUIDANCE STEP 36 (t=538): Loss=0.6133, Rho=12.912350, Grad_norm=0.0774, Final_scale=129.1235
🚀 APPLYING GUIDANCE at step 37 (timestep=512)
🎯 GUIDANCE STEP 37 (t=512): Loss=0.6143, Rho=14.203493, Grad_norm=0.0704, Final_scale=142.0349
🚀 APPLYING GUIDANCE at step 38 (timestep=486)
🎯 GUIDANCE STEP 38 (t=486): Loss=0.6113, Rho=12.526810, Grad_norm=0.0798, Final_scale=125.2681
🚀 APPLYING GUIDANCE at step 39 (timestep=458)
🎯 GUIDANCE STEP 39 (t=458): Loss=0.6138, Rho=22.510397, Grad_norm=0.0444, Final_scale=225.1040
🚀 APPLYING GUIDANCE at step 40 (timestep=428)
🎯 GUIDANCE STEP 40 (t=428): Loss=0.6133, Rho=11.424985, Grad_norm=0.0875, Final_scale=114.2498
🚀 APPLYING GUIDANCE at step 41 (timestep=396)
🎯 GUIDANCE STEP 41 (t=396): Loss=0.6113, Rho=33.096939, Grad_norm=0.0302, Final_scale=330.9694
🚀 APPLYING GUIDANCE at step 42 (timestep=363)
🎯 GUIDANCE STEP 42 (t=363): Loss=0.6108, Rho=21.472504, Grad_norm=0.0466, Final_scale=214.7250
🚀 APPLYING GUIDANCE at step 43 (timestep=327)
🎯 GUIDANCE STEP 43 (t=327): Loss=0.6113, Rho=27.047293, Grad_norm=0.0370, Final_scale=270.4729
🚀 APPLYING GUIDANCE at step 44 (timestep=290)
🎯 GUIDANCE STEP 44 (t=290): Loss=0.6094, Rho=9.458241, Grad_norm=0.1057, Final_scale=94.5824
🚀 APPLYING GUIDANCE at step 45 (timestep=249)
🎯 GUIDANCE STEP 45 (t=249): Loss=0.6084, Rho=17.312408, Grad_norm=0.0578, Final_scale=173.1241
🚀 APPLYING GUIDANCE at step 46 (timestep=206)
🎯 GUIDANCE STEP 46 (t=206): Loss=0.6060, Rho=26.896896, Grad_norm=0.0372, Final_scale=268.9690
🚀 APPLYING GUIDANCE at step 47 (timestep=160)
🎯 GUIDANCE STEP 47 (t=160): Loss=0.6074, Rho=34.643257, Grad_norm=0.0289, Final_scale=346.4326
🚀 APPLYING GUIDANCE at step 48 (timestep=111)
🎯 GUIDANCE STEP 48 (t=111): Loss=0.6050, Rho=20.983137, Grad_norm=0.0477, Final_scale=209.8314
🚀 APPLYING GUIDANCE at step 49 (timestep=57)
🎯 GUIDANCE STEP 49 (t=57): Loss=0.6030, Rho=6.952343, Grad_norm=0.1438, Final_scale=69.5234
[guidance_f17_s50_w8c6_rho10.0_cfg5.0_0701_1458] Generated: generated_videos/subject_consistency/guidance_f17_s50_w8c6_rho10.0_cfg5.0_0701_1458/008_a_motorcycle_slowing_down_to_stop.mp4
[guidance_f17_s50_w8c6_rho10.0_cfg5.0_0701_1458] Experiment completed! Results saved to: generated_videos/subject_consistency/guidance_f17_s50_w8c6_rho10.0_cfg5.0_0701_1458
🚀 APPLYING GUIDANCE at step 0 (timestep=999)
🎯 GUIDANCE STEP 0 (t=999): Loss=0.5381, Rho=19.098660, Grad_norm=0.0524, Final_scale=190.9866
🚀 APPLYING GUIDANCE at step 1 (timestep=992)
🎯 GUIDANCE STEP 1 (t=992): Loss=0.5522, Rho=15.230522, Grad_norm=0.0657, Final_scale=152.3052
🚀 APPLYING GUIDANCE at step 2 (timestep=985)
🎯 GUIDANCE STEP 2 (t=985): Loss=0.5620, Rho=12.956391, Grad_norm=0.0772, Final_scale=129.5639
🚀 APPLYING GUIDANCE at step 3 (timestep=978)
🎯 GUIDANCE STEP 3 (t=978): Loss=0.5957, Rho=6.436818, Grad_norm=0.1554, Final_scale=64.3682
🚀 APPLYING GUIDANCE at step 4 (timestep=971)
🎯 GUIDANCE STEP 4 (t=971): Loss=0.6021, Rho=6.539145, Grad_norm=0.1529, Final_scale=65.3915
🚀 APPLYING GUIDANCE at step 5 (timestep=963)
🎯 GUIDANCE STEP 5 (t=963): Loss=0.6138, Rho=7.422411, Grad_norm=0.1347, Final_scale=74.2241
🚀 APPLYING GUIDANCE at step 6 (timestep=956)
🎯 GUIDANCE STEP 6 (t=956): Loss=0.6172, Rho=19.162708, Grad_norm=0.0522, Final_scale=191.6271
🚀 APPLYING GUIDANCE at step 7 (timestep=948)
🎯 GUIDANCE STEP 7 (t=948): Loss=0.6172, Rho=9.413959, Grad_norm=0.1062, Final_scale=94.1396
🚀 APPLYING GUIDANCE at step 8 (timestep=939)
🎯 GUIDANCE STEP 8 (t=939): Loss=0.6147, Rho=5.134015, Grad_norm=0.1948, Final_scale=51.3401
🚀 APPLYING GUIDANCE at step 9 (timestep=931)
🎯 GUIDANCE STEP 9 (t=931): Loss=0.6123, Rho=3.000688, Grad_norm=0.3333, Final_scale=30.0069
🚀 APPLYING GUIDANCE at step 10 (timestep=922)
🎯 GUIDANCE STEP 10 (t=922): Loss=0.6133, Rho=6.974836, Grad_norm=0.1434, Final_scale=69.7484
🚀 APPLYING GUIDANCE at step 11 (timestep=913)
🎯 GUIDANCE STEP 11 (t=913): Loss=0.6099, Rho=17.045515, Grad_norm=0.0587, Final_scale=170.4552
🚀 APPLYING GUIDANCE at step 12 (timestep=904)
🎯 GUIDANCE STEP 12 (t=904): Loss=0.6113, Rho=17.742514, Grad_norm=0.0564, Final_scale=177.4251
🚀 APPLYING GUIDANCE at step 13 (timestep=894)
🎯 GUIDANCE STEP 13 (t=894): Loss=0.6108, Rho=13.267439, Grad_norm=0.0754, Final_scale=132.6744
🚀 APPLYING GUIDANCE at step 14 (timestep=884)
🎯 GUIDANCE STEP 14 (t=884): Loss=0.6084, Rho=14.722090, Grad_norm=0.0679, Final_scale=147.2209
🚀 APPLYING GUIDANCE at step 15 (timestep=874)
🎯 GUIDANCE STEP 15 (t=874): Loss=0.6099, Rho=18.781532, Grad_norm=0.0532, Final_scale=187.8153
🚀 APPLYING GUIDANCE at step 16 (timestep=864)
🎯 GUIDANCE STEP 16 (t=864): Loss=0.6099, Rho=9.930182, Grad_norm=0.1007, Final_scale=99.3018
🚀 APPLYING GUIDANCE at step 17 (timestep=853)
🎯 GUIDANCE STEP 17 (t=853): Loss=0.6152, Rho=9.220140, Grad_norm=0.1085, Final_scale=92.2014
🚀 APPLYING GUIDANCE at step 18 (timestep=841)
🎯 GUIDANCE STEP 18 (t=841): Loss=0.6162, Rho=4.064826, Grad_norm=0.2460, Final_scale=40.6483
🚀 APPLYING GUIDANCE at step 19 (timestep=829)
🎯 GUIDANCE STEP 19 (t=829): Loss=0.6123, Rho=13.544814, Grad_norm=0.0738, Final_scale=135.4481
🚀 APPLYING GUIDANCE at step 20 (timestep=817)
🎯 GUIDANCE STEP 20 (t=817): Loss=0.6094, Rho=14.310449, Grad_norm=0.0699, Final_scale=143.1045
🚀 APPLYING GUIDANCE at step 21 (timestep=805)
🎯 GUIDANCE STEP 21 (t=805): Loss=0.6099, Rho=17.458294, Grad_norm=0.0573, Final_scale=174.5829
🚀 APPLYING GUIDANCE at step 22 (timestep=792)
🎯 GUIDANCE STEP 22 (t=792): Loss=0.6094, Rho=14.615973, Grad_norm=0.0684, Final_scale=146.1597
🚀 APPLYING GUIDANCE at step 23 (timestep=778)
🎯 GUIDANCE STEP 23 (t=778): Loss=0.6099, Rho=17.735172, Grad_norm=0.0564, Final_scale=177.3517
🚀 APPLYING GUIDANCE at step 24 (timestep=764)
🎯 GUIDANCE STEP 24 (t=764): Loss=0.6099, Rho=19.761637, Grad_norm=0.0506, Final_scale=197.6164
🚀 APPLYING GUIDANCE at step 25 (timestep=749)
🎯 GUIDANCE STEP 25 (t=749): Loss=0.6133, Rho=19.974363, Grad_norm=0.0501, Final_scale=199.7436
🚀 APPLYING GUIDANCE at step 26 (timestep=734)
🎯 GUIDANCE STEP 26 (t=734): Loss=0.6084, Rho=21.768793, Grad_norm=0.0459, Final_scale=217.6879
🚀 APPLYING GUIDANCE at step 27 (timestep=718)
🎯 GUIDANCE STEP 27 (t=718): Loss=0.6099, Rho=15.496244, Grad_norm=0.0645, Final_scale=154.9624
🚀 APPLYING GUIDANCE at step 28 (timestep=701)
🎯 GUIDANCE STEP 28 (t=701): Loss=0.6089, Rho=19.620703, Grad_norm=0.0510, Final_scale=196.2070
🚀 APPLYING GUIDANCE at step 29 (timestep=684)
🎯 GUIDANCE STEP 29 (t=684): Loss=0.6094, Rho=23.639641, Grad_norm=0.0423, Final_scale=236.3964
🚀 APPLYING GUIDANCE at step 30 (timestep=666)
🎯 GUIDANCE STEP 30 (t=666): Loss=0.6084, Rho=34.705387, Grad_norm=0.0288, Final_scale=347.0539
🚀 APPLYING GUIDANCE at step 31 (timestep=647)
🎯 GUIDANCE STEP 31 (t=647): Loss=0.6079, Rho=16.768345, Grad_norm=0.0596, Final_scale=167.6834
🚀 APPLYING GUIDANCE at step 32 (timestep=627)
🎯 GUIDANCE STEP 32 (t=627): Loss=0.6074, Rho=26.156658, Grad_norm=0.0382, Final_scale=261.5666
🚀 APPLYING GUIDANCE at step 33 (timestep=606)
🎯 GUIDANCE STEP 33 (t=606): Loss=0.6064, Rho=25.629845, Grad_norm=0.0390, Final_scale=256.2984
🚀 APPLYING GUIDANCE at step 34 (timestep=585)
🎯 GUIDANCE STEP 34 (t=585): Loss=0.6069, Rho=45.902836, Grad_norm=0.0218, Final_scale=459.0284
🚀 APPLYING GUIDANCE at step 35 (timestep=562)
🎯 GUIDANCE STEP 35 (t=562): Loss=0.6060, Rho=33.831722, Grad_norm=0.0296, Final_scale=338.3172
🚀 APPLYING GUIDANCE at step 36 (timestep=538)
🎯 GUIDANCE STEP 36 (t=538): Loss=0.6094, Rho=40.729160, Grad_norm=0.0246, Final_scale=407.2916
🚀 APPLYING GUIDANCE at step 37 (timestep=512)
🎯 GUIDANCE STEP 37 (t=512): Loss=0.6108, Rho=39.235092, Grad_norm=0.0255, Final_scale=392.3509
🚀 APPLYING GUIDANCE at step 38 (timestep=486)
🎯 GUIDANCE STEP 38 (t=486): Loss=0.6074, Rho=48.064613, Grad_norm=0.0208, Final_scale=480.6461
🚀 APPLYING GUIDANCE at step 39 (timestep=458)
🎯 GUIDANCE STEP 39 (t=458): Loss=0.6069, Rho=43.315483, Grad_norm=0.0231, Final_scale=433.1548
🚀 APPLYING GUIDANCE at step 40 (timestep=428)
🎯 GUIDANCE STEP 40 (t=428): Loss=0.6079, Rho=45.193596, Grad_norm=0.0221, Final_scale=451.9360
🚀 APPLYING GUIDANCE at step 41 (timestep=396)
🎯 GUIDANCE STEP 41 (t=396): Loss=0.6089, Rho=29.635933, Grad_norm=0.0337, Final_scale=296.3593
🚀 APPLYING GUIDANCE at step 42 (timestep=363)
🎯 GUIDANCE STEP 42 (t=363): Loss=0.6099, Rho=59.746384, Grad_norm=0.0167, Final_scale=597.4638
🚀 APPLYING GUIDANCE at step 43 (timestep=327)
🎯 GUIDANCE STEP 43 (t=327): Loss=0.6089, Rho=74.655624, Grad_norm=0.0134, Final_scale=746.5562
🚀 APPLYING GUIDANCE at step 44 (timestep=290)
🎯 GUIDANCE STEP 44 (t=290): Loss=0.6064, Rho=32.351246, Grad_norm=0.0309, Final_scale=323.5125
🚀 APPLYING GUIDANCE at step 45 (timestep=249)
🎯 GUIDANCE STEP 45 (t=249): Loss=0.6064, Rho=42.284878, Grad_norm=0.0236, Final_scale=422.8488
🚀 APPLYING GUIDANCE at step 46 (timestep=206)
🎯 GUIDANCE STEP 46 (t=206): Loss=0.6069, Rho=46.673363, Grad_norm=0.0214, Final_scale=466.7336
🚀 APPLYING GUIDANCE at step 47 (timestep=160)
🎯 GUIDANCE STEP 47 (t=160): Loss=0.6060, Rho=34.690578, Grad_norm=0.0288, Final_scale=346.9058
🚀 APPLYING GUIDANCE at step 48 (timestep=111)
🎯 GUIDANCE STEP 48 (t=111): Loss=0.6055, Rho=36.314499, Grad_norm=0.0275, Final_scale=363.1450
🚀 APPLYING GUIDANCE at step 49 (timestep=57)
🎯 GUIDANCE STEP 49 (t=57): Loss=0.6050, Rho=3.202619, Grad_norm=0.3122, Final_scale=32.0262
[guidance_f17_s50_w8c6_rho10.0_cfg5.0_0701_1458] Generated: generated_videos/subject_consistency/guidance_f17_s50_w8c6_rho10.0_cfg5.0_0701_1458/008_a_giraffe_running_to_join_a_herd_of_its_kind.mp4
[guidance_f17_s50_w8c6_rho10.0_cfg5.0_0701_1458] Experiment completed! Results saved to: generated_videos/subject_consistency/guidance_f17_s50_w8c6_rho10.0_cfg5.0_0701_1458
🚀 APPLYING GUIDANCE at step 0 (timestep=999)
🎯 GUIDANCE STEP 0 (t=999): Loss=0.5293, Rho=39.112041, Grad_norm=0.0256, Final_scale=391.1204
🚀 APPLYING GUIDANCE at step 1 (timestep=992)
🎯 GUIDANCE STEP 1 (t=992): Loss=0.5322, Rho=31.359165, Grad_norm=0.0319, Final_scale=313.5917
🚀 APPLYING GUIDANCE at step 2 (timestep=985)
🎯 GUIDANCE STEP 2 (t=985): Loss=0.5317, Rho=32.081879, Grad_norm=0.0312, Final_scale=320.8188
🚀 APPLYING GUIDANCE at step 3 (timestep=978)
🎯 GUIDANCE STEP 3 (t=978): Loss=0.5425, Rho=11.648734, Grad_norm=0.0858, Final_scale=116.4873
🚀 APPLYING GUIDANCE at step 4 (timestep=971)
🎯 GUIDANCE STEP 4 (t=971): Loss=0.5381, Rho=15.803826, Grad_norm=0.0633, Final_scale=158.0383
🚀 APPLYING GUIDANCE at step 5 (timestep=963)
🎯 GUIDANCE STEP 5 (t=963): Loss=0.5386, Rho=19.238905, Grad_norm=0.0520, Final_scale=192.3890
🚀 APPLYING GUIDANCE at step 6 (timestep=956)
🎯 GUIDANCE STEP 6 (t=956): Loss=0.5576, Rho=2.430285, Grad_norm=0.4115, Final_scale=24.3028
🚀 APPLYING GUIDANCE at step 7 (timestep=948)
🎯 GUIDANCE STEP 7 (t=948): Loss=0.5708, Rho=27.302210, Grad_norm=0.0366, Final_scale=273.0221
🚀 APPLYING GUIDANCE at step 8 (timestep=939)
🎯 GUIDANCE STEP 8 (t=939): Loss=0.5732, Rho=7.911804, Grad_norm=0.1264, Final_scale=79.1180
🚀 APPLYING GUIDANCE at step 9 (timestep=931)
🎯 GUIDANCE STEP 9 (t=931): Loss=0.5767, Rho=11.078917, Grad_norm=0.0903, Final_scale=110.7892
🚀 APPLYING GUIDANCE at step 10 (timestep=922)
🎯 GUIDANCE STEP 10 (t=922): Loss=0.5776, Rho=14.332812, Grad_norm=0.0698, Final_scale=143.3281
🚀 APPLYING GUIDANCE at step 11 (timestep=913)
🎯 GUIDANCE STEP 11 (t=913): Loss=0.5771, Rho=15.695142, Grad_norm=0.0637, Final_scale=156.9514
🚀 APPLYING GUIDANCE at step 12 (timestep=904)
🎯 GUIDANCE STEP 12 (t=904): Loss=0.5806, Rho=13.264982, Grad_norm=0.0754, Final_scale=132.6498
🚀 APPLYING GUIDANCE at step 13 (timestep=894)
🎯 GUIDANCE STEP 13 (t=894): Loss=0.5815, Rho=2.170278, Grad_norm=0.4608, Final_scale=21.7028
🚀 APPLYING GUIDANCE at step 14 (timestep=884)
🎯 GUIDANCE STEP 14 (t=884): Loss=0.5859, Rho=14.738003, Grad_norm=0.0679, Final_scale=147.3800
🚀 APPLYING GUIDANCE at step 15 (timestep=874)
🎯 GUIDANCE STEP 15 (t=874): Loss=0.5903, Rho=10.505991, Grad_norm=0.0952, Final_scale=105.0599
🚀 APPLYING GUIDANCE at step 16 (timestep=864)
🎯 GUIDANCE STEP 16 (t=864): Loss=0.5894, Rho=14.542387, Grad_norm=0.0688, Final_scale=145.4239
🚀 APPLYING GUIDANCE at step 17 (timestep=853)
🎯 GUIDANCE STEP 17 (t=853): Loss=0.5898, Rho=11.723214, Grad_norm=0.0853, Final_scale=117.2321
🚀 APPLYING GUIDANCE at step 18 (timestep=841)
🎯 GUIDANCE STEP 18 (t=841): Loss=0.5903, Rho=25.115778, Grad_norm=0.0398, Final_scale=251.1578
🚀 APPLYING GUIDANCE at step 19 (timestep=829)
🎯 GUIDANCE STEP 19 (t=829): Loss=0.5962, Rho=25.296217, Grad_norm=0.0395, Final_scale=252.9622
🚀 APPLYING GUIDANCE at step 20 (timestep=817)
🎯 GUIDANCE STEP 20 (t=817): Loss=0.5938, Rho=23.011011, Grad_norm=0.0435, Final_scale=230.1101
🚀 APPLYING GUIDANCE at step 21 (timestep=805)
🎯 GUIDANCE STEP 21 (t=805): Loss=0.5918, Rho=22.968931, Grad_norm=0.0435, Final_scale=229.6893
🚀 APPLYING GUIDANCE at step 22 (timestep=792)
🎯 GUIDANCE STEP 22 (t=792): Loss=0.5928, Rho=24.488508, Grad_norm=0.0408, Final_scale=244.8851
🚀 APPLYING GUIDANCE at step 23 (timestep=778)
🎯 GUIDANCE STEP 23 (t=778): Loss=0.5933, Rho=17.678976, Grad_norm=0.0566, Final_scale=176.7898
🚀 APPLYING GUIDANCE at step 24 (timestep=764)
🎯 GUIDANCE STEP 24 (t=764): Loss=0.5923, Rho=12.185124, Grad_norm=0.0821, Final_scale=121.8512
🚀 APPLYING GUIDANCE at step 25 (timestep=749)
🎯 GUIDANCE STEP 25 (t=749): Loss=0.5933, Rho=18.137917, Grad_norm=0.0551, Final_scale=181.3792
🚀 APPLYING GUIDANCE at step 26 (timestep=734)
🎯 GUIDANCE STEP 26 (t=734): Loss=0.5942, Rho=13.442576, Grad_norm=0.0744, Final_scale=134.4258
🚀 APPLYING GUIDANCE at step 27 (timestep=718)
🎯 GUIDANCE STEP 27 (t=718): Loss=0.5972, Rho=21.996927, Grad_norm=0.0455, Final_scale=219.9693
🚀 APPLYING GUIDANCE at step 28 (timestep=701)
🎯 GUIDANCE STEP 28 (t=701): Loss=0.5967, Rho=17.425417, Grad_norm=0.0574, Final_scale=174.2542
🚀 APPLYING GUIDANCE at step 29 (timestep=684)
🎯 GUIDANCE STEP 29 (t=684): Loss=0.5977, Rho=17.674011, Grad_norm=0.0566, Final_scale=176.7401
🚀 APPLYING GUIDANCE at step 30 (timestep=666)
🎯 GUIDANCE STEP 30 (t=666): Loss=0.5962, Rho=29.356615, Grad_norm=0.0341, Final_scale=293.5662
🚀 APPLYING GUIDANCE at step 31 (timestep=647)
🎯 GUIDANCE STEP 31 (t=647): Loss=0.5933, Rho=21.081684, Grad_norm=0.0474, Final_scale=210.8168
🚀 APPLYING GUIDANCE at step 32 (timestep=627)
🎯 GUIDANCE STEP 32 (t=627): Loss=0.5938, Rho=21.702950, Grad_norm=0.0461, Final_scale=217.0295
🚀 APPLYING GUIDANCE at step 33 (timestep=606)
🎯 GUIDANCE STEP 33 (t=606): Loss=0.5923, Rho=23.597672, Grad_norm=0.0424, Final_scale=235.9767
🚀 APPLYING GUIDANCE at step 34 (timestep=585)
🎯 GUIDANCE STEP 34 (t=585): Loss=0.5947, Rho=13.670588, Grad_norm=0.0731, Final_scale=136.7059
🚀 APPLYING GUIDANCE at step 35 (timestep=562)
🎯 GUIDANCE STEP 35 (t=562): Loss=0.5947, Rho=29.230091, Grad_norm=0.0342, Final_scale=292.3009
🚀 APPLYING GUIDANCE at step 36 (timestep=538)
🎯 GUIDANCE STEP 36 (t=538): Loss=0.5986, Rho=28.156202, Grad_norm=0.0355, Final_scale=281.5620
🚀 APPLYING GUIDANCE at step 37 (timestep=512)
🎯 GUIDANCE STEP 37 (t=512): Loss=0.5986, Rho=38.551945, Grad_norm=0.0259, Final_scale=385.5194
🚀 APPLYING GUIDANCE at step 38 (timestep=486)
🎯 GUIDANCE STEP 38 (t=486): Loss=0.5962, Rho=19.354576, Grad_norm=0.0517, Final_scale=193.5458
🚀 APPLYING GUIDANCE at step 39 (timestep=458)
🎯 GUIDANCE STEP 39 (t=458): Loss=0.5986, Rho=19.726694, Grad_norm=0.0507, Final_scale=197.2669
🚀 APPLYING GUIDANCE at step 40 (timestep=428)
🎯 GUIDANCE STEP 40 (t=428): Loss=0.5957, Rho=21.087450, Grad_norm=0.0474, Final_scale=210.8745
🚀 APPLYING GUIDANCE at step 41 (timestep=396)
🎯 GUIDANCE STEP 41 (t=396): Loss=0.5967, Rho=32.154438, Grad_norm=0.0311, Final_scale=321.5444
🚀 APPLYING GUIDANCE at step 42 (timestep=363)
🎯 GUIDANCE STEP 42 (t=363): Loss=0.5957, Rho=16.538773, Grad_norm=0.0605, Final_scale=165.3877
🚀 APPLYING GUIDANCE at step 43 (timestep=327)
🎯 GUIDANCE STEP 43 (t=327): Loss=0.5947, Rho=27.033918, Grad_norm=0.0370, Final_scale=270.3392
🚀 APPLYING GUIDANCE at step 44 (timestep=290)
🎯 GUIDANCE STEP 44 (t=290): Loss=0.5923, Rho=22.862612, Grad_norm=0.0437, Final_scale=228.6261
🚀 APPLYING GUIDANCE at step 45 (timestep=249)
🎯 GUIDANCE STEP 45 (t=249): Loss=0.5928, Rho=43.111843, Grad_norm=0.0232, Final_scale=431.1184
🚀 APPLYING GUIDANCE at step 46 (timestep=206)
🎯 GUIDANCE STEP 46 (t=206): Loss=0.5913, Rho=28.644007, Grad_norm=0.0349, Final_scale=286.4401
🚀 APPLYING GUIDANCE at step 47 (timestep=160)
🎯 GUIDANCE STEP 47 (t=160): Loss=0.5898, Rho=28.829744, Grad_norm=0.0347, Final_scale=288.2974
🚀 APPLYING GUIDANCE at step 48 (timestep=111)
🎯 GUIDANCE STEP 48 (t=111): Loss=0.5898, Rho=24.014801, Grad_norm=0.0416, Final_scale=240.1480
🚀 APPLYING GUIDANCE at step 49 (timestep=57)
🎯 GUIDANCE STEP 49 (t=57): Loss=0.5874, Rho=16.657383, Grad_norm=0.0600, Final_scale=166.5738
[guidance_f17_s50_w8c6_rho10.0_cfg5.0_0701_1458] Generated: generated_videos/subject_consistency/guidance_f17_s50_w8c6_rho10.0_cfg5.0_0701_1458/008_a_cat_running_happily.mp4
[guidance_f17_s50_w8c6_rho10.0_cfg5.0_0701_1458] Experiment completed! Results saved to: generated_videos/subject_consistency/guidance_f17_s50_w8c6_rho10.0_cfg5.0_0701_1458
🚀 APPLYING GUIDANCE at step 0 (timestep=999)
🎯 GUIDANCE STEP 0 (t=999): Loss=0.5508, Rho=51.504425, Grad_norm=0.0194, Final_scale=515.0443
🚀 APPLYING GUIDANCE at step 1 (timestep=992)
🎯 GUIDANCE STEP 1 (t=992): Loss=0.5444, Rho=36.223595, Grad_norm=0.0276, Final_scale=362.2359
🚀 APPLYING GUIDANCE at step 2 (timestep=985)
🎯 GUIDANCE STEP 2 (t=985): Loss=0.5444, Rho=30.957874, Grad_norm=0.0323, Final_scale=309.5787
🚀 APPLYING GUIDANCE at step 3 (timestep=978)
🎯 GUIDANCE STEP 3 (t=978): Loss=0.5645, Rho=17.810114, Grad_norm=0.0561, Final_scale=178.1011
🚀 APPLYING GUIDANCE at step 4 (timestep=971)
🎯 GUIDANCE STEP 4 (t=971): Loss=0.5454, Rho=34.147552, Grad_norm=0.0293, Final_scale=341.4755
🚀 APPLYING GUIDANCE at step 5 (timestep=963)
🎯 GUIDANCE STEP 5 (t=963): Loss=0.5376, Rho=21.634937, Grad_norm=0.0462, Final_scale=216.3494
🚀 APPLYING GUIDANCE at step 6 (timestep=956)
🎯 GUIDANCE STEP 6 (t=956): Loss=0.5474, Rho=8.044405, Grad_norm=0.1243, Final_scale=80.4440
🚀 APPLYING GUIDANCE at step 7 (timestep=948)
🎯 GUIDANCE STEP 7 (t=948): Loss=0.5649, Rho=13.461528, Grad_norm=0.0743, Final_scale=134.6153
🚀 APPLYING GUIDANCE at step 8 (timestep=939)
🎯 GUIDANCE STEP 8 (t=939): Loss=0.5684, Rho=11.191705, Grad_norm=0.0894, Final_scale=111.9170
🚀 APPLYING GUIDANCE at step 9 (timestep=931)
🎯 GUIDANCE STEP 9 (t=931): Loss=0.5620, Rho=24.450251, Grad_norm=0.0409, Final_scale=244.5025
🚀 APPLYING GUIDANCE at step 10 (timestep=922)
🎯 GUIDANCE STEP 10 (t=922): Loss=0.5640, Rho=9.862761, Grad_norm=0.1014, Final_scale=98.6276
🚀 APPLYING GUIDANCE at step 11 (timestep=913)
🎯 GUIDANCE STEP 11 (t=913): Loss=0.5693, Rho=8.084809, Grad_norm=0.1237, Final_scale=80.8481
🚀 APPLYING GUIDANCE at step 12 (timestep=904)
🎯 GUIDANCE STEP 12 (t=904): Loss=0.5688, Rho=8.019279, Grad_norm=0.1247, Final_scale=80.1928
🚀 APPLYING GUIDANCE at step 13 (timestep=894)
🎯 GUIDANCE STEP 13 (t=894): Loss=0.5659, Rho=10.901262, Grad_norm=0.0917, Final_scale=109.0126
🚀 APPLYING GUIDANCE at step 14 (timestep=884)
🎯 GUIDANCE STEP 14 (t=884): Loss=0.5713, Rho=9.877420, Grad_norm=0.1012, Final_scale=98.7742
🚀 APPLYING GUIDANCE at step 15 (timestep=874)
🎯 GUIDANCE STEP 15 (t=874): Loss=0.5762, Rho=14.138586, Grad_norm=0.0707, Final_scale=141.3859
🚀 APPLYING GUIDANCE at step 16 (timestep=864)
🎯 GUIDANCE STEP 16 (t=864): Loss=0.5718, Rho=19.620634, Grad_norm=0.0510, Final_scale=196.2063
🚀 APPLYING GUIDANCE at step 17 (timestep=853)
🎯 GUIDANCE STEP 17 (t=853): Loss=0.5723, Rho=18.228149, Grad_norm=0.0549, Final_scale=182.2815
🚀 APPLYING GUIDANCE at step 18 (timestep=841)
🎯 GUIDANCE STEP 18 (t=841): Loss=0.5762, Rho=10.890800, Grad_norm=0.0918, Final_scale=108.9080
🚀 APPLYING GUIDANCE at step 19 (timestep=829)
🎯 GUIDANCE STEP 19 (t=829): Loss=0.5771, Rho=9.665886, Grad_norm=0.1035, Final_scale=96.6589
🚀 APPLYING GUIDANCE at step 20 (timestep=817)
🎯 GUIDANCE STEP 20 (t=817): Loss=0.5820, Rho=8.298987, Grad_norm=0.1205, Final_scale=82.9899
🚀 APPLYING GUIDANCE at step 21 (timestep=805)
🎯 GUIDANCE STEP 21 (t=805): Loss=0.5859, Rho=10.143783, Grad_norm=0.0986, Final_scale=101.4378
🚀 APPLYING GUIDANCE at step 22 (timestep=792)
🎯 GUIDANCE STEP 22 (t=792): Loss=0.5874, Rho=7.519814, Grad_norm=0.1330, Final_scale=75.1981
🚀 APPLYING GUIDANCE at step 23 (timestep=778)
🎯 GUIDANCE STEP 23 (t=778): Loss=0.5903, Rho=12.274114, Grad_norm=0.0815, Final_scale=122.7411
🚀 APPLYING GUIDANCE at step 24 (timestep=764)
🎯 GUIDANCE STEP 24 (t=764): Loss=0.5815, Rho=13.938187, Grad_norm=0.0717, Final_scale=139.3819
🚀 APPLYING GUIDANCE at step 25 (timestep=749)
🎯 GUIDANCE STEP 25 (t=749): Loss=0.5776, Rho=11.540716, Grad_norm=0.0866, Final_scale=115.4072
🚀 APPLYING GUIDANCE at step 26 (timestep=734)
🎯 GUIDANCE STEP 26 (t=734): Loss=0.5796, Rho=6.162097, Grad_norm=0.1623, Final_scale=61.6210
🚀 APPLYING GUIDANCE at step 27 (timestep=718)
🎯 GUIDANCE STEP 27 (t=718): Loss=0.5771, Rho=8.778990, Grad_norm=0.1139, Final_scale=87.7899
🚀 APPLYING GUIDANCE at step 28 (timestep=701)
🎯 GUIDANCE STEP 28 (t=701): Loss=0.5806, Rho=14.513853, Grad_norm=0.0689, Final_scale=145.1385
🚀 APPLYING GUIDANCE at step 29 (timestep=684)
🎯 GUIDANCE STEP 29 (t=684): Loss=0.5791, Rho=7.104848, Grad_norm=0.1407, Final_scale=71.0485
🚀 APPLYING GUIDANCE at step 30 (timestep=666)
🎯 GUIDANCE STEP 30 (t=666): Loss=0.5796, Rho=7.936269, Grad_norm=0.1260, Final_scale=79.3627
🚀 APPLYING GUIDANCE at step 31 (timestep=647)
🎯 GUIDANCE STEP 31 (t=647): Loss=0.5776, Rho=7.161014, Grad_norm=0.1396, Final_scale=71.6101
🚀 APPLYING GUIDANCE at step 32 (timestep=627)
🎯 GUIDANCE STEP 32 (t=627): Loss=0.5801, Rho=8.333574, Grad_norm=0.1200, Final_scale=83.3357
🚀 APPLYING GUIDANCE at step 33 (timestep=606)
🎯 GUIDANCE STEP 33 (t=606): Loss=0.5796, Rho=10.753044, Grad_norm=0.0930, Final_scale=107.5304
🚀 APPLYING GUIDANCE at step 34 (timestep=585)
🎯 GUIDANCE STEP 34 (t=585): Loss=0.5786, Rho=9.467512, Grad_norm=0.1056, Final_scale=94.6751
🚀 APPLYING GUIDANCE at step 35 (timestep=562)
🎯 GUIDANCE STEP 35 (t=562): Loss=0.5791, Rho=11.930609, Grad_norm=0.0838, Final_scale=119.3061
🚀 APPLYING GUIDANCE at step 36 (timestep=538)
🎯 GUIDANCE STEP 36 (t=538): Loss=0.5801, Rho=6.709561, Grad_norm=0.1490, Final_scale=67.0956
🚀 APPLYING GUIDANCE at step 37 (timestep=512)
🎯 GUIDANCE STEP 37 (t=512): Loss=0.5830, Rho=6.468869, Grad_norm=0.1546, Final_scale=64.6887
🚀 APPLYING GUIDANCE at step 38 (timestep=486)
🎯 GUIDANCE STEP 38 (t=486): Loss=0.5845, Rho=12.933756, Grad_norm=0.0773, Final_scale=129.3376
🚀 APPLYING GUIDANCE at step 39 (timestep=458)
🎯 GUIDANCE STEP 39 (t=458): Loss=0.5859, Rho=8.812608, Grad_norm=0.1135, Final_scale=88.1261
🚀 APPLYING GUIDANCE at step 40 (timestep=428)
🎯 GUIDANCE STEP 40 (t=428): Loss=0.5845, Rho=10.591300, Grad_norm=0.0944, Final_scale=105.9130
🚀 APPLYING GUIDANCE at step 41 (timestep=396)
🎯 GUIDANCE STEP 41 (t=396): Loss=0.5854, Rho=10.474243, Grad_norm=0.0955, Final_scale=104.7424
🚀 APPLYING GUIDANCE at step 42 (timestep=363)
🎯 GUIDANCE STEP 42 (t=363): Loss=0.5864, Rho=11.315839, Grad_norm=0.0884, Final_scale=113.1584
🚀 APPLYING GUIDANCE at step 43 (timestep=327)
🎯 GUIDANCE STEP 43 (t=327): Loss=0.5854, Rho=5.517315, Grad_norm=0.1812, Final_scale=55.1731
🚀 APPLYING GUIDANCE at step 44 (timestep=290)
🎯 GUIDANCE STEP 44 (t=290): Loss=0.5854, Rho=11.528597, Grad_norm=0.0867, Final_scale=115.2860
🚀 APPLYING GUIDANCE at step 45 (timestep=249)
🎯 GUIDANCE STEP 45 (t=249): Loss=0.5840, Rho=9.314582, Grad_norm=0.1074, Final_scale=93.1458
🚀 APPLYING GUIDANCE at step 46 (timestep=206)
🎯 GUIDANCE STEP 46 (t=206): Loss=0.5830, Rho=13.661771, Grad_norm=0.0732, Final_scale=136.6177
🚀 APPLYING GUIDANCE at step 47 (timestep=160)
🎯 GUIDANCE STEP 47 (t=160): Loss=0.5830, Rho=11.127872, Grad_norm=0.0899, Final_scale=111.2787
🚀 APPLYING GUIDANCE at step 48 (timestep=111)
🎯 GUIDANCE STEP 48 (t=111): Loss=0.5845, Rho=9.239293, Grad_norm=0.1082, Final_scale=92.3929
🚀 APPLYING GUIDANCE at step 49 (timestep=57)
🎯 GUIDANCE STEP 49 (t=57): Loss=0.5835, Rho=5.234811, Grad_norm=0.1910, Final_scale=52.3481
[guidance_f17_s50_w8c6_rho10.0_cfg5.0_0701_1458] Generated: generated_videos/subject_consistency/guidance_f17_s50_w8c6_rho10.0_cfg5.0_0701_1458/008_a_boat_sailing_smoothly_on_a_calm_lake.mp4
[guidance_f17_s50_w8c6_rho10.0_cfg5.0_0701_1458] Experiment completed! Results saved to: generated_videos/subject_consistency/guidance_f17_s50_w8c6_rho10.0_cfg5.0_0701_1458
🚀 APPLYING GUIDANCE at step 0 (timestep=999)
🎯 GUIDANCE STEP 0 (t=999): Loss=0.6143, Rho=13.435327, Grad_norm=0.0744, Final_scale=134.3533
🚀 APPLYING GUIDANCE at step 1 (timestep=992)
🎯 GUIDANCE STEP 1 (t=992): Loss=0.5400, Rho=16.705637, Grad_norm=0.0599, Final_scale=167.0564
🚀 APPLYING GUIDANCE at step 2 (timestep=985)
🎯 GUIDANCE STEP 2 (t=985): Loss=0.5605, Rho=12.721953, Grad_norm=0.0786, Final_scale=127.2195
🚀 APPLYING GUIDANCE at step 3 (timestep=978)
🎯 GUIDANCE STEP 3 (t=978): Loss=0.5767, Rho=16.864161, Grad_norm=0.0593, Final_scale=168.6416
🚀 APPLYING GUIDANCE at step 4 (timestep=971)
🎯 GUIDANCE STEP 4 (t=971): Loss=0.5762, Rho=9.414598, Grad_norm=0.1062, Final_scale=94.1460
🚀 APPLYING GUIDANCE at step 5 (timestep=963)
🎯 GUIDANCE STEP 5 (t=963): Loss=0.5869, Rho=10.812478, Grad_norm=0.0925, Final_scale=108.1248
🚀 APPLYING GUIDANCE at step 6 (timestep=956)
🎯 GUIDANCE STEP 6 (t=956): Loss=0.5972, Rho=12.517467, Grad_norm=0.0799, Final_scale=125.1747
🚀 APPLYING GUIDANCE at step 7 (timestep=948)
🎯 GUIDANCE STEP 7 (t=948): Loss=0.6040, Rho=8.186954, Grad_norm=0.1221, Final_scale=81.8695
🚀 APPLYING GUIDANCE at step 8 (timestep=939)
🎯 GUIDANCE STEP 8 (t=939): Loss=0.6133, Rho=7.248898, Grad_norm=0.1380, Final_scale=72.4890
🚀 APPLYING GUIDANCE at step 9 (timestep=931)
🎯 GUIDANCE STEP 9 (t=931): Loss=0.6240, Rho=5.666111, Grad_norm=0.1765, Final_scale=56.6611
🚀 APPLYING GUIDANCE at step 10 (timestep=922)
🎯 GUIDANCE STEP 10 (t=922): Loss=0.6162, Rho=4.148242, Grad_norm=0.2411, Final_scale=41.4824
🚀 APPLYING GUIDANCE at step 11 (timestep=913)
🎯 GUIDANCE STEP 11 (t=913): Loss=0.5981, Rho=4.691064, Grad_norm=0.2132, Final_scale=46.9106
🚀 APPLYING GUIDANCE at step 12 (timestep=904)
🎯 GUIDANCE STEP 12 (t=904): Loss=0.6108, Rho=5.667371, Grad_norm=0.1764, Final_scale=56.6737
🚀 APPLYING GUIDANCE at step 13 (timestep=894)
🎯 GUIDANCE STEP 13 (t=894): Loss=0.6128, Rho=3.419345, Grad_norm=0.2925, Final_scale=34.1934
🚀 APPLYING GUIDANCE at step 14 (timestep=884)
🎯 GUIDANCE STEP 14 (t=884): Loss=0.6162, Rho=5.868443, Grad_norm=0.1704, Final_scale=58.6844
🚀 APPLYING GUIDANCE at step 15 (timestep=874)
🎯 GUIDANCE STEP 15 (t=874): Loss=0.6040, Rho=6.018524, Grad_norm=0.1662, Final_scale=60.1852
🚀 APPLYING GUIDANCE at step 16 (timestep=864)
🎯 GUIDANCE STEP 16 (t=864): Loss=0.6045, Rho=4.228613, Grad_norm=0.2365, Final_scale=42.2861
🚀 APPLYING GUIDANCE at step 17 (timestep=853)
🎯 GUIDANCE STEP 17 (t=853): Loss=0.6108, Rho=2.193117, Grad_norm=0.4560, Final_scale=21.9312
🚀 APPLYING GUIDANCE at step 18 (timestep=841)
🎯 GUIDANCE STEP 18 (t=841): Loss=0.6138, Rho=4.461359, Grad_norm=0.2241, Final_scale=44.6136
🚀 APPLYING GUIDANCE at step 19 (timestep=829)
🎯 GUIDANCE STEP 19 (t=829): Loss=0.6309, Rho=3.503712, Grad_norm=0.2854, Final_scale=35.0371
🚀 APPLYING GUIDANCE at step 20 (timestep=817)
🎯 GUIDANCE STEP 20 (t=817): Loss=0.6255, Rho=4.714940, Grad_norm=0.2121, Final_scale=47.1494
🚀 APPLYING GUIDANCE at step 21 (timestep=805)
🎯 GUIDANCE STEP 21 (t=805): Loss=0.6309, Rho=3.595721, Grad_norm=0.2781, Final_scale=35.9572
🚀 APPLYING GUIDANCE at step 22 (timestep=792)
🎯 GUIDANCE STEP 22 (t=792): Loss=0.6294, Rho=4.053240, Grad_norm=0.2467, Final_scale=40.5324
🚀 APPLYING GUIDANCE at step 23 (timestep=778)
🎯 GUIDANCE STEP 23 (t=778): Loss=0.6348, Rho=4.439063, Grad_norm=0.2253, Final_scale=44.3906
🚀 APPLYING GUIDANCE at step 24 (timestep=764)
🎯 GUIDANCE STEP 24 (t=764): Loss=0.6309, Rho=3.410081, Grad_norm=0.2932, Final_scale=34.1008
🚀 APPLYING GUIDANCE at step 25 (timestep=749)
🎯 GUIDANCE STEP 25 (t=749): Loss=0.6323, Rho=7.840599, Grad_norm=0.1275, Final_scale=78.4060
🚀 APPLYING GUIDANCE at step 26 (timestep=734)
🎯 GUIDANCE STEP 26 (t=734): Loss=0.6240, Rho=3.890642, Grad_norm=0.2570, Final_scale=38.9064
🚀 APPLYING GUIDANCE at step 27 (timestep=718)
🎯 GUIDANCE STEP 27 (t=718): Loss=0.6318, Rho=4.877614, Grad_norm=0.2050, Final_scale=48.7761
🚀 APPLYING GUIDANCE at step 28 (timestep=701)
🎯 GUIDANCE STEP 28 (t=701): Loss=0.6333, Rho=6.099831, Grad_norm=0.1639, Final_scale=60.9983
🚀 APPLYING GUIDANCE at step 29 (timestep=684)
🎯 GUIDANCE STEP 29 (t=684): Loss=0.6284, Rho=4.252511, Grad_norm=0.2352, Final_scale=42.5251
🚀 APPLYING GUIDANCE at step 30 (timestep=666)
🎯 GUIDANCE STEP 30 (t=666): Loss=0.6284, Rho=10.040843, Grad_norm=0.0996, Final_scale=100.4084
🚀 APPLYING GUIDANCE at step 31 (timestep=647)
🎯 GUIDANCE STEP 31 (t=647): Loss=0.6323, Rho=1.203291, Grad_norm=0.8311, Final_scale=12.0329
🚀 APPLYING GUIDANCE at step 32 (timestep=627)
🎯 GUIDANCE STEP 32 (t=627): Loss=0.6348, Rho=5.237896, Grad_norm=0.1909, Final_scale=52.3790
🚀 APPLYING GUIDANCE at step 33 (timestep=606)
🎯 GUIDANCE STEP 33 (t=606): Loss=0.6323, Rho=6.047047, Grad_norm=0.1654, Final_scale=60.4705
🚀 APPLYING GUIDANCE at step 34 (timestep=585)
🎯 GUIDANCE STEP 34 (t=585): Loss=0.6309, Rho=2.499315, Grad_norm=0.4001, Final_scale=24.9932
🚀 APPLYING GUIDANCE at step 35 (timestep=562)
🎯 GUIDANCE STEP 35 (t=562): Loss=0.6304, Rho=3.088361, Grad_norm=0.3238, Final_scale=30.8836
🚀 APPLYING GUIDANCE at step 36 (timestep=538)
🎯 GUIDANCE STEP 36 (t=538): Loss=0.6333, Rho=6.879207, Grad_norm=0.1454, Final_scale=68.7921
🚀 APPLYING GUIDANCE at step 37 (timestep=512)
🎯 GUIDANCE STEP 37 (t=512): Loss=0.6343, Rho=6.894214, Grad_norm=0.1450, Final_scale=68.9421
🚀 APPLYING GUIDANCE at step 38 (timestep=486)
🎯 GUIDANCE STEP 38 (t=486): Loss=0.6289, Rho=6.167456, Grad_norm=0.1621, Final_scale=61.6746
🚀 APPLYING GUIDANCE at step 39 (timestep=458)
🎯 GUIDANCE STEP 39 (t=458): Loss=0.6279, Rho=4.891719, Grad_norm=0.2044, Final_scale=48.9172
🚀 APPLYING GUIDANCE at step 40 (timestep=428)
🎯 GUIDANCE STEP 40 (t=428): Loss=0.6294, Rho=2.485995, Grad_norm=0.4023, Final_scale=24.8600
🚀 APPLYING GUIDANCE at step 41 (timestep=396)
🎯 GUIDANCE STEP 41 (t=396): Loss=0.6265, Rho=14.894917, Grad_norm=0.0671, Final_scale=148.9492
🚀 APPLYING GUIDANCE at step 42 (timestep=363)
🎯 GUIDANCE STEP 42 (t=363): Loss=0.6260, Rho=6.117475, Grad_norm=0.1635, Final_scale=61.1748
🚀 APPLYING GUIDANCE at step 43 (timestep=327)
🎯 GUIDANCE STEP 43 (t=327): Loss=0.6270, Rho=11.748828, Grad_norm=0.0851, Final_scale=117.4883
🚀 APPLYING GUIDANCE at step 44 (timestep=290)
🎯 GUIDANCE STEP 44 (t=290): Loss=0.6230, Rho=9.975807, Grad_norm=0.1002, Final_scale=99.7581
🚀 APPLYING GUIDANCE at step 45 (timestep=249)
🎯 GUIDANCE STEP 45 (t=249): Loss=0.6230, Rho=13.411034, Grad_norm=0.0746, Final_scale=134.1103
🚀 APPLYING GUIDANCE at step 46 (timestep=206)
🎯 GUIDANCE STEP 46 (t=206): Loss=0.6206, Rho=25.411732, Grad_norm=0.0394, Final_scale=254.1173
🚀 APPLYING GUIDANCE at step 47 (timestep=160)
🎯 GUIDANCE STEP 47 (t=160): Loss=0.6167, Rho=6.682399, Grad_norm=0.1496, Final_scale=66.8240
🚀 APPLYING GUIDANCE at step 48 (timestep=111)
🎯 GUIDANCE STEP 48 (t=111): Loss=0.6133, Rho=10.795902, Grad_norm=0.0926, Final_scale=107.9590
🚀 APPLYING GUIDANCE at step 49 (timestep=57)
🎯 GUIDANCE STEP 49 (t=57): Loss=0.6055, Rho=12.254419, Grad_norm=0.0816, Final_scale=122.5442
[guidance_f17_s50_w8c6_rho10.0_cfg5.0_0701_1458] Generated: generated_videos/subject_consistency/guidance_f17_s50_w8c6_rho10.0_cfg5.0_0701_1458/005_an_elephant_spraying_itself_with_water_using_its_t.mp4
[guidance_f17_s50_w8c6_rho10.0_cfg5.0_0701_1458] Generating video 7/9 (guidance): an elephant taking a peaceful walk
🎬 STARTING GUIDANCE PIPELINE GENERATION
   Frames: 17, Steps: 50, CFG Scale: 5.0

🔧 GUIDANCE PIPELINE CONFIGURATION:
   Guidance range: 0 - 1001
   Rho scale: 10.0
   V-JEPA kernel_size: 8
   V-JEPA context_length: 6
   V-JEPA stride: 2
   V-JEPA mode: max
   Total timesteps: 50

🚀 APPLYING GUIDANCE at step 0 (timestep=999)
🎯 GUIDANCE STEP 0 (t=999): Loss=0.5361, Rho=10.988017, Grad_norm=0.0910, Final_scale=109.8802
🚀 APPLYING GUIDANCE at step 1 (timestep=992)
🎯 GUIDANCE STEP 1 (t=992): Loss=0.5293, Rho=20.573235, Grad_norm=0.0486, Final_scale=205.7323
🚀 APPLYING GUIDANCE at step 2 (timestep=985)
🎯 GUIDANCE STEP 2 (t=985): Loss=0.5327, Rho=31.125322, Grad_norm=0.0321, Final_scale=311.2532
🚀 APPLYING GUIDANCE at step 3 (timestep=978)
🎯 GUIDANCE STEP 3 (t=978): Loss=0.5337, Rho=29.880585, Grad_norm=0.0335, Final_scale=298.8058
🚀 APPLYING GUIDANCE at step 4 (timestep=971)
🎯 GUIDANCE STEP 4 (t=971): Loss=0.5396, Rho=22.591354, Grad_norm=0.0443, Final_scale=225.9135
🚀 APPLYING GUIDANCE at step 5 (timestep=963)
🎯 GUIDANCE STEP 5 (t=963): Loss=0.5391, Rho=4.124114, Grad_norm=0.2425, Final_scale=41.2411
🚀 APPLYING GUIDANCE at step 6 (timestep=956)
🎯 GUIDANCE STEP 6 (t=956): Loss=0.5479, Rho=11.204423, Grad_norm=0.0893, Final_scale=112.0442
🚀 APPLYING GUIDANCE at step 7 (timestep=948)
🎯 GUIDANCE STEP 7 (t=948): Loss=0.5537, Rho=13.742249, Grad_norm=0.0728, Final_scale=137.4225
🚀 APPLYING GUIDANCE at step 8 (timestep=939)
🎯 GUIDANCE STEP 8 (t=939): Loss=0.5566, Rho=24.011959, Grad_norm=0.0416, Final_scale=240.1196
🚀 APPLYING GUIDANCE at step 9 (timestep=931)
🎯 GUIDANCE STEP 9 (t=931): Loss=0.5620, Rho=11.586555, Grad_norm=0.0863, Final_scale=115.8656
🚀 APPLYING GUIDANCE at step 10 (timestep=922)
🎯 GUIDANCE STEP 10 (t=922): Loss=0.5596, Rho=21.189545, Grad_norm=0.0472, Final_scale=211.8954
🚀 APPLYING GUIDANCE at step 11 (timestep=913)
🎯 GUIDANCE STEP 11 (t=913): Loss=0.5581, Rho=9.845800, Grad_norm=0.1016, Final_scale=98.4580
🚀 APPLYING GUIDANCE at step 12 (timestep=904)
🎯 GUIDANCE STEP 12 (t=904): Loss=0.5635, Rho=10.668771, Grad_norm=0.0937, Final_scale=106.6877
🚀 APPLYING GUIDANCE at step 13 (timestep=894)
🎯 GUIDANCE STEP 13 (t=894): Loss=0.5674, Rho=13.845102, Grad_norm=0.0722, Final_scale=138.4510
🚀 APPLYING GUIDANCE at step 14 (timestep=884)
🎯 GUIDANCE STEP 14 (t=884): Loss=0.5869, Rho=8.911678, Grad_norm=0.1122, Final_scale=89.1168
🚀 APPLYING GUIDANCE at step 15 (timestep=874)
🎯 GUIDANCE STEP 15 (t=874): Loss=0.6016, Rho=10.213116, Grad_norm=0.0979, Final_scale=102.1312
🚀 APPLYING GUIDANCE at step 16 (timestep=864)
🎯 GUIDANCE STEP 16 (t=864): Loss=0.5996, Rho=13.152064, Grad_norm=0.0760, Final_scale=131.5206
🚀 APPLYING GUIDANCE at step 17 (timestep=853)
🎯 GUIDANCE STEP 17 (t=853): Loss=0.5972, Rho=13.493670, Grad_norm=0.0741, Final_scale=134.9367
🚀 APPLYING GUIDANCE at step 18 (timestep=841)
🎯 GUIDANCE STEP 18 (t=841): Loss=0.5923, Rho=9.161801, Grad_norm=0.1091, Final_scale=91.6180
🚀 APPLYING GUIDANCE at step 19 (timestep=829)
🎯 GUIDANCE STEP 19 (t=829): Loss=0.5981, Rho=13.824074, Grad_norm=0.0723, Final_scale=138.2407
🚀 APPLYING GUIDANCE at step 20 (timestep=817)
🎯 GUIDANCE STEP 20 (t=817): Loss=0.6006, Rho=13.384482, Grad_norm=0.0747, Final_scale=133.8448
🚀 APPLYING GUIDANCE at step 21 (timestep=805)
🎯 GUIDANCE STEP 21 (t=805): Loss=0.6060, Rho=7.914176, Grad_norm=0.1264, Final_scale=79.1418
🚀 APPLYING GUIDANCE at step 22 (timestep=792)
🎯 GUIDANCE STEP 22 (t=792): Loss=0.6045, Rho=8.139235, Grad_norm=0.1229, Final_scale=81.3923
🚀 APPLYING GUIDANCE at step 23 (timestep=778)
🎯 GUIDANCE STEP 23 (t=778): Loss=0.6074, Rho=10.956480, Grad_norm=0.0913, Final_scale=109.5648
🚀 APPLYING GUIDANCE at step 24 (timestep=764)
🎯 GUIDANCE STEP 24 (t=764): Loss=0.6064, Rho=12.767736, Grad_norm=0.0783, Final_scale=127.6774
🚀 APPLYING GUIDANCE at step 25 (timestep=749)
🎯 GUIDANCE STEP 25 (t=749): Loss=0.6050, Rho=13.623755, Grad_norm=0.0734, Final_scale=136.2375
🚀 APPLYING GUIDANCE at step 26 (timestep=734)
🎯 GUIDANCE STEP 26 (t=734): Loss=0.6011, Rho=16.329748, Grad_norm=0.0612, Final_scale=163.2975
🚀 APPLYING GUIDANCE at step 27 (timestep=718)
🎯 GUIDANCE STEP 27 (t=718): Loss=0.5986, Rho=12.512194, Grad_norm=0.0799, Final_scale=125.1219
🚀 APPLYING GUIDANCE at step 28 (timestep=701)
🎯 GUIDANCE STEP 28 (t=701): Loss=0.6006, Rho=9.506657, Grad_norm=0.1052, Final_scale=95.0666
🚀 APPLYING GUIDANCE at step 29 (timestep=684)
🎯 GUIDANCE STEP 29 (t=684): Loss=0.5903, Rho=8.545919, Grad_norm=0.1170, Final_scale=85.4592
🚀 APPLYING GUIDANCE at step 30 (timestep=666)
🎯 GUIDANCE STEP 30 (t=666): Loss=0.5815, Rho=23.315493, Grad_norm=0.0429, Final_scale=233.1549
🚀 APPLYING GUIDANCE at step 31 (timestep=647)
🎯 GUIDANCE STEP 31 (t=647): Loss=0.5811, Rho=16.080379, Grad_norm=0.0622, Final_scale=160.8038
🚀 APPLYING GUIDANCE at step 32 (timestep=627)
🎯 GUIDANCE STEP 32 (t=627): Loss=0.5864, Rho=22.201910, Grad_norm=0.0450, Final_scale=222.0191
🚀 APPLYING GUIDANCE at step 33 (timestep=606)
🎯 GUIDANCE STEP 33 (t=606): Loss=0.5825, Rho=19.182213, Grad_norm=0.0521, Final_scale=191.8221
🚀 APPLYING GUIDANCE at step 34 (timestep=585)
🎯 GUIDANCE STEP 34 (t=585): Loss=0.5859, Rho=32.107731, Grad_norm=0.0311, Final_scale=321.0773
🚀 APPLYING GUIDANCE at step 35 (timestep=562)
🎯 GUIDANCE STEP 35 (t=562): Loss=0.5830, Rho=24.957567, Grad_norm=0.0401, Final_scale=249.5757
🚀 APPLYING GUIDANCE at step 36 (timestep=538)
🎯 GUIDANCE STEP 36 (t=538): Loss=0.5801, Rho=21.618151, Grad_norm=0.0463, Final_scale=216.1815
🚀 APPLYING GUIDANCE at step 37 (timestep=512)
🎯 GUIDANCE STEP 37 (t=512): Loss=0.5796, Rho=34.009056, Grad_norm=0.0294, Final_scale=340.0906
🚀 APPLYING GUIDANCE at step 38 (timestep=486)
🎯 GUIDANCE STEP 38 (t=486): Loss=0.5806, Rho=32.348953, Grad_norm=0.0309, Final_scale=323.4895
🚀 APPLYING GUIDANCE at step 39 (timestep=458)
🎯 GUIDANCE STEP 39 (t=458): Loss=0.5825, Rho=33.964626, Grad_norm=0.0294, Final_scale=339.6463
🚀 APPLYING GUIDANCE at step 40 (timestep=428)
🎯 GUIDANCE STEP 40 (t=428): Loss=0.5801, Rho=32.237743, Grad_norm=0.0310, Final_scale=322.3774
🚀 APPLYING GUIDANCE at step 41 (timestep=396)
🎯 GUIDANCE STEP 41 (t=396): Loss=0.5786, Rho=39.815540, Grad_norm=0.0251, Final_scale=398.1554
🚀 APPLYING GUIDANCE at step 42 (timestep=363)
🎯 GUIDANCE STEP 42 (t=363): Loss=0.5762, Rho=37.613228, Grad_norm=0.0266, Final_scale=376.1323
🚀 APPLYING GUIDANCE at step 43 (timestep=327)
🎯 GUIDANCE STEP 43 (t=327): Loss=0.5762, Rho=20.895203, Grad_norm=0.0479, Final_scale=208.9520
🚀 APPLYING GUIDANCE at step 44 (timestep=290)
🎯 GUIDANCE STEP 44 (t=290): Loss=0.5786, Rho=37.668362, Grad_norm=0.0265, Final_scale=376.6836
🚀 APPLYING GUIDANCE at step 45 (timestep=249)
🎯 GUIDANCE STEP 45 (t=249): Loss=0.5781, Rho=22.887735, Grad_norm=0.0437, Final_scale=228.8774
🚀 APPLYING GUIDANCE at step 46 (timestep=206)
🎯 GUIDANCE STEP 46 (t=206): Loss=0.5806, Rho=31.479824, Grad_norm=0.0318, Final_scale=314.7982
🚀 APPLYING GUIDANCE at step 47 (timestep=160)
🎯 GUIDANCE STEP 47 (t=160): Loss=0.5767, Rho=21.920067, Grad_norm=0.0456, Final_scale=219.2007
🚀 APPLYING GUIDANCE at step 48 (timestep=111)
🎯 GUIDANCE STEP 48 (t=111): Loss=0.5771, Rho=22.083248, Grad_norm=0.0453, Final_scale=220.8325
🚀 APPLYING GUIDANCE at step 49 (timestep=57)
🎯 GUIDANCE STEP 49 (t=57): Loss=0.5801, Rho=10.435114, Grad_norm=0.0958, Final_scale=104.3511
[guidance_f17_s50_w8c6_rho10.0_cfg5.0_0701_1458] Generated: generated_videos/subject_consistency/guidance_f17_s50_w8c6_rho10.0_cfg5.0_0701_1458/008_a_bus_accelerating_to_gain_speed.mp4
[guidance_f17_s50_w8c6_rho10.0_cfg5.0_0701_1458] Experiment completed! Results saved to: generated_videos/subject_consistency/guidance_f17_s50_w8c6_rho10.0_cfg5.0_0701_1458
🚀 APPLYING GUIDANCE at step 0 (timestep=999)
🎯 GUIDANCE STEP 0 (t=999): Loss=0.5420, Rho=26.617447, Grad_norm=0.0376, Final_scale=266.1745
🚀 APPLYING GUIDANCE at step 1 (timestep=992)
🎯 GUIDANCE STEP 1 (t=992): Loss=0.5547, Rho=13.130647, Grad_norm=0.0762, Final_scale=131.3065
🚀 APPLYING GUIDANCE at step 2 (timestep=985)
🎯 GUIDANCE STEP 2 (t=985): Loss=0.5981, Rho=3.950879, Grad_norm=0.2531, Final_scale=39.5088
🚀 APPLYING GUIDANCE at step 3 (timestep=978)
🎯 GUIDANCE STEP 3 (t=978): Loss=0.6050, Rho=11.535050, Grad_norm=0.0867, Final_scale=115.3505
🚀 APPLYING GUIDANCE at step 4 (timestep=971)
🎯 GUIDANCE STEP 4 (t=971): Loss=0.6074, Rho=3.011605, Grad_norm=0.3320, Final_scale=30.1161
🚀 APPLYING GUIDANCE at step 5 (timestep=963)
🎯 GUIDANCE STEP 5 (t=963): Loss=0.6182, Rho=4.727701, Grad_norm=0.2115, Final_scale=47.2770
🚀 APPLYING GUIDANCE at step 6 (timestep=956)
🎯 GUIDANCE STEP 6 (t=956): Loss=0.6201, Rho=5.590245, Grad_norm=0.1789, Final_scale=55.9025
🚀 APPLYING GUIDANCE at step 7 (timestep=948)
🎯 GUIDANCE STEP 7 (t=948): Loss=0.6411, Rho=6.796797, Grad_norm=0.1471, Final_scale=67.9680
🚀 APPLYING GUIDANCE at step 8 (timestep=939)
🎯 GUIDANCE STEP 8 (t=939): Loss=0.6450, Rho=4.194240, Grad_norm=0.2384, Final_scale=41.9424
🚀 APPLYING GUIDANCE at step 9 (timestep=931)
🎯 GUIDANCE STEP 9 (t=931): Loss=0.6445, Rho=5.845786, Grad_norm=0.1711, Final_scale=58.4579
🚀 APPLYING GUIDANCE at step 10 (timestep=922)
🎯 GUIDANCE STEP 10 (t=922): Loss=0.6499, Rho=7.695321, Grad_norm=0.1299, Final_scale=76.9532
🚀 APPLYING GUIDANCE at step 11 (timestep=913)
🎯 GUIDANCE STEP 11 (t=913): Loss=0.6475, Rho=4.269681, Grad_norm=0.2342, Final_scale=42.6968
🚀 APPLYING GUIDANCE at step 12 (timestep=904)
🎯 GUIDANCE STEP 12 (t=904): Loss=0.6455, Rho=7.165099, Grad_norm=0.1396, Final_scale=71.6510
🚀 APPLYING GUIDANCE at step 13 (timestep=894)
🎯 GUIDANCE STEP 13 (t=894): Loss=0.6470, Rho=7.505766, Grad_norm=0.1332, Final_scale=75.0577
🚀 APPLYING GUIDANCE at step 14 (timestep=884)
🎯 GUIDANCE STEP 14 (t=884): Loss=0.6479, Rho=5.085093, Grad_norm=0.1967, Final_scale=50.8509
🚀 APPLYING GUIDANCE at step 15 (timestep=874)
🎯 GUIDANCE STEP 15 (t=874): Loss=0.6431, Rho=9.004131, Grad_norm=0.1111, Final_scale=90.0413
🚀 APPLYING GUIDANCE at step 16 (timestep=864)
🎯 GUIDANCE STEP 16 (t=864): Loss=0.6484, Rho=9.086305, Grad_norm=0.1101, Final_scale=90.8630
🚀 APPLYING GUIDANCE at step 17 (timestep=853)
🎯 GUIDANCE STEP 17 (t=853): Loss=0.6475, Rho=5.766874, Grad_norm=0.1734, Final_scale=57.6687
🚀 APPLYING GUIDANCE at step 18 (timestep=841)
🎯 GUIDANCE STEP 18 (t=841): Loss=0.6479, Rho=7.708742, Grad_norm=0.1297, Final_scale=77.0874
🚀 APPLYING GUIDANCE at step 19 (timestep=829)
🎯 GUIDANCE STEP 19 (t=829): Loss=0.6465, Rho=6.892370, Grad_norm=0.1451, Final_scale=68.9237
🚀 APPLYING GUIDANCE at step 20 (timestep=817)
🎯 GUIDANCE STEP 20 (t=817): Loss=0.6436, Rho=2.440862, Grad_norm=0.4097, Final_scale=24.4086
🚀 APPLYING GUIDANCE at step 21 (timestep=805)
🎯 GUIDANCE STEP 21 (t=805): Loss=0.6436, Rho=6.487786, Grad_norm=0.1541, Final_scale=64.8779
🚀 APPLYING GUIDANCE at step 22 (timestep=792)
🎯 GUIDANCE STEP 22 (t=792): Loss=0.6440, Rho=10.194457, Grad_norm=0.0981, Final_scale=101.9446
🚀 APPLYING GUIDANCE at step 23 (timestep=778)
🎯 GUIDANCE STEP 23 (t=778): Loss=0.6470, Rho=5.385412, Grad_norm=0.1857, Final_scale=53.8541
🚀 APPLYING GUIDANCE at step 24 (timestep=764)
🎯 GUIDANCE STEP 24 (t=764): Loss=0.6489, Rho=5.961774, Grad_norm=0.1677, Final_scale=59.6177
🚀 APPLYING GUIDANCE at step 25 (timestep=749)
🎯 GUIDANCE STEP 25 (t=749): Loss=0.6479, Rho=3.915567, Grad_norm=0.2554, Final_scale=39.1557
🚀 APPLYING GUIDANCE at step 26 (timestep=734)
🎯 GUIDANCE STEP 26 (t=734): Loss=0.6431, Rho=2.621595, Grad_norm=0.3814, Final_scale=26.2159
🚀 APPLYING GUIDANCE at step 27 (timestep=718)
🎯 GUIDANCE STEP 27 (t=718): Loss=0.6475, Rho=5.195576, Grad_norm=0.1925, Final_scale=51.9558
🚀 APPLYING GUIDANCE at step 28 (timestep=701)
🎯 GUIDANCE STEP 28 (t=701): Loss=0.6445, Rho=10.491427, Grad_norm=0.0953, Final_scale=104.9143
🚀 APPLYING GUIDANCE at step 29 (timestep=684)
🎯 GUIDANCE STEP 29 (t=684): Loss=0.6465, Rho=9.803359, Grad_norm=0.1020, Final_scale=98.0336
🚀 APPLYING GUIDANCE at step 30 (timestep=666)
🎯 GUIDANCE STEP 30 (t=666): Loss=0.6460, Rho=6.133300, Grad_norm=0.1630, Final_scale=61.3330
🚀 APPLYING GUIDANCE at step 31 (timestep=647)
🎯 GUIDANCE STEP 31 (t=647): Loss=0.6484, Rho=3.307009, Grad_norm=0.3024, Final_scale=33.0701
🚀 APPLYING GUIDANCE at step 32 (timestep=627)
🎯 GUIDANCE STEP 32 (t=627): Loss=0.6514, Rho=14.313982, Grad_norm=0.0699, Final_scale=143.1398
🚀 APPLYING GUIDANCE at step 33 (timestep=606)
🎯 GUIDANCE STEP 33 (t=606): Loss=0.6465, Rho=10.381971, Grad_norm=0.0963, Final_scale=103.8197
🚀 APPLYING GUIDANCE at step 34 (timestep=585)
🎯 GUIDANCE STEP 34 (t=585): Loss=0.6519, Rho=5.750888, Grad_norm=0.1739, Final_scale=57.5089
🚀 APPLYING GUIDANCE at step 35 (timestep=562)
🎯 GUIDANCE STEP 35 (t=562): Loss=0.6499, Rho=2.618799, Grad_norm=0.3819, Final_scale=26.1880
🚀 APPLYING GUIDANCE at step 36 (timestep=538)
🎯 GUIDANCE STEP 36 (t=538): Loss=0.6504, Rho=17.910172, Grad_norm=0.0558, Final_scale=179.1017
🚀 APPLYING GUIDANCE at step 37 (timestep=512)
🎯 GUIDANCE STEP 37 (t=512): Loss=0.6514, Rho=3.438281, Grad_norm=0.2908, Final_scale=34.3828
🚀 APPLYING GUIDANCE at step 38 (timestep=486)
🎯 GUIDANCE STEP 38 (t=486): Loss=0.6499, Rho=13.621670, Grad_norm=0.0734, Final_scale=136.2167
🚀 APPLYING GUIDANCE at step 39 (timestep=458)
🎯 GUIDANCE STEP 39 (t=458): Loss=0.6489, Rho=7.994493, Grad_norm=0.1251, Final_scale=79.9449
🚀 APPLYING GUIDANCE at step 40 (timestep=428)
🎯 GUIDANCE STEP 40 (t=428): Loss=0.6465, Rho=17.744848, Grad_norm=0.0564, Final_scale=177.4485
🚀 APPLYING GUIDANCE at step 41 (timestep=396)
🎯 GUIDANCE STEP 41 (t=396): Loss=0.6460, Rho=14.547245, Grad_norm=0.0687, Final_scale=145.4725
🚀 APPLYING GUIDANCE at step 42 (timestep=363)
🎯 GUIDANCE STEP 42 (t=363): Loss=0.6440, Rho=17.024389, Grad_norm=0.0587, Final_scale=170.2439
🚀 APPLYING GUIDANCE at step 43 (timestep=327)
🎯 GUIDANCE STEP 43 (t=327): Loss=0.6445, Rho=34.983208, Grad_norm=0.0286, Final_scale=349.8321
🚀 APPLYING GUIDANCE at step 44 (timestep=290)
🎯 GUIDANCE STEP 44 (t=290): Loss=0.6475, Rho=23.162785, Grad_norm=0.0432, Final_scale=231.6278
🚀 APPLYING GUIDANCE at step 45 (timestep=249)
🎯 GUIDANCE STEP 45 (t=249): Loss=0.6455, Rho=29.341005, Grad_norm=0.0341, Final_scale=293.4101
🚀 APPLYING GUIDANCE at step 46 (timestep=206)
🎯 GUIDANCE STEP 46 (t=206): Loss=0.6436, Rho=20.188280, Grad_norm=0.0495, Final_scale=201.8828
🚀 APPLYING GUIDANCE at step 47 (timestep=160)
🎯 GUIDANCE STEP 47 (t=160): Loss=0.6411, Rho=24.176254, Grad_norm=0.0414, Final_scale=241.7625
🚀 APPLYING GUIDANCE at step 48 (timestep=111)
🎯 GUIDANCE STEP 48 (t=111): Loss=0.6416, Rho=15.564564, Grad_norm=0.0642, Final_scale=155.6456
🚀 APPLYING GUIDANCE at step 49 (timestep=57)
🎯 GUIDANCE STEP 49 (t=57): Loss=0.6436, Rho=18.298923, Grad_norm=0.0546, Final_scale=182.9892
[guidance_f17_s50_w8c6_rho10.0_cfg5.0_0701_1458] Generated: generated_videos/subject_consistency/guidance_f17_s50_w8c6_rho10.0_cfg5.0_0701_1458/006_a_person_playing_guitar.mp4
[guidance_f17_s50_w8c6_rho10.0_cfg5.0_0701_1458] Generating video 8/9 (guidance): a bicycle leaning against a tree
🎬 STARTING GUIDANCE PIPELINE GENERATION
   Frames: 17, Steps: 50, CFG Scale: 5.0

🔧 GUIDANCE PIPELINE CONFIGURATION:
   Guidance range: 0 - 1001
   Rho scale: 10.0
   V-JEPA kernel_size: 8
   V-JEPA context_length: 6
   V-JEPA stride: 2
   V-JEPA mode: max
   Total timesteps: 50

🚀 APPLYING GUIDANCE at step 0 (timestep=999)
🎯 GUIDANCE STEP 0 (t=999): Loss=0.6177, Rho=2.545458, Grad_norm=0.3929, Final_scale=25.4546
🚀 APPLYING GUIDANCE at step 1 (timestep=992)
🎯 GUIDANCE STEP 1 (t=992): Loss=0.5312, Rho=68.483650, Grad_norm=0.0146, Final_scale=684.8365
🚀 APPLYING GUIDANCE at step 2 (timestep=985)
🎯 GUIDANCE STEP 2 (t=985): Loss=0.5386, Rho=20.297510, Grad_norm=0.0493, Final_scale=202.9751
🚀 APPLYING GUIDANCE at step 3 (timestep=978)
🎯 GUIDANCE STEP 3 (t=978): Loss=0.5396, Rho=25.751778, Grad_norm=0.0388, Final_scale=257.5178
🚀 APPLYING GUIDANCE at step 4 (timestep=971)
🎯 GUIDANCE STEP 4 (t=971): Loss=0.5454, Rho=17.718119, Grad_norm=0.0564, Final_scale=177.1812
🚀 APPLYING GUIDANCE at step 5 (timestep=963)
🎯 GUIDANCE STEP 5 (t=963): Loss=0.5645, Rho=5.053989, Grad_norm=0.1979, Final_scale=50.5399
🚀 APPLYING GUIDANCE at step 6 (timestep=956)
🎯 GUIDANCE STEP 6 (t=956): Loss=0.5791, Rho=12.068242, Grad_norm=0.0829, Final_scale=120.6824
🚀 APPLYING GUIDANCE at step 7 (timestep=948)
🎯 GUIDANCE STEP 7 (t=948): Loss=0.5815, Rho=11.909308, Grad_norm=0.0840, Final_scale=119.0931
🚀 APPLYING GUIDANCE at step 8 (timestep=939)
🎯 GUIDANCE STEP 8 (t=939): Loss=0.5913, Rho=21.201359, Grad_norm=0.0472, Final_scale=212.0136
🚀 APPLYING GUIDANCE at step 9 (timestep=931)
🎯 GUIDANCE STEP 9 (t=931): Loss=0.5854, Rho=18.643724, Grad_norm=0.0536, Final_scale=186.4372
🚀 APPLYING GUIDANCE at step 10 (timestep=922)
🎯 GUIDANCE STEP 10 (t=922): Loss=0.5894, Rho=13.016403, Grad_norm=0.0768, Final_scale=130.1640
🚀 APPLYING GUIDANCE at step 11 (timestep=913)
🎯 GUIDANCE STEP 11 (t=913): Loss=0.5981, Rho=11.984542, Grad_norm=0.0834, Final_scale=119.8454
🚀 APPLYING GUIDANCE at step 12 (timestep=904)
🎯 GUIDANCE STEP 12 (t=904): Loss=0.5986, Rho=9.419747, Grad_norm=0.1062, Final_scale=94.1975
🚀 APPLYING GUIDANCE at step 13 (timestep=894)
🎯 GUIDANCE STEP 13 (t=894): Loss=0.5938, Rho=7.846840, Grad_norm=0.1274, Final_scale=78.4684
🚀 APPLYING GUIDANCE at step 14 (timestep=884)
🎯 GUIDANCE STEP 14 (t=884): Loss=0.5938, Rho=7.394748, Grad_norm=0.1352, Final_scale=73.9475
🚀 APPLYING GUIDANCE at step 15 (timestep=874)
🎯 GUIDANCE STEP 15 (t=874): Loss=0.5952, Rho=12.724520, Grad_norm=0.0786, Final_scale=127.2452
🚀 APPLYING GUIDANCE at step 16 (timestep=864)
🎯 GUIDANCE STEP 16 (t=864): Loss=0.5977, Rho=13.555487, Grad_norm=0.0738, Final_scale=135.5549
🚀 APPLYING GUIDANCE at step 17 (timestep=853)
🎯 GUIDANCE STEP 17 (t=853): Loss=0.6011, Rho=10.590272, Grad_norm=0.0944, Final_scale=105.9027
🚀 APPLYING GUIDANCE at step 18 (timestep=841)
🎯 GUIDANCE STEP 18 (t=841): Loss=0.6055, Rho=6.746982, Grad_norm=0.1482, Final_scale=67.4698
🚀 APPLYING GUIDANCE at step 19 (timestep=829)
🎯 GUIDANCE STEP 19 (t=829): Loss=0.6152, Rho=8.390957, Grad_norm=0.1192, Final_scale=83.9096
🚀 APPLYING GUIDANCE at step 20 (timestep=817)
🎯 GUIDANCE STEP 20 (t=817): Loss=0.6157, Rho=10.984236, Grad_norm=0.0910, Final_scale=109.8424
🚀 APPLYING GUIDANCE at step 21 (timestep=805)
🎯 GUIDANCE STEP 21 (t=805): Loss=0.6172, Rho=13.570992, Grad_norm=0.0737, Final_scale=135.7099
🚀 APPLYING GUIDANCE at step 22 (timestep=792)
🎯 GUIDANCE STEP 22 (t=792): Loss=0.6157, Rho=7.334457, Grad_norm=0.1363, Final_scale=73.3446
🚀 APPLYING GUIDANCE at step 23 (timestep=778)
🎯 GUIDANCE STEP 23 (t=778): Loss=0.6177, Rho=9.360167, Grad_norm=0.1068, Final_scale=93.6017
🚀 APPLYING GUIDANCE at step 24 (timestep=764)
🎯 GUIDANCE STEP 24 (t=764): Loss=0.6157, Rho=6.155798, Grad_norm=0.1624, Final_scale=61.5580
🚀 APPLYING GUIDANCE at step 25 (timestep=749)
🎯 GUIDANCE STEP 25 (t=749): Loss=0.6157, Rho=10.743408, Grad_norm=0.0931, Final_scale=107.4341
🚀 APPLYING GUIDANCE at step 26 (timestep=734)
🎯 GUIDANCE STEP 26 (t=734): Loss=0.6147, Rho=10.561790, Grad_norm=0.0947, Final_scale=105.6179
🚀 APPLYING GUIDANCE at step 27 (timestep=718)
🎯 GUIDANCE STEP 27 (t=718): Loss=0.6128, Rho=14.064308, Grad_norm=0.0711, Final_scale=140.6431
🚀 APPLYING GUIDANCE at step 28 (timestep=701)
🎯 GUIDANCE STEP 28 (t=701): Loss=0.6099, Rho=14.763493, Grad_norm=0.0677, Final_scale=147.6349
🚀 APPLYING GUIDANCE at step 29 (timestep=684)
🎯 GUIDANCE STEP 29 (t=684): Loss=0.6084, Rho=10.114764, Grad_norm=0.0989, Final_scale=101.1476
🚀 APPLYING GUIDANCE at step 30 (timestep=666)
🎯 GUIDANCE STEP 30 (t=666): Loss=0.6016, Rho=16.630045, Grad_norm=0.0601, Final_scale=166.3004
🚀 APPLYING GUIDANCE at step 31 (timestep=647)
🎯 GUIDANCE STEP 31 (t=647): Loss=0.6040, Rho=11.192426, Grad_norm=0.0893, Final_scale=111.9243
🚀 APPLYING GUIDANCE at step 32 (timestep=627)
🎯 GUIDANCE STEP 32 (t=627): Loss=0.5957, Rho=12.508103, Grad_norm=0.0799, Final_scale=125.0810
🚀 APPLYING GUIDANCE at step 33 (timestep=606)
🎯 GUIDANCE STEP 33 (t=606): Loss=0.5991, Rho=10.393032, Grad_norm=0.0962, Final_scale=103.9303
🚀 APPLYING GUIDANCE at step 34 (timestep=585)
🎯 GUIDANCE STEP 34 (t=585): Loss=0.5938, Rho=12.675312, Grad_norm=0.0789, Final_scale=126.7531
🚀 APPLYING GUIDANCE at step 35 (timestep=562)
🎯 GUIDANCE STEP 35 (t=562): Loss=0.5947, Rho=17.581942, Grad_norm=0.0569, Final_scale=175.8194
🚀 APPLYING GUIDANCE at step 36 (timestep=538)
🎯 GUIDANCE STEP 36 (t=538): Loss=0.5952, Rho=18.798727, Grad_norm=0.0532, Final_scale=187.9873
🚀 APPLYING GUIDANCE at step 37 (timestep=512)
🎯 GUIDANCE STEP 37 (t=512): Loss=0.5938, Rho=9.859400, Grad_norm=0.1014, Final_scale=98.5940
🚀 APPLYING GUIDANCE at step 38 (timestep=486)
🎯 GUIDANCE STEP 38 (t=486): Loss=0.5947, Rho=14.024536, Grad_norm=0.0713, Final_scale=140.2454
🚀 APPLYING GUIDANCE at step 39 (timestep=458)
🎯 GUIDANCE STEP 39 (t=458): Loss=0.5918, Rho=12.854732, Grad_norm=0.0778, Final_scale=128.5473
🚀 APPLYING GUIDANCE at step 40 (timestep=428)
🎯 GUIDANCE STEP 40 (t=428): Loss=0.6055, Rho=17.607693, Grad_norm=0.0568, Final_scale=176.0769
🚀 APPLYING GUIDANCE at step 41 (timestep=396)
🎯 GUIDANCE STEP 41 (t=396): Loss=0.5923, Rho=19.210445, Grad_norm=0.0521, Final_scale=192.1045
🚀 APPLYING GUIDANCE at step 42 (timestep=363)
🎯 GUIDANCE STEP 42 (t=363): Loss=0.5986, Rho=12.642967, Grad_norm=0.0791, Final_scale=126.4297
🚀 APPLYING GUIDANCE at step 43 (timestep=327)
🎯 GUIDANCE STEP 43 (t=327): Loss=0.5986, Rho=10.781920, Grad_norm=0.0927, Final_scale=107.8192
🚀 APPLYING GUIDANCE at step 44 (timestep=290)
🎯 GUIDANCE STEP 44 (t=290): Loss=0.5874, Rho=13.279837, Grad_norm=0.0753, Final_scale=132.7984
🚀 APPLYING GUIDANCE at step 45 (timestep=249)
🎯 GUIDANCE STEP 45 (t=249): Loss=0.6123, Rho=18.843988, Grad_norm=0.0531, Final_scale=188.4399
🚀 APPLYING GUIDANCE at step 46 (timestep=206)
🎯 GUIDANCE STEP 46 (t=206): Loss=0.5913, Rho=18.913771, Grad_norm=0.0529, Final_scale=189.1377
🚀 APPLYING GUIDANCE at step 47 (timestep=160)
🎯 GUIDANCE STEP 47 (t=160): Loss=0.5933, Rho=12.872701, Grad_norm=0.0777, Final_scale=128.7270
🚀 APPLYING GUIDANCE at step 48 (timestep=111)
🎯 GUIDANCE STEP 48 (t=111): Loss=0.5869, Rho=10.014525, Grad_norm=0.0999, Final_scale=100.1453
🚀 APPLYING GUIDANCE at step 49 (timestep=57)
🎯 GUIDANCE STEP 49 (t=57): Loss=0.5889, Rho=9.704288, Grad_norm=0.1030, Final_scale=97.0429
[guidance_f17_s50_w8c6_rho10.0_cfg5.0_0701_1458] Generated: generated_videos/subject_consistency/guidance_f17_s50_w8c6_rho10.0_cfg5.0_0701_1458/006_an_elephant_taking_a_peaceful_walk.mp4
[guidance_f17_s50_w8c6_rho10.0_cfg5.0_0701_1458] Generating video 8/9 (guidance): an elephant running to join a herd of its kind
🎬 STARTING GUIDANCE PIPELINE GENERATION
   Frames: 17, Steps: 50, CFG Scale: 5.0

🔧 GUIDANCE PIPELINE CONFIGURATION:
   Guidance range: 0 - 1001
   Rho scale: 10.0
   V-JEPA kernel_size: 8
   V-JEPA context_length: 6
   V-JEPA stride: 2
   V-JEPA mode: max
   Total timesteps: 50

🚀 APPLYING GUIDANCE at step 0 (timestep=999)
🎯 GUIDANCE STEP 0 (t=999): Loss=0.5942, Rho=3.346239, Grad_norm=0.2988, Final_scale=33.4624
🚀 APPLYING GUIDANCE at step 1 (timestep=992)
🎯 GUIDANCE STEP 1 (t=992): Loss=0.5420, Rho=22.699518, Grad_norm=0.0441, Final_scale=226.9952
🚀 APPLYING GUIDANCE at step 2 (timestep=985)
🎯 GUIDANCE STEP 2 (t=985): Loss=0.5527, Rho=25.074715, Grad_norm=0.0399, Final_scale=250.7471
🚀 APPLYING GUIDANCE at step 3 (timestep=978)
🎯 GUIDANCE STEP 3 (t=978): Loss=0.5483, Rho=14.126726, Grad_norm=0.0708, Final_scale=141.2673
🚀 APPLYING GUIDANCE at step 4 (timestep=971)
🎯 GUIDANCE STEP 4 (t=971): Loss=0.5435, Rho=25.087063, Grad_norm=0.0399, Final_scale=250.8706
🚀 APPLYING GUIDANCE at step 5 (timestep=963)
🎯 GUIDANCE STEP 5 (t=963): Loss=0.5430, Rho=21.378502, Grad_norm=0.0468, Final_scale=213.7850
🚀 APPLYING GUIDANCE at step 6 (timestep=956)
🎯 GUIDANCE STEP 6 (t=956): Loss=0.5479, Rho=13.129298, Grad_norm=0.0762, Final_scale=131.2930
🚀 APPLYING GUIDANCE at step 7 (timestep=948)
🎯 GUIDANCE STEP 7 (t=948): Loss=0.5493, Rho=24.419802, Grad_norm=0.0410, Final_scale=244.1980
🚀 APPLYING GUIDANCE at step 8 (timestep=939)
🎯 GUIDANCE STEP 8 (t=939): Loss=0.5483, Rho=10.583632, Grad_norm=0.0945, Final_scale=105.8363
🚀 APPLYING GUIDANCE at step 9 (timestep=931)
🎯 GUIDANCE STEP 9 (t=931): Loss=0.5498, Rho=15.385311, Grad_norm=0.0650, Final_scale=153.8531
🚀 APPLYING GUIDANCE at step 10 (timestep=922)
🎯 GUIDANCE STEP 10 (t=922): Loss=0.5547, Rho=23.766493, Grad_norm=0.0421, Final_scale=237.6649
🚀 APPLYING GUIDANCE at step 11 (timestep=913)
🎯 GUIDANCE STEP 11 (t=913): Loss=0.5532, Rho=18.652716, Grad_norm=0.0536, Final_scale=186.5272
🚀 APPLYING GUIDANCE at step 12 (timestep=904)
🎯 GUIDANCE STEP 12 (t=904): Loss=0.5552, Rho=28.365982, Grad_norm=0.0353, Final_scale=283.6598
🚀 APPLYING GUIDANCE at step 13 (timestep=894)
🎯 GUIDANCE STEP 13 (t=894): Loss=0.5498, Rho=28.590322, Grad_norm=0.0350, Final_scale=285.9032
🚀 APPLYING GUIDANCE at step 14 (timestep=884)
🎯 GUIDANCE STEP 14 (t=884): Loss=0.5625, Rho=19.085768, Grad_norm=0.0524, Final_scale=190.8577
🚀 APPLYING GUIDANCE at step 15 (timestep=874)
🎯 GUIDANCE STEP 15 (t=874): Loss=0.5688, Rho=14.241891, Grad_norm=0.0702, Final_scale=142.4189
🚀 APPLYING GUIDANCE at step 16 (timestep=864)
🎯 GUIDANCE STEP 16 (t=864): Loss=0.5771, Rho=15.901970, Grad_norm=0.0629, Final_scale=159.0197
🚀 APPLYING GUIDANCE at step 17 (timestep=853)
🎯 GUIDANCE STEP 17 (t=853): Loss=0.5776, Rho=20.415071, Grad_norm=0.0490, Final_scale=204.1507
🚀 APPLYING GUIDANCE at step 18 (timestep=841)
🎯 GUIDANCE STEP 18 (t=841): Loss=0.5806, Rho=23.603165, Grad_norm=0.0424, Final_scale=236.0316
🚀 APPLYING GUIDANCE at step 19 (timestep=829)
🎯 GUIDANCE STEP 19 (t=829): Loss=0.5835, Rho=9.505395, Grad_norm=0.1052, Final_scale=95.0539
🚀 APPLYING GUIDANCE at step 20 (timestep=817)
🎯 GUIDANCE STEP 20 (t=817): Loss=0.5845, Rho=9.976512, Grad_norm=0.1002, Final_scale=99.7651
🚀 APPLYING GUIDANCE at step 21 (timestep=805)
🎯 GUIDANCE STEP 21 (t=805): Loss=0.5840, Rho=22.580931, Grad_norm=0.0443, Final_scale=225.8093
🚀 APPLYING GUIDANCE at step 22 (timestep=792)
🎯 GUIDANCE STEP 22 (t=792): Loss=0.5850, Rho=17.683247, Grad_norm=0.0566, Final_scale=176.8325
🚀 APPLYING GUIDANCE at step 23 (timestep=778)
🎯 GUIDANCE STEP 23 (t=778): Loss=0.5864, Rho=19.139610, Grad_norm=0.0522, Final_scale=191.3961
🚀 APPLYING GUIDANCE at step 24 (timestep=764)
🎯 GUIDANCE STEP 24 (t=764): Loss=0.5884, Rho=12.837896, Grad_norm=0.0779, Final_scale=128.3790
🚀 APPLYING GUIDANCE at step 25 (timestep=749)
🎯 GUIDANCE STEP 25 (t=749): Loss=0.5918, Rho=6.674905, Grad_norm=0.1498, Final_scale=66.7491
🚀 APPLYING GUIDANCE at step 26 (timestep=734)
🎯 GUIDANCE STEP 26 (t=734): Loss=0.5991, Rho=19.703926, Grad_norm=0.0508, Final_scale=197.0393
🚀 APPLYING GUIDANCE at step 27 (timestep=718)
🎯 GUIDANCE STEP 27 (t=718): Loss=0.5972, Rho=12.844903, Grad_norm=0.0779, Final_scale=128.4490
🚀 APPLYING GUIDANCE at step 28 (timestep=701)
🎯 GUIDANCE STEP 28 (t=701): Loss=0.6021, Rho=18.235046, Grad_norm=0.0548, Final_scale=182.3505
🚀 APPLYING GUIDANCE at step 29 (timestep=684)
🎯 GUIDANCE STEP 29 (t=684): Loss=0.5957, Rho=8.268801, Grad_norm=0.1209, Final_scale=82.6880
🚀 APPLYING GUIDANCE at step 30 (timestep=666)
🎯 GUIDANCE STEP 30 (t=666): Loss=0.5913, Rho=8.584730, Grad_norm=0.1165, Final_scale=85.8473
🚀 APPLYING GUIDANCE at step 31 (timestep=647)
🎯 GUIDANCE STEP 31 (t=647): Loss=0.6133, Rho=24.530958, Grad_norm=0.0408, Final_scale=245.3096
🚀 APPLYING GUIDANCE at step 32 (timestep=627)
🎯 GUIDANCE STEP 32 (t=627): Loss=0.5884, Rho=19.527695, Grad_norm=0.0512, Final_scale=195.2769
🚀 APPLYING GUIDANCE at step 33 (timestep=606)
🎯 GUIDANCE STEP 33 (t=606): Loss=0.5869, Rho=8.347480, Grad_norm=0.1198, Final_scale=83.4748
🚀 APPLYING GUIDANCE at step 34 (timestep=585)
🎯 GUIDANCE STEP 34 (t=585): Loss=0.5908, Rho=15.196341, Grad_norm=0.0658, Final_scale=151.9634
🚀 APPLYING GUIDANCE at step 35 (timestep=562)
🎯 GUIDANCE STEP 35 (t=562): Loss=0.5913, Rho=12.712111, Grad_norm=0.0787, Final_scale=127.1211
🚀 APPLYING GUIDANCE at step 36 (timestep=538)
🎯 GUIDANCE STEP 36 (t=538): Loss=0.5879, Rho=15.005233, Grad_norm=0.0666, Final_scale=150.0523
🚀 APPLYING GUIDANCE at step 37 (timestep=512)
🎯 GUIDANCE STEP 37 (t=512): Loss=0.5869, Rho=17.194906, Grad_norm=0.0582, Final_scale=171.9491
🚀 APPLYING GUIDANCE at step 38 (timestep=486)
🎯 GUIDANCE STEP 38 (t=486): Loss=0.5889, Rho=18.058409, Grad_norm=0.0554, Final_scale=180.5841
🚀 APPLYING GUIDANCE at step 39 (timestep=458)
🎯 GUIDANCE STEP 39 (t=458): Loss=0.5986, Rho=16.665684, Grad_norm=0.0600, Final_scale=166.6568
🚀 APPLYING GUIDANCE at step 40 (timestep=428)
🎯 GUIDANCE STEP 40 (t=428): Loss=0.5894, Rho=15.069880, Grad_norm=0.0664, Final_scale=150.6988
🚀 APPLYING GUIDANCE at step 41 (timestep=396)
🎯 GUIDANCE STEP 41 (t=396): Loss=0.5918, Rho=10.109817, Grad_norm=0.0989, Final_scale=101.0982
🚀 APPLYING GUIDANCE at step 42 (timestep=363)
🎯 GUIDANCE STEP 42 (t=363): Loss=0.5903, Rho=11.794382, Grad_norm=0.0848, Final_scale=117.9438
🚀 APPLYING GUIDANCE at step 43 (timestep=327)
🎯 GUIDANCE STEP 43 (t=327): Loss=0.5840, Rho=14.335028, Grad_norm=0.0698, Final_scale=143.3503
🚀 APPLYING GUIDANCE at step 44 (timestep=290)
🎯 GUIDANCE STEP 44 (t=290): Loss=0.5830, Rho=15.903079, Grad_norm=0.0629, Final_scale=159.0308
🚀 APPLYING GUIDANCE at step 45 (timestep=249)
🎯 GUIDANCE STEP 45 (t=249): Loss=0.5811, Rho=13.406455, Grad_norm=0.0746, Final_scale=134.0646
🚀 APPLYING GUIDANCE at step 46 (timestep=206)
🎯 GUIDANCE STEP 46 (t=206): Loss=0.5864, Rho=10.257668, Grad_norm=0.0975, Final_scale=102.5767
🚀 APPLYING GUIDANCE at step 47 (timestep=160)
🎯 GUIDANCE STEP 47 (t=160): Loss=0.5820, Rho=15.980634, Grad_norm=0.0626, Final_scale=159.8063
🚀 APPLYING GUIDANCE at step 48 (timestep=111)
🎯 GUIDANCE STEP 48 (t=111): Loss=0.5806, Rho=12.271136, Grad_norm=0.0815, Final_scale=122.7114
🚀 APPLYING GUIDANCE at step 49 (timestep=57)
🎯 GUIDANCE STEP 49 (t=57): Loss=0.5830, Rho=8.669678, Grad_norm=0.1153, Final_scale=86.6968
[guidance_f17_s50_w8c6_rho10.0_cfg5.0_0701_1458] Generated: generated_videos/subject_consistency/guidance_f17_s50_w8c6_rho10.0_cfg5.0_0701_1458/007_a_bicycle_leaning_against_a_tree.mp4
[guidance_f17_s50_w8c6_rho10.0_cfg5.0_0701_1458] Generating video 9/9 (guidance): a bicycle gliding through a snowy field
🎬 STARTING GUIDANCE PIPELINE GENERATION
   Frames: 17, Steps: 50, CFG Scale: 5.0

🔧 GUIDANCE PIPELINE CONFIGURATION:
   Guidance range: 0 - 1001
   Rho scale: 10.0
   V-JEPA kernel_size: 8
   V-JEPA context_length: 6
   V-JEPA stride: 2
   V-JEPA mode: max
   Total timesteps: 50

🚀 APPLYING GUIDANCE at step 0 (timestep=999)
🎯 GUIDANCE STEP 0 (t=999): Loss=0.5962, Rho=14.997337, Grad_norm=0.0667, Final_scale=149.9734
🚀 APPLYING GUIDANCE at step 1 (timestep=992)
🎯 GUIDANCE STEP 1 (t=992): Loss=0.5352, Rho=18.953169, Grad_norm=0.0528, Final_scale=189.5317
🚀 APPLYING GUIDANCE at step 2 (timestep=985)
🎯 GUIDANCE STEP 2 (t=985): Loss=0.5361, Rho=26.196548, Grad_norm=0.0382, Final_scale=261.9655
🚀 APPLYING GUIDANCE at step 3 (timestep=978)
🎯 GUIDANCE STEP 3 (t=978): Loss=0.5356, Rho=30.629023, Grad_norm=0.0326, Final_scale=306.2902
🚀 APPLYING GUIDANCE at step 4 (timestep=971)
🎯 GUIDANCE STEP 4 (t=971): Loss=0.5356, Rho=40.672714, Grad_norm=0.0246, Final_scale=406.7271
🚀 APPLYING GUIDANCE at step 5 (timestep=963)
🎯 GUIDANCE STEP 5 (t=963): Loss=0.5469, Rho=12.288761, Grad_norm=0.0814, Final_scale=122.8876
🚀 APPLYING GUIDANCE at step 6 (timestep=956)
🎯 GUIDANCE STEP 6 (t=956): Loss=0.5654, Rho=2.137925, Grad_norm=0.4677, Final_scale=21.3793
🚀 APPLYING GUIDANCE at step 7 (timestep=948)
🎯 GUIDANCE STEP 7 (t=948): Loss=0.5737, Rho=14.977792, Grad_norm=0.0668, Final_scale=149.7779
🚀 APPLYING GUIDANCE at step 8 (timestep=939)
🎯 GUIDANCE STEP 8 (t=939): Loss=0.6138, Rho=3.807152, Grad_norm=0.2627, Final_scale=38.0715
🚀 APPLYING GUIDANCE at step 9 (timestep=931)
🎯 GUIDANCE STEP 9 (t=931): Loss=0.6270, Rho=10.126157, Grad_norm=0.0988, Final_scale=101.2616
🚀 APPLYING GUIDANCE at step 10 (timestep=922)
🎯 GUIDANCE STEP 10 (t=922): Loss=0.6299, Rho=6.230372, Grad_norm=0.1605, Final_scale=62.3037
🚀 APPLYING GUIDANCE at step 11 (timestep=913)
🎯 GUIDANCE STEP 11 (t=913): Loss=0.6294, Rho=9.339358, Grad_norm=0.1071, Final_scale=93.3936
🚀 APPLYING GUIDANCE at step 12 (timestep=904)
🎯 GUIDANCE STEP 12 (t=904): Loss=0.6265, Rho=7.250967, Grad_norm=0.1379, Final_scale=72.5097
🚀 APPLYING GUIDANCE at step 13 (timestep=894)
🎯 GUIDANCE STEP 13 (t=894): Loss=0.6323, Rho=18.677032, Grad_norm=0.0535, Final_scale=186.7703
🚀 APPLYING GUIDANCE at step 14 (timestep=884)
🎯 GUIDANCE STEP 14 (t=884): Loss=0.6333, Rho=5.966025, Grad_norm=0.1676, Final_scale=59.6603
🚀 APPLYING GUIDANCE at step 15 (timestep=874)
🎯 GUIDANCE STEP 15 (t=874): Loss=0.6318, Rho=3.623058, Grad_norm=0.2760, Final_scale=36.2306
🚀 APPLYING GUIDANCE at step 16 (timestep=864)
🎯 GUIDANCE STEP 16 (t=864): Loss=0.6299, Rho=9.170418, Grad_norm=0.1090, Final_scale=91.7042
🚀 APPLYING GUIDANCE at step 17 (timestep=853)
🎯 GUIDANCE STEP 17 (t=853): Loss=0.6270, Rho=9.520763, Grad_norm=0.1050, Final_scale=95.2076
🚀 APPLYING GUIDANCE at step 18 (timestep=841)
🎯 GUIDANCE STEP 18 (t=841): Loss=0.6284, Rho=4.351171, Grad_norm=0.2298, Final_scale=43.5117
🚀 APPLYING GUIDANCE at step 19 (timestep=829)
🎯 GUIDANCE STEP 19 (t=829): Loss=0.6279, Rho=11.598160, Grad_norm=0.0862, Final_scale=115.9816
🚀 APPLYING GUIDANCE at step 20 (timestep=817)
🎯 GUIDANCE STEP 20 (t=817): Loss=0.6250, Rho=4.080195, Grad_norm=0.2451, Final_scale=40.8020
🚀 APPLYING GUIDANCE at step 21 (timestep=805)
🎯 GUIDANCE STEP 21 (t=805): Loss=0.6274, Rho=8.034375, Grad_norm=0.1245, Final_scale=80.3438
🚀 APPLYING GUIDANCE at step 22 (timestep=792)
🎯 GUIDANCE STEP 22 (t=792): Loss=0.6260, Rho=9.532754, Grad_norm=0.1049, Final_scale=95.3275
🚀 APPLYING GUIDANCE at step 23 (timestep=778)
🎯 GUIDANCE STEP 23 (t=778): Loss=0.6250, Rho=13.966648, Grad_norm=0.0716, Final_scale=139.6665
🚀 APPLYING GUIDANCE at step 24 (timestep=764)
🎯 GUIDANCE STEP 24 (t=764): Loss=0.6265, Rho=11.450649, Grad_norm=0.0873, Final_scale=114.5065
🚀 APPLYING GUIDANCE at step 25 (timestep=749)
🎯 GUIDANCE STEP 25 (t=749): Loss=0.6279, Rho=5.994395, Grad_norm=0.1668, Final_scale=59.9439
🚀 APPLYING GUIDANCE at step 26 (timestep=734)
🎯 GUIDANCE STEP 26 (t=734): Loss=0.6279, Rho=12.435017, Grad_norm=0.0804, Final_scale=124.3502
🚀 APPLYING GUIDANCE at step 27 (timestep=718)
🎯 GUIDANCE STEP 27 (t=718): Loss=0.6289, Rho=7.508215, Grad_norm=0.1332, Final_scale=75.0822
🚀 APPLYING GUIDANCE at step 28 (timestep=701)
🎯 GUIDANCE STEP 28 (t=701): Loss=0.6313, Rho=11.090052, Grad_norm=0.0902, Final_scale=110.9005
🚀 APPLYING GUIDANCE at step 29 (timestep=684)
🎯 GUIDANCE STEP 29 (t=684): Loss=0.6294, Rho=10.432750, Grad_norm=0.0959, Final_scale=104.3275
🚀 APPLYING GUIDANCE at step 30 (timestep=666)
🎯 GUIDANCE STEP 30 (t=666): Loss=0.6294, Rho=16.455906, Grad_norm=0.0608, Final_scale=164.5591
🚀 APPLYING GUIDANCE at step 31 (timestep=647)
🎯 GUIDANCE STEP 31 (t=647): Loss=0.6289, Rho=14.955978, Grad_norm=0.0669, Final_scale=149.5598
🚀 APPLYING GUIDANCE at step 32 (timestep=627)
🎯 GUIDANCE STEP 32 (t=627): Loss=0.6299, Rho=8.532153, Grad_norm=0.1172, Final_scale=85.3215
🚀 APPLYING GUIDANCE at step 33 (timestep=606)
🎯 GUIDANCE STEP 33 (t=606): Loss=0.6299, Rho=10.504706, Grad_norm=0.0952, Final_scale=105.0471
🚀 APPLYING GUIDANCE at step 34 (timestep=585)
🎯 GUIDANCE STEP 34 (t=585): Loss=0.6299, Rho=6.047411, Grad_norm=0.1654, Final_scale=60.4741
🚀 APPLYING GUIDANCE at step 35 (timestep=562)
🎯 GUIDANCE STEP 35 (t=562): Loss=0.6309, Rho=8.938280, Grad_norm=0.1119, Final_scale=89.3828
🚀 APPLYING GUIDANCE at step 36 (timestep=538)
🎯 GUIDANCE STEP 36 (t=538): Loss=0.6323, Rho=18.268930, Grad_norm=0.0547, Final_scale=182.6893
🚀 APPLYING GUIDANCE at step 37 (timestep=512)
🎯 GUIDANCE STEP 37 (t=512): Loss=0.6294, Rho=11.888098, Grad_norm=0.0841, Final_scale=118.8810
🚀 APPLYING GUIDANCE at step 38 (timestep=486)
🎯 GUIDANCE STEP 38 (t=486): Loss=0.6289, Rho=20.035185, Grad_norm=0.0499, Final_scale=200.3518
🚀 APPLYING GUIDANCE at step 39 (timestep=458)
🎯 GUIDANCE STEP 39 (t=458): Loss=0.6279, Rho=18.770220, Grad_norm=0.0533, Final_scale=187.7022
🚀 APPLYING GUIDANCE at step 40 (timestep=428)
🎯 GUIDANCE STEP 40 (t=428): Loss=0.6265, Rho=19.424047, Grad_norm=0.0515, Final_scale=194.2405
🚀 APPLYING GUIDANCE at step 41 (timestep=396)
🎯 GUIDANCE STEP 41 (t=396): Loss=0.6250, Rho=19.553137, Grad_norm=0.0511, Final_scale=195.5314
🚀 APPLYING GUIDANCE at step 42 (timestep=363)
🎯 GUIDANCE STEP 42 (t=363): Loss=0.6260, Rho=18.257200, Grad_norm=0.0548, Final_scale=182.5720
🚀 APPLYING GUIDANCE at step 43 (timestep=327)
🎯 GUIDANCE STEP 43 (t=327): Loss=0.6260, Rho=21.453465, Grad_norm=0.0466, Final_scale=214.5346
🚀 APPLYING GUIDANCE at step 44 (timestep=290)
🎯 GUIDANCE STEP 44 (t=290): Loss=0.6255, Rho=12.340674, Grad_norm=0.0810, Final_scale=123.4067
🚀 APPLYING GUIDANCE at step 45 (timestep=249)
🎯 GUIDANCE STEP 45 (t=249): Loss=0.6260, Rho=24.411329, Grad_norm=0.0410, Final_scale=244.1133
🚀 APPLYING GUIDANCE at step 46 (timestep=206)
🎯 GUIDANCE STEP 46 (t=206): Loss=0.6250, Rho=15.866047, Grad_norm=0.0630, Final_scale=158.6605
🚀 APPLYING GUIDANCE at step 47 (timestep=160)
🎯 GUIDANCE STEP 47 (t=160): Loss=0.6245, Rho=26.766069, Grad_norm=0.0374, Final_scale=267.6607
🚀 APPLYING GUIDANCE at step 48 (timestep=111)
🎯 GUIDANCE STEP 48 (t=111): Loss=0.6255, Rho=2.559695, Grad_norm=0.3907, Final_scale=25.5970
🚀 APPLYING GUIDANCE at step 49 (timestep=57)
🎯 GUIDANCE STEP 49 (t=57): Loss=0.6255, Rho=13.405651, Grad_norm=0.0746, Final_scale=134.0565
[guidance_f17_s50_w8c6_rho10.0_cfg5.0_0701_1458] Generated: generated_videos/subject_consistency/guidance_f17_s50_w8c6_rho10.0_cfg5.0_0701_1458/007_an_elephant_running_to_join_a_herd_of_its_kind.mp4
[guidance_f17_s50_w8c6_rho10.0_cfg5.0_0701_1458] Generating video 9/9 (guidance): a bear catching a salmon in its powerful jaws
🎬 STARTING GUIDANCE PIPELINE GENERATION
   Frames: 17, Steps: 50, CFG Scale: 5.0

🔧 GUIDANCE PIPELINE CONFIGURATION:
   Guidance range: 0 - 1001
   Rho scale: 10.0
   V-JEPA kernel_size: 8
   V-JEPA context_length: 6
   V-JEPA stride: 2
   V-JEPA mode: max
   Total timesteps: 50

🚀 APPLYING GUIDANCE at step 0 (timestep=999)
🎯 GUIDANCE STEP 0 (t=999): Loss=0.5366, Rho=52.533646, Grad_norm=0.0190, Final_scale=525.3365
🚀 APPLYING GUIDANCE at step 1 (timestep=992)
🎯 GUIDANCE STEP 1 (t=992): Loss=0.5845, Rho=19.937386, Grad_norm=0.0502, Final_scale=199.3739
🚀 APPLYING GUIDANCE at step 2 (timestep=985)
🎯 GUIDANCE STEP 2 (t=985): Loss=0.5430, Rho=25.273149, Grad_norm=0.0396, Final_scale=252.7315
🚀 APPLYING GUIDANCE at step 3 (timestep=978)
🎯 GUIDANCE STEP 3 (t=978): Loss=0.5698, Rho=27.949905, Grad_norm=0.0358, Final_scale=279.4991
🚀 APPLYING GUIDANCE at step 4 (timestep=971)
🎯 GUIDANCE STEP 4 (t=971): Loss=0.5771, Rho=17.971336, Grad_norm=0.0556, Final_scale=179.7134
🚀 APPLYING GUIDANCE at step 5 (timestep=963)
🎯 GUIDANCE STEP 5 (t=963): Loss=0.5898, Rho=21.552210, Grad_norm=0.0464, Final_scale=215.5221
🚀 APPLYING GUIDANCE at step 6 (timestep=956)
🎯 GUIDANCE STEP 6 (t=956): Loss=0.5977, Rho=12.325892, Grad_norm=0.0811, Final_scale=123.2589
🚀 APPLYING GUIDANCE at step 7 (timestep=948)
🎯 GUIDANCE STEP 7 (t=948): Loss=0.6064, Rho=8.946231, Grad_norm=0.1118, Final_scale=89.4623
🚀 APPLYING GUIDANCE at step 8 (timestep=939)
🎯 GUIDANCE STEP 8 (t=939): Loss=0.6084, Rho=12.927853, Grad_norm=0.0774, Final_scale=129.2785
🚀 APPLYING GUIDANCE at step 9 (timestep=931)
🎯 GUIDANCE STEP 9 (t=931): Loss=0.6128, Rho=5.167739, Grad_norm=0.1935, Final_scale=51.6774
🚀 APPLYING GUIDANCE at step 10 (timestep=922)
🎯 GUIDANCE STEP 10 (t=922): Loss=0.6089, Rho=8.327783, Grad_norm=0.1201, Final_scale=83.2778
🚀 APPLYING GUIDANCE at step 11 (timestep=913)
🎯 GUIDANCE STEP 11 (t=913): Loss=0.6104, Rho=3.714901, Grad_norm=0.2692, Final_scale=37.1490
🚀 APPLYING GUIDANCE at step 12 (timestep=904)
🎯 GUIDANCE STEP 12 (t=904): Loss=0.6079, Rho=5.962332, Grad_norm=0.1677, Final_scale=59.6233
🚀 APPLYING GUIDANCE at step 13 (timestep=894)
🎯 GUIDANCE STEP 13 (t=894): Loss=0.6108, Rho=6.505984, Grad_norm=0.1537, Final_scale=65.0598
🚀 APPLYING GUIDANCE at step 14 (timestep=884)
🎯 GUIDANCE STEP 14 (t=884): Loss=0.6113, Rho=7.321344, Grad_norm=0.1366, Final_scale=73.2134
🚀 APPLYING GUIDANCE at step 15 (timestep=874)
🎯 GUIDANCE STEP 15 (t=874): Loss=0.6074, Rho=5.413598, Grad_norm=0.1847, Final_scale=54.1360
🚀 APPLYING GUIDANCE at step 16 (timestep=864)
🎯 GUIDANCE STEP 16 (t=864): Loss=0.6099, Rho=5.039245, Grad_norm=0.1984, Final_scale=50.3924
🚀 APPLYING GUIDANCE at step 17 (timestep=853)
🎯 GUIDANCE STEP 17 (t=853): Loss=0.6108, Rho=7.780295, Grad_norm=0.1285, Final_scale=77.8029
🚀 APPLYING GUIDANCE at step 18 (timestep=841)
🎯 GUIDANCE STEP 18 (t=841): Loss=0.6128, Rho=7.026167, Grad_norm=0.1423, Final_scale=70.2617
🚀 APPLYING GUIDANCE at step 19 (timestep=829)
🎯 GUIDANCE STEP 19 (t=829): Loss=0.6143, Rho=7.090106, Grad_norm=0.1410, Final_scale=70.9011
🚀 APPLYING GUIDANCE at step 20 (timestep=817)
🎯 GUIDANCE STEP 20 (t=817): Loss=0.6069, Rho=7.606714, Grad_norm=0.1315, Final_scale=76.0671
🚀 APPLYING GUIDANCE at step 21 (timestep=805)
🎯 GUIDANCE STEP 21 (t=805): Loss=0.6104, Rho=12.607547, Grad_norm=0.0793, Final_scale=126.0755
🚀 APPLYING GUIDANCE at step 22 (timestep=792)
🎯 GUIDANCE STEP 22 (t=792): Loss=0.6133, Rho=10.498628, Grad_norm=0.0953, Final_scale=104.9863
🚀 APPLYING GUIDANCE at step 23 (timestep=778)
🎯 GUIDANCE STEP 23 (t=778): Loss=0.6099, Rho=6.895133, Grad_norm=0.1450, Final_scale=68.9513
🚀 APPLYING GUIDANCE at step 24 (timestep=764)
🎯 GUIDANCE STEP 24 (t=764): Loss=0.6089, Rho=9.015588, Grad_norm=0.1109, Final_scale=90.1559
🚀 APPLYING GUIDANCE at step 25 (timestep=749)
🎯 GUIDANCE STEP 25 (t=749): Loss=0.6064, Rho=10.132823, Grad_norm=0.0987, Final_scale=101.3282
🚀 APPLYING GUIDANCE at step 26 (timestep=734)
🎯 GUIDANCE STEP 26 (t=734): Loss=0.6084, Rho=21.088573, Grad_norm=0.0474, Final_scale=210.8857
🚀 APPLYING GUIDANCE at step 27 (timestep=718)
🎯 GUIDANCE STEP 27 (t=718): Loss=0.6069, Rho=3.752030, Grad_norm=0.2665, Final_scale=37.5203
🚀 APPLYING GUIDANCE at step 28 (timestep=701)
🎯 GUIDANCE STEP 28 (t=701): Loss=0.6069, Rho=13.041418, Grad_norm=0.0767, Final_scale=130.4142
🚀 APPLYING GUIDANCE at step 29 (timestep=684)
🎯 GUIDANCE STEP 29 (t=684): Loss=0.6040, Rho=14.394617, Grad_norm=0.0695, Final_scale=143.9462
🚀 APPLYING GUIDANCE at step 30 (timestep=666)
🎯 GUIDANCE STEP 30 (t=666): Loss=0.6055, Rho=5.172213, Grad_norm=0.1933, Final_scale=51.7221
🚀 APPLYING GUIDANCE at step 31 (timestep=647)
🎯 GUIDANCE STEP 31 (t=647): Loss=0.6040, Rho=17.131929, Grad_norm=0.0584, Final_scale=171.3193
🚀 APPLYING GUIDANCE at step 32 (timestep=627)
🎯 GUIDANCE STEP 32 (t=627): Loss=0.6079, Rho=14.131151, Grad_norm=0.0708, Final_scale=141.3115
🚀 APPLYING GUIDANCE at step 33 (timestep=606)
🎯 GUIDANCE STEP 33 (t=606): Loss=0.6064, Rho=6.288432, Grad_norm=0.1590, Final_scale=62.8843
🚀 APPLYING GUIDANCE at step 34 (timestep=585)
🎯 GUIDANCE STEP 34 (t=585): Loss=0.6021, Rho=19.362741, Grad_norm=0.0516, Final_scale=193.6274
🚀 APPLYING GUIDANCE at step 35 (timestep=562)
🎯 GUIDANCE STEP 35 (t=562): Loss=0.6035, Rho=20.028347, Grad_norm=0.0499, Final_scale=200.2835
🚀 APPLYING GUIDANCE at step 36 (timestep=538)
🎯 GUIDANCE STEP 36 (t=538): Loss=0.5996, Rho=18.387211, Grad_norm=0.0544, Final_scale=183.8721
🚀 APPLYING GUIDANCE at step 37 (timestep=512)
🎯 GUIDANCE STEP 37 (t=512): Loss=0.5991, Rho=31.077669, Grad_norm=0.0322, Final_scale=310.7767
🚀 APPLYING GUIDANCE at step 38 (timestep=486)
🎯 GUIDANCE STEP 38 (t=486): Loss=0.5996, Rho=25.404461, Grad_norm=0.0394, Final_scale=254.0446
🚀 APPLYING GUIDANCE at step 39 (timestep=458)
🎯 GUIDANCE STEP 39 (t=458): Loss=0.5981, Rho=7.908069, Grad_norm=0.1265, Final_scale=79.0807
🚀 APPLYING GUIDANCE at step 40 (timestep=428)
🎯 GUIDANCE STEP 40 (t=428): Loss=0.5957, Rho=14.861341, Grad_norm=0.0673, Final_scale=148.6134
🚀 APPLYING GUIDANCE at step 41 (timestep=396)
🎯 GUIDANCE STEP 41 (t=396): Loss=0.5996, Rho=14.829377, Grad_norm=0.0674, Final_scale=148.2938
🚀 APPLYING GUIDANCE at step 42 (timestep=363)
🎯 GUIDANCE STEP 42 (t=363): Loss=0.5957, Rho=19.539684, Grad_norm=0.0512, Final_scale=195.3968
🚀 APPLYING GUIDANCE at step 43 (timestep=327)
🎯 GUIDANCE STEP 43 (t=327): Loss=0.5972, Rho=23.408531, Grad_norm=0.0427, Final_scale=234.0853
🚀 APPLYING GUIDANCE at step 44 (timestep=290)
🎯 GUIDANCE STEP 44 (t=290): Loss=0.5952, Rho=12.647724, Grad_norm=0.0791, Final_scale=126.4772
🚀 APPLYING GUIDANCE at step 45 (timestep=249)
🎯 GUIDANCE STEP 45 (t=249): Loss=0.5972, Rho=29.807417, Grad_norm=0.0335, Final_scale=298.0742
🚀 APPLYING GUIDANCE at step 46 (timestep=206)
🎯 GUIDANCE STEP 46 (t=206): Loss=0.5952, Rho=34.177238, Grad_norm=0.0293, Final_scale=341.7724
🚀 APPLYING GUIDANCE at step 47 (timestep=160)
🎯 GUIDANCE STEP 47 (t=160): Loss=0.5972, Rho=11.569551, Grad_norm=0.0864, Final_scale=115.6955
🚀 APPLYING GUIDANCE at step 48 (timestep=111)
🎯 GUIDANCE STEP 48 (t=111): Loss=0.5967, Rho=12.780133, Grad_norm=0.0782, Final_scale=127.8013
🚀 APPLYING GUIDANCE at step 49 (timestep=57)
🎯 GUIDANCE STEP 49 (t=57): Loss=0.5967, Rho=20.912889, Grad_norm=0.0478, Final_scale=209.1289
[guidance_f17_s50_w8c6_rho10.0_cfg5.0_0701_1458] Generated: generated_videos/subject_consistency/guidance_f17_s50_w8c6_rho10.0_cfg5.0_0701_1458/008_a_bicycle_gliding_through_a_snowy_field.mp4
[guidance_f17_s50_w8c6_rho10.0_cfg5.0_0701_1458] Experiment completed! Results saved to: generated_videos/subject_consistency/guidance_f17_s50_w8c6_rho10.0_cfg5.0_0701_1458
🚀 APPLYING GUIDANCE at step 0 (timestep=999)
🎯 GUIDANCE STEP 0 (t=999): Loss=0.6035, Rho=21.385578, Grad_norm=0.0468, Final_scale=213.8558
🚀 APPLYING GUIDANCE at step 1 (timestep=992)
🎯 GUIDANCE STEP 1 (t=992): Loss=0.5718, Rho=15.290470, Grad_norm=0.0654, Final_scale=152.9047
🚀 APPLYING GUIDANCE at step 2 (timestep=985)
🎯 GUIDANCE STEP 2 (t=985): Loss=0.5366, Rho=31.460995, Grad_norm=0.0318, Final_scale=314.6099
🚀 APPLYING GUIDANCE at step 3 (timestep=978)
🎯 GUIDANCE STEP 3 (t=978): Loss=0.5688, Rho=14.490168, Grad_norm=0.0690, Final_scale=144.9017
🚀 APPLYING GUIDANCE at step 4 (timestep=971)
🎯 GUIDANCE STEP 4 (t=971): Loss=0.5703, Rho=9.027926, Grad_norm=0.1108, Final_scale=90.2793
🚀 APPLYING GUIDANCE at step 5 (timestep=963)
🎯 GUIDANCE STEP 5 (t=963): Loss=0.5752, Rho=17.298386, Grad_norm=0.0578, Final_scale=172.9839
🚀 APPLYING GUIDANCE at step 6 (timestep=956)
🎯 GUIDANCE STEP 6 (t=956): Loss=0.5737, Rho=2.108893, Grad_norm=0.4742, Final_scale=21.0889
🚀 APPLYING GUIDANCE at step 7 (timestep=948)
🎯 GUIDANCE STEP 7 (t=948): Loss=0.5801, Rho=17.912251, Grad_norm=0.0558, Final_scale=179.1225
🚀 APPLYING GUIDANCE at step 8 (timestep=939)
🎯 GUIDANCE STEP 8 (t=939): Loss=0.5830, Rho=14.928296, Grad_norm=0.0670, Final_scale=149.2830
🚀 APPLYING GUIDANCE at step 9 (timestep=931)
🎯 GUIDANCE STEP 9 (t=931): Loss=0.5840, Rho=12.779651, Grad_norm=0.0782, Final_scale=127.7965
🚀 APPLYING GUIDANCE at step 10 (timestep=922)
🎯 GUIDANCE STEP 10 (t=922): Loss=0.5957, Rho=8.945862, Grad_norm=0.1118, Final_scale=89.4586
🚀 APPLYING GUIDANCE at step 11 (timestep=913)
🎯 GUIDANCE STEP 11 (t=913): Loss=0.5918, Rho=17.909317, Grad_norm=0.0558, Final_scale=179.0932
🚀 APPLYING GUIDANCE at step 12 (timestep=904)
🎯 GUIDANCE STEP 12 (t=904): Loss=0.5903, Rho=15.643592, Grad_norm=0.0639, Final_scale=156.4359
🚀 APPLYING GUIDANCE at step 13 (timestep=894)
🎯 GUIDANCE STEP 13 (t=894): Loss=0.5972, Rho=9.599552, Grad_norm=0.1042, Final_scale=95.9955
🚀 APPLYING GUIDANCE at step 14 (timestep=884)
🎯 GUIDANCE STEP 14 (t=884): Loss=0.6055, Rho=5.616876, Grad_norm=0.1780, Final_scale=56.1688
🚀 APPLYING GUIDANCE at step 15 (timestep=874)
🎯 GUIDANCE STEP 15 (t=874): Loss=0.6045, Rho=5.885896, Grad_norm=0.1699, Final_scale=58.8590
🚀 APPLYING GUIDANCE at step 16 (timestep=864)
🎯 GUIDANCE STEP 16 (t=864): Loss=0.6064, Rho=9.707312, Grad_norm=0.1030, Final_scale=97.0731
🚀 APPLYING GUIDANCE at step 17 (timestep=853)
🎯 GUIDANCE STEP 17 (t=853): Loss=0.6099, Rho=8.393966, Grad_norm=0.1191, Final_scale=83.9397
🚀 APPLYING GUIDANCE at step 18 (timestep=841)
🎯 GUIDANCE STEP 18 (t=841): Loss=0.6099, Rho=4.149908, Grad_norm=0.2410, Final_scale=41.4991
🚀 APPLYING GUIDANCE at step 19 (timestep=829)
🎯 GUIDANCE STEP 19 (t=829): Loss=0.6123, Rho=4.954231, Grad_norm=0.2018, Final_scale=49.5423
🚀 APPLYING GUIDANCE at step 20 (timestep=817)
🎯 GUIDANCE STEP 20 (t=817): Loss=0.6147, Rho=1.688771, Grad_norm=0.5921, Final_scale=16.8877
🚀 APPLYING GUIDANCE at step 21 (timestep=805)
🎯 GUIDANCE STEP 21 (t=805): Loss=0.6064, Rho=6.013696, Grad_norm=0.1663, Final_scale=60.1370
🚀 APPLYING GUIDANCE at step 22 (timestep=792)
🎯 GUIDANCE STEP 22 (t=792): Loss=0.6089, Rho=5.717543, Grad_norm=0.1749, Final_scale=57.1754
🚀 APPLYING GUIDANCE at step 23 (timestep=778)
🎯 GUIDANCE STEP 23 (t=778): Loss=0.6113, Rho=5.893680, Grad_norm=0.1697, Final_scale=58.9368
🚀 APPLYING GUIDANCE at step 24 (timestep=764)
🎯 GUIDANCE STEP 24 (t=764): Loss=0.6162, Rho=5.734783, Grad_norm=0.1744, Final_scale=57.3478
🚀 APPLYING GUIDANCE at step 25 (timestep=749)
🎯 GUIDANCE STEP 25 (t=749): Loss=0.6113, Rho=3.837396, Grad_norm=0.2606, Final_scale=38.3740
🚀 APPLYING GUIDANCE at step 26 (timestep=734)
🎯 GUIDANCE STEP 26 (t=734): Loss=0.6084, Rho=7.436169, Grad_norm=0.1345, Final_scale=74.3617
🚀 APPLYING GUIDANCE at step 27 (timestep=718)
🎯 GUIDANCE STEP 27 (t=718): Loss=0.6064, Rho=5.023503, Grad_norm=0.1991, Final_scale=50.2350
🚀 APPLYING GUIDANCE at step 28 (timestep=701)
🎯 GUIDANCE STEP 28 (t=701): Loss=0.6104, Rho=8.025642, Grad_norm=0.1246, Final_scale=80.2564
🚀 APPLYING GUIDANCE at step 29 (timestep=684)
🎯 GUIDANCE STEP 29 (t=684): Loss=0.6069, Rho=7.625646, Grad_norm=0.1311, Final_scale=76.2565
🚀 APPLYING GUIDANCE at step 30 (timestep=666)
🎯 GUIDANCE STEP 30 (t=666): Loss=0.6060, Rho=8.254741, Grad_norm=0.1211, Final_scale=82.5474
🚀 APPLYING GUIDANCE at step 31 (timestep=647)
🎯 GUIDANCE STEP 31 (t=647): Loss=0.6064, Rho=6.241348, Grad_norm=0.1602, Final_scale=62.4135
🚀 APPLYING GUIDANCE at step 32 (timestep=627)
🎯 GUIDANCE STEP 32 (t=627): Loss=0.6099, Rho=6.980257, Grad_norm=0.1433, Final_scale=69.8026
🚀 APPLYING GUIDANCE at step 33 (timestep=606)
🎯 GUIDANCE STEP 33 (t=606): Loss=0.6030, Rho=5.393292, Grad_norm=0.1854, Final_scale=53.9329
🚀 APPLYING GUIDANCE at step 34 (timestep=585)
🎯 GUIDANCE STEP 34 (t=585): Loss=0.6040, Rho=10.108451, Grad_norm=0.0989, Final_scale=101.0845
🚀 APPLYING GUIDANCE at step 35 (timestep=562)
🎯 GUIDANCE STEP 35 (t=562): Loss=0.6045, Rho=6.699821, Grad_norm=0.1493, Final_scale=66.9982
🚀 APPLYING GUIDANCE at step 36 (timestep=538)
🎯 GUIDANCE STEP 36 (t=538): Loss=0.6045, Rho=10.679088, Grad_norm=0.0936, Final_scale=106.7909
🚀 APPLYING GUIDANCE at step 37 (timestep=512)
🎯 GUIDANCE STEP 37 (t=512): Loss=0.6104, Rho=5.531202, Grad_norm=0.1808, Final_scale=55.3120
🚀 APPLYING GUIDANCE at step 38 (timestep=486)
🎯 GUIDANCE STEP 38 (t=486): Loss=0.6074, Rho=5.094065, Grad_norm=0.1963, Final_scale=50.9406
🚀 APPLYING GUIDANCE at step 39 (timestep=458)
🎯 GUIDANCE STEP 39 (t=458): Loss=0.6094, Rho=8.125134, Grad_norm=0.1231, Final_scale=81.2513
🚀 APPLYING GUIDANCE at step 40 (timestep=428)
🎯 GUIDANCE STEP 40 (t=428): Loss=0.6113, Rho=7.757889, Grad_norm=0.1289, Final_scale=77.5789
🚀 APPLYING GUIDANCE at step 41 (timestep=396)
🎯 GUIDANCE STEP 41 (t=396): Loss=0.6089, Rho=5.375863, Grad_norm=0.1860, Final_scale=53.7586
🚀 APPLYING GUIDANCE at step 42 (timestep=363)
🎯 GUIDANCE STEP 42 (t=363): Loss=0.6055, Rho=8.578046, Grad_norm=0.1166, Final_scale=85.7805
🚀 APPLYING GUIDANCE at step 43 (timestep=327)
🎯 GUIDANCE STEP 43 (t=327): Loss=0.6064, Rho=2.196563, Grad_norm=0.4553, Final_scale=21.9656
🚀 APPLYING GUIDANCE at step 44 (timestep=290)
🎯 GUIDANCE STEP 44 (t=290): Loss=0.6079, Rho=9.050653, Grad_norm=0.1105, Final_scale=90.5065
🚀 APPLYING GUIDANCE at step 45 (timestep=249)
🎯 GUIDANCE STEP 45 (t=249): Loss=0.6025, Rho=12.742498, Grad_norm=0.0785, Final_scale=127.4250
🚀 APPLYING GUIDANCE at step 46 (timestep=206)
🎯 GUIDANCE STEP 46 (t=206): Loss=0.6016, Rho=9.059527, Grad_norm=0.1104, Final_scale=90.5953
🚀 APPLYING GUIDANCE at step 47 (timestep=160)
🎯 GUIDANCE STEP 47 (t=160): Loss=0.5981, Rho=15.435673, Grad_norm=0.0648, Final_scale=154.3567
🚀 APPLYING GUIDANCE at step 48 (timestep=111)
🎯 GUIDANCE STEP 48 (t=111): Loss=0.5947, Rho=16.926018, Grad_norm=0.0591, Final_scale=169.2602
🚀 APPLYING GUIDANCE at step 49 (timestep=57)
🎯 GUIDANCE STEP 49 (t=57): Loss=0.6035, Rho=10.365541, Grad_norm=0.0965, Final_scale=103.6554
[guidance_f17_s50_w8c6_rho10.0_cfg5.0_0701_1458] Generated: generated_videos/subject_consistency/guidance_f17_s50_w8c6_rho10.0_cfg5.0_0701_1458/008_a_bear_catching_a_salmon_in_its_powerful_jaws.mp4
[guidance_f17_s50_w8c6_rho10.0_cfg5.0_0701_1458] Experiment completed! Results saved to: generated_videos/subject_consistency/guidance_f17_s50_w8c6_rho10.0_cfg5.0_0701_1458
