Thu Jul  3 14:05:12 2025       
+-----------------------------------------------------------------------------------------+
| NVIDIA-SMI 570.133.20             Driver Version: 570.133.20     CUDA Version: 12.8     |
|-----------------------------------------+------------------------+----------------------+
| GPU  Name                 Persistence-M | Bus-Id          Disp.A | Volatile Uncorr. ECC |
| Fan  Temp   Perf          Pwr:Usage/Cap |           Memory-Usage | GPU-Util  Compute M. |
|                                         |                        |               MIG M. |
|=========================================+========================+======================|
|   0  NVIDIA H200                    On  |   00000000:59:00.0 Off |                    0 |
| N/A   35C    P0             76W /  700W |       0MiB / 143771MiB |      0%      Default |
|                                         |                        |             Disabled |
+-----------------------------------------+------------------------+----------------------+
|   1  NVIDIA H200                    On  |   00000000:5A:00.0 Off |                    0 |
| N/A   34C    P0             76W /  700W |       0MiB / 143771MiB |      0%      Default |
|                                         |                        |             Disabled |
+-----------------------------------------+------------------------+----------------------+
|   2  NVIDIA H200                    On  |   00000000:72:00.0 Off |                    0 |
| N/A   34C    P0             80W /  700W |       0MiB / 143771MiB |      0%      Default |
|                                         |                        |             Disabled |
+-----------------------------------------+------------------------+----------------------+
|   3  NVIDIA H200                    On  |   00000000:73:00.0 Off |                    0 |
| N/A   34C    P0             75W /  700W |       0MiB / 143771MiB |      0%      Default |
|                                         |                        |             Disabled |
+-----------------------------------------+------------------------+----------------------+
|   4  NVIDIA H200                    On  |   00000000:8B:00.0 Off |                    0 |
| N/A   33C    P0             75W /  700W |       0MiB / 143771MiB |      0%      Default |
|                                         |                        |             Disabled |
+-----------------------------------------+------------------------+----------------------+
|   5  NVIDIA H200                    On  |   00000000:8C:00.0 Off |                    0 |
| N/A   34C    P0             78W /  700W |       0MiB / 143771MiB |      0%      Default |
|                                         |                        |             Disabled |
+-----------------------------------------+------------------------+----------------------+
|   6  NVIDIA H200                    On  |   00000000:A4:00.0 Off |                    0 |
| N/A   35C    P0             77W /  700W |       0MiB / 143771MiB |      0%      Default |
|                                         |                        |             Disabled |
+-----------------------------------------+------------------------+----------------------+
|   7  NVIDIA H200                    On  |   00000000:A5:00.0 Off |                    0 |
| N/A   34C    P0             78W /  700W |       0MiB / 143771MiB |      0%      Default |
|                                         |                        |             Disabled |
+-----------------------------------------+------------------------+----------------------+
                                                                                         
+-----------------------------------------------------------------------------------------+
| Processes:                                                                              |
|  GPU   GI   CI              PID   Type   Process name                        GPU Memory |
|        ID   ID                                                               Usage      |
|=========================================================================================|
|  No running processes found                                                             |
+-----------------------------------------------------------------------------------------+
Running batch sample script env activated

============================================================
EXPERIMENT: guidance_f33_s50_w16c8_rho10.0_cfg5.0torch
============================================================
Sampling method: guidance
Inference steps: 50
Frames per video: 33
CFG scale: 5.0
Prompts assigned to this GPU: 9
V-JEPA parameters:
  - Model type: torch
  - Kernel size: 16 (torch V-JEPA frames_per_clip)
  - Context length: 8
  - Stride: 2
  - Mode: max
Guidance parameters:
  - Timestep range: 0-1001
  - Rho scale: 10.0
============================================================


============================================================
EXPERIMENT: guidance_f33_s50_w16c8_rho10.0_cfg5.0torch
============================================================
Sampling method: guidance
Inference steps: 50
Frames per video: 33
CFG scale: 5.0
Prompts assigned to this GPU: 9
V-JEPA parameters:
  - Model type: torch
  - Kernel size: 16 (torch V-JEPA frames_per_clip)
  - Context length: 8
  - Stride: 2
  - Mode: max
Guidance parameters:
  - Timestep range: 0-1001
  - Rho scale: 10.0
============================================================


============================================================
EXPERIMENT: guidance_f33_s50_w16c8_rho10.0_cfg5.0torch
============================================================
Sampling method: guidance
Inference steps: 50
Frames per video: 33
CFG scale: 5.0
Prompts assigned to this GPU: 9
V-JEPA parameters:
  - Model type: torch
  - Kernel size: 16 (torch V-JEPA frames_per_clip)
  - Context length: 8
  - Stride: 2
  - Mode: max
Guidance parameters:
  - Timestep range: 0-1001
  - Rho scale: 10.0
============================================================


============================================================
EXPERIMENT: guidance_f33_s50_w16c8_rho10.0_cfg5.0torch
============================================================
Sampling method: guidance
Inference steps: 50
Frames per video: 33
CFG scale: 5.0
Prompts assigned to this GPU: 9
V-JEPA parameters:
  - Model type: torch
  - Kernel size: 16 (torch V-JEPA frames_per_clip)
  - Context length: 8
  - Stride: 2
  - Mode: max
Guidance parameters:
  - Timestep range: 0-1001
  - Rho scale: 10.0
============================================================


============================================================
EXPERIMENT: guidance_f33_s50_w16c8_rho10.0_cfg5.0torch
============================================================
Sampling method: guidance
Inference steps: 50
Frames per video: 33
CFG scale: 5.0
Prompts assigned to this GPU: 9
V-JEPA parameters:
  - Model type: torch
  - Kernel size: 16 (torch V-JEPA frames_per_clip)
  - Context length: 8
  - Stride: 2
  - Mode: max
Guidance parameters:
  - Timestep range: 0-1001
  - Rho scale: 10.0
============================================================


============================================================
EXPERIMENT: guidance_f33_s50_w16c8_rho10.0_cfg5.0torch
============================================================
Sampling method: guidance
Inference steps: 50
Frames per video: 33
CFG scale: 5.0
Prompts assigned to this GPU: 9
V-JEPA parameters:
  - Model type: torch
  - Kernel size: 16 (torch V-JEPA frames_per_clip)
  - Context length: 8
  - Stride: 2
  - Mode: max
Guidance parameters:
  - Timestep range: 0-1001
  - Rho scale: 10.0
============================================================


============================================================
EXPERIMENT: guidance_f33_s50_w16c8_rho10.0_cfg5.0torch
============================================================
Sampling method: guidance
Inference steps: 50
Frames per video: 33
CFG scale: 5.0
Prompts assigned to this GPU: 9
V-JEPA parameters:
  - Model type: torch
  - Kernel size: 16 (torch V-JEPA frames_per_clip)
  - Context length: 8
  - Stride: 2
  - Mode: max
Guidance parameters:
  - Timestep range: 0-1001
  - Rho scale: 10.0
============================================================


============================================================
EXPERIMENT: guidance_f33_s50_w16c8_rho10.0_cfg5.0torch
============================================================
Sampling method: guidance
Inference steps: 50
Frames per video: 33
CFG scale: 5.0
Prompts assigned to this GPU: 9
V-JEPA parameters:
  - Model type: torch
  - Kernel size: 16 (torch V-JEPA frames_per_clip)
  - Context length: 8
  - Stride: 2
  - Mode: max
Guidance parameters:
  - Timestep range: 0-1001
  - Rho scale: 10.0
============================================================

🚀 Loading torch V-JEPA model for guidance...
VisionTransformerPredictor(
  (predictor_embed): Linear(in_features=1280, out_features=384, bias=True)
  (mask_tokens): ParameterList(
      (0): Parameter containing: [torch.float32 of size 1x1x384]
      (1): Parameter containing: [torch.float32 of size 1x1x384]
      (2): Parameter containing: [torch.float32 of size 1x1x384]
      (3): Parameter containing: [torch.float32 of size 1x1x384]
      (4): Parameter containing: [torch.float32 of size 1x1x384]
      (5): Parameter containing: [torch.float32 of size 1x1x384]
      (6): Parameter containing: [torch.float32 of size 1x1x384]
      (7): Parameter containing: [torch.float32 of size 1x1x384]
      (8): Parameter containing: [torch.float32 of size 1x1x384]
      (9): Parameter containing: [torch.float32 of size 1x1x384]
  )
  (predictor_blocks): ModuleList(
    (0-11): 12 x Block(
      (norm1): LayerNorm((384,), eps=1e-06, elementwise_affine=True)
      (attn): RoPEAttention(
        (qkv): Linear(in_features=384, out_features=1152, bias=True)
        (attn_drop): Dropout(p=0.0, inplace=False)
        (proj): Linear(in_features=384, out_features=384, bias=True)
        (proj_drop): Dropout(p=0.0, inplace=False)
      )
      (drop_path): Identity()
      (norm2): LayerNorm((384,), eps=1e-06, elementwise_affine=True)
      (mlp): MLP(
        (fc1): Linear(in_features=384, out_features=1536, bias=True)
        (act): GELU(approximate='none')
        (fc2): Linear(in_features=1536, out_features=384, bias=True)
        (drop): Dropout(p=0.0, inplace=False)
      )
    )
  )
  (predictor_norm): LayerNorm((384,), eps=1e-06, elementwise_affine=True)
  (predictor_proj): Linear(in_features=384, out_features=1280, bias=True)
)
Torch V-JEPA model loaded from ./vit-h-open/vith.pt using config /home/yjianhao/project/video_guidance/config/vjepa_2_h_open.yaml
[guidance_f33_s50_w16c8_rho10.0_cfg5.0torch] Generating video 1/9 (guidance): a dog enjoying a peaceful walk
🎬 STARTING GUIDANCE PIPELINE GENERATION
   Frames: 33, Steps: 50, CFG Scale: 5.0

🔧 GUIDANCE PIPELINE CONFIGURATION:
   Guidance range: 0 - 1001
   Rho scale: 10.0
   V-JEPA kernel_size: 16
   V-JEPA context_length: 8
   V-JEPA stride: 2
   V-JEPA mode: max
   Total timesteps: 50

🚀 Loading torch V-JEPA model for guidance...
VisionTransformerPredictor(
  (predictor_embed): Linear(in_features=1280, out_features=384, bias=True)
  (mask_tokens): ParameterList(
      (0): Parameter containing: [torch.float32 of size 1x1x384]
      (1): Parameter containing: [torch.float32 of size 1x1x384]
      (2): Parameter containing: [torch.float32 of size 1x1x384]
      (3): Parameter containing: [torch.float32 of size 1x1x384]
      (4): Parameter containing: [torch.float32 of size 1x1x384]
      (5): Parameter containing: [torch.float32 of size 1x1x384]
      (6): Parameter containing: [torch.float32 of size 1x1x384]
      (7): Parameter containing: [torch.float32 of size 1x1x384]
      (8): Parameter containing: [torch.float32 of size 1x1x384]
      (9): Parameter containing: [torch.float32 of size 1x1x384]
  )
  (predictor_blocks): ModuleList(
    (0-11): 12 x Block(
      (norm1): LayerNorm((384,), eps=1e-06, elementwise_affine=True)
      (attn): RoPEAttention(
        (qkv): Linear(in_features=384, out_features=1152, bias=True)
        (attn_drop): Dropout(p=0.0, inplace=False)
        (proj): Linear(in_features=384, out_features=384, bias=True)
        (proj_drop): Dropout(p=0.0, inplace=False)
      )
      (drop_path): Identity()
      (norm2): LayerNorm((384,), eps=1e-06, elementwise_affine=True)
      (mlp): MLP(
        (fc1): Linear(in_features=384, out_features=1536, bias=True)
        (act): GELU(approximate='none')
        (fc2): Linear(in_features=1536, out_features=384, bias=True)
        (drop): Dropout(p=0.0, inplace=False)
      )
    )
  )
  (predictor_norm): LayerNorm((384,), eps=1e-06, elementwise_affine=True)
  (predictor_proj): Linear(in_features=384, out_features=1280, bias=True)
)
Torch V-JEPA model loaded from ./vit-h-open/vith.pt using config /home/yjianhao/project/video_guidance/config/vjepa_2_h_open.yaml
[guidance_f33_s50_w16c8_rho10.0_cfg5.0torch] Generating video 1/9 (guidance): a train speeding down the tracks
🎬 STARTING GUIDANCE PIPELINE GENERATION
   Frames: 33, Steps: 50, CFG Scale: 5.0

🔧 GUIDANCE PIPELINE CONFIGURATION:
   Guidance range: 0 - 1001
   Rho scale: 10.0
   V-JEPA kernel_size: 16
   V-JEPA context_length: 8
   V-JEPA stride: 2
   V-JEPA mode: max
   Total timesteps: 50

🚀 Loading torch V-JEPA model for guidance...
VisionTransformerPredictor(
  (predictor_embed): Linear(in_features=1280, out_features=384, bias=True)
  (mask_tokens): ParameterList(
      (0): Parameter containing: [torch.float32 of size 1x1x384]
      (1): Parameter containing: [torch.float32 of size 1x1x384]
      (2): Parameter containing: [torch.float32 of size 1x1x384]
      (3): Parameter containing: [torch.float32 of size 1x1x384]
      (4): Parameter containing: [torch.float32 of size 1x1x384]
      (5): Parameter containing: [torch.float32 of size 1x1x384]
      (6): Parameter containing: [torch.float32 of size 1x1x384]
      (7): Parameter containing: [torch.float32 of size 1x1x384]
      (8): Parameter containing: [torch.float32 of size 1x1x384]
      (9): Parameter containing: [torch.float32 of size 1x1x384]
  )
  (predictor_blocks): ModuleList(
    (0-11): 12 x Block(
      (norm1): LayerNorm((384,), eps=1e-06, elementwise_affine=True)
      (attn): RoPEAttention(
        (qkv): Linear(in_features=384, out_features=1152, bias=True)
        (attn_drop): Dropout(p=0.0, inplace=False)
        (proj): Linear(in_features=384, out_features=384, bias=True)
        (proj_drop): Dropout(p=0.0, inplace=False)
      )
      (drop_path): Identity()
      (norm2): LayerNorm((384,), eps=1e-06, elementwise_affine=True)
      (mlp): MLP(
        (fc1): Linear(in_features=384, out_features=1536, bias=True)
        (act): GELU(approximate='none')
        (fc2): Linear(in_features=1536, out_features=384, bias=True)
        (drop): Dropout(p=0.0, inplace=False)
      )
    )
  )
  (predictor_norm): LayerNorm((384,), eps=1e-06, elementwise_affine=True)
  (predictor_proj): Linear(in_features=384, out_features=1280, bias=True)
)
Torch V-JEPA model loaded from ./vit-h-open/vith.pt using config /home/yjianhao/project/video_guidance/config/vjepa_2_h_open.yaml
[guidance_f33_s50_w16c8_rho10.0_cfg5.0torch] Generating video 1/9 (guidance): a person swimming in ocean
🎬 STARTING GUIDANCE PIPELINE GENERATION
   Frames: 33, Steps: 50, CFG Scale: 5.0

🔧 GUIDANCE PIPELINE CONFIGURATION:
   Guidance range: 0 - 1001
   Rho scale: 10.0
   V-JEPA kernel_size: 16
   V-JEPA context_length: 8
   V-JEPA stride: 2
   V-JEPA mode: max
   Total timesteps: 50

🚀 Loading torch V-JEPA model for guidance...
VisionTransformerPredictor(
  (predictor_embed): Linear(in_features=1280, out_features=384, bias=True)
  (mask_tokens): ParameterList(
      (0): Parameter containing: [torch.float32 of size 1x1x384]
      (1): Parameter containing: [torch.float32 of size 1x1x384]
      (2): Parameter containing: [torch.float32 of size 1x1x384]
      (3): Parameter containing: [torch.float32 of size 1x1x384]
      (4): Parameter containing: [torch.float32 of size 1x1x384]
      (5): Parameter containing: [torch.float32 of size 1x1x384]
      (6): Parameter containing: [torch.float32 of size 1x1x384]
      (7): Parameter containing: [torch.float32 of size 1x1x384]
      (8): Parameter containing: [torch.float32 of size 1x1x384]
      (9): Parameter containing: [torch.float32 of size 1x1x384]
  )
  (predictor_blocks): ModuleList(
    (0-11): 12 x Block(
      (norm1): LayerNorm((384,), eps=1e-06, elementwise_affine=True)
      (attn): RoPEAttention(
        (qkv): Linear(in_features=384, out_features=1152, bias=True)
        (attn_drop): Dropout(p=0.0, inplace=False)
        (proj): Linear(in_features=384, out_features=384, bias=True)
        (proj_drop): Dropout(p=0.0, inplace=False)
      )
      (drop_path): Identity()
      (norm2): LayerNorm((384,), eps=1e-06, elementwise_affine=True)
      (mlp): MLP(
        (fc1): Linear(in_features=384, out_features=1536, bias=True)
        (act): GELU(approximate='none')
        (fc2): Linear(in_features=1536, out_features=384, bias=True)
        (drop): Dropout(p=0.0, inplace=False)
      )
    )
  )
  (predictor_norm): LayerNorm((384,), eps=1e-06, elementwise_affine=True)
  (predictor_proj): Linear(in_features=384, out_features=1280, bias=True)
)
Torch V-JEPA model loaded from ./vit-h-open/vith.pt using config /home/yjianhao/project/video_guidance/config/vjepa_2_h_open.yaml
[guidance_f33_s50_w16c8_rho10.0_cfg5.0torch] Generating video 1/9 (guidance): a bicycle slowing down to stop
🎬 STARTING GUIDANCE PIPELINE GENERATION
   Frames: 33, Steps: 50, CFG Scale: 5.0

🔧 GUIDANCE PIPELINE CONFIGURATION:
   Guidance range: 0 - 1001
   Rho scale: 10.0
   V-JEPA kernel_size: 16
   V-JEPA context_length: 8
   V-JEPA stride: 2
   V-JEPA mode: max
   Total timesteps: 50

🚀 Loading torch V-JEPA model for guidance...
VisionTransformerPredictor(
  (predictor_embed): Linear(in_features=1280, out_features=384, bias=True)
  (mask_tokens): ParameterList(
      (0): Parameter containing: [torch.float32 of size 1x1x384]
      (1): Parameter containing: [torch.float32 of size 1x1x384]
      (2): Parameter containing: [torch.float32 of size 1x1x384]
      (3): Parameter containing: [torch.float32 of size 1x1x384]
      (4): Parameter containing: [torch.float32 of size 1x1x384]
      (5): Parameter containing: [torch.float32 of size 1x1x384]
      (6): Parameter containing: [torch.float32 of size 1x1x384]
      (7): Parameter containing: [torch.float32 of size 1x1x384]
      (8): Parameter containing: [torch.float32 of size 1x1x384]
      (9): Parameter containing: [torch.float32 of size 1x1x384]
  )
  (predictor_blocks): ModuleList(
    (0-11): 12 x Block(
      (norm1): LayerNorm((384,), eps=1e-06, elementwise_affine=True)
      (attn): RoPEAttention(
        (qkv): Linear(in_features=384, out_features=1152, bias=True)
        (attn_drop): Dropout(p=0.0, inplace=False)
        (proj): Linear(in_features=384, out_features=384, bias=True)
        (proj_drop): Dropout(p=0.0, inplace=False)
      )
      (drop_path): Identity()
      (norm2): LayerNorm((384,), eps=1e-06, elementwise_affine=True)
      (mlp): MLP(
        (fc1): Linear(in_features=384, out_features=1536, bias=True)
        (act): GELU(approximate='none')
        (fc2): Linear(in_features=1536, out_features=384, bias=True)
        (drop): Dropout(p=0.0, inplace=False)
      )
    )
  )
  (predictor_norm): LayerNorm((384,), eps=1e-06, elementwise_affine=True)
  (predictor_proj): Linear(in_features=384, out_features=1280, bias=True)
)
Torch V-JEPA model loaded from ./vit-h-open/vith.pt using config /home/yjianhao/project/video_guidance/config/vjepa_2_h_open.yaml
[guidance_f33_s50_w16c8_rho10.0_cfg5.0torch] Generating video 1/9 (guidance): a boat slowing down to stop
🎬 STARTING GUIDANCE PIPELINE GENERATION
   Frames: 33, Steps: 50, CFG Scale: 5.0

🔧 GUIDANCE PIPELINE CONFIGURATION:
   Guidance range: 0 - 1001
   Rho scale: 10.0
   V-JEPA kernel_size: 16
   V-JEPA context_length: 8
   V-JEPA stride: 2
   V-JEPA mode: max
   Total timesteps: 50

🚀 Loading torch V-JEPA model for guidance...
VisionTransformerPredictor(
  (predictor_embed): Linear(in_features=1280, out_features=384, bias=True)
  (mask_tokens): ParameterList(
      (0): Parameter containing: [torch.float32 of size 1x1x384]
      (1): Parameter containing: [torch.float32 of size 1x1x384]
      (2): Parameter containing: [torch.float32 of size 1x1x384]
      (3): Parameter containing: [torch.float32 of size 1x1x384]
      (4): Parameter containing: [torch.float32 of size 1x1x384]
      (5): Parameter containing: [torch.float32 of size 1x1x384]
      (6): Parameter containing: [torch.float32 of size 1x1x384]
      (7): Parameter containing: [torch.float32 of size 1x1x384]
      (8): Parameter containing: [torch.float32 of size 1x1x384]
      (9): Parameter containing: [torch.float32 of size 1x1x384]
  )
  (predictor_blocks): ModuleList(
    (0-11): 12 x Block(
      (norm1): LayerNorm((384,), eps=1e-06, elementwise_affine=True)
      (attn): RoPEAttention(
        (qkv): Linear(in_features=384, out_features=1152, bias=True)
        (attn_drop): Dropout(p=0.0, inplace=False)
        (proj): Linear(in_features=384, out_features=384, bias=True)
        (proj_drop): Dropout(p=0.0, inplace=False)
      )
      (drop_path): Identity()
      (norm2): LayerNorm((384,), eps=1e-06, elementwise_affine=True)
      (mlp): MLP(
        (fc1): Linear(in_features=384, out_features=1536, bias=True)
        (act): GELU(approximate='none')
        (fc2): Linear(in_features=1536, out_features=384, bias=True)
        (drop): Dropout(p=0.0, inplace=False)
      )
    )
  )
  (predictor_norm): LayerNorm((384,), eps=1e-06, elementwise_affine=True)
  (predictor_proj): Linear(in_features=384, out_features=1280, bias=True)
)
Torch V-JEPA model loaded from ./vit-h-open/vith.pt using config /home/yjianhao/project/video_guidance/config/vjepa_2_h_open.yaml
[guidance_f33_s50_w16c8_rho10.0_cfg5.0torch] Generating video 1/9 (guidance): a motorcycle gliding through a snowy field
🎬 STARTING GUIDANCE PIPELINE GENERATION
   Frames: 33, Steps: 50, CFG Scale: 5.0

🔧 GUIDANCE PIPELINE CONFIGURATION:
   Guidance range: 0 - 1001
   Rho scale: 10.0
   V-JEPA kernel_size: 16
   V-JEPA context_length: 8
   V-JEPA stride: 2
   V-JEPA mode: max
   Total timesteps: 50

🚀 Loading torch V-JEPA model for guidance...
VisionTransformerPredictor(
  (predictor_embed): Linear(in_features=1280, out_features=384, bias=True)
  (mask_tokens): ParameterList(
      (0): Parameter containing: [torch.float32 of size 1x1x384]
      (1): Parameter containing: [torch.float32 of size 1x1x384]
      (2): Parameter containing: [torch.float32 of size 1x1x384]
      (3): Parameter containing: [torch.float32 of size 1x1x384]
      (4): Parameter containing: [torch.float32 of size 1x1x384]
      (5): Parameter containing: [torch.float32 of size 1x1x384]
      (6): Parameter containing: [torch.float32 of size 1x1x384]
      (7): Parameter containing: [torch.float32 of size 1x1x384]
      (8): Parameter containing: [torch.float32 of size 1x1x384]
      (9): Parameter containing: [torch.float32 of size 1x1x384]
  )
  (predictor_blocks): ModuleList(
    (0-11): 12 x Block(
      (norm1): LayerNorm((384,), eps=1e-06, elementwise_affine=True)
      (attn): RoPEAttention(
        (qkv): Linear(in_features=384, out_features=1152, bias=True)
        (attn_drop): Dropout(p=0.0, inplace=False)
        (proj): Linear(in_features=384, out_features=384, bias=True)
        (proj_drop): Dropout(p=0.0, inplace=False)
      )
      (drop_path): Identity()
      (norm2): LayerNorm((384,), eps=1e-06, elementwise_affine=True)
      (mlp): MLP(
        (fc1): Linear(in_features=384, out_features=1536, bias=True)
        (act): GELU(approximate='none')
        (fc2): Linear(in_features=1536, out_features=384, bias=True)
        (drop): Dropout(p=0.0, inplace=False)
      )
    )
  )
  (predictor_norm): LayerNorm((384,), eps=1e-06, elementwise_affine=True)
  (predictor_proj): Linear(in_features=384, out_features=1280, bias=True)
)
Torch V-JEPA model loaded from ./vit-h-open/vith.pt using config /home/yjianhao/project/video_guidance/config/vjepa_2_h_open.yaml
[guidance_f33_s50_w16c8_rho10.0_cfg5.0torch] Generating video 1/9 (guidance): a bear sniffing the air for scents of food
🎬 STARTING GUIDANCE PIPELINE GENERATION
   Frames: 33, Steps: 50, CFG Scale: 5.0

🔧 GUIDANCE PIPELINE CONFIGURATION:
   Guidance range: 0 - 1001
   Rho scale: 10.0
   V-JEPA kernel_size: 16
   V-JEPA context_length: 8
   V-JEPA stride: 2
   V-JEPA mode: max
   Total timesteps: 50

🚀 Loading torch V-JEPA model for guidance...
VisionTransformerPredictor(
  (predictor_embed): Linear(in_features=1280, out_features=384, bias=True)
  (mask_tokens): ParameterList(
      (0): Parameter containing: [torch.float32 of size 1x1x384]
      (1): Parameter containing: [torch.float32 of size 1x1x384]
      (2): Parameter containing: [torch.float32 of size 1x1x384]
      (3): Parameter containing: [torch.float32 of size 1x1x384]
      (4): Parameter containing: [torch.float32 of size 1x1x384]
      (5): Parameter containing: [torch.float32 of size 1x1x384]
      (6): Parameter containing: [torch.float32 of size 1x1x384]
      (7): Parameter containing: [torch.float32 of size 1x1x384]
      (8): Parameter containing: [torch.float32 of size 1x1x384]
      (9): Parameter containing: [torch.float32 of size 1x1x384]
  )
  (predictor_blocks): ModuleList(
    (0-11): 12 x Block(
      (norm1): LayerNorm((384,), eps=1e-06, elementwise_affine=True)
      (attn): RoPEAttention(
        (qkv): Linear(in_features=384, out_features=1152, bias=True)
        (attn_drop): Dropout(p=0.0, inplace=False)
        (proj): Linear(in_features=384, out_features=384, bias=True)
        (proj_drop): Dropout(p=0.0, inplace=False)
      )
      (drop_path): Identity()
      (norm2): LayerNorm((384,), eps=1e-06, elementwise_affine=True)
      (mlp): MLP(
        (fc1): Linear(in_features=384, out_features=1536, bias=True)
        (act): GELU(approximate='none')
        (fc2): Linear(in_features=1536, out_features=384, bias=True)
        (drop): Dropout(p=0.0, inplace=False)
      )
    )
  )
  (predictor_norm): LayerNorm((384,), eps=1e-06, elementwise_affine=True)
  (predictor_proj): Linear(in_features=384, out_features=1280, bias=True)
)
Torch V-JEPA model loaded from ./vit-h-open/vith.pt using config /home/yjianhao/project/video_guidance/config/vjepa_2_h_open.yaml
[guidance_f33_s50_w16c8_rho10.0_cfg5.0torch] Generating video 1/9 (guidance): a sheep taking a peaceful walk
🎬 STARTING GUIDANCE PIPELINE GENERATION
   Frames: 33, Steps: 50, CFG Scale: 5.0

🔧 GUIDANCE PIPELINE CONFIGURATION:
   Guidance range: 0 - 1001
   Rho scale: 10.0
   V-JEPA kernel_size: 16
   V-JEPA context_length: 8
   V-JEPA stride: 2
   V-JEPA mode: max
   Total timesteps: 50

🚀 APPLYING GUIDANCE at step 0 (timestep=999)
final_loss: 1.1228491067886353
🎯 GUIDANCE STEP 0 (t=999): Loss=1.1228, Rho=168.044464, Grad_norm=0.0060, Final_scale=1680.4446
🚀 APPLYING GUIDANCE at step 1 (timestep=992)
final_loss: 1.1066007614135742
🎯 GUIDANCE STEP 1 (t=992): Loss=1.1066, Rho=41.121700, Grad_norm=0.0243, Final_scale=411.2170
🚀 APPLYING GUIDANCE at step 2 (timestep=985)
final_loss: 1.099716067314148
🎯 GUIDANCE STEP 2 (t=985): Loss=1.0997, Rho=150.308624, Grad_norm=0.0067, Final_scale=1503.0862
🚀 APPLYING GUIDANCE at step 3 (timestep=978)
final_loss: 1.1011942625045776
🎯 GUIDANCE STEP 3 (t=978): Loss=1.1012, Rho=332.159698, Grad_norm=0.0030, Final_scale=3321.5970
🚀 APPLYING GUIDANCE at step 4 (timestep=971)
final_loss: 1.099617600440979
🎯 GUIDANCE STEP 4 (t=971): Loss=1.0996, Rho=469.538544, Grad_norm=0.0021, Final_scale=4695.3854
🚀 APPLYING GUIDANCE at step 5 (timestep=963)
final_loss: 1.0997540950775146
🎯 GUIDANCE STEP 5 (t=963): Loss=1.0998, Rho=422.059204, Grad_norm=0.0024, Final_scale=4220.5920
🚀 APPLYING GUIDANCE at step 6 (timestep=956)
final_loss: 1.100009560585022
🎯 GUIDANCE STEP 6 (t=956): Loss=1.1000, Rho=514.703369, Grad_norm=0.0019, Final_scale=5147.0337
🚀 APPLYING GUIDANCE at step 7 (timestep=948)
final_loss: 1.100635290145874
🎯 GUIDANCE STEP 7 (t=948): Loss=1.1006, Rho=482.949249, Grad_norm=0.0021, Final_scale=4829.4925
🚀 APPLYING GUIDANCE at step 8 (timestep=939)
final_loss: 1.101014494895935
🎯 GUIDANCE STEP 8 (t=939): Loss=1.1010, Rho=525.916199, Grad_norm=0.0019, Final_scale=5259.1620
🚀 APPLYING GUIDANCE at step 9 (timestep=931)
final_loss: 1.1010105609893799
🎯 GUIDANCE STEP 9 (t=931): Loss=1.1010, Rho=644.292969, Grad_norm=0.0016, Final_scale=6442.9297
🚀 APPLYING GUIDANCE at step 10 (timestep=922)
final_loss: 1.1010990142822266
🎯 GUIDANCE STEP 10 (t=922): Loss=1.1011, Rho=660.566895, Grad_norm=0.0015, Final_scale=6605.6689
🚀 APPLYING GUIDANCE at step 11 (timestep=913)
final_loss: 1.100647211074829
🎯 GUIDANCE STEP 11 (t=913): Loss=1.1006, Rho=813.414124, Grad_norm=0.0012, Final_scale=8134.1412
🚀 APPLYING GUIDANCE at step 12 (timestep=904)
final_loss: 1.100504755973816
🎯 GUIDANCE STEP 12 (t=904): Loss=1.1005, Rho=792.046204, Grad_norm=0.0013, Final_scale=7920.4620
🚀 APPLYING GUIDANCE at step 13 (timestep=894)
final_loss: 1.1003397703170776
🎯 GUIDANCE STEP 13 (t=894): Loss=1.1003, Rho=734.419495, Grad_norm=0.0014, Final_scale=7344.1949
🚀 APPLYING GUIDANCE at step 14 (timestep=884)
final_loss: 1.1003955602645874
🎯 GUIDANCE STEP 14 (t=884): Loss=1.1004, Rho=649.678345, Grad_norm=0.0015, Final_scale=6496.7834
🚀 APPLYING GUIDANCE at step 15 (timestep=874)
final_loss: 1.1003334522247314
🎯 GUIDANCE STEP 15 (t=874): Loss=1.1003, Rho=947.248108, Grad_norm=0.0011, Final_scale=9472.4811
🚀 APPLYING GUIDANCE at step 16 (timestep=864)
final_loss: 1.1005948781967163
🎯 GUIDANCE STEP 16 (t=864): Loss=1.1006, Rho=778.358704, Grad_norm=0.0013, Final_scale=7783.5870
🚀 APPLYING GUIDANCE at step 17 (timestep=853)
final_loss: 1.1000175476074219
🎯 GUIDANCE STEP 17 (t=853): Loss=1.1000, Rho=882.422913, Grad_norm=0.0011, Final_scale=8824.2291
🚀 APPLYING GUIDANCE at step 18 (timestep=841)
final_loss: 1.0999704599380493
🎯 GUIDANCE STEP 18 (t=841): Loss=1.1000, Rho=927.659851, Grad_norm=0.0011, Final_scale=9276.5985
🚀 APPLYING GUIDANCE at step 19 (timestep=829)
final_loss: 1.099875807762146
🎯 GUIDANCE STEP 19 (t=829): Loss=1.0999, Rho=740.976624, Grad_norm=0.0013, Final_scale=7409.7662
🚀 APPLYING GUIDANCE at step 20 (timestep=817)
final_loss: 1.1002129316329956
🎯 GUIDANCE STEP 20 (t=817): Loss=1.1002, Rho=1048.482666, Grad_norm=0.0010, Final_scale=10484.8267
🚀 APPLYING GUIDANCE at step 21 (timestep=805)
final_loss: 1.100155234336853
🎯 GUIDANCE STEP 21 (t=805): Loss=1.1002, Rho=963.666504, Grad_norm=0.0010, Final_scale=9636.6650
🚀 APPLYING GUIDANCE at step 22 (timestep=792)
final_loss: 1.1001490354537964
🎯 GUIDANCE STEP 22 (t=792): Loss=1.1001, Rho=881.214172, Grad_norm=0.0011, Final_scale=8812.1417
🚀 APPLYING GUIDANCE at step 23 (timestep=778)
final_loss: 1.1002341508865356
🎯 GUIDANCE STEP 23 (t=778): Loss=1.1002, Rho=1181.672363, Grad_norm=0.0008, Final_scale=11816.7236
🚀 APPLYING GUIDANCE at step 24 (timestep=764)
final_loss: 1.1003550291061401
🎯 GUIDANCE STEP 24 (t=764): Loss=1.1004, Rho=1227.931274, Grad_norm=0.0008, Final_scale=12279.3127
🚀 APPLYING GUIDANCE at step 25 (timestep=749)
final_loss: 1.1003546714782715
🎯 GUIDANCE STEP 25 (t=749): Loss=1.1004, Rho=867.158508, Grad_norm=0.0012, Final_scale=8671.5851
🚀 APPLYING GUIDANCE at step 26 (timestep=734)
final_loss: 1.1003122329711914
🎯 GUIDANCE STEP 26 (t=734): Loss=1.1003, Rho=1035.813354, Grad_norm=0.0010, Final_scale=10358.1335
🚀 APPLYING GUIDANCE at step 27 (timestep=718)
final_loss: 1.1003334522247314
🎯 GUIDANCE STEP 27 (t=718): Loss=1.1003, Rho=1209.238770, Grad_norm=0.0008, Final_scale=12092.3877
🚀 APPLYING GUIDANCE at step 28 (timestep=701)
final_loss: 1.100271224975586
🎯 GUIDANCE STEP 28 (t=701): Loss=1.1003, Rho=1093.479736, Grad_norm=0.0009, Final_scale=10934.7974
🚀 APPLYING GUIDANCE at step 29 (timestep=684)
final_loss: 1.100130319595337
🎯 GUIDANCE STEP 29 (t=684): Loss=1.1001, Rho=1203.673584, Grad_norm=0.0008, Final_scale=12036.7358
🚀 APPLYING GUIDANCE at step 30 (timestep=666)
final_loss: 1.1001297235488892
🎯 GUIDANCE STEP 30 (t=666): Loss=1.1001, Rho=1229.321289, Grad_norm=0.0008, Final_scale=12293.2129
🚀 APPLYING GUIDANCE at step 31 (timestep=647)
final_loss: 1.1000982522964478
🎯 GUIDANCE STEP 31 (t=647): Loss=1.1001, Rho=1285.699341, Grad_norm=0.0008, Final_scale=12856.9934
🚀 APPLYING GUIDANCE at step 32 (timestep=627)
final_loss: 1.1003278493881226
🎯 GUIDANCE STEP 32 (t=627): Loss=1.1003, Rho=1209.732056, Grad_norm=0.0008, Final_scale=12097.3206
🚀 APPLYING GUIDANCE at step 33 (timestep=606)
final_loss: 1.1001418828964233
🎯 GUIDANCE STEP 33 (t=606): Loss=1.1001, Rho=977.532593, Grad_norm=0.0010, Final_scale=9775.3259
🚀 APPLYING GUIDANCE at step 34 (timestep=585)
final_loss: 1.0998986959457397
🎯 GUIDANCE STEP 34 (t=585): Loss=1.0999, Rho=1295.638184, Grad_norm=0.0008, Final_scale=12956.3818
🚀 APPLYING GUIDANCE at step 35 (timestep=562)
final_loss: 1.1000045537948608
🎯 GUIDANCE STEP 35 (t=562): Loss=1.1000, Rho=1324.798340, Grad_norm=0.0008, Final_scale=13247.9834
🚀 APPLYING GUIDANCE at step 36 (timestep=538)
final_loss: 1.0997146368026733
🎯 GUIDANCE STEP 36 (t=538): Loss=1.0997, Rho=1096.914917, Grad_norm=0.0009, Final_scale=10969.1492
🚀 APPLYING GUIDANCE at step 37 (timestep=512)
final_loss: 1.0996885299682617
🎯 GUIDANCE STEP 37 (t=512): Loss=1.0997, Rho=1156.027344, Grad_norm=0.0009, Final_scale=11560.2734
🚀 APPLYING GUIDANCE at step 38 (timestep=486)
final_loss: 1.0995534658432007
🎯 GUIDANCE STEP 38 (t=486): Loss=1.0996, Rho=984.243591, Grad_norm=0.0010, Final_scale=9842.4359
🚀 APPLYING GUIDANCE at step 39 (timestep=458)
final_loss: 1.0996359586715698
🎯 GUIDANCE STEP 39 (t=458): Loss=1.0996, Rho=774.516968, Grad_norm=0.0013, Final_scale=7745.1697
🚀 APPLYING GUIDANCE at step 40 (timestep=428)
final_loss: 1.0993620157241821
🎯 GUIDANCE STEP 40 (t=428): Loss=1.0994, Rho=938.270142, Grad_norm=0.0011, Final_scale=9382.7014
🚀 APPLYING GUIDANCE at step 41 (timestep=396)
final_loss: 1.0992430448532104
🎯 GUIDANCE STEP 41 (t=396): Loss=1.0992, Rho=1145.876099, Grad_norm=0.0009, Final_scale=11458.7610
🚀 APPLYING GUIDANCE at step 42 (timestep=363)
final_loss: 1.0989162921905518
🎯 GUIDANCE STEP 42 (t=363): Loss=1.0989, Rho=1064.192017, Grad_norm=0.0009, Final_scale=10641.9202
🚀 APPLYING GUIDANCE at step 43 (timestep=327)
final_loss: 1.0990737676620483
🎯 GUIDANCE STEP 43 (t=327): Loss=1.0991, Rho=1109.800903, Grad_norm=0.0009, Final_scale=11098.0090
🚀 APPLYING GUIDANCE at step 44 (timestep=290)
final_loss: 1.0988868474960327
🎯 GUIDANCE STEP 44 (t=290): Loss=1.0989, Rho=1500.988037, Grad_norm=0.0007, Final_scale=15009.8804
🚀 APPLYING GUIDANCE at step 45 (timestep=249)
final_loss: 1.0988434553146362
🎯 GUIDANCE STEP 45 (t=249): Loss=1.0988, Rho=1038.422852, Grad_norm=0.0010, Final_scale=10384.2285
🚀 APPLYING GUIDANCE at step 46 (timestep=206)
final_loss: 1.0984619855880737
🎯 GUIDANCE STEP 46 (t=206): Loss=1.0985, Rho=1417.192139, Grad_norm=0.0007, Final_scale=14171.9214
🚀 APPLYING GUIDANCE at step 47 (timestep=160)
final_loss: 1.0984476804733276
🎯 GUIDANCE STEP 47 (t=160): Loss=1.0984, Rho=922.983337, Grad_norm=0.0011, Final_scale=9229.8334
🚀 APPLYING GUIDANCE at step 48 (timestep=111)
final_loss: 1.0977773666381836
🎯 GUIDANCE STEP 48 (t=111): Loss=1.0978, Rho=1064.313232, Grad_norm=0.0009, Final_scale=10643.1323
🚀 APPLYING GUIDANCE at step 49 (timestep=57)
final_loss: 1.0977973937988281
🎯 GUIDANCE STEP 49 (t=57): Loss=1.0978, Rho=868.982788, Grad_norm=0.0012, Final_scale=8689.8279
[guidance_f33_s50_w16c8_rho10.0_cfg5.0torch] Generated: generated_videos/subject_consistency/guidance_f33_s50_w16c8_rho10.0_cfg5.0torch/a dog enjoying a peaceful walk.mp4
[guidance_f33_s50_w16c8_rho10.0_cfg5.0torch] Generating video 2/9 (guidance): a dog playing in park
🎬 STARTING GUIDANCE PIPELINE GENERATION
   Frames: 33, Steps: 50, CFG Scale: 5.0

🔧 GUIDANCE PIPELINE CONFIGURATION:
   Guidance range: 0 - 1001
   Rho scale: 10.0
   V-JEPA kernel_size: 16
   V-JEPA context_length: 8
   V-JEPA stride: 2
   V-JEPA mode: max
   Total timesteps: 50

🚀 APPLYING GUIDANCE at step 0 (timestep=999)
final_loss: 1.1155455112457275
🎯 GUIDANCE STEP 0 (t=999): Loss=1.1155, Rho=62.323647, Grad_norm=0.0160, Final_scale=623.2365
🚀 APPLYING GUIDANCE at step 1 (timestep=992)
final_loss: 1.1169397830963135
🎯 GUIDANCE STEP 1 (t=992): Loss=1.1169, Rho=103.243484, Grad_norm=0.0097, Final_scale=1032.4348
🚀 APPLYING GUIDANCE at step 2 (timestep=985)
final_loss: 1.118403673171997
🎯 GUIDANCE STEP 2 (t=985): Loss=1.1184, Rho=63.082142, Grad_norm=0.0159, Final_scale=630.8214
🚀 APPLYING GUIDANCE at step 3 (timestep=978)
final_loss: 1.1161608695983887
🎯 GUIDANCE STEP 3 (t=978): Loss=1.1162, Rho=170.260376, Grad_norm=0.0059, Final_scale=1702.6038
🚀 APPLYING GUIDANCE at step 4 (timestep=971)
final_loss: 1.1194275617599487
🎯 GUIDANCE STEP 4 (t=971): Loss=1.1194, Rho=194.717590, Grad_norm=0.0051, Final_scale=1947.1759
🚀 APPLYING GUIDANCE at step 5 (timestep=963)
final_loss: 1.1198595762252808
🎯 GUIDANCE STEP 5 (t=963): Loss=1.1199, Rho=211.303009, Grad_norm=0.0047, Final_scale=2113.0301
🚀 APPLYING GUIDANCE at step 6 (timestep=956)
final_loss: 1.1197494268417358
🎯 GUIDANCE STEP 6 (t=956): Loss=1.1197, Rho=243.453705, Grad_norm=0.0041, Final_scale=2434.5370
🚀 APPLYING GUIDANCE at step 7 (timestep=948)
final_loss: 1.1202253103256226
🎯 GUIDANCE STEP 7 (t=948): Loss=1.1202, Rho=282.003693, Grad_norm=0.0035, Final_scale=2820.0369
🚀 APPLYING GUIDANCE at step 8 (timestep=939)
final_loss: 1.1200872659683228
🎯 GUIDANCE STEP 8 (t=939): Loss=1.1201, Rho=356.482178, Grad_norm=0.0028, Final_scale=3564.8218
🚀 APPLYING GUIDANCE at step 9 (timestep=931)
final_loss: 1.1200827360153198
🎯 GUIDANCE STEP 9 (t=931): Loss=1.1201, Rho=376.117462, Grad_norm=0.0027, Final_scale=3761.1746
🚀 APPLYING GUIDANCE at step 10 (timestep=922)
final_loss: 1.1198152303695679
🎯 GUIDANCE STEP 10 (t=922): Loss=1.1198, Rho=360.669189, Grad_norm=0.0028, Final_scale=3606.6919
🚀 APPLYING GUIDANCE at step 11 (timestep=913)
final_loss: 1.1196507215499878
🎯 GUIDANCE STEP 11 (t=913): Loss=1.1197, Rho=343.860840, Grad_norm=0.0029, Final_scale=3438.6084
🚀 APPLYING GUIDANCE at step 12 (timestep=904)
final_loss: 1.1193197965621948
🎯 GUIDANCE STEP 12 (t=904): Loss=1.1193, Rho=302.700958, Grad_norm=0.0033, Final_scale=3027.0096
🚀 APPLYING GUIDANCE at step 13 (timestep=894)
final_loss: 1.1197922229766846
🎯 GUIDANCE STEP 13 (t=894): Loss=1.1198, Rho=331.286194, Grad_norm=0.0030, Final_scale=3312.8619
🚀 APPLYING GUIDANCE at step 14 (timestep=884)
final_loss: 1.1200963258743286
🎯 GUIDANCE STEP 14 (t=884): Loss=1.1201, Rho=305.727600, Grad_norm=0.0033, Final_scale=3057.2760
🚀 APPLYING GUIDANCE at step 15 (timestep=874)
final_loss: 1.1198629140853882
🎯 GUIDANCE STEP 15 (t=874): Loss=1.1199, Rho=279.605103, Grad_norm=0.0036, Final_scale=2796.0510
🚀 APPLYING GUIDANCE at step 16 (timestep=864)
final_loss: 1.120039939880371
🎯 GUIDANCE STEP 16 (t=864): Loss=1.1200, Rho=333.882874, Grad_norm=0.0030, Final_scale=3338.8287
🚀 APPLYING GUIDANCE at step 17 (timestep=853)
final_loss: 1.1192883253097534
🎯 GUIDANCE STEP 17 (t=853): Loss=1.1193, Rho=295.205414, Grad_norm=0.0034, Final_scale=2952.0541
🚀 APPLYING GUIDANCE at step 18 (timestep=841)
final_loss: 1.1193619966506958
🎯 GUIDANCE STEP 18 (t=841): Loss=1.1194, Rho=280.390289, Grad_norm=0.0036, Final_scale=2803.9029
🚀 APPLYING GUIDANCE at step 19 (timestep=829)
final_loss: 1.1198066473007202
🎯 GUIDANCE STEP 19 (t=829): Loss=1.1198, Rho=405.080963, Grad_norm=0.0025, Final_scale=4050.8096
🚀 APPLYING GUIDANCE at step 20 (timestep=817)
final_loss: 1.119555115699768
🎯 GUIDANCE STEP 20 (t=817): Loss=1.1196, Rho=397.688354, Grad_norm=0.0025, Final_scale=3976.8835
🚀 APPLYING GUIDANCE at step 21 (timestep=805)
final_loss: 1.1197935342788696
🎯 GUIDANCE STEP 21 (t=805): Loss=1.1198, Rho=451.892273, Grad_norm=0.0022, Final_scale=4518.9227
🚀 APPLYING GUIDANCE at step 22 (timestep=792)
final_loss: 1.1193277835845947
🎯 GUIDANCE STEP 22 (t=792): Loss=1.1193, Rho=381.573914, Grad_norm=0.0026, Final_scale=3815.7391
🚀 APPLYING GUIDANCE at step 23 (timestep=778)
final_loss: 1.119330883026123
🎯 GUIDANCE STEP 23 (t=778): Loss=1.1193, Rho=332.339996, Grad_norm=0.0030, Final_scale=3323.4000
🚀 APPLYING GUIDANCE at step 24 (timestep=764)
final_loss: 1.119208574295044
🎯 GUIDANCE STEP 24 (t=764): Loss=1.1192, Rho=319.699493, Grad_norm=0.0031, Final_scale=3196.9949
🚀 APPLYING GUIDANCE at step 25 (timestep=749)
final_loss: 1.119097352027893
🎯 GUIDANCE STEP 25 (t=749): Loss=1.1191, Rho=381.059937, Grad_norm=0.0026, Final_scale=3810.5994
🚀 APPLYING GUIDANCE at step 26 (timestep=734)
final_loss: 1.1198238134384155
🎯 GUIDANCE STEP 26 (t=734): Loss=1.1198, Rho=290.148743, Grad_norm=0.0034, Final_scale=2901.4874
🚀 APPLYING GUIDANCE at step 27 (timestep=718)
final_loss: 1.119429588317871
🎯 GUIDANCE STEP 27 (t=718): Loss=1.1194, Rho=436.620972, Grad_norm=0.0023, Final_scale=4366.2097
🚀 APPLYING GUIDANCE at step 28 (timestep=701)
final_loss: 1.1191580295562744
🎯 GUIDANCE STEP 28 (t=701): Loss=1.1192, Rho=457.042603, Grad_norm=0.0022, Final_scale=4570.4260
🚀 APPLYING GUIDANCE at step 29 (timestep=684)
final_loss: 1.1193569898605347
🎯 GUIDANCE STEP 29 (t=684): Loss=1.1194, Rho=406.910248, Grad_norm=0.0025, Final_scale=4069.1025
🚀 APPLYING GUIDANCE at step 30 (timestep=666)
final_loss: 1.119436502456665
🎯 GUIDANCE STEP 30 (t=666): Loss=1.1194, Rho=390.463715, Grad_norm=0.0026, Final_scale=3904.6371
🚀 APPLYING GUIDANCE at step 31 (timestep=647)
final_loss: 1.119004249572754
🎯 GUIDANCE STEP 31 (t=647): Loss=1.1190, Rho=486.705078, Grad_norm=0.0021, Final_scale=4867.0508
🚀 APPLYING GUIDANCE at step 32 (timestep=627)
final_loss: 1.118709921836853
🎯 GUIDANCE STEP 32 (t=627): Loss=1.1187, Rho=577.686768, Grad_norm=0.0017, Final_scale=5776.8677
🚀 APPLYING GUIDANCE at step 33 (timestep=606)
final_loss: 1.1185636520385742
🎯 GUIDANCE STEP 33 (t=606): Loss=1.1186, Rho=517.955444, Grad_norm=0.0019, Final_scale=5179.5544
🚀 APPLYING GUIDANCE at step 34 (timestep=585)
final_loss: 1.1186362504959106
🎯 GUIDANCE STEP 34 (t=585): Loss=1.1186, Rho=592.307800, Grad_norm=0.0017, Final_scale=5923.0780
🚀 APPLYING GUIDANCE at step 35 (timestep=562)
final_loss: 1.1184242963790894
🎯 GUIDANCE STEP 35 (t=562): Loss=1.1184, Rho=541.196045, Grad_norm=0.0018, Final_scale=5411.9604
🚀 APPLYING GUIDANCE at step 36 (timestep=538)
final_loss: 1.1180903911590576
🎯 GUIDANCE STEP 36 (t=538): Loss=1.1181, Rho=695.872009, Grad_norm=0.0014, Final_scale=6958.7201
🚀 APPLYING GUIDANCE at step 37 (timestep=512)
final_loss: 1.11845862865448
🎯 GUIDANCE STEP 37 (t=512): Loss=1.1185, Rho=678.412231, Grad_norm=0.0015, Final_scale=6784.1223
🚀 APPLYING GUIDANCE at step 38 (timestep=486)
final_loss: 1.1178719997406006
🎯 GUIDANCE STEP 38 (t=486): Loss=1.1179, Rho=467.387299, Grad_norm=0.0021, Final_scale=4673.8730
🚀 APPLYING GUIDANCE at step 39 (timestep=458)
final_loss: 1.1178783178329468
🎯 GUIDANCE STEP 39 (t=458): Loss=1.1179, Rho=696.691345, Grad_norm=0.0014, Final_scale=6966.9135
🚀 APPLYING GUIDANCE at step 40 (timestep=428)
final_loss: 1.1173725128173828
🎯 GUIDANCE STEP 40 (t=428): Loss=1.1174, Rho=689.916260, Grad_norm=0.0014, Final_scale=6899.1626
🚀 APPLYING GUIDANCE at step 41 (timestep=396)
final_loss: 1.1174017190933228
🎯 GUIDANCE STEP 41 (t=396): Loss=1.1174, Rho=774.827576, Grad_norm=0.0013, Final_scale=7748.2758
🚀 APPLYING GUIDANCE at step 42 (timestep=363)
final_loss: 1.1173102855682373
🎯 GUIDANCE STEP 42 (t=363): Loss=1.1173, Rho=449.236908, Grad_norm=0.0022, Final_scale=4492.3691
🚀 APPLYING GUIDANCE at step 43 (timestep=327)
final_loss: 1.1168054342269897
🎯 GUIDANCE STEP 43 (t=327): Loss=1.1168, Rho=874.266785, Grad_norm=0.0011, Final_scale=8742.6678
🚀 APPLYING GUIDANCE at step 44 (timestep=290)
final_loss: 1.1168760061264038
🎯 GUIDANCE STEP 44 (t=290): Loss=1.1169, Rho=844.000244, Grad_norm=0.0012, Final_scale=8440.0024
🚀 APPLYING GUIDANCE at step 45 (timestep=249)
final_loss: 1.1164706945419312
🎯 GUIDANCE STEP 45 (t=249): Loss=1.1165, Rho=596.123169, Grad_norm=0.0017, Final_scale=5961.2317
🚀 APPLYING GUIDANCE at step 46 (timestep=206)
final_loss: 1.1158579587936401
🎯 GUIDANCE STEP 46 (t=206): Loss=1.1159, Rho=811.185791, Grad_norm=0.0012, Final_scale=8111.8579
🚀 APPLYING GUIDANCE at step 47 (timestep=160)
final_loss: 1.115122675895691
🎯 GUIDANCE STEP 47 (t=160): Loss=1.1151, Rho=262.354034, Grad_norm=0.0038, Final_scale=2623.5403
🚀 APPLYING GUIDANCE at step 48 (timestep=111)
final_loss: 1.1145033836364746
🎯 GUIDANCE STEP 48 (t=111): Loss=1.1145, Rho=631.204651, Grad_norm=0.0016, Final_scale=6312.0465
🚀 APPLYING GUIDANCE at step 49 (timestep=57)
final_loss: 1.1133935451507568
🎯 GUIDANCE STEP 49 (t=57): Loss=1.1134, Rho=523.710999, Grad_norm=0.0019, Final_scale=5237.1100
[guidance_f33_s50_w16c8_rho10.0_cfg5.0torch] Generated: generated_videos/subject_consistency/guidance_f33_s50_w16c8_rho10.0_cfg5.0torch/a boat slowing down to stop.mp4
[guidance_f33_s50_w16c8_rho10.0_cfg5.0torch] Generating video 2/9 (guidance): a boat accelerating to gain speed
🎬 STARTING GUIDANCE PIPELINE GENERATION
   Frames: 33, Steps: 50, CFG Scale: 5.0

🔧 GUIDANCE PIPELINE CONFIGURATION:
   Guidance range: 0 - 1001
   Rho scale: 10.0
   V-JEPA kernel_size: 16
   V-JEPA context_length: 8
   V-JEPA stride: 2
   V-JEPA mode: max
   Total timesteps: 50

🚀 APPLYING GUIDANCE at step 0 (timestep=999)
final_loss: 1.1314553022384644
🎯 GUIDANCE STEP 0 (t=999): Loss=1.1315, Rho=42.437653, Grad_norm=0.0236, Final_scale=424.3765
🚀 APPLYING GUIDANCE at step 1 (timestep=992)
final_loss: 1.152474284172058
🎯 GUIDANCE STEP 1 (t=992): Loss=1.1525, Rho=34.116272, Grad_norm=0.0293, Final_scale=341.1627
🚀 APPLYING GUIDANCE at step 2 (timestep=985)
final_loss: 1.1283817291259766
🎯 GUIDANCE STEP 2 (t=985): Loss=1.1284, Rho=27.914906, Grad_norm=0.0358, Final_scale=279.1491
🚀 APPLYING GUIDANCE at step 3 (timestep=978)
final_loss: 1.121368646621704
🎯 GUIDANCE STEP 3 (t=978): Loss=1.1214, Rho=153.397476, Grad_norm=0.0065, Final_scale=1533.9748
🚀 APPLYING GUIDANCE at step 4 (timestep=971)
final_loss: 1.1242847442626953
🎯 GUIDANCE STEP 4 (t=971): Loss=1.1243, Rho=44.737118, Grad_norm=0.0224, Final_scale=447.3712
🚀 APPLYING GUIDANCE at step 5 (timestep=963)
final_loss: 1.1299797296524048
🎯 GUIDANCE STEP 5 (t=963): Loss=1.1300, Rho=72.093140, Grad_norm=0.0139, Final_scale=720.9314
🚀 APPLYING GUIDANCE at step 6 (timestep=956)
final_loss: 1.1322875022888184
🎯 GUIDANCE STEP 6 (t=956): Loss=1.1323, Rho=80.685211, Grad_norm=0.0124, Final_scale=806.8521
🚀 APPLYING GUIDANCE at step 7 (timestep=948)
final_loss: 1.1321390867233276
🎯 GUIDANCE STEP 7 (t=948): Loss=1.1321, Rho=80.231491, Grad_norm=0.0125, Final_scale=802.3149
🚀 APPLYING GUIDANCE at step 8 (timestep=939)
final_loss: 1.1300004720687866
🎯 GUIDANCE STEP 8 (t=939): Loss=1.1300, Rho=92.766335, Grad_norm=0.0108, Final_scale=927.6633
🚀 APPLYING GUIDANCE at step 9 (timestep=931)
final_loss: 1.1287473440170288
🎯 GUIDANCE STEP 9 (t=931): Loss=1.1287, Rho=112.752747, Grad_norm=0.0089, Final_scale=1127.5275
🚀 APPLYING GUIDANCE at step 10 (timestep=922)
final_loss: 1.1275430917739868
🎯 GUIDANCE STEP 10 (t=922): Loss=1.1275, Rho=169.656433, Grad_norm=0.0059, Final_scale=1696.5643
🚀 APPLYING GUIDANCE at step 11 (timestep=913)
final_loss: 1.1278566122055054
🎯 GUIDANCE STEP 11 (t=913): Loss=1.1279, Rho=175.031677, Grad_norm=0.0057, Final_scale=1750.3168
🚀 APPLYING GUIDANCE at step 12 (timestep=904)
final_loss: 1.1277095079421997
🎯 GUIDANCE STEP 12 (t=904): Loss=1.1277, Rho=179.206177, Grad_norm=0.0056, Final_scale=1792.0618
🚀 APPLYING GUIDANCE at step 13 (timestep=894)
final_loss: 1.1262027025222778
🎯 GUIDANCE STEP 13 (t=894): Loss=1.1262, Rho=216.477966, Grad_norm=0.0046, Final_scale=2164.7797
🚀 APPLYING GUIDANCE at step 14 (timestep=884)
final_loss: 1.1249958276748657
🎯 GUIDANCE STEP 14 (t=884): Loss=1.1250, Rho=212.132278, Grad_norm=0.0047, Final_scale=2121.3228
🚀 APPLYING GUIDANCE at step 15 (timestep=874)
final_loss: 1.124823808670044
🎯 GUIDANCE STEP 15 (t=874): Loss=1.1248, Rho=204.368866, Grad_norm=0.0049, Final_scale=2043.6887
🚀 APPLYING GUIDANCE at step 16 (timestep=864)
final_loss: 1.1245158910751343
🎯 GUIDANCE STEP 16 (t=864): Loss=1.1245, Rho=184.153778, Grad_norm=0.0054, Final_scale=1841.5378
🚀 APPLYING GUIDANCE at step 17 (timestep=853)
final_loss: 1.1242561340332031
🎯 GUIDANCE STEP 17 (t=853): Loss=1.1243, Rho=187.884781, Grad_norm=0.0053, Final_scale=1878.8478
🚀 APPLYING GUIDANCE at step 18 (timestep=841)
final_loss: 1.1252144575119019
🎯 GUIDANCE STEP 18 (t=841): Loss=1.1252, Rho=176.468857, Grad_norm=0.0057, Final_scale=1764.6886
🚀 APPLYING GUIDANCE at step 19 (timestep=829)
final_loss: 1.1239374876022339
🎯 GUIDANCE STEP 19 (t=829): Loss=1.1239, Rho=196.756882, Grad_norm=0.0051, Final_scale=1967.5688
🚀 APPLYING GUIDANCE at step 20 (timestep=817)
final_loss: 1.123374342918396
🎯 GUIDANCE STEP 20 (t=817): Loss=1.1234, Rho=196.436646, Grad_norm=0.0051, Final_scale=1964.3665
🚀 APPLYING GUIDANCE at step 21 (timestep=805)
final_loss: 1.1235536336898804
🎯 GUIDANCE STEP 21 (t=805): Loss=1.1236, Rho=197.458298, Grad_norm=0.0051, Final_scale=1974.5830
🚀 APPLYING GUIDANCE at step 22 (timestep=792)
final_loss: 1.1238282918930054
🎯 GUIDANCE STEP 22 (t=792): Loss=1.1238, Rho=196.388184, Grad_norm=0.0051, Final_scale=1963.8818
🚀 APPLYING GUIDANCE at step 23 (timestep=778)
final_loss: 1.1244237422943115
🎯 GUIDANCE STEP 23 (t=778): Loss=1.1244, Rho=204.431305, Grad_norm=0.0049, Final_scale=2044.3130
🚀 APPLYING GUIDANCE at step 24 (timestep=764)
final_loss: 1.1245100498199463
🎯 GUIDANCE STEP 24 (t=764): Loss=1.1245, Rho=240.512878, Grad_norm=0.0042, Final_scale=2405.1288
🚀 APPLYING GUIDANCE at step 25 (timestep=749)
final_loss: 1.1239776611328125
🎯 GUIDANCE STEP 25 (t=749): Loss=1.1240, Rho=294.879669, Grad_norm=0.0034, Final_scale=2948.7967
🚀 APPLYING GUIDANCE at step 26 (timestep=734)
final_loss: 1.1236571073532104
🎯 GUIDANCE STEP 26 (t=734): Loss=1.1237, Rho=375.671631, Grad_norm=0.0027, Final_scale=3756.7163
🚀 APPLYING GUIDANCE at step 27 (timestep=718)
final_loss: 1.1236461400985718
🎯 GUIDANCE STEP 27 (t=718): Loss=1.1236, Rho=247.425308, Grad_norm=0.0040, Final_scale=2474.2531
🚀 APPLYING GUIDANCE at step 28 (timestep=701)
final_loss: 1.1239700317382812
🎯 GUIDANCE STEP 28 (t=701): Loss=1.1240, Rho=256.925781, Grad_norm=0.0039, Final_scale=2569.2578
🚀 APPLYING GUIDANCE at step 29 (timestep=684)
final_loss: 1.1241884231567383
🎯 GUIDANCE STEP 29 (t=684): Loss=1.1242, Rho=266.507202, Grad_norm=0.0038, Final_scale=2665.0720
🚀 APPLYING GUIDANCE at step 30 (timestep=666)
final_loss: 1.1239134073257446
🎯 GUIDANCE STEP 30 (t=666): Loss=1.1239, Rho=335.168152, Grad_norm=0.0030, Final_scale=3351.6815
🚀 APPLYING GUIDANCE at step 31 (timestep=647)
final_loss: 1.1234525442123413
🎯 GUIDANCE STEP 31 (t=647): Loss=1.1235, Rho=326.833893, Grad_norm=0.0031, Final_scale=3268.3389
🚀 APPLYING GUIDANCE at step 32 (timestep=627)
final_loss: 1.1238322257995605
🎯 GUIDANCE STEP 32 (t=627): Loss=1.1238, Rho=334.001984, Grad_norm=0.0030, Final_scale=3340.0198
🚀 APPLYING GUIDANCE at step 33 (timestep=606)
final_loss: 1.1239429712295532
🎯 GUIDANCE STEP 33 (t=606): Loss=1.1239, Rho=403.757629, Grad_norm=0.0025, Final_scale=4037.5763
🚀 APPLYING GUIDANCE at step 34 (timestep=585)
final_loss: 1.123738169670105
🎯 GUIDANCE STEP 34 (t=585): Loss=1.1237, Rho=423.756226, Grad_norm=0.0024, Final_scale=4237.5623
🚀 APPLYING GUIDANCE at step 35 (timestep=562)
final_loss: 1.1230735778808594
🎯 GUIDANCE STEP 35 (t=562): Loss=1.1231, Rho=413.492615, Grad_norm=0.0024, Final_scale=4134.9261
🚀 APPLYING GUIDANCE at step 36 (timestep=538)
final_loss: 1.1230264902114868
🎯 GUIDANCE STEP 36 (t=538): Loss=1.1230, Rho=450.510712, Grad_norm=0.0022, Final_scale=4505.1071
🚀 APPLYING GUIDANCE at step 37 (timestep=512)
final_loss: 1.122672438621521
🎯 GUIDANCE STEP 37 (t=512): Loss=1.1227, Rho=406.518463, Grad_norm=0.0025, Final_scale=4065.1846
🚀 APPLYING GUIDANCE at step 38 (timestep=486)
final_loss: 1.1226662397384644
🎯 GUIDANCE STEP 38 (t=486): Loss=1.1227, Rho=497.565948, Grad_norm=0.0020, Final_scale=4975.6595
🚀 APPLYING GUIDANCE at step 39 (timestep=458)
final_loss: 1.1215332746505737
🎯 GUIDANCE STEP 39 (t=458): Loss=1.1215, Rho=463.030060, Grad_norm=0.0022, Final_scale=4630.3006
🚀 APPLYING GUIDANCE at step 40 (timestep=428)
final_loss: 1.1212564706802368
🎯 GUIDANCE STEP 40 (t=428): Loss=1.1213, Rho=590.087402, Grad_norm=0.0017, Final_scale=5900.8740
🚀 APPLYING GUIDANCE at step 41 (timestep=396)
final_loss: 1.120530366897583
🎯 GUIDANCE STEP 41 (t=396): Loss=1.1205, Rho=535.251770, Grad_norm=0.0019, Final_scale=5352.5177
🚀 APPLYING GUIDANCE at step 42 (timestep=363)
final_loss: 1.1200109720230103
🎯 GUIDANCE STEP 42 (t=363): Loss=1.1200, Rho=402.117828, Grad_norm=0.0025, Final_scale=4021.1783
🚀 APPLYING GUIDANCE at step 43 (timestep=327)
final_loss: 1.1193574666976929
🎯 GUIDANCE STEP 43 (t=327): Loss=1.1194, Rho=317.517273, Grad_norm=0.0031, Final_scale=3175.1727
🚀 APPLYING GUIDANCE at step 44 (timestep=290)
final_loss: 1.118891716003418
🎯 GUIDANCE STEP 44 (t=290): Loss=1.1189, Rho=443.052948, Grad_norm=0.0023, Final_scale=4430.5295
🚀 APPLYING GUIDANCE at step 45 (timestep=249)
final_loss: 1.1175466775894165
🎯 GUIDANCE STEP 45 (t=249): Loss=1.1175, Rho=389.856659, Grad_norm=0.0026, Final_scale=3898.5666
🚀 APPLYING GUIDANCE at step 46 (timestep=206)
final_loss: 1.1156290769577026
🎯 GUIDANCE STEP 46 (t=206): Loss=1.1156, Rho=489.872589, Grad_norm=0.0020, Final_scale=4898.7259
🚀 APPLYING GUIDANCE at step 47 (timestep=160)
final_loss: 1.111972689628601
🎯 GUIDANCE STEP 47 (t=160): Loss=1.1120, Rho=419.764374, Grad_norm=0.0024, Final_scale=4197.6437
🚀 APPLYING GUIDANCE at step 48 (timestep=111)
final_loss: 1.1087863445281982
🎯 GUIDANCE STEP 48 (t=111): Loss=1.1088, Rho=338.255157, Grad_norm=0.0030, Final_scale=3382.5516
🚀 APPLYING GUIDANCE at step 49 (timestep=57)
final_loss: 1.1026355028152466
🎯 GUIDANCE STEP 49 (t=57): Loss=1.1026, Rho=226.015274, Grad_norm=0.0044, Final_scale=2260.1527
[guidance_f33_s50_w16c8_rho10.0_cfg5.0torch] Generated: generated_videos/subject_consistency/guidance_f33_s50_w16c8_rho10.0_cfg5.0torch/a train speeding down the tracks.mp4
[guidance_f33_s50_w16c8_rho10.0_cfg5.0torch] Generating video 2/9 (guidance): a train crossing over a tall bridge
🎬 STARTING GUIDANCE PIPELINE GENERATION
   Frames: 33, Steps: 50, CFG Scale: 5.0

🔧 GUIDANCE PIPELINE CONFIGURATION:
   Guidance range: 0 - 1001
   Rho scale: 10.0
   V-JEPA kernel_size: 16
   V-JEPA context_length: 8
   V-JEPA stride: 2
   V-JEPA mode: max
   Total timesteps: 50

🚀 APPLYING GUIDANCE at step 0 (timestep=999)
final_loss: 1.1240400075912476
🎯 GUIDANCE STEP 0 (t=999): Loss=1.1240, Rho=119.681122, Grad_norm=0.0084, Final_scale=1196.8112
🚀 APPLYING GUIDANCE at step 1 (timestep=992)
final_loss: 1.1314066648483276
🎯 GUIDANCE STEP 1 (t=992): Loss=1.1314, Rho=91.254677, Grad_norm=0.0110, Final_scale=912.5468
🚀 APPLYING GUIDANCE at step 2 (timestep=985)
final_loss: 1.1220011711120605
🎯 GUIDANCE STEP 2 (t=985): Loss=1.1220, Rho=187.643570, Grad_norm=0.0053, Final_scale=1876.4357
🚀 APPLYING GUIDANCE at step 3 (timestep=978)
final_loss: 1.119799017906189
🎯 GUIDANCE STEP 3 (t=978): Loss=1.1198, Rho=280.517853, Grad_norm=0.0036, Final_scale=2805.1785
🚀 APPLYING GUIDANCE at step 4 (timestep=971)
final_loss: 1.1189186573028564
🎯 GUIDANCE STEP 4 (t=971): Loss=1.1189, Rho=457.699646, Grad_norm=0.0022, Final_scale=4576.9965
🚀 APPLYING GUIDANCE at step 5 (timestep=963)
final_loss: 1.117444634437561
🎯 GUIDANCE STEP 5 (t=963): Loss=1.1174, Rho=239.770828, Grad_norm=0.0042, Final_scale=2397.7083
🚀 APPLYING GUIDANCE at step 6 (timestep=956)
final_loss: 1.1180871725082397
🎯 GUIDANCE STEP 6 (t=956): Loss=1.1181, Rho=305.140472, Grad_norm=0.0033, Final_scale=3051.4047
🚀 APPLYING GUIDANCE at step 7 (timestep=948)
final_loss: 1.1181535720825195
🎯 GUIDANCE STEP 7 (t=948): Loss=1.1182, Rho=392.133759, Grad_norm=0.0026, Final_scale=3921.3376
🚀 APPLYING GUIDANCE at step 8 (timestep=939)
final_loss: 1.1180838346481323
🎯 GUIDANCE STEP 8 (t=939): Loss=1.1181, Rho=453.909149, Grad_norm=0.0022, Final_scale=4539.0915
🚀 APPLYING GUIDANCE at step 9 (timestep=931)
final_loss: 1.118495225906372
🎯 GUIDANCE STEP 9 (t=931): Loss=1.1185, Rho=440.496918, Grad_norm=0.0023, Final_scale=4404.9692
🚀 APPLYING GUIDANCE at step 10 (timestep=922)
final_loss: 1.1187164783477783
🎯 GUIDANCE STEP 10 (t=922): Loss=1.1187, Rho=347.209534, Grad_norm=0.0029, Final_scale=3472.0953
🚀 APPLYING GUIDANCE at step 11 (timestep=913)
final_loss: 1.1188719272613525
🎯 GUIDANCE STEP 11 (t=913): Loss=1.1189, Rho=629.307373, Grad_norm=0.0016, Final_scale=6293.0737
🚀 APPLYING GUIDANCE at step 12 (timestep=904)
final_loss: 1.1188039779663086
🎯 GUIDANCE STEP 12 (t=904): Loss=1.1188, Rho=479.311859, Grad_norm=0.0021, Final_scale=4793.1186
🚀 APPLYING GUIDANCE at step 13 (timestep=894)
final_loss: 1.1187717914581299
🎯 GUIDANCE STEP 13 (t=894): Loss=1.1188, Rho=580.036377, Grad_norm=0.0017, Final_scale=5800.3638
🚀 APPLYING GUIDANCE at step 14 (timestep=884)
final_loss: 1.1187046766281128
🎯 GUIDANCE STEP 14 (t=884): Loss=1.1187, Rho=608.394531, Grad_norm=0.0016, Final_scale=6083.9453
🚀 APPLYING GUIDANCE at step 15 (timestep=874)
final_loss: 1.1186259984970093
🎯 GUIDANCE STEP 15 (t=874): Loss=1.1186, Rho=802.356323, Grad_norm=0.0012, Final_scale=8023.5632
🚀 APPLYING GUIDANCE at step 16 (timestep=864)
final_loss: 1.1186312437057495
🎯 GUIDANCE STEP 16 (t=864): Loss=1.1186, Rho=600.375061, Grad_norm=0.0017, Final_scale=6003.7506
🚀 APPLYING GUIDANCE at step 17 (timestep=853)
final_loss: 1.118578553199768
🎯 GUIDANCE STEP 17 (t=853): Loss=1.1186, Rho=739.931641, Grad_norm=0.0014, Final_scale=7399.3164
🚀 APPLYING GUIDANCE at step 18 (timestep=841)
final_loss: 1.1187388896942139
🎯 GUIDANCE STEP 18 (t=841): Loss=1.1187, Rho=901.820007, Grad_norm=0.0011, Final_scale=9018.2001
🚀 APPLYING GUIDANCE at step 19 (timestep=829)
final_loss: 1.118526816368103
🎯 GUIDANCE STEP 19 (t=829): Loss=1.1185, Rho=858.938721, Grad_norm=0.0012, Final_scale=8589.3872
🚀 APPLYING GUIDANCE at step 20 (timestep=817)
final_loss: 1.1186212301254272
🎯 GUIDANCE STEP 20 (t=817): Loss=1.1186, Rho=840.423401, Grad_norm=0.0012, Final_scale=8404.2340
🚀 APPLYING GUIDANCE at step 21 (timestep=805)
final_loss: 1.1185648441314697
🎯 GUIDANCE STEP 21 (t=805): Loss=1.1186, Rho=866.860291, Grad_norm=0.0012, Final_scale=8668.6029
🚀 APPLYING GUIDANCE at step 22 (timestep=792)
final_loss: 1.1186846494674683
🎯 GUIDANCE STEP 22 (t=792): Loss=1.1187, Rho=954.090820, Grad_norm=0.0010, Final_scale=9540.9082
🚀 APPLYING GUIDANCE at step 23 (timestep=778)
final_loss: 1.1187498569488525
🎯 GUIDANCE STEP 23 (t=778): Loss=1.1187, Rho=1082.460938, Grad_norm=0.0009, Final_scale=10824.6094
🚀 APPLYING GUIDANCE at step 24 (timestep=764)
final_loss: 1.1187437772750854
🎯 GUIDANCE STEP 24 (t=764): Loss=1.1187, Rho=1100.107178, Grad_norm=0.0009, Final_scale=11001.0718
🚀 APPLYING GUIDANCE at step 25 (timestep=749)
final_loss: 1.1187822818756104
🎯 GUIDANCE STEP 25 (t=749): Loss=1.1188, Rho=928.513977, Grad_norm=0.0011, Final_scale=9285.1398
🚀 APPLYING GUIDANCE at step 26 (timestep=734)
final_loss: 1.1186517477035522
🎯 GUIDANCE STEP 26 (t=734): Loss=1.1187, Rho=1232.981201, Grad_norm=0.0008, Final_scale=12329.8120
🚀 APPLYING GUIDANCE at step 27 (timestep=718)
final_loss: 1.1189279556274414
🎯 GUIDANCE STEP 27 (t=718): Loss=1.1189, Rho=1304.482056, Grad_norm=0.0008, Final_scale=13044.8206
🚀 APPLYING GUIDANCE at step 28 (timestep=701)
final_loss: 1.118841528892517
🎯 GUIDANCE STEP 28 (t=701): Loss=1.1188, Rho=1085.969482, Grad_norm=0.0009, Final_scale=10859.6948
🚀 APPLYING GUIDANCE at step 29 (timestep=684)
final_loss: 1.1187664270401
🎯 GUIDANCE STEP 29 (t=684): Loss=1.1188, Rho=1594.676636, Grad_norm=0.0006, Final_scale=15946.7664
🚀 APPLYING GUIDANCE at step 30 (timestep=666)
final_loss: 1.118798851966858
🎯 GUIDANCE STEP 30 (t=666): Loss=1.1188, Rho=1177.832886, Grad_norm=0.0008, Final_scale=11778.3289
🚀 APPLYING GUIDANCE at step 31 (timestep=647)
final_loss: 1.118757963180542
🎯 GUIDANCE STEP 31 (t=647): Loss=1.1188, Rho=1505.873169, Grad_norm=0.0007, Final_scale=15058.7317
🚀 APPLYING GUIDANCE at step 32 (timestep=627)
final_loss: 1.118837594985962
🎯 GUIDANCE STEP 32 (t=627): Loss=1.1188, Rho=1240.426758, Grad_norm=0.0008, Final_scale=12404.2676
🚀 APPLYING GUIDANCE at step 33 (timestep=606)
final_loss: 1.1187899112701416
🎯 GUIDANCE STEP 33 (t=606): Loss=1.1188, Rho=1464.067993, Grad_norm=0.0007, Final_scale=14640.6799
🚀 APPLYING GUIDANCE at step 34 (timestep=585)
final_loss: 1.1188074350357056
🎯 GUIDANCE STEP 34 (t=585): Loss=1.1188, Rho=2081.386719, Grad_norm=0.0005, Final_scale=20813.8672
🚀 APPLYING GUIDANCE at step 35 (timestep=562)
final_loss: 1.1186894178390503
🎯 GUIDANCE STEP 35 (t=562): Loss=1.1187, Rho=1608.638306, Grad_norm=0.0006, Final_scale=16086.3831
🚀 APPLYING GUIDANCE at step 36 (timestep=538)
final_loss: 1.1186867952346802
🎯 GUIDANCE STEP 36 (t=538): Loss=1.1187, Rho=1941.595825, Grad_norm=0.0005, Final_scale=19415.9583
🚀 APPLYING GUIDANCE at step 37 (timestep=512)
final_loss: 1.1185953617095947
🎯 GUIDANCE STEP 37 (t=512): Loss=1.1186, Rho=2404.330078, Grad_norm=0.0004, Final_scale=24043.3008
🚀 APPLYING GUIDANCE at step 38 (timestep=486)
final_loss: 1.1187543869018555
🎯 GUIDANCE STEP 38 (t=486): Loss=1.1188, Rho=2297.491455, Grad_norm=0.0004, Final_scale=22974.9146
🚀 APPLYING GUIDANCE at step 39 (timestep=458)
final_loss: 1.118515133857727
🎯 GUIDANCE STEP 39 (t=458): Loss=1.1185, Rho=1982.216797, Grad_norm=0.0005, Final_scale=19822.1680
🚀 APPLYING GUIDANCE at step 40 (timestep=428)
final_loss: 1.1184145212173462
🎯 GUIDANCE STEP 40 (t=428): Loss=1.1184, Rho=2145.349854, Grad_norm=0.0005, Final_scale=21453.4985
🚀 APPLYING GUIDANCE at step 41 (timestep=396)
final_loss: 1.1185630559921265
🎯 GUIDANCE STEP 41 (t=396): Loss=1.1186, Rho=2503.157715, Grad_norm=0.0004, Final_scale=25031.5771
🚀 APPLYING GUIDANCE at step 42 (timestep=363)
final_loss: 1.1183617115020752
🎯 GUIDANCE STEP 42 (t=363): Loss=1.1184, Rho=2521.775635, Grad_norm=0.0004, Final_scale=25217.7563
🚀 APPLYING GUIDANCE at step 43 (timestep=327)
final_loss: 1.1184803247451782
🎯 GUIDANCE STEP 43 (t=327): Loss=1.1185, Rho=2954.141357, Grad_norm=0.0003, Final_scale=29541.4136
🚀 APPLYING GUIDANCE at step 44 (timestep=290)
final_loss: 1.1181391477584839
🎯 GUIDANCE STEP 44 (t=290): Loss=1.1181, Rho=2467.664795, Grad_norm=0.0004, Final_scale=24676.6479
🚀 APPLYING GUIDANCE at step 45 (timestep=249)
final_loss: 1.1181156635284424
🎯 GUIDANCE STEP 45 (t=249): Loss=1.1181, Rho=2727.669922, Grad_norm=0.0004, Final_scale=27276.6992
🚀 APPLYING GUIDANCE at step 46 (timestep=206)
final_loss: 1.1177047491073608
🎯 GUIDANCE STEP 46 (t=206): Loss=1.1177, Rho=1968.900391, Grad_norm=0.0005, Final_scale=19689.0039
🚀 APPLYING GUIDANCE at step 47 (timestep=160)
final_loss: 1.1178019046783447
🎯 GUIDANCE STEP 47 (t=160): Loss=1.1178, Rho=1511.685181, Grad_norm=0.0007, Final_scale=15116.8518
🚀 APPLYING GUIDANCE at step 48 (timestep=111)
final_loss: 1.117430567741394
🎯 GUIDANCE STEP 48 (t=111): Loss=1.1174, Rho=1942.697754, Grad_norm=0.0005, Final_scale=19426.9775
🚀 APPLYING GUIDANCE at step 49 (timestep=57)
final_loss: 1.1175099611282349
🎯 GUIDANCE STEP 49 (t=57): Loss=1.1175, Rho=1307.809082, Grad_norm=0.0008, Final_scale=13078.0908
[guidance_f33_s50_w16c8_rho10.0_cfg5.0torch] Generated: generated_videos/subject_consistency/guidance_f33_s50_w16c8_rho10.0_cfg5.0torch/a person swimming in ocean.mp4
[guidance_f33_s50_w16c8_rho10.0_cfg5.0torch] Generating video 2/9 (guidance): a person giving a presentation to a room full of colleagues
🎬 STARTING GUIDANCE PIPELINE GENERATION
   Frames: 33, Steps: 50, CFG Scale: 5.0

🔧 GUIDANCE PIPELINE CONFIGURATION:
   Guidance range: 0 - 1001
   Rho scale: 10.0
   V-JEPA kernel_size: 16
   V-JEPA context_length: 8
   V-JEPA stride: 2
   V-JEPA mode: max
   Total timesteps: 50

🚀 APPLYING GUIDANCE at step 0 (timestep=999)
final_loss: 1.1370471715927124
🎯 GUIDANCE STEP 0 (t=999): Loss=1.1370, Rho=149.892853, Grad_norm=0.0067, Final_scale=1498.9285
🚀 APPLYING GUIDANCE at step 1 (timestep=992)
final_loss: 1.1264981031417847
🎯 GUIDANCE STEP 1 (t=992): Loss=1.1265, Rho=158.564468, Grad_norm=0.0063, Final_scale=1585.6447
🚀 APPLYING GUIDANCE at step 2 (timestep=985)
final_loss: 1.1229557991027832
🎯 GUIDANCE STEP 2 (t=985): Loss=1.1230, Rho=150.355988, Grad_norm=0.0067, Final_scale=1503.5599
🚀 APPLYING GUIDANCE at step 3 (timestep=978)
final_loss: 1.1275018453598022
🎯 GUIDANCE STEP 3 (t=978): Loss=1.1275, Rho=128.973419, Grad_norm=0.0078, Final_scale=1289.7342
🚀 APPLYING GUIDANCE at step 4 (timestep=971)
final_loss: 1.122362494468689
🎯 GUIDANCE STEP 4 (t=971): Loss=1.1224, Rho=104.165176, Grad_norm=0.0096, Final_scale=1041.6518
🚀 APPLYING GUIDANCE at step 5 (timestep=963)
final_loss: 1.1240220069885254
🎯 GUIDANCE STEP 5 (t=963): Loss=1.1240, Rho=182.637253, Grad_norm=0.0055, Final_scale=1826.3725
🚀 APPLYING GUIDANCE at step 6 (timestep=956)
final_loss: 1.123467206954956
🎯 GUIDANCE STEP 6 (t=956): Loss=1.1235, Rho=199.341660, Grad_norm=0.0050, Final_scale=1993.4166
🚀 APPLYING GUIDANCE at step 7 (timestep=948)
final_loss: 1.1234267950057983
🎯 GUIDANCE STEP 7 (t=948): Loss=1.1234, Rho=208.718674, Grad_norm=0.0048, Final_scale=2087.1867
🚀 APPLYING GUIDANCE at step 8 (timestep=939)
final_loss: 1.123665690422058
🎯 GUIDANCE STEP 8 (t=939): Loss=1.1237, Rho=179.287918, Grad_norm=0.0056, Final_scale=1792.8792
🚀 APPLYING GUIDANCE at step 9 (timestep=931)
final_loss: 1.1240278482437134
🎯 GUIDANCE STEP 9 (t=931): Loss=1.1240, Rho=140.202957, Grad_norm=0.0071, Final_scale=1402.0296
🚀 APPLYING GUIDANCE at step 10 (timestep=922)
final_loss: 1.1260216236114502
🎯 GUIDANCE STEP 10 (t=922): Loss=1.1260, Rho=139.957428, Grad_norm=0.0071, Final_scale=1399.5743
🚀 APPLYING GUIDANCE at step 11 (timestep=913)
final_loss: 1.1249562501907349
🎯 GUIDANCE STEP 11 (t=913): Loss=1.1250, Rho=142.820023, Grad_norm=0.0070, Final_scale=1428.2002
🚀 APPLYING GUIDANCE at step 12 (timestep=904)
final_loss: 1.124860167503357
🎯 GUIDANCE STEP 12 (t=904): Loss=1.1249, Rho=153.438293, Grad_norm=0.0065, Final_scale=1534.3829
🚀 APPLYING GUIDANCE at step 13 (timestep=894)
final_loss: 1.1252219676971436
🎯 GUIDANCE STEP 13 (t=894): Loss=1.1252, Rho=133.150833, Grad_norm=0.0075, Final_scale=1331.5083
🚀 APPLYING GUIDANCE at step 14 (timestep=884)
final_loss: 1.1250666379928589
🎯 GUIDANCE STEP 14 (t=884): Loss=1.1251, Rho=162.344116, Grad_norm=0.0062, Final_scale=1623.4412
🚀 APPLYING GUIDANCE at step 15 (timestep=874)
final_loss: 1.124625563621521
🎯 GUIDANCE STEP 15 (t=874): Loss=1.1246, Rho=155.900879, Grad_norm=0.0064, Final_scale=1559.0088
🚀 APPLYING GUIDANCE at step 16 (timestep=864)
final_loss: 1.12424898147583
🎯 GUIDANCE STEP 16 (t=864): Loss=1.1242, Rho=190.556274, Grad_norm=0.0052, Final_scale=1905.5627
🚀 APPLYING GUIDANCE at step 17 (timestep=853)
final_loss: 1.1240665912628174
🎯 GUIDANCE STEP 17 (t=853): Loss=1.1241, Rho=234.339294, Grad_norm=0.0043, Final_scale=2343.3929
🚀 APPLYING GUIDANCE at step 18 (timestep=841)
final_loss: 1.1238301992416382
🎯 GUIDANCE STEP 18 (t=841): Loss=1.1238, Rho=254.995316, Grad_norm=0.0039, Final_scale=2549.9532
🚀 APPLYING GUIDANCE at step 19 (timestep=829)
final_loss: 1.1232308149337769
🎯 GUIDANCE STEP 19 (t=829): Loss=1.1232, Rho=327.584686, Grad_norm=0.0031, Final_scale=3275.8469
🚀 APPLYING GUIDANCE at step 20 (timestep=817)
final_loss: 1.1233434677124023
🎯 GUIDANCE STEP 20 (t=817): Loss=1.1233, Rho=331.916870, Grad_norm=0.0030, Final_scale=3319.1687
🚀 APPLYING GUIDANCE at step 21 (timestep=805)
final_loss: 1.123310923576355
🎯 GUIDANCE STEP 21 (t=805): Loss=1.1233, Rho=376.239868, Grad_norm=0.0027, Final_scale=3762.3987
🚀 APPLYING GUIDANCE at step 22 (timestep=792)
final_loss: 1.123821496963501
🎯 GUIDANCE STEP 22 (t=792): Loss=1.1238, Rho=386.186951, Grad_norm=0.0026, Final_scale=3861.8695
🚀 APPLYING GUIDANCE at step 23 (timestep=778)
final_loss: 1.1235655546188354
🎯 GUIDANCE STEP 23 (t=778): Loss=1.1236, Rho=345.682251, Grad_norm=0.0029, Final_scale=3456.8225
🚀 APPLYING GUIDANCE at step 24 (timestep=764)
final_loss: 1.1232393980026245
🎯 GUIDANCE STEP 24 (t=764): Loss=1.1232, Rho=356.493195, Grad_norm=0.0028, Final_scale=3564.9319
🚀 APPLYING GUIDANCE at step 25 (timestep=749)
final_loss: 1.12331223487854
🎯 GUIDANCE STEP 25 (t=749): Loss=1.1233, Rho=395.800415, Grad_norm=0.0025, Final_scale=3958.0042
🚀 APPLYING GUIDANCE at step 26 (timestep=734)
final_loss: 1.1230491399765015
🎯 GUIDANCE STEP 26 (t=734): Loss=1.1230, Rho=454.107635, Grad_norm=0.0022, Final_scale=4541.0764
🚀 APPLYING GUIDANCE at step 27 (timestep=718)
final_loss: 1.1225289106369019
🎯 GUIDANCE STEP 27 (t=718): Loss=1.1225, Rho=421.639160, Grad_norm=0.0024, Final_scale=4216.3916
🚀 APPLYING GUIDANCE at step 28 (timestep=701)
final_loss: 1.1221197843551636
🎯 GUIDANCE STEP 28 (t=701): Loss=1.1221, Rho=459.965698, Grad_norm=0.0022, Final_scale=4599.6570
🚀 APPLYING GUIDANCE at step 29 (timestep=684)
final_loss: 1.1218700408935547
🎯 GUIDANCE STEP 29 (t=684): Loss=1.1219, Rho=351.346924, Grad_norm=0.0028, Final_scale=3513.4692
🚀 APPLYING GUIDANCE at step 30 (timestep=666)
final_loss: 1.1219104528427124
🎯 GUIDANCE STEP 30 (t=666): Loss=1.1219, Rho=420.795105, Grad_norm=0.0024, Final_scale=4207.9510
🚀 APPLYING GUIDANCE at step 31 (timestep=647)
final_loss: 1.121299386024475
🎯 GUIDANCE STEP 31 (t=647): Loss=1.1213, Rho=439.294189, Grad_norm=0.0023, Final_scale=4392.9419
🚀 APPLYING GUIDANCE at step 32 (timestep=627)
final_loss: 1.1206178665161133
🎯 GUIDANCE STEP 32 (t=627): Loss=1.1206, Rho=431.689178, Grad_norm=0.0023, Final_scale=4316.8918
🚀 APPLYING GUIDANCE at step 33 (timestep=606)
final_loss: 1.1204833984375
🎯 GUIDANCE STEP 33 (t=606): Loss=1.1205, Rho=468.070221, Grad_norm=0.0021, Final_scale=4680.7022
🚀 APPLYING GUIDANCE at step 34 (timestep=585)
final_loss: 1.1200374364852905
🎯 GUIDANCE STEP 34 (t=585): Loss=1.1200, Rho=359.480377, Grad_norm=0.0028, Final_scale=3594.8038
🚀 APPLYING GUIDANCE at step 35 (timestep=562)
final_loss: 1.1199668645858765
🎯 GUIDANCE STEP 35 (t=562): Loss=1.1200, Rho=486.121246, Grad_norm=0.0021, Final_scale=4861.2125
🚀 APPLYING GUIDANCE at step 36 (timestep=538)
final_loss: 1.1192392110824585
🎯 GUIDANCE STEP 36 (t=538): Loss=1.1192, Rho=533.928894, Grad_norm=0.0019, Final_scale=5339.2889
🚀 APPLYING GUIDANCE at step 37 (timestep=512)
final_loss: 1.1187736988067627
🎯 GUIDANCE STEP 37 (t=512): Loss=1.1188, Rho=540.832947, Grad_norm=0.0018, Final_scale=5408.3295
🚀 APPLYING GUIDANCE at step 38 (timestep=486)
final_loss: 1.1181249618530273
🎯 GUIDANCE STEP 38 (t=486): Loss=1.1181, Rho=505.940918, Grad_norm=0.0020, Final_scale=5059.4092
🚀 APPLYING GUIDANCE at step 39 (timestep=458)
final_loss: 1.11747407913208
🎯 GUIDANCE STEP 39 (t=458): Loss=1.1175, Rho=541.890503, Grad_norm=0.0018, Final_scale=5418.9050
🚀 APPLYING GUIDANCE at step 40 (timestep=428)
final_loss: 1.1165283918380737
🎯 GUIDANCE STEP 40 (t=428): Loss=1.1165, Rho=523.132080, Grad_norm=0.0019, Final_scale=5231.3208
🚀 APPLYING GUIDANCE at step 41 (timestep=396)
final_loss: 1.1155143976211548
🎯 GUIDANCE STEP 41 (t=396): Loss=1.1155, Rho=593.066406, Grad_norm=0.0017, Final_scale=5930.6641
🚀 APPLYING GUIDANCE at step 42 (timestep=363)
final_loss: 1.1142295598983765
🎯 GUIDANCE STEP 42 (t=363): Loss=1.1142, Rho=619.443604, Grad_norm=0.0016, Final_scale=6194.4360
🚀 APPLYING GUIDANCE at step 43 (timestep=327)
final_loss: 1.1128677129745483
🎯 GUIDANCE STEP 43 (t=327): Loss=1.1129, Rho=645.042847, Grad_norm=0.0016, Final_scale=6450.4285
🚀 APPLYING GUIDANCE at step 44 (timestep=290)
final_loss: 1.1112531423568726
🎯 GUIDANCE STEP 44 (t=290): Loss=1.1113, Rho=680.549561, Grad_norm=0.0015, Final_scale=6805.4956
🚀 APPLYING GUIDANCE at step 45 (timestep=249)
final_loss: 1.1095497608184814
🎯 GUIDANCE STEP 45 (t=249): Loss=1.1095, Rho=707.820740, Grad_norm=0.0014, Final_scale=7078.2074
🚀 APPLYING GUIDANCE at step 46 (timestep=206)
final_loss: 1.1073622703552246
🎯 GUIDANCE STEP 46 (t=206): Loss=1.1074, Rho=700.035950, Grad_norm=0.0014, Final_scale=7000.3595
🚀 APPLYING GUIDANCE at step 47 (timestep=160)
final_loss: 1.1043336391448975
🎯 GUIDANCE STEP 47 (t=160): Loss=1.1043, Rho=654.173401, Grad_norm=0.0015, Final_scale=6541.7340
🚀 APPLYING GUIDANCE at step 48 (timestep=111)
final_loss: 1.0999764204025269
🎯 GUIDANCE STEP 48 (t=111): Loss=1.1000, Rho=621.083862, Grad_norm=0.0016, Final_scale=6210.8386
🚀 APPLYING GUIDANCE at step 49 (timestep=57)
final_loss: 1.092311978340149
🎯 GUIDANCE STEP 49 (t=57): Loss=1.0923, Rho=598.403992, Grad_norm=0.0017, Final_scale=5984.0399
[guidance_f33_s50_w16c8_rho10.0_cfg5.0torch] Generated: generated_videos/subject_consistency/guidance_f33_s50_w16c8_rho10.0_cfg5.0torch/a bicycle slowing down to stop.mp4
[guidance_f33_s50_w16c8_rho10.0_cfg5.0torch] Generating video 2/9 (guidance): a bicycle accelerating to gain speed
🎬 STARTING GUIDANCE PIPELINE GENERATION
   Frames: 33, Steps: 50, CFG Scale: 5.0

🔧 GUIDANCE PIPELINE CONFIGURATION:
   Guidance range: 0 - 1001
   Rho scale: 10.0
   V-JEPA kernel_size: 16
   V-JEPA context_length: 8
   V-JEPA stride: 2
   V-JEPA mode: max
   Total timesteps: 50

🚀 APPLYING GUIDANCE at step 0 (timestep=999)
final_loss: 1.1352132558822632
🎯 GUIDANCE STEP 0 (t=999): Loss=1.1352, Rho=54.981449, Grad_norm=0.0182, Final_scale=549.8145
🚀 APPLYING GUIDANCE at step 1 (timestep=992)
final_loss: 1.1110565662384033
🎯 GUIDANCE STEP 1 (t=992): Loss=1.1111, Rho=156.873306, Grad_norm=0.0064, Final_scale=1568.7331
🚀 APPLYING GUIDANCE at step 2 (timestep=985)
final_loss: 1.108986258506775
🎯 GUIDANCE STEP 2 (t=985): Loss=1.1090, Rho=397.940857, Grad_norm=0.0025, Final_scale=3979.4086
🚀 APPLYING GUIDANCE at step 3 (timestep=978)
final_loss: 1.1121726036071777
🎯 GUIDANCE STEP 3 (t=978): Loss=1.1122, Rho=205.916061, Grad_norm=0.0049, Final_scale=2059.1606
🚀 APPLYING GUIDANCE at step 4 (timestep=971)
final_loss: 1.1100014448165894
🎯 GUIDANCE STEP 4 (t=971): Loss=1.1100, Rho=747.035156, Grad_norm=0.0013, Final_scale=7470.3516
🚀 APPLYING GUIDANCE at step 5 (timestep=963)
final_loss: 1.1095430850982666
🎯 GUIDANCE STEP 5 (t=963): Loss=1.1095, Rho=763.939453, Grad_norm=0.0013, Final_scale=7639.3945
🚀 APPLYING GUIDANCE at step 6 (timestep=956)
final_loss: 1.109734296798706
🎯 GUIDANCE STEP 6 (t=956): Loss=1.1097, Rho=863.716248, Grad_norm=0.0012, Final_scale=8637.1625
🚀 APPLYING GUIDANCE at step 7 (timestep=948)
final_loss: 1.1099783182144165
🎯 GUIDANCE STEP 7 (t=948): Loss=1.1100, Rho=653.776001, Grad_norm=0.0015, Final_scale=6537.7600
🚀 APPLYING GUIDANCE at step 8 (timestep=939)
final_loss: 1.109958529472351
🎯 GUIDANCE STEP 8 (t=939): Loss=1.1100, Rho=972.934509, Grad_norm=0.0010, Final_scale=9729.3451
🚀 APPLYING GUIDANCE at step 9 (timestep=931)
final_loss: 1.1100627183914185
🎯 GUIDANCE STEP 9 (t=931): Loss=1.1101, Rho=896.273682, Grad_norm=0.0011, Final_scale=8962.7368
🚀 APPLYING GUIDANCE at step 10 (timestep=922)
final_loss: 1.1103308200836182
🎯 GUIDANCE STEP 10 (t=922): Loss=1.1103, Rho=894.191406, Grad_norm=0.0011, Final_scale=8941.9141
🚀 APPLYING GUIDANCE at step 11 (timestep=913)
final_loss: 1.1103700399398804
🎯 GUIDANCE STEP 11 (t=913): Loss=1.1104, Rho=1350.581177, Grad_norm=0.0007, Final_scale=13505.8118
🚀 APPLYING GUIDANCE at step 12 (timestep=904)
final_loss: 1.110019326210022
🎯 GUIDANCE STEP 12 (t=904): Loss=1.1100, Rho=1380.191650, Grad_norm=0.0007, Final_scale=13801.9165
🚀 APPLYING GUIDANCE at step 13 (timestep=894)
final_loss: 1.1100547313690186
🎯 GUIDANCE STEP 13 (t=894): Loss=1.1101, Rho=1455.980835, Grad_norm=0.0007, Final_scale=14559.8083
🚀 APPLYING GUIDANCE at step 14 (timestep=884)
final_loss: 1.1100362539291382
🎯 GUIDANCE STEP 14 (t=884): Loss=1.1100, Rho=1736.730225, Grad_norm=0.0006, Final_scale=17367.3022
🚀 APPLYING GUIDANCE at step 15 (timestep=874)
final_loss: 1.1099706888198853
🎯 GUIDANCE STEP 15 (t=874): Loss=1.1100, Rho=1506.625977, Grad_norm=0.0007, Final_scale=15066.2598
🚀 APPLYING GUIDANCE at step 16 (timestep=864)
final_loss: 1.1101982593536377
🎯 GUIDANCE STEP 16 (t=864): Loss=1.1102, Rho=1728.023682, Grad_norm=0.0006, Final_scale=17280.2368
🚀 APPLYING GUIDANCE at step 17 (timestep=853)
final_loss: 1.1099480390548706
🎯 GUIDANCE STEP 17 (t=853): Loss=1.1099, Rho=2068.106201, Grad_norm=0.0005, Final_scale=20681.0620
🚀 APPLYING GUIDANCE at step 18 (timestep=841)
final_loss: 1.1104048490524292
🎯 GUIDANCE STEP 18 (t=841): Loss=1.1104, Rho=1919.477295, Grad_norm=0.0005, Final_scale=19194.7729
🚀 APPLYING GUIDANCE at step 19 (timestep=829)
final_loss: 1.110229253768921
🎯 GUIDANCE STEP 19 (t=829): Loss=1.1102, Rho=1999.888184, Grad_norm=0.0005, Final_scale=19998.8818
🚀 APPLYING GUIDANCE at step 20 (timestep=817)
final_loss: 1.110210657119751
🎯 GUIDANCE STEP 20 (t=817): Loss=1.1102, Rho=2027.337280, Grad_norm=0.0005, Final_scale=20273.3728
🚀 APPLYING GUIDANCE at step 21 (timestep=805)
final_loss: 1.1102830171585083
🎯 GUIDANCE STEP 21 (t=805): Loss=1.1103, Rho=2015.558105, Grad_norm=0.0005, Final_scale=20155.5811
🚀 APPLYING GUIDANCE at step 22 (timestep=792)
final_loss: 1.1103508472442627
🎯 GUIDANCE STEP 22 (t=792): Loss=1.1104, Rho=2041.508179, Grad_norm=0.0005, Final_scale=20415.0818
🚀 APPLYING GUIDANCE at step 23 (timestep=778)
final_loss: 1.1102710962295532
🎯 GUIDANCE STEP 23 (t=778): Loss=1.1103, Rho=1868.390259, Grad_norm=0.0005, Final_scale=18683.9026
🚀 APPLYING GUIDANCE at step 24 (timestep=764)
final_loss: 1.1103280782699585
🎯 GUIDANCE STEP 24 (t=764): Loss=1.1103, Rho=1933.284424, Grad_norm=0.0005, Final_scale=19332.8442
🚀 APPLYING GUIDANCE at step 25 (timestep=749)
final_loss: 1.1104300022125244
🎯 GUIDANCE STEP 25 (t=749): Loss=1.1104, Rho=1903.256348, Grad_norm=0.0005, Final_scale=19032.5635
🚀 APPLYING GUIDANCE at step 26 (timestep=734)
final_loss: 1.110283613204956
🎯 GUIDANCE STEP 26 (t=734): Loss=1.1103, Rho=2166.599121, Grad_norm=0.0005, Final_scale=21665.9912
🚀 APPLYING GUIDANCE at step 27 (timestep=718)
final_loss: 1.1102547645568848
🎯 GUIDANCE STEP 27 (t=718): Loss=1.1103, Rho=2127.208008, Grad_norm=0.0005, Final_scale=21272.0801
🚀 APPLYING GUIDANCE at step 28 (timestep=701)
final_loss: 1.1102261543273926
🎯 GUIDANCE STEP 28 (t=701): Loss=1.1102, Rho=2094.012939, Grad_norm=0.0005, Final_scale=20940.1294
🚀 APPLYING GUIDANCE at step 29 (timestep=684)
final_loss: 1.1100800037384033
🎯 GUIDANCE STEP 29 (t=684): Loss=1.1101, Rho=2153.334473, Grad_norm=0.0005, Final_scale=21533.3447
🚀 APPLYING GUIDANCE at step 30 (timestep=666)
final_loss: 1.1101833581924438
🎯 GUIDANCE STEP 30 (t=666): Loss=1.1102, Rho=2189.387695, Grad_norm=0.0005, Final_scale=21893.8770
🚀 APPLYING GUIDANCE at step 31 (timestep=647)
final_loss: 1.1100841760635376
🎯 GUIDANCE STEP 31 (t=647): Loss=1.1101, Rho=2013.612915, Grad_norm=0.0005, Final_scale=20136.1292
🚀 APPLYING GUIDANCE at step 32 (timestep=627)
final_loss: 1.1100033521652222
🎯 GUIDANCE STEP 32 (t=627): Loss=1.1100, Rho=1945.007812, Grad_norm=0.0005, Final_scale=19450.0781
🚀 APPLYING GUIDANCE at step 33 (timestep=606)
final_loss: 1.1099445819854736
🎯 GUIDANCE STEP 33 (t=606): Loss=1.1099, Rho=2144.973389, Grad_norm=0.0005, Final_scale=21449.7339
🚀 APPLYING GUIDANCE at step 34 (timestep=585)
final_loss: 1.1097545623779297
🎯 GUIDANCE STEP 34 (t=585): Loss=1.1098, Rho=2132.038818, Grad_norm=0.0005, Final_scale=21320.3882
🚀 APPLYING GUIDANCE at step 35 (timestep=562)
final_loss: 1.1096833944320679
🎯 GUIDANCE STEP 35 (t=562): Loss=1.1097, Rho=2038.620728, Grad_norm=0.0005, Final_scale=20386.2073
🚀 APPLYING GUIDANCE at step 36 (timestep=538)
final_loss: 1.1095051765441895
🎯 GUIDANCE STEP 36 (t=538): Loss=1.1095, Rho=2204.420898, Grad_norm=0.0005, Final_scale=22044.2090
🚀 APPLYING GUIDANCE at step 37 (timestep=512)
final_loss: 1.1093721389770508
🎯 GUIDANCE STEP 37 (t=512): Loss=1.1094, Rho=2148.440674, Grad_norm=0.0005, Final_scale=21484.4067
🚀 APPLYING GUIDANCE at step 38 (timestep=486)
final_loss: 1.1093475818634033
🎯 GUIDANCE STEP 38 (t=486): Loss=1.1093, Rho=2077.192627, Grad_norm=0.0005, Final_scale=20771.9263
🚀 APPLYING GUIDANCE at step 39 (timestep=458)
final_loss: 1.108981966972351
🎯 GUIDANCE STEP 39 (t=458): Loss=1.1090, Rho=2212.469727, Grad_norm=0.0005, Final_scale=22124.6973
🚀 APPLYING GUIDANCE at step 40 (timestep=428)
final_loss: 1.108847975730896
🎯 GUIDANCE STEP 40 (t=428): Loss=1.1088, Rho=2021.864746, Grad_norm=0.0005, Final_scale=20218.6475
🚀 APPLYING GUIDANCE at step 41 (timestep=396)
final_loss: 1.1086066961288452
🎯 GUIDANCE STEP 41 (t=396): Loss=1.1086, Rho=2212.287598, Grad_norm=0.0005, Final_scale=22122.8760
🚀 APPLYING GUIDANCE at step 42 (timestep=363)
final_loss: 1.1083074808120728
🎯 GUIDANCE STEP 42 (t=363): Loss=1.1083, Rho=2201.223389, Grad_norm=0.0005, Final_scale=22012.2339
🚀 APPLYING GUIDANCE at step 43 (timestep=327)
final_loss: 1.1079566478729248
🎯 GUIDANCE STEP 43 (t=327): Loss=1.1080, Rho=2289.362549, Grad_norm=0.0004, Final_scale=22893.6255
🚀 APPLYING GUIDANCE at step 44 (timestep=290)
final_loss: 1.1074615716934204
🎯 GUIDANCE STEP 44 (t=290): Loss=1.1075, Rho=2053.971680, Grad_norm=0.0005, Final_scale=20539.7168
🚀 APPLYING GUIDANCE at step 45 (timestep=249)
final_loss: 1.1070785522460938
🎯 GUIDANCE STEP 45 (t=249): Loss=1.1071, Rho=2142.477783, Grad_norm=0.0005, Final_scale=21424.7778
🚀 APPLYING GUIDANCE at step 46 (timestep=206)
final_loss: 1.106361746788025
🎯 GUIDANCE STEP 46 (t=206): Loss=1.1064, Rho=2104.847656, Grad_norm=0.0005, Final_scale=21048.4766
🚀 APPLYING GUIDANCE at step 47 (timestep=160)
final_loss: 1.1054376363754272
🎯 GUIDANCE STEP 47 (t=160): Loss=1.1054, Rho=1849.868042, Grad_norm=0.0005, Final_scale=18498.6804
🚀 APPLYING GUIDANCE at step 48 (timestep=111)
final_loss: 1.104274034500122
🎯 GUIDANCE STEP 48 (t=111): Loss=1.1043, Rho=1674.455444, Grad_norm=0.0006, Final_scale=16744.5544
🚀 APPLYING GUIDANCE at step 49 (timestep=57)
final_loss: 1.1020780801773071
🎯 GUIDANCE STEP 49 (t=57): Loss=1.1021, Rho=1322.002075, Grad_norm=0.0008, Final_scale=13220.0208
[guidance_f33_s50_w16c8_rho10.0_cfg5.0torch] Generated: generated_videos/subject_consistency/guidance_f33_s50_w16c8_rho10.0_cfg5.0torch/a bear sniffing the air for scents of food.mp4
[guidance_f33_s50_w16c8_rho10.0_cfg5.0torch] Generating video 2/9 (guidance): a bear climbing a tree
🎬 STARTING GUIDANCE PIPELINE GENERATION
   Frames: 33, Steps: 50, CFG Scale: 5.0

🔧 GUIDANCE PIPELINE CONFIGURATION:
   Guidance range: 0 - 1001
   Rho scale: 10.0
   V-JEPA kernel_size: 16
   V-JEPA context_length: 8
   V-JEPA stride: 2
   V-JEPA mode: max
   Total timesteps: 50

🚀 APPLYING GUIDANCE at step 0 (timestep=999)
final_loss: 1.1446313858032227
🎯 GUIDANCE STEP 0 (t=999): Loss=1.1446, Rho=112.383545, Grad_norm=0.0089, Final_scale=1123.8354
🚀 APPLYING GUIDANCE at step 1 (timestep=992)
final_loss: 1.1412509679794312
🎯 GUIDANCE STEP 1 (t=992): Loss=1.1413, Rho=66.526390, Grad_norm=0.0150, Final_scale=665.2639
🚀 APPLYING GUIDANCE at step 2 (timestep=985)
final_loss: 1.1444343328475952
🎯 GUIDANCE STEP 2 (t=985): Loss=1.1444, Rho=242.997421, Grad_norm=0.0041, Final_scale=2429.9742
🚀 APPLYING GUIDANCE at step 3 (timestep=978)
final_loss: 1.1422420740127563
🎯 GUIDANCE STEP 3 (t=978): Loss=1.1422, Rho=232.529251, Grad_norm=0.0043, Final_scale=2325.2925
🚀 APPLYING GUIDANCE at step 4 (timestep=971)
final_loss: 1.1386080980300903
🎯 GUIDANCE STEP 4 (t=971): Loss=1.1386, Rho=493.346924, Grad_norm=0.0020, Final_scale=4933.4692
🚀 APPLYING GUIDANCE at step 5 (timestep=963)
final_loss: 1.1388977766036987
🎯 GUIDANCE STEP 5 (t=963): Loss=1.1389, Rho=451.489563, Grad_norm=0.0022, Final_scale=4514.8956
🚀 APPLYING GUIDANCE at step 6 (timestep=956)
final_loss: 1.1391457319259644
🎯 GUIDANCE STEP 6 (t=956): Loss=1.1391, Rho=572.450806, Grad_norm=0.0017, Final_scale=5724.5081
🚀 APPLYING GUIDANCE at step 7 (timestep=948)
final_loss: 1.139082908630371
🎯 GUIDANCE STEP 7 (t=948): Loss=1.1391, Rho=724.541443, Grad_norm=0.0014, Final_scale=7245.4144
🚀 APPLYING GUIDANCE at step 8 (timestep=939)
final_loss: 1.1391247510910034
🎯 GUIDANCE STEP 8 (t=939): Loss=1.1391, Rho=836.249939, Grad_norm=0.0012, Final_scale=8362.4994
🚀 APPLYING GUIDANCE at step 9 (timestep=931)
final_loss: 1.1390446424484253
🎯 GUIDANCE STEP 9 (t=931): Loss=1.1390, Rho=847.446045, Grad_norm=0.0012, Final_scale=8474.4604
🚀 APPLYING GUIDANCE at step 10 (timestep=922)
final_loss: 1.138946533203125
🎯 GUIDANCE STEP 10 (t=922): Loss=1.1389, Rho=789.871948, Grad_norm=0.0013, Final_scale=7898.7195
🚀 APPLYING GUIDANCE at step 11 (timestep=913)
final_loss: 1.139109492301941
🎯 GUIDANCE STEP 11 (t=913): Loss=1.1391, Rho=1099.905396, Grad_norm=0.0009, Final_scale=10999.0540
🚀 APPLYING GUIDANCE at step 12 (timestep=904)
final_loss: 1.1391152143478394
🎯 GUIDANCE STEP 12 (t=904): Loss=1.1391, Rho=1291.890991, Grad_norm=0.0008, Final_scale=12918.9099
🚀 APPLYING GUIDANCE at step 13 (timestep=894)
final_loss: 1.1391929388046265
🎯 GUIDANCE STEP 13 (t=894): Loss=1.1392, Rho=1427.411011, Grad_norm=0.0007, Final_scale=14274.1101
🚀 APPLYING GUIDANCE at step 14 (timestep=884)
final_loss: 1.139242172241211
🎯 GUIDANCE STEP 14 (t=884): Loss=1.1392, Rho=1358.332153, Grad_norm=0.0007, Final_scale=13583.3215
🚀 APPLYING GUIDANCE at step 15 (timestep=874)
final_loss: 1.139140009880066
🎯 GUIDANCE STEP 15 (t=874): Loss=1.1391, Rho=1434.005005, Grad_norm=0.0007, Final_scale=14340.0500
🚀 APPLYING GUIDANCE at step 16 (timestep=864)
final_loss: 1.1391286849975586
🎯 GUIDANCE STEP 16 (t=864): Loss=1.1391, Rho=1518.208374, Grad_norm=0.0007, Final_scale=15182.0837
🚀 APPLYING GUIDANCE at step 17 (timestep=853)
final_loss: 1.1391533613204956
🎯 GUIDANCE STEP 17 (t=853): Loss=1.1392, Rho=1678.837646, Grad_norm=0.0006, Final_scale=16788.3765
🚀 APPLYING GUIDANCE at step 18 (timestep=841)
final_loss: 1.1391032934188843
🎯 GUIDANCE STEP 18 (t=841): Loss=1.1391, Rho=1653.316406, Grad_norm=0.0006, Final_scale=16533.1641
🚀 APPLYING GUIDANCE at step 19 (timestep=829)
final_loss: 1.139227271080017
🎯 GUIDANCE STEP 19 (t=829): Loss=1.1392, Rho=1758.338135, Grad_norm=0.0006, Final_scale=17583.3813
🚀 APPLYING GUIDANCE at step 20 (timestep=817)
final_loss: 1.1390469074249268
🎯 GUIDANCE STEP 20 (t=817): Loss=1.1390, Rho=1732.085938, Grad_norm=0.0006, Final_scale=17320.8594
🚀 APPLYING GUIDANCE at step 21 (timestep=805)
final_loss: 1.138999581336975
🎯 GUIDANCE STEP 21 (t=805): Loss=1.1390, Rho=1786.622559, Grad_norm=0.0006, Final_scale=17866.2256
🚀 APPLYING GUIDANCE at step 22 (timestep=792)
final_loss: 1.1388648748397827
🎯 GUIDANCE STEP 22 (t=792): Loss=1.1389, Rho=1891.906860, Grad_norm=0.0005, Final_scale=18919.0686
🚀 APPLYING GUIDANCE at step 23 (timestep=778)
final_loss: 1.1388647556304932
🎯 GUIDANCE STEP 23 (t=778): Loss=1.1389, Rho=1853.869385, Grad_norm=0.0005, Final_scale=18538.6938
🚀 APPLYING GUIDANCE at step 24 (timestep=764)
final_loss: 1.1388262510299683
🎯 GUIDANCE STEP 24 (t=764): Loss=1.1388, Rho=2019.554443, Grad_norm=0.0005, Final_scale=20195.5444
🚀 APPLYING GUIDANCE at step 25 (timestep=749)
final_loss: 1.1387256383895874
🎯 GUIDANCE STEP 25 (t=749): Loss=1.1387, Rho=2445.667969, Grad_norm=0.0004, Final_scale=24456.6797
🚀 APPLYING GUIDANCE at step 26 (timestep=734)
final_loss: 1.1386674642562866
🎯 GUIDANCE STEP 26 (t=734): Loss=1.1387, Rho=2513.520752, Grad_norm=0.0004, Final_scale=25135.2075
🚀 APPLYING GUIDANCE at step 27 (timestep=718)
final_loss: 1.1387187242507935
🎯 GUIDANCE STEP 27 (t=718): Loss=1.1387, Rho=2666.684082, Grad_norm=0.0004, Final_scale=26666.8408
🚀 APPLYING GUIDANCE at step 28 (timestep=701)
final_loss: 1.13861083984375
🎯 GUIDANCE STEP 28 (t=701): Loss=1.1386, Rho=2482.815186, Grad_norm=0.0004, Final_scale=24828.1519
🚀 APPLYING GUIDANCE at step 29 (timestep=684)
final_loss: 1.1385202407836914
🎯 GUIDANCE STEP 29 (t=684): Loss=1.1385, Rho=3056.597900, Grad_norm=0.0003, Final_scale=30565.9790
🚀 APPLYING GUIDANCE at step 30 (timestep=666)
final_loss: 1.1385414600372314
🎯 GUIDANCE STEP 30 (t=666): Loss=1.1385, Rho=3229.593506, Grad_norm=0.0003, Final_scale=32295.9351
🚀 APPLYING GUIDANCE at step 31 (timestep=647)
final_loss: 1.138489007949829
🎯 GUIDANCE STEP 31 (t=647): Loss=1.1385, Rho=3164.834961, Grad_norm=0.0003, Final_scale=31648.3496
🚀 APPLYING GUIDANCE at step 32 (timestep=627)
final_loss: 1.1384074687957764
🎯 GUIDANCE STEP 32 (t=627): Loss=1.1384, Rho=3541.682373, Grad_norm=0.0003, Final_scale=35416.8237
🚀 APPLYING GUIDANCE at step 33 (timestep=606)
final_loss: 1.1383593082427979
🎯 GUIDANCE STEP 33 (t=606): Loss=1.1384, Rho=1724.324341, Grad_norm=0.0006, Final_scale=17243.2434
🚀 APPLYING GUIDANCE at step 34 (timestep=585)
final_loss: 1.138312578201294
🎯 GUIDANCE STEP 34 (t=585): Loss=1.1383, Rho=3626.960205, Grad_norm=0.0003, Final_scale=36269.6021
🚀 APPLYING GUIDANCE at step 35 (timestep=562)
final_loss: 1.138251543045044
🎯 GUIDANCE STEP 35 (t=562): Loss=1.1383, Rho=3760.893311, Grad_norm=0.0003, Final_scale=37608.9331
🚀 APPLYING GUIDANCE at step 36 (timestep=538)
final_loss: 1.138205885887146
🎯 GUIDANCE STEP 36 (t=538): Loss=1.1382, Rho=4057.465576, Grad_norm=0.0002, Final_scale=40574.6558
🚀 APPLYING GUIDANCE at step 37 (timestep=512)
final_loss: 1.1381419897079468
🎯 GUIDANCE STEP 37 (t=512): Loss=1.1381, Rho=2325.268799, Grad_norm=0.0004, Final_scale=23252.6880
🚀 APPLYING GUIDANCE at step 38 (timestep=486)
final_loss: 1.1381126642227173
🎯 GUIDANCE STEP 38 (t=486): Loss=1.1381, Rho=4194.217773, Grad_norm=0.0002, Final_scale=41942.1777
🚀 APPLYING GUIDANCE at step 39 (timestep=458)
final_loss: 1.1380459070205688
🎯 GUIDANCE STEP 39 (t=458): Loss=1.1380, Rho=4409.367188, Grad_norm=0.0002, Final_scale=44093.6719
🚀 APPLYING GUIDANCE at step 40 (timestep=428)
final_loss: 1.1379855871200562
🎯 GUIDANCE STEP 40 (t=428): Loss=1.1380, Rho=5222.054688, Grad_norm=0.0002, Final_scale=52220.5469
🚀 APPLYING GUIDANCE at step 41 (timestep=396)
final_loss: 1.1378110647201538
🎯 GUIDANCE STEP 41 (t=396): Loss=1.1378, Rho=4709.452637, Grad_norm=0.0002, Final_scale=47094.5264
🚀 APPLYING GUIDANCE at step 42 (timestep=363)
final_loss: 1.1376574039459229
🎯 GUIDANCE STEP 42 (t=363): Loss=1.1377, Rho=4748.864258, Grad_norm=0.0002, Final_scale=47488.6426
🚀 APPLYING GUIDANCE at step 43 (timestep=327)
final_loss: 1.137602686882019
🎯 GUIDANCE STEP 43 (t=327): Loss=1.1376, Rho=5014.074707, Grad_norm=0.0002, Final_scale=50140.7471
🚀 APPLYING GUIDANCE at step 44 (timestep=290)
final_loss: 1.1374231576919556
🎯 GUIDANCE STEP 44 (t=290): Loss=1.1374, Rho=4513.764160, Grad_norm=0.0002, Final_scale=45137.6416
🚀 APPLYING GUIDANCE at step 45 (timestep=249)
final_loss: 1.1373023986816406
🎯 GUIDANCE STEP 45 (t=249): Loss=1.1373, Rho=4627.306152, Grad_norm=0.0002, Final_scale=46273.0615
🚀 APPLYING GUIDANCE at step 46 (timestep=206)
final_loss: 1.1370689868927002
🎯 GUIDANCE STEP 46 (t=206): Loss=1.1371, Rho=2948.558594, Grad_norm=0.0003, Final_scale=29485.5859
🚀 APPLYING GUIDANCE at step 47 (timestep=160)
final_loss: 1.1369699239730835
🎯 GUIDANCE STEP 47 (t=160): Loss=1.1370, Rho=3633.703369, Grad_norm=0.0003, Final_scale=36337.0337
🚀 APPLYING GUIDANCE at step 48 (timestep=111)
final_loss: 1.1363686323165894
🎯 GUIDANCE STEP 48 (t=111): Loss=1.1364, Rho=3539.295166, Grad_norm=0.0003, Final_scale=35392.9517
🚀 APPLYING GUIDANCE at step 49 (timestep=57)
final_loss: 1.135588526725769
🎯 GUIDANCE STEP 49 (t=57): Loss=1.1356, Rho=3052.307617, Grad_norm=0.0003, Final_scale=30523.0762
[guidance_f33_s50_w16c8_rho10.0_cfg5.0torch] Generated: generated_videos/subject_consistency/guidance_f33_s50_w16c8_rho10.0_cfg5.0torch/a sheep taking a peaceful walk.mp4
[guidance_f33_s50_w16c8_rho10.0_cfg5.0torch] Generating video 2/9 (guidance): a sheep running to join a herd of its kind
🎬 STARTING GUIDANCE PIPELINE GENERATION
   Frames: 33, Steps: 50, CFG Scale: 5.0

🔧 GUIDANCE PIPELINE CONFIGURATION:
   Guidance range: 0 - 1001
   Rho scale: 10.0
   V-JEPA kernel_size: 16
   V-JEPA context_length: 8
   V-JEPA stride: 2
   V-JEPA mode: max
   Total timesteps: 50

🚀 APPLYING GUIDANCE at step 0 (timestep=999)
final_loss: 1.092248797416687
🎯 GUIDANCE STEP 0 (t=999): Loss=1.0922, Rho=125.183182, Grad_norm=0.0080, Final_scale=1251.8318
🚀 APPLYING GUIDANCE at step 1 (timestep=992)
final_loss: 1.1196807622909546
🎯 GUIDANCE STEP 1 (t=992): Loss=1.1197, Rho=56.093983, Grad_norm=0.0178, Final_scale=560.9398
🚀 APPLYING GUIDANCE at step 2 (timestep=985)
final_loss: 1.1405792236328125
🎯 GUIDANCE STEP 2 (t=985): Loss=1.1406, Rho=139.088440, Grad_norm=0.0072, Final_scale=1390.8844
🚀 APPLYING GUIDANCE at step 3 (timestep=978)
final_loss: 1.141915202140808
🎯 GUIDANCE STEP 3 (t=978): Loss=1.1419, Rho=181.485153, Grad_norm=0.0055, Final_scale=1814.8515
🚀 APPLYING GUIDANCE at step 4 (timestep=971)
final_loss: 1.1417102813720703
🎯 GUIDANCE STEP 4 (t=971): Loss=1.1417, Rho=281.635376, Grad_norm=0.0036, Final_scale=2816.3538
🚀 APPLYING GUIDANCE at step 5 (timestep=963)
final_loss: 1.1396406888961792
🎯 GUIDANCE STEP 5 (t=963): Loss=1.1396, Rho=269.085754, Grad_norm=0.0037, Final_scale=2690.8575
🚀 APPLYING GUIDANCE at step 6 (timestep=956)
final_loss: 1.1388171911239624
🎯 GUIDANCE STEP 6 (t=956): Loss=1.1388, Rho=256.297699, Grad_norm=0.0039, Final_scale=2562.9770
🚀 APPLYING GUIDANCE at step 7 (timestep=948)
final_loss: 1.1379810571670532
🎯 GUIDANCE STEP 7 (t=948): Loss=1.1380, Rho=183.384811, Grad_norm=0.0055, Final_scale=1833.8481
🚀 APPLYING GUIDANCE at step 8 (timestep=939)
final_loss: 1.1391520500183105
🎯 GUIDANCE STEP 8 (t=939): Loss=1.1392, Rho=304.236481, Grad_norm=0.0033, Final_scale=3042.3648
🚀 APPLYING GUIDANCE at step 9 (timestep=931)
final_loss: 1.1395220756530762
🎯 GUIDANCE STEP 9 (t=931): Loss=1.1395, Rho=290.077179, Grad_norm=0.0034, Final_scale=2900.7718
🚀 APPLYING GUIDANCE at step 10 (timestep=922)
final_loss: 1.1394703388214111
🎯 GUIDANCE STEP 10 (t=922): Loss=1.1395, Rho=317.716919, Grad_norm=0.0031, Final_scale=3177.1692
🚀 APPLYING GUIDANCE at step 11 (timestep=913)
final_loss: 1.1391794681549072
🎯 GUIDANCE STEP 11 (t=913): Loss=1.1392, Rho=257.315216, Grad_norm=0.0039, Final_scale=2573.1522
🚀 APPLYING GUIDANCE at step 12 (timestep=904)
final_loss: 1.1385997533798218
🎯 GUIDANCE STEP 12 (t=904): Loss=1.1386, Rho=357.751709, Grad_norm=0.0028, Final_scale=3577.5171
🚀 APPLYING GUIDANCE at step 13 (timestep=894)
final_loss: 1.1386244297027588
🎯 GUIDANCE STEP 13 (t=894): Loss=1.1386, Rho=371.454712, Grad_norm=0.0027, Final_scale=3714.5471
🚀 APPLYING GUIDANCE at step 14 (timestep=884)
final_loss: 1.138369083404541
🎯 GUIDANCE STEP 14 (t=884): Loss=1.1384, Rho=415.203918, Grad_norm=0.0024, Final_scale=4152.0392
🚀 APPLYING GUIDANCE at step 15 (timestep=874)
final_loss: 1.1381609439849854
🎯 GUIDANCE STEP 15 (t=874): Loss=1.1382, Rho=246.860703, Grad_norm=0.0041, Final_scale=2468.6070
🚀 APPLYING GUIDANCE at step 16 (timestep=864)
final_loss: 1.1378757953643799
🎯 GUIDANCE STEP 16 (t=864): Loss=1.1379, Rho=412.411194, Grad_norm=0.0024, Final_scale=4124.1119
🚀 APPLYING GUIDANCE at step 17 (timestep=853)
final_loss: 1.1375114917755127
🎯 GUIDANCE STEP 17 (t=853): Loss=1.1375, Rho=365.913330, Grad_norm=0.0027, Final_scale=3659.1333
🚀 APPLYING GUIDANCE at step 18 (timestep=841)
final_loss: 1.1377214193344116
🎯 GUIDANCE STEP 18 (t=841): Loss=1.1377, Rho=310.842926, Grad_norm=0.0032, Final_scale=3108.4293
🚀 APPLYING GUIDANCE at step 19 (timestep=829)
final_loss: 1.1376279592514038
🎯 GUIDANCE STEP 19 (t=829): Loss=1.1376, Rho=448.450684, Grad_norm=0.0022, Final_scale=4484.5068
🚀 APPLYING GUIDANCE at step 20 (timestep=817)
final_loss: 1.1371934413909912
🎯 GUIDANCE STEP 20 (t=817): Loss=1.1372, Rho=374.589050, Grad_norm=0.0027, Final_scale=3745.8905
🚀 APPLYING GUIDANCE at step 21 (timestep=805)
final_loss: 1.137257695198059
🎯 GUIDANCE STEP 21 (t=805): Loss=1.1373, Rho=339.029663, Grad_norm=0.0029, Final_scale=3390.2966
🚀 APPLYING GUIDANCE at step 22 (timestep=792)
final_loss: 1.1370104551315308
🎯 GUIDANCE STEP 22 (t=792): Loss=1.1370, Rho=383.432617, Grad_norm=0.0026, Final_scale=3834.3262
🚀 APPLYING GUIDANCE at step 23 (timestep=778)
final_loss: 1.1371625661849976
🎯 GUIDANCE STEP 23 (t=778): Loss=1.1372, Rho=473.298462, Grad_norm=0.0021, Final_scale=4732.9846
🚀 APPLYING GUIDANCE at step 24 (timestep=764)
final_loss: 1.1371668577194214
🎯 GUIDANCE STEP 24 (t=764): Loss=1.1372, Rho=547.973450, Grad_norm=0.0018, Final_scale=5479.7345
🚀 APPLYING GUIDANCE at step 25 (timestep=749)
final_loss: 1.1373337507247925
🎯 GUIDANCE STEP 25 (t=749): Loss=1.1373, Rho=311.218994, Grad_norm=0.0032, Final_scale=3112.1899
🚀 APPLYING GUIDANCE at step 26 (timestep=734)
final_loss: 1.137677550315857
🎯 GUIDANCE STEP 26 (t=734): Loss=1.1377, Rho=495.258087, Grad_norm=0.0020, Final_scale=4952.5809
🚀 APPLYING GUIDANCE at step 27 (timestep=718)
final_loss: 1.13768470287323
🎯 GUIDANCE STEP 27 (t=718): Loss=1.1377, Rho=656.473206, Grad_norm=0.0015, Final_scale=6564.7321
🚀 APPLYING GUIDANCE at step 28 (timestep=701)
final_loss: 1.1374253034591675
🎯 GUIDANCE STEP 28 (t=701): Loss=1.1374, Rho=565.627319, Grad_norm=0.0018, Final_scale=5656.2732
🚀 APPLYING GUIDANCE at step 29 (timestep=684)
final_loss: 1.1374537944793701
🎯 GUIDANCE STEP 29 (t=684): Loss=1.1375, Rho=555.415527, Grad_norm=0.0018, Final_scale=5554.1553
🚀 APPLYING GUIDANCE at step 30 (timestep=666)
final_loss: 1.1373575925827026
🎯 GUIDANCE STEP 30 (t=666): Loss=1.1374, Rho=559.561218, Grad_norm=0.0018, Final_scale=5595.6122
🚀 APPLYING GUIDANCE at step 31 (timestep=647)
final_loss: 1.1374907493591309
🎯 GUIDANCE STEP 31 (t=647): Loss=1.1375, Rho=641.688232, Grad_norm=0.0016, Final_scale=6416.8823
🚀 APPLYING GUIDANCE at step 32 (timestep=627)
final_loss: 1.1373047828674316
🎯 GUIDANCE STEP 32 (t=627): Loss=1.1373, Rho=564.907166, Grad_norm=0.0018, Final_scale=5649.0717
🚀 APPLYING GUIDANCE at step 33 (timestep=606)
final_loss: 1.1374778747558594
🎯 GUIDANCE STEP 33 (t=606): Loss=1.1375, Rho=591.241943, Grad_norm=0.0017, Final_scale=5912.4194
🚀 APPLYING GUIDANCE at step 34 (timestep=585)
final_loss: 1.137252688407898
🎯 GUIDANCE STEP 34 (t=585): Loss=1.1373, Rho=612.965759, Grad_norm=0.0016, Final_scale=6129.6576
🚀 APPLYING GUIDANCE at step 35 (timestep=562)
final_loss: 1.137244462966919
🎯 GUIDANCE STEP 35 (t=562): Loss=1.1372, Rho=209.709488, Grad_norm=0.0048, Final_scale=2097.0949
🚀 APPLYING GUIDANCE at step 36 (timestep=538)
final_loss: 1.1373093128204346
🎯 GUIDANCE STEP 36 (t=538): Loss=1.1373, Rho=818.734558, Grad_norm=0.0012, Final_scale=8187.3456
🚀 APPLYING GUIDANCE at step 37 (timestep=512)
final_loss: 1.136954665184021
🎯 GUIDANCE STEP 37 (t=512): Loss=1.1370, Rho=798.232605, Grad_norm=0.0013, Final_scale=7982.3260
🚀 APPLYING GUIDANCE at step 38 (timestep=486)
final_loss: 1.1367791891098022
🎯 GUIDANCE STEP 38 (t=486): Loss=1.1368, Rho=704.767639, Grad_norm=0.0014, Final_scale=7047.6764
🚀 APPLYING GUIDANCE at step 39 (timestep=458)
final_loss: 1.1366852521896362
🎯 GUIDANCE STEP 39 (t=458): Loss=1.1367, Rho=542.658447, Grad_norm=0.0018, Final_scale=5426.5845
🚀 APPLYING GUIDANCE at step 40 (timestep=428)
final_loss: 1.1366405487060547
🎯 GUIDANCE STEP 40 (t=428): Loss=1.1366, Rho=558.782837, Grad_norm=0.0018, Final_scale=5587.8284
🚀 APPLYING GUIDANCE at step 41 (timestep=396)
final_loss: 1.1363487243652344
🎯 GUIDANCE STEP 41 (t=396): Loss=1.1363, Rho=377.582642, Grad_norm=0.0026, Final_scale=3775.8264
🚀 APPLYING GUIDANCE at step 42 (timestep=363)
final_loss: 1.1363235712051392
🎯 GUIDANCE STEP 42 (t=363): Loss=1.1363, Rho=956.152405, Grad_norm=0.0010, Final_scale=9561.5240
🚀 APPLYING GUIDANCE at step 43 (timestep=327)
final_loss: 1.1357923746109009
🎯 GUIDANCE STEP 43 (t=327): Loss=1.1358, Rho=815.898254, Grad_norm=0.0012, Final_scale=8158.9825
🚀 APPLYING GUIDANCE at step 44 (timestep=290)
final_loss: 1.1356561183929443
🎯 GUIDANCE STEP 44 (t=290): Loss=1.1357, Rho=791.712158, Grad_norm=0.0013, Final_scale=7917.1216
🚀 APPLYING GUIDANCE at step 45 (timestep=249)
final_loss: 1.1352256536483765
🎯 GUIDANCE STEP 45 (t=249): Loss=1.1352, Rho=926.344421, Grad_norm=0.0011, Final_scale=9263.4442
🚀 APPLYING GUIDANCE at step 46 (timestep=206)
final_loss: 1.1346756219863892
🎯 GUIDANCE STEP 46 (t=206): Loss=1.1347, Rho=1119.980957, Grad_norm=0.0009, Final_scale=11199.8096
🚀 APPLYING GUIDANCE at step 47 (timestep=160)
final_loss: 1.133435606956482
🎯 GUIDANCE STEP 47 (t=160): Loss=1.1334, Rho=966.201294, Grad_norm=0.0010, Final_scale=9662.0129
🚀 APPLYING GUIDANCE at step 48 (timestep=111)
final_loss: 1.1333211660385132
🎯 GUIDANCE STEP 48 (t=111): Loss=1.1333, Rho=1052.442871, Grad_norm=0.0010, Final_scale=10524.4287
🚀 APPLYING GUIDANCE at step 49 (timestep=57)
final_loss: 1.1332935094833374
🎯 GUIDANCE STEP 49 (t=57): Loss=1.1333, Rho=1014.472412, Grad_norm=0.0010, Final_scale=10144.7241
[guidance_f33_s50_w16c8_rho10.0_cfg5.0torch] Generated: generated_videos/subject_consistency/guidance_f33_s50_w16c8_rho10.0_cfg5.0torch/a motorcycle gliding through a snowy field.mp4
[guidance_f33_s50_w16c8_rho10.0_cfg5.0torch] Generating video 2/9 (guidance): a motorcycle accelerating to gain speed
🎬 STARTING GUIDANCE PIPELINE GENERATION
   Frames: 33, Steps: 50, CFG Scale: 5.0

🔧 GUIDANCE PIPELINE CONFIGURATION:
   Guidance range: 0 - 1001
   Rho scale: 10.0
   V-JEPA kernel_size: 16
   V-JEPA context_length: 8
   V-JEPA stride: 2
   V-JEPA mode: max
   Total timesteps: 50

🚀 APPLYING GUIDANCE at step 0 (timestep=999)
final_loss: 1.135015606880188
🎯 GUIDANCE STEP 0 (t=999): Loss=1.1350, Rho=51.910530, Grad_norm=0.0193, Final_scale=519.1053
🚀 APPLYING GUIDANCE at step 1 (timestep=992)
final_loss: 1.1294649839401245
🎯 GUIDANCE STEP 1 (t=992): Loss=1.1295, Rho=45.644527, Grad_norm=0.0219, Final_scale=456.4453
🚀 APPLYING GUIDANCE at step 2 (timestep=985)
final_loss: 1.123874306678772
🎯 GUIDANCE STEP 2 (t=985): Loss=1.1239, Rho=183.866669, Grad_norm=0.0054, Final_scale=1838.6667
🚀 APPLYING GUIDANCE at step 3 (timestep=978)
final_loss: 1.1232106685638428
🎯 GUIDANCE STEP 3 (t=978): Loss=1.1232, Rho=340.175537, Grad_norm=0.0029, Final_scale=3401.7554
🚀 APPLYING GUIDANCE at step 4 (timestep=971)
final_loss: 1.1214221715927124
🎯 GUIDANCE STEP 4 (t=971): Loss=1.1214, Rho=399.148499, Grad_norm=0.0025, Final_scale=3991.4850
🚀 APPLYING GUIDANCE at step 5 (timestep=963)
final_loss: 1.1214381456375122
🎯 GUIDANCE STEP 5 (t=963): Loss=1.1214, Rho=528.008179, Grad_norm=0.0019, Final_scale=5280.0818
🚀 APPLYING GUIDANCE at step 6 (timestep=956)
final_loss: 1.1217206716537476
🎯 GUIDANCE STEP 6 (t=956): Loss=1.1217, Rho=697.412170, Grad_norm=0.0014, Final_scale=6974.1217
🚀 APPLYING GUIDANCE at step 7 (timestep=948)
final_loss: 1.1219847202301025
🎯 GUIDANCE STEP 7 (t=948): Loss=1.1220, Rho=555.804626, Grad_norm=0.0018, Final_scale=5558.0463
🚀 APPLYING GUIDANCE at step 8 (timestep=939)
final_loss: 1.1219202280044556
🎯 GUIDANCE STEP 8 (t=939): Loss=1.1219, Rho=607.796143, Grad_norm=0.0016, Final_scale=6077.9614
🚀 APPLYING GUIDANCE at step 9 (timestep=931)
final_loss: 1.121788740158081
🎯 GUIDANCE STEP 9 (t=931): Loss=1.1218, Rho=713.064880, Grad_norm=0.0014, Final_scale=7130.6488
🚀 APPLYING GUIDANCE at step 10 (timestep=922)
final_loss: 1.1220604181289673
🎯 GUIDANCE STEP 10 (t=922): Loss=1.1221, Rho=800.022888, Grad_norm=0.0012, Final_scale=8000.2289
🚀 APPLYING GUIDANCE at step 11 (timestep=913)
final_loss: 1.122104287147522
🎯 GUIDANCE STEP 11 (t=913): Loss=1.1221, Rho=859.329346, Grad_norm=0.0012, Final_scale=8593.2935
🚀 APPLYING GUIDANCE at step 12 (timestep=904)
final_loss: 1.1222115755081177
🎯 GUIDANCE STEP 12 (t=904): Loss=1.1222, Rho=867.655884, Grad_norm=0.0012, Final_scale=8676.5588
🚀 APPLYING GUIDANCE at step 13 (timestep=894)
final_loss: 1.122255563735962
🎯 GUIDANCE STEP 13 (t=894): Loss=1.1223, Rho=802.943787, Grad_norm=0.0012, Final_scale=8029.4379
🚀 APPLYING GUIDANCE at step 14 (timestep=884)
final_loss: 1.1222305297851562
🎯 GUIDANCE STEP 14 (t=884): Loss=1.1222, Rho=894.460083, Grad_norm=0.0011, Final_scale=8944.6008
🚀 APPLYING GUIDANCE at step 15 (timestep=874)
final_loss: 1.12228262424469
🎯 GUIDANCE STEP 15 (t=874): Loss=1.1223, Rho=1033.573120, Grad_norm=0.0010, Final_scale=10335.7312
🚀 APPLYING GUIDANCE at step 16 (timestep=864)
final_loss: 1.1222723722457886
🎯 GUIDANCE STEP 16 (t=864): Loss=1.1223, Rho=959.799255, Grad_norm=0.0010, Final_scale=9597.9926
🚀 APPLYING GUIDANCE at step 17 (timestep=853)
final_loss: 1.1222671270370483
🎯 GUIDANCE STEP 17 (t=853): Loss=1.1223, Rho=772.194519, Grad_norm=0.0013, Final_scale=7721.9452
🚀 APPLYING GUIDANCE at step 18 (timestep=841)
final_loss: 1.1221580505371094
🎯 GUIDANCE STEP 18 (t=841): Loss=1.1222, Rho=1071.334229, Grad_norm=0.0009, Final_scale=10713.3423
🚀 APPLYING GUIDANCE at step 19 (timestep=829)
final_loss: 1.1221688985824585
🎯 GUIDANCE STEP 19 (t=829): Loss=1.1222, Rho=1188.523438, Grad_norm=0.0008, Final_scale=11885.2344
🚀 APPLYING GUIDANCE at step 20 (timestep=817)
final_loss: 1.1220319271087646
🎯 GUIDANCE STEP 20 (t=817): Loss=1.1220, Rho=1002.818115, Grad_norm=0.0010, Final_scale=10028.1812
🚀 APPLYING GUIDANCE at step 21 (timestep=805)
final_loss: 1.1221349239349365
🎯 GUIDANCE STEP 21 (t=805): Loss=1.1221, Rho=1224.845703, Grad_norm=0.0008, Final_scale=12248.4570
🚀 APPLYING GUIDANCE at step 22 (timestep=792)
final_loss: 1.12196683883667
🎯 GUIDANCE STEP 22 (t=792): Loss=1.1220, Rho=1120.873413, Grad_norm=0.0009, Final_scale=11208.7341
🚀 APPLYING GUIDANCE at step 23 (timestep=778)
final_loss: 1.1218918561935425
🎯 GUIDANCE STEP 23 (t=778): Loss=1.1219, Rho=1277.259521, Grad_norm=0.0008, Final_scale=12772.5952
🚀 APPLYING GUIDANCE at step 24 (timestep=764)
final_loss: 1.1218544244766235
🎯 GUIDANCE STEP 24 (t=764): Loss=1.1219, Rho=1252.662109, Grad_norm=0.0008, Final_scale=12526.6211
🚀 APPLYING GUIDANCE at step 25 (timestep=749)
final_loss: 1.1218376159667969
🎯 GUIDANCE STEP 25 (t=749): Loss=1.1218, Rho=1297.537720, Grad_norm=0.0008, Final_scale=12975.3772
🚀 APPLYING GUIDANCE at step 26 (timestep=734)
final_loss: 1.1217041015625
🎯 GUIDANCE STEP 26 (t=734): Loss=1.1217, Rho=1275.849243, Grad_norm=0.0008, Final_scale=12758.4924
🚀 APPLYING GUIDANCE at step 27 (timestep=718)
final_loss: 1.1216773986816406
🎯 GUIDANCE STEP 27 (t=718): Loss=1.1217, Rho=1240.410400, Grad_norm=0.0008, Final_scale=12404.1040
🚀 APPLYING GUIDANCE at step 28 (timestep=701)
final_loss: 1.1216939687728882
🎯 GUIDANCE STEP 28 (t=701): Loss=1.1217, Rho=1043.034790, Grad_norm=0.0010, Final_scale=10430.3479
🚀 APPLYING GUIDANCE at step 29 (timestep=684)
final_loss: 1.1217323541641235
🎯 GUIDANCE STEP 29 (t=684): Loss=1.1217, Rho=913.777344, Grad_norm=0.0011, Final_scale=9137.7734
🚀 APPLYING GUIDANCE at step 30 (timestep=666)
final_loss: 1.1217066049575806
🎯 GUIDANCE STEP 30 (t=666): Loss=1.1217, Rho=1548.435425, Grad_norm=0.0006, Final_scale=15484.3542
🚀 APPLYING GUIDANCE at step 31 (timestep=647)
final_loss: 1.1216758489608765
🎯 GUIDANCE STEP 31 (t=647): Loss=1.1217, Rho=1510.990967, Grad_norm=0.0007, Final_scale=15109.9097
🚀 APPLYING GUIDANCE at step 32 (timestep=627)
final_loss: 1.121574878692627
🎯 GUIDANCE STEP 32 (t=627): Loss=1.1216, Rho=1043.927246, Grad_norm=0.0010, Final_scale=10439.2725
🚀 APPLYING GUIDANCE at step 33 (timestep=606)
final_loss: 1.1216776371002197
🎯 GUIDANCE STEP 33 (t=606): Loss=1.1217, Rho=1706.703247, Grad_norm=0.0006, Final_scale=17067.0325
🚀 APPLYING GUIDANCE at step 34 (timestep=585)
final_loss: 1.121690034866333
🎯 GUIDANCE STEP 34 (t=585): Loss=1.1217, Rho=1412.995850, Grad_norm=0.0007, Final_scale=14129.9585
🚀 APPLYING GUIDANCE at step 35 (timestep=562)
final_loss: 1.121601939201355
🎯 GUIDANCE STEP 35 (t=562): Loss=1.1216, Rho=1816.745605, Grad_norm=0.0006, Final_scale=18167.4561
🚀 APPLYING GUIDANCE at step 36 (timestep=538)
final_loss: 1.1215242147445679
🎯 GUIDANCE STEP 36 (t=538): Loss=1.1215, Rho=1545.191040, Grad_norm=0.0006, Final_scale=15451.9104
🚀 APPLYING GUIDANCE at step 37 (timestep=512)
final_loss: 1.1215050220489502
🎯 GUIDANCE STEP 37 (t=512): Loss=1.1215, Rho=2365.429443, Grad_norm=0.0004, Final_scale=23654.2944
🚀 APPLYING GUIDANCE at step 38 (timestep=486)
final_loss: 1.1214351654052734
🎯 GUIDANCE STEP 38 (t=486): Loss=1.1214, Rho=2026.448975, Grad_norm=0.0005, Final_scale=20264.4897
🚀 APPLYING GUIDANCE at step 39 (timestep=458)
final_loss: 1.1213349103927612
🎯 GUIDANCE STEP 39 (t=458): Loss=1.1213, Rho=2374.457520, Grad_norm=0.0004, Final_scale=23744.5752
🚀 APPLYING GUIDANCE at step 40 (timestep=428)
final_loss: 1.1212738752365112
🎯 GUIDANCE STEP 40 (t=428): Loss=1.1213, Rho=2215.287109, Grad_norm=0.0005, Final_scale=22152.8711
🚀 APPLYING GUIDANCE at step 41 (timestep=396)
final_loss: 1.1211103200912476
🎯 GUIDANCE STEP 41 (t=396): Loss=1.1211, Rho=2566.389160, Grad_norm=0.0004, Final_scale=25663.8916
🚀 APPLYING GUIDANCE at step 42 (timestep=363)
final_loss: 1.121043086051941
🎯 GUIDANCE STEP 42 (t=363): Loss=1.1210, Rho=2446.680664, Grad_norm=0.0004, Final_scale=24466.8066
🚀 APPLYING GUIDANCE at step 43 (timestep=327)
final_loss: 1.121048927307129
🎯 GUIDANCE STEP 43 (t=327): Loss=1.1210, Rho=2221.759521, Grad_norm=0.0005, Final_scale=22217.5952
🚀 APPLYING GUIDANCE at step 44 (timestep=290)
final_loss: 1.120928168296814
🎯 GUIDANCE STEP 44 (t=290): Loss=1.1209, Rho=1855.350586, Grad_norm=0.0005, Final_scale=18553.5059
🚀 APPLYING GUIDANCE at step 45 (timestep=249)
final_loss: 1.120827555656433
🎯 GUIDANCE STEP 45 (t=249): Loss=1.1208, Rho=2636.223389, Grad_norm=0.0004, Final_scale=26362.2339
🚀 APPLYING GUIDANCE at step 46 (timestep=206)
final_loss: 1.1207278966903687
🎯 GUIDANCE STEP 46 (t=206): Loss=1.1207, Rho=1278.270874, Grad_norm=0.0008, Final_scale=12782.7087
🚀 APPLYING GUIDANCE at step 47 (timestep=160)
final_loss: 1.1206657886505127
🎯 GUIDANCE STEP 47 (t=160): Loss=1.1207, Rho=1942.364624, Grad_norm=0.0005, Final_scale=19423.6462
🚀 APPLYING GUIDANCE at step 48 (timestep=111)
final_loss: 1.1203932762145996
🎯 GUIDANCE STEP 48 (t=111): Loss=1.1204, Rho=2316.593994, Grad_norm=0.0004, Final_scale=23165.9399
🚀 APPLYING GUIDANCE at step 49 (timestep=57)
final_loss: 1.1201108694076538
🎯 GUIDANCE STEP 49 (t=57): Loss=1.1201, Rho=1906.760864, Grad_norm=0.0005, Final_scale=19067.6086
[guidance_f33_s50_w16c8_rho10.0_cfg5.0torch] Generated: generated_videos/subject_consistency/guidance_f33_s50_w16c8_rho10.0_cfg5.0torch/a dog playing in park.mp4
[guidance_f33_s50_w16c8_rho10.0_cfg5.0torch] Generating video 3/9 (guidance): a dog drinking water
🎬 STARTING GUIDANCE PIPELINE GENERATION
   Frames: 33, Steps: 50, CFG Scale: 5.0

🔧 GUIDANCE PIPELINE CONFIGURATION:
   Guidance range: 0 - 1001
   Rho scale: 10.0
   V-JEPA kernel_size: 16
   V-JEPA context_length: 8
   V-JEPA stride: 2
   V-JEPA mode: max
   Total timesteps: 50

🚀 APPLYING GUIDANCE at step 0 (timestep=999)
final_loss: 1.1157170534133911
🎯 GUIDANCE STEP 0 (t=999): Loss=1.1157, Rho=58.589005, Grad_norm=0.0171, Final_scale=585.8900
🚀 APPLYING GUIDANCE at step 1 (timestep=992)
final_loss: 1.130866289138794
🎯 GUIDANCE STEP 1 (t=992): Loss=1.1309, Rho=36.519207, Grad_norm=0.0274, Final_scale=365.1921
🚀 APPLYING GUIDANCE at step 2 (timestep=985)
final_loss: 1.1347893476486206
🎯 GUIDANCE STEP 2 (t=985): Loss=1.1348, Rho=168.235687, Grad_norm=0.0059, Final_scale=1682.3569
🚀 APPLYING GUIDANCE at step 3 (timestep=978)
final_loss: 1.1304702758789062
🎯 GUIDANCE STEP 3 (t=978): Loss=1.1305, Rho=265.050690, Grad_norm=0.0038, Final_scale=2650.5069
🚀 APPLYING GUIDANCE at step 4 (timestep=971)
final_loss: 1.1301347017288208
🎯 GUIDANCE STEP 4 (t=971): Loss=1.1301, Rho=526.224121, Grad_norm=0.0019, Final_scale=5262.2412
🚀 APPLYING GUIDANCE at step 5 (timestep=963)
final_loss: 1.1295398473739624
🎯 GUIDANCE STEP 5 (t=963): Loss=1.1295, Rho=368.957703, Grad_norm=0.0027, Final_scale=3689.5770
🚀 APPLYING GUIDANCE at step 6 (timestep=956)
final_loss: 1.1284259557724
🎯 GUIDANCE STEP 6 (t=956): Loss=1.1284, Rho=337.373169, Grad_norm=0.0030, Final_scale=3373.7317
🚀 APPLYING GUIDANCE at step 7 (timestep=948)
final_loss: 1.1288022994995117
🎯 GUIDANCE STEP 7 (t=948): Loss=1.1288, Rho=344.574738, Grad_norm=0.0029, Final_scale=3445.7474
🚀 APPLYING GUIDANCE at step 8 (timestep=939)
final_loss: 1.1291378736495972
🎯 GUIDANCE STEP 8 (t=939): Loss=1.1291, Rho=441.105560, Grad_norm=0.0023, Final_scale=4411.0556
🚀 APPLYING GUIDANCE at step 9 (timestep=931)
final_loss: 1.1295570135116577
🎯 GUIDANCE STEP 9 (t=931): Loss=1.1296, Rho=534.745667, Grad_norm=0.0019, Final_scale=5347.4567
🚀 APPLYING GUIDANCE at step 10 (timestep=922)
final_loss: 1.1297297477722168
🎯 GUIDANCE STEP 10 (t=922): Loss=1.1297, Rho=548.324951, Grad_norm=0.0018, Final_scale=5483.2495
🚀 APPLYING GUIDANCE at step 11 (timestep=913)
final_loss: 1.1299409866333008
🎯 GUIDANCE STEP 11 (t=913): Loss=1.1299, Rho=624.521851, Grad_norm=0.0016, Final_scale=6245.2185
🚀 APPLYING GUIDANCE at step 12 (timestep=904)
final_loss: 1.1299943923950195
🎯 GUIDANCE STEP 12 (t=904): Loss=1.1300, Rho=541.445557, Grad_norm=0.0018, Final_scale=5414.4556
🚀 APPLYING GUIDANCE at step 13 (timestep=894)
final_loss: 1.129946231842041
🎯 GUIDANCE STEP 13 (t=894): Loss=1.1299, Rho=563.401428, Grad_norm=0.0018, Final_scale=5634.0143
🚀 APPLYING GUIDANCE at step 14 (timestep=884)
final_loss: 1.130077600479126
🎯 GUIDANCE STEP 14 (t=884): Loss=1.1301, Rho=661.835266, Grad_norm=0.0015, Final_scale=6618.3527
🚀 APPLYING GUIDANCE at step 15 (timestep=874)
final_loss: 1.1302738189697266
🎯 GUIDANCE STEP 15 (t=874): Loss=1.1303, Rho=559.019409, Grad_norm=0.0018, Final_scale=5590.1941
🚀 APPLYING GUIDANCE at step 16 (timestep=864)
final_loss: 1.1302036046981812
🎯 GUIDANCE STEP 16 (t=864): Loss=1.1302, Rho=606.052979, Grad_norm=0.0017, Final_scale=6060.5298
🚀 APPLYING GUIDANCE at step 17 (timestep=853)
final_loss: 1.1303106546401978
🎯 GUIDANCE STEP 17 (t=853): Loss=1.1303, Rho=678.270569, Grad_norm=0.0015, Final_scale=6782.7057
🚀 APPLYING GUIDANCE at step 18 (timestep=841)
final_loss: 1.1302763223648071
🎯 GUIDANCE STEP 18 (t=841): Loss=1.1303, Rho=754.875610, Grad_norm=0.0013, Final_scale=7548.7561
🚀 APPLYING GUIDANCE at step 19 (timestep=829)
final_loss: 1.1302568912506104
🎯 GUIDANCE STEP 19 (t=829): Loss=1.1303, Rho=858.064697, Grad_norm=0.0012, Final_scale=8580.6470
🚀 APPLYING GUIDANCE at step 20 (timestep=817)
final_loss: 1.1297820806503296
🎯 GUIDANCE STEP 20 (t=817): Loss=1.1298, Rho=828.890930, Grad_norm=0.0012, Final_scale=8288.9093
🚀 APPLYING GUIDANCE at step 21 (timestep=805)
final_loss: 1.1298569440841675
🎯 GUIDANCE STEP 21 (t=805): Loss=1.1299, Rho=873.582397, Grad_norm=0.0011, Final_scale=8735.8240
🚀 APPLYING GUIDANCE at step 22 (timestep=792)
final_loss: 1.1298357248306274
🎯 GUIDANCE STEP 22 (t=792): Loss=1.1298, Rho=856.691101, Grad_norm=0.0012, Final_scale=8566.9110
🚀 APPLYING GUIDANCE at step 23 (timestep=778)
final_loss: 1.1297332048416138
🎯 GUIDANCE STEP 23 (t=778): Loss=1.1297, Rho=641.876465, Grad_norm=0.0016, Final_scale=6418.7646
🚀 APPLYING GUIDANCE at step 24 (timestep=764)
final_loss: 1.1296268701553345
🎯 GUIDANCE STEP 24 (t=764): Loss=1.1296, Rho=870.935120, Grad_norm=0.0011, Final_scale=8709.3512
🚀 APPLYING GUIDANCE at step 25 (timestep=749)
final_loss: 1.1295973062515259
🎯 GUIDANCE STEP 25 (t=749): Loss=1.1296, Rho=864.598022, Grad_norm=0.0012, Final_scale=8645.9802
🚀 APPLYING GUIDANCE at step 26 (timestep=734)
final_loss: 1.129618525505066
🎯 GUIDANCE STEP 26 (t=734): Loss=1.1296, Rho=873.243835, Grad_norm=0.0011, Final_scale=8732.4384
🚀 APPLYING GUIDANCE at step 27 (timestep=718)
final_loss: 1.1295908689498901
🎯 GUIDANCE STEP 27 (t=718): Loss=1.1296, Rho=949.091370, Grad_norm=0.0011, Final_scale=9490.9137
🚀 APPLYING GUIDANCE at step 28 (timestep=701)
final_loss: 1.1296037435531616
🎯 GUIDANCE STEP 28 (t=701): Loss=1.1296, Rho=984.785645, Grad_norm=0.0010, Final_scale=9847.8564
🚀 APPLYING GUIDANCE at step 29 (timestep=684)
final_loss: 1.1296215057373047
🎯 GUIDANCE STEP 29 (t=684): Loss=1.1296, Rho=985.494934, Grad_norm=0.0010, Final_scale=9854.9493
🚀 APPLYING GUIDANCE at step 30 (timestep=666)
final_loss: 1.1296228170394897
🎯 GUIDANCE STEP 30 (t=666): Loss=1.1296, Rho=984.311707, Grad_norm=0.0010, Final_scale=9843.1171
🚀 APPLYING GUIDANCE at step 31 (timestep=647)
final_loss: 1.1294760704040527
🎯 GUIDANCE STEP 31 (t=647): Loss=1.1295, Rho=1109.963867, Grad_norm=0.0009, Final_scale=11099.6387
🚀 APPLYING GUIDANCE at step 32 (timestep=627)
final_loss: 1.1295019388198853
🎯 GUIDANCE STEP 32 (t=627): Loss=1.1295, Rho=1166.041748, Grad_norm=0.0009, Final_scale=11660.4175
🚀 APPLYING GUIDANCE at step 33 (timestep=606)
final_loss: 1.1294018030166626
🎯 GUIDANCE STEP 33 (t=606): Loss=1.1294, Rho=1227.886108, Grad_norm=0.0008, Final_scale=12278.8611
🚀 APPLYING GUIDANCE at step 34 (timestep=585)
final_loss: 1.1293891668319702
🎯 GUIDANCE STEP 34 (t=585): Loss=1.1294, Rho=919.775024, Grad_norm=0.0011, Final_scale=9197.7502
🚀 APPLYING GUIDANCE at step 35 (timestep=562)
final_loss: 1.129351019859314
🎯 GUIDANCE STEP 35 (t=562): Loss=1.1294, Rho=1118.005737, Grad_norm=0.0009, Final_scale=11180.0574
🚀 APPLYING GUIDANCE at step 36 (timestep=538)
final_loss: 1.1294103860855103
🎯 GUIDANCE STEP 36 (t=538): Loss=1.1294, Rho=1513.074463, Grad_norm=0.0007, Final_scale=15130.7446
🚀 APPLYING GUIDANCE at step 37 (timestep=512)
final_loss: 1.1292428970336914
🎯 GUIDANCE STEP 37 (t=512): Loss=1.1292, Rho=1269.306885, Grad_norm=0.0008, Final_scale=12693.0688
🚀 APPLYING GUIDANCE at step 38 (timestep=486)
final_loss: 1.129221796989441
🎯 GUIDANCE STEP 38 (t=486): Loss=1.1292, Rho=1665.707153, Grad_norm=0.0006, Final_scale=16657.0715
🚀 APPLYING GUIDANCE at step 39 (timestep=458)
final_loss: 1.129045844078064
🎯 GUIDANCE STEP 39 (t=458): Loss=1.1290, Rho=1510.202148, Grad_norm=0.0007, Final_scale=15102.0215
🚀 APPLYING GUIDANCE at step 40 (timestep=428)
final_loss: 1.1289571523666382
🎯 GUIDANCE STEP 40 (t=428): Loss=1.1290, Rho=1572.026489, Grad_norm=0.0006, Final_scale=15720.2649
🚀 APPLYING GUIDANCE at step 41 (timestep=396)
final_loss: 1.129003643989563
🎯 GUIDANCE STEP 41 (t=396): Loss=1.1290, Rho=1601.492676, Grad_norm=0.0006, Final_scale=16014.9268
🚀 APPLYING GUIDANCE at step 42 (timestep=363)
final_loss: 1.1287177801132202
🎯 GUIDANCE STEP 42 (t=363): Loss=1.1287, Rho=1875.276855, Grad_norm=0.0005, Final_scale=18752.7686
🚀 APPLYING GUIDANCE at step 43 (timestep=327)
final_loss: 1.1285984516143799
🎯 GUIDANCE STEP 43 (t=327): Loss=1.1286, Rho=1821.977173, Grad_norm=0.0005, Final_scale=18219.7717
🚀 APPLYING GUIDANCE at step 44 (timestep=290)
final_loss: 1.128467321395874
🎯 GUIDANCE STEP 44 (t=290): Loss=1.1285, Rho=1767.051025, Grad_norm=0.0006, Final_scale=17670.5103
🚀 APPLYING GUIDANCE at step 45 (timestep=249)
final_loss: 1.1281797885894775
🎯 GUIDANCE STEP 45 (t=249): Loss=1.1282, Rho=1981.640869, Grad_norm=0.0005, Final_scale=19816.4087
🚀 APPLYING GUIDANCE at step 46 (timestep=206)
final_loss: 1.127970576286316
🎯 GUIDANCE STEP 46 (t=206): Loss=1.1280, Rho=1271.572510, Grad_norm=0.0008, Final_scale=12715.7251
🚀 APPLYING GUIDANCE at step 47 (timestep=160)
final_loss: 1.1276673078536987
🎯 GUIDANCE STEP 47 (t=160): Loss=1.1277, Rho=1106.955078, Grad_norm=0.0009, Final_scale=11069.5508
🚀 APPLYING GUIDANCE at step 48 (timestep=111)
final_loss: 1.1274689435958862
🎯 GUIDANCE STEP 48 (t=111): Loss=1.1275, Rho=1281.955933, Grad_norm=0.0008, Final_scale=12819.5593
🚀 APPLYING GUIDANCE at step 49 (timestep=57)
final_loss: 1.126362919807434
🎯 GUIDANCE STEP 49 (t=57): Loss=1.1264, Rho=1108.557861, Grad_norm=0.0009, Final_scale=11085.5786
[guidance_f33_s50_w16c8_rho10.0_cfg5.0torch] Generated: generated_videos/subject_consistency/guidance_f33_s50_w16c8_rho10.0_cfg5.0torch/a boat accelerating to gain speed.mp4
[guidance_f33_s50_w16c8_rho10.0_cfg5.0torch] Generating video 3/9 (guidance): a bird soaring gracefully in the sky
🎬 STARTING GUIDANCE PIPELINE GENERATION
   Frames: 33, Steps: 50, CFG Scale: 5.0

🔧 GUIDANCE PIPELINE CONFIGURATION:
   Guidance range: 0 - 1001
   Rho scale: 10.0
   V-JEPA kernel_size: 16
   V-JEPA context_length: 8
   V-JEPA stride: 2
   V-JEPA mode: max
   Total timesteps: 50

🚀 APPLYING GUIDANCE at step 0 (timestep=999)
final_loss: 1.1151412725448608
🎯 GUIDANCE STEP 0 (t=999): Loss=1.1151, Rho=59.340187, Grad_norm=0.0169, Final_scale=593.4019
🚀 APPLYING GUIDANCE at step 1 (timestep=992)
final_loss: 1.1464687585830688
🎯 GUIDANCE STEP 1 (t=992): Loss=1.1465, Rho=98.828621, Grad_norm=0.0101, Final_scale=988.2862
🚀 APPLYING GUIDANCE at step 2 (timestep=985)
final_loss: 1.1440037488937378
🎯 GUIDANCE STEP 2 (t=985): Loss=1.1440, Rho=235.401321, Grad_norm=0.0042, Final_scale=2354.0132
🚀 APPLYING GUIDANCE at step 3 (timestep=978)
final_loss: 1.144335150718689
🎯 GUIDANCE STEP 3 (t=978): Loss=1.1443, Rho=358.177673, Grad_norm=0.0028, Final_scale=3581.7767
🚀 APPLYING GUIDANCE at step 4 (timestep=971)
final_loss: 1.142723560333252
🎯 GUIDANCE STEP 4 (t=971): Loss=1.1427, Rho=285.480408, Grad_norm=0.0035, Final_scale=2854.8041
🚀 APPLYING GUIDANCE at step 5 (timestep=963)
final_loss: 1.1428316831588745
🎯 GUIDANCE STEP 5 (t=963): Loss=1.1428, Rho=266.717865, Grad_norm=0.0037, Final_scale=2667.1786
🚀 APPLYING GUIDANCE at step 6 (timestep=956)
final_loss: 1.141318678855896
🎯 GUIDANCE STEP 6 (t=956): Loss=1.1413, Rho=305.938538, Grad_norm=0.0033, Final_scale=3059.3854
🚀 APPLYING GUIDANCE at step 7 (timestep=948)
final_loss: 1.1417779922485352
🎯 GUIDANCE STEP 7 (t=948): Loss=1.1418, Rho=293.746765, Grad_norm=0.0034, Final_scale=2937.4677
🚀 APPLYING GUIDANCE at step 8 (timestep=939)
final_loss: 1.1417102813720703
🎯 GUIDANCE STEP 8 (t=939): Loss=1.1417, Rho=322.616547, Grad_norm=0.0031, Final_scale=3226.1655
🚀 APPLYING GUIDANCE at step 9 (timestep=931)
final_loss: 1.141579508781433
🎯 GUIDANCE STEP 9 (t=931): Loss=1.1416, Rho=311.436096, Grad_norm=0.0032, Final_scale=3114.3610
🚀 APPLYING GUIDANCE at step 10 (timestep=922)
final_loss: 1.1410808563232422
🎯 GUIDANCE STEP 10 (t=922): Loss=1.1411, Rho=260.492310, Grad_norm=0.0038, Final_scale=2604.9231
🚀 APPLYING GUIDANCE at step 11 (timestep=913)
final_loss: 1.1411705017089844
🎯 GUIDANCE STEP 11 (t=913): Loss=1.1412, Rho=182.229935, Grad_norm=0.0055, Final_scale=1822.2993
🚀 APPLYING GUIDANCE at step 12 (timestep=904)
final_loss: 1.1414785385131836
🎯 GUIDANCE STEP 12 (t=904): Loss=1.1415, Rho=254.823212, Grad_norm=0.0039, Final_scale=2548.2321
🚀 APPLYING GUIDANCE at step 13 (timestep=894)
final_loss: 1.1412910223007202
🎯 GUIDANCE STEP 13 (t=894): Loss=1.1413, Rho=269.615265, Grad_norm=0.0037, Final_scale=2696.1526
🚀 APPLYING GUIDANCE at step 14 (timestep=884)
final_loss: 1.1415066719055176
🎯 GUIDANCE STEP 14 (t=884): Loss=1.1415, Rho=254.623444, Grad_norm=0.0039, Final_scale=2546.2344
🚀 APPLYING GUIDANCE at step 15 (timestep=874)
final_loss: 1.1412733793258667
🎯 GUIDANCE STEP 15 (t=874): Loss=1.1413, Rho=424.150787, Grad_norm=0.0024, Final_scale=4241.5079
🚀 APPLYING GUIDANCE at step 16 (timestep=864)
final_loss: 1.1412297487258911
🎯 GUIDANCE STEP 16 (t=864): Loss=1.1412, Rho=417.716461, Grad_norm=0.0024, Final_scale=4177.1646
🚀 APPLYING GUIDANCE at step 17 (timestep=853)
final_loss: 1.1411495208740234
🎯 GUIDANCE STEP 17 (t=853): Loss=1.1411, Rho=300.033081, Grad_norm=0.0033, Final_scale=3000.3308
🚀 APPLYING GUIDANCE at step 18 (timestep=841)
final_loss: 1.1410901546478271
🎯 GUIDANCE STEP 18 (t=841): Loss=1.1411, Rho=281.918610, Grad_norm=0.0035, Final_scale=2819.1861
🚀 APPLYING GUIDANCE at step 19 (timestep=829)
final_loss: 1.1411834955215454
🎯 GUIDANCE STEP 19 (t=829): Loss=1.1412, Rho=178.203827, Grad_norm=0.0056, Final_scale=1782.0383
🚀 APPLYING GUIDANCE at step 20 (timestep=817)
final_loss: 1.141044020652771
🎯 GUIDANCE STEP 20 (t=817): Loss=1.1410, Rho=311.858093, Grad_norm=0.0032, Final_scale=3118.5809
🚀 APPLYING GUIDANCE at step 21 (timestep=805)
final_loss: 1.1411057710647583
🎯 GUIDANCE STEP 21 (t=805): Loss=1.1411, Rho=270.283966, Grad_norm=0.0037, Final_scale=2702.8397
🚀 APPLYING GUIDANCE at step 22 (timestep=792)
final_loss: 1.1410492658615112
🎯 GUIDANCE STEP 22 (t=792): Loss=1.1410, Rho=425.882660, Grad_norm=0.0023, Final_scale=4258.8266
🚀 APPLYING GUIDANCE at step 23 (timestep=778)
final_loss: 1.140878677368164
🎯 GUIDANCE STEP 23 (t=778): Loss=1.1409, Rho=391.569672, Grad_norm=0.0026, Final_scale=3915.6967
🚀 APPLYING GUIDANCE at step 24 (timestep=764)
final_loss: 1.1406770944595337
🎯 GUIDANCE STEP 24 (t=764): Loss=1.1407, Rho=199.535477, Grad_norm=0.0050, Final_scale=1995.3548
🚀 APPLYING GUIDANCE at step 25 (timestep=749)
final_loss: 1.1407808065414429
🎯 GUIDANCE STEP 25 (t=749): Loss=1.1408, Rho=312.160583, Grad_norm=0.0032, Final_scale=3121.6058
🚀 APPLYING GUIDANCE at step 26 (timestep=734)
final_loss: 1.140670895576477
🎯 GUIDANCE STEP 26 (t=734): Loss=1.1407, Rho=295.780609, Grad_norm=0.0034, Final_scale=2957.8061
🚀 APPLYING GUIDANCE at step 27 (timestep=718)
final_loss: 1.1409040689468384
🎯 GUIDANCE STEP 27 (t=718): Loss=1.1409, Rho=498.735779, Grad_norm=0.0020, Final_scale=4987.3578
🚀 APPLYING GUIDANCE at step 28 (timestep=701)
final_loss: 1.1406325101852417
🎯 GUIDANCE STEP 28 (t=701): Loss=1.1406, Rho=389.824036, Grad_norm=0.0026, Final_scale=3898.2404
🚀 APPLYING GUIDANCE at step 29 (timestep=684)
final_loss: 1.1406478881835938
🎯 GUIDANCE STEP 29 (t=684): Loss=1.1406, Rho=439.931610, Grad_norm=0.0023, Final_scale=4399.3161
🚀 APPLYING GUIDANCE at step 30 (timestep=666)
final_loss: 1.1404125690460205
🎯 GUIDANCE STEP 30 (t=666): Loss=1.1404, Rho=436.960510, Grad_norm=0.0023, Final_scale=4369.6051
🚀 APPLYING GUIDANCE at step 31 (timestep=647)
final_loss: 1.140384554862976
🎯 GUIDANCE STEP 31 (t=647): Loss=1.1404, Rho=562.697327, Grad_norm=0.0018, Final_scale=5626.9733
🚀 APPLYING GUIDANCE at step 32 (timestep=627)
final_loss: 1.140260100364685
🎯 GUIDANCE STEP 32 (t=627): Loss=1.1403, Rho=748.403992, Grad_norm=0.0013, Final_scale=7484.0399
🚀 APPLYING GUIDANCE at step 33 (timestep=606)
final_loss: 1.1403812170028687
🎯 GUIDANCE STEP 33 (t=606): Loss=1.1404, Rho=591.503052, Grad_norm=0.0017, Final_scale=5915.0305
🚀 APPLYING GUIDANCE at step 34 (timestep=585)
final_loss: 1.1403347253799438
🎯 GUIDANCE STEP 34 (t=585): Loss=1.1403, Rho=554.322266, Grad_norm=0.0018, Final_scale=5543.2227
🚀 APPLYING GUIDANCE at step 35 (timestep=562)
final_loss: 1.1404356956481934
🎯 GUIDANCE STEP 35 (t=562): Loss=1.1404, Rho=867.539062, Grad_norm=0.0012, Final_scale=8675.3906
🚀 APPLYING GUIDANCE at step 36 (timestep=538)
final_loss: 1.1403683423995972
🎯 GUIDANCE STEP 36 (t=538): Loss=1.1404, Rho=601.519165, Grad_norm=0.0017, Final_scale=6015.1917
🚀 APPLYING GUIDANCE at step 37 (timestep=512)
final_loss: 1.1402746438980103
🎯 GUIDANCE STEP 37 (t=512): Loss=1.1403, Rho=553.796448, Grad_norm=0.0018, Final_scale=5537.9645
🚀 APPLYING GUIDANCE at step 38 (timestep=486)
final_loss: 1.140467643737793
🎯 GUIDANCE STEP 38 (t=486): Loss=1.1405, Rho=696.792908, Grad_norm=0.0014, Final_scale=6967.9291
🚀 APPLYING GUIDANCE at step 39 (timestep=458)
final_loss: 1.1403158903121948
🎯 GUIDANCE STEP 39 (t=458): Loss=1.1403, Rho=1040.812134, Grad_norm=0.0010, Final_scale=10408.1213
🚀 APPLYING GUIDANCE at step 40 (timestep=428)
final_loss: 1.140116810798645
🎯 GUIDANCE STEP 40 (t=428): Loss=1.1401, Rho=1286.359009, Grad_norm=0.0008, Final_scale=12863.5901
🚀 APPLYING GUIDANCE at step 41 (timestep=396)
final_loss: 1.1401411294937134
🎯 GUIDANCE STEP 41 (t=396): Loss=1.1401, Rho=1126.985229, Grad_norm=0.0009, Final_scale=11269.8523
🚀 APPLYING GUIDANCE at step 42 (timestep=363)
final_loss: 1.1400377750396729
🎯 GUIDANCE STEP 42 (t=363): Loss=1.1400, Rho=1587.028320, Grad_norm=0.0006, Final_scale=15870.2832
🚀 APPLYING GUIDANCE at step 43 (timestep=327)
final_loss: 1.1398334503173828
🎯 GUIDANCE STEP 43 (t=327): Loss=1.1398, Rho=2012.024414, Grad_norm=0.0005, Final_scale=20120.2441
🚀 APPLYING GUIDANCE at step 44 (timestep=290)
final_loss: 1.1398162841796875
🎯 GUIDANCE STEP 44 (t=290): Loss=1.1398, Rho=2388.843994, Grad_norm=0.0004, Final_scale=23888.4399
🚀 APPLYING GUIDANCE at step 45 (timestep=249)
final_loss: 1.1396701335906982
🎯 GUIDANCE STEP 45 (t=249): Loss=1.1397, Rho=865.519287, Grad_norm=0.0012, Final_scale=8655.1929
🚀 APPLYING GUIDANCE at step 46 (timestep=206)
final_loss: 1.1395514011383057
🎯 GUIDANCE STEP 46 (t=206): Loss=1.1396, Rho=2290.511963, Grad_norm=0.0004, Final_scale=22905.1196
🚀 APPLYING GUIDANCE at step 47 (timestep=160)
final_loss: 1.1395201683044434
🎯 GUIDANCE STEP 47 (t=160): Loss=1.1395, Rho=404.826416, Grad_norm=0.0025, Final_scale=4048.2642
🚀 APPLYING GUIDANCE at step 48 (timestep=111)
final_loss: 1.139263391494751
🎯 GUIDANCE STEP 48 (t=111): Loss=1.1393, Rho=2241.377686, Grad_norm=0.0004, Final_scale=22413.7769
🚀 APPLYING GUIDANCE at step 49 (timestep=57)
final_loss: 1.1387208700180054
🎯 GUIDANCE STEP 49 (t=57): Loss=1.1387, Rho=1619.089355, Grad_norm=0.0006, Final_scale=16190.8936
[guidance_f33_s50_w16c8_rho10.0_cfg5.0torch] Generated: generated_videos/subject_consistency/guidance_f33_s50_w16c8_rho10.0_cfg5.0torch/a bicycle accelerating to gain speed.mp4
[guidance_f33_s50_w16c8_rho10.0_cfg5.0torch] Generating video 3/9 (guidance): a car stuck in traffic during rush hour
🎬 STARTING GUIDANCE PIPELINE GENERATION
   Frames: 33, Steps: 50, CFG Scale: 5.0

🔧 GUIDANCE PIPELINE CONFIGURATION:
   Guidance range: 0 - 1001
   Rho scale: 10.0
   V-JEPA kernel_size: 16
   V-JEPA context_length: 8
   V-JEPA stride: 2
   V-JEPA mode: max
   Total timesteps: 50

🚀 APPLYING GUIDANCE at step 0 (timestep=999)
final_loss: 1.126827597618103
🎯 GUIDANCE STEP 0 (t=999): Loss=1.1268, Rho=45.527866, Grad_norm=0.0220, Final_scale=455.2787
🚀 APPLYING GUIDANCE at step 1 (timestep=992)
final_loss: 1.1334773302078247
🎯 GUIDANCE STEP 1 (t=992): Loss=1.1335, Rho=159.099396, Grad_norm=0.0063, Final_scale=1590.9940
🚀 APPLYING GUIDANCE at step 2 (timestep=985)
final_loss: 1.1371769905090332
🎯 GUIDANCE STEP 2 (t=985): Loss=1.1372, Rho=258.480896, Grad_norm=0.0039, Final_scale=2584.8090
🚀 APPLYING GUIDANCE at step 3 (timestep=978)
final_loss: 1.1349841356277466
🎯 GUIDANCE STEP 3 (t=978): Loss=1.1350, Rho=197.280945, Grad_norm=0.0051, Final_scale=1972.8094
🚀 APPLYING GUIDANCE at step 4 (timestep=971)
final_loss: 1.1355396509170532
🎯 GUIDANCE STEP 4 (t=971): Loss=1.1355, Rho=319.727081, Grad_norm=0.0031, Final_scale=3197.2708
🚀 APPLYING GUIDANCE at step 5 (timestep=963)
final_loss: 1.134111762046814
🎯 GUIDANCE STEP 5 (t=963): Loss=1.1341, Rho=286.664825, Grad_norm=0.0035, Final_scale=2866.6483
🚀 APPLYING GUIDANCE at step 6 (timestep=956)
final_loss: 1.1339696645736694
🎯 GUIDANCE STEP 6 (t=956): Loss=1.1340, Rho=327.239899, Grad_norm=0.0031, Final_scale=3272.3990
🚀 APPLYING GUIDANCE at step 7 (timestep=948)
final_loss: 1.1339797973632812
🎯 GUIDANCE STEP 7 (t=948): Loss=1.1340, Rho=397.159149, Grad_norm=0.0025, Final_scale=3971.5915
🚀 APPLYING GUIDANCE at step 8 (timestep=939)
final_loss: 1.1340774297714233
🎯 GUIDANCE STEP 8 (t=939): Loss=1.1341, Rho=364.583435, Grad_norm=0.0027, Final_scale=3645.8344
🚀 APPLYING GUIDANCE at step 9 (timestep=931)
final_loss: 1.1350796222686768
🎯 GUIDANCE STEP 9 (t=931): Loss=1.1351, Rho=390.270996, Grad_norm=0.0026, Final_scale=3902.7100
🚀 APPLYING GUIDANCE at step 10 (timestep=922)
final_loss: 1.1348236799240112
🎯 GUIDANCE STEP 10 (t=922): Loss=1.1348, Rho=462.142365, Grad_norm=0.0022, Final_scale=4621.4236
🚀 APPLYING GUIDANCE at step 11 (timestep=913)
final_loss: 1.1347492933273315
🎯 GUIDANCE STEP 11 (t=913): Loss=1.1347, Rho=424.212769, Grad_norm=0.0024, Final_scale=4242.1277
🚀 APPLYING GUIDANCE at step 12 (timestep=904)
final_loss: 1.1342569589614868
🎯 GUIDANCE STEP 12 (t=904): Loss=1.1343, Rho=430.341400, Grad_norm=0.0023, Final_scale=4303.4140
🚀 APPLYING GUIDANCE at step 13 (timestep=894)
final_loss: 1.134719967842102
🎯 GUIDANCE STEP 13 (t=894): Loss=1.1347, Rho=455.591614, Grad_norm=0.0022, Final_scale=4555.9161
🚀 APPLYING GUIDANCE at step 14 (timestep=884)
final_loss: 1.1341251134872437
🎯 GUIDANCE STEP 14 (t=884): Loss=1.1341, Rho=377.091461, Grad_norm=0.0027, Final_scale=3770.9146
🚀 APPLYING GUIDANCE at step 15 (timestep=874)
final_loss: 1.1344269514083862
🎯 GUIDANCE STEP 15 (t=874): Loss=1.1344, Rho=394.696899, Grad_norm=0.0025, Final_scale=3946.9690
🚀 APPLYING GUIDANCE at step 16 (timestep=864)
final_loss: 1.1347118616104126
🎯 GUIDANCE STEP 16 (t=864): Loss=1.1347, Rho=402.142365, Grad_norm=0.0025, Final_scale=4021.4236
🚀 APPLYING GUIDANCE at step 17 (timestep=853)
final_loss: 1.1347473859786987
🎯 GUIDANCE STEP 17 (t=853): Loss=1.1347, Rho=314.064880, Grad_norm=0.0032, Final_scale=3140.6488
🚀 APPLYING GUIDANCE at step 18 (timestep=841)
final_loss: 1.1346184015274048
🎯 GUIDANCE STEP 18 (t=841): Loss=1.1346, Rho=412.171600, Grad_norm=0.0024, Final_scale=4121.7160
🚀 APPLYING GUIDANCE at step 19 (timestep=829)
final_loss: 1.1344223022460938
🎯 GUIDANCE STEP 19 (t=829): Loss=1.1344, Rho=453.443146, Grad_norm=0.0022, Final_scale=4534.4315
🚀 APPLYING GUIDANCE at step 20 (timestep=817)
final_loss: 1.1345854997634888
🎯 GUIDANCE STEP 20 (t=817): Loss=1.1346, Rho=398.273041, Grad_norm=0.0025, Final_scale=3982.7304
🚀 APPLYING GUIDANCE at step 21 (timestep=805)
final_loss: 1.134114146232605
🎯 GUIDANCE STEP 21 (t=805): Loss=1.1341, Rho=459.508820, Grad_norm=0.0022, Final_scale=4595.0882
🚀 APPLYING GUIDANCE at step 22 (timestep=792)
final_loss: 1.1342564821243286
🎯 GUIDANCE STEP 22 (t=792): Loss=1.1343, Rho=458.344330, Grad_norm=0.0022, Final_scale=4583.4433
🚀 APPLYING GUIDANCE at step 23 (timestep=778)
final_loss: 1.1342289447784424
🎯 GUIDANCE STEP 23 (t=778): Loss=1.1342, Rho=416.242096, Grad_norm=0.0024, Final_scale=4162.4210
🚀 APPLYING GUIDANCE at step 24 (timestep=764)
final_loss: 1.1342859268188477
🎯 GUIDANCE STEP 24 (t=764): Loss=1.1343, Rho=472.001648, Grad_norm=0.0021, Final_scale=4720.0165
🚀 APPLYING GUIDANCE at step 25 (timestep=749)
final_loss: 1.134385347366333
🎯 GUIDANCE STEP 25 (t=749): Loss=1.1344, Rho=477.115479, Grad_norm=0.0021, Final_scale=4771.1548
🚀 APPLYING GUIDANCE at step 26 (timestep=734)
final_loss: 1.1343790292739868
🎯 GUIDANCE STEP 26 (t=734): Loss=1.1344, Rho=553.303955, Grad_norm=0.0018, Final_scale=5533.0396
🚀 APPLYING GUIDANCE at step 27 (timestep=718)
final_loss: 1.1342226266860962
🎯 GUIDANCE STEP 27 (t=718): Loss=1.1342, Rho=501.410583, Grad_norm=0.0020, Final_scale=5014.1058
🚀 APPLYING GUIDANCE at step 28 (timestep=701)
final_loss: 1.134494423866272
🎯 GUIDANCE STEP 28 (t=701): Loss=1.1345, Rho=426.469299, Grad_norm=0.0023, Final_scale=4264.6930
🚀 APPLYING GUIDANCE at step 29 (timestep=684)
final_loss: 1.1343507766723633
🎯 GUIDANCE STEP 29 (t=684): Loss=1.1344, Rho=611.127502, Grad_norm=0.0016, Final_scale=6111.2750
🚀 APPLYING GUIDANCE at step 30 (timestep=666)
final_loss: 1.1342476606369019
🎯 GUIDANCE STEP 30 (t=666): Loss=1.1342, Rho=634.617065, Grad_norm=0.0016, Final_scale=6346.1707
🚀 APPLYING GUIDANCE at step 31 (timestep=647)
final_loss: 1.1342445611953735
🎯 GUIDANCE STEP 31 (t=647): Loss=1.1342, Rho=611.272583, Grad_norm=0.0016, Final_scale=6112.7258
🚀 APPLYING GUIDANCE at step 32 (timestep=627)
final_loss: 1.1341835260391235
🎯 GUIDANCE STEP 32 (t=627): Loss=1.1342, Rho=691.916626, Grad_norm=0.0014, Final_scale=6919.1663
🚀 APPLYING GUIDANCE at step 33 (timestep=606)
final_loss: 1.1340099573135376
🎯 GUIDANCE STEP 33 (t=606): Loss=1.1340, Rho=589.840942, Grad_norm=0.0017, Final_scale=5898.4094
🚀 APPLYING GUIDANCE at step 34 (timestep=585)
final_loss: 1.1342720985412598
🎯 GUIDANCE STEP 34 (t=585): Loss=1.1343, Rho=761.636292, Grad_norm=0.0013, Final_scale=7616.3629
🚀 APPLYING GUIDANCE at step 35 (timestep=562)
final_loss: 1.1338781118392944
🎯 GUIDANCE STEP 35 (t=562): Loss=1.1339, Rho=712.094604, Grad_norm=0.0014, Final_scale=7120.9460
🚀 APPLYING GUIDANCE at step 36 (timestep=538)
final_loss: 1.1338239908218384
🎯 GUIDANCE STEP 36 (t=538): Loss=1.1338, Rho=938.585327, Grad_norm=0.0011, Final_scale=9385.8533
🚀 APPLYING GUIDANCE at step 37 (timestep=512)
final_loss: 1.1337528228759766
🎯 GUIDANCE STEP 37 (t=512): Loss=1.1338, Rho=818.413940, Grad_norm=0.0012, Final_scale=8184.1394
🚀 APPLYING GUIDANCE at step 38 (timestep=486)
final_loss: 1.1334774494171143
🎯 GUIDANCE STEP 38 (t=486): Loss=1.1335, Rho=919.749451, Grad_norm=0.0011, Final_scale=9197.4945
🚀 APPLYING GUIDANCE at step 39 (timestep=458)
final_loss: 1.133498191833496
🎯 GUIDANCE STEP 39 (t=458): Loss=1.1335, Rho=1101.047974, Grad_norm=0.0009, Final_scale=11010.4797
🚀 APPLYING GUIDANCE at step 40 (timestep=428)
final_loss: 1.1332752704620361
🎯 GUIDANCE STEP 40 (t=428): Loss=1.1333, Rho=980.104675, Grad_norm=0.0010, Final_scale=9801.0468
🚀 APPLYING GUIDANCE at step 41 (timestep=396)
final_loss: 1.1330710649490356
🎯 GUIDANCE STEP 41 (t=396): Loss=1.1331, Rho=1197.958496, Grad_norm=0.0008, Final_scale=11979.5850
🚀 APPLYING GUIDANCE at step 42 (timestep=363)
final_loss: 1.1327956914901733
🎯 GUIDANCE STEP 42 (t=363): Loss=1.1328, Rho=1028.223877, Grad_norm=0.0010, Final_scale=10282.2388
🚀 APPLYING GUIDANCE at step 43 (timestep=327)
final_loss: 1.132781982421875
🎯 GUIDANCE STEP 43 (t=327): Loss=1.1328, Rho=1189.775879, Grad_norm=0.0008, Final_scale=11897.7588
🚀 APPLYING GUIDANCE at step 44 (timestep=290)
final_loss: 1.1325105428695679
🎯 GUIDANCE STEP 44 (t=290): Loss=1.1325, Rho=1231.953125, Grad_norm=0.0008, Final_scale=12319.5312
🚀 APPLYING GUIDANCE at step 45 (timestep=249)
final_loss: 1.1321550607681274
🎯 GUIDANCE STEP 45 (t=249): Loss=1.1322, Rho=1205.610962, Grad_norm=0.0008, Final_scale=12056.1096
🚀 APPLYING GUIDANCE at step 46 (timestep=206)
final_loss: 1.1318597793579102
🎯 GUIDANCE STEP 46 (t=206): Loss=1.1319, Rho=1069.353760, Grad_norm=0.0009, Final_scale=10693.5376
🚀 APPLYING GUIDANCE at step 47 (timestep=160)
final_loss: 1.1312410831451416
🎯 GUIDANCE STEP 47 (t=160): Loss=1.1312, Rho=1168.653076, Grad_norm=0.0009, Final_scale=11686.5308
🚀 APPLYING GUIDANCE at step 48 (timestep=111)
final_loss: 1.1305712461471558
🎯 GUIDANCE STEP 48 (t=111): Loss=1.1306, Rho=821.326904, Grad_norm=0.0012, Final_scale=8213.2690
🚀 APPLYING GUIDANCE at step 49 (timestep=57)
final_loss: 1.1305513381958008
🎯 GUIDANCE STEP 49 (t=57): Loss=1.1306, Rho=697.456848, Grad_norm=0.0014, Final_scale=6974.5685
[guidance_f33_s50_w16c8_rho10.0_cfg5.0torch] Generated: generated_videos/subject_consistency/guidance_f33_s50_w16c8_rho10.0_cfg5.0torch/a bear climbing a tree.mp4
[guidance_f33_s50_w16c8_rho10.0_cfg5.0torch] Generating video 3/9 (guidance): a bear hunting for prey
🎬 STARTING GUIDANCE PIPELINE GENERATION
   Frames: 33, Steps: 50, CFG Scale: 5.0

🔧 GUIDANCE PIPELINE CONFIGURATION:
   Guidance range: 0 - 1001
   Rho scale: 10.0
   V-JEPA kernel_size: 16
   V-JEPA context_length: 8
   V-JEPA stride: 2
   V-JEPA mode: max
   Total timesteps: 50

🚀 APPLYING GUIDANCE at step 0 (timestep=999)
final_loss: 1.1332148313522339
🎯 GUIDANCE STEP 0 (t=999): Loss=1.1332, Rho=163.981628, Grad_norm=0.0061, Final_scale=1639.8163
🚀 APPLYING GUIDANCE at step 1 (timestep=992)
final_loss: 1.1304315328598022
🎯 GUIDANCE STEP 1 (t=992): Loss=1.1304, Rho=172.175949, Grad_norm=0.0058, Final_scale=1721.7595
🚀 APPLYING GUIDANCE at step 2 (timestep=985)
final_loss: 1.1268105506896973
🎯 GUIDANCE STEP 2 (t=985): Loss=1.1268, Rho=208.338806, Grad_norm=0.0048, Final_scale=2083.3881
🚀 APPLYING GUIDANCE at step 3 (timestep=978)
final_loss: 1.125312089920044
🎯 GUIDANCE STEP 3 (t=978): Loss=1.1253, Rho=286.603210, Grad_norm=0.0035, Final_scale=2866.0321
🚀 APPLYING GUIDANCE at step 4 (timestep=971)
final_loss: 1.1280807256698608
🎯 GUIDANCE STEP 4 (t=971): Loss=1.1281, Rho=269.782898, Grad_norm=0.0037, Final_scale=2697.8290
🚀 APPLYING GUIDANCE at step 5 (timestep=963)
final_loss: 1.1265759468078613
🎯 GUIDANCE STEP 5 (t=963): Loss=1.1266, Rho=211.652267, Grad_norm=0.0047, Final_scale=2116.5227
🚀 APPLYING GUIDANCE at step 6 (timestep=956)
final_loss: 1.1256580352783203
🎯 GUIDANCE STEP 6 (t=956): Loss=1.1257, Rho=196.617523, Grad_norm=0.0051, Final_scale=1966.1752
🚀 APPLYING GUIDANCE at step 7 (timestep=948)
final_loss: 1.1249278783798218
🎯 GUIDANCE STEP 7 (t=948): Loss=1.1249, Rho=179.419662, Grad_norm=0.0056, Final_scale=1794.1966
🚀 APPLYING GUIDANCE at step 8 (timestep=939)
final_loss: 1.1253336668014526
🎯 GUIDANCE STEP 8 (t=939): Loss=1.1253, Rho=172.473221, Grad_norm=0.0058, Final_scale=1724.7322
🚀 APPLYING GUIDANCE at step 9 (timestep=931)
final_loss: 1.1243442296981812
🎯 GUIDANCE STEP 9 (t=931): Loss=1.1243, Rho=288.960693, Grad_norm=0.0035, Final_scale=2889.6069
🚀 APPLYING GUIDANCE at step 10 (timestep=922)
final_loss: 1.1238422393798828
🎯 GUIDANCE STEP 10 (t=922): Loss=1.1238, Rho=284.428619, Grad_norm=0.0035, Final_scale=2844.2862
🚀 APPLYING GUIDANCE at step 11 (timestep=913)
final_loss: 1.1239391565322876
🎯 GUIDANCE STEP 11 (t=913): Loss=1.1239, Rho=323.868835, Grad_norm=0.0031, Final_scale=3238.6884
🚀 APPLYING GUIDANCE at step 12 (timestep=904)
final_loss: 1.1242245435714722
🎯 GUIDANCE STEP 12 (t=904): Loss=1.1242, Rho=380.709625, Grad_norm=0.0026, Final_scale=3807.0963
🚀 APPLYING GUIDANCE at step 13 (timestep=894)
final_loss: 1.1241644620895386
🎯 GUIDANCE STEP 13 (t=894): Loss=1.1242, Rho=385.037170, Grad_norm=0.0026, Final_scale=3850.3717
🚀 APPLYING GUIDANCE at step 14 (timestep=884)
final_loss: 1.1241178512573242
🎯 GUIDANCE STEP 14 (t=884): Loss=1.1241, Rho=440.135376, Grad_norm=0.0023, Final_scale=4401.3538
🚀 APPLYING GUIDANCE at step 15 (timestep=874)
final_loss: 1.123881220817566
🎯 GUIDANCE STEP 15 (t=874): Loss=1.1239, Rho=455.274017, Grad_norm=0.0022, Final_scale=4552.7402
🚀 APPLYING GUIDANCE at step 16 (timestep=864)
final_loss: 1.1238468885421753
🎯 GUIDANCE STEP 16 (t=864): Loss=1.1238, Rho=426.577484, Grad_norm=0.0023, Final_scale=4265.7748
🚀 APPLYING GUIDANCE at step 17 (timestep=853)
final_loss: 1.123777151107788
🎯 GUIDANCE STEP 17 (t=853): Loss=1.1238, Rho=653.159546, Grad_norm=0.0015, Final_scale=6531.5955
🚀 APPLYING GUIDANCE at step 18 (timestep=841)
final_loss: 1.123779535293579
🎯 GUIDANCE STEP 18 (t=841): Loss=1.1238, Rho=607.709167, Grad_norm=0.0016, Final_scale=6077.0917
🚀 APPLYING GUIDANCE at step 19 (timestep=829)
final_loss: 1.1237964630126953
🎯 GUIDANCE STEP 19 (t=829): Loss=1.1238, Rho=672.536743, Grad_norm=0.0015, Final_scale=6725.3674
🚀 APPLYING GUIDANCE at step 20 (timestep=817)
final_loss: 1.1237355470657349
🎯 GUIDANCE STEP 20 (t=817): Loss=1.1237, Rho=213.559906, Grad_norm=0.0047, Final_scale=2135.5991
🚀 APPLYING GUIDANCE at step 21 (timestep=805)
final_loss: 1.1237475872039795
🎯 GUIDANCE STEP 21 (t=805): Loss=1.1237, Rho=773.474670, Grad_norm=0.0013, Final_scale=7734.7467
🚀 APPLYING GUIDANCE at step 22 (timestep=792)
final_loss: 1.1237024068832397
🎯 GUIDANCE STEP 22 (t=792): Loss=1.1237, Rho=908.375549, Grad_norm=0.0011, Final_scale=9083.7555
🚀 APPLYING GUIDANCE at step 23 (timestep=778)
final_loss: 1.1236438751220703
🎯 GUIDANCE STEP 23 (t=778): Loss=1.1236, Rho=828.401672, Grad_norm=0.0012, Final_scale=8284.0167
🚀 APPLYING GUIDANCE at step 24 (timestep=764)
final_loss: 1.1237062215805054
🎯 GUIDANCE STEP 24 (t=764): Loss=1.1237, Rho=813.808289, Grad_norm=0.0012, Final_scale=8138.0829
🚀 APPLYING GUIDANCE at step 25 (timestep=749)
final_loss: 1.123752474784851
🎯 GUIDANCE STEP 25 (t=749): Loss=1.1238, Rho=1077.552734, Grad_norm=0.0009, Final_scale=10775.5273
🚀 APPLYING GUIDANCE at step 26 (timestep=734)
final_loss: 1.123448133468628
🎯 GUIDANCE STEP 26 (t=734): Loss=1.1234, Rho=1117.014160, Grad_norm=0.0009, Final_scale=11170.1416
🚀 APPLYING GUIDANCE at step 27 (timestep=718)
final_loss: 1.1233347654342651
🎯 GUIDANCE STEP 27 (t=718): Loss=1.1233, Rho=1137.270386, Grad_norm=0.0009, Final_scale=11372.7039
🚀 APPLYING GUIDANCE at step 28 (timestep=701)
final_loss: 1.1233744621276855
🎯 GUIDANCE STEP 28 (t=701): Loss=1.1234, Rho=1244.685425, Grad_norm=0.0008, Final_scale=12446.8542
🚀 APPLYING GUIDANCE at step 29 (timestep=684)
final_loss: 1.123084306716919
🎯 GUIDANCE STEP 29 (t=684): Loss=1.1231, Rho=1342.268677, Grad_norm=0.0007, Final_scale=13422.6868
🚀 APPLYING GUIDANCE at step 30 (timestep=666)
final_loss: 1.1231145858764648
🎯 GUIDANCE STEP 30 (t=666): Loss=1.1231, Rho=826.666687, Grad_norm=0.0012, Final_scale=8266.6669
🚀 APPLYING GUIDANCE at step 31 (timestep=647)
final_loss: 1.1231441497802734
🎯 GUIDANCE STEP 31 (t=647): Loss=1.1231, Rho=1397.630981, Grad_norm=0.0007, Final_scale=13976.3098
🚀 APPLYING GUIDANCE at step 32 (timestep=627)
final_loss: 1.1229877471923828
🎯 GUIDANCE STEP 32 (t=627): Loss=1.1230, Rho=1645.908936, Grad_norm=0.0006, Final_scale=16459.0894
🚀 APPLYING GUIDANCE at step 33 (timestep=606)
final_loss: 1.1230024099349976
🎯 GUIDANCE STEP 33 (t=606): Loss=1.1230, Rho=1552.309814, Grad_norm=0.0006, Final_scale=15523.0981
🚀 APPLYING GUIDANCE at step 34 (timestep=585)
final_loss: 1.1229058504104614
🎯 GUIDANCE STEP 34 (t=585): Loss=1.1229, Rho=1829.737427, Grad_norm=0.0005, Final_scale=18297.3743
🚀 APPLYING GUIDANCE at step 35 (timestep=562)
final_loss: 1.1228951215744019
🎯 GUIDANCE STEP 35 (t=562): Loss=1.1229, Rho=1797.517334, Grad_norm=0.0006, Final_scale=17975.1733
🚀 APPLYING GUIDANCE at step 36 (timestep=538)
final_loss: 1.1226533651351929
🎯 GUIDANCE STEP 36 (t=538): Loss=1.1227, Rho=2006.470825, Grad_norm=0.0005, Final_scale=20064.7083
🚀 APPLYING GUIDANCE at step 37 (timestep=512)
final_loss: 1.122690200805664
🎯 GUIDANCE STEP 37 (t=512): Loss=1.1227, Rho=1681.357178, Grad_norm=0.0006, Final_scale=16813.5718
🚀 APPLYING GUIDANCE at step 38 (timestep=486)
final_loss: 1.1225330829620361
🎯 GUIDANCE STEP 38 (t=486): Loss=1.1225, Rho=1916.292480, Grad_norm=0.0005, Final_scale=19162.9248
🚀 APPLYING GUIDANCE at step 39 (timestep=458)
final_loss: 1.1223958730697632
🎯 GUIDANCE STEP 39 (t=458): Loss=1.1224, Rho=1320.665283, Grad_norm=0.0008, Final_scale=13206.6528
🚀 APPLYING GUIDANCE at step 40 (timestep=428)
final_loss: 1.122384786605835
🎯 GUIDANCE STEP 40 (t=428): Loss=1.1224, Rho=2334.215088, Grad_norm=0.0004, Final_scale=23342.1509
🚀 APPLYING GUIDANCE at step 41 (timestep=396)
final_loss: 1.1220678091049194
🎯 GUIDANCE STEP 41 (t=396): Loss=1.1221, Rho=2028.608276, Grad_norm=0.0005, Final_scale=20286.0828
🚀 APPLYING GUIDANCE at step 42 (timestep=363)
final_loss: 1.1218756437301636
🎯 GUIDANCE STEP 42 (t=363): Loss=1.1219, Rho=2277.866943, Grad_norm=0.0004, Final_scale=22778.6694
🚀 APPLYING GUIDANCE at step 43 (timestep=327)
final_loss: 1.1215581893920898
🎯 GUIDANCE STEP 43 (t=327): Loss=1.1216, Rho=1108.501465, Grad_norm=0.0009, Final_scale=11085.0146
🚀 APPLYING GUIDANCE at step 44 (timestep=290)
final_loss: 1.1215938329696655
🎯 GUIDANCE STEP 44 (t=290): Loss=1.1216, Rho=2368.480225, Grad_norm=0.0004, Final_scale=23684.8022
🚀 APPLYING GUIDANCE at step 45 (timestep=249)
final_loss: 1.1210428476333618
🎯 GUIDANCE STEP 45 (t=249): Loss=1.1210, Rho=2480.240479, Grad_norm=0.0004, Final_scale=24802.4048
🚀 APPLYING GUIDANCE at step 46 (timestep=206)
final_loss: 1.1206153631210327
🎯 GUIDANCE STEP 46 (t=206): Loss=1.1206, Rho=2025.070679, Grad_norm=0.0005, Final_scale=20250.7068
🚀 APPLYING GUIDANCE at step 47 (timestep=160)
final_loss: 1.1202243566513062
🎯 GUIDANCE STEP 47 (t=160): Loss=1.1202, Rho=2263.934570, Grad_norm=0.0004, Final_scale=22639.3457
🚀 APPLYING GUIDANCE at step 48 (timestep=111)
final_loss: 1.1191036701202393
🎯 GUIDANCE STEP 48 (t=111): Loss=1.1191, Rho=1491.530884, Grad_norm=0.0007, Final_scale=14915.3088
🚀 APPLYING GUIDANCE at step 49 (timestep=57)
final_loss: 1.1175354719161987
🎯 GUIDANCE STEP 49 (t=57): Loss=1.1175, Rho=1477.603516, Grad_norm=0.0007, Final_scale=14776.0352
[guidance_f33_s50_w16c8_rho10.0_cfg5.0torch] Generated: generated_videos/subject_consistency/guidance_f33_s50_w16c8_rho10.0_cfg5.0torch/a person giving a presentation to a room full of colleagues.mp4
[guidance_f33_s50_w16c8_rho10.0_cfg5.0torch] Generating video 3/9 (guidance): a person washing the dishes
🎬 STARTING GUIDANCE PIPELINE GENERATION
   Frames: 33, Steps: 50, CFG Scale: 5.0

🔧 GUIDANCE PIPELINE CONFIGURATION:
   Guidance range: 0 - 1001
   Rho scale: 10.0
   V-JEPA kernel_size: 16
   V-JEPA context_length: 8
   V-JEPA stride: 2
   V-JEPA mode: max
   Total timesteps: 50

🚀 APPLYING GUIDANCE at step 0 (timestep=999)
final_loss: 1.1374562978744507
🎯 GUIDANCE STEP 0 (t=999): Loss=1.1375, Rho=34.726486, Grad_norm=0.0288, Final_scale=347.2649
🚀 APPLYING GUIDANCE at step 1 (timestep=992)
final_loss: 1.1211347579956055
🎯 GUIDANCE STEP 1 (t=992): Loss=1.1211, Rho=155.722397, Grad_norm=0.0064, Final_scale=1557.2240
🚀 APPLYING GUIDANCE at step 2 (timestep=985)
final_loss: 1.1335567235946655
🎯 GUIDANCE STEP 2 (t=985): Loss=1.1336, Rho=121.857216, Grad_norm=0.0082, Final_scale=1218.5722
🚀 APPLYING GUIDANCE at step 3 (timestep=978)
final_loss: 1.1354211568832397
🎯 GUIDANCE STEP 3 (t=978): Loss=1.1354, Rho=125.122101, Grad_norm=0.0080, Final_scale=1251.2210
🚀 APPLYING GUIDANCE at step 4 (timestep=971)
final_loss: 1.1368755102157593
🎯 GUIDANCE STEP 4 (t=971): Loss=1.1369, Rho=115.959740, Grad_norm=0.0086, Final_scale=1159.5974
🚀 APPLYING GUIDANCE at step 5 (timestep=963)
final_loss: 1.134735345840454
🎯 GUIDANCE STEP 5 (t=963): Loss=1.1347, Rho=166.490204, Grad_norm=0.0060, Final_scale=1664.9020
🚀 APPLYING GUIDANCE at step 6 (timestep=956)
final_loss: 1.1374397277832031
🎯 GUIDANCE STEP 6 (t=956): Loss=1.1374, Rho=122.091118, Grad_norm=0.0082, Final_scale=1220.9112
🚀 APPLYING GUIDANCE at step 7 (timestep=948)
final_loss: 1.1380255222320557
🎯 GUIDANCE STEP 7 (t=948): Loss=1.1380, Rho=167.966629, Grad_norm=0.0060, Final_scale=1679.6663
🚀 APPLYING GUIDANCE at step 8 (timestep=939)
final_loss: 1.1374350786209106
🎯 GUIDANCE STEP 8 (t=939): Loss=1.1374, Rho=126.025566, Grad_norm=0.0079, Final_scale=1260.2557
🚀 APPLYING GUIDANCE at step 9 (timestep=931)
final_loss: 1.1364244222640991
🎯 GUIDANCE STEP 9 (t=931): Loss=1.1364, Rho=117.515205, Grad_norm=0.0085, Final_scale=1175.1521
🚀 APPLYING GUIDANCE at step 10 (timestep=922)
final_loss: 1.1366053819656372
🎯 GUIDANCE STEP 10 (t=922): Loss=1.1366, Rho=107.881851, Grad_norm=0.0093, Final_scale=1078.8185
🚀 APPLYING GUIDANCE at step 11 (timestep=913)
final_loss: 1.1366063356399536
🎯 GUIDANCE STEP 11 (t=913): Loss=1.1366, Rho=105.879517, Grad_norm=0.0094, Final_scale=1058.7952
🚀 APPLYING GUIDANCE at step 12 (timestep=904)
final_loss: 1.136678695678711
🎯 GUIDANCE STEP 12 (t=904): Loss=1.1367, Rho=132.770630, Grad_norm=0.0075, Final_scale=1327.7063
🚀 APPLYING GUIDANCE at step 13 (timestep=894)
final_loss: 1.1367628574371338
🎯 GUIDANCE STEP 13 (t=894): Loss=1.1368, Rho=103.350777, Grad_norm=0.0097, Final_scale=1033.5078
🚀 APPLYING GUIDANCE at step 14 (timestep=884)
final_loss: 1.1368227005004883
🎯 GUIDANCE STEP 14 (t=884): Loss=1.1368, Rho=92.798386, Grad_norm=0.0108, Final_scale=927.9839
🚀 APPLYING GUIDANCE at step 15 (timestep=874)
final_loss: 1.1365301609039307
🎯 GUIDANCE STEP 15 (t=874): Loss=1.1365, Rho=109.846786, Grad_norm=0.0091, Final_scale=1098.4679
🚀 APPLYING GUIDANCE at step 16 (timestep=864)
final_loss: 1.136155605316162
🎯 GUIDANCE STEP 16 (t=864): Loss=1.1362, Rho=140.782303, Grad_norm=0.0071, Final_scale=1407.8230
🚀 APPLYING GUIDANCE at step 17 (timestep=853)
final_loss: 1.1358333826065063
🎯 GUIDANCE STEP 17 (t=853): Loss=1.1358, Rho=125.539848, Grad_norm=0.0080, Final_scale=1255.3985
🚀 APPLYING GUIDANCE at step 18 (timestep=841)
final_loss: 1.1365163326263428
🎯 GUIDANCE STEP 18 (t=841): Loss=1.1365, Rho=102.599365, Grad_norm=0.0097, Final_scale=1025.9937
🚀 APPLYING GUIDANCE at step 19 (timestep=829)
final_loss: 1.136246919631958
🎯 GUIDANCE STEP 19 (t=829): Loss=1.1362, Rho=136.274185, Grad_norm=0.0073, Final_scale=1362.7419
🚀 APPLYING GUIDANCE at step 20 (timestep=817)
final_loss: 1.1361761093139648
🎯 GUIDANCE STEP 20 (t=817): Loss=1.1362, Rho=159.339493, Grad_norm=0.0063, Final_scale=1593.3949
🚀 APPLYING GUIDANCE at step 21 (timestep=805)
final_loss: 1.1361786127090454
🎯 GUIDANCE STEP 21 (t=805): Loss=1.1362, Rho=114.809311, Grad_norm=0.0087, Final_scale=1148.0931
🚀 APPLYING GUIDANCE at step 22 (timestep=792)
final_loss: 1.1361260414123535
🎯 GUIDANCE STEP 22 (t=792): Loss=1.1361, Rho=167.883865, Grad_norm=0.0060, Final_scale=1678.8387
🚀 APPLYING GUIDANCE at step 23 (timestep=778)
final_loss: 1.1360353231430054
🎯 GUIDANCE STEP 23 (t=778): Loss=1.1360, Rho=104.818756, Grad_norm=0.0095, Final_scale=1048.1876
🚀 APPLYING GUIDANCE at step 24 (timestep=764)
final_loss: 1.1360594034194946
🎯 GUIDANCE STEP 24 (t=764): Loss=1.1361, Rho=160.429550, Grad_norm=0.0062, Final_scale=1604.2955
🚀 APPLYING GUIDANCE at step 25 (timestep=749)
final_loss: 1.1358507871627808
🎯 GUIDANCE STEP 25 (t=749): Loss=1.1359, Rho=134.334259, Grad_norm=0.0074, Final_scale=1343.3426
🚀 APPLYING GUIDANCE at step 26 (timestep=734)
final_loss: 1.1355767250061035
🎯 GUIDANCE STEP 26 (t=734): Loss=1.1356, Rho=151.714584, Grad_norm=0.0066, Final_scale=1517.1458
🚀 APPLYING GUIDANCE at step 27 (timestep=718)
final_loss: 1.1356021165847778
🎯 GUIDANCE STEP 27 (t=718): Loss=1.1356, Rho=192.718002, Grad_norm=0.0052, Final_scale=1927.1800
🚀 APPLYING GUIDANCE at step 28 (timestep=701)
final_loss: 1.1356576681137085
🎯 GUIDANCE STEP 28 (t=701): Loss=1.1357, Rho=229.479950, Grad_norm=0.0044, Final_scale=2294.7995
🚀 APPLYING GUIDANCE at step 29 (timestep=684)
final_loss: 1.135474443435669
🎯 GUIDANCE STEP 29 (t=684): Loss=1.1355, Rho=90.238747, Grad_norm=0.0111, Final_scale=902.3875
🚀 APPLYING GUIDANCE at step 30 (timestep=666)
final_loss: 1.1356441974639893
🎯 GUIDANCE STEP 30 (t=666): Loss=1.1356, Rho=146.408676, Grad_norm=0.0068, Final_scale=1464.0868
🚀 APPLYING GUIDANCE at step 31 (timestep=647)
final_loss: 1.1356966495513916
🎯 GUIDANCE STEP 31 (t=647): Loss=1.1357, Rho=178.621368, Grad_norm=0.0056, Final_scale=1786.2137
🚀 APPLYING GUIDANCE at step 32 (timestep=627)
final_loss: 1.1357086896896362
🎯 GUIDANCE STEP 32 (t=627): Loss=1.1357, Rho=170.782425, Grad_norm=0.0059, Final_scale=1707.8242
🚀 APPLYING GUIDANCE at step 33 (timestep=606)
final_loss: 1.1356521844863892
🎯 GUIDANCE STEP 33 (t=606): Loss=1.1357, Rho=252.444641, Grad_norm=0.0040, Final_scale=2524.4464
🚀 APPLYING GUIDANCE at step 34 (timestep=585)
final_loss: 1.1356799602508545
🎯 GUIDANCE STEP 34 (t=585): Loss=1.1357, Rho=237.721741, Grad_norm=0.0042, Final_scale=2377.2174
🚀 APPLYING GUIDANCE at step 35 (timestep=562)
final_loss: 1.1357805728912354
🎯 GUIDANCE STEP 35 (t=562): Loss=1.1358, Rho=270.640625, Grad_norm=0.0037, Final_scale=2706.4062
🚀 APPLYING GUIDANCE at step 36 (timestep=538)
final_loss: 1.135638952255249
🎯 GUIDANCE STEP 36 (t=538): Loss=1.1356, Rho=321.177094, Grad_norm=0.0031, Final_scale=3211.7709
🚀 APPLYING GUIDANCE at step 37 (timestep=512)
final_loss: 1.1354262828826904
🎯 GUIDANCE STEP 37 (t=512): Loss=1.1354, Rho=263.353607, Grad_norm=0.0038, Final_scale=2633.5361
🚀 APPLYING GUIDANCE at step 38 (timestep=486)
final_loss: 1.135392427444458
🎯 GUIDANCE STEP 38 (t=486): Loss=1.1354, Rho=210.106674, Grad_norm=0.0048, Final_scale=2101.0667
🚀 APPLYING GUIDANCE at step 39 (timestep=458)
final_loss: 1.13542640209198
🎯 GUIDANCE STEP 39 (t=458): Loss=1.1354, Rho=488.363708, Grad_norm=0.0020, Final_scale=4883.6371
🚀 APPLYING GUIDANCE at step 40 (timestep=428)
final_loss: 1.1353075504302979
🎯 GUIDANCE STEP 40 (t=428): Loss=1.1353, Rho=385.053894, Grad_norm=0.0026, Final_scale=3850.5389
🚀 APPLYING GUIDANCE at step 41 (timestep=396)
final_loss: 1.1350270509719849
🎯 GUIDANCE STEP 41 (t=396): Loss=1.1350, Rho=631.858276, Grad_norm=0.0016, Final_scale=6318.5828
🚀 APPLYING GUIDANCE at step 42 (timestep=363)
final_loss: 1.1351302862167358
🎯 GUIDANCE STEP 42 (t=363): Loss=1.1351, Rho=400.721771, Grad_norm=0.0025, Final_scale=4007.2177
🚀 APPLYING GUIDANCE at step 43 (timestep=327)
final_loss: 1.1350650787353516
🎯 GUIDANCE STEP 43 (t=327): Loss=1.1351, Rho=467.019348, Grad_norm=0.0021, Final_scale=4670.1935
🚀 APPLYING GUIDANCE at step 44 (timestep=290)
final_loss: 1.1349900960922241
🎯 GUIDANCE STEP 44 (t=290): Loss=1.1350, Rho=443.011078, Grad_norm=0.0023, Final_scale=4430.1108
🚀 APPLYING GUIDANCE at step 45 (timestep=249)
final_loss: 1.1346067190170288
🎯 GUIDANCE STEP 45 (t=249): Loss=1.1346, Rho=774.016235, Grad_norm=0.0013, Final_scale=7740.1624
🚀 APPLYING GUIDANCE at step 46 (timestep=206)
final_loss: 1.1340916156768799
🎯 GUIDANCE STEP 46 (t=206): Loss=1.1341, Rho=825.451477, Grad_norm=0.0012, Final_scale=8254.5148
🚀 APPLYING GUIDANCE at step 47 (timestep=160)
final_loss: 1.133535385131836
🎯 GUIDANCE STEP 47 (t=160): Loss=1.1335, Rho=925.349304, Grad_norm=0.0011, Final_scale=9253.4930
🚀 APPLYING GUIDANCE at step 48 (timestep=111)
final_loss: 1.1327946186065674
🎯 GUIDANCE STEP 48 (t=111): Loss=1.1328, Rho=730.677551, Grad_norm=0.0014, Final_scale=7306.7755
🚀 APPLYING GUIDANCE at step 49 (timestep=57)
final_loss: 1.1307793855667114
🎯 GUIDANCE STEP 49 (t=57): Loss=1.1308, Rho=810.645569, Grad_norm=0.0012, Final_scale=8106.4557
[guidance_f33_s50_w16c8_rho10.0_cfg5.0torch] Generated: generated_videos/subject_consistency/guidance_f33_s50_w16c8_rho10.0_cfg5.0torch/a train crossing over a tall bridge.mp4
[guidance_f33_s50_w16c8_rho10.0_cfg5.0torch] Generating video 3/9 (guidance): a train accelerating to gain speed
🎬 STARTING GUIDANCE PIPELINE GENERATION
   Frames: 33, Steps: 50, CFG Scale: 5.0

🔧 GUIDANCE PIPELINE CONFIGURATION:
   Guidance range: 0 - 1001
   Rho scale: 10.0
   V-JEPA kernel_size: 16
   V-JEPA context_length: 8
   V-JEPA stride: 2
   V-JEPA mode: max
   Total timesteps: 50

🚀 APPLYING GUIDANCE at step 0 (timestep=999)
final_loss: 1.1314561367034912
🎯 GUIDANCE STEP 0 (t=999): Loss=1.1315, Rho=80.969566, Grad_norm=0.0124, Final_scale=809.6957
🚀 APPLYING GUIDANCE at step 1 (timestep=992)
final_loss: 1.1479905843734741
🎯 GUIDANCE STEP 1 (t=992): Loss=1.1480, Rho=64.137238, Grad_norm=0.0156, Final_scale=641.3724
🚀 APPLYING GUIDANCE at step 2 (timestep=985)
final_loss: 1.1466087102890015
🎯 GUIDANCE STEP 2 (t=985): Loss=1.1466, Rho=89.254089, Grad_norm=0.0112, Final_scale=892.5409
🚀 APPLYING GUIDANCE at step 3 (timestep=978)
final_loss: 1.1445999145507812
🎯 GUIDANCE STEP 3 (t=978): Loss=1.1446, Rho=315.572144, Grad_norm=0.0032, Final_scale=3155.7214
🚀 APPLYING GUIDANCE at step 4 (timestep=971)
final_loss: 1.1458799839019775
🎯 GUIDANCE STEP 4 (t=971): Loss=1.1459, Rho=434.675629, Grad_norm=0.0023, Final_scale=4346.7563
🚀 APPLYING GUIDANCE at step 5 (timestep=963)
final_loss: 1.1452404260635376
🎯 GUIDANCE STEP 5 (t=963): Loss=1.1452, Rho=409.294403, Grad_norm=0.0024, Final_scale=4092.9440
🚀 APPLYING GUIDANCE at step 6 (timestep=956)
final_loss: 1.1453742980957031
🎯 GUIDANCE STEP 6 (t=956): Loss=1.1454, Rho=544.007019, Grad_norm=0.0018, Final_scale=5440.0702
🚀 APPLYING GUIDANCE at step 7 (timestep=948)
final_loss: 1.145110845565796
🎯 GUIDANCE STEP 7 (t=948): Loss=1.1451, Rho=548.688782, Grad_norm=0.0018, Final_scale=5486.8878
🚀 APPLYING GUIDANCE at step 8 (timestep=939)
final_loss: 1.1446813344955444
🎯 GUIDANCE STEP 8 (t=939): Loss=1.1447, Rho=620.980896, Grad_norm=0.0016, Final_scale=6209.8090
🚀 APPLYING GUIDANCE at step 9 (timestep=931)
final_loss: 1.1448109149932861
🎯 GUIDANCE STEP 9 (t=931): Loss=1.1448, Rho=626.518433, Grad_norm=0.0016, Final_scale=6265.1843
🚀 APPLYING GUIDANCE at step 10 (timestep=922)
final_loss: 1.1447325944900513
🎯 GUIDANCE STEP 10 (t=922): Loss=1.1447, Rho=612.617188, Grad_norm=0.0016, Final_scale=6126.1719
🚀 APPLYING GUIDANCE at step 11 (timestep=913)
final_loss: 1.144079327583313
🎯 GUIDANCE STEP 11 (t=913): Loss=1.1441, Rho=531.751404, Grad_norm=0.0019, Final_scale=5317.5140
🚀 APPLYING GUIDANCE at step 12 (timestep=904)
final_loss: 1.1442688703536987
🎯 GUIDANCE STEP 12 (t=904): Loss=1.1443, Rho=530.366028, Grad_norm=0.0019, Final_scale=5303.6603
🚀 APPLYING GUIDANCE at step 13 (timestep=894)
final_loss: 1.1441872119903564
🎯 GUIDANCE STEP 13 (t=894): Loss=1.1442, Rho=468.860870, Grad_norm=0.0021, Final_scale=4688.6087
🚀 APPLYING GUIDANCE at step 14 (timestep=884)
final_loss: 1.1442279815673828
🎯 GUIDANCE STEP 14 (t=884): Loss=1.1442, Rho=476.441254, Grad_norm=0.0021, Final_scale=4764.4125
🚀 APPLYING GUIDANCE at step 15 (timestep=874)
final_loss: 1.143966794013977
🎯 GUIDANCE STEP 15 (t=874): Loss=1.1440, Rho=421.833374, Grad_norm=0.0024, Final_scale=4218.3337
🚀 APPLYING GUIDANCE at step 16 (timestep=864)
final_loss: 1.1437968015670776
🎯 GUIDANCE STEP 16 (t=864): Loss=1.1438, Rho=627.447327, Grad_norm=0.0016, Final_scale=6274.4733
🚀 APPLYING GUIDANCE at step 17 (timestep=853)
final_loss: 1.1437336206436157
🎯 GUIDANCE STEP 17 (t=853): Loss=1.1437, Rho=563.389832, Grad_norm=0.0018, Final_scale=5633.8983
🚀 APPLYING GUIDANCE at step 18 (timestep=841)
final_loss: 1.1436570882797241
🎯 GUIDANCE STEP 18 (t=841): Loss=1.1437, Rho=733.920593, Grad_norm=0.0014, Final_scale=7339.2059
🚀 APPLYING GUIDANCE at step 19 (timestep=829)
final_loss: 1.1434332132339478
🎯 GUIDANCE STEP 19 (t=829): Loss=1.1434, Rho=562.076965, Grad_norm=0.0018, Final_scale=5620.7697
🚀 APPLYING GUIDANCE at step 20 (timestep=817)
final_loss: 1.143450379371643
🎯 GUIDANCE STEP 20 (t=817): Loss=1.1435, Rho=697.167358, Grad_norm=0.0014, Final_scale=6971.6736
🚀 APPLYING GUIDANCE at step 21 (timestep=805)
final_loss: 1.143335223197937
🎯 GUIDANCE STEP 21 (t=805): Loss=1.1433, Rho=411.172729, Grad_norm=0.0024, Final_scale=4111.7273
🚀 APPLYING GUIDANCE at step 22 (timestep=792)
final_loss: 1.1434725522994995
🎯 GUIDANCE STEP 22 (t=792): Loss=1.1435, Rho=465.547668, Grad_norm=0.0021, Final_scale=4655.4767
🚀 APPLYING GUIDANCE at step 23 (timestep=778)
final_loss: 1.1433517932891846
🎯 GUIDANCE STEP 23 (t=778): Loss=1.1434, Rho=710.012573, Grad_norm=0.0014, Final_scale=7100.1257
🚀 APPLYING GUIDANCE at step 24 (timestep=764)
final_loss: 1.143432855606079
🎯 GUIDANCE STEP 24 (t=764): Loss=1.1434, Rho=542.388855, Grad_norm=0.0018, Final_scale=5423.8885
🚀 APPLYING GUIDANCE at step 25 (timestep=749)
final_loss: 1.1434221267700195
🎯 GUIDANCE STEP 25 (t=749): Loss=1.1434, Rho=702.844971, Grad_norm=0.0014, Final_scale=7028.4497
🚀 APPLYING GUIDANCE at step 26 (timestep=734)
final_loss: 1.1432862281799316
🎯 GUIDANCE STEP 26 (t=734): Loss=1.1433, Rho=730.781006, Grad_norm=0.0014, Final_scale=7307.8101
🚀 APPLYING GUIDANCE at step 27 (timestep=718)
final_loss: 1.1431396007537842
🎯 GUIDANCE STEP 27 (t=718): Loss=1.1431, Rho=547.585083, Grad_norm=0.0018, Final_scale=5475.8508
🚀 APPLYING GUIDANCE at step 28 (timestep=701)
final_loss: 1.1431493759155273
🎯 GUIDANCE STEP 28 (t=701): Loss=1.1431, Rho=708.405396, Grad_norm=0.0014, Final_scale=7084.0540
🚀 APPLYING GUIDANCE at step 29 (timestep=684)
final_loss: 1.1430931091308594
🎯 GUIDANCE STEP 29 (t=684): Loss=1.1431, Rho=924.573669, Grad_norm=0.0011, Final_scale=9245.7367
🚀 APPLYING GUIDANCE at step 30 (timestep=666)
final_loss: 1.1430320739746094
🎯 GUIDANCE STEP 30 (t=666): Loss=1.1430, Rho=1073.793335, Grad_norm=0.0009, Final_scale=10737.9333
🚀 APPLYING GUIDANCE at step 31 (timestep=647)
final_loss: 1.1430559158325195
🎯 GUIDANCE STEP 31 (t=647): Loss=1.1431, Rho=906.096802, Grad_norm=0.0011, Final_scale=9060.9680
🚀 APPLYING GUIDANCE at step 32 (timestep=627)
final_loss: 1.143035888671875
🎯 GUIDANCE STEP 32 (t=627): Loss=1.1430, Rho=1003.864929, Grad_norm=0.0010, Final_scale=10038.6493
🚀 APPLYING GUIDANCE at step 33 (timestep=606)
final_loss: 1.1429637670516968
🎯 GUIDANCE STEP 33 (t=606): Loss=1.1430, Rho=1058.226807, Grad_norm=0.0009, Final_scale=10582.2681
🚀 APPLYING GUIDANCE at step 34 (timestep=585)
final_loss: 1.1429994106292725
🎯 GUIDANCE STEP 34 (t=585): Loss=1.1430, Rho=907.043457, Grad_norm=0.0011, Final_scale=9070.4346
🚀 APPLYING GUIDANCE at step 35 (timestep=562)
final_loss: 1.1430094242095947
🎯 GUIDANCE STEP 35 (t=562): Loss=1.1430, Rho=1301.309692, Grad_norm=0.0008, Final_scale=13013.0969
🚀 APPLYING GUIDANCE at step 36 (timestep=538)
final_loss: 1.1429872512817383
🎯 GUIDANCE STEP 36 (t=538): Loss=1.1430, Rho=755.117188, Grad_norm=0.0013, Final_scale=7551.1719
🚀 APPLYING GUIDANCE at step 37 (timestep=512)
final_loss: 1.1429866552352905
🎯 GUIDANCE STEP 37 (t=512): Loss=1.1430, Rho=1274.301636, Grad_norm=0.0008, Final_scale=12743.0164
🚀 APPLYING GUIDANCE at step 38 (timestep=486)
final_loss: 1.1429013013839722
🎯 GUIDANCE STEP 38 (t=486): Loss=1.1429, Rho=1068.173950, Grad_norm=0.0009, Final_scale=10681.7395
🚀 APPLYING GUIDANCE at step 39 (timestep=458)
final_loss: 1.1428695917129517
🎯 GUIDANCE STEP 39 (t=458): Loss=1.1429, Rho=1296.192505, Grad_norm=0.0008, Final_scale=12961.9250
🚀 APPLYING GUIDANCE at step 40 (timestep=428)
final_loss: 1.142825961112976
🎯 GUIDANCE STEP 40 (t=428): Loss=1.1428, Rho=1081.669434, Grad_norm=0.0009, Final_scale=10816.6943
🚀 APPLYING GUIDANCE at step 41 (timestep=396)
final_loss: 1.1429283618927002
🎯 GUIDANCE STEP 41 (t=396): Loss=1.1429, Rho=1337.816162, Grad_norm=0.0007, Final_scale=13378.1616
🚀 APPLYING GUIDANCE at step 42 (timestep=363)
final_loss: 1.142639398574829
🎯 GUIDANCE STEP 42 (t=363): Loss=1.1426, Rho=1244.817627, Grad_norm=0.0008, Final_scale=12448.1763
🚀 APPLYING GUIDANCE at step 43 (timestep=327)
final_loss: 1.1427215337753296
🎯 GUIDANCE STEP 43 (t=327): Loss=1.1427, Rho=894.080200, Grad_norm=0.0011, Final_scale=8940.8020
🚀 APPLYING GUIDANCE at step 44 (timestep=290)
final_loss: 1.142655849456787
🎯 GUIDANCE STEP 44 (t=290): Loss=1.1427, Rho=1683.778809, Grad_norm=0.0006, Final_scale=16837.7881
🚀 APPLYING GUIDANCE at step 45 (timestep=249)
final_loss: 1.142703890800476
🎯 GUIDANCE STEP 45 (t=249): Loss=1.1427, Rho=1386.193848, Grad_norm=0.0007, Final_scale=13861.9385
🚀 APPLYING GUIDANCE at step 46 (timestep=206)
final_loss: 1.1422297954559326
🎯 GUIDANCE STEP 46 (t=206): Loss=1.1422, Rho=1021.748962, Grad_norm=0.0010, Final_scale=10217.4896
🚀 APPLYING GUIDANCE at step 47 (timestep=160)
final_loss: 1.1423166990280151
🎯 GUIDANCE STEP 47 (t=160): Loss=1.1423, Rho=1488.178101, Grad_norm=0.0007, Final_scale=14881.7810
🚀 APPLYING GUIDANCE at step 48 (timestep=111)
final_loss: 1.1417940855026245
🎯 GUIDANCE STEP 48 (t=111): Loss=1.1418, Rho=1438.860352, Grad_norm=0.0007, Final_scale=14388.6035
🚀 APPLYING GUIDANCE at step 49 (timestep=57)
final_loss: 1.1414133310317993
🎯 GUIDANCE STEP 49 (t=57): Loss=1.1414, Rho=1155.447388, Grad_norm=0.0009, Final_scale=11554.4739
[guidance_f33_s50_w16c8_rho10.0_cfg5.0torch] Generated: generated_videos/subject_consistency/guidance_f33_s50_w16c8_rho10.0_cfg5.0torch/a motorcycle accelerating to gain speed.mp4
[guidance_f33_s50_w16c8_rho10.0_cfg5.0torch] Generating video 3/9 (guidance): an airplane soaring through a clear blue sky
🎬 STARTING GUIDANCE PIPELINE GENERATION
   Frames: 33, Steps: 50, CFG Scale: 5.0

🔧 GUIDANCE PIPELINE CONFIGURATION:
   Guidance range: 0 - 1001
   Rho scale: 10.0
   V-JEPA kernel_size: 16
   V-JEPA context_length: 8
   V-JEPA stride: 2
   V-JEPA mode: max
   Total timesteps: 50

🚀 APPLYING GUIDANCE at step 0 (timestep=999)
final_loss: 1.130157232284546
🎯 GUIDANCE STEP 0 (t=999): Loss=1.1302, Rho=48.126831, Grad_norm=0.0208, Final_scale=481.2683
🚀 APPLYING GUIDANCE at step 1 (timestep=992)
final_loss: 1.1354061365127563
🎯 GUIDANCE STEP 1 (t=992): Loss=1.1354, Rho=194.793701, Grad_norm=0.0051, Final_scale=1947.9370
🚀 APPLYING GUIDANCE at step 2 (timestep=985)
final_loss: 1.140206217765808
🎯 GUIDANCE STEP 2 (t=985): Loss=1.1402, Rho=424.836487, Grad_norm=0.0024, Final_scale=4248.3649
🚀 APPLYING GUIDANCE at step 3 (timestep=978)
final_loss: 1.140236496925354
🎯 GUIDANCE STEP 3 (t=978): Loss=1.1402, Rho=664.811035, Grad_norm=0.0015, Final_scale=6648.1104
🚀 APPLYING GUIDANCE at step 4 (timestep=971)
final_loss: 1.1395546197891235
🎯 GUIDANCE STEP 4 (t=971): Loss=1.1396, Rho=649.492615, Grad_norm=0.0015, Final_scale=6494.9261
🚀 APPLYING GUIDANCE at step 5 (timestep=963)
final_loss: 1.1396487951278687
🎯 GUIDANCE STEP 5 (t=963): Loss=1.1396, Rho=846.587830, Grad_norm=0.0012, Final_scale=8465.8783
🚀 APPLYING GUIDANCE at step 6 (timestep=956)
final_loss: 1.1403498649597168
🎯 GUIDANCE STEP 6 (t=956): Loss=1.1403, Rho=659.733948, Grad_norm=0.0015, Final_scale=6597.3395
🚀 APPLYING GUIDANCE at step 7 (timestep=948)
final_loss: 1.14132559299469
🎯 GUIDANCE STEP 7 (t=948): Loss=1.1413, Rho=566.825806, Grad_norm=0.0018, Final_scale=5668.2581
🚀 APPLYING GUIDANCE at step 8 (timestep=939)
final_loss: 1.1419832706451416
🎯 GUIDANCE STEP 8 (t=939): Loss=1.1420, Rho=635.175842, Grad_norm=0.0016, Final_scale=6351.7584
🚀 APPLYING GUIDANCE at step 9 (timestep=931)
final_loss: 1.1416839361190796
🎯 GUIDANCE STEP 9 (t=931): Loss=1.1417, Rho=784.832825, Grad_norm=0.0013, Final_scale=7848.3282
🚀 APPLYING GUIDANCE at step 10 (timestep=922)
final_loss: 1.141583800315857
🎯 GUIDANCE STEP 10 (t=922): Loss=1.1416, Rho=803.546448, Grad_norm=0.0012, Final_scale=8035.4645
🚀 APPLYING GUIDANCE at step 11 (timestep=913)
final_loss: 1.1413754224777222
🎯 GUIDANCE STEP 11 (t=913): Loss=1.1414, Rho=505.913208, Grad_norm=0.0020, Final_scale=5059.1321
🚀 APPLYING GUIDANCE at step 12 (timestep=904)
final_loss: 1.1413062810897827
🎯 GUIDANCE STEP 12 (t=904): Loss=1.1413, Rho=745.947937, Grad_norm=0.0013, Final_scale=7459.4794
🚀 APPLYING GUIDANCE at step 13 (timestep=894)
final_loss: 1.1411287784576416
🎯 GUIDANCE STEP 13 (t=894): Loss=1.1411, Rho=774.271301, Grad_norm=0.0013, Final_scale=7742.7130
🚀 APPLYING GUIDANCE at step 14 (timestep=884)
final_loss: 1.1412925720214844
🎯 GUIDANCE STEP 14 (t=884): Loss=1.1413, Rho=869.994446, Grad_norm=0.0011, Final_scale=8699.9445
🚀 APPLYING GUIDANCE at step 15 (timestep=874)
final_loss: 1.1412841081619263
🎯 GUIDANCE STEP 15 (t=874): Loss=1.1413, Rho=955.281128, Grad_norm=0.0010, Final_scale=9552.8113
🚀 APPLYING GUIDANCE at step 16 (timestep=864)
final_loss: 1.1413525342941284
🎯 GUIDANCE STEP 16 (t=864): Loss=1.1414, Rho=834.068481, Grad_norm=0.0012, Final_scale=8340.6848
🚀 APPLYING GUIDANCE at step 17 (timestep=853)
final_loss: 1.1413111686706543
🎯 GUIDANCE STEP 17 (t=853): Loss=1.1413, Rho=871.932251, Grad_norm=0.0011, Final_scale=8719.3225
🚀 APPLYING GUIDANCE at step 18 (timestep=841)
final_loss: 1.141245722770691
🎯 GUIDANCE STEP 18 (t=841): Loss=1.1412, Rho=926.690491, Grad_norm=0.0011, Final_scale=9266.9049
🚀 APPLYING GUIDANCE at step 19 (timestep=829)
final_loss: 1.1412864923477173
🎯 GUIDANCE STEP 19 (t=829): Loss=1.1413, Rho=904.805359, Grad_norm=0.0011, Final_scale=9048.0536
🚀 APPLYING GUIDANCE at step 20 (timestep=817)
final_loss: 1.1412509679794312
🎯 GUIDANCE STEP 20 (t=817): Loss=1.1413, Rho=871.129761, Grad_norm=0.0011, Final_scale=8711.2976
🚀 APPLYING GUIDANCE at step 21 (timestep=805)
final_loss: 1.1412359476089478
🎯 GUIDANCE STEP 21 (t=805): Loss=1.1412, Rho=979.413208, Grad_norm=0.0010, Final_scale=9794.1321
🚀 APPLYING GUIDANCE at step 22 (timestep=792)
final_loss: 1.1411552429199219
🎯 GUIDANCE STEP 22 (t=792): Loss=1.1412, Rho=1017.747498, Grad_norm=0.0010, Final_scale=10177.4750
🚀 APPLYING GUIDANCE at step 23 (timestep=778)
final_loss: 1.1410478353500366
🎯 GUIDANCE STEP 23 (t=778): Loss=1.1410, Rho=1105.275757, Grad_norm=0.0009, Final_scale=11052.7576
🚀 APPLYING GUIDANCE at step 24 (timestep=764)
final_loss: 1.1412365436553955
🎯 GUIDANCE STEP 24 (t=764): Loss=1.1412, Rho=1279.497925, Grad_norm=0.0008, Final_scale=12794.9792
🚀 APPLYING GUIDANCE at step 25 (timestep=749)
final_loss: 1.1411786079406738
🎯 GUIDANCE STEP 25 (t=749): Loss=1.1412, Rho=1213.535278, Grad_norm=0.0008, Final_scale=12135.3528
🚀 APPLYING GUIDANCE at step 26 (timestep=734)
final_loss: 1.1411179304122925
🎯 GUIDANCE STEP 26 (t=734): Loss=1.1411, Rho=1158.683105, Grad_norm=0.0009, Final_scale=11586.8311
🚀 APPLYING GUIDANCE at step 27 (timestep=718)
final_loss: 1.141154170036316
🎯 GUIDANCE STEP 27 (t=718): Loss=1.1412, Rho=1320.012207, Grad_norm=0.0008, Final_scale=13200.1221
🚀 APPLYING GUIDANCE at step 28 (timestep=701)
final_loss: 1.1411360502243042
🎯 GUIDANCE STEP 28 (t=701): Loss=1.1411, Rho=1373.794678, Grad_norm=0.0007, Final_scale=13737.9468
🚀 APPLYING GUIDANCE at step 29 (timestep=684)
final_loss: 1.1410760879516602
🎯 GUIDANCE STEP 29 (t=684): Loss=1.1411, Rho=1248.529907, Grad_norm=0.0008, Final_scale=12485.2991
🚀 APPLYING GUIDANCE at step 30 (timestep=666)
final_loss: 1.1410655975341797
🎯 GUIDANCE STEP 30 (t=666): Loss=1.1411, Rho=1229.157104, Grad_norm=0.0008, Final_scale=12291.5710
🚀 APPLYING GUIDANCE at step 31 (timestep=647)
final_loss: 1.1409759521484375
🎯 GUIDANCE STEP 31 (t=647): Loss=1.1410, Rho=1261.363892, Grad_norm=0.0008, Final_scale=12613.6389
🚀 APPLYING GUIDANCE at step 32 (timestep=627)
final_loss: 1.1409767866134644
🎯 GUIDANCE STEP 32 (t=627): Loss=1.1410, Rho=873.186340, Grad_norm=0.0011, Final_scale=8731.8634
🚀 APPLYING GUIDANCE at step 33 (timestep=606)
final_loss: 1.1410231590270996
🎯 GUIDANCE STEP 33 (t=606): Loss=1.1410, Rho=1353.046387, Grad_norm=0.0007, Final_scale=13530.4639
🚀 APPLYING GUIDANCE at step 34 (timestep=585)
final_loss: 1.1409391164779663
🎯 GUIDANCE STEP 34 (t=585): Loss=1.1409, Rho=1571.101318, Grad_norm=0.0006, Final_scale=15711.0132
🚀 APPLYING GUIDANCE at step 35 (timestep=562)
final_loss: 1.1408315896987915
🎯 GUIDANCE STEP 35 (t=562): Loss=1.1408, Rho=2053.982666, Grad_norm=0.0005, Final_scale=20539.8267
🚀 APPLYING GUIDANCE at step 36 (timestep=538)
final_loss: 1.140944004058838
🎯 GUIDANCE STEP 36 (t=538): Loss=1.1409, Rho=1931.346680, Grad_norm=0.0005, Final_scale=19313.4668
🚀 APPLYING GUIDANCE at step 37 (timestep=512)
final_loss: 1.1407663822174072
🎯 GUIDANCE STEP 37 (t=512): Loss=1.1408, Rho=1929.558594, Grad_norm=0.0005, Final_scale=19295.5859
🚀 APPLYING GUIDANCE at step 38 (timestep=486)
final_loss: 1.140684962272644
🎯 GUIDANCE STEP 38 (t=486): Loss=1.1407, Rho=557.366699, Grad_norm=0.0018, Final_scale=5573.6670
🚀 APPLYING GUIDANCE at step 39 (timestep=458)
final_loss: 1.1407923698425293
🎯 GUIDANCE STEP 39 (t=458): Loss=1.1408, Rho=1505.153687, Grad_norm=0.0007, Final_scale=15051.5369
🚀 APPLYING GUIDANCE at step 40 (timestep=428)
final_loss: 1.140608787536621
🎯 GUIDANCE STEP 40 (t=428): Loss=1.1406, Rho=1450.369263, Grad_norm=0.0007, Final_scale=14503.6926
🚀 APPLYING GUIDANCE at step 41 (timestep=396)
final_loss: 1.1406564712524414
🎯 GUIDANCE STEP 41 (t=396): Loss=1.1407, Rho=1638.140991, Grad_norm=0.0006, Final_scale=16381.4099
🚀 APPLYING GUIDANCE at step 42 (timestep=363)
final_loss: 1.140523910522461
🎯 GUIDANCE STEP 42 (t=363): Loss=1.1405, Rho=1738.902222, Grad_norm=0.0006, Final_scale=17389.0222
🚀 APPLYING GUIDANCE at step 43 (timestep=327)
final_loss: 1.1404564380645752
🎯 GUIDANCE STEP 43 (t=327): Loss=1.1405, Rho=2638.807373, Grad_norm=0.0004, Final_scale=26388.0737
🚀 APPLYING GUIDANCE at step 44 (timestep=290)
final_loss: 1.1402050256729126
🎯 GUIDANCE STEP 44 (t=290): Loss=1.1402, Rho=567.645020, Grad_norm=0.0018, Final_scale=5676.4502
🚀 APPLYING GUIDANCE at step 45 (timestep=249)
final_loss: 1.1403497457504272
🎯 GUIDANCE STEP 45 (t=249): Loss=1.1403, Rho=2144.346680, Grad_norm=0.0005, Final_scale=21443.4668
🚀 APPLYING GUIDANCE at step 46 (timestep=206)
final_loss: 1.1399005651474
🎯 GUIDANCE STEP 46 (t=206): Loss=1.1399, Rho=1530.510864, Grad_norm=0.0007, Final_scale=15305.1086
🚀 APPLYING GUIDANCE at step 47 (timestep=160)
final_loss: 1.1398355960845947
🎯 GUIDANCE STEP 47 (t=160): Loss=1.1398, Rho=1268.016968, Grad_norm=0.0008, Final_scale=12680.1697
🚀 APPLYING GUIDANCE at step 48 (timestep=111)
final_loss: 1.139712929725647
🎯 GUIDANCE STEP 48 (t=111): Loss=1.1397, Rho=1652.961060, Grad_norm=0.0006, Final_scale=16529.6106
🚀 APPLYING GUIDANCE at step 49 (timestep=57)
final_loss: 1.1386476755142212
🎯 GUIDANCE STEP 49 (t=57): Loss=1.1386, Rho=1228.357056, Grad_norm=0.0008, Final_scale=12283.5706
[guidance_f33_s50_w16c8_rho10.0_cfg5.0torch] Generated: generated_videos/subject_consistency/guidance_f33_s50_w16c8_rho10.0_cfg5.0torch/a sheep running to join a herd of its kind.mp4
[guidance_f33_s50_w16c8_rho10.0_cfg5.0torch] Generating video 3/9 (guidance): a cow bending down to drink water from a river
🎬 STARTING GUIDANCE PIPELINE GENERATION
   Frames: 33, Steps: 50, CFG Scale: 5.0

🔧 GUIDANCE PIPELINE CONFIGURATION:
   Guidance range: 0 - 1001
   Rho scale: 10.0
   V-JEPA kernel_size: 16
   V-JEPA context_length: 8
   V-JEPA stride: 2
   V-JEPA mode: max
   Total timesteps: 50

🚀 APPLYING GUIDANCE at step 0 (timestep=999)
final_loss: 1.140234351158142
🎯 GUIDANCE STEP 0 (t=999): Loss=1.1402, Rho=36.930119, Grad_norm=0.0271, Final_scale=369.3012
🚀 APPLYING GUIDANCE at step 1 (timestep=992)
final_loss: 1.1255501508712769
🎯 GUIDANCE STEP 1 (t=992): Loss=1.1256, Rho=77.101860, Grad_norm=0.0130, Final_scale=771.0186
🚀 APPLYING GUIDANCE at step 2 (timestep=985)
final_loss: 1.1269593238830566
🎯 GUIDANCE STEP 2 (t=985): Loss=1.1270, Rho=239.092255, Grad_norm=0.0042, Final_scale=2390.9225
🚀 APPLYING GUIDANCE at step 3 (timestep=978)
final_loss: 1.1284091472625732
🎯 GUIDANCE STEP 3 (t=978): Loss=1.1284, Rho=247.479965, Grad_norm=0.0040, Final_scale=2474.7997
🚀 APPLYING GUIDANCE at step 4 (timestep=971)
final_loss: 1.1281261444091797
🎯 GUIDANCE STEP 4 (t=971): Loss=1.1281, Rho=423.362976, Grad_norm=0.0024, Final_scale=4233.6298
🚀 APPLYING GUIDANCE at step 5 (timestep=963)
final_loss: 1.12808096408844
🎯 GUIDANCE STEP 5 (t=963): Loss=1.1281, Rho=456.978363, Grad_norm=0.0022, Final_scale=4569.7836
🚀 APPLYING GUIDANCE at step 6 (timestep=956)
final_loss: 1.1280027627944946
🎯 GUIDANCE STEP 6 (t=956): Loss=1.1280, Rho=337.046509, Grad_norm=0.0030, Final_scale=3370.4651
🚀 APPLYING GUIDANCE at step 7 (timestep=948)
final_loss: 1.1280778646469116
🎯 GUIDANCE STEP 7 (t=948): Loss=1.1281, Rho=354.644775, Grad_norm=0.0028, Final_scale=3546.4478
🚀 APPLYING GUIDANCE at step 8 (timestep=939)
final_loss: 1.1282644271850586
🎯 GUIDANCE STEP 8 (t=939): Loss=1.1283, Rho=348.086273, Grad_norm=0.0029, Final_scale=3480.8627
🚀 APPLYING GUIDANCE at step 9 (timestep=931)
final_loss: 1.1283730268478394
🎯 GUIDANCE STEP 9 (t=931): Loss=1.1284, Rho=425.337189, Grad_norm=0.0024, Final_scale=4253.3719
🚀 APPLYING GUIDANCE at step 10 (timestep=922)
final_loss: 1.1283823251724243
🎯 GUIDANCE STEP 10 (t=922): Loss=1.1284, Rho=482.153442, Grad_norm=0.0021, Final_scale=4821.5344
🚀 APPLYING GUIDANCE at step 11 (timestep=913)
final_loss: 1.128806233406067
🎯 GUIDANCE STEP 11 (t=913): Loss=1.1288, Rho=410.450836, Grad_norm=0.0024, Final_scale=4104.5084
🚀 APPLYING GUIDANCE at step 12 (timestep=904)
final_loss: 1.1294636726379395
🎯 GUIDANCE STEP 12 (t=904): Loss=1.1295, Rho=445.655853, Grad_norm=0.0022, Final_scale=4456.5585
🚀 APPLYING GUIDANCE at step 13 (timestep=894)
final_loss: 1.1289740800857544
🎯 GUIDANCE STEP 13 (t=894): Loss=1.1290, Rho=551.159973, Grad_norm=0.0018, Final_scale=5511.5997
🚀 APPLYING GUIDANCE at step 14 (timestep=884)
final_loss: 1.1291091442108154
🎯 GUIDANCE STEP 14 (t=884): Loss=1.1291, Rho=482.322357, Grad_norm=0.0021, Final_scale=4823.2236
🚀 APPLYING GUIDANCE at step 15 (timestep=874)
final_loss: 1.1292047500610352
🎯 GUIDANCE STEP 15 (t=874): Loss=1.1292, Rho=263.557922, Grad_norm=0.0038, Final_scale=2635.5792
🚀 APPLYING GUIDANCE at step 16 (timestep=864)
final_loss: 1.1288233995437622
🎯 GUIDANCE STEP 16 (t=864): Loss=1.1288, Rho=395.071930, Grad_norm=0.0025, Final_scale=3950.7193
🚀 APPLYING GUIDANCE at step 17 (timestep=853)
final_loss: 1.128823161125183
🎯 GUIDANCE STEP 17 (t=853): Loss=1.1288, Rho=389.101929, Grad_norm=0.0026, Final_scale=3891.0193
🚀 APPLYING GUIDANCE at step 18 (timestep=841)
final_loss: 1.1289100646972656
🎯 GUIDANCE STEP 18 (t=841): Loss=1.1289, Rho=497.324829, Grad_norm=0.0020, Final_scale=4973.2483
🚀 APPLYING GUIDANCE at step 19 (timestep=829)
final_loss: 1.1290773153305054
🎯 GUIDANCE STEP 19 (t=829): Loss=1.1291, Rho=424.206207, Grad_norm=0.0024, Final_scale=4242.0621
🚀 APPLYING GUIDANCE at step 20 (timestep=817)
final_loss: 1.129142165184021
🎯 GUIDANCE STEP 20 (t=817): Loss=1.1291, Rho=501.516785, Grad_norm=0.0020, Final_scale=5015.1678
🚀 APPLYING GUIDANCE at step 21 (timestep=805)
final_loss: 1.1293585300445557
🎯 GUIDANCE STEP 21 (t=805): Loss=1.1294, Rho=362.369415, Grad_norm=0.0028, Final_scale=3623.6942
🚀 APPLYING GUIDANCE at step 22 (timestep=792)
final_loss: 1.1291145086288452
🎯 GUIDANCE STEP 22 (t=792): Loss=1.1291, Rho=533.589111, Grad_norm=0.0019, Final_scale=5335.8911
🚀 APPLYING GUIDANCE at step 23 (timestep=778)
final_loss: 1.129239559173584
🎯 GUIDANCE STEP 23 (t=778): Loss=1.1292, Rho=406.200409, Grad_norm=0.0025, Final_scale=4062.0041
🚀 APPLYING GUIDANCE at step 24 (timestep=764)
final_loss: 1.1290363073349
🎯 GUIDANCE STEP 24 (t=764): Loss=1.1290, Rho=466.246704, Grad_norm=0.0021, Final_scale=4662.4670
🚀 APPLYING GUIDANCE at step 25 (timestep=749)
final_loss: 1.1290125846862793
🎯 GUIDANCE STEP 25 (t=749): Loss=1.1290, Rho=285.643951, Grad_norm=0.0035, Final_scale=2856.4395
🚀 APPLYING GUIDANCE at step 26 (timestep=734)
final_loss: 1.1287516355514526
🎯 GUIDANCE STEP 26 (t=734): Loss=1.1288, Rho=402.475372, Grad_norm=0.0025, Final_scale=4024.7537
🚀 APPLYING GUIDANCE at step 27 (timestep=718)
final_loss: 1.1287164688110352
🎯 GUIDANCE STEP 27 (t=718): Loss=1.1287, Rho=439.114258, Grad_norm=0.0023, Final_scale=4391.1426
🚀 APPLYING GUIDANCE at step 28 (timestep=701)
final_loss: 1.128747820854187
🎯 GUIDANCE STEP 28 (t=701): Loss=1.1287, Rho=320.506195, Grad_norm=0.0031, Final_scale=3205.0620
🚀 APPLYING GUIDANCE at step 29 (timestep=684)
final_loss: 1.1285037994384766
🎯 GUIDANCE STEP 29 (t=684): Loss=1.1285, Rho=390.568115, Grad_norm=0.0026, Final_scale=3905.6812
🚀 APPLYING GUIDANCE at step 30 (timestep=666)
final_loss: 1.1285017728805542
🎯 GUIDANCE STEP 30 (t=666): Loss=1.1285, Rho=316.095032, Grad_norm=0.0032, Final_scale=3160.9503
🚀 APPLYING GUIDANCE at step 31 (timestep=647)
final_loss: 1.1285955905914307
🎯 GUIDANCE STEP 31 (t=647): Loss=1.1286, Rho=465.266022, Grad_norm=0.0021, Final_scale=4652.6602
🚀 APPLYING GUIDANCE at step 32 (timestep=627)
final_loss: 1.1286823749542236
🎯 GUIDANCE STEP 32 (t=627): Loss=1.1287, Rho=825.120056, Grad_norm=0.0012, Final_scale=8251.2006
🚀 APPLYING GUIDANCE at step 33 (timestep=606)
final_loss: 1.1285107135772705
🎯 GUIDANCE STEP 33 (t=606): Loss=1.1285, Rho=472.440796, Grad_norm=0.0021, Final_scale=4724.4080
🚀 APPLYING GUIDANCE at step 34 (timestep=585)
final_loss: 1.1284401416778564
🎯 GUIDANCE STEP 34 (t=585): Loss=1.1284, Rho=619.923279, Grad_norm=0.0016, Final_scale=6199.2328
🚀 APPLYING GUIDANCE at step 35 (timestep=562)
final_loss: 1.1283921003341675
🎯 GUIDANCE STEP 35 (t=562): Loss=1.1284, Rho=769.513367, Grad_norm=0.0013, Final_scale=7695.1337
🚀 APPLYING GUIDANCE at step 36 (timestep=538)
final_loss: 1.1281636953353882
🎯 GUIDANCE STEP 36 (t=538): Loss=1.1282, Rho=872.553650, Grad_norm=0.0011, Final_scale=8725.5365
🚀 APPLYING GUIDANCE at step 37 (timestep=512)
final_loss: 1.1281358003616333
🎯 GUIDANCE STEP 37 (t=512): Loss=1.1281, Rho=938.916443, Grad_norm=0.0011, Final_scale=9389.1644
🚀 APPLYING GUIDANCE at step 38 (timestep=486)
final_loss: 1.128173828125
🎯 GUIDANCE STEP 38 (t=486): Loss=1.1282, Rho=814.522644, Grad_norm=0.0012, Final_scale=8145.2264
🚀 APPLYING GUIDANCE at step 39 (timestep=458)
final_loss: 1.1281183958053589
🎯 GUIDANCE STEP 39 (t=458): Loss=1.1281, Rho=879.928528, Grad_norm=0.0011, Final_scale=8799.2853
🚀 APPLYING GUIDANCE at step 40 (timestep=428)
final_loss: 1.1281808614730835
🎯 GUIDANCE STEP 40 (t=428): Loss=1.1282, Rho=1255.148804, Grad_norm=0.0008, Final_scale=12551.4880
🚀 APPLYING GUIDANCE at step 41 (timestep=396)
final_loss: 1.1276363134384155
🎯 GUIDANCE STEP 41 (t=396): Loss=1.1276, Rho=1029.583374, Grad_norm=0.0010, Final_scale=10295.8337
🚀 APPLYING GUIDANCE at step 42 (timestep=363)
final_loss: 1.1275889873504639
🎯 GUIDANCE STEP 42 (t=363): Loss=1.1276, Rho=1016.839478, Grad_norm=0.0010, Final_scale=10168.3948
🚀 APPLYING GUIDANCE at step 43 (timestep=327)
final_loss: 1.1273993253707886
🎯 GUIDANCE STEP 43 (t=327): Loss=1.1274, Rho=1412.276245, Grad_norm=0.0007, Final_scale=14122.7625
🚀 APPLYING GUIDANCE at step 44 (timestep=290)
final_loss: 1.1268831491470337
🎯 GUIDANCE STEP 44 (t=290): Loss=1.1269, Rho=1456.931396, Grad_norm=0.0007, Final_scale=14569.3140
🚀 APPLYING GUIDANCE at step 45 (timestep=249)
final_loss: 1.1264394521713257
🎯 GUIDANCE STEP 45 (t=249): Loss=1.1264, Rho=1472.418335, Grad_norm=0.0007, Final_scale=14724.1833
🚀 APPLYING GUIDANCE at step 46 (timestep=206)
final_loss: 1.126334309577942
🎯 GUIDANCE STEP 46 (t=206): Loss=1.1263, Rho=1681.139038, Grad_norm=0.0006, Final_scale=16811.3904
🚀 APPLYING GUIDANCE at step 47 (timestep=160)
final_loss: 1.1263141632080078
🎯 GUIDANCE STEP 47 (t=160): Loss=1.1263, Rho=1197.625977, Grad_norm=0.0008, Final_scale=11976.2598
🚀 APPLYING GUIDANCE at step 48 (timestep=111)
final_loss: 1.1260818243026733
🎯 GUIDANCE STEP 48 (t=111): Loss=1.1261, Rho=2456.385742, Grad_norm=0.0004, Final_scale=24563.8574
🚀 APPLYING GUIDANCE at step 49 (timestep=57)
final_loss: 1.1253187656402588
🎯 GUIDANCE STEP 49 (t=57): Loss=1.1253, Rho=1180.922363, Grad_norm=0.0008, Final_scale=11809.2236
[guidance_f33_s50_w16c8_rho10.0_cfg5.0torch] Generated: generated_videos/subject_consistency/guidance_f33_s50_w16c8_rho10.0_cfg5.0torch/a bird soaring gracefully in the sky.mp4
[guidance_f33_s50_w16c8_rho10.0_cfg5.0torch] Generating video 4/9 (guidance): a bird building a nest from twigs and leaves
🎬 STARTING GUIDANCE PIPELINE GENERATION
   Frames: 33, Steps: 50, CFG Scale: 5.0

🔧 GUIDANCE PIPELINE CONFIGURATION:
   Guidance range: 0 - 1001
   Rho scale: 10.0
   V-JEPA kernel_size: 16
   V-JEPA context_length: 8
   V-JEPA stride: 2
   V-JEPA mode: max
   Total timesteps: 50

🚀 APPLYING GUIDANCE at step 0 (timestep=999)
final_loss: 1.1286269426345825
🎯 GUIDANCE STEP 0 (t=999): Loss=1.1286, Rho=103.813614, Grad_norm=0.0096, Final_scale=1038.1361
🚀 APPLYING GUIDANCE at step 1 (timestep=992)
final_loss: 1.1311944723129272
🎯 GUIDANCE STEP 1 (t=992): Loss=1.1312, Rho=177.920074, Grad_norm=0.0056, Final_scale=1779.2007
🚀 APPLYING GUIDANCE at step 2 (timestep=985)
final_loss: 1.132046103477478
🎯 GUIDANCE STEP 2 (t=985): Loss=1.1320, Rho=244.009323, Grad_norm=0.0041, Final_scale=2440.0932
🚀 APPLYING GUIDANCE at step 3 (timestep=978)
final_loss: 1.1321429014205933
🎯 GUIDANCE STEP 3 (t=978): Loss=1.1321, Rho=156.429321, Grad_norm=0.0064, Final_scale=1564.2932
🚀 APPLYING GUIDANCE at step 4 (timestep=971)
final_loss: 1.1333640813827515
🎯 GUIDANCE STEP 4 (t=971): Loss=1.1334, Rho=134.811676, Grad_norm=0.0074, Final_scale=1348.1168
🚀 APPLYING GUIDANCE at step 5 (timestep=963)
final_loss: 1.134394645690918
🎯 GUIDANCE STEP 5 (t=963): Loss=1.1344, Rho=177.451416, Grad_norm=0.0056, Final_scale=1774.5142
🚀 APPLYING GUIDANCE at step 6 (timestep=956)
final_loss: 1.134186029434204
🎯 GUIDANCE STEP 6 (t=956): Loss=1.1342, Rho=149.066116, Grad_norm=0.0067, Final_scale=1490.6612
🚀 APPLYING GUIDANCE at step 7 (timestep=948)
final_loss: 1.1336547136306763
🎯 GUIDANCE STEP 7 (t=948): Loss=1.1337, Rho=182.733078, Grad_norm=0.0055, Final_scale=1827.3308
🚀 APPLYING GUIDANCE at step 8 (timestep=939)
final_loss: 1.132644534111023
🎯 GUIDANCE STEP 8 (t=939): Loss=1.1326, Rho=238.590866, Grad_norm=0.0042, Final_scale=2385.9087
🚀 APPLYING GUIDANCE at step 9 (timestep=931)
final_loss: 1.132947325706482
🎯 GUIDANCE STEP 9 (t=931): Loss=1.1329, Rho=238.783203, Grad_norm=0.0042, Final_scale=2387.8320
🚀 APPLYING GUIDANCE at step 10 (timestep=922)
final_loss: 1.132935643196106
🎯 GUIDANCE STEP 10 (t=922): Loss=1.1329, Rho=251.481689, Grad_norm=0.0040, Final_scale=2514.8169
🚀 APPLYING GUIDANCE at step 11 (timestep=913)
final_loss: 1.1330417394638062
🎯 GUIDANCE STEP 11 (t=913): Loss=1.1330, Rho=170.120514, Grad_norm=0.0059, Final_scale=1701.2051
🚀 APPLYING GUIDANCE at step 12 (timestep=904)
final_loss: 1.1336644887924194
🎯 GUIDANCE STEP 12 (t=904): Loss=1.1337, Rho=245.731094, Grad_norm=0.0041, Final_scale=2457.3109
🚀 APPLYING GUIDANCE at step 13 (timestep=894)
final_loss: 1.1338837146759033
🎯 GUIDANCE STEP 13 (t=894): Loss=1.1339, Rho=286.900665, Grad_norm=0.0035, Final_scale=2869.0067
🚀 APPLYING GUIDANCE at step 14 (timestep=884)
final_loss: 1.134257197380066
🎯 GUIDANCE STEP 14 (t=884): Loss=1.1343, Rho=243.200790, Grad_norm=0.0041, Final_scale=2432.0079
🚀 APPLYING GUIDANCE at step 15 (timestep=874)
final_loss: 1.1345089673995972
🎯 GUIDANCE STEP 15 (t=874): Loss=1.1345, Rho=249.544907, Grad_norm=0.0040, Final_scale=2495.4491
🚀 APPLYING GUIDANCE at step 16 (timestep=864)
final_loss: 1.1346443891525269
🎯 GUIDANCE STEP 16 (t=864): Loss=1.1346, Rho=396.092896, Grad_norm=0.0025, Final_scale=3960.9290
🚀 APPLYING GUIDANCE at step 17 (timestep=853)
final_loss: 1.1343220472335815
🎯 GUIDANCE STEP 17 (t=853): Loss=1.1343, Rho=256.719727, Grad_norm=0.0039, Final_scale=2567.1973
🚀 APPLYING GUIDANCE at step 18 (timestep=841)
final_loss: 1.1339210271835327
🎯 GUIDANCE STEP 18 (t=841): Loss=1.1339, Rho=372.145294, Grad_norm=0.0027, Final_scale=3721.4529
🚀 APPLYING GUIDANCE at step 19 (timestep=829)
final_loss: 1.133639931678772
🎯 GUIDANCE STEP 19 (t=829): Loss=1.1336, Rho=412.685242, Grad_norm=0.0024, Final_scale=4126.8524
🚀 APPLYING GUIDANCE at step 20 (timestep=817)
final_loss: 1.1335254907608032
🎯 GUIDANCE STEP 20 (t=817): Loss=1.1335, Rho=356.165039, Grad_norm=0.0028, Final_scale=3561.6504
🚀 APPLYING GUIDANCE at step 21 (timestep=805)
final_loss: 1.1336196660995483
🎯 GUIDANCE STEP 21 (t=805): Loss=1.1336, Rho=378.143707, Grad_norm=0.0026, Final_scale=3781.4371
🚀 APPLYING GUIDANCE at step 22 (timestep=792)
final_loss: 1.1334730386734009
🎯 GUIDANCE STEP 22 (t=792): Loss=1.1335, Rho=392.538544, Grad_norm=0.0025, Final_scale=3925.3854
🚀 APPLYING GUIDANCE at step 23 (timestep=778)
final_loss: 1.1334342956542969
🎯 GUIDANCE STEP 23 (t=778): Loss=1.1334, Rho=434.058411, Grad_norm=0.0023, Final_scale=4340.5841
🚀 APPLYING GUIDANCE at step 24 (timestep=764)
final_loss: 1.1331957578659058
🎯 GUIDANCE STEP 24 (t=764): Loss=1.1332, Rho=596.428589, Grad_norm=0.0017, Final_scale=5964.2859
🚀 APPLYING GUIDANCE at step 25 (timestep=749)
final_loss: 1.13302743434906
🎯 GUIDANCE STEP 25 (t=749): Loss=1.1330, Rho=388.887634, Grad_norm=0.0026, Final_scale=3888.8763
🚀 APPLYING GUIDANCE at step 26 (timestep=734)
final_loss: 1.1330125331878662
🎯 GUIDANCE STEP 26 (t=734): Loss=1.1330, Rho=566.278259, Grad_norm=0.0018, Final_scale=5662.7826
🚀 APPLYING GUIDANCE at step 27 (timestep=718)
final_loss: 1.1331520080566406
🎯 GUIDANCE STEP 27 (t=718): Loss=1.1332, Rho=684.622803, Grad_norm=0.0015, Final_scale=6846.2280
🚀 APPLYING GUIDANCE at step 28 (timestep=701)
final_loss: 1.1328197717666626
🎯 GUIDANCE STEP 28 (t=701): Loss=1.1328, Rho=502.087830, Grad_norm=0.0020, Final_scale=5020.8783
🚀 APPLYING GUIDANCE at step 29 (timestep=684)
final_loss: 1.1329768896102905
🎯 GUIDANCE STEP 29 (t=684): Loss=1.1330, Rho=694.037842, Grad_norm=0.0014, Final_scale=6940.3784
🚀 APPLYING GUIDANCE at step 30 (timestep=666)
final_loss: 1.1327053308486938
🎯 GUIDANCE STEP 30 (t=666): Loss=1.1327, Rho=644.091370, Grad_norm=0.0016, Final_scale=6440.9137
🚀 APPLYING GUIDANCE at step 31 (timestep=647)
final_loss: 1.1326255798339844
🎯 GUIDANCE STEP 31 (t=647): Loss=1.1326, Rho=817.107910, Grad_norm=0.0012, Final_scale=8171.0791
🚀 APPLYING GUIDANCE at step 32 (timestep=627)
final_loss: 1.132614016532898
🎯 GUIDANCE STEP 32 (t=627): Loss=1.1326, Rho=632.882996, Grad_norm=0.0016, Final_scale=6328.8300
🚀 APPLYING GUIDANCE at step 33 (timestep=606)
final_loss: 1.132572054862976
🎯 GUIDANCE STEP 33 (t=606): Loss=1.1326, Rho=1024.538452, Grad_norm=0.0010, Final_scale=10245.3845
🚀 APPLYING GUIDANCE at step 34 (timestep=585)
final_loss: 1.132685661315918
🎯 GUIDANCE STEP 34 (t=585): Loss=1.1327, Rho=522.103271, Grad_norm=0.0019, Final_scale=5221.0327
🚀 APPLYING GUIDANCE at step 35 (timestep=562)
final_loss: 1.1328097581863403
🎯 GUIDANCE STEP 35 (t=562): Loss=1.1328, Rho=1094.832153, Grad_norm=0.0009, Final_scale=10948.3215
🚀 APPLYING GUIDANCE at step 36 (timestep=538)
final_loss: 1.1327275037765503
🎯 GUIDANCE STEP 36 (t=538): Loss=1.1327, Rho=674.003662, Grad_norm=0.0015, Final_scale=6740.0366
🚀 APPLYING GUIDANCE at step 37 (timestep=512)
final_loss: 1.132568359375
🎯 GUIDANCE STEP 37 (t=512): Loss=1.1326, Rho=692.237610, Grad_norm=0.0014, Final_scale=6922.3761
🚀 APPLYING GUIDANCE at step 38 (timestep=486)
final_loss: 1.1326130628585815
🎯 GUIDANCE STEP 38 (t=486): Loss=1.1326, Rho=1198.385864, Grad_norm=0.0008, Final_scale=11983.8586
🚀 APPLYING GUIDANCE at step 39 (timestep=458)
final_loss: 1.1324795484542847
🎯 GUIDANCE STEP 39 (t=458): Loss=1.1325, Rho=1593.300781, Grad_norm=0.0006, Final_scale=15933.0078
🚀 APPLYING GUIDANCE at step 40 (timestep=428)
final_loss: 1.1321812868118286
🎯 GUIDANCE STEP 40 (t=428): Loss=1.1322, Rho=1526.703247, Grad_norm=0.0007, Final_scale=15267.0325
🚀 APPLYING GUIDANCE at step 41 (timestep=396)
final_loss: 1.1320215463638306
🎯 GUIDANCE STEP 41 (t=396): Loss=1.1320, Rho=1344.050293, Grad_norm=0.0007, Final_scale=13440.5029
🚀 APPLYING GUIDANCE at step 42 (timestep=363)
final_loss: 1.1317557096481323
🎯 GUIDANCE STEP 42 (t=363): Loss=1.1318, Rho=1620.283081, Grad_norm=0.0006, Final_scale=16202.8308
🚀 APPLYING GUIDANCE at step 43 (timestep=327)
final_loss: 1.1316241025924683
🎯 GUIDANCE STEP 43 (t=327): Loss=1.1316, Rho=1662.111694, Grad_norm=0.0006, Final_scale=16621.1169
🚀 APPLYING GUIDANCE at step 44 (timestep=290)
final_loss: 1.1311676502227783
🎯 GUIDANCE STEP 44 (t=290): Loss=1.1312, Rho=1793.115723, Grad_norm=0.0006, Final_scale=17931.1572
🚀 APPLYING GUIDANCE at step 45 (timestep=249)
final_loss: 1.1309839487075806
🎯 GUIDANCE STEP 45 (t=249): Loss=1.1310, Rho=1700.367920, Grad_norm=0.0006, Final_scale=17003.6792
🚀 APPLYING GUIDANCE at step 46 (timestep=206)
final_loss: 1.130144476890564
🎯 GUIDANCE STEP 46 (t=206): Loss=1.1301, Rho=1696.247803, Grad_norm=0.0006, Final_scale=16962.4780
🚀 APPLYING GUIDANCE at step 47 (timestep=160)
final_loss: 1.129220962524414
🎯 GUIDANCE STEP 47 (t=160): Loss=1.1292, Rho=1210.517700, Grad_norm=0.0008, Final_scale=12105.1770
🚀 APPLYING GUIDANCE at step 48 (timestep=111)
final_loss: 1.1286516189575195
🎯 GUIDANCE STEP 48 (t=111): Loss=1.1287, Rho=1263.155273, Grad_norm=0.0008, Final_scale=12631.5527
🚀 APPLYING GUIDANCE at step 49 (timestep=57)
final_loss: 1.1269139051437378
🎯 GUIDANCE STEP 49 (t=57): Loss=1.1269, Rho=1036.385376, Grad_norm=0.0010, Final_scale=10363.8538
[guidance_f33_s50_w16c8_rho10.0_cfg5.0torch] Generated: generated_videos/subject_consistency/guidance_f33_s50_w16c8_rho10.0_cfg5.0torch/a car stuck in traffic during rush hour.mp4
[guidance_f33_s50_w16c8_rho10.0_cfg5.0torch] Generating video 4/9 (guidance): a car turning a corner
🎬 STARTING GUIDANCE PIPELINE GENERATION
   Frames: 33, Steps: 50, CFG Scale: 5.0

🔧 GUIDANCE PIPELINE CONFIGURATION:
   Guidance range: 0 - 1001
   Rho scale: 10.0
   V-JEPA kernel_size: 16
   V-JEPA context_length: 8
   V-JEPA stride: 2
   V-JEPA mode: max
   Total timesteps: 50

🚀 APPLYING GUIDANCE at step 0 (timestep=999)
final_loss: 1.1435272693634033
🎯 GUIDANCE STEP 0 (t=999): Loss=1.1435, Rho=17.715786, Grad_norm=0.0564, Final_scale=177.1579
🚀 APPLYING GUIDANCE at step 1 (timestep=992)
final_loss: 1.1346749067306519
🎯 GUIDANCE STEP 1 (t=992): Loss=1.1347, Rho=86.125595, Grad_norm=0.0116, Final_scale=861.2560
🚀 APPLYING GUIDANCE at step 2 (timestep=985)
final_loss: 1.1274638175964355
🎯 GUIDANCE STEP 2 (t=985): Loss=1.1275, Rho=118.537605, Grad_norm=0.0084, Final_scale=1185.3761
🚀 APPLYING GUIDANCE at step 3 (timestep=978)
final_loss: 1.1292698383331299
🎯 GUIDANCE STEP 3 (t=978): Loss=1.1293, Rho=175.019791, Grad_norm=0.0057, Final_scale=1750.1979
🚀 APPLYING GUIDANCE at step 4 (timestep=971)
final_loss: 1.1287868022918701
🎯 GUIDANCE STEP 4 (t=971): Loss=1.1288, Rho=209.971680, Grad_norm=0.0048, Final_scale=2099.7168
🚀 APPLYING GUIDANCE at step 5 (timestep=963)
final_loss: 1.12870454788208
🎯 GUIDANCE STEP 5 (t=963): Loss=1.1287, Rho=241.520233, Grad_norm=0.0041, Final_scale=2415.2023
🚀 APPLYING GUIDANCE at step 6 (timestep=956)
final_loss: 1.127455234527588
🎯 GUIDANCE STEP 6 (t=956): Loss=1.1275, Rho=250.141418, Grad_norm=0.0040, Final_scale=2501.4142
🚀 APPLYING GUIDANCE at step 7 (timestep=948)
final_loss: 1.1261709928512573
🎯 GUIDANCE STEP 7 (t=948): Loss=1.1262, Rho=275.859955, Grad_norm=0.0036, Final_scale=2758.5995
🚀 APPLYING GUIDANCE at step 8 (timestep=939)
final_loss: 1.1266158819198608
🎯 GUIDANCE STEP 8 (t=939): Loss=1.1266, Rho=303.617401, Grad_norm=0.0033, Final_scale=3036.1740
🚀 APPLYING GUIDANCE at step 9 (timestep=931)
final_loss: 1.1273200511932373
🎯 GUIDANCE STEP 9 (t=931): Loss=1.1273, Rho=261.843353, Grad_norm=0.0038, Final_scale=2618.4335
🚀 APPLYING GUIDANCE at step 10 (timestep=922)
final_loss: 1.1273993253707886
🎯 GUIDANCE STEP 10 (t=922): Loss=1.1274, Rho=311.533936, Grad_norm=0.0032, Final_scale=3115.3394
🚀 APPLYING GUIDANCE at step 11 (timestep=913)
final_loss: 1.1276522874832153
🎯 GUIDANCE STEP 11 (t=913): Loss=1.1277, Rho=348.111877, Grad_norm=0.0029, Final_scale=3481.1188
🚀 APPLYING GUIDANCE at step 12 (timestep=904)
final_loss: 1.1273605823516846
🎯 GUIDANCE STEP 12 (t=904): Loss=1.1274, Rho=325.822388, Grad_norm=0.0031, Final_scale=3258.2239
🚀 APPLYING GUIDANCE at step 13 (timestep=894)
final_loss: 1.1266651153564453
🎯 GUIDANCE STEP 13 (t=894): Loss=1.1267, Rho=334.393433, Grad_norm=0.0030, Final_scale=3343.9343
🚀 APPLYING GUIDANCE at step 14 (timestep=884)
final_loss: 1.1270488500595093
🎯 GUIDANCE STEP 14 (t=884): Loss=1.1270, Rho=352.434357, Grad_norm=0.0028, Final_scale=3524.3436
🚀 APPLYING GUIDANCE at step 15 (timestep=874)
final_loss: 1.1267203092575073
🎯 GUIDANCE STEP 15 (t=874): Loss=1.1267, Rho=309.982666, Grad_norm=0.0032, Final_scale=3099.8267
🚀 APPLYING GUIDANCE at step 16 (timestep=864)
final_loss: 1.1269434690475464
🎯 GUIDANCE STEP 16 (t=864): Loss=1.1269, Rho=411.966644, Grad_norm=0.0024, Final_scale=4119.6664
🚀 APPLYING GUIDANCE at step 17 (timestep=853)
final_loss: 1.12703537940979
🎯 GUIDANCE STEP 17 (t=853): Loss=1.1270, Rho=398.878845, Grad_norm=0.0025, Final_scale=3988.7885
🚀 APPLYING GUIDANCE at step 18 (timestep=841)
final_loss: 1.1272238492965698
🎯 GUIDANCE STEP 18 (t=841): Loss=1.1272, Rho=436.863739, Grad_norm=0.0023, Final_scale=4368.6374
🚀 APPLYING GUIDANCE at step 19 (timestep=829)
final_loss: 1.126892328262329
🎯 GUIDANCE STEP 19 (t=829): Loss=1.1269, Rho=438.705597, Grad_norm=0.0023, Final_scale=4387.0560
🚀 APPLYING GUIDANCE at step 20 (timestep=817)
final_loss: 1.1266871690750122
🎯 GUIDANCE STEP 20 (t=817): Loss=1.1267, Rho=398.403717, Grad_norm=0.0025, Final_scale=3984.0372
🚀 APPLYING GUIDANCE at step 21 (timestep=805)
final_loss: 1.1264357566833496
🎯 GUIDANCE STEP 21 (t=805): Loss=1.1264, Rho=449.490479, Grad_norm=0.0022, Final_scale=4494.9048
🚀 APPLYING GUIDANCE at step 22 (timestep=792)
final_loss: 1.1262418031692505
🎯 GUIDANCE STEP 22 (t=792): Loss=1.1262, Rho=457.557678, Grad_norm=0.0022, Final_scale=4575.5768
🚀 APPLYING GUIDANCE at step 23 (timestep=778)
final_loss: 1.126292109489441
🎯 GUIDANCE STEP 23 (t=778): Loss=1.1263, Rho=470.247223, Grad_norm=0.0021, Final_scale=4702.4722
🚀 APPLYING GUIDANCE at step 24 (timestep=764)
final_loss: 1.1258751153945923
🎯 GUIDANCE STEP 24 (t=764): Loss=1.1259, Rho=529.355164, Grad_norm=0.0019, Final_scale=5293.5516
🚀 APPLYING GUIDANCE at step 25 (timestep=749)
final_loss: 1.1257375478744507
🎯 GUIDANCE STEP 25 (t=749): Loss=1.1257, Rho=545.713196, Grad_norm=0.0018, Final_scale=5457.1320
🚀 APPLYING GUIDANCE at step 26 (timestep=734)
final_loss: 1.1256800889968872
🎯 GUIDANCE STEP 26 (t=734): Loss=1.1257, Rho=596.326538, Grad_norm=0.0017, Final_scale=5963.2654
🚀 APPLYING GUIDANCE at step 27 (timestep=718)
final_loss: 1.125353455543518
🎯 GUIDANCE STEP 27 (t=718): Loss=1.1254, Rho=547.348022, Grad_norm=0.0018, Final_scale=5473.4802
🚀 APPLYING GUIDANCE at step 28 (timestep=701)
final_loss: 1.125256896018982
🎯 GUIDANCE STEP 28 (t=701): Loss=1.1253, Rho=509.612213, Grad_norm=0.0020, Final_scale=5096.1221
🚀 APPLYING GUIDANCE at step 29 (timestep=684)
final_loss: 1.124845027923584
🎯 GUIDANCE STEP 29 (t=684): Loss=1.1248, Rho=479.491638, Grad_norm=0.0021, Final_scale=4794.9164
🚀 APPLYING GUIDANCE at step 30 (timestep=666)
final_loss: 1.124901533126831
🎯 GUIDANCE STEP 30 (t=666): Loss=1.1249, Rho=605.114929, Grad_norm=0.0017, Final_scale=6051.1493
🚀 APPLYING GUIDANCE at step 31 (timestep=647)
final_loss: 1.1249107122421265
🎯 GUIDANCE STEP 31 (t=647): Loss=1.1249, Rho=606.444580, Grad_norm=0.0016, Final_scale=6064.4458
🚀 APPLYING GUIDANCE at step 32 (timestep=627)
final_loss: 1.1246892213821411
🎯 GUIDANCE STEP 32 (t=627): Loss=1.1247, Rho=661.519043, Grad_norm=0.0015, Final_scale=6615.1904
🚀 APPLYING GUIDANCE at step 33 (timestep=606)
final_loss: 1.1244434118270874
🎯 GUIDANCE STEP 33 (t=606): Loss=1.1244, Rho=653.112671, Grad_norm=0.0015, Final_scale=6531.1267
🚀 APPLYING GUIDANCE at step 34 (timestep=585)
final_loss: 1.1239851713180542
🎯 GUIDANCE STEP 34 (t=585): Loss=1.1240, Rho=659.025085, Grad_norm=0.0015, Final_scale=6590.2509
🚀 APPLYING GUIDANCE at step 35 (timestep=562)
final_loss: 1.1238666772842407
🎯 GUIDANCE STEP 35 (t=562): Loss=1.1239, Rho=640.626709, Grad_norm=0.0016, Final_scale=6406.2671
🚀 APPLYING GUIDANCE at step 36 (timestep=538)
final_loss: 1.1238905191421509
🎯 GUIDANCE STEP 36 (t=538): Loss=1.1239, Rho=706.440308, Grad_norm=0.0014, Final_scale=7064.4031
🚀 APPLYING GUIDANCE at step 37 (timestep=512)
final_loss: 1.1238594055175781
🎯 GUIDANCE STEP 37 (t=512): Loss=1.1239, Rho=795.722168, Grad_norm=0.0013, Final_scale=7957.2217
🚀 APPLYING GUIDANCE at step 38 (timestep=486)
final_loss: 1.123015284538269
🎯 GUIDANCE STEP 38 (t=486): Loss=1.1230, Rho=901.135315, Grad_norm=0.0011, Final_scale=9011.3531
🚀 APPLYING GUIDANCE at step 39 (timestep=458)
final_loss: 1.1230179071426392
🎯 GUIDANCE STEP 39 (t=458): Loss=1.1230, Rho=802.999512, Grad_norm=0.0012, Final_scale=8029.9951
🚀 APPLYING GUIDANCE at step 40 (timestep=428)
final_loss: 1.1227474212646484
🎯 GUIDANCE STEP 40 (t=428): Loss=1.1227, Rho=931.275940, Grad_norm=0.0011, Final_scale=9312.7594
🚀 APPLYING GUIDANCE at step 41 (timestep=396)
final_loss: 1.122205138206482
🎯 GUIDANCE STEP 41 (t=396): Loss=1.1222, Rho=946.138306, Grad_norm=0.0011, Final_scale=9461.3831
🚀 APPLYING GUIDANCE at step 42 (timestep=363)
final_loss: 1.1217349767684937
🎯 GUIDANCE STEP 42 (t=363): Loss=1.1217, Rho=889.336182, Grad_norm=0.0011, Final_scale=8893.3618
🚀 APPLYING GUIDANCE at step 43 (timestep=327)
final_loss: 1.1213054656982422
🎯 GUIDANCE STEP 43 (t=327): Loss=1.1213, Rho=704.649475, Grad_norm=0.0014, Final_scale=7046.4948
🚀 APPLYING GUIDANCE at step 44 (timestep=290)
final_loss: 1.1209038496017456
🎯 GUIDANCE STEP 44 (t=290): Loss=1.1209, Rho=1148.810547, Grad_norm=0.0009, Final_scale=11488.1055
🚀 APPLYING GUIDANCE at step 45 (timestep=249)
final_loss: 1.1197365522384644
🎯 GUIDANCE STEP 45 (t=249): Loss=1.1197, Rho=1102.994019, Grad_norm=0.0009, Final_scale=11029.9402
🚀 APPLYING GUIDANCE at step 46 (timestep=206)
final_loss: 1.1184433698654175
🎯 GUIDANCE STEP 46 (t=206): Loss=1.1184, Rho=1110.162354, Grad_norm=0.0009, Final_scale=11101.6235
🚀 APPLYING GUIDANCE at step 47 (timestep=160)
final_loss: 1.1168105602264404
🎯 GUIDANCE STEP 47 (t=160): Loss=1.1168, Rho=1064.260620, Grad_norm=0.0009, Final_scale=10642.6062
🚀 APPLYING GUIDANCE at step 48 (timestep=111)
final_loss: 1.1148728132247925
🎯 GUIDANCE STEP 48 (t=111): Loss=1.1149, Rho=1003.112061, Grad_norm=0.0010, Final_scale=10031.1206
🚀 APPLYING GUIDANCE at step 49 (timestep=57)
final_loss: 1.111998438835144
🎯 GUIDANCE STEP 49 (t=57): Loss=1.1120, Rho=811.475159, Grad_norm=0.0012, Final_scale=8114.7516
[guidance_f33_s50_w16c8_rho10.0_cfg5.0torch] Generated: generated_videos/subject_consistency/guidance_f33_s50_w16c8_rho10.0_cfg5.0torch/a dog drinking water.mp4
[guidance_f33_s50_w16c8_rho10.0_cfg5.0torch] Generating video 4/9 (guidance): a dog running happily
🎬 STARTING GUIDANCE PIPELINE GENERATION
   Frames: 33, Steps: 50, CFG Scale: 5.0

🔧 GUIDANCE PIPELINE CONFIGURATION:
   Guidance range: 0 - 1001
   Rho scale: 10.0
   V-JEPA kernel_size: 16
   V-JEPA context_length: 8
   V-JEPA stride: 2
   V-JEPA mode: max
   Total timesteps: 50

🚀 APPLYING GUIDANCE at step 0 (timestep=999)
final_loss: 1.1372746229171753
🎯 GUIDANCE STEP 0 (t=999): Loss=1.1373, Rho=140.098221, Grad_norm=0.0071, Final_scale=1400.9822
🚀 APPLYING GUIDANCE at step 1 (timestep=992)
final_loss: 1.1278917789459229
🎯 GUIDANCE STEP 1 (t=992): Loss=1.1279, Rho=41.693451, Grad_norm=0.0240, Final_scale=416.9345
🚀 APPLYING GUIDANCE at step 2 (timestep=985)
final_loss: 1.1386401653289795
🎯 GUIDANCE STEP 2 (t=985): Loss=1.1386, Rho=240.415543, Grad_norm=0.0042, Final_scale=2404.1554
🚀 APPLYING GUIDANCE at step 3 (timestep=978)
final_loss: 1.1374573707580566
🎯 GUIDANCE STEP 3 (t=978): Loss=1.1375, Rho=481.950500, Grad_norm=0.0021, Final_scale=4819.5050
🚀 APPLYING GUIDANCE at step 4 (timestep=971)
final_loss: 1.1372663974761963
🎯 GUIDANCE STEP 4 (t=971): Loss=1.1373, Rho=644.971924, Grad_norm=0.0016, Final_scale=6449.7192
🚀 APPLYING GUIDANCE at step 5 (timestep=963)
final_loss: 1.1369454860687256
🎯 GUIDANCE STEP 5 (t=963): Loss=1.1369, Rho=724.961060, Grad_norm=0.0014, Final_scale=7249.6106
🚀 APPLYING GUIDANCE at step 6 (timestep=956)
final_loss: 1.1369558572769165
🎯 GUIDANCE STEP 6 (t=956): Loss=1.1370, Rho=443.667053, Grad_norm=0.0023, Final_scale=4436.6705
🚀 APPLYING GUIDANCE at step 7 (timestep=948)
final_loss: 1.1368930339813232
🎯 GUIDANCE STEP 7 (t=948): Loss=1.1369, Rho=807.501221, Grad_norm=0.0012, Final_scale=8075.0122
🚀 APPLYING GUIDANCE at step 8 (timestep=939)
final_loss: 1.136796474456787
🎯 GUIDANCE STEP 8 (t=939): Loss=1.1368, Rho=699.922058, Grad_norm=0.0014, Final_scale=6999.2206
🚀 APPLYING GUIDANCE at step 9 (timestep=931)
final_loss: 1.1369227170944214
🎯 GUIDANCE STEP 9 (t=931): Loss=1.1369, Rho=461.978577, Grad_norm=0.0022, Final_scale=4619.7858
🚀 APPLYING GUIDANCE at step 10 (timestep=922)
final_loss: 1.137110948562622
🎯 GUIDANCE STEP 10 (t=922): Loss=1.1371, Rho=593.113342, Grad_norm=0.0017, Final_scale=5931.1334
🚀 APPLYING GUIDANCE at step 11 (timestep=913)
final_loss: 1.1371259689331055
🎯 GUIDANCE STEP 11 (t=913): Loss=1.1371, Rho=630.202209, Grad_norm=0.0016, Final_scale=6302.0221
🚀 APPLYING GUIDANCE at step 12 (timestep=904)
final_loss: 1.1368690729141235
🎯 GUIDANCE STEP 12 (t=904): Loss=1.1369, Rho=590.889832, Grad_norm=0.0017, Final_scale=5908.8983
🚀 APPLYING GUIDANCE at step 13 (timestep=894)
final_loss: 1.1367520093917847
🎯 GUIDANCE STEP 13 (t=894): Loss=1.1368, Rho=716.103577, Grad_norm=0.0014, Final_scale=7161.0358
🚀 APPLYING GUIDANCE at step 14 (timestep=884)
final_loss: 1.136540174484253
🎯 GUIDANCE STEP 14 (t=884): Loss=1.1365, Rho=824.379578, Grad_norm=0.0012, Final_scale=8243.7958
🚀 APPLYING GUIDANCE at step 15 (timestep=874)
final_loss: 1.1366475820541382
🎯 GUIDANCE STEP 15 (t=874): Loss=1.1366, Rho=801.479126, Grad_norm=0.0012, Final_scale=8014.7913
🚀 APPLYING GUIDANCE at step 16 (timestep=864)
final_loss: 1.1366153955459595
🎯 GUIDANCE STEP 16 (t=864): Loss=1.1366, Rho=691.996277, Grad_norm=0.0014, Final_scale=6919.9628
🚀 APPLYING GUIDANCE at step 17 (timestep=853)
final_loss: 1.136436939239502
🎯 GUIDANCE STEP 17 (t=853): Loss=1.1364, Rho=793.419128, Grad_norm=0.0013, Final_scale=7934.1913
🚀 APPLYING GUIDANCE at step 18 (timestep=841)
final_loss: 1.1363048553466797
🎯 GUIDANCE STEP 18 (t=841): Loss=1.1363, Rho=676.343750, Grad_norm=0.0015, Final_scale=6763.4375
🚀 APPLYING GUIDANCE at step 19 (timestep=829)
final_loss: 1.1363632678985596
🎯 GUIDANCE STEP 19 (t=829): Loss=1.1364, Rho=615.103394, Grad_norm=0.0016, Final_scale=6151.0339
🚀 APPLYING GUIDANCE at step 20 (timestep=817)
final_loss: 1.136328101158142
🎯 GUIDANCE STEP 20 (t=817): Loss=1.1363, Rho=817.192871, Grad_norm=0.0012, Final_scale=8171.9287
🚀 APPLYING GUIDANCE at step 21 (timestep=805)
final_loss: 1.1364026069641113
🎯 GUIDANCE STEP 21 (t=805): Loss=1.1364, Rho=631.850403, Grad_norm=0.0016, Final_scale=6318.5040
🚀 APPLYING GUIDANCE at step 22 (timestep=792)
final_loss: 1.1361676454544067
🎯 GUIDANCE STEP 22 (t=792): Loss=1.1362, Rho=815.015076, Grad_norm=0.0012, Final_scale=8150.1508
🚀 APPLYING GUIDANCE at step 23 (timestep=778)
final_loss: 1.1362643241882324
🎯 GUIDANCE STEP 23 (t=778): Loss=1.1363, Rho=462.267670, Grad_norm=0.0022, Final_scale=4622.6767
🚀 APPLYING GUIDANCE at step 24 (timestep=764)
final_loss: 1.1362484693527222
🎯 GUIDANCE STEP 24 (t=764): Loss=1.1362, Rho=760.763428, Grad_norm=0.0013, Final_scale=7607.6343
🚀 APPLYING GUIDANCE at step 25 (timestep=749)
final_loss: 1.1361550092697144
🎯 GUIDANCE STEP 25 (t=749): Loss=1.1362, Rho=501.704742, Grad_norm=0.0020, Final_scale=5017.0474
🚀 APPLYING GUIDANCE at step 26 (timestep=734)
final_loss: 1.1363152265548706
🎯 GUIDANCE STEP 26 (t=734): Loss=1.1363, Rho=889.591614, Grad_norm=0.0011, Final_scale=8895.9161
🚀 APPLYING GUIDANCE at step 27 (timestep=718)
final_loss: 1.136264681816101
🎯 GUIDANCE STEP 27 (t=718): Loss=1.1363, Rho=967.238342, Grad_norm=0.0010, Final_scale=9672.3834
🚀 APPLYING GUIDANCE at step 28 (timestep=701)
final_loss: 1.1360641717910767
🎯 GUIDANCE STEP 28 (t=701): Loss=1.1361, Rho=358.327881, Grad_norm=0.0028, Final_scale=3583.2788
🚀 APPLYING GUIDANCE at step 29 (timestep=684)
final_loss: 1.1363290548324585
🎯 GUIDANCE STEP 29 (t=684): Loss=1.1363, Rho=549.028564, Grad_norm=0.0018, Final_scale=5490.2856
🚀 APPLYING GUIDANCE at step 30 (timestep=666)
final_loss: 1.1359710693359375
🎯 GUIDANCE STEP 30 (t=666): Loss=1.1360, Rho=1015.201721, Grad_norm=0.0010, Final_scale=10152.0172
🚀 APPLYING GUIDANCE at step 31 (timestep=647)
final_loss: 1.1360626220703125
🎯 GUIDANCE STEP 31 (t=647): Loss=1.1361, Rho=754.715759, Grad_norm=0.0013, Final_scale=7547.1576
🚀 APPLYING GUIDANCE at step 32 (timestep=627)
final_loss: 1.1359342336654663
🎯 GUIDANCE STEP 32 (t=627): Loss=1.1359, Rho=889.024597, Grad_norm=0.0011, Final_scale=8890.2460
🚀 APPLYING GUIDANCE at step 33 (timestep=606)
final_loss: 1.135947585105896
🎯 GUIDANCE STEP 33 (t=606): Loss=1.1359, Rho=807.185791, Grad_norm=0.0012, Final_scale=8071.8579
🚀 APPLYING GUIDANCE at step 34 (timestep=585)
final_loss: 1.136051058769226
🎯 GUIDANCE STEP 34 (t=585): Loss=1.1361, Rho=1166.243164, Grad_norm=0.0009, Final_scale=11662.4316
🚀 APPLYING GUIDANCE at step 35 (timestep=562)
final_loss: 1.1358736753463745
🎯 GUIDANCE STEP 35 (t=562): Loss=1.1359, Rho=1264.432007, Grad_norm=0.0008, Final_scale=12644.3201
🚀 APPLYING GUIDANCE at step 36 (timestep=538)
final_loss: 1.1357526779174805
🎯 GUIDANCE STEP 36 (t=538): Loss=1.1358, Rho=1078.304077, Grad_norm=0.0009, Final_scale=10783.0408
🚀 APPLYING GUIDANCE at step 37 (timestep=512)
final_loss: 1.1355167627334595
🎯 GUIDANCE STEP 37 (t=512): Loss=1.1355, Rho=834.970276, Grad_norm=0.0012, Final_scale=8349.7028
🚀 APPLYING GUIDANCE at step 38 (timestep=486)
final_loss: 1.135331392288208
🎯 GUIDANCE STEP 38 (t=486): Loss=1.1353, Rho=1239.210815, Grad_norm=0.0008, Final_scale=12392.1082
🚀 APPLYING GUIDANCE at step 39 (timestep=458)
final_loss: 1.1351587772369385
🎯 GUIDANCE STEP 39 (t=458): Loss=1.1352, Rho=913.129333, Grad_norm=0.0011, Final_scale=9131.2933
🚀 APPLYING GUIDANCE at step 40 (timestep=428)
final_loss: 1.1349427700042725
🎯 GUIDANCE STEP 40 (t=428): Loss=1.1349, Rho=976.874817, Grad_norm=0.0010, Final_scale=9768.7482
🚀 APPLYING GUIDANCE at step 41 (timestep=396)
final_loss: 1.134758710861206
🎯 GUIDANCE STEP 41 (t=396): Loss=1.1348, Rho=227.845779, Grad_norm=0.0044, Final_scale=2278.4578
🚀 APPLYING GUIDANCE at step 42 (timestep=363)
final_loss: 1.1348423957824707
🎯 GUIDANCE STEP 42 (t=363): Loss=1.1348, Rho=1154.975708, Grad_norm=0.0009, Final_scale=11549.7571
🚀 APPLYING GUIDANCE at step 43 (timestep=327)
final_loss: 1.1338337659835815
🎯 GUIDANCE STEP 43 (t=327): Loss=1.1338, Rho=1057.247070, Grad_norm=0.0009, Final_scale=10572.4707
🚀 APPLYING GUIDANCE at step 44 (timestep=290)
final_loss: 1.1333597898483276
🎯 GUIDANCE STEP 44 (t=290): Loss=1.1334, Rho=673.622559, Grad_norm=0.0015, Final_scale=6736.2256
🚀 APPLYING GUIDANCE at step 45 (timestep=249)
final_loss: 1.1330174207687378
🎯 GUIDANCE STEP 45 (t=249): Loss=1.1330, Rho=1101.528442, Grad_norm=0.0009, Final_scale=11015.2844
🚀 APPLYING GUIDANCE at step 46 (timestep=206)
final_loss: 1.1315921545028687
🎯 GUIDANCE STEP 46 (t=206): Loss=1.1316, Rho=868.963501, Grad_norm=0.0012, Final_scale=8689.6350
🚀 APPLYING GUIDANCE at step 47 (timestep=160)
final_loss: 1.1306822299957275
🎯 GUIDANCE STEP 47 (t=160): Loss=1.1307, Rho=969.802856, Grad_norm=0.0010, Final_scale=9698.0286
🚀 APPLYING GUIDANCE at step 48 (timestep=111)
final_loss: 1.1279805898666382
🎯 GUIDANCE STEP 48 (t=111): Loss=1.1280, Rho=666.343994, Grad_norm=0.0015, Final_scale=6663.4399
🚀 APPLYING GUIDANCE at step 49 (timestep=57)
final_loss: 1.1263076066970825
🎯 GUIDANCE STEP 49 (t=57): Loss=1.1263, Rho=808.455078, Grad_norm=0.0012, Final_scale=8084.5508
[guidance_f33_s50_w16c8_rho10.0_cfg5.0torch] Generated: generated_videos/subject_consistency/guidance_f33_s50_w16c8_rho10.0_cfg5.0torch/a bear hunting for prey.mp4
[guidance_f33_s50_w16c8_rho10.0_cfg5.0torch] Generating video 4/9 (guidance): a zebra bending down to drink water from a river
🎬 STARTING GUIDANCE PIPELINE GENERATION
   Frames: 33, Steps: 50, CFG Scale: 5.0

🔧 GUIDANCE PIPELINE CONFIGURATION:
   Guidance range: 0 - 1001
   Rho scale: 10.0
   V-JEPA kernel_size: 16
   V-JEPA context_length: 8
   V-JEPA stride: 2
   V-JEPA mode: max
   Total timesteps: 50

🚀 APPLYING GUIDANCE at step 0 (timestep=999)
final_loss: 1.132236123085022
🎯 GUIDANCE STEP 0 (t=999): Loss=1.1322, Rho=48.814671, Grad_norm=0.0205, Final_scale=488.1467
🚀 APPLYING GUIDANCE at step 1 (timestep=992)
final_loss: 1.1334184408187866
🎯 GUIDANCE STEP 1 (t=992): Loss=1.1334, Rho=40.339447, Grad_norm=0.0248, Final_scale=403.3945
🚀 APPLYING GUIDANCE at step 2 (timestep=985)
final_loss: 1.1350759267807007
🎯 GUIDANCE STEP 2 (t=985): Loss=1.1351, Rho=99.030380, Grad_norm=0.0101, Final_scale=990.3038
🚀 APPLYING GUIDANCE at step 3 (timestep=978)
final_loss: 1.138882040977478
🎯 GUIDANCE STEP 3 (t=978): Loss=1.1389, Rho=200.687515, Grad_norm=0.0050, Final_scale=2006.8752
🚀 APPLYING GUIDANCE at step 4 (timestep=971)
final_loss: 1.1356037855148315
🎯 GUIDANCE STEP 4 (t=971): Loss=1.1356, Rho=195.032593, Grad_norm=0.0051, Final_scale=1950.3259
🚀 APPLYING GUIDANCE at step 5 (timestep=963)
final_loss: 1.1349455118179321
🎯 GUIDANCE STEP 5 (t=963): Loss=1.1349, Rho=130.883469, Grad_norm=0.0076, Final_scale=1308.8347
🚀 APPLYING GUIDANCE at step 6 (timestep=956)
final_loss: 1.1347280740737915
🎯 GUIDANCE STEP 6 (t=956): Loss=1.1347, Rho=173.257126, Grad_norm=0.0058, Final_scale=1732.5713
🚀 APPLYING GUIDANCE at step 7 (timestep=948)
final_loss: 1.1325215101242065
🎯 GUIDANCE STEP 7 (t=948): Loss=1.1325, Rho=183.065048, Grad_norm=0.0055, Final_scale=1830.6505
🚀 APPLYING GUIDANCE at step 8 (timestep=939)
final_loss: 1.1324890851974487
🎯 GUIDANCE STEP 8 (t=939): Loss=1.1325, Rho=208.746704, Grad_norm=0.0048, Final_scale=2087.4670
🚀 APPLYING GUIDANCE at step 9 (timestep=931)
final_loss: 1.1333519220352173
🎯 GUIDANCE STEP 9 (t=931): Loss=1.1334, Rho=208.314011, Grad_norm=0.0048, Final_scale=2083.1401
🚀 APPLYING GUIDANCE at step 10 (timestep=922)
final_loss: 1.1327625513076782
🎯 GUIDANCE STEP 10 (t=922): Loss=1.1328, Rho=215.407730, Grad_norm=0.0046, Final_scale=2154.0773
🚀 APPLYING GUIDANCE at step 11 (timestep=913)
final_loss: 1.1332508325576782
🎯 GUIDANCE STEP 11 (t=913): Loss=1.1333, Rho=192.617172, Grad_norm=0.0052, Final_scale=1926.1717
🚀 APPLYING GUIDANCE at step 12 (timestep=904)
final_loss: 1.1331589221954346
🎯 GUIDANCE STEP 12 (t=904): Loss=1.1332, Rho=156.043076, Grad_norm=0.0064, Final_scale=1560.4308
🚀 APPLYING GUIDANCE at step 13 (timestep=894)
final_loss: 1.1335405111312866
🎯 GUIDANCE STEP 13 (t=894): Loss=1.1335, Rho=190.747879, Grad_norm=0.0052, Final_scale=1907.4788
🚀 APPLYING GUIDANCE at step 14 (timestep=884)
final_loss: 1.1335231065750122
🎯 GUIDANCE STEP 14 (t=884): Loss=1.1335, Rho=176.129379, Grad_norm=0.0057, Final_scale=1761.2938
🚀 APPLYING GUIDANCE at step 15 (timestep=874)
final_loss: 1.133250117301941
🎯 GUIDANCE STEP 15 (t=874): Loss=1.1333, Rho=198.061005, Grad_norm=0.0050, Final_scale=1980.6100
🚀 APPLYING GUIDANCE at step 16 (timestep=864)
final_loss: 1.1326993703842163
🎯 GUIDANCE STEP 16 (t=864): Loss=1.1327, Rho=151.714005, Grad_norm=0.0066, Final_scale=1517.1400
🚀 APPLYING GUIDANCE at step 17 (timestep=853)
final_loss: 1.1325223445892334
🎯 GUIDANCE STEP 17 (t=853): Loss=1.1325, Rho=159.434875, Grad_norm=0.0063, Final_scale=1594.3488
🚀 APPLYING GUIDANCE at step 18 (timestep=841)
final_loss: 1.132495403289795
🎯 GUIDANCE STEP 18 (t=841): Loss=1.1325, Rho=201.653732, Grad_norm=0.0050, Final_scale=2016.5373
🚀 APPLYING GUIDANCE at step 19 (timestep=829)
final_loss: 1.132555365562439
🎯 GUIDANCE STEP 19 (t=829): Loss=1.1326, Rho=210.199524, Grad_norm=0.0048, Final_scale=2101.9952
🚀 APPLYING GUIDANCE at step 20 (timestep=817)
final_loss: 1.1327359676361084
🎯 GUIDANCE STEP 20 (t=817): Loss=1.1327, Rho=265.176544, Grad_norm=0.0038, Final_scale=2651.7654
🚀 APPLYING GUIDANCE at step 21 (timestep=805)
final_loss: 1.1323832273483276
🎯 GUIDANCE STEP 21 (t=805): Loss=1.1324, Rho=315.607788, Grad_norm=0.0032, Final_scale=3156.0779
🚀 APPLYING GUIDANCE at step 22 (timestep=792)
final_loss: 1.132388710975647
🎯 GUIDANCE STEP 22 (t=792): Loss=1.1324, Rho=318.045441, Grad_norm=0.0031, Final_scale=3180.4544
🚀 APPLYING GUIDANCE at step 23 (timestep=778)
final_loss: 1.1324583292007446
🎯 GUIDANCE STEP 23 (t=778): Loss=1.1325, Rho=343.360779, Grad_norm=0.0029, Final_scale=3433.6078
🚀 APPLYING GUIDANCE at step 24 (timestep=764)
final_loss: 1.1327996253967285
🎯 GUIDANCE STEP 24 (t=764): Loss=1.1328, Rho=262.087250, Grad_norm=0.0038, Final_scale=2620.8725
🚀 APPLYING GUIDANCE at step 25 (timestep=749)
final_loss: 1.1327546834945679
🎯 GUIDANCE STEP 25 (t=749): Loss=1.1328, Rho=224.919052, Grad_norm=0.0044, Final_scale=2249.1905
🚀 APPLYING GUIDANCE at step 26 (timestep=734)
final_loss: 1.132865071296692
🎯 GUIDANCE STEP 26 (t=734): Loss=1.1329, Rho=214.112946, Grad_norm=0.0047, Final_scale=2141.1295
🚀 APPLYING GUIDANCE at step 27 (timestep=718)
final_loss: 1.13263738155365
🎯 GUIDANCE STEP 27 (t=718): Loss=1.1326, Rho=124.227509, Grad_norm=0.0080, Final_scale=1242.2751
🚀 APPLYING GUIDANCE at step 28 (timestep=701)
final_loss: 1.132817268371582
🎯 GUIDANCE STEP 28 (t=701): Loss=1.1328, Rho=317.943207, Grad_norm=0.0031, Final_scale=3179.4321
🚀 APPLYING GUIDANCE at step 29 (timestep=684)
final_loss: 1.1327446699142456
🎯 GUIDANCE STEP 29 (t=684): Loss=1.1327, Rho=309.272797, Grad_norm=0.0032, Final_scale=3092.7280
🚀 APPLYING GUIDANCE at step 30 (timestep=666)
final_loss: 1.1326427459716797
🎯 GUIDANCE STEP 30 (t=666): Loss=1.1326, Rho=436.465302, Grad_norm=0.0023, Final_scale=4364.6530
🚀 APPLYING GUIDANCE at step 31 (timestep=647)
final_loss: 1.1327106952667236
🎯 GUIDANCE STEP 31 (t=647): Loss=1.1327, Rho=333.176453, Grad_norm=0.0030, Final_scale=3331.7645
🚀 APPLYING GUIDANCE at step 32 (timestep=627)
final_loss: 1.1323734521865845
🎯 GUIDANCE STEP 32 (t=627): Loss=1.1324, Rho=399.409851, Grad_norm=0.0025, Final_scale=3994.0985
🚀 APPLYING GUIDANCE at step 33 (timestep=606)
final_loss: 1.1322904825210571
🎯 GUIDANCE STEP 33 (t=606): Loss=1.1323, Rho=456.239563, Grad_norm=0.0022, Final_scale=4562.3956
🚀 APPLYING GUIDANCE at step 34 (timestep=585)
final_loss: 1.1323214769363403
🎯 GUIDANCE STEP 34 (t=585): Loss=1.1323, Rho=519.489746, Grad_norm=0.0019, Final_scale=5194.8975
🚀 APPLYING GUIDANCE at step 35 (timestep=562)
final_loss: 1.1321958303451538
🎯 GUIDANCE STEP 35 (t=562): Loss=1.1322, Rho=451.960419, Grad_norm=0.0022, Final_scale=4519.6042
🚀 APPLYING GUIDANCE at step 36 (timestep=538)
final_loss: 1.1321285963058472
🎯 GUIDANCE STEP 36 (t=538): Loss=1.1321, Rho=335.663849, Grad_norm=0.0030, Final_scale=3356.6385
🚀 APPLYING GUIDANCE at step 37 (timestep=512)
final_loss: 1.1322075128555298
🎯 GUIDANCE STEP 37 (t=512): Loss=1.1322, Rho=625.533875, Grad_norm=0.0016, Final_scale=6255.3387
🚀 APPLYING GUIDANCE at step 38 (timestep=486)
final_loss: 1.1320058107376099
🎯 GUIDANCE STEP 38 (t=486): Loss=1.1320, Rho=594.947144, Grad_norm=0.0017, Final_scale=5949.4714
🚀 APPLYING GUIDANCE at step 39 (timestep=458)
final_loss: 1.131911277770996
🎯 GUIDANCE STEP 39 (t=458): Loss=1.1319, Rho=630.270508, Grad_norm=0.0016, Final_scale=6302.7051
🚀 APPLYING GUIDANCE at step 40 (timestep=428)
final_loss: 1.1318200826644897
🎯 GUIDANCE STEP 40 (t=428): Loss=1.1318, Rho=388.708649, Grad_norm=0.0026, Final_scale=3887.0865
🚀 APPLYING GUIDANCE at step 41 (timestep=396)
final_loss: 1.1319235563278198
🎯 GUIDANCE STEP 41 (t=396): Loss=1.1319, Rho=549.427979, Grad_norm=0.0018, Final_scale=5494.2798
🚀 APPLYING GUIDANCE at step 42 (timestep=363)
final_loss: 1.1316498517990112
🎯 GUIDANCE STEP 42 (t=363): Loss=1.1316, Rho=914.567444, Grad_norm=0.0011, Final_scale=9145.6744
🚀 APPLYING GUIDANCE at step 43 (timestep=327)
final_loss: 1.1313503980636597
🎯 GUIDANCE STEP 43 (t=327): Loss=1.1314, Rho=532.070923, Grad_norm=0.0019, Final_scale=5320.7092
🚀 APPLYING GUIDANCE at step 44 (timestep=290)
final_loss: 1.1314135789871216
🎯 GUIDANCE STEP 44 (t=290): Loss=1.1314, Rho=923.261230, Grad_norm=0.0011, Final_scale=9232.6123
🚀 APPLYING GUIDANCE at step 45 (timestep=249)
final_loss: 1.1309818029403687
🎯 GUIDANCE STEP 45 (t=249): Loss=1.1310, Rho=1221.973511, Grad_norm=0.0008, Final_scale=12219.7351
🚀 APPLYING GUIDANCE at step 46 (timestep=206)
final_loss: 1.1305445432662964
🎯 GUIDANCE STEP 46 (t=206): Loss=1.1305, Rho=1411.870850, Grad_norm=0.0007, Final_scale=14118.7085
🚀 APPLYING GUIDANCE at step 47 (timestep=160)
final_loss: 1.1298822164535522
🎯 GUIDANCE STEP 47 (t=160): Loss=1.1299, Rho=1660.639282, Grad_norm=0.0006, Final_scale=16606.3928
🚀 APPLYING GUIDANCE at step 48 (timestep=111)
final_loss: 1.128870964050293
🎯 GUIDANCE STEP 48 (t=111): Loss=1.1289, Rho=1589.356201, Grad_norm=0.0006, Final_scale=15893.5620
🚀 APPLYING GUIDANCE at step 49 (timestep=57)
final_loss: 1.127457857131958
🎯 GUIDANCE STEP 49 (t=57): Loss=1.1275, Rho=1578.697754, Grad_norm=0.0006, Final_scale=15786.9775
[guidance_f33_s50_w16c8_rho10.0_cfg5.0torch] Generated: generated_videos/subject_consistency/guidance_f33_s50_w16c8_rho10.0_cfg5.0torch/a person washing the dishes.mp4
[guidance_f33_s50_w16c8_rho10.0_cfg5.0torch] Generating video 4/9 (guidance): a person eating a burger
🎬 STARTING GUIDANCE PIPELINE GENERATION
   Frames: 33, Steps: 50, CFG Scale: 5.0

🔧 GUIDANCE PIPELINE CONFIGURATION:
   Guidance range: 0 - 1001
   Rho scale: 10.0
   V-JEPA kernel_size: 16
   V-JEPA context_length: 8
   V-JEPA stride: 2
   V-JEPA mode: max
   Total timesteps: 50

🚀 APPLYING GUIDANCE at step 0 (timestep=999)
final_loss: 1.1151392459869385
🎯 GUIDANCE STEP 0 (t=999): Loss=1.1151, Rho=229.453293, Grad_norm=0.0044, Final_scale=2294.5329
🚀 APPLYING GUIDANCE at step 1 (timestep=992)
final_loss: 1.1291935443878174
🎯 GUIDANCE STEP 1 (t=992): Loss=1.1292, Rho=20.204473, Grad_norm=0.0495, Final_scale=202.0447
🚀 APPLYING GUIDANCE at step 2 (timestep=985)
final_loss: 1.136515736579895
🎯 GUIDANCE STEP 2 (t=985): Loss=1.1365, Rho=178.997559, Grad_norm=0.0056, Final_scale=1789.9756
🚀 APPLYING GUIDANCE at step 3 (timestep=978)
final_loss: 1.1401704549789429
🎯 GUIDANCE STEP 3 (t=978): Loss=1.1402, Rho=347.006989, Grad_norm=0.0029, Final_scale=3470.0699
🚀 APPLYING GUIDANCE at step 4 (timestep=971)
final_loss: 1.1403378248214722
🎯 GUIDANCE STEP 4 (t=971): Loss=1.1403, Rho=219.064285, Grad_norm=0.0046, Final_scale=2190.6429
🚀 APPLYING GUIDANCE at step 5 (timestep=963)
final_loss: 1.1408748626708984
🎯 GUIDANCE STEP 5 (t=963): Loss=1.1409, Rho=335.431702, Grad_norm=0.0030, Final_scale=3354.3170
🚀 APPLYING GUIDANCE at step 6 (timestep=956)
final_loss: 1.1406315565109253
🎯 GUIDANCE STEP 6 (t=956): Loss=1.1406, Rho=296.749939, Grad_norm=0.0034, Final_scale=2967.4994
🚀 APPLYING GUIDANCE at step 7 (timestep=948)
final_loss: 1.1408295631408691
🎯 GUIDANCE STEP 7 (t=948): Loss=1.1408, Rho=223.903809, Grad_norm=0.0045, Final_scale=2239.0381
🚀 APPLYING GUIDANCE at step 8 (timestep=939)
final_loss: 1.1399896144866943
🎯 GUIDANCE STEP 8 (t=939): Loss=1.1400, Rho=355.306885, Grad_norm=0.0028, Final_scale=3553.0688
🚀 APPLYING GUIDANCE at step 9 (timestep=931)
final_loss: 1.1402180194854736
🎯 GUIDANCE STEP 9 (t=931): Loss=1.1402, Rho=371.925293, Grad_norm=0.0027, Final_scale=3719.2529
🚀 APPLYING GUIDANCE at step 10 (timestep=922)
final_loss: 1.1404227018356323
🎯 GUIDANCE STEP 10 (t=922): Loss=1.1404, Rho=342.213898, Grad_norm=0.0029, Final_scale=3422.1390
🚀 APPLYING GUIDANCE at step 11 (timestep=913)
final_loss: 1.140499472618103
🎯 GUIDANCE STEP 11 (t=913): Loss=1.1405, Rho=334.457550, Grad_norm=0.0030, Final_scale=3344.5755
🚀 APPLYING GUIDANCE at step 12 (timestep=904)
final_loss: 1.1409938335418701
🎯 GUIDANCE STEP 12 (t=904): Loss=1.1410, Rho=415.179504, Grad_norm=0.0024, Final_scale=4151.7950
🚀 APPLYING GUIDANCE at step 13 (timestep=894)
final_loss: 1.1410177946090698
🎯 GUIDANCE STEP 13 (t=894): Loss=1.1410, Rho=393.539215, Grad_norm=0.0025, Final_scale=3935.3922
🚀 APPLYING GUIDANCE at step 14 (timestep=884)
final_loss: 1.1410635709762573
🎯 GUIDANCE STEP 14 (t=884): Loss=1.1411, Rho=429.905701, Grad_norm=0.0023, Final_scale=4299.0570
🚀 APPLYING GUIDANCE at step 15 (timestep=874)
final_loss: 1.1408203840255737
🎯 GUIDANCE STEP 15 (t=874): Loss=1.1408, Rho=342.751923, Grad_norm=0.0029, Final_scale=3427.5192
🚀 APPLYING GUIDANCE at step 16 (timestep=864)
final_loss: 1.140748381614685
🎯 GUIDANCE STEP 16 (t=864): Loss=1.1407, Rho=461.138031, Grad_norm=0.0022, Final_scale=4611.3803
🚀 APPLYING GUIDANCE at step 17 (timestep=853)
final_loss: 1.1404708623886108
🎯 GUIDANCE STEP 17 (t=853): Loss=1.1405, Rho=430.527069, Grad_norm=0.0023, Final_scale=4305.2707
🚀 APPLYING GUIDANCE at step 18 (timestep=841)
final_loss: 1.1404030323028564
🎯 GUIDANCE STEP 18 (t=841): Loss=1.1404, Rho=387.415283, Grad_norm=0.0026, Final_scale=3874.1528
🚀 APPLYING GUIDANCE at step 19 (timestep=829)
final_loss: 1.140506386756897
🎯 GUIDANCE STEP 19 (t=829): Loss=1.1405, Rho=457.967529, Grad_norm=0.0022, Final_scale=4579.6753
🚀 APPLYING GUIDANCE at step 20 (timestep=817)
final_loss: 1.1403734683990479
🎯 GUIDANCE STEP 20 (t=817): Loss=1.1404, Rho=383.029266, Grad_norm=0.0026, Final_scale=3830.2927
🚀 APPLYING GUIDANCE at step 21 (timestep=805)
final_loss: 1.139999508857727
🎯 GUIDANCE STEP 21 (t=805): Loss=1.1400, Rho=363.028381, Grad_norm=0.0028, Final_scale=3630.2838
🚀 APPLYING GUIDANCE at step 22 (timestep=792)
final_loss: 1.1398347616195679
🎯 GUIDANCE STEP 22 (t=792): Loss=1.1398, Rho=313.807251, Grad_norm=0.0032, Final_scale=3138.0725
🚀 APPLYING GUIDANCE at step 23 (timestep=778)
final_loss: 1.1399964094161987
🎯 GUIDANCE STEP 23 (t=778): Loss=1.1400, Rho=370.275848, Grad_norm=0.0027, Final_scale=3702.7585
🚀 APPLYING GUIDANCE at step 24 (timestep=764)
final_loss: 1.1402015686035156
🎯 GUIDANCE STEP 24 (t=764): Loss=1.1402, Rho=414.503510, Grad_norm=0.0024, Final_scale=4145.0351
🚀 APPLYING GUIDANCE at step 25 (timestep=749)
final_loss: 1.1401132345199585
🎯 GUIDANCE STEP 25 (t=749): Loss=1.1401, Rho=483.921448, Grad_norm=0.0021, Final_scale=4839.2145
🚀 APPLYING GUIDANCE at step 26 (timestep=734)
final_loss: 1.1402534246444702
🎯 GUIDANCE STEP 26 (t=734): Loss=1.1403, Rho=479.853729, Grad_norm=0.0021, Final_scale=4798.5373
🚀 APPLYING GUIDANCE at step 27 (timestep=718)
final_loss: 1.140114426612854
🎯 GUIDANCE STEP 27 (t=718): Loss=1.1401, Rho=496.648468, Grad_norm=0.0020, Final_scale=4966.4847
🚀 APPLYING GUIDANCE at step 28 (timestep=701)
final_loss: 1.139886498451233
🎯 GUIDANCE STEP 28 (t=701): Loss=1.1399, Rho=245.032639, Grad_norm=0.0041, Final_scale=2450.3264
🚀 APPLYING GUIDANCE at step 29 (timestep=684)
final_loss: 1.1400266885757446
🎯 GUIDANCE STEP 29 (t=684): Loss=1.1400, Rho=611.482056, Grad_norm=0.0016, Final_scale=6114.8206
🚀 APPLYING GUIDANCE at step 30 (timestep=666)
final_loss: 1.1402109861373901
🎯 GUIDANCE STEP 30 (t=666): Loss=1.1402, Rho=673.126587, Grad_norm=0.0015, Final_scale=6731.2659
🚀 APPLYING GUIDANCE at step 31 (timestep=647)
final_loss: 1.1402391195297241
🎯 GUIDANCE STEP 31 (t=647): Loss=1.1402, Rho=715.550110, Grad_norm=0.0014, Final_scale=7155.5011
🚀 APPLYING GUIDANCE at step 32 (timestep=627)
final_loss: 1.1399656534194946
🎯 GUIDANCE STEP 32 (t=627): Loss=1.1400, Rho=739.487854, Grad_norm=0.0014, Final_scale=7394.8785
🚀 APPLYING GUIDANCE at step 33 (timestep=606)
final_loss: 1.1400856971740723
🎯 GUIDANCE STEP 33 (t=606): Loss=1.1401, Rho=726.510010, Grad_norm=0.0014, Final_scale=7265.1001
🚀 APPLYING GUIDANCE at step 34 (timestep=585)
final_loss: 1.1398253440856934
🎯 GUIDANCE STEP 34 (t=585): Loss=1.1398, Rho=789.189514, Grad_norm=0.0013, Final_scale=7891.8951
🚀 APPLYING GUIDANCE at step 35 (timestep=562)
final_loss: 1.1397823095321655
🎯 GUIDANCE STEP 35 (t=562): Loss=1.1398, Rho=576.856934, Grad_norm=0.0017, Final_scale=5768.5693
🚀 APPLYING GUIDANCE at step 36 (timestep=538)
final_loss: 1.1396019458770752
🎯 GUIDANCE STEP 36 (t=538): Loss=1.1396, Rho=668.136536, Grad_norm=0.0015, Final_scale=6681.3654
🚀 APPLYING GUIDANCE at step 37 (timestep=512)
final_loss: 1.1396582126617432
🎯 GUIDANCE STEP 37 (t=512): Loss=1.1397, Rho=743.920898, Grad_norm=0.0013, Final_scale=7439.2090
🚀 APPLYING GUIDANCE at step 38 (timestep=486)
final_loss: 1.139499545097351
🎯 GUIDANCE STEP 38 (t=486): Loss=1.1395, Rho=968.407776, Grad_norm=0.0010, Final_scale=9684.0778
🚀 APPLYING GUIDANCE at step 39 (timestep=458)
final_loss: 1.139473795890808
🎯 GUIDANCE STEP 39 (t=458): Loss=1.1395, Rho=802.027466, Grad_norm=0.0012, Final_scale=8020.2747
🚀 APPLYING GUIDANCE at step 40 (timestep=428)
final_loss: 1.1393531560897827
🎯 GUIDANCE STEP 40 (t=428): Loss=1.1394, Rho=958.767273, Grad_norm=0.0010, Final_scale=9587.6727
🚀 APPLYING GUIDANCE at step 41 (timestep=396)
final_loss: 1.139161229133606
🎯 GUIDANCE STEP 41 (t=396): Loss=1.1392, Rho=892.028381, Grad_norm=0.0011, Final_scale=8920.2838
🚀 APPLYING GUIDANCE at step 42 (timestep=363)
final_loss: 1.1392685174942017
🎯 GUIDANCE STEP 42 (t=363): Loss=1.1393, Rho=698.219116, Grad_norm=0.0014, Final_scale=6982.1912
🚀 APPLYING GUIDANCE at step 43 (timestep=327)
final_loss: 1.1392030715942383
🎯 GUIDANCE STEP 43 (t=327): Loss=1.1392, Rho=1383.937988, Grad_norm=0.0007, Final_scale=13839.3799
🚀 APPLYING GUIDANCE at step 44 (timestep=290)
final_loss: 1.1388185024261475
🎯 GUIDANCE STEP 44 (t=290): Loss=1.1388, Rho=1691.445068, Grad_norm=0.0006, Final_scale=16914.4507
🚀 APPLYING GUIDANCE at step 45 (timestep=249)
final_loss: 1.1389265060424805
🎯 GUIDANCE STEP 45 (t=249): Loss=1.1389, Rho=1450.608276, Grad_norm=0.0007, Final_scale=14506.0828
🚀 APPLYING GUIDANCE at step 46 (timestep=206)
final_loss: 1.1384680271148682
🎯 GUIDANCE STEP 46 (t=206): Loss=1.1385, Rho=1365.564331, Grad_norm=0.0007, Final_scale=13655.6433
🚀 APPLYING GUIDANCE at step 47 (timestep=160)
final_loss: 1.138319969177246
🎯 GUIDANCE STEP 47 (t=160): Loss=1.1383, Rho=1325.238525, Grad_norm=0.0008, Final_scale=13252.3853
🚀 APPLYING GUIDANCE at step 48 (timestep=111)
final_loss: 1.1383882761001587
🎯 GUIDANCE STEP 48 (t=111): Loss=1.1384, Rho=1339.446777, Grad_norm=0.0007, Final_scale=13394.4678
🚀 APPLYING GUIDANCE at step 49 (timestep=57)
final_loss: 1.1377089023590088
🎯 GUIDANCE STEP 49 (t=57): Loss=1.1377, Rho=959.781860, Grad_norm=0.0010, Final_scale=9597.8186
[guidance_f33_s50_w16c8_rho10.0_cfg5.0torch] Generated: generated_videos/subject_consistency/guidance_f33_s50_w16c8_rho10.0_cfg5.0torch/a train accelerating to gain speed.mp4
[guidance_f33_s50_w16c8_rho10.0_cfg5.0torch] Generating video 4/9 (guidance): a truck turning a corner
🎬 STARTING GUIDANCE PIPELINE GENERATION
   Frames: 33, Steps: 50, CFG Scale: 5.0

🔧 GUIDANCE PIPELINE CONFIGURATION:
   Guidance range: 0 - 1001
   Rho scale: 10.0
   V-JEPA kernel_size: 16
   V-JEPA context_length: 8
   V-JEPA stride: 2
   V-JEPA mode: max
   Total timesteps: 50

🚀 APPLYING GUIDANCE at step 0 (timestep=999)
final_loss: 1.0887826681137085
🎯 GUIDANCE STEP 0 (t=999): Loss=1.0888, Rho=77.545738, Grad_norm=0.0129, Final_scale=775.4574
🚀 APPLYING GUIDANCE at step 1 (timestep=992)
final_loss: 1.128886103630066
🎯 GUIDANCE STEP 1 (t=992): Loss=1.1289, Rho=153.713577, Grad_norm=0.0065, Final_scale=1537.1358
🚀 APPLYING GUIDANCE at step 2 (timestep=985)
final_loss: 1.1329923868179321
🎯 GUIDANCE STEP 2 (t=985): Loss=1.1330, Rho=469.289459, Grad_norm=0.0021, Final_scale=4692.8946
🚀 APPLYING GUIDANCE at step 3 (timestep=978)
final_loss: 1.1326960325241089
🎯 GUIDANCE STEP 3 (t=978): Loss=1.1327, Rho=285.007019, Grad_norm=0.0035, Final_scale=2850.0702
🚀 APPLYING GUIDANCE at step 4 (timestep=971)
final_loss: 1.1330559253692627
🎯 GUIDANCE STEP 4 (t=971): Loss=1.1331, Rho=889.778198, Grad_norm=0.0011, Final_scale=8897.7820
🚀 APPLYING GUIDANCE at step 5 (timestep=963)
final_loss: 1.132813811302185
🎯 GUIDANCE STEP 5 (t=963): Loss=1.1328, Rho=892.499573, Grad_norm=0.0011, Final_scale=8924.9957
🚀 APPLYING GUIDANCE at step 6 (timestep=956)
final_loss: 1.132273554801941
🎯 GUIDANCE STEP 6 (t=956): Loss=1.1323, Rho=990.063538, Grad_norm=0.0010, Final_scale=9900.6354
🚀 APPLYING GUIDANCE at step 7 (timestep=948)
final_loss: 1.1327481269836426
🎯 GUIDANCE STEP 7 (t=948): Loss=1.1327, Rho=1128.429565, Grad_norm=0.0009, Final_scale=11284.2957
🚀 APPLYING GUIDANCE at step 8 (timestep=939)
final_loss: 1.1325926780700684
🎯 GUIDANCE STEP 8 (t=939): Loss=1.1326, Rho=1223.706055, Grad_norm=0.0008, Final_scale=12237.0605
🚀 APPLYING GUIDANCE at step 9 (timestep=931)
final_loss: 1.1327629089355469
🎯 GUIDANCE STEP 9 (t=931): Loss=1.1328, Rho=1485.110962, Grad_norm=0.0007, Final_scale=14851.1096
🚀 APPLYING GUIDANCE at step 10 (timestep=922)
final_loss: 1.1328970193862915
🎯 GUIDANCE STEP 10 (t=922): Loss=1.1329, Rho=1163.541138, Grad_norm=0.0009, Final_scale=11635.4114
🚀 APPLYING GUIDANCE at step 11 (timestep=913)
final_loss: 1.1326409578323364
🎯 GUIDANCE STEP 11 (t=913): Loss=1.1326, Rho=1485.060425, Grad_norm=0.0007, Final_scale=14850.6042
🚀 APPLYING GUIDANCE at step 12 (timestep=904)
final_loss: 1.1325994729995728
🎯 GUIDANCE STEP 12 (t=904): Loss=1.1326, Rho=1410.903809, Grad_norm=0.0007, Final_scale=14109.0381
🚀 APPLYING GUIDANCE at step 13 (timestep=894)
final_loss: 1.1325892210006714
🎯 GUIDANCE STEP 13 (t=894): Loss=1.1326, Rho=1328.652222, Grad_norm=0.0008, Final_scale=13286.5222
🚀 APPLYING GUIDANCE at step 14 (timestep=884)
final_loss: 1.1324647665023804
🎯 GUIDANCE STEP 14 (t=884): Loss=1.1325, Rho=1368.726196, Grad_norm=0.0007, Final_scale=13687.2620
🚀 APPLYING GUIDANCE at step 15 (timestep=874)
final_loss: 1.1323626041412354
🎯 GUIDANCE STEP 15 (t=874): Loss=1.1324, Rho=1493.690063, Grad_norm=0.0007, Final_scale=14936.9006
🚀 APPLYING GUIDANCE at step 16 (timestep=864)
final_loss: 1.1323888301849365
🎯 GUIDANCE STEP 16 (t=864): Loss=1.1324, Rho=1410.133301, Grad_norm=0.0007, Final_scale=14101.3330
🚀 APPLYING GUIDANCE at step 17 (timestep=853)
final_loss: 1.1327576637268066
🎯 GUIDANCE STEP 17 (t=853): Loss=1.1328, Rho=1441.056641, Grad_norm=0.0007, Final_scale=14410.5664
🚀 APPLYING GUIDANCE at step 18 (timestep=841)
final_loss: 1.1325615644454956
🎯 GUIDANCE STEP 18 (t=841): Loss=1.1326, Rho=1513.215454, Grad_norm=0.0007, Final_scale=15132.1545
🚀 APPLYING GUIDANCE at step 19 (timestep=829)
final_loss: 1.1326578855514526
🎯 GUIDANCE STEP 19 (t=829): Loss=1.1327, Rho=1803.434937, Grad_norm=0.0006, Final_scale=18034.3494
🚀 APPLYING GUIDANCE at step 20 (timestep=817)
final_loss: 1.1326334476470947
🎯 GUIDANCE STEP 20 (t=817): Loss=1.1326, Rho=1766.262207, Grad_norm=0.0006, Final_scale=17662.6221
🚀 APPLYING GUIDANCE at step 21 (timestep=805)
final_loss: 1.1325966119766235
🎯 GUIDANCE STEP 21 (t=805): Loss=1.1326, Rho=1997.212158, Grad_norm=0.0005, Final_scale=19972.1216
🚀 APPLYING GUIDANCE at step 22 (timestep=792)
final_loss: 1.1326465606689453
🎯 GUIDANCE STEP 22 (t=792): Loss=1.1326, Rho=1907.690552, Grad_norm=0.0005, Final_scale=19076.9055
🚀 APPLYING GUIDANCE at step 23 (timestep=778)
final_loss: 1.1324268579483032
🎯 GUIDANCE STEP 23 (t=778): Loss=1.1324, Rho=2046.921997, Grad_norm=0.0005, Final_scale=20469.2200
🚀 APPLYING GUIDANCE at step 24 (timestep=764)
final_loss: 1.1325172185897827
🎯 GUIDANCE STEP 24 (t=764): Loss=1.1325, Rho=1932.309814, Grad_norm=0.0005, Final_scale=19323.0981
🚀 APPLYING GUIDANCE at step 25 (timestep=749)
final_loss: 1.1323645114898682
🎯 GUIDANCE STEP 25 (t=749): Loss=1.1324, Rho=2277.339844, Grad_norm=0.0004, Final_scale=22773.3984
🚀 APPLYING GUIDANCE at step 26 (timestep=734)
final_loss: 1.132432460784912
🎯 GUIDANCE STEP 26 (t=734): Loss=1.1324, Rho=1740.778442, Grad_norm=0.0006, Final_scale=17407.7844
🚀 APPLYING GUIDANCE at step 27 (timestep=718)
final_loss: 1.132364273071289
🎯 GUIDANCE STEP 27 (t=718): Loss=1.1324, Rho=2402.241455, Grad_norm=0.0004, Final_scale=24022.4146
🚀 APPLYING GUIDANCE at step 28 (timestep=701)
final_loss: 1.1322554349899292
🎯 GUIDANCE STEP 28 (t=701): Loss=1.1323, Rho=2633.245361, Grad_norm=0.0004, Final_scale=26332.4536
🚀 APPLYING GUIDANCE at step 29 (timestep=684)
final_loss: 1.1324104070663452
🎯 GUIDANCE STEP 29 (t=684): Loss=1.1324, Rho=2308.036621, Grad_norm=0.0004, Final_scale=23080.3662
🚀 APPLYING GUIDANCE at step 30 (timestep=666)
final_loss: 1.1322427988052368
🎯 GUIDANCE STEP 30 (t=666): Loss=1.1322, Rho=2670.552246, Grad_norm=0.0004, Final_scale=26705.5225
🚀 APPLYING GUIDANCE at step 31 (timestep=647)
final_loss: 1.1323233842849731
🎯 GUIDANCE STEP 31 (t=647): Loss=1.1323, Rho=2196.717529, Grad_norm=0.0005, Final_scale=21967.1753
🚀 APPLYING GUIDANCE at step 32 (timestep=627)
final_loss: 1.1323214769363403
🎯 GUIDANCE STEP 32 (t=627): Loss=1.1323, Rho=2609.927002, Grad_norm=0.0004, Final_scale=26099.2700
🚀 APPLYING GUIDANCE at step 33 (timestep=606)
final_loss: 1.132251262664795
🎯 GUIDANCE STEP 33 (t=606): Loss=1.1323, Rho=3070.343018, Grad_norm=0.0003, Final_scale=30703.4302
🚀 APPLYING GUIDANCE at step 34 (timestep=585)
final_loss: 1.1322481632232666
🎯 GUIDANCE STEP 34 (t=585): Loss=1.1322, Rho=2911.270508, Grad_norm=0.0003, Final_scale=29112.7051
🚀 APPLYING GUIDANCE at step 35 (timestep=562)
final_loss: 1.1323438882827759
🎯 GUIDANCE STEP 35 (t=562): Loss=1.1323, Rho=3177.427002, Grad_norm=0.0003, Final_scale=31774.2700
🚀 APPLYING GUIDANCE at step 36 (timestep=538)
final_loss: 1.132289171218872
🎯 GUIDANCE STEP 36 (t=538): Loss=1.1323, Rho=3438.706299, Grad_norm=0.0003, Final_scale=34387.0630
🚀 APPLYING GUIDANCE at step 37 (timestep=512)
final_loss: 1.132319688796997
🎯 GUIDANCE STEP 37 (t=512): Loss=1.1323, Rho=3182.392578, Grad_norm=0.0003, Final_scale=31823.9258
🚀 APPLYING GUIDANCE at step 38 (timestep=486)
final_loss: 1.132232904434204
🎯 GUIDANCE STEP 38 (t=486): Loss=1.1322, Rho=3574.562744, Grad_norm=0.0003, Final_scale=35745.6274
🚀 APPLYING GUIDANCE at step 39 (timestep=458)
final_loss: 1.1321992874145508
🎯 GUIDANCE STEP 39 (t=458): Loss=1.1322, Rho=2959.481201, Grad_norm=0.0003, Final_scale=29594.8120
🚀 APPLYING GUIDANCE at step 40 (timestep=428)
final_loss: 1.1321419477462769
🎯 GUIDANCE STEP 40 (t=428): Loss=1.1321, Rho=2830.024658, Grad_norm=0.0004, Final_scale=28300.2466
🚀 APPLYING GUIDANCE at step 41 (timestep=396)
final_loss: 1.132206916809082
🎯 GUIDANCE STEP 41 (t=396): Loss=1.1322, Rho=3659.720459, Grad_norm=0.0003, Final_scale=36597.2046
🚀 APPLYING GUIDANCE at step 42 (timestep=363)
final_loss: 1.1323535442352295
🎯 GUIDANCE STEP 42 (t=363): Loss=1.1324, Rho=4011.657959, Grad_norm=0.0002, Final_scale=40116.5796
🚀 APPLYING GUIDANCE at step 43 (timestep=327)
final_loss: 1.1321996450424194
🎯 GUIDANCE STEP 43 (t=327): Loss=1.1322, Rho=4495.434570, Grad_norm=0.0002, Final_scale=44954.3457
🚀 APPLYING GUIDANCE at step 44 (timestep=290)
final_loss: 1.1321738958358765
🎯 GUIDANCE STEP 44 (t=290): Loss=1.1322, Rho=5331.606445, Grad_norm=0.0002, Final_scale=53316.0645
🚀 APPLYING GUIDANCE at step 45 (timestep=249)
final_loss: 1.1321563720703125
🎯 GUIDANCE STEP 45 (t=249): Loss=1.1322, Rho=4390.726074, Grad_norm=0.0002, Final_scale=43907.2607
🚀 APPLYING GUIDANCE at step 46 (timestep=206)
final_loss: 1.1320399045944214
🎯 GUIDANCE STEP 46 (t=206): Loss=1.1320, Rho=5433.542480, Grad_norm=0.0002, Final_scale=54335.4248
🚀 APPLYING GUIDANCE at step 47 (timestep=160)
final_loss: 1.1319884061813354
🎯 GUIDANCE STEP 47 (t=160): Loss=1.1320, Rho=1972.043701, Grad_norm=0.0005, Final_scale=19720.4370
🚀 APPLYING GUIDANCE at step 48 (timestep=111)
final_loss: 1.1321271657943726
🎯 GUIDANCE STEP 48 (t=111): Loss=1.1321, Rho=1871.588135, Grad_norm=0.0005, Final_scale=18715.8813
🚀 APPLYING GUIDANCE at step 49 (timestep=57)
final_loss: 1.1318694353103638
🎯 GUIDANCE STEP 49 (t=57): Loss=1.1319, Rho=2976.363281, Grad_norm=0.0003, Final_scale=29763.6328
[guidance_f33_s50_w16c8_rho10.0_cfg5.0torch] Generated: generated_videos/subject_consistency/guidance_f33_s50_w16c8_rho10.0_cfg5.0torch/an airplane soaring through a clear blue sky.mp4
[guidance_f33_s50_w16c8_rho10.0_cfg5.0torch] Generating video 4/9 (guidance): an airplane taking off
🎬 STARTING GUIDANCE PIPELINE GENERATION
   Frames: 33, Steps: 50, CFG Scale: 5.0

🔧 GUIDANCE PIPELINE CONFIGURATION:
   Guidance range: 0 - 1001
   Rho scale: 10.0
   V-JEPA kernel_size: 16
   V-JEPA context_length: 8
   V-JEPA stride: 2
   V-JEPA mode: max
   Total timesteps: 50

🚀 APPLYING GUIDANCE at step 0 (timestep=999)
final_loss: 1.138182520866394
🎯 GUIDANCE STEP 0 (t=999): Loss=1.1382, Rho=55.014595, Grad_norm=0.0182, Final_scale=550.1460
🚀 APPLYING GUIDANCE at step 1 (timestep=992)
final_loss: 1.144516110420227
🎯 GUIDANCE STEP 1 (t=992): Loss=1.1445, Rho=94.967979, Grad_norm=0.0105, Final_scale=949.6798
🚀 APPLYING GUIDANCE at step 2 (timestep=985)
final_loss: 1.1491461992263794
🎯 GUIDANCE STEP 2 (t=985): Loss=1.1491, Rho=244.441559, Grad_norm=0.0041, Final_scale=2444.4156
🚀 APPLYING GUIDANCE at step 3 (timestep=978)
final_loss: 1.1511744260787964
🎯 GUIDANCE STEP 3 (t=978): Loss=1.1512, Rho=338.967468, Grad_norm=0.0030, Final_scale=3389.6747
🚀 APPLYING GUIDANCE at step 4 (timestep=971)
final_loss: 1.1503986120224
🎯 GUIDANCE STEP 4 (t=971): Loss=1.1504, Rho=421.557159, Grad_norm=0.0024, Final_scale=4215.5716
🚀 APPLYING GUIDANCE at step 5 (timestep=963)
final_loss: 1.151961326599121
🎯 GUIDANCE STEP 5 (t=963): Loss=1.1520, Rho=395.303162, Grad_norm=0.0025, Final_scale=3953.0316
🚀 APPLYING GUIDANCE at step 6 (timestep=956)
final_loss: 1.151976466178894
🎯 GUIDANCE STEP 6 (t=956): Loss=1.1520, Rho=367.833832, Grad_norm=0.0027, Final_scale=3678.3383
🚀 APPLYING GUIDANCE at step 7 (timestep=948)
final_loss: 1.1513127088546753
🎯 GUIDANCE STEP 7 (t=948): Loss=1.1513, Rho=318.208862, Grad_norm=0.0031, Final_scale=3182.0886
🚀 APPLYING GUIDANCE at step 8 (timestep=939)
final_loss: 1.1506119966506958
🎯 GUIDANCE STEP 8 (t=939): Loss=1.1506, Rho=288.862366, Grad_norm=0.0035, Final_scale=2888.6237
🚀 APPLYING GUIDANCE at step 9 (timestep=931)
final_loss: 1.1515069007873535
🎯 GUIDANCE STEP 9 (t=931): Loss=1.1515, Rho=354.662750, Grad_norm=0.0028, Final_scale=3546.6275
🚀 APPLYING GUIDANCE at step 10 (timestep=922)
final_loss: 1.1514678001403809
🎯 GUIDANCE STEP 10 (t=922): Loss=1.1515, Rho=428.681854, Grad_norm=0.0023, Final_scale=4286.8185
🚀 APPLYING GUIDANCE at step 11 (timestep=913)
final_loss: 1.1518858671188354
🎯 GUIDANCE STEP 11 (t=913): Loss=1.1519, Rho=485.562836, Grad_norm=0.0021, Final_scale=4855.6284
🚀 APPLYING GUIDANCE at step 12 (timestep=904)
final_loss: 1.151628851890564
🎯 GUIDANCE STEP 12 (t=904): Loss=1.1516, Rho=536.114990, Grad_norm=0.0019, Final_scale=5361.1499
🚀 APPLYING GUIDANCE at step 13 (timestep=894)
final_loss: 1.151519775390625
🎯 GUIDANCE STEP 13 (t=894): Loss=1.1515, Rho=638.289612, Grad_norm=0.0016, Final_scale=6382.8961
🚀 APPLYING GUIDANCE at step 14 (timestep=884)
final_loss: 1.1515130996704102
🎯 GUIDANCE STEP 14 (t=884): Loss=1.1515, Rho=691.142212, Grad_norm=0.0014, Final_scale=6911.4221
🚀 APPLYING GUIDANCE at step 15 (timestep=874)
final_loss: 1.1514222621917725
🎯 GUIDANCE STEP 15 (t=874): Loss=1.1514, Rho=680.169373, Grad_norm=0.0015, Final_scale=6801.6937
🚀 APPLYING GUIDANCE at step 16 (timestep=864)
final_loss: 1.151648759841919
🎯 GUIDANCE STEP 16 (t=864): Loss=1.1516, Rho=726.155151, Grad_norm=0.0014, Final_scale=7261.5515
🚀 APPLYING GUIDANCE at step 17 (timestep=853)
final_loss: 1.1515599489212036
🎯 GUIDANCE STEP 17 (t=853): Loss=1.1516, Rho=705.062561, Grad_norm=0.0014, Final_scale=7050.6256
🚀 APPLYING GUIDANCE at step 18 (timestep=841)
final_loss: 1.1513547897338867
🎯 GUIDANCE STEP 18 (t=841): Loss=1.1514, Rho=721.712769, Grad_norm=0.0014, Final_scale=7217.1277
🚀 APPLYING GUIDANCE at step 19 (timestep=829)
final_loss: 1.1514780521392822
🎯 GUIDANCE STEP 19 (t=829): Loss=1.1515, Rho=792.288208, Grad_norm=0.0013, Final_scale=7922.8821
🚀 APPLYING GUIDANCE at step 20 (timestep=817)
final_loss: 1.1511783599853516
🎯 GUIDANCE STEP 20 (t=817): Loss=1.1512, Rho=783.612976, Grad_norm=0.0013, Final_scale=7836.1298
🚀 APPLYING GUIDANCE at step 21 (timestep=805)
final_loss: 1.1511586904525757
🎯 GUIDANCE STEP 21 (t=805): Loss=1.1512, Rho=601.295105, Grad_norm=0.0017, Final_scale=6012.9510
🚀 APPLYING GUIDANCE at step 22 (timestep=792)
final_loss: 1.1509642601013184
🎯 GUIDANCE STEP 22 (t=792): Loss=1.1510, Rho=871.802490, Grad_norm=0.0011, Final_scale=8718.0249
🚀 APPLYING GUIDANCE at step 23 (timestep=778)
final_loss: 1.1507076025009155
🎯 GUIDANCE STEP 23 (t=778): Loss=1.1507, Rho=772.857544, Grad_norm=0.0013, Final_scale=7728.5754
🚀 APPLYING GUIDANCE at step 24 (timestep=764)
final_loss: 1.1507606506347656
🎯 GUIDANCE STEP 24 (t=764): Loss=1.1508, Rho=881.795105, Grad_norm=0.0011, Final_scale=8817.9510
🚀 APPLYING GUIDANCE at step 25 (timestep=749)
final_loss: 1.150753378868103
🎯 GUIDANCE STEP 25 (t=749): Loss=1.1508, Rho=951.436584, Grad_norm=0.0011, Final_scale=9514.3658
🚀 APPLYING GUIDANCE at step 26 (timestep=734)
final_loss: 1.1508253812789917
🎯 GUIDANCE STEP 26 (t=734): Loss=1.1508, Rho=942.383545, Grad_norm=0.0011, Final_scale=9423.8354
🚀 APPLYING GUIDANCE at step 27 (timestep=718)
final_loss: 1.1506277322769165
🎯 GUIDANCE STEP 27 (t=718): Loss=1.1506, Rho=951.452026, Grad_norm=0.0011, Final_scale=9514.5203
🚀 APPLYING GUIDANCE at step 28 (timestep=701)
final_loss: 1.1507575511932373
🎯 GUIDANCE STEP 28 (t=701): Loss=1.1508, Rho=1012.138428, Grad_norm=0.0010, Final_scale=10121.3843
🚀 APPLYING GUIDANCE at step 29 (timestep=684)
final_loss: 1.1506236791610718
🎯 GUIDANCE STEP 29 (t=684): Loss=1.1506, Rho=1059.854736, Grad_norm=0.0009, Final_scale=10598.5474
🚀 APPLYING GUIDANCE at step 30 (timestep=666)
final_loss: 1.1505435705184937
🎯 GUIDANCE STEP 30 (t=666): Loss=1.1505, Rho=1120.156494, Grad_norm=0.0009, Final_scale=11201.5649
🚀 APPLYING GUIDANCE at step 31 (timestep=647)
final_loss: 1.150384545326233
🎯 GUIDANCE STEP 31 (t=647): Loss=1.1504, Rho=1030.223877, Grad_norm=0.0010, Final_scale=10302.2388
🚀 APPLYING GUIDANCE at step 32 (timestep=627)
final_loss: 1.1503208875656128
🎯 GUIDANCE STEP 32 (t=627): Loss=1.1503, Rho=1110.947632, Grad_norm=0.0009, Final_scale=11109.4763
🚀 APPLYING GUIDANCE at step 33 (timestep=606)
final_loss: 1.1499866247177124
🎯 GUIDANCE STEP 33 (t=606): Loss=1.1500, Rho=1271.859131, Grad_norm=0.0008, Final_scale=12718.5913
🚀 APPLYING GUIDANCE at step 34 (timestep=585)
final_loss: 1.1499764919281006
🎯 GUIDANCE STEP 34 (t=585): Loss=1.1500, Rho=1163.903442, Grad_norm=0.0009, Final_scale=11639.0344
🚀 APPLYING GUIDANCE at step 35 (timestep=562)
final_loss: 1.1497400999069214
🎯 GUIDANCE STEP 35 (t=562): Loss=1.1497, Rho=1310.996826, Grad_norm=0.0008, Final_scale=13109.9683
🚀 APPLYING GUIDANCE at step 36 (timestep=538)
final_loss: 1.1497646570205688
🎯 GUIDANCE STEP 36 (t=538): Loss=1.1498, Rho=875.140747, Grad_norm=0.0011, Final_scale=8751.4075
🚀 APPLYING GUIDANCE at step 37 (timestep=512)
final_loss: 1.149703025817871
🎯 GUIDANCE STEP 37 (t=512): Loss=1.1497, Rho=307.985962, Grad_norm=0.0032, Final_scale=3079.8596
🚀 APPLYING GUIDANCE at step 38 (timestep=486)
final_loss: 1.14961838722229
🎯 GUIDANCE STEP 38 (t=486): Loss=1.1496, Rho=1322.544678, Grad_norm=0.0008, Final_scale=13225.4468
🚀 APPLYING GUIDANCE at step 39 (timestep=458)
final_loss: 1.1492880582809448
🎯 GUIDANCE STEP 39 (t=458): Loss=1.1493, Rho=1411.189819, Grad_norm=0.0007, Final_scale=14111.8982
🚀 APPLYING GUIDANCE at step 40 (timestep=428)
final_loss: 1.149359941482544
🎯 GUIDANCE STEP 40 (t=428): Loss=1.1494, Rho=1377.120483, Grad_norm=0.0007, Final_scale=13771.2048
🚀 APPLYING GUIDANCE at step 41 (timestep=396)
final_loss: 1.1490453481674194
🎯 GUIDANCE STEP 41 (t=396): Loss=1.1490, Rho=1606.162720, Grad_norm=0.0006, Final_scale=16061.6272
🚀 APPLYING GUIDANCE at step 42 (timestep=363)
final_loss: 1.1489461660385132
🎯 GUIDANCE STEP 42 (t=363): Loss=1.1489, Rho=1205.468140, Grad_norm=0.0008, Final_scale=12054.6814
🚀 APPLYING GUIDANCE at step 43 (timestep=327)
final_loss: 1.1487356424331665
🎯 GUIDANCE STEP 43 (t=327): Loss=1.1487, Rho=1908.691772, Grad_norm=0.0005, Final_scale=19086.9177
🚀 APPLYING GUIDANCE at step 44 (timestep=290)
final_loss: 1.1483927965164185
🎯 GUIDANCE STEP 44 (t=290): Loss=1.1484, Rho=1948.123169, Grad_norm=0.0005, Final_scale=19481.2317
🚀 APPLYING GUIDANCE at step 45 (timestep=249)
final_loss: 1.1478036642074585
🎯 GUIDANCE STEP 45 (t=249): Loss=1.1478, Rho=1990.798828, Grad_norm=0.0005, Final_scale=19907.9883
🚀 APPLYING GUIDANCE at step 46 (timestep=206)
final_loss: 1.1477760076522827
🎯 GUIDANCE STEP 46 (t=206): Loss=1.1478, Rho=1900.977051, Grad_norm=0.0005, Final_scale=19009.7705
🚀 APPLYING GUIDANCE at step 47 (timestep=160)
final_loss: 1.146694540977478
🎯 GUIDANCE STEP 47 (t=160): Loss=1.1467, Rho=1855.103760, Grad_norm=0.0005, Final_scale=18551.0376
🚀 APPLYING GUIDANCE at step 48 (timestep=111)
final_loss: 1.146060585975647
🎯 GUIDANCE STEP 48 (t=111): Loss=1.1461, Rho=1655.990723, Grad_norm=0.0006, Final_scale=16559.9072
🚀 APPLYING GUIDANCE at step 49 (timestep=57)
final_loss: 1.1443861722946167
🎯 GUIDANCE STEP 49 (t=57): Loss=1.1444, Rho=1314.077759, Grad_norm=0.0008, Final_scale=13140.7776
[guidance_f33_s50_w16c8_rho10.0_cfg5.0torch] Generated: generated_videos/subject_consistency/guidance_f33_s50_w16c8_rho10.0_cfg5.0torch/a cow bending down to drink water from a river.mp4
[guidance_f33_s50_w16c8_rho10.0_cfg5.0torch] Generating video 4/9 (guidance): a cow chewing cud while resting in a tranquil barn
🎬 STARTING GUIDANCE PIPELINE GENERATION
   Frames: 33, Steps: 50, CFG Scale: 5.0

🔧 GUIDANCE PIPELINE CONFIGURATION:
   Guidance range: 0 - 1001
   Rho scale: 10.0
   V-JEPA kernel_size: 16
   V-JEPA context_length: 8
   V-JEPA stride: 2
   V-JEPA mode: max
   Total timesteps: 50

🚀 APPLYING GUIDANCE at step 0 (timestep=999)
final_loss: 1.1346960067749023
🎯 GUIDANCE STEP 0 (t=999): Loss=1.1347, Rho=30.026653, Grad_norm=0.0333, Final_scale=300.2665
🚀 APPLYING GUIDANCE at step 1 (timestep=992)
final_loss: 1.1298151016235352
🎯 GUIDANCE STEP 1 (t=992): Loss=1.1298, Rho=264.538055, Grad_norm=0.0038, Final_scale=2645.3806
🚀 APPLYING GUIDANCE at step 2 (timestep=985)
final_loss: 1.1314777135849
🎯 GUIDANCE STEP 2 (t=985): Loss=1.1315, Rho=294.060242, Grad_norm=0.0034, Final_scale=2940.6024
🚀 APPLYING GUIDANCE at step 3 (timestep=978)
final_loss: 1.131583333015442
🎯 GUIDANCE STEP 3 (t=978): Loss=1.1316, Rho=436.521332, Grad_norm=0.0023, Final_scale=4365.2133
🚀 APPLYING GUIDANCE at step 4 (timestep=971)
final_loss: 1.1314938068389893
🎯 GUIDANCE STEP 4 (t=971): Loss=1.1315, Rho=445.283142, Grad_norm=0.0022, Final_scale=4452.8314
🚀 APPLYING GUIDANCE at step 5 (timestep=963)
final_loss: 1.1314388513565063
🎯 GUIDANCE STEP 5 (t=963): Loss=1.1314, Rho=548.317566, Grad_norm=0.0018, Final_scale=5483.1757
🚀 APPLYING GUIDANCE at step 6 (timestep=956)
final_loss: 1.131435751914978
🎯 GUIDANCE STEP 6 (t=956): Loss=1.1314, Rho=526.122314, Grad_norm=0.0019, Final_scale=5261.2231
🚀 APPLYING GUIDANCE at step 7 (timestep=948)
final_loss: 1.1314102411270142
🎯 GUIDANCE STEP 7 (t=948): Loss=1.1314, Rho=411.672241, Grad_norm=0.0024, Final_scale=4116.7224
🚀 APPLYING GUIDANCE at step 8 (timestep=939)
final_loss: 1.1317863464355469
🎯 GUIDANCE STEP 8 (t=939): Loss=1.1318, Rho=536.019470, Grad_norm=0.0019, Final_scale=5360.1947
🚀 APPLYING GUIDANCE at step 9 (timestep=931)
final_loss: 1.1318916082382202
🎯 GUIDANCE STEP 9 (t=931): Loss=1.1319, Rho=571.424194, Grad_norm=0.0018, Final_scale=5714.2419
🚀 APPLYING GUIDANCE at step 10 (timestep=922)
final_loss: 1.1317527294158936
🎯 GUIDANCE STEP 10 (t=922): Loss=1.1318, Rho=603.472107, Grad_norm=0.0017, Final_scale=6034.7211
🚀 APPLYING GUIDANCE at step 11 (timestep=913)
final_loss: 1.1315701007843018
🎯 GUIDANCE STEP 11 (t=913): Loss=1.1316, Rho=735.634338, Grad_norm=0.0014, Final_scale=7356.3434
🚀 APPLYING GUIDANCE at step 12 (timestep=904)
final_loss: 1.1313987970352173
🎯 GUIDANCE STEP 12 (t=904): Loss=1.1314, Rho=695.234192, Grad_norm=0.0014, Final_scale=6952.3419
🚀 APPLYING GUIDANCE at step 13 (timestep=894)
final_loss: 1.1312755346298218
🎯 GUIDANCE STEP 13 (t=894): Loss=1.1313, Rho=678.993591, Grad_norm=0.0015, Final_scale=6789.9359
🚀 APPLYING GUIDANCE at step 14 (timestep=884)
final_loss: 1.13145911693573
🎯 GUIDANCE STEP 14 (t=884): Loss=1.1315, Rho=642.504883, Grad_norm=0.0016, Final_scale=6425.0488
🚀 APPLYING GUIDANCE at step 15 (timestep=874)
final_loss: 1.1313390731811523
🎯 GUIDANCE STEP 15 (t=874): Loss=1.1313, Rho=735.432617, Grad_norm=0.0014, Final_scale=7354.3262
🚀 APPLYING GUIDANCE at step 16 (timestep=864)
final_loss: 1.131456732749939
🎯 GUIDANCE STEP 16 (t=864): Loss=1.1315, Rho=819.015991, Grad_norm=0.0012, Final_scale=8190.1599
🚀 APPLYING GUIDANCE at step 17 (timestep=853)
final_loss: 1.1312999725341797
🎯 GUIDANCE STEP 17 (t=853): Loss=1.1313, Rho=918.334473, Grad_norm=0.0011, Final_scale=9183.3447
🚀 APPLYING GUIDANCE at step 18 (timestep=841)
final_loss: 1.1314135789871216
🎯 GUIDANCE STEP 18 (t=841): Loss=1.1314, Rho=765.095276, Grad_norm=0.0013, Final_scale=7650.9528
🚀 APPLYING GUIDANCE at step 19 (timestep=829)
final_loss: 1.1312721967697144
🎯 GUIDANCE STEP 19 (t=829): Loss=1.1313, Rho=540.711426, Grad_norm=0.0018, Final_scale=5407.1143
🚀 APPLYING GUIDANCE at step 20 (timestep=817)
final_loss: 1.1312612295150757
🎯 GUIDANCE STEP 20 (t=817): Loss=1.1313, Rho=688.058411, Grad_norm=0.0015, Final_scale=6880.5841
🚀 APPLYING GUIDANCE at step 21 (timestep=805)
final_loss: 1.131171703338623
🎯 GUIDANCE STEP 21 (t=805): Loss=1.1312, Rho=623.910889, Grad_norm=0.0016, Final_scale=6239.1089
🚀 APPLYING GUIDANCE at step 22 (timestep=792)
final_loss: 1.131637454032898
🎯 GUIDANCE STEP 22 (t=792): Loss=1.1316, Rho=301.947876, Grad_norm=0.0033, Final_scale=3019.4788
🚀 APPLYING GUIDANCE at step 23 (timestep=778)
final_loss: 1.1316471099853516
🎯 GUIDANCE STEP 23 (t=778): Loss=1.1316, Rho=514.188110, Grad_norm=0.0019, Final_scale=5141.8811
🚀 APPLYING GUIDANCE at step 24 (timestep=764)
final_loss: 1.1315323114395142
🎯 GUIDANCE STEP 24 (t=764): Loss=1.1315, Rho=761.379822, Grad_norm=0.0013, Final_scale=7613.7982
🚀 APPLYING GUIDANCE at step 25 (timestep=749)
final_loss: 1.1317137479782104
🎯 GUIDANCE STEP 25 (t=749): Loss=1.1317, Rho=538.233459, Grad_norm=0.0019, Final_scale=5382.3346
🚀 APPLYING GUIDANCE at step 26 (timestep=734)
final_loss: 1.1315075159072876
🎯 GUIDANCE STEP 26 (t=734): Loss=1.1315, Rho=712.353333, Grad_norm=0.0014, Final_scale=7123.5333
🚀 APPLYING GUIDANCE at step 27 (timestep=718)
final_loss: 1.1316503286361694
🎯 GUIDANCE STEP 27 (t=718): Loss=1.1317, Rho=452.007996, Grad_norm=0.0022, Final_scale=4520.0800
🚀 APPLYING GUIDANCE at step 28 (timestep=701)
final_loss: 1.131669044494629
🎯 GUIDANCE STEP 28 (t=701): Loss=1.1317, Rho=962.763916, Grad_norm=0.0010, Final_scale=9627.6392
🚀 APPLYING GUIDANCE at step 29 (timestep=684)
final_loss: 1.1316499710083008
🎯 GUIDANCE STEP 29 (t=684): Loss=1.1316, Rho=1002.321533, Grad_norm=0.0010, Final_scale=10023.2153
🚀 APPLYING GUIDANCE at step 30 (timestep=666)
final_loss: 1.1315997838974
🎯 GUIDANCE STEP 30 (t=666): Loss=1.1316, Rho=492.969238, Grad_norm=0.0020, Final_scale=4929.6924
🚀 APPLYING GUIDANCE at step 31 (timestep=647)
final_loss: 1.131556749343872
🎯 GUIDANCE STEP 31 (t=647): Loss=1.1316, Rho=786.782837, Grad_norm=0.0013, Final_scale=7867.8284
🚀 APPLYING GUIDANCE at step 32 (timestep=627)
final_loss: 1.1314791440963745
🎯 GUIDANCE STEP 32 (t=627): Loss=1.1315, Rho=624.303467, Grad_norm=0.0016, Final_scale=6243.0347
🚀 APPLYING GUIDANCE at step 33 (timestep=606)
final_loss: 1.1316100358963013
🎯 GUIDANCE STEP 33 (t=606): Loss=1.1316, Rho=568.539307, Grad_norm=0.0018, Final_scale=5685.3931
🚀 APPLYING GUIDANCE at step 34 (timestep=585)
final_loss: 1.1314767599105835
🎯 GUIDANCE STEP 34 (t=585): Loss=1.1315, Rho=861.871338, Grad_norm=0.0012, Final_scale=8618.7134
🚀 APPLYING GUIDANCE at step 35 (timestep=562)
final_loss: 1.1316598653793335
🎯 GUIDANCE STEP 35 (t=562): Loss=1.1317, Rho=665.625488, Grad_norm=0.0015, Final_scale=6656.2549
🚀 APPLYING GUIDANCE at step 36 (timestep=538)
final_loss: 1.1316007375717163
🎯 GUIDANCE STEP 36 (t=538): Loss=1.1316, Rho=480.166168, Grad_norm=0.0021, Final_scale=4801.6617
🚀 APPLYING GUIDANCE at step 37 (timestep=512)
final_loss: 1.1316245794296265
🎯 GUIDANCE STEP 37 (t=512): Loss=1.1316, Rho=788.041199, Grad_norm=0.0013, Final_scale=7880.4120
🚀 APPLYING GUIDANCE at step 38 (timestep=486)
final_loss: 1.1314420700073242
🎯 GUIDANCE STEP 38 (t=486): Loss=1.1314, Rho=1179.952393, Grad_norm=0.0008, Final_scale=11799.5239
🚀 APPLYING GUIDANCE at step 39 (timestep=458)
final_loss: 1.1314258575439453
🎯 GUIDANCE STEP 39 (t=458): Loss=1.1314, Rho=1235.108154, Grad_norm=0.0008, Final_scale=12351.0815
🚀 APPLYING GUIDANCE at step 40 (timestep=428)
final_loss: 1.1312220096588135
🎯 GUIDANCE STEP 40 (t=428): Loss=1.1312, Rho=1299.672485, Grad_norm=0.0008, Final_scale=12996.7249
🚀 APPLYING GUIDANCE at step 41 (timestep=396)
final_loss: 1.1309947967529297
🎯 GUIDANCE STEP 41 (t=396): Loss=1.1310, Rho=761.297180, Grad_norm=0.0013, Final_scale=7612.9718
🚀 APPLYING GUIDANCE at step 42 (timestep=363)
final_loss: 1.130764365196228
🎯 GUIDANCE STEP 42 (t=363): Loss=1.1308, Rho=1258.520752, Grad_norm=0.0008, Final_scale=12585.2075
🚀 APPLYING GUIDANCE at step 43 (timestep=327)
final_loss: 1.1304651498794556
🎯 GUIDANCE STEP 43 (t=327): Loss=1.1305, Rho=1344.663208, Grad_norm=0.0007, Final_scale=13446.6321
🚀 APPLYING GUIDANCE at step 44 (timestep=290)
final_loss: 1.1302002668380737
🎯 GUIDANCE STEP 44 (t=290): Loss=1.1302, Rho=1039.473633, Grad_norm=0.0010, Final_scale=10394.7363
🚀 APPLYING GUIDANCE at step 45 (timestep=249)
final_loss: 1.129710078239441
🎯 GUIDANCE STEP 45 (t=249): Loss=1.1297, Rho=1339.086182, Grad_norm=0.0007, Final_scale=13390.8618
🚀 APPLYING GUIDANCE at step 46 (timestep=206)
final_loss: 1.1291054487228394
🎯 GUIDANCE STEP 46 (t=206): Loss=1.1291, Rho=1174.440063, Grad_norm=0.0009, Final_scale=11744.4006
🚀 APPLYING GUIDANCE at step 47 (timestep=160)
final_loss: 1.1282017230987549
🎯 GUIDANCE STEP 47 (t=160): Loss=1.1282, Rho=1207.678345, Grad_norm=0.0008, Final_scale=12076.7834
🚀 APPLYING GUIDANCE at step 48 (timestep=111)
final_loss: 1.1270471811294556
🎯 GUIDANCE STEP 48 (t=111): Loss=1.1270, Rho=1001.841553, Grad_norm=0.0010, Final_scale=10018.4155
🚀 APPLYING GUIDANCE at step 49 (timestep=57)
final_loss: 1.1249650716781616
🎯 GUIDANCE STEP 49 (t=57): Loss=1.1250, Rho=979.704834, Grad_norm=0.0010, Final_scale=9797.0483
[guidance_f33_s50_w16c8_rho10.0_cfg5.0torch] Generated: generated_videos/subject_consistency/guidance_f33_s50_w16c8_rho10.0_cfg5.0torch/a bird building a nest from twigs and leaves.mp4
[guidance_f33_s50_w16c8_rho10.0_cfg5.0torch] Generating video 5/9 (guidance): a bird flying over a snowy forest
🎬 STARTING GUIDANCE PIPELINE GENERATION
   Frames: 33, Steps: 50, CFG Scale: 5.0

🔧 GUIDANCE PIPELINE CONFIGURATION:
   Guidance range: 0 - 1001
   Rho scale: 10.0
   V-JEPA kernel_size: 16
   V-JEPA context_length: 8
   V-JEPA stride: 2
   V-JEPA mode: max
   Total timesteps: 50

🚀 APPLYING GUIDANCE at step 0 (timestep=999)
final_loss: 1.1434611082077026
🎯 GUIDANCE STEP 0 (t=999): Loss=1.1435, Rho=324.368744, Grad_norm=0.0031, Final_scale=3243.6874
🚀 APPLYING GUIDANCE at step 1 (timestep=992)
final_loss: 1.1183786392211914
🎯 GUIDANCE STEP 1 (t=992): Loss=1.1184, Rho=77.352539, Grad_norm=0.0129, Final_scale=773.5254
🚀 APPLYING GUIDANCE at step 2 (timestep=985)
final_loss: 1.1135116815567017
🎯 GUIDANCE STEP 2 (t=985): Loss=1.1135, Rho=209.360214, Grad_norm=0.0048, Final_scale=2093.6021
🚀 APPLYING GUIDANCE at step 3 (timestep=978)
final_loss: 1.1155421733856201
🎯 GUIDANCE STEP 3 (t=978): Loss=1.1155, Rho=195.204575, Grad_norm=0.0051, Final_scale=1952.0457
🚀 APPLYING GUIDANCE at step 4 (timestep=971)
final_loss: 1.1169352531433105
🎯 GUIDANCE STEP 4 (t=971): Loss=1.1169, Rho=239.035873, Grad_norm=0.0042, Final_scale=2390.3587
🚀 APPLYING GUIDANCE at step 5 (timestep=963)
final_loss: 1.1166828870773315
🎯 GUIDANCE STEP 5 (t=963): Loss=1.1167, Rho=297.747223, Grad_norm=0.0034, Final_scale=2977.4722
🚀 APPLYING GUIDANCE at step 6 (timestep=956)
final_loss: 1.1160235404968262
🎯 GUIDANCE STEP 6 (t=956): Loss=1.1160, Rho=344.997620, Grad_norm=0.0029, Final_scale=3449.9762
🚀 APPLYING GUIDANCE at step 7 (timestep=948)
final_loss: 1.1158872842788696
🎯 GUIDANCE STEP 7 (t=948): Loss=1.1159, Rho=344.196289, Grad_norm=0.0029, Final_scale=3441.9629
🚀 APPLYING GUIDANCE at step 8 (timestep=939)
final_loss: 1.1157114505767822
🎯 GUIDANCE STEP 8 (t=939): Loss=1.1157, Rho=368.642639, Grad_norm=0.0027, Final_scale=3686.4264
🚀 APPLYING GUIDANCE at step 9 (timestep=931)
final_loss: 1.1158075332641602
🎯 GUIDANCE STEP 9 (t=931): Loss=1.1158, Rho=417.154755, Grad_norm=0.0024, Final_scale=4171.5475
🚀 APPLYING GUIDANCE at step 10 (timestep=922)
final_loss: 1.1158949136734009
🎯 GUIDANCE STEP 10 (t=922): Loss=1.1159, Rho=538.919556, Grad_norm=0.0019, Final_scale=5389.1956
🚀 APPLYING GUIDANCE at step 11 (timestep=913)
final_loss: 1.1155421733856201
🎯 GUIDANCE STEP 11 (t=913): Loss=1.1155, Rho=389.317108, Grad_norm=0.0026, Final_scale=3893.1711
🚀 APPLYING GUIDANCE at step 12 (timestep=904)
final_loss: 1.115763783454895
🎯 GUIDANCE STEP 12 (t=904): Loss=1.1158, Rho=350.387726, Grad_norm=0.0029, Final_scale=3503.8773
🚀 APPLYING GUIDANCE at step 13 (timestep=894)
final_loss: 1.1158088445663452
🎯 GUIDANCE STEP 13 (t=894): Loss=1.1158, Rho=497.712921, Grad_norm=0.0020, Final_scale=4977.1292
🚀 APPLYING GUIDANCE at step 14 (timestep=884)
final_loss: 1.116034746170044
🎯 GUIDANCE STEP 14 (t=884): Loss=1.1160, Rho=525.316956, Grad_norm=0.0019, Final_scale=5253.1696
🚀 APPLYING GUIDANCE at step 15 (timestep=874)
final_loss: 1.1161956787109375
🎯 GUIDANCE STEP 15 (t=874): Loss=1.1162, Rho=649.782654, Grad_norm=0.0015, Final_scale=6497.8265
🚀 APPLYING GUIDANCE at step 16 (timestep=864)
final_loss: 1.115676760673523
🎯 GUIDANCE STEP 16 (t=864): Loss=1.1157, Rho=692.502563, Grad_norm=0.0014, Final_scale=6925.0256
🚀 APPLYING GUIDANCE at step 17 (timestep=853)
final_loss: 1.115911841392517
🎯 GUIDANCE STEP 17 (t=853): Loss=1.1159, Rho=716.898132, Grad_norm=0.0014, Final_scale=7168.9813
🚀 APPLYING GUIDANCE at step 18 (timestep=841)
final_loss: 1.115864634513855
🎯 GUIDANCE STEP 18 (t=841): Loss=1.1159, Rho=791.084473, Grad_norm=0.0013, Final_scale=7910.8447
🚀 APPLYING GUIDANCE at step 19 (timestep=829)
final_loss: 1.1158827543258667
🎯 GUIDANCE STEP 19 (t=829): Loss=1.1159, Rho=683.414429, Grad_norm=0.0015, Final_scale=6834.1443
🚀 APPLYING GUIDANCE at step 20 (timestep=817)
final_loss: 1.1158984899520874
🎯 GUIDANCE STEP 20 (t=817): Loss=1.1159, Rho=776.966797, Grad_norm=0.0013, Final_scale=7769.6680
🚀 APPLYING GUIDANCE at step 21 (timestep=805)
final_loss: 1.1158140897750854
🎯 GUIDANCE STEP 21 (t=805): Loss=1.1158, Rho=1062.203003, Grad_norm=0.0009, Final_scale=10622.0300
🚀 APPLYING GUIDANCE at step 22 (timestep=792)
final_loss: 1.1155900955200195
🎯 GUIDANCE STEP 22 (t=792): Loss=1.1156, Rho=767.695068, Grad_norm=0.0013, Final_scale=7676.9507
🚀 APPLYING GUIDANCE at step 23 (timestep=778)
final_loss: 1.1156227588653564
🎯 GUIDANCE STEP 23 (t=778): Loss=1.1156, Rho=961.821533, Grad_norm=0.0010, Final_scale=9618.2153
🚀 APPLYING GUIDANCE at step 24 (timestep=764)
final_loss: 1.1157163381576538
🎯 GUIDANCE STEP 24 (t=764): Loss=1.1157, Rho=676.536194, Grad_norm=0.0015, Final_scale=6765.3619
🚀 APPLYING GUIDANCE at step 25 (timestep=749)
final_loss: 1.115668535232544
🎯 GUIDANCE STEP 25 (t=749): Loss=1.1157, Rho=1225.149780, Grad_norm=0.0008, Final_scale=12251.4978
🚀 APPLYING GUIDANCE at step 26 (timestep=734)
final_loss: 1.1155846118927002
🎯 GUIDANCE STEP 26 (t=734): Loss=1.1156, Rho=1398.611572, Grad_norm=0.0007, Final_scale=13986.1157
🚀 APPLYING GUIDANCE at step 27 (timestep=718)
final_loss: 1.1155792474746704
🎯 GUIDANCE STEP 27 (t=718): Loss=1.1156, Rho=1306.412598, Grad_norm=0.0008, Final_scale=13064.1260
🚀 APPLYING GUIDANCE at step 28 (timestep=701)
final_loss: 1.1155576705932617
🎯 GUIDANCE STEP 28 (t=701): Loss=1.1156, Rho=1578.693848, Grad_norm=0.0006, Final_scale=15786.9385
🚀 APPLYING GUIDANCE at step 29 (timestep=684)
final_loss: 1.1155834197998047
🎯 GUIDANCE STEP 29 (t=684): Loss=1.1156, Rho=1645.143555, Grad_norm=0.0006, Final_scale=16451.4355
🚀 APPLYING GUIDANCE at step 30 (timestep=666)
final_loss: 1.115460991859436
🎯 GUIDANCE STEP 30 (t=666): Loss=1.1155, Rho=1649.034546, Grad_norm=0.0006, Final_scale=16490.3455
🚀 APPLYING GUIDANCE at step 31 (timestep=647)
final_loss: 1.115448236465454
🎯 GUIDANCE STEP 31 (t=647): Loss=1.1154, Rho=1684.314575, Grad_norm=0.0006, Final_scale=16843.1458
🚀 APPLYING GUIDANCE at step 32 (timestep=627)
final_loss: 1.1154600381851196
🎯 GUIDANCE STEP 32 (t=627): Loss=1.1155, Rho=1469.084351, Grad_norm=0.0007, Final_scale=14690.8435
🚀 APPLYING GUIDANCE at step 33 (timestep=606)
final_loss: 1.1153963804244995
🎯 GUIDANCE STEP 33 (t=606): Loss=1.1154, Rho=1615.914917, Grad_norm=0.0006, Final_scale=16159.1492
🚀 APPLYING GUIDANCE at step 34 (timestep=585)
final_loss: 1.1153337955474854
🎯 GUIDANCE STEP 34 (t=585): Loss=1.1153, Rho=1896.281982, Grad_norm=0.0005, Final_scale=18962.8198
🚀 APPLYING GUIDANCE at step 35 (timestep=562)
final_loss: 1.115392804145813
🎯 GUIDANCE STEP 35 (t=562): Loss=1.1154, Rho=1838.649536, Grad_norm=0.0005, Final_scale=18386.4954
🚀 APPLYING GUIDANCE at step 36 (timestep=538)
final_loss: 1.1153606176376343
🎯 GUIDANCE STEP 36 (t=538): Loss=1.1154, Rho=2170.504395, Grad_norm=0.0005, Final_scale=21705.0439
🚀 APPLYING GUIDANCE at step 37 (timestep=512)
final_loss: 1.1151881217956543
🎯 GUIDANCE STEP 37 (t=512): Loss=1.1152, Rho=2432.552246, Grad_norm=0.0004, Final_scale=24325.5225
🚀 APPLYING GUIDANCE at step 38 (timestep=486)
final_loss: 1.115196704864502
🎯 GUIDANCE STEP 38 (t=486): Loss=1.1152, Rho=2080.356689, Grad_norm=0.0005, Final_scale=20803.5669
🚀 APPLYING GUIDANCE at step 39 (timestep=458)
final_loss: 1.1150935888290405
🎯 GUIDANCE STEP 39 (t=458): Loss=1.1151, Rho=1367.899536, Grad_norm=0.0007, Final_scale=13678.9954
🚀 APPLYING GUIDANCE at step 40 (timestep=428)
final_loss: 1.115052342414856
🎯 GUIDANCE STEP 40 (t=428): Loss=1.1151, Rho=2082.613525, Grad_norm=0.0005, Final_scale=20826.1353
🚀 APPLYING GUIDANCE at step 41 (timestep=396)
final_loss: 1.1150776147842407
🎯 GUIDANCE STEP 41 (t=396): Loss=1.1151, Rho=2837.361084, Grad_norm=0.0004, Final_scale=28373.6108
🚀 APPLYING GUIDANCE at step 42 (timestep=363)
final_loss: 1.1149386167526245
🎯 GUIDANCE STEP 42 (t=363): Loss=1.1149, Rho=2171.612793, Grad_norm=0.0005, Final_scale=21716.1279
🚀 APPLYING GUIDANCE at step 43 (timestep=327)
final_loss: 1.1149256229400635
🎯 GUIDANCE STEP 43 (t=327): Loss=1.1149, Rho=2480.651367, Grad_norm=0.0004, Final_scale=24806.5137
🚀 APPLYING GUIDANCE at step 44 (timestep=290)
final_loss: 1.1147665977478027
🎯 GUIDANCE STEP 44 (t=290): Loss=1.1148, Rho=3709.866943, Grad_norm=0.0003, Final_scale=37098.6694
🚀 APPLYING GUIDANCE at step 45 (timestep=249)
final_loss: 1.1143934726715088
🎯 GUIDANCE STEP 45 (t=249): Loss=1.1144, Rho=2408.627686, Grad_norm=0.0004, Final_scale=24086.2769
🚀 APPLYING GUIDANCE at step 46 (timestep=206)
final_loss: 1.1144355535507202
🎯 GUIDANCE STEP 46 (t=206): Loss=1.1144, Rho=3574.913086, Grad_norm=0.0003, Final_scale=35749.1309
🚀 APPLYING GUIDANCE at step 47 (timestep=160)
final_loss: 1.11424720287323
🎯 GUIDANCE STEP 47 (t=160): Loss=1.1142, Rho=3716.905273, Grad_norm=0.0003, Final_scale=37169.0527
🚀 APPLYING GUIDANCE at step 48 (timestep=111)
final_loss: 1.1142250299453735
🎯 GUIDANCE STEP 48 (t=111): Loss=1.1142, Rho=2904.166992, Grad_norm=0.0003, Final_scale=29041.6699
🚀 APPLYING GUIDANCE at step 49 (timestep=57)
final_loss: 1.1137888431549072
🎯 GUIDANCE STEP 49 (t=57): Loss=1.1138, Rho=1902.261475, Grad_norm=0.0005, Final_scale=19022.6147
[guidance_f33_s50_w16c8_rho10.0_cfg5.0torch] Generated: generated_videos/subject_consistency/guidance_f33_s50_w16c8_rho10.0_cfg5.0torch/a car turning a corner.mp4
[guidance_f33_s50_w16c8_rho10.0_cfg5.0torch] Generating video 5/9 (guidance): a car slowing down to stop
🎬 STARTING GUIDANCE PIPELINE GENERATION
   Frames: 33, Steps: 50, CFG Scale: 5.0

🔧 GUIDANCE PIPELINE CONFIGURATION:
   Guidance range: 0 - 1001
   Rho scale: 10.0
   V-JEPA kernel_size: 16
   V-JEPA context_length: 8
   V-JEPA stride: 2
   V-JEPA mode: max
   Total timesteps: 50

🚀 APPLYING GUIDANCE at step 0 (timestep=999)
final_loss: 1.1298011541366577
🎯 GUIDANCE STEP 0 (t=999): Loss=1.1298, Rho=122.925911, Grad_norm=0.0081, Final_scale=1229.2591
🚀 APPLYING GUIDANCE at step 1 (timestep=992)
final_loss: 1.1256332397460938
🎯 GUIDANCE STEP 1 (t=992): Loss=1.1256, Rho=64.513596, Grad_norm=0.0155, Final_scale=645.1360
🚀 APPLYING GUIDANCE at step 2 (timestep=985)
final_loss: 1.123913049697876
🎯 GUIDANCE STEP 2 (t=985): Loss=1.1239, Rho=196.842270, Grad_norm=0.0051, Final_scale=1968.4227
🚀 APPLYING GUIDANCE at step 3 (timestep=978)
final_loss: 1.1220911741256714
🎯 GUIDANCE STEP 3 (t=978): Loss=1.1221, Rho=418.551575, Grad_norm=0.0024, Final_scale=4185.5157
🚀 APPLYING GUIDANCE at step 4 (timestep=971)
final_loss: 1.1232928037643433
🎯 GUIDANCE STEP 4 (t=971): Loss=1.1233, Rho=407.334167, Grad_norm=0.0025, Final_scale=4073.3417
🚀 APPLYING GUIDANCE at step 5 (timestep=963)
final_loss: 1.124528408050537
🎯 GUIDANCE STEP 5 (t=963): Loss=1.1245, Rho=241.084808, Grad_norm=0.0041, Final_scale=2410.8481
🚀 APPLYING GUIDANCE at step 6 (timestep=956)
final_loss: 1.1246284246444702
🎯 GUIDANCE STEP 6 (t=956): Loss=1.1246, Rho=301.827698, Grad_norm=0.0033, Final_scale=3018.2770
🚀 APPLYING GUIDANCE at step 7 (timestep=948)
final_loss: 1.124852180480957
🎯 GUIDANCE STEP 7 (t=948): Loss=1.1249, Rho=318.944397, Grad_norm=0.0031, Final_scale=3189.4440
🚀 APPLYING GUIDANCE at step 8 (timestep=939)
final_loss: 1.1246744394302368
🎯 GUIDANCE STEP 8 (t=939): Loss=1.1247, Rho=317.372864, Grad_norm=0.0032, Final_scale=3173.7286
🚀 APPLYING GUIDANCE at step 9 (timestep=931)
final_loss: 1.1247261762619019
🎯 GUIDANCE STEP 9 (t=931): Loss=1.1247, Rho=302.148254, Grad_norm=0.0033, Final_scale=3021.4825
🚀 APPLYING GUIDANCE at step 10 (timestep=922)
final_loss: 1.125019907951355
🎯 GUIDANCE STEP 10 (t=922): Loss=1.1250, Rho=445.931671, Grad_norm=0.0022, Final_scale=4459.3167
🚀 APPLYING GUIDANCE at step 11 (timestep=913)
final_loss: 1.1246623992919922
🎯 GUIDANCE STEP 11 (t=913): Loss=1.1247, Rho=461.645844, Grad_norm=0.0022, Final_scale=4616.4584
🚀 APPLYING GUIDANCE at step 12 (timestep=904)
final_loss: 1.1243966817855835
🎯 GUIDANCE STEP 12 (t=904): Loss=1.1244, Rho=280.030151, Grad_norm=0.0036, Final_scale=2800.3015
🚀 APPLYING GUIDANCE at step 13 (timestep=894)
final_loss: 1.1246203184127808
🎯 GUIDANCE STEP 13 (t=894): Loss=1.1246, Rho=290.058838, Grad_norm=0.0034, Final_scale=2900.5884
🚀 APPLYING GUIDANCE at step 14 (timestep=884)
final_loss: 1.1245989799499512
🎯 GUIDANCE STEP 14 (t=884): Loss=1.1246, Rho=426.555634, Grad_norm=0.0023, Final_scale=4265.5563
🚀 APPLYING GUIDANCE at step 15 (timestep=874)
final_loss: 1.1244330406188965
🎯 GUIDANCE STEP 15 (t=874): Loss=1.1244, Rho=383.945984, Grad_norm=0.0026, Final_scale=3839.4598
🚀 APPLYING GUIDANCE at step 16 (timestep=864)
final_loss: 1.1243683099746704
🎯 GUIDANCE STEP 16 (t=864): Loss=1.1244, Rho=293.414215, Grad_norm=0.0034, Final_scale=2934.1422
🚀 APPLYING GUIDANCE at step 17 (timestep=853)
final_loss: 1.1240538358688354
🎯 GUIDANCE STEP 17 (t=853): Loss=1.1241, Rho=362.377350, Grad_norm=0.0028, Final_scale=3623.7735
🚀 APPLYING GUIDANCE at step 18 (timestep=841)
final_loss: 1.1238592863082886
🎯 GUIDANCE STEP 18 (t=841): Loss=1.1239, Rho=255.880646, Grad_norm=0.0039, Final_scale=2558.8065
🚀 APPLYING GUIDANCE at step 19 (timestep=829)
final_loss: 1.124215006828308
🎯 GUIDANCE STEP 19 (t=829): Loss=1.1242, Rho=465.548035, Grad_norm=0.0021, Final_scale=4655.4803
🚀 APPLYING GUIDANCE at step 20 (timestep=817)
final_loss: 1.1241974830627441
🎯 GUIDANCE STEP 20 (t=817): Loss=1.1242, Rho=452.732635, Grad_norm=0.0022, Final_scale=4527.3264
🚀 APPLYING GUIDANCE at step 21 (timestep=805)
final_loss: 1.1243829727172852
🎯 GUIDANCE STEP 21 (t=805): Loss=1.1244, Rho=424.271820, Grad_norm=0.0024, Final_scale=4242.7182
🚀 APPLYING GUIDANCE at step 22 (timestep=792)
final_loss: 1.1240949630737305
🎯 GUIDANCE STEP 22 (t=792): Loss=1.1241, Rho=580.143188, Grad_norm=0.0017, Final_scale=5801.4319
🚀 APPLYING GUIDANCE at step 23 (timestep=778)
final_loss: 1.124030351638794
🎯 GUIDANCE STEP 23 (t=778): Loss=1.1240, Rho=621.831726, Grad_norm=0.0016, Final_scale=6218.3173
🚀 APPLYING GUIDANCE at step 24 (timestep=764)
final_loss: 1.1238335371017456
🎯 GUIDANCE STEP 24 (t=764): Loss=1.1238, Rho=471.480194, Grad_norm=0.0021, Final_scale=4714.8019
🚀 APPLYING GUIDANCE at step 25 (timestep=749)
final_loss: 1.12376868724823
🎯 GUIDANCE STEP 25 (t=749): Loss=1.1238, Rho=637.667786, Grad_norm=0.0016, Final_scale=6376.6779
🚀 APPLYING GUIDANCE at step 26 (timestep=734)
final_loss: 1.123755693435669
🎯 GUIDANCE STEP 26 (t=734): Loss=1.1238, Rho=556.816895, Grad_norm=0.0018, Final_scale=5568.1689
🚀 APPLYING GUIDANCE at step 27 (timestep=718)
final_loss: 1.12368643283844
🎯 GUIDANCE STEP 27 (t=718): Loss=1.1237, Rho=763.430847, Grad_norm=0.0013, Final_scale=7634.3085
🚀 APPLYING GUIDANCE at step 28 (timestep=701)
final_loss: 1.1235151290893555
🎯 GUIDANCE STEP 28 (t=701): Loss=1.1235, Rho=702.811646, Grad_norm=0.0014, Final_scale=7028.1165
🚀 APPLYING GUIDANCE at step 29 (timestep=684)
final_loss: 1.1235661506652832
🎯 GUIDANCE STEP 29 (t=684): Loss=1.1236, Rho=631.177063, Grad_norm=0.0016, Final_scale=6311.7706
🚀 APPLYING GUIDANCE at step 30 (timestep=666)
final_loss: 1.1234331130981445
🎯 GUIDANCE STEP 30 (t=666): Loss=1.1234, Rho=1124.879395, Grad_norm=0.0009, Final_scale=11248.7939
🚀 APPLYING GUIDANCE at step 31 (timestep=647)
final_loss: 1.1233831644058228
🎯 GUIDANCE STEP 31 (t=647): Loss=1.1234, Rho=869.233276, Grad_norm=0.0012, Final_scale=8692.3328
🚀 APPLYING GUIDANCE at step 32 (timestep=627)
final_loss: 1.123045802116394
🎯 GUIDANCE STEP 32 (t=627): Loss=1.1230, Rho=861.281555, Grad_norm=0.0012, Final_scale=8612.8156
🚀 APPLYING GUIDANCE at step 33 (timestep=606)
final_loss: 1.1230621337890625
🎯 GUIDANCE STEP 33 (t=606): Loss=1.1231, Rho=713.185852, Grad_norm=0.0014, Final_scale=7131.8585
🚀 APPLYING GUIDANCE at step 34 (timestep=585)
final_loss: 1.1230038404464722
🎯 GUIDANCE STEP 34 (t=585): Loss=1.1230, Rho=617.433533, Grad_norm=0.0016, Final_scale=6174.3353
🚀 APPLYING GUIDANCE at step 35 (timestep=562)
final_loss: 1.122992753982544
🎯 GUIDANCE STEP 35 (t=562): Loss=1.1230, Rho=1181.353149, Grad_norm=0.0008, Final_scale=11813.5315
🚀 APPLYING GUIDANCE at step 36 (timestep=538)
final_loss: 1.1228430271148682
🎯 GUIDANCE STEP 36 (t=538): Loss=1.1228, Rho=1255.574219, Grad_norm=0.0008, Final_scale=12555.7422
🚀 APPLYING GUIDANCE at step 37 (timestep=512)
final_loss: 1.1227630376815796
🎯 GUIDANCE STEP 37 (t=512): Loss=1.1228, Rho=1278.167480, Grad_norm=0.0008, Final_scale=12781.6748
🚀 APPLYING GUIDANCE at step 38 (timestep=486)
final_loss: 1.1226921081542969
🎯 GUIDANCE STEP 38 (t=486): Loss=1.1227, Rho=1587.349487, Grad_norm=0.0006, Final_scale=15873.4949
🚀 APPLYING GUIDANCE at step 39 (timestep=458)
final_loss: 1.1225255727767944
🎯 GUIDANCE STEP 39 (t=458): Loss=1.1225, Rho=1539.278564, Grad_norm=0.0006, Final_scale=15392.7856
🚀 APPLYING GUIDANCE at step 40 (timestep=428)
final_loss: 1.1224087476730347
🎯 GUIDANCE STEP 40 (t=428): Loss=1.1224, Rho=1642.345947, Grad_norm=0.0006, Final_scale=16423.4595
🚀 APPLYING GUIDANCE at step 41 (timestep=396)
final_loss: 1.1223781108856201
🎯 GUIDANCE STEP 41 (t=396): Loss=1.1224, Rho=1788.932617, Grad_norm=0.0006, Final_scale=17889.3262
🚀 APPLYING GUIDANCE at step 42 (timestep=363)
final_loss: 1.1222736835479736
🎯 GUIDANCE STEP 42 (t=363): Loss=1.1223, Rho=2028.765137, Grad_norm=0.0005, Final_scale=20287.6514
🚀 APPLYING GUIDANCE at step 43 (timestep=327)
final_loss: 1.122170329093933
🎯 GUIDANCE STEP 43 (t=327): Loss=1.1222, Rho=360.270691, Grad_norm=0.0028, Final_scale=3602.7069
🚀 APPLYING GUIDANCE at step 44 (timestep=290)
final_loss: 1.1223299503326416
🎯 GUIDANCE STEP 44 (t=290): Loss=1.1223, Rho=2363.694092, Grad_norm=0.0004, Final_scale=23636.9409
🚀 APPLYING GUIDANCE at step 45 (timestep=249)
final_loss: 1.1221493482589722
🎯 GUIDANCE STEP 45 (t=249): Loss=1.1221, Rho=2767.154053, Grad_norm=0.0004, Final_scale=27671.5405
🚀 APPLYING GUIDANCE at step 46 (timestep=206)
final_loss: 1.1220778226852417
🎯 GUIDANCE STEP 46 (t=206): Loss=1.1221, Rho=1703.062256, Grad_norm=0.0006, Final_scale=17030.6226
🚀 APPLYING GUIDANCE at step 47 (timestep=160)
final_loss: 1.1218013763427734
🎯 GUIDANCE STEP 47 (t=160): Loss=1.1218, Rho=2562.707275, Grad_norm=0.0004, Final_scale=25627.0728
🚀 APPLYING GUIDANCE at step 48 (timestep=111)
final_loss: 1.1217445135116577
🎯 GUIDANCE STEP 48 (t=111): Loss=1.1217, Rho=2278.288818, Grad_norm=0.0004, Final_scale=22782.8882
🚀 APPLYING GUIDANCE at step 49 (timestep=57)
final_loss: 1.1217950582504272
🎯 GUIDANCE STEP 49 (t=57): Loss=1.1218, Rho=1906.309326, Grad_norm=0.0005, Final_scale=19063.0933
[guidance_f33_s50_w16c8_rho10.0_cfg5.0torch] Generated: generated_videos/subject_consistency/guidance_f33_s50_w16c8_rho10.0_cfg5.0torch/a dog running happily.mp4
[guidance_f33_s50_w16c8_rho10.0_cfg5.0torch] Generating video 5/9 (guidance): a horse bending down to drink water from a river
🎬 STARTING GUIDANCE PIPELINE GENERATION
   Frames: 33, Steps: 50, CFG Scale: 5.0

🔧 GUIDANCE PIPELINE CONFIGURATION:
   Guidance range: 0 - 1001
   Rho scale: 10.0
   V-JEPA kernel_size: 16
   V-JEPA context_length: 8
   V-JEPA stride: 2
   V-JEPA mode: max
   Total timesteps: 50

🚀 APPLYING GUIDANCE at step 0 (timestep=999)
final_loss: 1.1336710453033447
🎯 GUIDANCE STEP 0 (t=999): Loss=1.1337, Rho=234.181137, Grad_norm=0.0043, Final_scale=2341.8114
🚀 APPLYING GUIDANCE at step 1 (timestep=992)
final_loss: 1.1365259885787964
🎯 GUIDANCE STEP 1 (t=992): Loss=1.1365, Rho=88.217300, Grad_norm=0.0113, Final_scale=882.1730
🚀 APPLYING GUIDANCE at step 2 (timestep=985)
final_loss: 1.1338051557540894
🎯 GUIDANCE STEP 2 (t=985): Loss=1.1338, Rho=181.842377, Grad_norm=0.0055, Final_scale=1818.4238
🚀 APPLYING GUIDANCE at step 3 (timestep=978)
final_loss: 1.1312683820724487
🎯 GUIDANCE STEP 3 (t=978): Loss=1.1313, Rho=412.573853, Grad_norm=0.0024, Final_scale=4125.7385
🚀 APPLYING GUIDANCE at step 4 (timestep=971)
final_loss: 1.1316149234771729
🎯 GUIDANCE STEP 4 (t=971): Loss=1.1316, Rho=328.842621, Grad_norm=0.0030, Final_scale=3288.4262
🚀 APPLYING GUIDANCE at step 5 (timestep=963)
final_loss: 1.1302025318145752
🎯 GUIDANCE STEP 5 (t=963): Loss=1.1302, Rho=244.181213, Grad_norm=0.0041, Final_scale=2441.8121
🚀 APPLYING GUIDANCE at step 6 (timestep=956)
final_loss: 1.1303683519363403
🎯 GUIDANCE STEP 6 (t=956): Loss=1.1304, Rho=374.191833, Grad_norm=0.0027, Final_scale=3741.9183
🚀 APPLYING GUIDANCE at step 7 (timestep=948)
final_loss: 1.1308300495147705
🎯 GUIDANCE STEP 7 (t=948): Loss=1.1308, Rho=302.485291, Grad_norm=0.0033, Final_scale=3024.8529
🚀 APPLYING GUIDANCE at step 8 (timestep=939)
final_loss: 1.1309099197387695
🎯 GUIDANCE STEP 8 (t=939): Loss=1.1309, Rho=342.182129, Grad_norm=0.0029, Final_scale=3421.8213
🚀 APPLYING GUIDANCE at step 9 (timestep=931)
final_loss: 1.1312525272369385
🎯 GUIDANCE STEP 9 (t=931): Loss=1.1313, Rho=279.553314, Grad_norm=0.0036, Final_scale=2795.5331
🚀 APPLYING GUIDANCE at step 10 (timestep=922)
final_loss: 1.1310755014419556
🎯 GUIDANCE STEP 10 (t=922): Loss=1.1311, Rho=343.887238, Grad_norm=0.0029, Final_scale=3438.8724
🚀 APPLYING GUIDANCE at step 11 (timestep=913)
final_loss: 1.1304575204849243
🎯 GUIDANCE STEP 11 (t=913): Loss=1.1305, Rho=300.482208, Grad_norm=0.0033, Final_scale=3004.8221
🚀 APPLYING GUIDANCE at step 12 (timestep=904)
final_loss: 1.1298918724060059
🎯 GUIDANCE STEP 12 (t=904): Loss=1.1299, Rho=307.966797, Grad_norm=0.0032, Final_scale=3079.6680
🚀 APPLYING GUIDANCE at step 13 (timestep=894)
final_loss: 1.12966787815094
🎯 GUIDANCE STEP 13 (t=894): Loss=1.1297, Rho=332.147552, Grad_norm=0.0030, Final_scale=3321.4755
🚀 APPLYING GUIDANCE at step 14 (timestep=884)
final_loss: 1.1291545629501343
🎯 GUIDANCE STEP 14 (t=884): Loss=1.1292, Rho=335.136902, Grad_norm=0.0030, Final_scale=3351.3690
🚀 APPLYING GUIDANCE at step 15 (timestep=874)
final_loss: 1.1292250156402588
🎯 GUIDANCE STEP 15 (t=874): Loss=1.1292, Rho=372.414612, Grad_norm=0.0027, Final_scale=3724.1461
🚀 APPLYING GUIDANCE at step 16 (timestep=864)
final_loss: 1.129360556602478
🎯 GUIDANCE STEP 16 (t=864): Loss=1.1294, Rho=399.360962, Grad_norm=0.0025, Final_scale=3993.6096
🚀 APPLYING GUIDANCE at step 17 (timestep=853)
final_loss: 1.129418969154358
🎯 GUIDANCE STEP 17 (t=853): Loss=1.1294, Rho=414.156921, Grad_norm=0.0024, Final_scale=4141.5692
🚀 APPLYING GUIDANCE at step 18 (timestep=841)
final_loss: 1.1293209791183472
🎯 GUIDANCE STEP 18 (t=841): Loss=1.1293, Rho=428.520935, Grad_norm=0.0023, Final_scale=4285.2094
🚀 APPLYING GUIDANCE at step 19 (timestep=829)
final_loss: 1.1291687488555908
🎯 GUIDANCE STEP 19 (t=829): Loss=1.1292, Rho=363.642426, Grad_norm=0.0027, Final_scale=3636.4243
🚀 APPLYING GUIDANCE at step 20 (timestep=817)
final_loss: 1.1297224760055542
🎯 GUIDANCE STEP 20 (t=817): Loss=1.1297, Rho=401.800323, Grad_norm=0.0025, Final_scale=4018.0032
🚀 APPLYING GUIDANCE at step 21 (timestep=805)
final_loss: 1.1293092966079712
🎯 GUIDANCE STEP 21 (t=805): Loss=1.1293, Rho=433.734192, Grad_norm=0.0023, Final_scale=4337.3419
🚀 APPLYING GUIDANCE at step 22 (timestep=792)
final_loss: 1.129388689994812
🎯 GUIDANCE STEP 22 (t=792): Loss=1.1294, Rho=318.602875, Grad_norm=0.0031, Final_scale=3186.0287
🚀 APPLYING GUIDANCE at step 23 (timestep=778)
final_loss: 1.1294833421707153
🎯 GUIDANCE STEP 23 (t=778): Loss=1.1295, Rho=416.007751, Grad_norm=0.0024, Final_scale=4160.0775
🚀 APPLYING GUIDANCE at step 24 (timestep=764)
final_loss: 1.1298085451126099
🎯 GUIDANCE STEP 24 (t=764): Loss=1.1298, Rho=492.631653, Grad_norm=0.0020, Final_scale=4926.3165
🚀 APPLYING GUIDANCE at step 25 (timestep=749)
final_loss: 1.129490852355957
🎯 GUIDANCE STEP 25 (t=749): Loss=1.1295, Rho=431.284393, Grad_norm=0.0023, Final_scale=4312.8439
🚀 APPLYING GUIDANCE at step 26 (timestep=734)
final_loss: 1.1294792890548706
🎯 GUIDANCE STEP 26 (t=734): Loss=1.1295, Rho=481.730469, Grad_norm=0.0021, Final_scale=4817.3047
🚀 APPLYING GUIDANCE at step 27 (timestep=718)
final_loss: 1.1298201084136963
🎯 GUIDANCE STEP 27 (t=718): Loss=1.1298, Rho=509.975800, Grad_norm=0.0020, Final_scale=5099.7580
🚀 APPLYING GUIDANCE at step 28 (timestep=701)
final_loss: 1.1297203302383423
🎯 GUIDANCE STEP 28 (t=701): Loss=1.1297, Rho=471.792389, Grad_norm=0.0021, Final_scale=4717.9239
🚀 APPLYING GUIDANCE at step 29 (timestep=684)
final_loss: 1.1293296813964844
🎯 GUIDANCE STEP 29 (t=684): Loss=1.1293, Rho=492.541107, Grad_norm=0.0020, Final_scale=4925.4111
🚀 APPLYING GUIDANCE at step 30 (timestep=666)
final_loss: 1.1293256282806396
🎯 GUIDANCE STEP 30 (t=666): Loss=1.1293, Rho=175.383331, Grad_norm=0.0057, Final_scale=1753.8333
🚀 APPLYING GUIDANCE at step 31 (timestep=647)
final_loss: 1.129637360572815
🎯 GUIDANCE STEP 31 (t=647): Loss=1.1296, Rho=366.111298, Grad_norm=0.0027, Final_scale=3661.1130
🚀 APPLYING GUIDANCE at step 32 (timestep=627)
final_loss: 1.1294106245040894
🎯 GUIDANCE STEP 32 (t=627): Loss=1.1294, Rho=553.384583, Grad_norm=0.0018, Final_scale=5533.8458
🚀 APPLYING GUIDANCE at step 33 (timestep=606)
final_loss: 1.1292375326156616
🎯 GUIDANCE STEP 33 (t=606): Loss=1.1292, Rho=510.225952, Grad_norm=0.0020, Final_scale=5102.2595
🚀 APPLYING GUIDANCE at step 34 (timestep=585)
final_loss: 1.1291760206222534
🎯 GUIDANCE STEP 34 (t=585): Loss=1.1292, Rho=546.106262, Grad_norm=0.0018, Final_scale=5461.0626
🚀 APPLYING GUIDANCE at step 35 (timestep=562)
final_loss: 1.129282832145691
🎯 GUIDANCE STEP 35 (t=562): Loss=1.1293, Rho=429.188629, Grad_norm=0.0023, Final_scale=4291.8863
🚀 APPLYING GUIDANCE at step 36 (timestep=538)
final_loss: 1.1288589239120483
🎯 GUIDANCE STEP 36 (t=538): Loss=1.1289, Rho=300.546814, Grad_norm=0.0033, Final_scale=3005.4681
🚀 APPLYING GUIDANCE at step 37 (timestep=512)
final_loss: 1.128766655921936
🎯 GUIDANCE STEP 37 (t=512): Loss=1.1288, Rho=551.807129, Grad_norm=0.0018, Final_scale=5518.0713
🚀 APPLYING GUIDANCE at step 38 (timestep=486)
final_loss: 1.1285423040390015
🎯 GUIDANCE STEP 38 (t=486): Loss=1.1285, Rho=549.354248, Grad_norm=0.0018, Final_scale=5493.5425
🚀 APPLYING GUIDANCE at step 39 (timestep=458)
final_loss: 1.1283034086227417
🎯 GUIDANCE STEP 39 (t=458): Loss=1.1283, Rho=779.948425, Grad_norm=0.0013, Final_scale=7799.4843
🚀 APPLYING GUIDANCE at step 40 (timestep=428)
final_loss: 1.1284502744674683
🎯 GUIDANCE STEP 40 (t=428): Loss=1.1285, Rho=594.625366, Grad_norm=0.0017, Final_scale=5946.2537
🚀 APPLYING GUIDANCE at step 41 (timestep=396)
final_loss: 1.1281355619430542
🎯 GUIDANCE STEP 41 (t=396): Loss=1.1281, Rho=782.683899, Grad_norm=0.0013, Final_scale=7826.8390
🚀 APPLYING GUIDANCE at step 42 (timestep=363)
final_loss: 1.128450870513916
🎯 GUIDANCE STEP 42 (t=363): Loss=1.1285, Rho=773.818665, Grad_norm=0.0013, Final_scale=7738.1866
🚀 APPLYING GUIDANCE at step 43 (timestep=327)
final_loss: 1.1275138854980469
🎯 GUIDANCE STEP 43 (t=327): Loss=1.1275, Rho=856.322083, Grad_norm=0.0012, Final_scale=8563.2208
🚀 APPLYING GUIDANCE at step 44 (timestep=290)
final_loss: 1.1279023885726929
🎯 GUIDANCE STEP 44 (t=290): Loss=1.1279, Rho=874.087280, Grad_norm=0.0011, Final_scale=8740.8728
🚀 APPLYING GUIDANCE at step 45 (timestep=249)
final_loss: 1.1266545057296753
🎯 GUIDANCE STEP 45 (t=249): Loss=1.1267, Rho=889.343445, Grad_norm=0.0011, Final_scale=8893.4344
🚀 APPLYING GUIDANCE at step 46 (timestep=206)
final_loss: 1.1262630224227905
🎯 GUIDANCE STEP 46 (t=206): Loss=1.1263, Rho=826.848511, Grad_norm=0.0012, Final_scale=8268.4851
🚀 APPLYING GUIDANCE at step 47 (timestep=160)
final_loss: 1.1264702081680298
🎯 GUIDANCE STEP 47 (t=160): Loss=1.1265, Rho=817.638733, Grad_norm=0.0012, Final_scale=8176.3873
🚀 APPLYING GUIDANCE at step 48 (timestep=111)
final_loss: 1.1246994733810425
🎯 GUIDANCE STEP 48 (t=111): Loss=1.1247, Rho=659.668579, Grad_norm=0.0015, Final_scale=6596.6858
🚀 APPLYING GUIDANCE at step 49 (timestep=57)
final_loss: 1.123781442642212
🎯 GUIDANCE STEP 49 (t=57): Loss=1.1238, Rho=557.122314, Grad_norm=0.0018, Final_scale=5571.2231
[guidance_f33_s50_w16c8_rho10.0_cfg5.0torch] Generated: generated_videos/subject_consistency/guidance_f33_s50_w16c8_rho10.0_cfg5.0torch/a zebra bending down to drink water from a river.mp4
[guidance_f33_s50_w16c8_rho10.0_cfg5.0torch] Generating video 5/9 (guidance): a zebra running to join a herd of its kind
🎬 STARTING GUIDANCE PIPELINE GENERATION
   Frames: 33, Steps: 50, CFG Scale: 5.0

🔧 GUIDANCE PIPELINE CONFIGURATION:
   Guidance range: 0 - 1001
   Rho scale: 10.0
   V-JEPA kernel_size: 16
   V-JEPA context_length: 8
   V-JEPA stride: 2
   V-JEPA mode: max
   Total timesteps: 50

🚀 APPLYING GUIDANCE at step 0 (timestep=999)
final_loss: 1.1290940046310425
🎯 GUIDANCE STEP 0 (t=999): Loss=1.1291, Rho=64.947830, Grad_norm=0.0154, Final_scale=649.4783
🚀 APPLYING GUIDANCE at step 1 (timestep=992)
final_loss: 1.1409348249435425
🎯 GUIDANCE STEP 1 (t=992): Loss=1.1409, Rho=134.269089, Grad_norm=0.0074, Final_scale=1342.6909
🚀 APPLYING GUIDANCE at step 2 (timestep=985)
final_loss: 1.1329617500305176
🎯 GUIDANCE STEP 2 (t=985): Loss=1.1330, Rho=150.211243, Grad_norm=0.0067, Final_scale=1502.1124
🚀 APPLYING GUIDANCE at step 3 (timestep=978)
final_loss: 1.1282230615615845
🎯 GUIDANCE STEP 3 (t=978): Loss=1.1282, Rho=324.985168, Grad_norm=0.0031, Final_scale=3249.8517
🚀 APPLYING GUIDANCE at step 4 (timestep=971)
final_loss: 1.1271480321884155
🎯 GUIDANCE STEP 4 (t=971): Loss=1.1271, Rho=258.427277, Grad_norm=0.0039, Final_scale=2584.2728
🚀 APPLYING GUIDANCE at step 5 (timestep=963)
final_loss: 1.1286693811416626
🎯 GUIDANCE STEP 5 (t=963): Loss=1.1287, Rho=367.453491, Grad_norm=0.0027, Final_scale=3674.5349
🚀 APPLYING GUIDANCE at step 6 (timestep=956)
final_loss: 1.1288280487060547
🎯 GUIDANCE STEP 6 (t=956): Loss=1.1288, Rho=359.056305, Grad_norm=0.0028, Final_scale=3590.5630
🚀 APPLYING GUIDANCE at step 7 (timestep=948)
final_loss: 1.1286379098892212
🎯 GUIDANCE STEP 7 (t=948): Loss=1.1286, Rho=381.094940, Grad_norm=0.0026, Final_scale=3810.9494
🚀 APPLYING GUIDANCE at step 8 (timestep=939)
final_loss: 1.128463625907898
🎯 GUIDANCE STEP 8 (t=939): Loss=1.1285, Rho=379.504211, Grad_norm=0.0026, Final_scale=3795.0421
🚀 APPLYING GUIDANCE at step 9 (timestep=931)
final_loss: 1.1280477046966553
🎯 GUIDANCE STEP 9 (t=931): Loss=1.1280, Rho=314.847595, Grad_norm=0.0032, Final_scale=3148.4760
🚀 APPLYING GUIDANCE at step 10 (timestep=922)
final_loss: 1.1275380849838257
🎯 GUIDANCE STEP 10 (t=922): Loss=1.1275, Rho=359.523651, Grad_norm=0.0028, Final_scale=3595.2365
🚀 APPLYING GUIDANCE at step 11 (timestep=913)
final_loss: 1.1272815465927124
🎯 GUIDANCE STEP 11 (t=913): Loss=1.1273, Rho=360.073090, Grad_norm=0.0028, Final_scale=3600.7309
🚀 APPLYING GUIDANCE at step 12 (timestep=904)
final_loss: 1.1268075704574585
🎯 GUIDANCE STEP 12 (t=904): Loss=1.1268, Rho=259.099670, Grad_norm=0.0039, Final_scale=2590.9967
🚀 APPLYING GUIDANCE at step 13 (timestep=894)
final_loss: 1.1265373229980469
🎯 GUIDANCE STEP 13 (t=894): Loss=1.1265, Rho=419.809998, Grad_norm=0.0024, Final_scale=4198.1000
🚀 APPLYING GUIDANCE at step 14 (timestep=884)
final_loss: 1.1265816688537598
🎯 GUIDANCE STEP 14 (t=884): Loss=1.1266, Rho=439.026642, Grad_norm=0.0023, Final_scale=4390.2664
🚀 APPLYING GUIDANCE at step 15 (timestep=874)
final_loss: 1.1267448663711548
🎯 GUIDANCE STEP 15 (t=874): Loss=1.1267, Rho=390.569489, Grad_norm=0.0026, Final_scale=3905.6949
🚀 APPLYING GUIDANCE at step 16 (timestep=864)
final_loss: 1.1268917322158813
🎯 GUIDANCE STEP 16 (t=864): Loss=1.1269, Rho=405.981506, Grad_norm=0.0025, Final_scale=4059.8151
🚀 APPLYING GUIDANCE at step 17 (timestep=853)
final_loss: 1.1267433166503906
🎯 GUIDANCE STEP 17 (t=853): Loss=1.1267, Rho=387.705475, Grad_norm=0.0026, Final_scale=3877.0547
🚀 APPLYING GUIDANCE at step 18 (timestep=841)
final_loss: 1.1264199018478394
🎯 GUIDANCE STEP 18 (t=841): Loss=1.1264, Rho=495.877625, Grad_norm=0.0020, Final_scale=4958.7762
🚀 APPLYING GUIDANCE at step 19 (timestep=829)
final_loss: 1.1262298822402954
🎯 GUIDANCE STEP 19 (t=829): Loss=1.1262, Rho=488.585693, Grad_norm=0.0020, Final_scale=4885.8569
🚀 APPLYING GUIDANCE at step 20 (timestep=817)
final_loss: 1.1259769201278687
🎯 GUIDANCE STEP 20 (t=817): Loss=1.1260, Rho=580.468994, Grad_norm=0.0017, Final_scale=5804.6899
🚀 APPLYING GUIDANCE at step 21 (timestep=805)
final_loss: 1.1262625455856323
🎯 GUIDANCE STEP 21 (t=805): Loss=1.1263, Rho=568.446228, Grad_norm=0.0018, Final_scale=5684.4623
🚀 APPLYING GUIDANCE at step 22 (timestep=792)
final_loss: 1.1264573335647583
🎯 GUIDANCE STEP 22 (t=792): Loss=1.1265, Rho=407.250732, Grad_norm=0.0025, Final_scale=4072.5073
🚀 APPLYING GUIDANCE at step 23 (timestep=778)
final_loss: 1.126287817955017
🎯 GUIDANCE STEP 23 (t=778): Loss=1.1263, Rho=645.514038, Grad_norm=0.0015, Final_scale=6455.1404
🚀 APPLYING GUIDANCE at step 24 (timestep=764)
final_loss: 1.1265419721603394
🎯 GUIDANCE STEP 24 (t=764): Loss=1.1265, Rho=631.090637, Grad_norm=0.0016, Final_scale=6310.9064
🚀 APPLYING GUIDANCE at step 25 (timestep=749)
final_loss: 1.1264179944992065
🎯 GUIDANCE STEP 25 (t=749): Loss=1.1264, Rho=718.439148, Grad_norm=0.0014, Final_scale=7184.3915
🚀 APPLYING GUIDANCE at step 26 (timestep=734)
final_loss: 1.1265171766281128
🎯 GUIDANCE STEP 26 (t=734): Loss=1.1265, Rho=794.984253, Grad_norm=0.0013, Final_scale=7949.8425
🚀 APPLYING GUIDANCE at step 27 (timestep=718)
final_loss: 1.1263612508773804
🎯 GUIDANCE STEP 27 (t=718): Loss=1.1264, Rho=654.269592, Grad_norm=0.0015, Final_scale=6542.6959
🚀 APPLYING GUIDANCE at step 28 (timestep=701)
final_loss: 1.1262801885604858
🎯 GUIDANCE STEP 28 (t=701): Loss=1.1263, Rho=792.174805, Grad_norm=0.0013, Final_scale=7921.7480
🚀 APPLYING GUIDANCE at step 29 (timestep=684)
final_loss: 1.1263006925582886
🎯 GUIDANCE STEP 29 (t=684): Loss=1.1263, Rho=649.284607, Grad_norm=0.0015, Final_scale=6492.8461
🚀 APPLYING GUIDANCE at step 30 (timestep=666)
final_loss: 1.1261788606643677
🎯 GUIDANCE STEP 30 (t=666): Loss=1.1262, Rho=813.132019, Grad_norm=0.0012, Final_scale=8131.3202
🚀 APPLYING GUIDANCE at step 31 (timestep=647)
final_loss: 1.1260088682174683
🎯 GUIDANCE STEP 31 (t=647): Loss=1.1260, Rho=939.533752, Grad_norm=0.0011, Final_scale=9395.3375
🚀 APPLYING GUIDANCE at step 32 (timestep=627)
final_loss: 1.1259454488754272
🎯 GUIDANCE STEP 32 (t=627): Loss=1.1259, Rho=684.246887, Grad_norm=0.0015, Final_scale=6842.4689
🚀 APPLYING GUIDANCE at step 33 (timestep=606)
final_loss: 1.125918984413147
🎯 GUIDANCE STEP 33 (t=606): Loss=1.1259, Rho=985.666687, Grad_norm=0.0010, Final_scale=9856.6669
🚀 APPLYING GUIDANCE at step 34 (timestep=585)
final_loss: 1.1259920597076416
🎯 GUIDANCE STEP 34 (t=585): Loss=1.1260, Rho=360.878571, Grad_norm=0.0028, Final_scale=3608.7857
🚀 APPLYING GUIDANCE at step 35 (timestep=562)
final_loss: 1.1259187459945679
🎯 GUIDANCE STEP 35 (t=562): Loss=1.1259, Rho=927.600342, Grad_norm=0.0011, Final_scale=9276.0034
🚀 APPLYING GUIDANCE at step 36 (timestep=538)
final_loss: 1.1257776021957397
🎯 GUIDANCE STEP 36 (t=538): Loss=1.1258, Rho=1086.994141, Grad_norm=0.0009, Final_scale=10869.9414
🚀 APPLYING GUIDANCE at step 37 (timestep=512)
final_loss: 1.125569462776184
🎯 GUIDANCE STEP 37 (t=512): Loss=1.1256, Rho=949.721680, Grad_norm=0.0011, Final_scale=9497.2168
🚀 APPLYING GUIDANCE at step 38 (timestep=486)
final_loss: 1.1256227493286133
🎯 GUIDANCE STEP 38 (t=486): Loss=1.1256, Rho=1137.307007, Grad_norm=0.0009, Final_scale=11373.0701
🚀 APPLYING GUIDANCE at step 39 (timestep=458)
final_loss: 1.1254057884216309
🎯 GUIDANCE STEP 39 (t=458): Loss=1.1254, Rho=1234.756958, Grad_norm=0.0008, Final_scale=12347.5696
🚀 APPLYING GUIDANCE at step 40 (timestep=428)
final_loss: 1.1252282857894897
🎯 GUIDANCE STEP 40 (t=428): Loss=1.1252, Rho=1090.627686, Grad_norm=0.0009, Final_scale=10906.2769
🚀 APPLYING GUIDANCE at step 41 (timestep=396)
final_loss: 1.125090479850769
🎯 GUIDANCE STEP 41 (t=396): Loss=1.1251, Rho=1122.110229, Grad_norm=0.0009, Final_scale=11221.1023
🚀 APPLYING GUIDANCE at step 42 (timestep=363)
final_loss: 1.1248531341552734
🎯 GUIDANCE STEP 42 (t=363): Loss=1.1249, Rho=1510.069214, Grad_norm=0.0007, Final_scale=15100.6921
🚀 APPLYING GUIDANCE at step 43 (timestep=327)
final_loss: 1.1246027946472168
🎯 GUIDANCE STEP 43 (t=327): Loss=1.1246, Rho=1197.155518, Grad_norm=0.0008, Final_scale=11971.5552
🚀 APPLYING GUIDANCE at step 44 (timestep=290)
final_loss: 1.1243656873703003
🎯 GUIDANCE STEP 44 (t=290): Loss=1.1244, Rho=1191.531494, Grad_norm=0.0008, Final_scale=11915.3149
🚀 APPLYING GUIDANCE at step 45 (timestep=249)
final_loss: 1.1240160465240479
🎯 GUIDANCE STEP 45 (t=249): Loss=1.1240, Rho=1088.860107, Grad_norm=0.0009, Final_scale=10888.6011
🚀 APPLYING GUIDANCE at step 46 (timestep=206)
final_loss: 1.1237448453903198
🎯 GUIDANCE STEP 46 (t=206): Loss=1.1237, Rho=1263.329956, Grad_norm=0.0008, Final_scale=12633.2996
🚀 APPLYING GUIDANCE at step 47 (timestep=160)
final_loss: 1.1234796047210693
🎯 GUIDANCE STEP 47 (t=160): Loss=1.1235, Rho=1536.384521, Grad_norm=0.0007, Final_scale=15363.8452
🚀 APPLYING GUIDANCE at step 48 (timestep=111)
final_loss: 1.123214602470398
🎯 GUIDANCE STEP 48 (t=111): Loss=1.1232, Rho=1383.597656, Grad_norm=0.0007, Final_scale=13835.9766
🚀 APPLYING GUIDANCE at step 49 (timestep=57)
final_loss: 1.1224123239517212
🎯 GUIDANCE STEP 49 (t=57): Loss=1.1224, Rho=1193.526001, Grad_norm=0.0008, Final_scale=11935.2600
[guidance_f33_s50_w16c8_rho10.0_cfg5.0torch] Generated: generated_videos/subject_consistency/guidance_f33_s50_w16c8_rho10.0_cfg5.0torch/a person eating a burger.mp4
[guidance_f33_s50_w16c8_rho10.0_cfg5.0torch] Generating video 5/9 (guidance): a person walking in the snowstorm
🎬 STARTING GUIDANCE PIPELINE GENERATION
   Frames: 33, Steps: 50, CFG Scale: 5.0

🔧 GUIDANCE PIPELINE CONFIGURATION:
   Guidance range: 0 - 1001
   Rho scale: 10.0
   V-JEPA kernel_size: 16
   V-JEPA context_length: 8
   V-JEPA stride: 2
   V-JEPA mode: max
   Total timesteps: 50

🚀 APPLYING GUIDANCE at step 0 (timestep=999)
final_loss: 1.1407870054244995
🎯 GUIDANCE STEP 0 (t=999): Loss=1.1408, Rho=87.337135, Grad_norm=0.0114, Final_scale=873.3714
🚀 APPLYING GUIDANCE at step 1 (timestep=992)
final_loss: 1.1416599750518799
🎯 GUIDANCE STEP 1 (t=992): Loss=1.1417, Rho=176.370087, Grad_norm=0.0057, Final_scale=1763.7009
🚀 APPLYING GUIDANCE at step 2 (timestep=985)
final_loss: 1.1407033205032349
🎯 GUIDANCE STEP 2 (t=985): Loss=1.1407, Rho=265.222198, Grad_norm=0.0038, Final_scale=2652.2220
🚀 APPLYING GUIDANCE at step 3 (timestep=978)
final_loss: 1.1471070051193237
🎯 GUIDANCE STEP 3 (t=978): Loss=1.1471, Rho=173.368362, Grad_norm=0.0058, Final_scale=1733.6836
🚀 APPLYING GUIDANCE at step 4 (timestep=971)
final_loss: 1.1434754133224487
🎯 GUIDANCE STEP 4 (t=971): Loss=1.1435, Rho=346.512726, Grad_norm=0.0029, Final_scale=3465.1273
🚀 APPLYING GUIDANCE at step 5 (timestep=963)
final_loss: 1.1437405347824097
🎯 GUIDANCE STEP 5 (t=963): Loss=1.1437, Rho=373.232788, Grad_norm=0.0027, Final_scale=3732.3279
🚀 APPLYING GUIDANCE at step 6 (timestep=956)
final_loss: 1.143504023551941
🎯 GUIDANCE STEP 6 (t=956): Loss=1.1435, Rho=539.695374, Grad_norm=0.0019, Final_scale=5396.9537
🚀 APPLYING GUIDANCE at step 7 (timestep=948)
final_loss: 1.143775463104248
🎯 GUIDANCE STEP 7 (t=948): Loss=1.1438, Rho=534.538269, Grad_norm=0.0019, Final_scale=5345.3827
🚀 APPLYING GUIDANCE at step 8 (timestep=939)
final_loss: 1.1433781385421753
🎯 GUIDANCE STEP 8 (t=939): Loss=1.1434, Rho=525.747253, Grad_norm=0.0019, Final_scale=5257.4725
🚀 APPLYING GUIDANCE at step 9 (timestep=931)
final_loss: 1.1432723999023438
🎯 GUIDANCE STEP 9 (t=931): Loss=1.1433, Rho=561.596375, Grad_norm=0.0018, Final_scale=5615.9637
🚀 APPLYING GUIDANCE at step 10 (timestep=922)
final_loss: 1.1431845426559448
🎯 GUIDANCE STEP 10 (t=922): Loss=1.1432, Rho=688.980774, Grad_norm=0.0015, Final_scale=6889.8077
🚀 APPLYING GUIDANCE at step 11 (timestep=913)
final_loss: 1.1431185007095337
🎯 GUIDANCE STEP 11 (t=913): Loss=1.1431, Rho=746.519165, Grad_norm=0.0013, Final_scale=7465.1917
🚀 APPLYING GUIDANCE at step 12 (timestep=904)
final_loss: 1.143257975578308
🎯 GUIDANCE STEP 12 (t=904): Loss=1.1433, Rho=848.589050, Grad_norm=0.0012, Final_scale=8485.8905
🚀 APPLYING GUIDANCE at step 13 (timestep=894)
final_loss: 1.1434358358383179
🎯 GUIDANCE STEP 13 (t=894): Loss=1.1434, Rho=875.099426, Grad_norm=0.0011, Final_scale=8750.9943
🚀 APPLYING GUIDANCE at step 14 (timestep=884)
final_loss: 1.1436386108398438
🎯 GUIDANCE STEP 14 (t=884): Loss=1.1436, Rho=944.016296, Grad_norm=0.0011, Final_scale=9440.1630
🚀 APPLYING GUIDANCE at step 15 (timestep=874)
final_loss: 1.1435145139694214
🎯 GUIDANCE STEP 15 (t=874): Loss=1.1435, Rho=961.318176, Grad_norm=0.0010, Final_scale=9613.1818
🚀 APPLYING GUIDANCE at step 16 (timestep=864)
final_loss: 1.1433690786361694
🎯 GUIDANCE STEP 16 (t=864): Loss=1.1434, Rho=934.901978, Grad_norm=0.0011, Final_scale=9349.0198
🚀 APPLYING GUIDANCE at step 17 (timestep=853)
final_loss: 1.1435960531234741
🎯 GUIDANCE STEP 17 (t=853): Loss=1.1436, Rho=1214.379517, Grad_norm=0.0008, Final_scale=12143.7952
🚀 APPLYING GUIDANCE at step 18 (timestep=841)
final_loss: 1.143478512763977
🎯 GUIDANCE STEP 18 (t=841): Loss=1.1435, Rho=1090.319946, Grad_norm=0.0009, Final_scale=10903.1995
🚀 APPLYING GUIDANCE at step 19 (timestep=829)
final_loss: 1.14360773563385
🎯 GUIDANCE STEP 19 (t=829): Loss=1.1436, Rho=960.553772, Grad_norm=0.0010, Final_scale=9605.5377
🚀 APPLYING GUIDANCE at step 20 (timestep=817)
final_loss: 1.143463134765625
🎯 GUIDANCE STEP 20 (t=817): Loss=1.1435, Rho=1130.718628, Grad_norm=0.0009, Final_scale=11307.1863
🚀 APPLYING GUIDANCE at step 21 (timestep=805)
final_loss: 1.1431652307510376
🎯 GUIDANCE STEP 21 (t=805): Loss=1.1432, Rho=1396.811279, Grad_norm=0.0007, Final_scale=13968.1128
🚀 APPLYING GUIDANCE at step 22 (timestep=792)
final_loss: 1.1432782411575317
🎯 GUIDANCE STEP 22 (t=792): Loss=1.1433, Rho=1194.651001, Grad_norm=0.0008, Final_scale=11946.5100
🚀 APPLYING GUIDANCE at step 23 (timestep=778)
final_loss: 1.1435068845748901
🎯 GUIDANCE STEP 23 (t=778): Loss=1.1435, Rho=1305.987427, Grad_norm=0.0008, Final_scale=13059.8743
🚀 APPLYING GUIDANCE at step 24 (timestep=764)
final_loss: 1.1434221267700195
🎯 GUIDANCE STEP 24 (t=764): Loss=1.1434, Rho=1406.496826, Grad_norm=0.0007, Final_scale=14064.9683
🚀 APPLYING GUIDANCE at step 25 (timestep=749)
final_loss: 1.1433180570602417
🎯 GUIDANCE STEP 25 (t=749): Loss=1.1433, Rho=1678.078003, Grad_norm=0.0006, Final_scale=16780.7800
🚀 APPLYING GUIDANCE at step 26 (timestep=734)
final_loss: 1.1434123516082764
🎯 GUIDANCE STEP 26 (t=734): Loss=1.1434, Rho=1665.543823, Grad_norm=0.0006, Final_scale=16655.4382
🚀 APPLYING GUIDANCE at step 27 (timestep=718)
final_loss: 1.1434401273727417
🎯 GUIDANCE STEP 27 (t=718): Loss=1.1434, Rho=1564.117432, Grad_norm=0.0006, Final_scale=15641.1743
🚀 APPLYING GUIDANCE at step 28 (timestep=701)
final_loss: 1.1434119939804077
🎯 GUIDANCE STEP 28 (t=701): Loss=1.1434, Rho=1853.497559, Grad_norm=0.0005, Final_scale=18534.9756
🚀 APPLYING GUIDANCE at step 29 (timestep=684)
final_loss: 1.1434879302978516
🎯 GUIDANCE STEP 29 (t=684): Loss=1.1435, Rho=1659.990967, Grad_norm=0.0006, Final_scale=16599.9097
🚀 APPLYING GUIDANCE at step 30 (timestep=666)
final_loss: 1.1435426473617554
🎯 GUIDANCE STEP 30 (t=666): Loss=1.1435, Rho=1963.506470, Grad_norm=0.0005, Final_scale=19635.0647
🚀 APPLYING GUIDANCE at step 31 (timestep=647)
final_loss: 1.1434786319732666
🎯 GUIDANCE STEP 31 (t=647): Loss=1.1435, Rho=2107.321777, Grad_norm=0.0005, Final_scale=21073.2178
🚀 APPLYING GUIDANCE at step 32 (timestep=627)
final_loss: 1.143358588218689
🎯 GUIDANCE STEP 32 (t=627): Loss=1.1434, Rho=2202.346191, Grad_norm=0.0005, Final_scale=22023.4619
🚀 APPLYING GUIDANCE at step 33 (timestep=606)
final_loss: 1.143457055091858
🎯 GUIDANCE STEP 33 (t=606): Loss=1.1435, Rho=2150.978516, Grad_norm=0.0005, Final_scale=21509.7852
🚀 APPLYING GUIDANCE at step 34 (timestep=585)
final_loss: 1.1433486938476562
🎯 GUIDANCE STEP 34 (t=585): Loss=1.1433, Rho=2247.062744, Grad_norm=0.0004, Final_scale=22470.6274
🚀 APPLYING GUIDANCE at step 35 (timestep=562)
final_loss: 1.143233060836792
🎯 GUIDANCE STEP 35 (t=562): Loss=1.1432, Rho=2572.537842, Grad_norm=0.0004, Final_scale=25725.3784
🚀 APPLYING GUIDANCE at step 36 (timestep=538)
final_loss: 1.1431993246078491
🎯 GUIDANCE STEP 36 (t=538): Loss=1.1432, Rho=2578.634521, Grad_norm=0.0004, Final_scale=25786.3452
🚀 APPLYING GUIDANCE at step 37 (timestep=512)
final_loss: 1.1431334018707275
🎯 GUIDANCE STEP 37 (t=512): Loss=1.1431, Rho=2607.918701, Grad_norm=0.0004, Final_scale=26079.1870
🚀 APPLYING GUIDANCE at step 38 (timestep=486)
final_loss: 1.1431939601898193
🎯 GUIDANCE STEP 38 (t=486): Loss=1.1432, Rho=3006.518311, Grad_norm=0.0003, Final_scale=30065.1831
🚀 APPLYING GUIDANCE at step 39 (timestep=458)
final_loss: 1.1430447101593018
🎯 GUIDANCE STEP 39 (t=458): Loss=1.1430, Rho=3295.743896, Grad_norm=0.0003, Final_scale=32957.4390
🚀 APPLYING GUIDANCE at step 40 (timestep=428)
final_loss: 1.1429365873336792
🎯 GUIDANCE STEP 40 (t=428): Loss=1.1429, Rho=3354.362305, Grad_norm=0.0003, Final_scale=33543.6230
🚀 APPLYING GUIDANCE at step 41 (timestep=396)
final_loss: 1.1428570747375488
🎯 GUIDANCE STEP 41 (t=396): Loss=1.1429, Rho=3422.502441, Grad_norm=0.0003, Final_scale=34225.0244
🚀 APPLYING GUIDANCE at step 42 (timestep=363)
final_loss: 1.1427873373031616
🎯 GUIDANCE STEP 42 (t=363): Loss=1.1428, Rho=2301.313477, Grad_norm=0.0004, Final_scale=23013.1348
🚀 APPLYING GUIDANCE at step 43 (timestep=327)
final_loss: 1.1429108381271362
🎯 GUIDANCE STEP 43 (t=327): Loss=1.1429, Rho=3256.382324, Grad_norm=0.0003, Final_scale=32563.8232
🚀 APPLYING GUIDANCE at step 44 (timestep=290)
final_loss: 1.142653465270996
🎯 GUIDANCE STEP 44 (t=290): Loss=1.1427, Rho=3998.671631, Grad_norm=0.0003, Final_scale=39986.7163
🚀 APPLYING GUIDANCE at step 45 (timestep=249)
final_loss: 1.1424310207366943
🎯 GUIDANCE STEP 45 (t=249): Loss=1.1424, Rho=3138.891602, Grad_norm=0.0003, Final_scale=31388.9160
🚀 APPLYING GUIDANCE at step 46 (timestep=206)
final_loss: 1.1424320936203003
🎯 GUIDANCE STEP 46 (t=206): Loss=1.1424, Rho=2819.750488, Grad_norm=0.0004, Final_scale=28197.5049
🚀 APPLYING GUIDANCE at step 47 (timestep=160)
final_loss: 1.1422661542892456
🎯 GUIDANCE STEP 47 (t=160): Loss=1.1423, Rho=3537.900391, Grad_norm=0.0003, Final_scale=35379.0039
🚀 APPLYING GUIDANCE at step 48 (timestep=111)
final_loss: 1.1417630910873413
🎯 GUIDANCE STEP 48 (t=111): Loss=1.1418, Rho=2881.234619, Grad_norm=0.0003, Final_scale=28812.3462
🚀 APPLYING GUIDANCE at step 49 (timestep=57)
final_loss: 1.1418777704238892
🎯 GUIDANCE STEP 49 (t=57): Loss=1.1419, Rho=2244.085693, Grad_norm=0.0004, Final_scale=22440.8569
[guidance_f33_s50_w16c8_rho10.0_cfg5.0torch] Generated: generated_videos/subject_consistency/guidance_f33_s50_w16c8_rho10.0_cfg5.0torch/a truck turning a corner.mp4
[guidance_f33_s50_w16c8_rho10.0_cfg5.0torch] Generating video 5/9 (guidance): a truck anchored in a tranquil bay
🎬 STARTING GUIDANCE PIPELINE GENERATION
   Frames: 33, Steps: 50, CFG Scale: 5.0

🔧 GUIDANCE PIPELINE CONFIGURATION:
   Guidance range: 0 - 1001
   Rho scale: 10.0
   V-JEPA kernel_size: 16
   V-JEPA context_length: 8
   V-JEPA stride: 2
   V-JEPA mode: max
   Total timesteps: 50

🚀 APPLYING GUIDANCE at step 0 (timestep=999)
final_loss: 1.1295086145401
🎯 GUIDANCE STEP 0 (t=999): Loss=1.1295, Rho=44.305031, Grad_norm=0.0226, Final_scale=443.0503
🚀 APPLYING GUIDANCE at step 1 (timestep=992)
final_loss: 1.1191405057907104
🎯 GUIDANCE STEP 1 (t=992): Loss=1.1191, Rho=101.275635, Grad_norm=0.0099, Final_scale=1012.7563
🚀 APPLYING GUIDANCE at step 2 (timestep=985)
final_loss: 1.1064881086349487
🎯 GUIDANCE STEP 2 (t=985): Loss=1.1065, Rho=229.838287, Grad_norm=0.0044, Final_scale=2298.3829
🚀 APPLYING GUIDANCE at step 3 (timestep=978)
final_loss: 1.1129566431045532
🎯 GUIDANCE STEP 3 (t=978): Loss=1.1130, Rho=85.022301, Grad_norm=0.0118, Final_scale=850.2230
🚀 APPLYING GUIDANCE at step 4 (timestep=971)
final_loss: 1.1155340671539307
🎯 GUIDANCE STEP 4 (t=971): Loss=1.1155, Rho=188.024841, Grad_norm=0.0053, Final_scale=1880.2484
🚀 APPLYING GUIDANCE at step 5 (timestep=963)
final_loss: 1.1155890226364136
🎯 GUIDANCE STEP 5 (t=963): Loss=1.1156, Rho=158.091003, Grad_norm=0.0063, Final_scale=1580.9100
🚀 APPLYING GUIDANCE at step 6 (timestep=956)
final_loss: 1.1135081052780151
🎯 GUIDANCE STEP 6 (t=956): Loss=1.1135, Rho=189.470078, Grad_norm=0.0053, Final_scale=1894.7008
🚀 APPLYING GUIDANCE at step 7 (timestep=948)
final_loss: 1.1137107610702515
🎯 GUIDANCE STEP 7 (t=948): Loss=1.1137, Rho=237.519745, Grad_norm=0.0042, Final_scale=2375.1974
🚀 APPLYING GUIDANCE at step 8 (timestep=939)
final_loss: 1.1131364107131958
🎯 GUIDANCE STEP 8 (t=939): Loss=1.1131, Rho=226.824402, Grad_norm=0.0044, Final_scale=2268.2440
🚀 APPLYING GUIDANCE at step 9 (timestep=931)
final_loss: 1.1121140718460083
🎯 GUIDANCE STEP 9 (t=931): Loss=1.1121, Rho=292.277832, Grad_norm=0.0034, Final_scale=2922.7783
🚀 APPLYING GUIDANCE at step 10 (timestep=922)
final_loss: 1.1122350692749023
🎯 GUIDANCE STEP 10 (t=922): Loss=1.1122, Rho=309.143707, Grad_norm=0.0032, Final_scale=3091.4371
🚀 APPLYING GUIDANCE at step 11 (timestep=913)
final_loss: 1.1114766597747803
🎯 GUIDANCE STEP 11 (t=913): Loss=1.1115, Rho=244.355530, Grad_norm=0.0041, Final_scale=2443.5553
🚀 APPLYING GUIDANCE at step 12 (timestep=904)
final_loss: 1.1112054586410522
🎯 GUIDANCE STEP 12 (t=904): Loss=1.1112, Rho=196.586395, Grad_norm=0.0051, Final_scale=1965.8640
🚀 APPLYING GUIDANCE at step 13 (timestep=894)
final_loss: 1.1117849349975586
🎯 GUIDANCE STEP 13 (t=894): Loss=1.1118, Rho=229.757828, Grad_norm=0.0044, Final_scale=2297.5783
🚀 APPLYING GUIDANCE at step 14 (timestep=884)
final_loss: 1.1114181280136108
🎯 GUIDANCE STEP 14 (t=884): Loss=1.1114, Rho=276.120178, Grad_norm=0.0036, Final_scale=2761.2018
🚀 APPLYING GUIDANCE at step 15 (timestep=874)
final_loss: 1.1112874746322632
🎯 GUIDANCE STEP 15 (t=874): Loss=1.1113, Rho=279.655884, Grad_norm=0.0036, Final_scale=2796.5588
🚀 APPLYING GUIDANCE at step 16 (timestep=864)
final_loss: 1.111416220664978
🎯 GUIDANCE STEP 16 (t=864): Loss=1.1114, Rho=289.019043, Grad_norm=0.0035, Final_scale=2890.1904
🚀 APPLYING GUIDANCE at step 17 (timestep=853)
final_loss: 1.1109719276428223
🎯 GUIDANCE STEP 17 (t=853): Loss=1.1110, Rho=300.271149, Grad_norm=0.0033, Final_scale=3002.7115
🚀 APPLYING GUIDANCE at step 18 (timestep=841)
final_loss: 1.110526442527771
🎯 GUIDANCE STEP 18 (t=841): Loss=1.1105, Rho=344.445190, Grad_norm=0.0029, Final_scale=3444.4519
🚀 APPLYING GUIDANCE at step 19 (timestep=829)
final_loss: 1.110312581062317
🎯 GUIDANCE STEP 19 (t=829): Loss=1.1103, Rho=438.781067, Grad_norm=0.0023, Final_scale=4387.8107
🚀 APPLYING GUIDANCE at step 20 (timestep=817)
final_loss: 1.110350251197815
🎯 GUIDANCE STEP 20 (t=817): Loss=1.1104, Rho=462.138153, Grad_norm=0.0022, Final_scale=4621.3815
🚀 APPLYING GUIDANCE at step 21 (timestep=805)
final_loss: 1.1103575229644775
🎯 GUIDANCE STEP 21 (t=805): Loss=1.1104, Rho=391.147034, Grad_norm=0.0026, Final_scale=3911.4703
🚀 APPLYING GUIDANCE at step 22 (timestep=792)
final_loss: 1.1103638410568237
🎯 GUIDANCE STEP 22 (t=792): Loss=1.1104, Rho=400.094574, Grad_norm=0.0025, Final_scale=4000.9457
🚀 APPLYING GUIDANCE at step 23 (timestep=778)
final_loss: 1.1103254556655884
🎯 GUIDANCE STEP 23 (t=778): Loss=1.1103, Rho=495.704163, Grad_norm=0.0020, Final_scale=4957.0416
🚀 APPLYING GUIDANCE at step 24 (timestep=764)
final_loss: 1.1101324558258057
🎯 GUIDANCE STEP 24 (t=764): Loss=1.1101, Rho=490.947540, Grad_norm=0.0020, Final_scale=4909.4754
🚀 APPLYING GUIDANCE at step 25 (timestep=749)
final_loss: 1.110090732574463
🎯 GUIDANCE STEP 25 (t=749): Loss=1.1101, Rho=556.801819, Grad_norm=0.0018, Final_scale=5568.0182
🚀 APPLYING GUIDANCE at step 26 (timestep=734)
final_loss: 1.1099567413330078
🎯 GUIDANCE STEP 26 (t=734): Loss=1.1100, Rho=478.211029, Grad_norm=0.0021, Final_scale=4782.1103
🚀 APPLYING GUIDANCE at step 27 (timestep=718)
final_loss: 1.1099010705947876
🎯 GUIDANCE STEP 27 (t=718): Loss=1.1099, Rho=514.558167, Grad_norm=0.0019, Final_scale=5145.5817
🚀 APPLYING GUIDANCE at step 28 (timestep=701)
final_loss: 1.1098501682281494
🎯 GUIDANCE STEP 28 (t=701): Loss=1.1099, Rho=610.329712, Grad_norm=0.0016, Final_scale=6103.2971
🚀 APPLYING GUIDANCE at step 29 (timestep=684)
final_loss: 1.1099441051483154
🎯 GUIDANCE STEP 29 (t=684): Loss=1.1099, Rho=624.742249, Grad_norm=0.0016, Final_scale=6247.4225
🚀 APPLYING GUIDANCE at step 30 (timestep=666)
final_loss: 1.109955906867981
🎯 GUIDANCE STEP 30 (t=666): Loss=1.1100, Rho=651.263916, Grad_norm=0.0015, Final_scale=6512.6392
🚀 APPLYING GUIDANCE at step 31 (timestep=647)
final_loss: 1.1097606420516968
🎯 GUIDANCE STEP 31 (t=647): Loss=1.1098, Rho=710.386292, Grad_norm=0.0014, Final_scale=7103.8629
🚀 APPLYING GUIDANCE at step 32 (timestep=627)
final_loss: 1.109609603881836
🎯 GUIDANCE STEP 32 (t=627): Loss=1.1096, Rho=794.952393, Grad_norm=0.0013, Final_scale=7949.5239
🚀 APPLYING GUIDANCE at step 33 (timestep=606)
final_loss: 1.1094499826431274
🎯 GUIDANCE STEP 33 (t=606): Loss=1.1094, Rho=752.211365, Grad_norm=0.0013, Final_scale=7522.1136
🚀 APPLYING GUIDANCE at step 34 (timestep=585)
final_loss: 1.1095659732818604
🎯 GUIDANCE STEP 34 (t=585): Loss=1.1096, Rho=857.766174, Grad_norm=0.0012, Final_scale=8577.6617
🚀 APPLYING GUIDANCE at step 35 (timestep=562)
final_loss: 1.1093822717666626
🎯 GUIDANCE STEP 35 (t=562): Loss=1.1094, Rho=941.500549, Grad_norm=0.0011, Final_scale=9415.0055
🚀 APPLYING GUIDANCE at step 36 (timestep=538)
final_loss: 1.1092065572738647
🎯 GUIDANCE STEP 36 (t=538): Loss=1.1092, Rho=948.835693, Grad_norm=0.0011, Final_scale=9488.3569
🚀 APPLYING GUIDANCE at step 37 (timestep=512)
final_loss: 1.109189510345459
🎯 GUIDANCE STEP 37 (t=512): Loss=1.1092, Rho=1133.930786, Grad_norm=0.0009, Final_scale=11339.3079
🚀 APPLYING GUIDANCE at step 38 (timestep=486)
final_loss: 1.1092017889022827
🎯 GUIDANCE STEP 38 (t=486): Loss=1.1092, Rho=1055.302002, Grad_norm=0.0009, Final_scale=10553.0200
🚀 APPLYING GUIDANCE at step 39 (timestep=458)
final_loss: 1.1089141368865967
🎯 GUIDANCE STEP 39 (t=458): Loss=1.1089, Rho=1309.955200, Grad_norm=0.0008, Final_scale=13099.5520
🚀 APPLYING GUIDANCE at step 40 (timestep=428)
final_loss: 1.108683466911316
🎯 GUIDANCE STEP 40 (t=428): Loss=1.1087, Rho=896.161865, Grad_norm=0.0011, Final_scale=8961.6187
🚀 APPLYING GUIDANCE at step 41 (timestep=396)
final_loss: 1.1088736057281494
🎯 GUIDANCE STEP 41 (t=396): Loss=1.1089, Rho=1107.239624, Grad_norm=0.0009, Final_scale=11072.3962
🚀 APPLYING GUIDANCE at step 42 (timestep=363)
final_loss: 1.1086866855621338
🎯 GUIDANCE STEP 42 (t=363): Loss=1.1087, Rho=1365.709595, Grad_norm=0.0007, Final_scale=13657.0959
🚀 APPLYING GUIDANCE at step 43 (timestep=327)
final_loss: 1.1084870100021362
🎯 GUIDANCE STEP 43 (t=327): Loss=1.1085, Rho=1369.246216, Grad_norm=0.0007, Final_scale=13692.4622
🚀 APPLYING GUIDANCE at step 44 (timestep=290)
final_loss: 1.1083191633224487
🎯 GUIDANCE STEP 44 (t=290): Loss=1.1083, Rho=1472.903931, Grad_norm=0.0007, Final_scale=14729.0393
🚀 APPLYING GUIDANCE at step 45 (timestep=249)
final_loss: 1.1084873676300049
🎯 GUIDANCE STEP 45 (t=249): Loss=1.1085, Rho=1433.802856, Grad_norm=0.0007, Final_scale=14338.0286
🚀 APPLYING GUIDANCE at step 46 (timestep=206)
final_loss: 1.1080855131149292
🎯 GUIDANCE STEP 46 (t=206): Loss=1.1081, Rho=1689.741577, Grad_norm=0.0006, Final_scale=16897.4158
🚀 APPLYING GUIDANCE at step 47 (timestep=160)
final_loss: 1.107892394065857
🎯 GUIDANCE STEP 47 (t=160): Loss=1.1079, Rho=1410.513672, Grad_norm=0.0007, Final_scale=14105.1367
🚀 APPLYING GUIDANCE at step 48 (timestep=111)
final_loss: 1.1075505018234253
🎯 GUIDANCE STEP 48 (t=111): Loss=1.1076, Rho=1659.007080, Grad_norm=0.0006, Final_scale=16590.0708
🚀 APPLYING GUIDANCE at step 49 (timestep=57)
final_loss: 1.107025384902954
🎯 GUIDANCE STEP 49 (t=57): Loss=1.1070, Rho=860.503357, Grad_norm=0.0012, Final_scale=8605.0336
[guidance_f33_s50_w16c8_rho10.0_cfg5.0torch] Generated: generated_videos/subject_consistency/guidance_f33_s50_w16c8_rho10.0_cfg5.0torch/an airplane taking off.mp4
[guidance_f33_s50_w16c8_rho10.0_cfg5.0torch] Generating video 5/9 (guidance): an airplane landing smoothly on a runway
🎬 STARTING GUIDANCE PIPELINE GENERATION
   Frames: 33, Steps: 50, CFG Scale: 5.0

🔧 GUIDANCE PIPELINE CONFIGURATION:
   Guidance range: 0 - 1001
   Rho scale: 10.0
   V-JEPA kernel_size: 16
   V-JEPA context_length: 8
   V-JEPA stride: 2
   V-JEPA mode: max
   Total timesteps: 50

🚀 APPLYING GUIDANCE at step 0 (timestep=999)
final_loss: 1.155516505241394
🎯 GUIDANCE STEP 0 (t=999): Loss=1.1555, Rho=38.606796, Grad_norm=0.0259, Final_scale=386.0680
🚀 APPLYING GUIDANCE at step 1 (timestep=992)
final_loss: 1.1413154602050781
🎯 GUIDANCE STEP 1 (t=992): Loss=1.1413, Rho=29.773245, Grad_norm=0.0336, Final_scale=297.7324
🚀 APPLYING GUIDANCE at step 2 (timestep=985)
final_loss: 1.1368054151535034
🎯 GUIDANCE STEP 2 (t=985): Loss=1.1368, Rho=300.032074, Grad_norm=0.0033, Final_scale=3000.3207
🚀 APPLYING GUIDANCE at step 3 (timestep=978)
final_loss: 1.1375246047973633
🎯 GUIDANCE STEP 3 (t=978): Loss=1.1375, Rho=197.967010, Grad_norm=0.0051, Final_scale=1979.6701
🚀 APPLYING GUIDANCE at step 4 (timestep=971)
final_loss: 1.1387690305709839
🎯 GUIDANCE STEP 4 (t=971): Loss=1.1388, Rho=252.542282, Grad_norm=0.0040, Final_scale=2525.4228
🚀 APPLYING GUIDANCE at step 5 (timestep=963)
final_loss: 1.1386382579803467
🎯 GUIDANCE STEP 5 (t=963): Loss=1.1386, Rho=298.641876, Grad_norm=0.0033, Final_scale=2986.4188
🚀 APPLYING GUIDANCE at step 6 (timestep=956)
final_loss: 1.139037013053894
🎯 GUIDANCE STEP 6 (t=956): Loss=1.1390, Rho=294.374268, Grad_norm=0.0034, Final_scale=2943.7427
🚀 APPLYING GUIDANCE at step 7 (timestep=948)
final_loss: 1.1390570402145386
🎯 GUIDANCE STEP 7 (t=948): Loss=1.1391, Rho=353.569122, Grad_norm=0.0028, Final_scale=3535.6912
🚀 APPLYING GUIDANCE at step 8 (timestep=939)
final_loss: 1.1389306783676147
🎯 GUIDANCE STEP 8 (t=939): Loss=1.1389, Rho=318.717773, Grad_norm=0.0031, Final_scale=3187.1777
🚀 APPLYING GUIDANCE at step 9 (timestep=931)
final_loss: 1.1378849744796753
🎯 GUIDANCE STEP 9 (t=931): Loss=1.1379, Rho=261.918793, Grad_norm=0.0038, Final_scale=2619.1879
🚀 APPLYING GUIDANCE at step 10 (timestep=922)
final_loss: 1.1376880407333374
🎯 GUIDANCE STEP 10 (t=922): Loss=1.1377, Rho=310.660522, Grad_norm=0.0032, Final_scale=3106.6052
🚀 APPLYING GUIDANCE at step 11 (timestep=913)
final_loss: 1.1376240253448486
🎯 GUIDANCE STEP 11 (t=913): Loss=1.1376, Rho=404.953003, Grad_norm=0.0025, Final_scale=4049.5300
🚀 APPLYING GUIDANCE at step 12 (timestep=904)
final_loss: 1.1373804807662964
🎯 GUIDANCE STEP 12 (t=904): Loss=1.1374, Rho=422.948730, Grad_norm=0.0024, Final_scale=4229.4873
🚀 APPLYING GUIDANCE at step 13 (timestep=894)
final_loss: 1.1376211643218994
🎯 GUIDANCE STEP 13 (t=894): Loss=1.1376, Rho=469.656036, Grad_norm=0.0021, Final_scale=4696.5604
🚀 APPLYING GUIDANCE at step 14 (timestep=884)
final_loss: 1.1377140283584595
🎯 GUIDANCE STEP 14 (t=884): Loss=1.1377, Rho=415.148560, Grad_norm=0.0024, Final_scale=4151.4856
🚀 APPLYING GUIDANCE at step 15 (timestep=874)
final_loss: 1.1378353834152222
🎯 GUIDANCE STEP 15 (t=874): Loss=1.1378, Rho=466.957550, Grad_norm=0.0021, Final_scale=4669.5755
🚀 APPLYING GUIDANCE at step 16 (timestep=864)
final_loss: 1.1376384496688843
🎯 GUIDANCE STEP 16 (t=864): Loss=1.1376, Rho=496.266052, Grad_norm=0.0020, Final_scale=4962.6605
🚀 APPLYING GUIDANCE at step 17 (timestep=853)
final_loss: 1.1377427577972412
🎯 GUIDANCE STEP 17 (t=853): Loss=1.1377, Rho=603.551636, Grad_norm=0.0017, Final_scale=6035.5164
🚀 APPLYING GUIDANCE at step 18 (timestep=841)
final_loss: 1.1378339529037476
🎯 GUIDANCE STEP 18 (t=841): Loss=1.1378, Rho=646.696411, Grad_norm=0.0015, Final_scale=6466.9641
🚀 APPLYING GUIDANCE at step 19 (timestep=829)
final_loss: 1.1376255750656128
🎯 GUIDANCE STEP 19 (t=829): Loss=1.1376, Rho=774.350586, Grad_norm=0.0013, Final_scale=7743.5059
🚀 APPLYING GUIDANCE at step 20 (timestep=817)
final_loss: 1.1377142667770386
🎯 GUIDANCE STEP 20 (t=817): Loss=1.1377, Rho=912.156372, Grad_norm=0.0011, Final_scale=9121.5637
🚀 APPLYING GUIDANCE at step 21 (timestep=805)
final_loss: 1.1375068426132202
🎯 GUIDANCE STEP 21 (t=805): Loss=1.1375, Rho=894.357239, Grad_norm=0.0011, Final_scale=8943.5724
🚀 APPLYING GUIDANCE at step 22 (timestep=792)
final_loss: 1.1373909711837769
🎯 GUIDANCE STEP 22 (t=792): Loss=1.1374, Rho=972.905640, Grad_norm=0.0010, Final_scale=9729.0564
🚀 APPLYING GUIDANCE at step 23 (timestep=778)
final_loss: 1.1372932195663452
🎯 GUIDANCE STEP 23 (t=778): Loss=1.1373, Rho=964.589172, Grad_norm=0.0010, Final_scale=9645.8917
🚀 APPLYING GUIDANCE at step 24 (timestep=764)
final_loss: 1.1372865438461304
🎯 GUIDANCE STEP 24 (t=764): Loss=1.1373, Rho=1162.298950, Grad_norm=0.0009, Final_scale=11622.9895
🚀 APPLYING GUIDANCE at step 25 (timestep=749)
final_loss: 1.13718843460083
🎯 GUIDANCE STEP 25 (t=749): Loss=1.1372, Rho=926.776184, Grad_norm=0.0011, Final_scale=9267.7618
🚀 APPLYING GUIDANCE at step 26 (timestep=734)
final_loss: 1.1373263597488403
🎯 GUIDANCE STEP 26 (t=734): Loss=1.1373, Rho=1237.421997, Grad_norm=0.0008, Final_scale=12374.2200
🚀 APPLYING GUIDANCE at step 27 (timestep=718)
final_loss: 1.1373547315597534
🎯 GUIDANCE STEP 27 (t=718): Loss=1.1374, Rho=1174.805786, Grad_norm=0.0009, Final_scale=11748.0579
🚀 APPLYING GUIDANCE at step 28 (timestep=701)
final_loss: 1.1373379230499268
🎯 GUIDANCE STEP 28 (t=701): Loss=1.1373, Rho=1275.403564, Grad_norm=0.0008, Final_scale=12754.0356
🚀 APPLYING GUIDANCE at step 29 (timestep=684)
final_loss: 1.1370716094970703
🎯 GUIDANCE STEP 29 (t=684): Loss=1.1371, Rho=1322.926147, Grad_norm=0.0008, Final_scale=13229.2615
🚀 APPLYING GUIDANCE at step 30 (timestep=666)
final_loss: 1.1369317770004272
🎯 GUIDANCE STEP 30 (t=666): Loss=1.1369, Rho=1420.463623, Grad_norm=0.0007, Final_scale=14204.6362
🚀 APPLYING GUIDANCE at step 31 (timestep=647)
final_loss: 1.1370223760604858
🎯 GUIDANCE STEP 31 (t=647): Loss=1.1370, Rho=1178.899292, Grad_norm=0.0008, Final_scale=11788.9929
🚀 APPLYING GUIDANCE at step 32 (timestep=627)
final_loss: 1.1369471549987793
🎯 GUIDANCE STEP 32 (t=627): Loss=1.1369, Rho=1194.391113, Grad_norm=0.0008, Final_scale=11943.9111
🚀 APPLYING GUIDANCE at step 33 (timestep=606)
final_loss: 1.136776328086853
🎯 GUIDANCE STEP 33 (t=606): Loss=1.1368, Rho=1478.454712, Grad_norm=0.0007, Final_scale=14784.5471
🚀 APPLYING GUIDANCE at step 34 (timestep=585)
final_loss: 1.136574625968933
🎯 GUIDANCE STEP 34 (t=585): Loss=1.1366, Rho=1637.869019, Grad_norm=0.0006, Final_scale=16378.6902
🚀 APPLYING GUIDANCE at step 35 (timestep=562)
final_loss: 1.1366151571273804
🎯 GUIDANCE STEP 35 (t=562): Loss=1.1366, Rho=1147.296021, Grad_norm=0.0009, Final_scale=11472.9602
🚀 APPLYING GUIDANCE at step 36 (timestep=538)
final_loss: 1.1363887786865234
🎯 GUIDANCE STEP 36 (t=538): Loss=1.1364, Rho=1639.257690, Grad_norm=0.0006, Final_scale=16392.5769
🚀 APPLYING GUIDANCE at step 37 (timestep=512)
final_loss: 1.1361334323883057
🎯 GUIDANCE STEP 37 (t=512): Loss=1.1361, Rho=1431.851196, Grad_norm=0.0007, Final_scale=14318.5120
🚀 APPLYING GUIDANCE at step 38 (timestep=486)
final_loss: 1.1359827518463135
🎯 GUIDANCE STEP 38 (t=486): Loss=1.1360, Rho=1637.088867, Grad_norm=0.0006, Final_scale=16370.8887
🚀 APPLYING GUIDANCE at step 39 (timestep=458)
final_loss: 1.135865569114685
🎯 GUIDANCE STEP 39 (t=458): Loss=1.1359, Rho=1935.460449, Grad_norm=0.0005, Final_scale=19354.6045
🚀 APPLYING GUIDANCE at step 40 (timestep=428)
final_loss: 1.1356557607650757
🎯 GUIDANCE STEP 40 (t=428): Loss=1.1357, Rho=1799.859253, Grad_norm=0.0006, Final_scale=17998.5925
🚀 APPLYING GUIDANCE at step 41 (timestep=396)
final_loss: 1.1353908777236938
🎯 GUIDANCE STEP 41 (t=396): Loss=1.1354, Rho=1335.270264, Grad_norm=0.0007, Final_scale=13352.7026
🚀 APPLYING GUIDANCE at step 42 (timestep=363)
final_loss: 1.1351667642593384
🎯 GUIDANCE STEP 42 (t=363): Loss=1.1352, Rho=1464.820801, Grad_norm=0.0007, Final_scale=14648.2080
🚀 APPLYING GUIDANCE at step 43 (timestep=327)
final_loss: 1.134924292564392
🎯 GUIDANCE STEP 43 (t=327): Loss=1.1349, Rho=1527.951050, Grad_norm=0.0007, Final_scale=15279.5105
🚀 APPLYING GUIDANCE at step 44 (timestep=290)
final_loss: 1.1345503330230713
🎯 GUIDANCE STEP 44 (t=290): Loss=1.1346, Rho=1566.153687, Grad_norm=0.0006, Final_scale=15661.5369
🚀 APPLYING GUIDANCE at step 45 (timestep=249)
final_loss: 1.1339906454086304
🎯 GUIDANCE STEP 45 (t=249): Loss=1.1340, Rho=1469.012207, Grad_norm=0.0007, Final_scale=14690.1221
🚀 APPLYING GUIDANCE at step 46 (timestep=206)
final_loss: 1.1333926916122437
🎯 GUIDANCE STEP 46 (t=206): Loss=1.1334, Rho=1003.361755, Grad_norm=0.0010, Final_scale=10033.6176
🚀 APPLYING GUIDANCE at step 47 (timestep=160)
final_loss: 1.1328766345977783
🎯 GUIDANCE STEP 47 (t=160): Loss=1.1329, Rho=1622.964722, Grad_norm=0.0006, Final_scale=16229.6472
🚀 APPLYING GUIDANCE at step 48 (timestep=111)
final_loss: 1.1307321786880493
🎯 GUIDANCE STEP 48 (t=111): Loss=1.1307, Rho=1493.288208, Grad_norm=0.0007, Final_scale=14932.8821
🚀 APPLYING GUIDANCE at step 49 (timestep=57)
final_loss: 1.1280921697616577
🎯 GUIDANCE STEP 49 (t=57): Loss=1.1281, Rho=1317.367676, Grad_norm=0.0008, Final_scale=13173.6768
[guidance_f33_s50_w16c8_rho10.0_cfg5.0torch] Generated: generated_videos/subject_consistency/guidance_f33_s50_w16c8_rho10.0_cfg5.0torch/a cow chewing cud while resting in a tranquil barn.mp4
[guidance_f33_s50_w16c8_rho10.0_cfg5.0torch] Generating video 5/9 (guidance): a cow running to join a herd of its kind
🎬 STARTING GUIDANCE PIPELINE GENERATION
   Frames: 33, Steps: 50, CFG Scale: 5.0

🔧 GUIDANCE PIPELINE CONFIGURATION:
   Guidance range: 0 - 1001
   Rho scale: 10.0
   V-JEPA kernel_size: 16
   V-JEPA context_length: 8
   V-JEPA stride: 2
   V-JEPA mode: max
   Total timesteps: 50

🚀 APPLYING GUIDANCE at step 0 (timestep=999)
final_loss: 1.119400978088379
🎯 GUIDANCE STEP 0 (t=999): Loss=1.1194, Rho=193.934250, Grad_norm=0.0052, Final_scale=1939.3425
🚀 APPLYING GUIDANCE at step 1 (timestep=992)
final_loss: 1.120498776435852
🎯 GUIDANCE STEP 1 (t=992): Loss=1.1205, Rho=54.402279, Grad_norm=0.0184, Final_scale=544.0228
🚀 APPLYING GUIDANCE at step 2 (timestep=985)
final_loss: 1.147761583328247
🎯 GUIDANCE STEP 2 (t=985): Loss=1.1478, Rho=228.828705, Grad_norm=0.0044, Final_scale=2288.2870
🚀 APPLYING GUIDANCE at step 3 (timestep=978)
final_loss: 1.1427809000015259
🎯 GUIDANCE STEP 3 (t=978): Loss=1.1428, Rho=229.942383, Grad_norm=0.0043, Final_scale=2299.4238
🚀 APPLYING GUIDANCE at step 4 (timestep=971)
final_loss: 1.140699028968811
🎯 GUIDANCE STEP 4 (t=971): Loss=1.1407, Rho=269.605072, Grad_norm=0.0037, Final_scale=2696.0507
🚀 APPLYING GUIDANCE at step 5 (timestep=963)
final_loss: 1.140356421470642
🎯 GUIDANCE STEP 5 (t=963): Loss=1.1404, Rho=284.438843, Grad_norm=0.0035, Final_scale=2844.3884
🚀 APPLYING GUIDANCE at step 6 (timestep=956)
final_loss: 1.140941858291626
🎯 GUIDANCE STEP 6 (t=956): Loss=1.1409, Rho=300.951477, Grad_norm=0.0033, Final_scale=3009.5148
🚀 APPLYING GUIDANCE at step 7 (timestep=948)
final_loss: 1.1412273645401
🎯 GUIDANCE STEP 7 (t=948): Loss=1.1412, Rho=244.099747, Grad_norm=0.0041, Final_scale=2440.9975
🚀 APPLYING GUIDANCE at step 8 (timestep=939)
final_loss: 1.1404790878295898
🎯 GUIDANCE STEP 8 (t=939): Loss=1.1405, Rho=284.732971, Grad_norm=0.0035, Final_scale=2847.3297
🚀 APPLYING GUIDANCE at step 9 (timestep=931)
final_loss: 1.1401501893997192
🎯 GUIDANCE STEP 9 (t=931): Loss=1.1402, Rho=221.848236, Grad_norm=0.0045, Final_scale=2218.4824
🚀 APPLYING GUIDANCE at step 10 (timestep=922)
final_loss: 1.1388561725616455
🎯 GUIDANCE STEP 10 (t=922): Loss=1.1389, Rho=295.575317, Grad_norm=0.0034, Final_scale=2955.7532
🚀 APPLYING GUIDANCE at step 11 (timestep=913)
final_loss: 1.1396235227584839
🎯 GUIDANCE STEP 11 (t=913): Loss=1.1396, Rho=279.118622, Grad_norm=0.0036, Final_scale=2791.1862
🚀 APPLYING GUIDANCE at step 12 (timestep=904)
final_loss: 1.1397877931594849
🎯 GUIDANCE STEP 12 (t=904): Loss=1.1398, Rho=322.354675, Grad_norm=0.0031, Final_scale=3223.5468
🚀 APPLYING GUIDANCE at step 13 (timestep=894)
final_loss: 1.1399927139282227
🎯 GUIDANCE STEP 13 (t=894): Loss=1.1400, Rho=325.034760, Grad_norm=0.0031, Final_scale=3250.3476
🚀 APPLYING GUIDANCE at step 14 (timestep=884)
final_loss: 1.1393368244171143
🎯 GUIDANCE STEP 14 (t=884): Loss=1.1393, Rho=266.095947, Grad_norm=0.0038, Final_scale=2660.9595
🚀 APPLYING GUIDANCE at step 15 (timestep=874)
final_loss: 1.1394495964050293
🎯 GUIDANCE STEP 15 (t=874): Loss=1.1394, Rho=167.380508, Grad_norm=0.0060, Final_scale=1673.8051
🚀 APPLYING GUIDANCE at step 16 (timestep=864)
final_loss: 1.1392220258712769
🎯 GUIDANCE STEP 16 (t=864): Loss=1.1392, Rho=231.097153, Grad_norm=0.0043, Final_scale=2310.9715
🚀 APPLYING GUIDANCE at step 17 (timestep=853)
final_loss: 1.1392889022827148
🎯 GUIDANCE STEP 17 (t=853): Loss=1.1393, Rho=272.689606, Grad_norm=0.0037, Final_scale=2726.8961
🚀 APPLYING GUIDANCE at step 18 (timestep=841)
final_loss: 1.1393663883209229
🎯 GUIDANCE STEP 18 (t=841): Loss=1.1394, Rho=269.322906, Grad_norm=0.0037, Final_scale=2693.2291
🚀 APPLYING GUIDANCE at step 19 (timestep=829)
final_loss: 1.1390058994293213
🎯 GUIDANCE STEP 19 (t=829): Loss=1.1390, Rho=404.103363, Grad_norm=0.0025, Final_scale=4041.0336
🚀 APPLYING GUIDANCE at step 20 (timestep=817)
final_loss: 1.138792872428894
🎯 GUIDANCE STEP 20 (t=817): Loss=1.1388, Rho=286.124237, Grad_norm=0.0035, Final_scale=2861.2424
🚀 APPLYING GUIDANCE at step 21 (timestep=805)
final_loss: 1.1388605833053589
🎯 GUIDANCE STEP 21 (t=805): Loss=1.1389, Rho=172.469513, Grad_norm=0.0058, Final_scale=1724.6951
🚀 APPLYING GUIDANCE at step 22 (timestep=792)
final_loss: 1.1383193731307983
🎯 GUIDANCE STEP 22 (t=792): Loss=1.1383, Rho=394.574799, Grad_norm=0.0025, Final_scale=3945.7480
🚀 APPLYING GUIDANCE at step 23 (timestep=778)
final_loss: 1.1385248899459839
🎯 GUIDANCE STEP 23 (t=778): Loss=1.1385, Rho=335.160156, Grad_norm=0.0030, Final_scale=3351.6016
🚀 APPLYING GUIDANCE at step 24 (timestep=764)
final_loss: 1.1384605169296265
🎯 GUIDANCE STEP 24 (t=764): Loss=1.1385, Rho=415.720215, Grad_norm=0.0024, Final_scale=4157.2021
🚀 APPLYING GUIDANCE at step 25 (timestep=749)
final_loss: 1.1383733749389648
🎯 GUIDANCE STEP 25 (t=749): Loss=1.1384, Rho=572.656494, Grad_norm=0.0017, Final_scale=5726.5649
🚀 APPLYING GUIDANCE at step 26 (timestep=734)
final_loss: 1.1386762857437134
🎯 GUIDANCE STEP 26 (t=734): Loss=1.1387, Rho=430.621674, Grad_norm=0.0023, Final_scale=4306.2167
🚀 APPLYING GUIDANCE at step 27 (timestep=718)
final_loss: 1.1382231712341309
🎯 GUIDANCE STEP 27 (t=718): Loss=1.1382, Rho=439.121674, Grad_norm=0.0023, Final_scale=4391.2167
🚀 APPLYING GUIDANCE at step 28 (timestep=701)
final_loss: 1.1380645036697388
🎯 GUIDANCE STEP 28 (t=701): Loss=1.1381, Rho=549.646790, Grad_norm=0.0018, Final_scale=5496.4679
🚀 APPLYING GUIDANCE at step 29 (timestep=684)
final_loss: 1.1382628679275513
🎯 GUIDANCE STEP 29 (t=684): Loss=1.1383, Rho=579.263611, Grad_norm=0.0017, Final_scale=5792.6361
🚀 APPLYING GUIDANCE at step 30 (timestep=666)
final_loss: 1.1379450559616089
🎯 GUIDANCE STEP 30 (t=666): Loss=1.1379, Rho=212.844940, Grad_norm=0.0047, Final_scale=2128.4494
🚀 APPLYING GUIDANCE at step 31 (timestep=647)
final_loss: 1.1381267309188843
🎯 GUIDANCE STEP 31 (t=647): Loss=1.1381, Rho=252.766113, Grad_norm=0.0040, Final_scale=2527.6611
🚀 APPLYING GUIDANCE at step 32 (timestep=627)
final_loss: 1.1381046772003174
🎯 GUIDANCE STEP 32 (t=627): Loss=1.1381, Rho=699.156799, Grad_norm=0.0014, Final_scale=6991.5680
🚀 APPLYING GUIDANCE at step 33 (timestep=606)
final_loss: 1.1379772424697876
🎯 GUIDANCE STEP 33 (t=606): Loss=1.1380, Rho=689.903259, Grad_norm=0.0014, Final_scale=6899.0326
🚀 APPLYING GUIDANCE at step 34 (timestep=585)
final_loss: 1.1376197338104248
🎯 GUIDANCE STEP 34 (t=585): Loss=1.1376, Rho=831.213318, Grad_norm=0.0012, Final_scale=8312.1332
🚀 APPLYING GUIDANCE at step 35 (timestep=562)
final_loss: 1.1373746395111084
🎯 GUIDANCE STEP 35 (t=562): Loss=1.1374, Rho=709.412903, Grad_norm=0.0014, Final_scale=7094.1290
🚀 APPLYING GUIDANCE at step 36 (timestep=538)
final_loss: 1.1373732089996338
🎯 GUIDANCE STEP 36 (t=538): Loss=1.1374, Rho=842.030334, Grad_norm=0.0012, Final_scale=8420.3033
🚀 APPLYING GUIDANCE at step 37 (timestep=512)
final_loss: 1.1369818449020386
🎯 GUIDANCE STEP 37 (t=512): Loss=1.1370, Rho=791.243896, Grad_norm=0.0013, Final_scale=7912.4390
🚀 APPLYING GUIDANCE at step 38 (timestep=486)
final_loss: 1.1367777585983276
🎯 GUIDANCE STEP 38 (t=486): Loss=1.1368, Rho=749.149109, Grad_norm=0.0013, Final_scale=7491.4911
🚀 APPLYING GUIDANCE at step 39 (timestep=458)
final_loss: 1.1361029148101807
🎯 GUIDANCE STEP 39 (t=458): Loss=1.1361, Rho=651.525940, Grad_norm=0.0015, Final_scale=6515.2594
🚀 APPLYING GUIDANCE at step 40 (timestep=428)
final_loss: 1.1360132694244385
🎯 GUIDANCE STEP 40 (t=428): Loss=1.1360, Rho=730.226135, Grad_norm=0.0014, Final_scale=7302.2614
🚀 APPLYING GUIDANCE at step 41 (timestep=396)
final_loss: 1.1353548765182495
🎯 GUIDANCE STEP 41 (t=396): Loss=1.1354, Rho=540.420166, Grad_norm=0.0019, Final_scale=5404.2017
🚀 APPLYING GUIDANCE at step 42 (timestep=363)
final_loss: 1.1350725889205933
🎯 GUIDANCE STEP 42 (t=363): Loss=1.1351, Rho=737.439087, Grad_norm=0.0014, Final_scale=7374.3909
🚀 APPLYING GUIDANCE at step 43 (timestep=327)
final_loss: 1.1343859434127808
🎯 GUIDANCE STEP 43 (t=327): Loss=1.1344, Rho=739.140015, Grad_norm=0.0014, Final_scale=7391.4001
🚀 APPLYING GUIDANCE at step 44 (timestep=290)
final_loss: 1.1339385509490967
🎯 GUIDANCE STEP 44 (t=290): Loss=1.1339, Rho=772.579224, Grad_norm=0.0013, Final_scale=7725.7922
🚀 APPLYING GUIDANCE at step 45 (timestep=249)
final_loss: 1.133218765258789
🎯 GUIDANCE STEP 45 (t=249): Loss=1.1332, Rho=763.390564, Grad_norm=0.0013, Final_scale=7633.9056
🚀 APPLYING GUIDANCE at step 46 (timestep=206)
final_loss: 1.1319584846496582
🎯 GUIDANCE STEP 46 (t=206): Loss=1.1320, Rho=685.927612, Grad_norm=0.0015, Final_scale=6859.2761
🚀 APPLYING GUIDANCE at step 47 (timestep=160)
final_loss: 1.13059401512146
🎯 GUIDANCE STEP 47 (t=160): Loss=1.1306, Rho=659.792908, Grad_norm=0.0015, Final_scale=6597.9291
🚀 APPLYING GUIDANCE at step 48 (timestep=111)
final_loss: 1.1280913352966309
🎯 GUIDANCE STEP 48 (t=111): Loss=1.1281, Rho=792.678772, Grad_norm=0.0013, Final_scale=7926.7877
🚀 APPLYING GUIDANCE at step 49 (timestep=57)
final_loss: 1.1236909627914429
🎯 GUIDANCE STEP 49 (t=57): Loss=1.1237, Rho=580.482361, Grad_norm=0.0017, Final_scale=5804.8236
[guidance_f33_s50_w16c8_rho10.0_cfg5.0torch] Generated: generated_videos/subject_consistency/guidance_f33_s50_w16c8_rho10.0_cfg5.0torch/a bird flying over a snowy forest.mp4
[guidance_f33_s50_w16c8_rho10.0_cfg5.0torch] Generating video 6/9 (guidance): a cat grooming itself meticulously with its tongue
🎬 STARTING GUIDANCE PIPELINE GENERATION
   Frames: 33, Steps: 50, CFG Scale: 5.0

🔧 GUIDANCE PIPELINE CONFIGURATION:
   Guidance range: 0 - 1001
   Rho scale: 10.0
   V-JEPA kernel_size: 16
   V-JEPA context_length: 8
   V-JEPA stride: 2
   V-JEPA mode: max
   Total timesteps: 50

🚀 APPLYING GUIDANCE at step 0 (timestep=999)
final_loss: 1.1475937366485596
🎯 GUIDANCE STEP 0 (t=999): Loss=1.1476, Rho=149.695343, Grad_norm=0.0067, Final_scale=1496.9534
🚀 APPLYING GUIDANCE at step 1 (timestep=992)
final_loss: 1.148324966430664
🎯 GUIDANCE STEP 1 (t=992): Loss=1.1483, Rho=451.339020, Grad_norm=0.0022, Final_scale=4513.3902
🚀 APPLYING GUIDANCE at step 2 (timestep=985)
final_loss: 1.1487529277801514
🎯 GUIDANCE STEP 2 (t=985): Loss=1.1488, Rho=578.318970, Grad_norm=0.0017, Final_scale=5783.1897
🚀 APPLYING GUIDANCE at step 3 (timestep=978)
final_loss: 1.1481736898422241
🎯 GUIDANCE STEP 3 (t=978): Loss=1.1482, Rho=626.398926, Grad_norm=0.0016, Final_scale=6263.9893
🚀 APPLYING GUIDANCE at step 4 (timestep=971)
final_loss: 1.147990345954895
🎯 GUIDANCE STEP 4 (t=971): Loss=1.1480, Rho=584.450928, Grad_norm=0.0017, Final_scale=5844.5093
🚀 APPLYING GUIDANCE at step 5 (timestep=963)
final_loss: 1.1484355926513672
🎯 GUIDANCE STEP 5 (t=963): Loss=1.1484, Rho=360.772430, Grad_norm=0.0028, Final_scale=3607.7243
🚀 APPLYING GUIDANCE at step 6 (timestep=956)
final_loss: 1.1479274034500122
🎯 GUIDANCE STEP 6 (t=956): Loss=1.1479, Rho=433.280823, Grad_norm=0.0023, Final_scale=4332.8082
🚀 APPLYING GUIDANCE at step 7 (timestep=948)
final_loss: 1.1473755836486816
🎯 GUIDANCE STEP 7 (t=948): Loss=1.1474, Rho=340.207489, Grad_norm=0.0029, Final_scale=3402.0749
🚀 APPLYING GUIDANCE at step 8 (timestep=939)
final_loss: 1.1472816467285156
🎯 GUIDANCE STEP 8 (t=939): Loss=1.1473, Rho=492.770355, Grad_norm=0.0020, Final_scale=4927.7036
🚀 APPLYING GUIDANCE at step 9 (timestep=931)
final_loss: 1.1475322246551514
🎯 GUIDANCE STEP 9 (t=931): Loss=1.1475, Rho=447.417114, Grad_norm=0.0022, Final_scale=4474.1711
🚀 APPLYING GUIDANCE at step 10 (timestep=922)
final_loss: 1.147353172302246
🎯 GUIDANCE STEP 10 (t=922): Loss=1.1474, Rho=664.909058, Grad_norm=0.0015, Final_scale=6649.0906
🚀 APPLYING GUIDANCE at step 11 (timestep=913)
final_loss: 1.1472047567367554
🎯 GUIDANCE STEP 11 (t=913): Loss=1.1472, Rho=662.923584, Grad_norm=0.0015, Final_scale=6629.2358
🚀 APPLYING GUIDANCE at step 12 (timestep=904)
final_loss: 1.1469459533691406
🎯 GUIDANCE STEP 12 (t=904): Loss=1.1469, Rho=587.419373, Grad_norm=0.0017, Final_scale=5874.1937
🚀 APPLYING GUIDANCE at step 13 (timestep=894)
final_loss: 1.1469409465789795
🎯 GUIDANCE STEP 13 (t=894): Loss=1.1469, Rho=741.065796, Grad_norm=0.0013, Final_scale=7410.6580
🚀 APPLYING GUIDANCE at step 14 (timestep=884)
final_loss: 1.1466749906539917
🎯 GUIDANCE STEP 14 (t=884): Loss=1.1467, Rho=827.868958, Grad_norm=0.0012, Final_scale=8278.6896
🚀 APPLYING GUIDANCE at step 15 (timestep=874)
final_loss: 1.1464420557022095
🎯 GUIDANCE STEP 15 (t=874): Loss=1.1464, Rho=924.127258, Grad_norm=0.0011, Final_scale=9241.2726
🚀 APPLYING GUIDANCE at step 16 (timestep=864)
final_loss: 1.1465414762496948
🎯 GUIDANCE STEP 16 (t=864): Loss=1.1465, Rho=864.429077, Grad_norm=0.0012, Final_scale=8644.2908
🚀 APPLYING GUIDANCE at step 17 (timestep=853)
final_loss: 1.1465256214141846
🎯 GUIDANCE STEP 17 (t=853): Loss=1.1465, Rho=662.682800, Grad_norm=0.0015, Final_scale=6626.8280
🚀 APPLYING GUIDANCE at step 18 (timestep=841)
final_loss: 1.1465789079666138
🎯 GUIDANCE STEP 18 (t=841): Loss=1.1466, Rho=896.500916, Grad_norm=0.0011, Final_scale=8965.0092
🚀 APPLYING GUIDANCE at step 19 (timestep=829)
final_loss: 1.1464132070541382
🎯 GUIDANCE STEP 19 (t=829): Loss=1.1464, Rho=1003.913818, Grad_norm=0.0010, Final_scale=10039.1382
🚀 APPLYING GUIDANCE at step 20 (timestep=817)
final_loss: 1.1462414264678955
🎯 GUIDANCE STEP 20 (t=817): Loss=1.1462, Rho=434.369446, Grad_norm=0.0023, Final_scale=4343.6945
🚀 APPLYING GUIDANCE at step 21 (timestep=805)
final_loss: 1.146445631980896
🎯 GUIDANCE STEP 21 (t=805): Loss=1.1464, Rho=826.255981, Grad_norm=0.0012, Final_scale=8262.5598
🚀 APPLYING GUIDANCE at step 22 (timestep=792)
final_loss: 1.1463226079940796
🎯 GUIDANCE STEP 22 (t=792): Loss=1.1463, Rho=1009.068359, Grad_norm=0.0010, Final_scale=10090.6836
🚀 APPLYING GUIDANCE at step 23 (timestep=778)
final_loss: 1.1464170217514038
🎯 GUIDANCE STEP 23 (t=778): Loss=1.1464, Rho=795.827942, Grad_norm=0.0013, Final_scale=7958.2794
🚀 APPLYING GUIDANCE at step 24 (timestep=764)
final_loss: 1.146608591079712
🎯 GUIDANCE STEP 24 (t=764): Loss=1.1466, Rho=915.358398, Grad_norm=0.0011, Final_scale=9153.5840
🚀 APPLYING GUIDANCE at step 25 (timestep=749)
final_loss: 1.1464016437530518
🎯 GUIDANCE STEP 25 (t=749): Loss=1.1464, Rho=916.446289, Grad_norm=0.0011, Final_scale=9164.4629
🚀 APPLYING GUIDANCE at step 26 (timestep=734)
final_loss: 1.1464732885360718
🎯 GUIDANCE STEP 26 (t=734): Loss=1.1465, Rho=916.426086, Grad_norm=0.0011, Final_scale=9164.2609
🚀 APPLYING GUIDANCE at step 27 (timestep=718)
final_loss: 1.1465027332305908
🎯 GUIDANCE STEP 27 (t=718): Loss=1.1465, Rho=720.877869, Grad_norm=0.0014, Final_scale=7208.7787
🚀 APPLYING GUIDANCE at step 28 (timestep=701)
final_loss: 1.146227240562439
🎯 GUIDANCE STEP 28 (t=701): Loss=1.1462, Rho=1183.640259, Grad_norm=0.0008, Final_scale=11836.4026
🚀 APPLYING GUIDANCE at step 29 (timestep=684)
final_loss: 1.1464004516601562
🎯 GUIDANCE STEP 29 (t=684): Loss=1.1464, Rho=1029.696899, Grad_norm=0.0010, Final_scale=10296.9690
🚀 APPLYING GUIDANCE at step 30 (timestep=666)
final_loss: 1.1463661193847656
🎯 GUIDANCE STEP 30 (t=666): Loss=1.1464, Rho=1263.425049, Grad_norm=0.0008, Final_scale=12634.2505
🚀 APPLYING GUIDANCE at step 31 (timestep=647)
final_loss: 1.1462458372116089
🎯 GUIDANCE STEP 31 (t=647): Loss=1.1462, Rho=1402.391602, Grad_norm=0.0007, Final_scale=14023.9160
🚀 APPLYING GUIDANCE at step 32 (timestep=627)
final_loss: 1.146314263343811
🎯 GUIDANCE STEP 32 (t=627): Loss=1.1463, Rho=996.210144, Grad_norm=0.0010, Final_scale=9962.1014
🚀 APPLYING GUIDANCE at step 33 (timestep=606)
final_loss: 1.1463944911956787
🎯 GUIDANCE STEP 33 (t=606): Loss=1.1464, Rho=1582.621826, Grad_norm=0.0006, Final_scale=15826.2183
🚀 APPLYING GUIDANCE at step 34 (timestep=585)
final_loss: 1.1462236642837524
🎯 GUIDANCE STEP 34 (t=585): Loss=1.1462, Rho=1505.167603, Grad_norm=0.0007, Final_scale=15051.6760
🚀 APPLYING GUIDANCE at step 35 (timestep=562)
final_loss: 1.146188497543335
🎯 GUIDANCE STEP 35 (t=562): Loss=1.1462, Rho=967.050110, Grad_norm=0.0010, Final_scale=9670.5011
🚀 APPLYING GUIDANCE at step 36 (timestep=538)
final_loss: 1.1462681293487549
🎯 GUIDANCE STEP 36 (t=538): Loss=1.1463, Rho=1965.996582, Grad_norm=0.0005, Final_scale=19659.9658
🚀 APPLYING GUIDANCE at step 37 (timestep=512)
final_loss: 1.1461684703826904
🎯 GUIDANCE STEP 37 (t=512): Loss=1.1462, Rho=1332.482300, Grad_norm=0.0008, Final_scale=13324.8230
🚀 APPLYING GUIDANCE at step 38 (timestep=486)
final_loss: 1.1460233926773071
🎯 GUIDANCE STEP 38 (t=486): Loss=1.1460, Rho=2107.624756, Grad_norm=0.0005, Final_scale=21076.2476
🚀 APPLYING GUIDANCE at step 39 (timestep=458)
final_loss: 1.1460169553756714
🎯 GUIDANCE STEP 39 (t=458): Loss=1.1460, Rho=2119.917725, Grad_norm=0.0005, Final_scale=21199.1772
🚀 APPLYING GUIDANCE at step 40 (timestep=428)
final_loss: 1.1459375619888306
🎯 GUIDANCE STEP 40 (t=428): Loss=1.1459, Rho=2558.537842, Grad_norm=0.0004, Final_scale=25585.3784
🚀 APPLYING GUIDANCE at step 41 (timestep=396)
final_loss: 1.1459535360336304
🎯 GUIDANCE STEP 41 (t=396): Loss=1.1460, Rho=2533.390137, Grad_norm=0.0004, Final_scale=25333.9014
🚀 APPLYING GUIDANCE at step 42 (timestep=363)
final_loss: 1.1457184553146362
🎯 GUIDANCE STEP 42 (t=363): Loss=1.1457, Rho=2429.638672, Grad_norm=0.0004, Final_scale=24296.3867
🚀 APPLYING GUIDANCE at step 43 (timestep=327)
final_loss: 1.145420789718628
🎯 GUIDANCE STEP 43 (t=327): Loss=1.1454, Rho=2607.660400, Grad_norm=0.0004, Final_scale=26076.6040
🚀 APPLYING GUIDANCE at step 44 (timestep=290)
final_loss: 1.145132303237915
🎯 GUIDANCE STEP 44 (t=290): Loss=1.1451, Rho=2289.591064, Grad_norm=0.0004, Final_scale=22895.9106
🚀 APPLYING GUIDANCE at step 45 (timestep=249)
final_loss: 1.1449593305587769
🎯 GUIDANCE STEP 45 (t=249): Loss=1.1450, Rho=1762.177246, Grad_norm=0.0006, Final_scale=17621.7725
🚀 APPLYING GUIDANCE at step 46 (timestep=206)
final_loss: 1.144685983657837
🎯 GUIDANCE STEP 46 (t=206): Loss=1.1447, Rho=1869.493652, Grad_norm=0.0005, Final_scale=18694.9365
🚀 APPLYING GUIDANCE at step 47 (timestep=160)
final_loss: 1.1441668272018433
🎯 GUIDANCE STEP 47 (t=160): Loss=1.1442, Rho=1117.908813, Grad_norm=0.0009, Final_scale=11179.0881
🚀 APPLYING GUIDANCE at step 48 (timestep=111)
final_loss: 1.1435970067977905
🎯 GUIDANCE STEP 48 (t=111): Loss=1.1436, Rho=1904.895264, Grad_norm=0.0005, Final_scale=19048.9526
🚀 APPLYING GUIDANCE at step 49 (timestep=57)
final_loss: 1.140855073928833
🎯 GUIDANCE STEP 49 (t=57): Loss=1.1409, Rho=1509.600464, Grad_norm=0.0007, Final_scale=15096.0046
[guidance_f33_s50_w16c8_rho10.0_cfg5.0torch] Generated: generated_videos/subject_consistency/guidance_f33_s50_w16c8_rho10.0_cfg5.0torch/a car slowing down to stop.mp4
[guidance_f33_s50_w16c8_rho10.0_cfg5.0torch] Generating video 6/9 (guidance): a car accelerating to gain speed
🎬 STARTING GUIDANCE PIPELINE GENERATION
   Frames: 33, Steps: 50, CFG Scale: 5.0

🔧 GUIDANCE PIPELINE CONFIGURATION:
   Guidance range: 0 - 1001
   Rho scale: 10.0
   V-JEPA kernel_size: 16
   V-JEPA context_length: 8
   V-JEPA stride: 2
   V-JEPA mode: max
   Total timesteps: 50

🚀 APPLYING GUIDANCE at step 0 (timestep=999)
final_loss: 1.1308590173721313
🎯 GUIDANCE STEP 0 (t=999): Loss=1.1309, Rho=73.220871, Grad_norm=0.0137, Final_scale=732.2087
🚀 APPLYING GUIDANCE at step 1 (timestep=992)
final_loss: 1.1405938863754272
🎯 GUIDANCE STEP 1 (t=992): Loss=1.1406, Rho=91.730721, Grad_norm=0.0109, Final_scale=917.3072
🚀 APPLYING GUIDANCE at step 2 (timestep=985)
final_loss: 1.1379157304763794
🎯 GUIDANCE STEP 2 (t=985): Loss=1.1379, Rho=216.272812, Grad_norm=0.0046, Final_scale=2162.7281
🚀 APPLYING GUIDANCE at step 3 (timestep=978)
final_loss: 1.1379975080490112
🎯 GUIDANCE STEP 3 (t=978): Loss=1.1380, Rho=365.777649, Grad_norm=0.0027, Final_scale=3657.7765
🚀 APPLYING GUIDANCE at step 4 (timestep=971)
final_loss: 1.1377009153366089
🎯 GUIDANCE STEP 4 (t=971): Loss=1.1377, Rho=493.945038, Grad_norm=0.0020, Final_scale=4939.4504
🚀 APPLYING GUIDANCE at step 5 (timestep=963)
final_loss: 1.1372785568237305
🎯 GUIDANCE STEP 5 (t=963): Loss=1.1373, Rho=512.519470, Grad_norm=0.0020, Final_scale=5125.1947
🚀 APPLYING GUIDANCE at step 6 (timestep=956)
final_loss: 1.1375526189804077
🎯 GUIDANCE STEP 6 (t=956): Loss=1.1376, Rho=524.529175, Grad_norm=0.0019, Final_scale=5245.2917
🚀 APPLYING GUIDANCE at step 7 (timestep=948)
final_loss: 1.1374753713607788
🎯 GUIDANCE STEP 7 (t=948): Loss=1.1375, Rho=532.657959, Grad_norm=0.0019, Final_scale=5326.5796
🚀 APPLYING GUIDANCE at step 8 (timestep=939)
final_loss: 1.1373754739761353
🎯 GUIDANCE STEP 8 (t=939): Loss=1.1374, Rho=674.567200, Grad_norm=0.0015, Final_scale=6745.6720
🚀 APPLYING GUIDANCE at step 9 (timestep=931)
final_loss: 1.1371501684188843
🎯 GUIDANCE STEP 9 (t=931): Loss=1.1372, Rho=701.925781, Grad_norm=0.0014, Final_scale=7019.2578
🚀 APPLYING GUIDANCE at step 10 (timestep=922)
final_loss: 1.1373041868209839
🎯 GUIDANCE STEP 10 (t=922): Loss=1.1373, Rho=779.203918, Grad_norm=0.0013, Final_scale=7792.0392
🚀 APPLYING GUIDANCE at step 11 (timestep=913)
final_loss: 1.136866569519043
🎯 GUIDANCE STEP 11 (t=913): Loss=1.1369, Rho=760.277222, Grad_norm=0.0013, Final_scale=7602.7722
🚀 APPLYING GUIDANCE at step 12 (timestep=904)
final_loss: 1.1369984149932861
🎯 GUIDANCE STEP 12 (t=904): Loss=1.1370, Rho=699.018738, Grad_norm=0.0014, Final_scale=6990.1874
🚀 APPLYING GUIDANCE at step 13 (timestep=894)
final_loss: 1.1366602182388306
🎯 GUIDANCE STEP 13 (t=894): Loss=1.1367, Rho=883.492615, Grad_norm=0.0011, Final_scale=8834.9261
🚀 APPLYING GUIDANCE at step 14 (timestep=884)
final_loss: 1.1363104581832886
🎯 GUIDANCE STEP 14 (t=884): Loss=1.1363, Rho=849.946106, Grad_norm=0.0012, Final_scale=8499.4611
🚀 APPLYING GUIDANCE at step 15 (timestep=874)
final_loss: 1.1364296674728394
🎯 GUIDANCE STEP 15 (t=874): Loss=1.1364, Rho=969.831543, Grad_norm=0.0010, Final_scale=9698.3154
🚀 APPLYING GUIDANCE at step 16 (timestep=864)
final_loss: 1.1363590955734253
🎯 GUIDANCE STEP 16 (t=864): Loss=1.1364, Rho=944.811340, Grad_norm=0.0011, Final_scale=9448.1134
🚀 APPLYING GUIDANCE at step 17 (timestep=853)
final_loss: 1.1358801126480103
🎯 GUIDANCE STEP 17 (t=853): Loss=1.1359, Rho=948.669922, Grad_norm=0.0011, Final_scale=9486.6992
🚀 APPLYING GUIDANCE at step 18 (timestep=841)
final_loss: 1.1357775926589966
🎯 GUIDANCE STEP 18 (t=841): Loss=1.1358, Rho=840.271851, Grad_norm=0.0012, Final_scale=8402.7185
🚀 APPLYING GUIDANCE at step 19 (timestep=829)
final_loss: 1.1356278657913208
🎯 GUIDANCE STEP 19 (t=829): Loss=1.1356, Rho=976.077820, Grad_norm=0.0010, Final_scale=9760.7782
🚀 APPLYING GUIDANCE at step 20 (timestep=817)
final_loss: 1.1356765031814575
🎯 GUIDANCE STEP 20 (t=817): Loss=1.1357, Rho=552.988464, Grad_norm=0.0018, Final_scale=5529.8846
🚀 APPLYING GUIDANCE at step 21 (timestep=805)
final_loss: 1.1357147693634033
🎯 GUIDANCE STEP 21 (t=805): Loss=1.1357, Rho=801.806824, Grad_norm=0.0012, Final_scale=8018.0682
🚀 APPLYING GUIDANCE at step 22 (timestep=792)
final_loss: 1.1358108520507812
🎯 GUIDANCE STEP 22 (t=792): Loss=1.1358, Rho=807.281738, Grad_norm=0.0012, Final_scale=8072.8174
🚀 APPLYING GUIDANCE at step 23 (timestep=778)
final_loss: 1.135093092918396
🎯 GUIDANCE STEP 23 (t=778): Loss=1.1351, Rho=1037.123291, Grad_norm=0.0010, Final_scale=10371.2329
🚀 APPLYING GUIDANCE at step 24 (timestep=764)
final_loss: 1.13479745388031
🎯 GUIDANCE STEP 24 (t=764): Loss=1.1348, Rho=877.547180, Grad_norm=0.0011, Final_scale=8775.4718
🚀 APPLYING GUIDANCE at step 25 (timestep=749)
final_loss: 1.134812593460083
🎯 GUIDANCE STEP 25 (t=749): Loss=1.1348, Rho=971.993347, Grad_norm=0.0010, Final_scale=9719.9335
🚀 APPLYING GUIDANCE at step 26 (timestep=734)
final_loss: 1.1342371702194214
🎯 GUIDANCE STEP 26 (t=734): Loss=1.1342, Rho=999.929321, Grad_norm=0.0010, Final_scale=9999.2932
🚀 APPLYING GUIDANCE at step 27 (timestep=718)
final_loss: 1.1344680786132812
🎯 GUIDANCE STEP 27 (t=718): Loss=1.1345, Rho=1010.767578, Grad_norm=0.0010, Final_scale=10107.6758
🚀 APPLYING GUIDANCE at step 28 (timestep=701)
final_loss: 1.1344257593154907
🎯 GUIDANCE STEP 28 (t=701): Loss=1.1344, Rho=1132.850464, Grad_norm=0.0009, Final_scale=11328.5046
🚀 APPLYING GUIDANCE at step 29 (timestep=684)
final_loss: 1.13423490524292
🎯 GUIDANCE STEP 29 (t=684): Loss=1.1342, Rho=1084.410767, Grad_norm=0.0009, Final_scale=10844.1077
🚀 APPLYING GUIDANCE at step 30 (timestep=666)
final_loss: 1.1340460777282715
🎯 GUIDANCE STEP 30 (t=666): Loss=1.1340, Rho=975.739868, Grad_norm=0.0010, Final_scale=9757.3987
🚀 APPLYING GUIDANCE at step 31 (timestep=647)
final_loss: 1.133702278137207
🎯 GUIDANCE STEP 31 (t=647): Loss=1.1337, Rho=1142.997437, Grad_norm=0.0009, Final_scale=11429.9744
🚀 APPLYING GUIDANCE at step 32 (timestep=627)
final_loss: 1.1336450576782227
🎯 GUIDANCE STEP 32 (t=627): Loss=1.1336, Rho=970.732239, Grad_norm=0.0010, Final_scale=9707.3224
🚀 APPLYING GUIDANCE at step 33 (timestep=606)
final_loss: 1.133596420288086
🎯 GUIDANCE STEP 33 (t=606): Loss=1.1336, Rho=939.805420, Grad_norm=0.0011, Final_scale=9398.0542
🚀 APPLYING GUIDANCE at step 34 (timestep=585)
final_loss: 1.1331400871276855
🎯 GUIDANCE STEP 34 (t=585): Loss=1.1331, Rho=1064.424927, Grad_norm=0.0009, Final_scale=10644.2493
🚀 APPLYING GUIDANCE at step 35 (timestep=562)
final_loss: 1.1334017515182495
🎯 GUIDANCE STEP 35 (t=562): Loss=1.1334, Rho=1073.683472, Grad_norm=0.0009, Final_scale=10736.8347
🚀 APPLYING GUIDANCE at step 36 (timestep=538)
final_loss: 1.1329904794692993
🎯 GUIDANCE STEP 36 (t=538): Loss=1.1330, Rho=1019.826904, Grad_norm=0.0010, Final_scale=10198.2690
🚀 APPLYING GUIDANCE at step 37 (timestep=512)
final_loss: 1.1325536966323853
🎯 GUIDANCE STEP 37 (t=512): Loss=1.1326, Rho=1055.617432, Grad_norm=0.0009, Final_scale=10556.1743
🚀 APPLYING GUIDANCE at step 38 (timestep=486)
final_loss: 1.132175326347351
🎯 GUIDANCE STEP 38 (t=486): Loss=1.1322, Rho=1005.769775, Grad_norm=0.0010, Final_scale=10057.6978
🚀 APPLYING GUIDANCE at step 39 (timestep=458)
final_loss: 1.1323422193527222
🎯 GUIDANCE STEP 39 (t=458): Loss=1.1323, Rho=922.487061, Grad_norm=0.0011, Final_scale=9224.8706
🚀 APPLYING GUIDANCE at step 40 (timestep=428)
final_loss: 1.131705403327942
🎯 GUIDANCE STEP 40 (t=428): Loss=1.1317, Rho=947.253296, Grad_norm=0.0011, Final_scale=9472.5330
🚀 APPLYING GUIDANCE at step 41 (timestep=396)
final_loss: 1.1310089826583862
🎯 GUIDANCE STEP 41 (t=396): Loss=1.1310, Rho=781.254089, Grad_norm=0.0013, Final_scale=7812.5409
🚀 APPLYING GUIDANCE at step 42 (timestep=363)
final_loss: 1.1306756734848022
🎯 GUIDANCE STEP 42 (t=363): Loss=1.1307, Rho=755.982788, Grad_norm=0.0013, Final_scale=7559.8279
🚀 APPLYING GUIDANCE at step 43 (timestep=327)
final_loss: 1.130113959312439
🎯 GUIDANCE STEP 43 (t=327): Loss=1.1301, Rho=821.334717, Grad_norm=0.0012, Final_scale=8213.3472
🚀 APPLYING GUIDANCE at step 44 (timestep=290)
final_loss: 1.1290132999420166
🎯 GUIDANCE STEP 44 (t=290): Loss=1.1290, Rho=677.647949, Grad_norm=0.0015, Final_scale=6776.4795
🚀 APPLYING GUIDANCE at step 45 (timestep=249)
final_loss: 1.127949595451355
🎯 GUIDANCE STEP 45 (t=249): Loss=1.1279, Rho=581.209839, Grad_norm=0.0017, Final_scale=5812.0984
🚀 APPLYING GUIDANCE at step 46 (timestep=206)
final_loss: 1.1264499425888062
🎯 GUIDANCE STEP 46 (t=206): Loss=1.1264, Rho=594.755249, Grad_norm=0.0017, Final_scale=5947.5525
🚀 APPLYING GUIDANCE at step 47 (timestep=160)
final_loss: 1.1243584156036377
🎯 GUIDANCE STEP 47 (t=160): Loss=1.1244, Rho=454.855164, Grad_norm=0.0022, Final_scale=4548.5516
🚀 APPLYING GUIDANCE at step 48 (timestep=111)
final_loss: 1.1211602687835693
🎯 GUIDANCE STEP 48 (t=111): Loss=1.1212, Rho=490.544952, Grad_norm=0.0020, Final_scale=4905.4495
🚀 APPLYING GUIDANCE at step 49 (timestep=57)
final_loss: 1.1144866943359375
🎯 GUIDANCE STEP 49 (t=57): Loss=1.1145, Rho=456.211945, Grad_norm=0.0022, Final_scale=4562.1194
[guidance_f33_s50_w16c8_rho10.0_cfg5.0torch] Generated: generated_videos/subject_consistency/guidance_f33_s50_w16c8_rho10.0_cfg5.0torch/a zebra running to join a herd of its kind.mp4
[guidance_f33_s50_w16c8_rho10.0_cfg5.0torch] Generating video 6/9 (guidance): a zebra taking a peaceful walk
🎬 STARTING GUIDANCE PIPELINE GENERATION
   Frames: 33, Steps: 50, CFG Scale: 5.0

🔧 GUIDANCE PIPELINE CONFIGURATION:
   Guidance range: 0 - 1001
   Rho scale: 10.0
   V-JEPA kernel_size: 16
   V-JEPA context_length: 8
   V-JEPA stride: 2
   V-JEPA mode: max
   Total timesteps: 50

🚀 APPLYING GUIDANCE at step 0 (timestep=999)
final_loss: 1.114950180053711
🎯 GUIDANCE STEP 0 (t=999): Loss=1.1150, Rho=491.223358, Grad_norm=0.0020, Final_scale=4912.2336
🚀 APPLYING GUIDANCE at step 1 (timestep=992)
final_loss: 1.1321227550506592
🎯 GUIDANCE STEP 1 (t=992): Loss=1.1321, Rho=42.026604, Grad_norm=0.0238, Final_scale=420.2660
🚀 APPLYING GUIDANCE at step 2 (timestep=985)
final_loss: 1.1374982595443726
🎯 GUIDANCE STEP 2 (t=985): Loss=1.1375, Rho=176.110550, Grad_norm=0.0057, Final_scale=1761.1055
🚀 APPLYING GUIDANCE at step 3 (timestep=978)
final_loss: 1.1399542093276978
🎯 GUIDANCE STEP 3 (t=978): Loss=1.1400, Rho=212.238052, Grad_norm=0.0047, Final_scale=2122.3805
🚀 APPLYING GUIDANCE at step 4 (timestep=971)
final_loss: 1.136595606803894
🎯 GUIDANCE STEP 4 (t=971): Loss=1.1366, Rho=171.708542, Grad_norm=0.0058, Final_scale=1717.0854
🚀 APPLYING GUIDANCE at step 5 (timestep=963)
final_loss: 1.134665846824646
🎯 GUIDANCE STEP 5 (t=963): Loss=1.1347, Rho=243.907425, Grad_norm=0.0041, Final_scale=2439.0742
🚀 APPLYING GUIDANCE at step 6 (timestep=956)
final_loss: 1.1345033645629883
🎯 GUIDANCE STEP 6 (t=956): Loss=1.1345, Rho=188.977905, Grad_norm=0.0053, Final_scale=1889.7791
🚀 APPLYING GUIDANCE at step 7 (timestep=948)
final_loss: 1.1343576908111572
🎯 GUIDANCE STEP 7 (t=948): Loss=1.1344, Rho=241.104004, Grad_norm=0.0041, Final_scale=2411.0400
🚀 APPLYING GUIDANCE at step 8 (timestep=939)
final_loss: 1.1349636316299438
🎯 GUIDANCE STEP 8 (t=939): Loss=1.1350, Rho=256.519409, Grad_norm=0.0039, Final_scale=2565.1941
🚀 APPLYING GUIDANCE at step 9 (timestep=931)
final_loss: 1.134955644607544
🎯 GUIDANCE STEP 9 (t=931): Loss=1.1350, Rho=256.119690, Grad_norm=0.0039, Final_scale=2561.1969
🚀 APPLYING GUIDANCE at step 10 (timestep=922)
final_loss: 1.1347947120666504
🎯 GUIDANCE STEP 10 (t=922): Loss=1.1348, Rho=315.825195, Grad_norm=0.0032, Final_scale=3158.2520
🚀 APPLYING GUIDANCE at step 11 (timestep=913)
final_loss: 1.135534644126892
🎯 GUIDANCE STEP 11 (t=913): Loss=1.1355, Rho=306.121490, Grad_norm=0.0033, Final_scale=3061.2149
🚀 APPLYING GUIDANCE at step 12 (timestep=904)
final_loss: 1.135686993598938
🎯 GUIDANCE STEP 12 (t=904): Loss=1.1357, Rho=373.698090, Grad_norm=0.0027, Final_scale=3736.9809
🚀 APPLYING GUIDANCE at step 13 (timestep=894)
final_loss: 1.1356067657470703
🎯 GUIDANCE STEP 13 (t=894): Loss=1.1356, Rho=302.201477, Grad_norm=0.0033, Final_scale=3022.0148
🚀 APPLYING GUIDANCE at step 14 (timestep=884)
final_loss: 1.1356281042099
🎯 GUIDANCE STEP 14 (t=884): Loss=1.1356, Rho=392.767334, Grad_norm=0.0025, Final_scale=3927.6733
🚀 APPLYING GUIDANCE at step 15 (timestep=874)
final_loss: 1.1353113651275635
🎯 GUIDANCE STEP 15 (t=874): Loss=1.1353, Rho=404.274750, Grad_norm=0.0025, Final_scale=4042.7475
🚀 APPLYING GUIDANCE at step 16 (timestep=864)
final_loss: 1.135043978691101
🎯 GUIDANCE STEP 16 (t=864): Loss=1.1350, Rho=395.357758, Grad_norm=0.0025, Final_scale=3953.5776
🚀 APPLYING GUIDANCE at step 17 (timestep=853)
final_loss: 1.1350582838058472
🎯 GUIDANCE STEP 17 (t=853): Loss=1.1351, Rho=389.047607, Grad_norm=0.0026, Final_scale=3890.4761
🚀 APPLYING GUIDANCE at step 18 (timestep=841)
final_loss: 1.135000467300415
🎯 GUIDANCE STEP 18 (t=841): Loss=1.1350, Rho=428.728149, Grad_norm=0.0023, Final_scale=4287.2815
🚀 APPLYING GUIDANCE at step 19 (timestep=829)
final_loss: 1.1349905729293823
🎯 GUIDANCE STEP 19 (t=829): Loss=1.1350, Rho=432.797974, Grad_norm=0.0023, Final_scale=4327.9797
🚀 APPLYING GUIDANCE at step 20 (timestep=817)
final_loss: 1.1348270177841187
🎯 GUIDANCE STEP 20 (t=817): Loss=1.1348, Rho=387.447876, Grad_norm=0.0026, Final_scale=3874.4788
🚀 APPLYING GUIDANCE at step 21 (timestep=805)
final_loss: 1.1350711584091187
🎯 GUIDANCE STEP 21 (t=805): Loss=1.1351, Rho=433.787445, Grad_norm=0.0023, Final_scale=4337.8745
🚀 APPLYING GUIDANCE at step 22 (timestep=792)
final_loss: 1.135083556175232
🎯 GUIDANCE STEP 22 (t=792): Loss=1.1351, Rho=499.142822, Grad_norm=0.0020, Final_scale=4991.4282
🚀 APPLYING GUIDANCE at step 23 (timestep=778)
final_loss: 1.1348289251327515
🎯 GUIDANCE STEP 23 (t=778): Loss=1.1348, Rho=489.708557, Grad_norm=0.0020, Final_scale=4897.0856
🚀 APPLYING GUIDANCE at step 24 (timestep=764)
final_loss: 1.1346991062164307
🎯 GUIDANCE STEP 24 (t=764): Loss=1.1347, Rho=446.814392, Grad_norm=0.0022, Final_scale=4468.1439
🚀 APPLYING GUIDANCE at step 25 (timestep=749)
final_loss: 1.134761095046997
🎯 GUIDANCE STEP 25 (t=749): Loss=1.1348, Rho=435.816772, Grad_norm=0.0023, Final_scale=4358.1677
🚀 APPLYING GUIDANCE at step 26 (timestep=734)
final_loss: 1.1347906589508057
🎯 GUIDANCE STEP 26 (t=734): Loss=1.1348, Rho=501.849182, Grad_norm=0.0020, Final_scale=5018.4918
🚀 APPLYING GUIDANCE at step 27 (timestep=718)
final_loss: 1.1344317197799683
🎯 GUIDANCE STEP 27 (t=718): Loss=1.1344, Rho=495.399017, Grad_norm=0.0020, Final_scale=4953.9902
🚀 APPLYING GUIDANCE at step 28 (timestep=701)
final_loss: 1.1342657804489136
🎯 GUIDANCE STEP 28 (t=701): Loss=1.1343, Rho=573.887329, Grad_norm=0.0017, Final_scale=5738.8733
🚀 APPLYING GUIDANCE at step 29 (timestep=684)
final_loss: 1.134118914604187
🎯 GUIDANCE STEP 29 (t=684): Loss=1.1341, Rho=581.959595, Grad_norm=0.0017, Final_scale=5819.5959
🚀 APPLYING GUIDANCE at step 30 (timestep=666)
final_loss: 1.1344763040542603
🎯 GUIDANCE STEP 30 (t=666): Loss=1.1345, Rho=641.416443, Grad_norm=0.0016, Final_scale=6414.1644
🚀 APPLYING GUIDANCE at step 31 (timestep=647)
final_loss: 1.1342213153839111
🎯 GUIDANCE STEP 31 (t=647): Loss=1.1342, Rho=683.788208, Grad_norm=0.0015, Final_scale=6837.8821
🚀 APPLYING GUIDANCE at step 32 (timestep=627)
final_loss: 1.134040117263794
🎯 GUIDANCE STEP 32 (t=627): Loss=1.1340, Rho=619.482178, Grad_norm=0.0016, Final_scale=6194.8218
🚀 APPLYING GUIDANCE at step 33 (timestep=606)
final_loss: 1.1340960264205933
🎯 GUIDANCE STEP 33 (t=606): Loss=1.1341, Rho=819.979675, Grad_norm=0.0012, Final_scale=8199.7968
🚀 APPLYING GUIDANCE at step 34 (timestep=585)
final_loss: 1.1338306665420532
🎯 GUIDANCE STEP 34 (t=585): Loss=1.1338, Rho=827.970581, Grad_norm=0.0012, Final_scale=8279.7058
🚀 APPLYING GUIDANCE at step 35 (timestep=562)
final_loss: 1.1336076259613037
🎯 GUIDANCE STEP 35 (t=562): Loss=1.1336, Rho=579.003967, Grad_norm=0.0017, Final_scale=5790.0397
🚀 APPLYING GUIDANCE at step 36 (timestep=538)
final_loss: 1.1336002349853516
🎯 GUIDANCE STEP 36 (t=538): Loss=1.1336, Rho=801.653870, Grad_norm=0.0012, Final_scale=8016.5387
🚀 APPLYING GUIDANCE at step 37 (timestep=512)
final_loss: 1.1334948539733887
🎯 GUIDANCE STEP 37 (t=512): Loss=1.1335, Rho=883.050842, Grad_norm=0.0011, Final_scale=8830.5084
🚀 APPLYING GUIDANCE at step 38 (timestep=486)
final_loss: 1.1333175897598267
🎯 GUIDANCE STEP 38 (t=486): Loss=1.1333, Rho=942.892517, Grad_norm=0.0011, Final_scale=9428.9252
🚀 APPLYING GUIDANCE at step 39 (timestep=458)
final_loss: 1.133142113685608
🎯 GUIDANCE STEP 39 (t=458): Loss=1.1331, Rho=615.624329, Grad_norm=0.0016, Final_scale=6156.2433
🚀 APPLYING GUIDANCE at step 40 (timestep=428)
final_loss: 1.1332396268844604
🎯 GUIDANCE STEP 40 (t=428): Loss=1.1332, Rho=833.156372, Grad_norm=0.0012, Final_scale=8331.5637
🚀 APPLYING GUIDANCE at step 41 (timestep=396)
final_loss: 1.1329110860824585
🎯 GUIDANCE STEP 41 (t=396): Loss=1.1329, Rho=903.649963, Grad_norm=0.0011, Final_scale=9036.4996
🚀 APPLYING GUIDANCE at step 42 (timestep=363)
final_loss: 1.1325949430465698
🎯 GUIDANCE STEP 42 (t=363): Loss=1.1326, Rho=782.549988, Grad_norm=0.0013, Final_scale=7825.4999
🚀 APPLYING GUIDANCE at step 43 (timestep=327)
final_loss: 1.1324118375778198
🎯 GUIDANCE STEP 43 (t=327): Loss=1.1324, Rho=973.273926, Grad_norm=0.0010, Final_scale=9732.7393
🚀 APPLYING GUIDANCE at step 44 (timestep=290)
final_loss: 1.1318176984786987
🎯 GUIDANCE STEP 44 (t=290): Loss=1.1318, Rho=953.086365, Grad_norm=0.0010, Final_scale=9530.8636
🚀 APPLYING GUIDANCE at step 45 (timestep=249)
final_loss: 1.1310334205627441
🎯 GUIDANCE STEP 45 (t=249): Loss=1.1310, Rho=855.056335, Grad_norm=0.0012, Final_scale=8550.5634
🚀 APPLYING GUIDANCE at step 46 (timestep=206)
final_loss: 1.130333423614502
🎯 GUIDANCE STEP 46 (t=206): Loss=1.1303, Rho=462.654877, Grad_norm=0.0022, Final_scale=4626.5488
🚀 APPLYING GUIDANCE at step 47 (timestep=160)
final_loss: 1.1298474073410034
🎯 GUIDANCE STEP 47 (t=160): Loss=1.1298, Rho=930.989380, Grad_norm=0.0011, Final_scale=9309.8938
🚀 APPLYING GUIDANCE at step 48 (timestep=111)
final_loss: 1.1265833377838135
🎯 GUIDANCE STEP 48 (t=111): Loss=1.1266, Rho=605.915039, Grad_norm=0.0017, Final_scale=6059.1504
🚀 APPLYING GUIDANCE at step 49 (timestep=57)
final_loss: 1.1231772899627686
🎯 GUIDANCE STEP 49 (t=57): Loss=1.1232, Rho=690.589783, Grad_norm=0.0014, Final_scale=6905.8978
[guidance_f33_s50_w16c8_rho10.0_cfg5.0torch] Generated: generated_videos/subject_consistency/guidance_f33_s50_w16c8_rho10.0_cfg5.0torch/a person walking in the snowstorm.mp4
[guidance_f33_s50_w16c8_rho10.0_cfg5.0torch] Generating video 6/9 (guidance): a person drinking coffee in a cafe
🎬 STARTING GUIDANCE PIPELINE GENERATION
   Frames: 33, Steps: 50, CFG Scale: 5.0

🔧 GUIDANCE PIPELINE CONFIGURATION:
   Guidance range: 0 - 1001
   Rho scale: 10.0
   V-JEPA kernel_size: 16
   V-JEPA context_length: 8
   V-JEPA stride: 2
   V-JEPA mode: max
   Total timesteps: 50

🚀 APPLYING GUIDANCE at step 0 (timestep=999)
final_loss: 1.133773684501648
🎯 GUIDANCE STEP 0 (t=999): Loss=1.1338, Rho=114.607658, Grad_norm=0.0087, Final_scale=1146.0766
🚀 APPLYING GUIDANCE at step 1 (timestep=992)
final_loss: 1.1378886699676514
🎯 GUIDANCE STEP 1 (t=992): Loss=1.1379, Rho=88.780609, Grad_norm=0.0113, Final_scale=887.8061
🚀 APPLYING GUIDANCE at step 2 (timestep=985)
final_loss: 1.1447137594223022
🎯 GUIDANCE STEP 2 (t=985): Loss=1.1447, Rho=129.120087, Grad_norm=0.0077, Final_scale=1291.2009
🚀 APPLYING GUIDANCE at step 3 (timestep=978)
final_loss: 1.1372538805007935
🎯 GUIDANCE STEP 3 (t=978): Loss=1.1373, Rho=186.814941, Grad_norm=0.0054, Final_scale=1868.1494
🚀 APPLYING GUIDANCE at step 4 (timestep=971)
final_loss: 1.1346349716186523
🎯 GUIDANCE STEP 4 (t=971): Loss=1.1346, Rho=248.351868, Grad_norm=0.0040, Final_scale=2483.5187
🚀 APPLYING GUIDANCE at step 5 (timestep=963)
final_loss: 1.1311445236206055
🎯 GUIDANCE STEP 5 (t=963): Loss=1.1311, Rho=156.948380, Grad_norm=0.0064, Final_scale=1569.4838
🚀 APPLYING GUIDANCE at step 6 (timestep=956)
final_loss: 1.1313800811767578
🎯 GUIDANCE STEP 6 (t=956): Loss=1.1314, Rho=237.179001, Grad_norm=0.0042, Final_scale=2371.7900
🚀 APPLYING GUIDANCE at step 7 (timestep=948)
final_loss: 1.1324418783187866
🎯 GUIDANCE STEP 7 (t=948): Loss=1.1324, Rho=235.349823, Grad_norm=0.0042, Final_scale=2353.4982
🚀 APPLYING GUIDANCE at step 8 (timestep=939)
final_loss: 1.1319364309310913
🎯 GUIDANCE STEP 8 (t=939): Loss=1.1319, Rho=218.901871, Grad_norm=0.0046, Final_scale=2189.0187
🚀 APPLYING GUIDANCE at step 9 (timestep=931)
final_loss: 1.1319974660873413
🎯 GUIDANCE STEP 9 (t=931): Loss=1.1320, Rho=271.525787, Grad_norm=0.0037, Final_scale=2715.2579
🚀 APPLYING GUIDANCE at step 10 (timestep=922)
final_loss: 1.1322590112686157
🎯 GUIDANCE STEP 10 (t=922): Loss=1.1323, Rho=315.313751, Grad_norm=0.0032, Final_scale=3153.1375
🚀 APPLYING GUIDANCE at step 11 (timestep=913)
final_loss: 1.1316782236099243
🎯 GUIDANCE STEP 11 (t=913): Loss=1.1317, Rho=339.752258, Grad_norm=0.0029, Final_scale=3397.5226
🚀 APPLYING GUIDANCE at step 12 (timestep=904)
final_loss: 1.1318057775497437
🎯 GUIDANCE STEP 12 (t=904): Loss=1.1318, Rho=348.202240, Grad_norm=0.0029, Final_scale=3482.0224
🚀 APPLYING GUIDANCE at step 13 (timestep=894)
final_loss: 1.1306582689285278
🎯 GUIDANCE STEP 13 (t=894): Loss=1.1307, Rho=349.859680, Grad_norm=0.0029, Final_scale=3498.5968
🚀 APPLYING GUIDANCE at step 14 (timestep=884)
final_loss: 1.1309734582901
🎯 GUIDANCE STEP 14 (t=884): Loss=1.1310, Rho=389.537567, Grad_norm=0.0026, Final_scale=3895.3757
🚀 APPLYING GUIDANCE at step 15 (timestep=874)
final_loss: 1.1313257217407227
🎯 GUIDANCE STEP 15 (t=874): Loss=1.1313, Rho=421.881653, Grad_norm=0.0024, Final_scale=4218.8165
🚀 APPLYING GUIDANCE at step 16 (timestep=864)
final_loss: 1.1303704977035522
🎯 GUIDANCE STEP 16 (t=864): Loss=1.1304, Rho=410.726501, Grad_norm=0.0024, Final_scale=4107.2650
🚀 APPLYING GUIDANCE at step 17 (timestep=853)
final_loss: 1.1309473514556885
🎯 GUIDANCE STEP 17 (t=853): Loss=1.1309, Rho=472.657227, Grad_norm=0.0021, Final_scale=4726.5723
🚀 APPLYING GUIDANCE at step 18 (timestep=841)
final_loss: 1.1296800374984741
🎯 GUIDANCE STEP 18 (t=841): Loss=1.1297, Rho=403.276428, Grad_norm=0.0025, Final_scale=4032.7643
🚀 APPLYING GUIDANCE at step 19 (timestep=829)
final_loss: 1.1304538249969482
🎯 GUIDANCE STEP 19 (t=829): Loss=1.1305, Rho=338.168427, Grad_norm=0.0030, Final_scale=3381.6843
🚀 APPLYING GUIDANCE at step 20 (timestep=817)
final_loss: 1.1299000978469849
🎯 GUIDANCE STEP 20 (t=817): Loss=1.1299, Rho=312.892517, Grad_norm=0.0032, Final_scale=3128.9252
🚀 APPLYING GUIDANCE at step 21 (timestep=805)
final_loss: 1.129614233970642
🎯 GUIDANCE STEP 21 (t=805): Loss=1.1296, Rho=470.156677, Grad_norm=0.0021, Final_scale=4701.5668
🚀 APPLYING GUIDANCE at step 22 (timestep=792)
final_loss: 1.129663348197937
🎯 GUIDANCE STEP 22 (t=792): Loss=1.1297, Rho=484.927704, Grad_norm=0.0021, Final_scale=4849.2770
🚀 APPLYING GUIDANCE at step 23 (timestep=778)
final_loss: 1.1287119388580322
🎯 GUIDANCE STEP 23 (t=778): Loss=1.1287, Rho=467.769348, Grad_norm=0.0021, Final_scale=4677.6935
🚀 APPLYING GUIDANCE at step 24 (timestep=764)
final_loss: 1.1290127038955688
🎯 GUIDANCE STEP 24 (t=764): Loss=1.1290, Rho=448.245880, Grad_norm=0.0022, Final_scale=4482.4588
🚀 APPLYING GUIDANCE at step 25 (timestep=749)
final_loss: 1.1288172006607056
🎯 GUIDANCE STEP 25 (t=749): Loss=1.1288, Rho=524.334045, Grad_norm=0.0019, Final_scale=5243.3405
🚀 APPLYING GUIDANCE at step 26 (timestep=734)
final_loss: 1.1285017728805542
🎯 GUIDANCE STEP 26 (t=734): Loss=1.1285, Rho=445.653046, Grad_norm=0.0022, Final_scale=4456.5305
🚀 APPLYING GUIDANCE at step 27 (timestep=718)
final_loss: 1.1281824111938477
🎯 GUIDANCE STEP 27 (t=718): Loss=1.1282, Rho=577.716858, Grad_norm=0.0017, Final_scale=5777.1686
🚀 APPLYING GUIDANCE at step 28 (timestep=701)
final_loss: 1.1276010274887085
🎯 GUIDANCE STEP 28 (t=701): Loss=1.1276, Rho=352.578888, Grad_norm=0.0028, Final_scale=3525.7889
🚀 APPLYING GUIDANCE at step 29 (timestep=684)
final_loss: 1.1278799772262573
🎯 GUIDANCE STEP 29 (t=684): Loss=1.1279, Rho=499.662018, Grad_norm=0.0020, Final_scale=4996.6202
🚀 APPLYING GUIDANCE at step 30 (timestep=666)
final_loss: 1.1279853582382202
🎯 GUIDANCE STEP 30 (t=666): Loss=1.1280, Rho=344.073761, Grad_norm=0.0029, Final_scale=3440.7376
🚀 APPLYING GUIDANCE at step 31 (timestep=647)
final_loss: 1.1280796527862549
🎯 GUIDANCE STEP 31 (t=647): Loss=1.1281, Rho=427.365387, Grad_norm=0.0023, Final_scale=4273.6539
🚀 APPLYING GUIDANCE at step 32 (timestep=627)
final_loss: 1.1279795169830322
🎯 GUIDANCE STEP 32 (t=627): Loss=1.1280, Rho=624.276733, Grad_norm=0.0016, Final_scale=6242.7673
🚀 APPLYING GUIDANCE at step 33 (timestep=606)
final_loss: 1.1266518831253052
🎯 GUIDANCE STEP 33 (t=606): Loss=1.1267, Rho=537.275269, Grad_norm=0.0019, Final_scale=5372.7527
🚀 APPLYING GUIDANCE at step 34 (timestep=585)
final_loss: 1.12725031375885
🎯 GUIDANCE STEP 34 (t=585): Loss=1.1273, Rho=600.161743, Grad_norm=0.0017, Final_scale=6001.6174
🚀 APPLYING GUIDANCE at step 35 (timestep=562)
final_loss: 1.12661874294281
🎯 GUIDANCE STEP 35 (t=562): Loss=1.1266, Rho=626.829895, Grad_norm=0.0016, Final_scale=6268.2990
🚀 APPLYING GUIDANCE at step 36 (timestep=538)
final_loss: 1.1260615587234497
🎯 GUIDANCE STEP 36 (t=538): Loss=1.1261, Rho=637.810791, Grad_norm=0.0016, Final_scale=6378.1079
🚀 APPLYING GUIDANCE at step 37 (timestep=512)
final_loss: 1.1258076429367065
🎯 GUIDANCE STEP 37 (t=512): Loss=1.1258, Rho=566.658447, Grad_norm=0.0018, Final_scale=5666.5845
🚀 APPLYING GUIDANCE at step 38 (timestep=486)
final_loss: 1.1253184080123901
🎯 GUIDANCE STEP 38 (t=486): Loss=1.1253, Rho=627.155029, Grad_norm=0.0016, Final_scale=6271.5503
🚀 APPLYING GUIDANCE at step 39 (timestep=458)
final_loss: 1.1244311332702637
🎯 GUIDANCE STEP 39 (t=458): Loss=1.1244, Rho=623.141357, Grad_norm=0.0016, Final_scale=6231.4136
🚀 APPLYING GUIDANCE at step 40 (timestep=428)
final_loss: 1.123659372329712
🎯 GUIDANCE STEP 40 (t=428): Loss=1.1237, Rho=529.859314, Grad_norm=0.0019, Final_scale=5298.5931
🚀 APPLYING GUIDANCE at step 41 (timestep=396)
final_loss: 1.1229631900787354
🎯 GUIDANCE STEP 41 (t=396): Loss=1.1230, Rho=538.894958, Grad_norm=0.0019, Final_scale=5388.9496
🚀 APPLYING GUIDANCE at step 42 (timestep=363)
final_loss: 1.1216739416122437
🎯 GUIDANCE STEP 42 (t=363): Loss=1.1217, Rho=533.592590, Grad_norm=0.0019, Final_scale=5335.9259
🚀 APPLYING GUIDANCE at step 43 (timestep=327)
final_loss: 1.1206011772155762
🎯 GUIDANCE STEP 43 (t=327): Loss=1.1206, Rho=485.823273, Grad_norm=0.0021, Final_scale=4858.2327
🚀 APPLYING GUIDANCE at step 44 (timestep=290)
final_loss: 1.1191622018814087
🎯 GUIDANCE STEP 44 (t=290): Loss=1.1192, Rho=545.996338, Grad_norm=0.0018, Final_scale=5459.9634
🚀 APPLYING GUIDANCE at step 45 (timestep=249)
final_loss: 1.1163593530654907
🎯 GUIDANCE STEP 45 (t=249): Loss=1.1164, Rho=342.388153, Grad_norm=0.0029, Final_scale=3423.8815
🚀 APPLYING GUIDANCE at step 46 (timestep=206)
final_loss: 1.1154890060424805
🎯 GUIDANCE STEP 46 (t=206): Loss=1.1155, Rho=487.063538, Grad_norm=0.0021, Final_scale=4870.6354
🚀 APPLYING GUIDANCE at step 47 (timestep=160)
final_loss: 1.1101566553115845
🎯 GUIDANCE STEP 47 (t=160): Loss=1.1102, Rho=462.591980, Grad_norm=0.0022, Final_scale=4625.9198
🚀 APPLYING GUIDANCE at step 48 (timestep=111)
final_loss: 1.104749083518982
🎯 GUIDANCE STEP 48 (t=111): Loss=1.1047, Rho=440.237030, Grad_norm=0.0023, Final_scale=4402.3703
🚀 APPLYING GUIDANCE at step 49 (timestep=57)
final_loss: 1.0946639776229858
🎯 GUIDANCE STEP 49 (t=57): Loss=1.0947, Rho=405.788757, Grad_norm=0.0025, Final_scale=4057.8876
[guidance_f33_s50_w16c8_rho10.0_cfg5.0torch] Generated: generated_videos/subject_consistency/guidance_f33_s50_w16c8_rho10.0_cfg5.0torch/a horse bending down to drink water from a river.mp4
[guidance_f33_s50_w16c8_rho10.0_cfg5.0torch] Generating video 6/9 (guidance): a horse galloping across an open field
🎬 STARTING GUIDANCE PIPELINE GENERATION
   Frames: 33, Steps: 50, CFG Scale: 5.0

🔧 GUIDANCE PIPELINE CONFIGURATION:
   Guidance range: 0 - 1001
   Rho scale: 10.0
   V-JEPA kernel_size: 16
   V-JEPA context_length: 8
   V-JEPA stride: 2
   V-JEPA mode: max
   Total timesteps: 50

🚀 APPLYING GUIDANCE at step 0 (timestep=999)
final_loss: 1.1259115934371948
🎯 GUIDANCE STEP 0 (t=999): Loss=1.1259, Rho=63.184177, Grad_norm=0.0158, Final_scale=631.8418
🚀 APPLYING GUIDANCE at step 1 (timestep=992)
final_loss: 1.1518617868423462
🎯 GUIDANCE STEP 1 (t=992): Loss=1.1519, Rho=130.341904, Grad_norm=0.0077, Final_scale=1303.4190
🚀 APPLYING GUIDANCE at step 2 (timestep=985)
final_loss: 1.1450834274291992
🎯 GUIDANCE STEP 2 (t=985): Loss=1.1451, Rho=188.814926, Grad_norm=0.0053, Final_scale=1888.1493
🚀 APPLYING GUIDANCE at step 3 (timestep=978)
final_loss: 1.1423462629318237
🎯 GUIDANCE STEP 3 (t=978): Loss=1.1423, Rho=200.398376, Grad_norm=0.0050, Final_scale=2003.9838
🚀 APPLYING GUIDANCE at step 4 (timestep=971)
final_loss: 1.1426687240600586
🎯 GUIDANCE STEP 4 (t=971): Loss=1.1427, Rho=177.033997, Grad_norm=0.0056, Final_scale=1770.3400
🚀 APPLYING GUIDANCE at step 5 (timestep=963)
final_loss: 1.1424635648727417
🎯 GUIDANCE STEP 5 (t=963): Loss=1.1425, Rho=243.096863, Grad_norm=0.0041, Final_scale=2430.9686
🚀 APPLYING GUIDANCE at step 6 (timestep=956)
final_loss: 1.1427334547042847
🎯 GUIDANCE STEP 6 (t=956): Loss=1.1427, Rho=381.464386, Grad_norm=0.0026, Final_scale=3814.6439
🚀 APPLYING GUIDANCE at step 7 (timestep=948)
final_loss: 1.1426563262939453
🎯 GUIDANCE STEP 7 (t=948): Loss=1.1427, Rho=397.557770, Grad_norm=0.0025, Final_scale=3975.5777
🚀 APPLYING GUIDANCE at step 8 (timestep=939)
final_loss: 1.1425584554672241
🎯 GUIDANCE STEP 8 (t=939): Loss=1.1426, Rho=414.557648, Grad_norm=0.0024, Final_scale=4145.5765
🚀 APPLYING GUIDANCE at step 9 (timestep=931)
final_loss: 1.1424057483673096
🎯 GUIDANCE STEP 9 (t=931): Loss=1.1424, Rho=442.718933, Grad_norm=0.0023, Final_scale=4427.1893
🚀 APPLYING GUIDANCE at step 10 (timestep=922)
final_loss: 1.1422414779663086
🎯 GUIDANCE STEP 10 (t=922): Loss=1.1422, Rho=496.635193, Grad_norm=0.0020, Final_scale=4966.3519
🚀 APPLYING GUIDANCE at step 11 (timestep=913)
final_loss: 1.1420904397964478
🎯 GUIDANCE STEP 11 (t=913): Loss=1.1421, Rho=462.747162, Grad_norm=0.0022, Final_scale=4627.4716
🚀 APPLYING GUIDANCE at step 12 (timestep=904)
final_loss: 1.1420555114746094
🎯 GUIDANCE STEP 12 (t=904): Loss=1.1421, Rho=519.946960, Grad_norm=0.0019, Final_scale=5199.4696
🚀 APPLYING GUIDANCE at step 13 (timestep=894)
final_loss: 1.1418074369430542
🎯 GUIDANCE STEP 13 (t=894): Loss=1.1418, Rho=357.236786, Grad_norm=0.0028, Final_scale=3572.3679
🚀 APPLYING GUIDANCE at step 14 (timestep=884)
final_loss: 1.1412757635116577
🎯 GUIDANCE STEP 14 (t=884): Loss=1.1413, Rho=293.057922, Grad_norm=0.0034, Final_scale=2930.5792
🚀 APPLYING GUIDANCE at step 15 (timestep=874)
final_loss: 1.1412214040756226
🎯 GUIDANCE STEP 15 (t=874): Loss=1.1412, Rho=372.767639, Grad_norm=0.0027, Final_scale=3727.6764
🚀 APPLYING GUIDANCE at step 16 (timestep=864)
final_loss: 1.1412057876586914
🎯 GUIDANCE STEP 16 (t=864): Loss=1.1412, Rho=471.577118, Grad_norm=0.0021, Final_scale=4715.7712
🚀 APPLYING GUIDANCE at step 17 (timestep=853)
final_loss: 1.1413214206695557
🎯 GUIDANCE STEP 17 (t=853): Loss=1.1413, Rho=503.324219, Grad_norm=0.0020, Final_scale=5033.2422
🚀 APPLYING GUIDANCE at step 18 (timestep=841)
final_loss: 1.1414899826049805
🎯 GUIDANCE STEP 18 (t=841): Loss=1.1415, Rho=545.963989, Grad_norm=0.0018, Final_scale=5459.6399
🚀 APPLYING GUIDANCE at step 19 (timestep=829)
final_loss: 1.1414860486984253
🎯 GUIDANCE STEP 19 (t=829): Loss=1.1415, Rho=572.953674, Grad_norm=0.0017, Final_scale=5729.5367
🚀 APPLYING GUIDANCE at step 20 (timestep=817)
final_loss: 1.1413679122924805
🎯 GUIDANCE STEP 20 (t=817): Loss=1.1414, Rho=682.438599, Grad_norm=0.0015, Final_scale=6824.3860
🚀 APPLYING GUIDANCE at step 21 (timestep=805)
final_loss: 1.1413578987121582
🎯 GUIDANCE STEP 21 (t=805): Loss=1.1414, Rho=602.138062, Grad_norm=0.0017, Final_scale=6021.3806
🚀 APPLYING GUIDANCE at step 22 (timestep=792)
final_loss: 1.1413389444351196
🎯 GUIDANCE STEP 22 (t=792): Loss=1.1413, Rho=776.372803, Grad_norm=0.0013, Final_scale=7763.7280
🚀 APPLYING GUIDANCE at step 23 (timestep=778)
final_loss: 1.1414235830307007
🎯 GUIDANCE STEP 23 (t=778): Loss=1.1414, Rho=811.250305, Grad_norm=0.0012, Final_scale=8112.5031
🚀 APPLYING GUIDANCE at step 24 (timestep=764)
final_loss: 1.1411622762680054
🎯 GUIDANCE STEP 24 (t=764): Loss=1.1412, Rho=796.983948, Grad_norm=0.0013, Final_scale=7969.8395
🚀 APPLYING GUIDANCE at step 25 (timestep=749)
final_loss: 1.1413347721099854
🎯 GUIDANCE STEP 25 (t=749): Loss=1.1413, Rho=792.248474, Grad_norm=0.0013, Final_scale=7922.4847
🚀 APPLYING GUIDANCE at step 26 (timestep=734)
final_loss: 1.1410033702850342
🎯 GUIDANCE STEP 26 (t=734): Loss=1.1410, Rho=836.701965, Grad_norm=0.0012, Final_scale=8367.0197
🚀 APPLYING GUIDANCE at step 27 (timestep=718)
final_loss: 1.1410001516342163
🎯 GUIDANCE STEP 27 (t=718): Loss=1.1410, Rho=991.036926, Grad_norm=0.0010, Final_scale=9910.3693
🚀 APPLYING GUIDANCE at step 28 (timestep=701)
final_loss: 1.140921711921692
🎯 GUIDANCE STEP 28 (t=701): Loss=1.1409, Rho=785.464050, Grad_norm=0.0013, Final_scale=7854.6405
🚀 APPLYING GUIDANCE at step 29 (timestep=684)
final_loss: 1.1409143209457397
🎯 GUIDANCE STEP 29 (t=684): Loss=1.1409, Rho=787.058594, Grad_norm=0.0013, Final_scale=7870.5859
🚀 APPLYING GUIDANCE at step 30 (timestep=666)
final_loss: 1.1409156322479248
🎯 GUIDANCE STEP 30 (t=666): Loss=1.1409, Rho=949.718872, Grad_norm=0.0011, Final_scale=9497.1887
🚀 APPLYING GUIDANCE at step 31 (timestep=647)
final_loss: 1.1409732103347778
🎯 GUIDANCE STEP 31 (t=647): Loss=1.1410, Rho=955.646362, Grad_norm=0.0010, Final_scale=9556.4636
🚀 APPLYING GUIDANCE at step 32 (timestep=627)
final_loss: 1.1408787965774536
🎯 GUIDANCE STEP 32 (t=627): Loss=1.1409, Rho=1062.160645, Grad_norm=0.0009, Final_scale=10621.6064
🚀 APPLYING GUIDANCE at step 33 (timestep=606)
final_loss: 1.1407966613769531
🎯 GUIDANCE STEP 33 (t=606): Loss=1.1408, Rho=1128.125122, Grad_norm=0.0009, Final_scale=11281.2512
🚀 APPLYING GUIDANCE at step 34 (timestep=585)
final_loss: 1.1408393383026123
🎯 GUIDANCE STEP 34 (t=585): Loss=1.1408, Rho=1181.232544, Grad_norm=0.0008, Final_scale=11812.3254
🚀 APPLYING GUIDANCE at step 35 (timestep=562)
final_loss: 1.140829086303711
🎯 GUIDANCE STEP 35 (t=562): Loss=1.1408, Rho=981.848877, Grad_norm=0.0010, Final_scale=9818.4888
🚀 APPLYING GUIDANCE at step 36 (timestep=538)
final_loss: 1.140891432762146
🎯 GUIDANCE STEP 36 (t=538): Loss=1.1409, Rho=1051.490723, Grad_norm=0.0010, Final_scale=10514.9072
🚀 APPLYING GUIDANCE at step 37 (timestep=512)
final_loss: 1.1405794620513916
🎯 GUIDANCE STEP 37 (t=512): Loss=1.1406, Rho=903.236877, Grad_norm=0.0011, Final_scale=9032.3688
🚀 APPLYING GUIDANCE at step 38 (timestep=486)
final_loss: 1.1404469013214111
🎯 GUIDANCE STEP 38 (t=486): Loss=1.1404, Rho=962.317261, Grad_norm=0.0010, Final_scale=9623.1726
🚀 APPLYING GUIDANCE at step 39 (timestep=458)
final_loss: 1.1404664516448975
🎯 GUIDANCE STEP 39 (t=458): Loss=1.1405, Rho=1445.968140, Grad_norm=0.0007, Final_scale=14459.6814
🚀 APPLYING GUIDANCE at step 40 (timestep=428)
final_loss: 1.140330195426941
🎯 GUIDANCE STEP 40 (t=428): Loss=1.1403, Rho=1352.881348, Grad_norm=0.0007, Final_scale=13528.8135
🚀 APPLYING GUIDANCE at step 41 (timestep=396)
final_loss: 1.1402612924575806
🎯 GUIDANCE STEP 41 (t=396): Loss=1.1403, Rho=1707.601807, Grad_norm=0.0006, Final_scale=17076.0181
🚀 APPLYING GUIDANCE at step 42 (timestep=363)
final_loss: 1.1400915384292603
🎯 GUIDANCE STEP 42 (t=363): Loss=1.1401, Rho=1762.533569, Grad_norm=0.0006, Final_scale=17625.3357
🚀 APPLYING GUIDANCE at step 43 (timestep=327)
final_loss: 1.1400469541549683
🎯 GUIDANCE STEP 43 (t=327): Loss=1.1400, Rho=1574.260864, Grad_norm=0.0006, Final_scale=15742.6086
🚀 APPLYING GUIDANCE at step 44 (timestep=290)
final_loss: 1.1398807764053345
🎯 GUIDANCE STEP 44 (t=290): Loss=1.1399, Rho=1766.805176, Grad_norm=0.0006, Final_scale=17668.0518
🚀 APPLYING GUIDANCE at step 45 (timestep=249)
final_loss: 1.1395962238311768
🎯 GUIDANCE STEP 45 (t=249): Loss=1.1396, Rho=1502.303711, Grad_norm=0.0007, Final_scale=15023.0371
🚀 APPLYING GUIDANCE at step 46 (timestep=206)
final_loss: 1.1393293142318726
🎯 GUIDANCE STEP 46 (t=206): Loss=1.1393, Rho=1881.645264, Grad_norm=0.0005, Final_scale=18816.4526
🚀 APPLYING GUIDANCE at step 47 (timestep=160)
final_loss: 1.1384782791137695
🎯 GUIDANCE STEP 47 (t=160): Loss=1.1385, Rho=1451.061523, Grad_norm=0.0007, Final_scale=14510.6152
🚀 APPLYING GUIDANCE at step 48 (timestep=111)
final_loss: 1.1384748220443726
🎯 GUIDANCE STEP 48 (t=111): Loss=1.1385, Rho=1191.978638, Grad_norm=0.0008, Final_scale=11919.7864
🚀 APPLYING GUIDANCE at step 49 (timestep=57)
final_loss: 1.1375983953475952
🎯 GUIDANCE STEP 49 (t=57): Loss=1.1376, Rho=1183.621704, Grad_norm=0.0008, Final_scale=11836.2170
[guidance_f33_s50_w16c8_rho10.0_cfg5.0torch] Generated: generated_videos/subject_consistency/guidance_f33_s50_w16c8_rho10.0_cfg5.0torch/a truck anchored in a tranquil bay.mp4
[guidance_f33_s50_w16c8_rho10.0_cfg5.0torch] Generating video 6/9 (guidance): a truck stuck in traffic during rush hour
🎬 STARTING GUIDANCE PIPELINE GENERATION
   Frames: 33, Steps: 50, CFG Scale: 5.0

🔧 GUIDANCE PIPELINE CONFIGURATION:
   Guidance range: 0 - 1001
   Rho scale: 10.0
   V-JEPA kernel_size: 16
   V-JEPA context_length: 8
   V-JEPA stride: 2
   V-JEPA mode: max
   Total timesteps: 50

🚀 APPLYING GUIDANCE at step 0 (timestep=999)
final_loss: 1.1203457117080688
🎯 GUIDANCE STEP 0 (t=999): Loss=1.1203, Rho=42.744034, Grad_norm=0.0234, Final_scale=427.4403
🚀 APPLYING GUIDANCE at step 1 (timestep=992)
final_loss: 1.1336603164672852
🎯 GUIDANCE STEP 1 (t=992): Loss=1.1337, Rho=133.655655, Grad_norm=0.0075, Final_scale=1336.5565
🚀 APPLYING GUIDANCE at step 2 (timestep=985)
final_loss: 1.13498055934906
🎯 GUIDANCE STEP 2 (t=985): Loss=1.1350, Rho=105.610199, Grad_norm=0.0095, Final_scale=1056.1020
🚀 APPLYING GUIDANCE at step 3 (timestep=978)
final_loss: 1.1275438070297241
🎯 GUIDANCE STEP 3 (t=978): Loss=1.1275, Rho=244.839279, Grad_norm=0.0041, Final_scale=2448.3928
🚀 APPLYING GUIDANCE at step 4 (timestep=971)
final_loss: 1.1273984909057617
🎯 GUIDANCE STEP 4 (t=971): Loss=1.1274, Rho=268.069366, Grad_norm=0.0037, Final_scale=2680.6937
🚀 APPLYING GUIDANCE at step 5 (timestep=963)
final_loss: 1.1302320957183838
🎯 GUIDANCE STEP 5 (t=963): Loss=1.1302, Rho=468.374725, Grad_norm=0.0021, Final_scale=4683.7473
🚀 APPLYING GUIDANCE at step 6 (timestep=956)
final_loss: 1.1311192512512207
🎯 GUIDANCE STEP 6 (t=956): Loss=1.1311, Rho=316.041840, Grad_norm=0.0032, Final_scale=3160.4184
🚀 APPLYING GUIDANCE at step 7 (timestep=948)
final_loss: 1.130682349205017
🎯 GUIDANCE STEP 7 (t=948): Loss=1.1307, Rho=358.268311, Grad_norm=0.0028, Final_scale=3582.6831
🚀 APPLYING GUIDANCE at step 8 (timestep=939)
final_loss: 1.1303733587265015
🎯 GUIDANCE STEP 8 (t=939): Loss=1.1304, Rho=331.676544, Grad_norm=0.0030, Final_scale=3316.7654
🚀 APPLYING GUIDANCE at step 9 (timestep=931)
final_loss: 1.1305307149887085
🎯 GUIDANCE STEP 9 (t=931): Loss=1.1305, Rho=532.572510, Grad_norm=0.0019, Final_scale=5325.7251
🚀 APPLYING GUIDANCE at step 10 (timestep=922)
final_loss: 1.1303542852401733
🎯 GUIDANCE STEP 10 (t=922): Loss=1.1304, Rho=473.491638, Grad_norm=0.0021, Final_scale=4734.9164
🚀 APPLYING GUIDANCE at step 11 (timestep=913)
final_loss: 1.1301063299179077
🎯 GUIDANCE STEP 11 (t=913): Loss=1.1301, Rho=747.758362, Grad_norm=0.0013, Final_scale=7477.5836
🚀 APPLYING GUIDANCE at step 12 (timestep=904)
final_loss: 1.1299036741256714
🎯 GUIDANCE STEP 12 (t=904): Loss=1.1299, Rho=764.471008, Grad_norm=0.0013, Final_scale=7644.7101
🚀 APPLYING GUIDANCE at step 13 (timestep=894)
final_loss: 1.129922866821289
🎯 GUIDANCE STEP 13 (t=894): Loss=1.1299, Rho=726.463989, Grad_norm=0.0014, Final_scale=7264.6399
🚀 APPLYING GUIDANCE at step 14 (timestep=884)
final_loss: 1.1300982236862183
🎯 GUIDANCE STEP 14 (t=884): Loss=1.1301, Rho=865.755066, Grad_norm=0.0012, Final_scale=8657.5507
🚀 APPLYING GUIDANCE at step 15 (timestep=874)
final_loss: 1.1299608945846558
🎯 GUIDANCE STEP 15 (t=874): Loss=1.1300, Rho=771.237671, Grad_norm=0.0013, Final_scale=7712.3767
🚀 APPLYING GUIDANCE at step 16 (timestep=864)
final_loss: 1.129984736442566
🎯 GUIDANCE STEP 16 (t=864): Loss=1.1300, Rho=1087.884399, Grad_norm=0.0009, Final_scale=10878.8440
🚀 APPLYING GUIDANCE at step 17 (timestep=853)
final_loss: 1.1296664476394653
🎯 GUIDANCE STEP 17 (t=853): Loss=1.1297, Rho=969.096130, Grad_norm=0.0010, Final_scale=9690.9613
🚀 APPLYING GUIDANCE at step 18 (timestep=841)
final_loss: 1.1299431324005127
🎯 GUIDANCE STEP 18 (t=841): Loss=1.1299, Rho=937.192017, Grad_norm=0.0011, Final_scale=9371.9202
🚀 APPLYING GUIDANCE at step 19 (timestep=829)
final_loss: 1.129974603652954
🎯 GUIDANCE STEP 19 (t=829): Loss=1.1300, Rho=974.788513, Grad_norm=0.0010, Final_scale=9747.8851
🚀 APPLYING GUIDANCE at step 20 (timestep=817)
final_loss: 1.1299095153808594
🎯 GUIDANCE STEP 20 (t=817): Loss=1.1299, Rho=913.809631, Grad_norm=0.0011, Final_scale=9138.0963
🚀 APPLYING GUIDANCE at step 21 (timestep=805)
final_loss: 1.1300265789031982
🎯 GUIDANCE STEP 21 (t=805): Loss=1.1300, Rho=859.436157, Grad_norm=0.0012, Final_scale=8594.3616
🚀 APPLYING GUIDANCE at step 22 (timestep=792)
final_loss: 1.1298654079437256
🎯 GUIDANCE STEP 22 (t=792): Loss=1.1299, Rho=1000.673279, Grad_norm=0.0010, Final_scale=10006.7328
🚀 APPLYING GUIDANCE at step 23 (timestep=778)
final_loss: 1.1299364566802979
🎯 GUIDANCE STEP 23 (t=778): Loss=1.1299, Rho=1088.775635, Grad_norm=0.0009, Final_scale=10887.7563
🚀 APPLYING GUIDANCE at step 24 (timestep=764)
final_loss: 1.1298872232437134
🎯 GUIDANCE STEP 24 (t=764): Loss=1.1299, Rho=1083.980957, Grad_norm=0.0009, Final_scale=10839.8096
🚀 APPLYING GUIDANCE at step 25 (timestep=749)
final_loss: 1.1298656463623047
🎯 GUIDANCE STEP 25 (t=749): Loss=1.1299, Rho=736.403992, Grad_norm=0.0014, Final_scale=7364.0399
🚀 APPLYING GUIDANCE at step 26 (timestep=734)
final_loss: 1.1298333406448364
🎯 GUIDANCE STEP 26 (t=734): Loss=1.1298, Rho=1194.310059, Grad_norm=0.0008, Final_scale=11943.1006
🚀 APPLYING GUIDANCE at step 27 (timestep=718)
final_loss: 1.1298611164093018
🎯 GUIDANCE STEP 27 (t=718): Loss=1.1299, Rho=1264.759644, Grad_norm=0.0008, Final_scale=12647.5964
🚀 APPLYING GUIDANCE at step 28 (timestep=701)
final_loss: 1.129787802696228
🎯 GUIDANCE STEP 28 (t=701): Loss=1.1298, Rho=821.227478, Grad_norm=0.0012, Final_scale=8212.2748
🚀 APPLYING GUIDANCE at step 29 (timestep=684)
final_loss: 1.1297030448913574
🎯 GUIDANCE STEP 29 (t=684): Loss=1.1297, Rho=736.548035, Grad_norm=0.0014, Final_scale=7365.4803
🚀 APPLYING GUIDANCE at step 30 (timestep=666)
final_loss: 1.129661202430725
🎯 GUIDANCE STEP 30 (t=666): Loss=1.1297, Rho=970.210999, Grad_norm=0.0010, Final_scale=9702.1100
🚀 APPLYING GUIDANCE at step 31 (timestep=647)
final_loss: 1.1299346685409546
🎯 GUIDANCE STEP 31 (t=647): Loss=1.1299, Rho=567.083801, Grad_norm=0.0018, Final_scale=5670.8380
🚀 APPLYING GUIDANCE at step 32 (timestep=627)
final_loss: 1.1297909021377563
🎯 GUIDANCE STEP 32 (t=627): Loss=1.1298, Rho=621.692200, Grad_norm=0.0016, Final_scale=6216.9220
🚀 APPLYING GUIDANCE at step 33 (timestep=606)
final_loss: 1.1296732425689697
🎯 GUIDANCE STEP 33 (t=606): Loss=1.1297, Rho=1270.858643, Grad_norm=0.0008, Final_scale=12708.5864
🚀 APPLYING GUIDANCE at step 34 (timestep=585)
final_loss: 1.1296155452728271
🎯 GUIDANCE STEP 34 (t=585): Loss=1.1296, Rho=522.121094, Grad_norm=0.0019, Final_scale=5221.2109
🚀 APPLYING GUIDANCE at step 35 (timestep=562)
final_loss: 1.1295766830444336
🎯 GUIDANCE STEP 35 (t=562): Loss=1.1296, Rho=872.529297, Grad_norm=0.0011, Final_scale=8725.2930
🚀 APPLYING GUIDANCE at step 36 (timestep=538)
final_loss: 1.1295181512832642
🎯 GUIDANCE STEP 36 (t=538): Loss=1.1295, Rho=1251.417236, Grad_norm=0.0008, Final_scale=12514.1724
🚀 APPLYING GUIDANCE at step 37 (timestep=512)
final_loss: 1.129346489906311
🎯 GUIDANCE STEP 37 (t=512): Loss=1.1293, Rho=1152.441406, Grad_norm=0.0009, Final_scale=11524.4141
🚀 APPLYING GUIDANCE at step 38 (timestep=486)
final_loss: 1.1295558214187622
🎯 GUIDANCE STEP 38 (t=486): Loss=1.1296, Rho=1397.679443, Grad_norm=0.0007, Final_scale=13976.7944
🚀 APPLYING GUIDANCE at step 39 (timestep=458)
final_loss: 1.1292344331741333
🎯 GUIDANCE STEP 39 (t=458): Loss=1.1292, Rho=1359.375610, Grad_norm=0.0007, Final_scale=13593.7561
🚀 APPLYING GUIDANCE at step 40 (timestep=428)
final_loss: 1.1293152570724487
🎯 GUIDANCE STEP 40 (t=428): Loss=1.1293, Rho=1047.436035, Grad_norm=0.0010, Final_scale=10474.3604
🚀 APPLYING GUIDANCE at step 41 (timestep=396)
final_loss: 1.129309058189392
🎯 GUIDANCE STEP 41 (t=396): Loss=1.1293, Rho=1494.233521, Grad_norm=0.0007, Final_scale=14942.3352
🚀 APPLYING GUIDANCE at step 42 (timestep=363)
final_loss: 1.1291019916534424
🎯 GUIDANCE STEP 42 (t=363): Loss=1.1291, Rho=1650.689087, Grad_norm=0.0006, Final_scale=16506.8909
🚀 APPLYING GUIDANCE at step 43 (timestep=327)
final_loss: 1.1291979551315308
🎯 GUIDANCE STEP 43 (t=327): Loss=1.1292, Rho=1150.403198, Grad_norm=0.0009, Final_scale=11504.0320
🚀 APPLYING GUIDANCE at step 44 (timestep=290)
final_loss: 1.1289860010147095
🎯 GUIDANCE STEP 44 (t=290): Loss=1.1290, Rho=1725.825562, Grad_norm=0.0006, Final_scale=17258.2556
🚀 APPLYING GUIDANCE at step 45 (timestep=249)
final_loss: 1.128953218460083
🎯 GUIDANCE STEP 45 (t=249): Loss=1.1290, Rho=2032.352905, Grad_norm=0.0005, Final_scale=20323.5291
🚀 APPLYING GUIDANCE at step 46 (timestep=206)
final_loss: 1.1288301944732666
🎯 GUIDANCE STEP 46 (t=206): Loss=1.1288, Rho=1416.020874, Grad_norm=0.0007, Final_scale=14160.2087
🚀 APPLYING GUIDANCE at step 47 (timestep=160)
final_loss: 1.1286156177520752
🎯 GUIDANCE STEP 47 (t=160): Loss=1.1286, Rho=1369.705566, Grad_norm=0.0007, Final_scale=13697.0557
🚀 APPLYING GUIDANCE at step 48 (timestep=111)
final_loss: 1.1285772323608398
🎯 GUIDANCE STEP 48 (t=111): Loss=1.1286, Rho=1613.328613, Grad_norm=0.0006, Final_scale=16133.2861
🚀 APPLYING GUIDANCE at step 49 (timestep=57)
final_loss: 1.1278355121612549
🎯 GUIDANCE STEP 49 (t=57): Loss=1.1278, Rho=1477.635010, Grad_norm=0.0007, Final_scale=14776.3501
[guidance_f33_s50_w16c8_rho10.0_cfg5.0torch] Generated: generated_videos/subject_consistency/guidance_f33_s50_w16c8_rho10.0_cfg5.0torch/a cat grooming itself meticulously with its tongue.mp4
[guidance_f33_s50_w16c8_rho10.0_cfg5.0torch] Generating video 7/9 (guidance): a cat playing in park
🎬 STARTING GUIDANCE PIPELINE GENERATION
   Frames: 33, Steps: 50, CFG Scale: 5.0

🔧 GUIDANCE PIPELINE CONFIGURATION:
   Guidance range: 0 - 1001
   Rho scale: 10.0
   V-JEPA kernel_size: 16
   V-JEPA context_length: 8
   V-JEPA stride: 2
   V-JEPA mode: max
   Total timesteps: 50

🚀 APPLYING GUIDANCE at step 0 (timestep=999)
final_loss: 1.119696855545044
🎯 GUIDANCE STEP 0 (t=999): Loss=1.1197, Rho=90.298302, Grad_norm=0.0111, Final_scale=902.9830
🚀 APPLYING GUIDANCE at step 1 (timestep=992)
final_loss: 1.110190510749817
🎯 GUIDANCE STEP 1 (t=992): Loss=1.1102, Rho=42.372810, Grad_norm=0.0236, Final_scale=423.7281
🚀 APPLYING GUIDANCE at step 2 (timestep=985)
final_loss: 1.130670189857483
🎯 GUIDANCE STEP 2 (t=985): Loss=1.1307, Rho=269.949066, Grad_norm=0.0037, Final_scale=2699.4907
🚀 APPLYING GUIDANCE at step 3 (timestep=978)
final_loss: 1.1327059268951416
🎯 GUIDANCE STEP 3 (t=978): Loss=1.1327, Rho=273.219940, Grad_norm=0.0037, Final_scale=2732.1994
🚀 APPLYING GUIDANCE at step 4 (timestep=971)
final_loss: 1.1328485012054443
🎯 GUIDANCE STEP 4 (t=971): Loss=1.1328, Rho=244.169250, Grad_norm=0.0041, Final_scale=2441.6925
🚀 APPLYING GUIDANCE at step 5 (timestep=963)
final_loss: 1.1328037977218628
🎯 GUIDANCE STEP 5 (t=963): Loss=1.1328, Rho=157.943817, Grad_norm=0.0063, Final_scale=1579.4382
🚀 APPLYING GUIDANCE at step 6 (timestep=956)
final_loss: 1.1340128183364868
🎯 GUIDANCE STEP 6 (t=956): Loss=1.1340, Rho=330.230042, Grad_norm=0.0030, Final_scale=3302.3004
🚀 APPLYING GUIDANCE at step 7 (timestep=948)
final_loss: 1.1343497037887573
🎯 GUIDANCE STEP 7 (t=948): Loss=1.1343, Rho=344.353699, Grad_norm=0.0029, Final_scale=3443.5370
🚀 APPLYING GUIDANCE at step 8 (timestep=939)
final_loss: 1.1344107389450073
🎯 GUIDANCE STEP 8 (t=939): Loss=1.1344, Rho=253.903366, Grad_norm=0.0039, Final_scale=2539.0337
🚀 APPLYING GUIDANCE at step 9 (timestep=931)
final_loss: 1.134333610534668
🎯 GUIDANCE STEP 9 (t=931): Loss=1.1343, Rho=395.913635, Grad_norm=0.0025, Final_scale=3959.1364
🚀 APPLYING GUIDANCE at step 10 (timestep=922)
final_loss: 1.1342228651046753
🎯 GUIDANCE STEP 10 (t=922): Loss=1.1342, Rho=361.026031, Grad_norm=0.0028, Final_scale=3610.2603
🚀 APPLYING GUIDANCE at step 11 (timestep=913)
final_loss: 1.134393572807312
🎯 GUIDANCE STEP 11 (t=913): Loss=1.1344, Rho=433.176086, Grad_norm=0.0023, Final_scale=4331.7609
🚀 APPLYING GUIDANCE at step 12 (timestep=904)
final_loss: 1.1348730325698853
🎯 GUIDANCE STEP 12 (t=904): Loss=1.1349, Rho=406.427704, Grad_norm=0.0025, Final_scale=4064.2770
🚀 APPLYING GUIDANCE at step 13 (timestep=894)
final_loss: 1.1350246667861938
🎯 GUIDANCE STEP 13 (t=894): Loss=1.1350, Rho=475.186157, Grad_norm=0.0021, Final_scale=4751.8616
🚀 APPLYING GUIDANCE at step 14 (timestep=884)
final_loss: 1.1349159479141235
🎯 GUIDANCE STEP 14 (t=884): Loss=1.1349, Rho=432.182343, Grad_norm=0.0023, Final_scale=4321.8234
🚀 APPLYING GUIDANCE at step 15 (timestep=874)
final_loss: 1.1343787908554077
🎯 GUIDANCE STEP 15 (t=874): Loss=1.1344, Rho=379.190948, Grad_norm=0.0026, Final_scale=3791.9095
🚀 APPLYING GUIDANCE at step 16 (timestep=864)
final_loss: 1.1341004371643066
🎯 GUIDANCE STEP 16 (t=864): Loss=1.1341, Rho=431.342529, Grad_norm=0.0023, Final_scale=4313.4253
🚀 APPLYING GUIDANCE at step 17 (timestep=853)
final_loss: 1.1341936588287354
🎯 GUIDANCE STEP 17 (t=853): Loss=1.1342, Rho=501.783447, Grad_norm=0.0020, Final_scale=5017.8345
🚀 APPLYING GUIDANCE at step 18 (timestep=841)
final_loss: 1.1340619325637817
🎯 GUIDANCE STEP 18 (t=841): Loss=1.1341, Rho=418.541199, Grad_norm=0.0024, Final_scale=4185.4120
🚀 APPLYING GUIDANCE at step 19 (timestep=829)
final_loss: 1.1338945627212524
🎯 GUIDANCE STEP 19 (t=829): Loss=1.1339, Rho=581.791077, Grad_norm=0.0017, Final_scale=5817.9108
🚀 APPLYING GUIDANCE at step 20 (timestep=817)
final_loss: 1.1339952945709229
🎯 GUIDANCE STEP 20 (t=817): Loss=1.1340, Rho=591.544739, Grad_norm=0.0017, Final_scale=5915.4474
🚀 APPLYING GUIDANCE at step 21 (timestep=805)
final_loss: 1.1341192722320557
🎯 GUIDANCE STEP 21 (t=805): Loss=1.1341, Rho=743.280701, Grad_norm=0.0013, Final_scale=7432.8070
🚀 APPLYING GUIDANCE at step 22 (timestep=792)
final_loss: 1.1341042518615723
🎯 GUIDANCE STEP 22 (t=792): Loss=1.1341, Rho=739.271729, Grad_norm=0.0014, Final_scale=7392.7173
🚀 APPLYING GUIDANCE at step 23 (timestep=778)
final_loss: 1.1339479684829712
🎯 GUIDANCE STEP 23 (t=778): Loss=1.1339, Rho=683.373047, Grad_norm=0.0015, Final_scale=6833.7305
🚀 APPLYING GUIDANCE at step 24 (timestep=764)
final_loss: 1.1340845823287964
🎯 GUIDANCE STEP 24 (t=764): Loss=1.1341, Rho=582.135498, Grad_norm=0.0017, Final_scale=5821.3550
🚀 APPLYING GUIDANCE at step 25 (timestep=749)
final_loss: 1.1340872049331665
🎯 GUIDANCE STEP 25 (t=749): Loss=1.1341, Rho=607.175598, Grad_norm=0.0016, Final_scale=6071.7560
🚀 APPLYING GUIDANCE at step 26 (timestep=734)
final_loss: 1.1340254545211792
🎯 GUIDANCE STEP 26 (t=734): Loss=1.1340, Rho=795.862183, Grad_norm=0.0013, Final_scale=7958.6218
🚀 APPLYING GUIDANCE at step 27 (timestep=718)
final_loss: 1.1338493824005127
🎯 GUIDANCE STEP 27 (t=718): Loss=1.1338, Rho=727.346619, Grad_norm=0.0014, Final_scale=7273.4662
🚀 APPLYING GUIDANCE at step 28 (timestep=701)
final_loss: 1.1339199542999268
🎯 GUIDANCE STEP 28 (t=701): Loss=1.1339, Rho=740.399353, Grad_norm=0.0014, Final_scale=7403.9935
🚀 APPLYING GUIDANCE at step 29 (timestep=684)
final_loss: 1.1338557004928589
🎯 GUIDANCE STEP 29 (t=684): Loss=1.1339, Rho=868.824829, Grad_norm=0.0012, Final_scale=8688.2483
🚀 APPLYING GUIDANCE at step 30 (timestep=666)
final_loss: 1.1335903406143188
🎯 GUIDANCE STEP 30 (t=666): Loss=1.1336, Rho=991.968079, Grad_norm=0.0010, Final_scale=9919.6808
🚀 APPLYING GUIDANCE at step 31 (timestep=647)
final_loss: 1.1336158514022827
🎯 GUIDANCE STEP 31 (t=647): Loss=1.1336, Rho=571.066772, Grad_norm=0.0018, Final_scale=5710.6677
🚀 APPLYING GUIDANCE at step 32 (timestep=627)
final_loss: 1.1339157819747925
🎯 GUIDANCE STEP 32 (t=627): Loss=1.1339, Rho=415.208252, Grad_norm=0.0024, Final_scale=4152.0825
🚀 APPLYING GUIDANCE at step 33 (timestep=606)
final_loss: 1.133779764175415
🎯 GUIDANCE STEP 33 (t=606): Loss=1.1338, Rho=745.892334, Grad_norm=0.0013, Final_scale=7458.9233
🚀 APPLYING GUIDANCE at step 34 (timestep=585)
final_loss: 1.1337629556655884
🎯 GUIDANCE STEP 34 (t=585): Loss=1.1338, Rho=650.413940, Grad_norm=0.0015, Final_scale=6504.1394
🚀 APPLYING GUIDANCE at step 35 (timestep=562)
final_loss: 1.133670449256897
🎯 GUIDANCE STEP 35 (t=562): Loss=1.1337, Rho=986.064758, Grad_norm=0.0010, Final_scale=9860.6476
🚀 APPLYING GUIDANCE at step 36 (timestep=538)
final_loss: 1.133388638496399
🎯 GUIDANCE STEP 36 (t=538): Loss=1.1334, Rho=1024.256958, Grad_norm=0.0010, Final_scale=10242.5696
🚀 APPLYING GUIDANCE at step 37 (timestep=512)
final_loss: 1.133413553237915
🎯 GUIDANCE STEP 37 (t=512): Loss=1.1334, Rho=385.396454, Grad_norm=0.0026, Final_scale=3853.9645
🚀 APPLYING GUIDANCE at step 38 (timestep=486)
final_loss: 1.1334539651870728
🎯 GUIDANCE STEP 38 (t=486): Loss=1.1335, Rho=708.665039, Grad_norm=0.0014, Final_scale=7086.6504
🚀 APPLYING GUIDANCE at step 39 (timestep=458)
final_loss: 1.133453130722046
🎯 GUIDANCE STEP 39 (t=458): Loss=1.1335, Rho=1009.065369, Grad_norm=0.0010, Final_scale=10090.6537
🚀 APPLYING GUIDANCE at step 40 (timestep=428)
final_loss: 1.1334203481674194
🎯 GUIDANCE STEP 40 (t=428): Loss=1.1334, Rho=472.782471, Grad_norm=0.0021, Final_scale=4727.8247
🚀 APPLYING GUIDANCE at step 41 (timestep=396)
final_loss: 1.1333478689193726
🎯 GUIDANCE STEP 41 (t=396): Loss=1.1333, Rho=746.351074, Grad_norm=0.0013, Final_scale=7463.5107
🚀 APPLYING GUIDANCE at step 42 (timestep=363)
final_loss: 1.1332569122314453
🎯 GUIDANCE STEP 42 (t=363): Loss=1.1333, Rho=422.762726, Grad_norm=0.0024, Final_scale=4227.6273
🚀 APPLYING GUIDANCE at step 43 (timestep=327)
final_loss: 1.1331795454025269
🎯 GUIDANCE STEP 43 (t=327): Loss=1.1332, Rho=1193.988403, Grad_norm=0.0008, Final_scale=11939.8840
🚀 APPLYING GUIDANCE at step 44 (timestep=290)
final_loss: 1.132942795753479
🎯 GUIDANCE STEP 44 (t=290): Loss=1.1329, Rho=1769.413086, Grad_norm=0.0006, Final_scale=17694.1309
🚀 APPLYING GUIDANCE at step 45 (timestep=249)
final_loss: 1.133000373840332
🎯 GUIDANCE STEP 45 (t=249): Loss=1.1330, Rho=1428.743286, Grad_norm=0.0007, Final_scale=14287.4329
🚀 APPLYING GUIDANCE at step 46 (timestep=206)
final_loss: 1.1326231956481934
🎯 GUIDANCE STEP 46 (t=206): Loss=1.1326, Rho=1170.885620, Grad_norm=0.0009, Final_scale=11708.8562
🚀 APPLYING GUIDANCE at step 47 (timestep=160)
final_loss: 1.1326106786727905
🎯 GUIDANCE STEP 47 (t=160): Loss=1.1326, Rho=1247.899658, Grad_norm=0.0008, Final_scale=12478.9966
🚀 APPLYING GUIDANCE at step 48 (timestep=111)
final_loss: 1.1320606470108032
🎯 GUIDANCE STEP 48 (t=111): Loss=1.1321, Rho=1389.412598, Grad_norm=0.0007, Final_scale=13894.1260
🚀 APPLYING GUIDANCE at step 49 (timestep=57)
final_loss: 1.131306767463684
🎯 GUIDANCE STEP 49 (t=57): Loss=1.1313, Rho=1039.270508, Grad_norm=0.0010, Final_scale=10392.7051
[guidance_f33_s50_w16c8_rho10.0_cfg5.0torch] Generated: generated_videos/subject_consistency/guidance_f33_s50_w16c8_rho10.0_cfg5.0torch/a zebra taking a peaceful walk.mp4
[guidance_f33_s50_w16c8_rho10.0_cfg5.0torch] Generating video 7/9 (guidance): a giraffe bending down to drink water from a river
🎬 STARTING GUIDANCE PIPELINE GENERATION
   Frames: 33, Steps: 50, CFG Scale: 5.0

🔧 GUIDANCE PIPELINE CONFIGURATION:
   Guidance range: 0 - 1001
   Rho scale: 10.0
   V-JEPA kernel_size: 16
   V-JEPA context_length: 8
   V-JEPA stride: 2
   V-JEPA mode: max
   Total timesteps: 50

🚀 APPLYING GUIDANCE at step 0 (timestep=999)
final_loss: 1.1319149732589722
🎯 GUIDANCE STEP 0 (t=999): Loss=1.1319, Rho=48.176224, Grad_norm=0.0208, Final_scale=481.7622
🚀 APPLYING GUIDANCE at step 1 (timestep=992)
final_loss: 1.1464227437973022
🎯 GUIDANCE STEP 1 (t=992): Loss=1.1464, Rho=57.091850, Grad_norm=0.0175, Final_scale=570.9185
🚀 APPLYING GUIDANCE at step 2 (timestep=985)
final_loss: 1.147335171699524
🎯 GUIDANCE STEP 2 (t=985): Loss=1.1473, Rho=325.968719, Grad_norm=0.0031, Final_scale=3259.6872
🚀 APPLYING GUIDANCE at step 3 (timestep=978)
final_loss: 1.1452068090438843
🎯 GUIDANCE STEP 3 (t=978): Loss=1.1452, Rho=525.425293, Grad_norm=0.0019, Final_scale=5254.2529
🚀 APPLYING GUIDANCE at step 4 (timestep=971)
final_loss: 1.1448147296905518
🎯 GUIDANCE STEP 4 (t=971): Loss=1.1448, Rho=623.817505, Grad_norm=0.0016, Final_scale=6238.1750
🚀 APPLYING GUIDANCE at step 5 (timestep=963)
final_loss: 1.1435868740081787
🎯 GUIDANCE STEP 5 (t=963): Loss=1.1436, Rho=399.879547, Grad_norm=0.0025, Final_scale=3998.7955
🚀 APPLYING GUIDANCE at step 6 (timestep=956)
final_loss: 1.1449884176254272
🎯 GUIDANCE STEP 6 (t=956): Loss=1.1450, Rho=307.680145, Grad_norm=0.0033, Final_scale=3076.8015
🚀 APPLYING GUIDANCE at step 7 (timestep=948)
final_loss: 1.1441045999526978
🎯 GUIDANCE STEP 7 (t=948): Loss=1.1441, Rho=576.728882, Grad_norm=0.0017, Final_scale=5767.2888
🚀 APPLYING GUIDANCE at step 8 (timestep=939)
final_loss: 1.1440081596374512
🎯 GUIDANCE STEP 8 (t=939): Loss=1.1440, Rho=784.107422, Grad_norm=0.0013, Final_scale=7841.0742
🚀 APPLYING GUIDANCE at step 9 (timestep=931)
final_loss: 1.1439223289489746
🎯 GUIDANCE STEP 9 (t=931): Loss=1.1439, Rho=736.002441, Grad_norm=0.0014, Final_scale=7360.0244
🚀 APPLYING GUIDANCE at step 10 (timestep=922)
final_loss: 1.1439672708511353
🎯 GUIDANCE STEP 10 (t=922): Loss=1.1440, Rho=863.672913, Grad_norm=0.0012, Final_scale=8636.7291
🚀 APPLYING GUIDANCE at step 11 (timestep=913)
final_loss: 1.1440380811691284
🎯 GUIDANCE STEP 11 (t=913): Loss=1.1440, Rho=802.128235, Grad_norm=0.0012, Final_scale=8021.2823
🚀 APPLYING GUIDANCE at step 12 (timestep=904)
final_loss: 1.1438716650009155
🎯 GUIDANCE STEP 12 (t=904): Loss=1.1439, Rho=781.881470, Grad_norm=0.0013, Final_scale=7818.8147
🚀 APPLYING GUIDANCE at step 13 (timestep=894)
final_loss: 1.1438658237457275
🎯 GUIDANCE STEP 13 (t=894): Loss=1.1439, Rho=948.656799, Grad_norm=0.0011, Final_scale=9486.5680
🚀 APPLYING GUIDANCE at step 14 (timestep=884)
final_loss: 1.1437182426452637
🎯 GUIDANCE STEP 14 (t=884): Loss=1.1437, Rho=900.374023, Grad_norm=0.0011, Final_scale=9003.7402
🚀 APPLYING GUIDANCE at step 15 (timestep=874)
final_loss: 1.1436378955841064
🎯 GUIDANCE STEP 15 (t=874): Loss=1.1436, Rho=970.250427, Grad_norm=0.0010, Final_scale=9702.5043
🚀 APPLYING GUIDANCE at step 16 (timestep=864)
final_loss: 1.143628478050232
🎯 GUIDANCE STEP 16 (t=864): Loss=1.1436, Rho=943.893860, Grad_norm=0.0011, Final_scale=9438.9386
🚀 APPLYING GUIDANCE at step 17 (timestep=853)
final_loss: 1.1436034440994263
🎯 GUIDANCE STEP 17 (t=853): Loss=1.1436, Rho=1092.029175, Grad_norm=0.0009, Final_scale=10920.2917
🚀 APPLYING GUIDANCE at step 18 (timestep=841)
final_loss: 1.1434515714645386
🎯 GUIDANCE STEP 18 (t=841): Loss=1.1435, Rho=971.515991, Grad_norm=0.0010, Final_scale=9715.1599
🚀 APPLYING GUIDANCE at step 19 (timestep=829)
final_loss: 1.1435177326202393
🎯 GUIDANCE STEP 19 (t=829): Loss=1.1435, Rho=1379.067993, Grad_norm=0.0007, Final_scale=13790.6799
🚀 APPLYING GUIDANCE at step 20 (timestep=817)
final_loss: 1.1434049606323242
🎯 GUIDANCE STEP 20 (t=817): Loss=1.1434, Rho=1407.842163, Grad_norm=0.0007, Final_scale=14078.4216
🚀 APPLYING GUIDANCE at step 21 (timestep=805)
final_loss: 1.143314003944397
🎯 GUIDANCE STEP 21 (t=805): Loss=1.1433, Rho=1321.970703, Grad_norm=0.0008, Final_scale=13219.7070
🚀 APPLYING GUIDANCE at step 22 (timestep=792)
final_loss: 1.1433812379837036
🎯 GUIDANCE STEP 22 (t=792): Loss=1.1434, Rho=1357.402344, Grad_norm=0.0007, Final_scale=13574.0234
🚀 APPLYING GUIDANCE at step 23 (timestep=778)
final_loss: 1.143559455871582
🎯 GUIDANCE STEP 23 (t=778): Loss=1.1436, Rho=1315.706299, Grad_norm=0.0008, Final_scale=13157.0630
🚀 APPLYING GUIDANCE at step 24 (timestep=764)
final_loss: 1.1435167789459229
🎯 GUIDANCE STEP 24 (t=764): Loss=1.1435, Rho=1474.158936, Grad_norm=0.0007, Final_scale=14741.5894
🚀 APPLYING GUIDANCE at step 25 (timestep=749)
final_loss: 1.1434701681137085
🎯 GUIDANCE STEP 25 (t=749): Loss=1.1435, Rho=1655.371826, Grad_norm=0.0006, Final_scale=16553.7183
🚀 APPLYING GUIDANCE at step 26 (timestep=734)
final_loss: 1.143384337425232
🎯 GUIDANCE STEP 26 (t=734): Loss=1.1434, Rho=1726.002075, Grad_norm=0.0006, Final_scale=17260.0208
🚀 APPLYING GUIDANCE at step 27 (timestep=718)
final_loss: 1.1433924436569214
🎯 GUIDANCE STEP 27 (t=718): Loss=1.1434, Rho=1624.580078, Grad_norm=0.0006, Final_scale=16245.8008
🚀 APPLYING GUIDANCE at step 28 (timestep=701)
final_loss: 1.1433552503585815
🎯 GUIDANCE STEP 28 (t=701): Loss=1.1434, Rho=1761.870117, Grad_norm=0.0006, Final_scale=17618.7012
🚀 APPLYING GUIDANCE at step 29 (timestep=684)
final_loss: 1.1433743238449097
🎯 GUIDANCE STEP 29 (t=684): Loss=1.1434, Rho=1506.389282, Grad_norm=0.0007, Final_scale=15063.8928
🚀 APPLYING GUIDANCE at step 30 (timestep=666)
final_loss: 1.1434186697006226
🎯 GUIDANCE STEP 30 (t=666): Loss=1.1434, Rho=2051.565186, Grad_norm=0.0005, Final_scale=20515.6519
🚀 APPLYING GUIDANCE at step 31 (timestep=647)
final_loss: 1.1432161331176758
🎯 GUIDANCE STEP 31 (t=647): Loss=1.1432, Rho=1499.839355, Grad_norm=0.0007, Final_scale=14998.3936
🚀 APPLYING GUIDANCE at step 32 (timestep=627)
final_loss: 1.1433987617492676
🎯 GUIDANCE STEP 32 (t=627): Loss=1.1434, Rho=2053.436768, Grad_norm=0.0005, Final_scale=20534.3677
🚀 APPLYING GUIDANCE at step 33 (timestep=606)
final_loss: 1.1432470083236694
🎯 GUIDANCE STEP 33 (t=606): Loss=1.1432, Rho=2247.860107, Grad_norm=0.0004, Final_scale=22478.6011
🚀 APPLYING GUIDANCE at step 34 (timestep=585)
final_loss: 1.1431938409805298
🎯 GUIDANCE STEP 34 (t=585): Loss=1.1432, Rho=2112.175293, Grad_norm=0.0005, Final_scale=21121.7529
🚀 APPLYING GUIDANCE at step 35 (timestep=562)
final_loss: 1.1432188749313354
🎯 GUIDANCE STEP 35 (t=562): Loss=1.1432, Rho=2136.549561, Grad_norm=0.0005, Final_scale=21365.4956
🚀 APPLYING GUIDANCE at step 36 (timestep=538)
final_loss: 1.1431446075439453
🎯 GUIDANCE STEP 36 (t=538): Loss=1.1431, Rho=2807.351074, Grad_norm=0.0004, Final_scale=28073.5107
🚀 APPLYING GUIDANCE at step 37 (timestep=512)
final_loss: 1.1431670188903809
🎯 GUIDANCE STEP 37 (t=512): Loss=1.1432, Rho=1868.279541, Grad_norm=0.0005, Final_scale=18682.7954
🚀 APPLYING GUIDANCE at step 38 (timestep=486)
final_loss: 1.1431115865707397
🎯 GUIDANCE STEP 38 (t=486): Loss=1.1431, Rho=3473.171387, Grad_norm=0.0003, Final_scale=34731.7139
🚀 APPLYING GUIDANCE at step 39 (timestep=458)
final_loss: 1.1430789232254028
🎯 GUIDANCE STEP 39 (t=458): Loss=1.1431, Rho=2394.065430, Grad_norm=0.0004, Final_scale=23940.6543
🚀 APPLYING GUIDANCE at step 40 (timestep=428)
final_loss: 1.1430647373199463
🎯 GUIDANCE STEP 40 (t=428): Loss=1.1431, Rho=3421.674561, Grad_norm=0.0003, Final_scale=34216.7456
🚀 APPLYING GUIDANCE at step 41 (timestep=396)
final_loss: 1.1429485082626343
🎯 GUIDANCE STEP 41 (t=396): Loss=1.1429, Rho=3090.324219, Grad_norm=0.0003, Final_scale=30903.2422
🚀 APPLYING GUIDANCE at step 42 (timestep=363)
final_loss: 1.1427961587905884
🎯 GUIDANCE STEP 42 (t=363): Loss=1.1428, Rho=3816.373047, Grad_norm=0.0003, Final_scale=38163.7305
🚀 APPLYING GUIDANCE at step 43 (timestep=327)
final_loss: 1.1428669691085815
🎯 GUIDANCE STEP 43 (t=327): Loss=1.1429, Rho=3667.618408, Grad_norm=0.0003, Final_scale=36676.1841
🚀 APPLYING GUIDANCE at step 44 (timestep=290)
final_loss: 1.1428346633911133
🎯 GUIDANCE STEP 44 (t=290): Loss=1.1428, Rho=3693.257324, Grad_norm=0.0003, Final_scale=36932.5732
🚀 APPLYING GUIDANCE at step 45 (timestep=249)
final_loss: 1.1429420709609985
🎯 GUIDANCE STEP 45 (t=249): Loss=1.1429, Rho=3449.239502, Grad_norm=0.0003, Final_scale=34492.3950
🚀 APPLYING GUIDANCE at step 46 (timestep=206)
final_loss: 1.1426876783370972
🎯 GUIDANCE STEP 46 (t=206): Loss=1.1427, Rho=4073.984131, Grad_norm=0.0002, Final_scale=40739.8413
🚀 APPLYING GUIDANCE at step 47 (timestep=160)
final_loss: 1.142578363418579
🎯 GUIDANCE STEP 47 (t=160): Loss=1.1426, Rho=3897.105957, Grad_norm=0.0003, Final_scale=38971.0596
🚀 APPLYING GUIDANCE at step 48 (timestep=111)
final_loss: 1.142337679862976
🎯 GUIDANCE STEP 48 (t=111): Loss=1.1423, Rho=2881.413574, Grad_norm=0.0003, Final_scale=28814.1357
🚀 APPLYING GUIDANCE at step 49 (timestep=57)
final_loss: 1.1422216892242432
🎯 GUIDANCE STEP 49 (t=57): Loss=1.1422, Rho=2878.465332, Grad_norm=0.0003, Final_scale=28784.6533
[guidance_f33_s50_w16c8_rho10.0_cfg5.0torch] Generated: generated_videos/subject_consistency/guidance_f33_s50_w16c8_rho10.0_cfg5.0torch/a car accelerating to gain speed.mp4
[guidance_f33_s50_w16c8_rho10.0_cfg5.0torch] Generating video 7/9 (guidance): a motorcycle cruising along a coastal highway
🎬 STARTING GUIDANCE PIPELINE GENERATION
   Frames: 33, Steps: 50, CFG Scale: 5.0

🔧 GUIDANCE PIPELINE CONFIGURATION:
   Guidance range: 0 - 1001
   Rho scale: 10.0
   V-JEPA kernel_size: 16
   V-JEPA context_length: 8
   V-JEPA stride: 2
   V-JEPA mode: max
   Total timesteps: 50

🚀 APPLYING GUIDANCE at step 0 (timestep=999)
final_loss: 1.1340386867523193
🎯 GUIDANCE STEP 0 (t=999): Loss=1.1340, Rho=185.275909, Grad_norm=0.0054, Final_scale=1852.7591
🚀 APPLYING GUIDANCE at step 1 (timestep=992)
final_loss: 1.14653480052948
🎯 GUIDANCE STEP 1 (t=992): Loss=1.1465, Rho=91.010643, Grad_norm=0.0110, Final_scale=910.1064
🚀 APPLYING GUIDANCE at step 2 (timestep=985)
final_loss: 1.1429446935653687
🎯 GUIDANCE STEP 2 (t=985): Loss=1.1429, Rho=177.495316, Grad_norm=0.0056, Final_scale=1774.9532
🚀 APPLYING GUIDANCE at step 3 (timestep=978)
final_loss: 1.1470013856887817
🎯 GUIDANCE STEP 3 (t=978): Loss=1.1470, Rho=224.060684, Grad_norm=0.0045, Final_scale=2240.6068
🚀 APPLYING GUIDANCE at step 4 (timestep=971)
final_loss: 1.1458796262741089
🎯 GUIDANCE STEP 4 (t=971): Loss=1.1459, Rho=278.530853, Grad_norm=0.0036, Final_scale=2785.3085
🚀 APPLYING GUIDANCE at step 5 (timestep=963)
final_loss: 1.146410346031189
🎯 GUIDANCE STEP 5 (t=963): Loss=1.1464, Rho=299.967712, Grad_norm=0.0033, Final_scale=2999.6771
🚀 APPLYING GUIDANCE at step 6 (timestep=956)
final_loss: 1.1462312936782837
🎯 GUIDANCE STEP 6 (t=956): Loss=1.1462, Rho=301.780579, Grad_norm=0.0033, Final_scale=3017.8058
🚀 APPLYING GUIDANCE at step 7 (timestep=948)
final_loss: 1.1465494632720947
🎯 GUIDANCE STEP 7 (t=948): Loss=1.1465, Rho=694.125732, Grad_norm=0.0014, Final_scale=6941.2573
🚀 APPLYING GUIDANCE at step 8 (timestep=939)
final_loss: 1.1465131044387817
🎯 GUIDANCE STEP 8 (t=939): Loss=1.1465, Rho=704.333984, Grad_norm=0.0014, Final_scale=7043.3398
🚀 APPLYING GUIDANCE at step 9 (timestep=931)
final_loss: 1.1463748216629028
🎯 GUIDANCE STEP 9 (t=931): Loss=1.1464, Rho=759.256348, Grad_norm=0.0013, Final_scale=7592.5635
🚀 APPLYING GUIDANCE at step 10 (timestep=922)
final_loss: 1.146164894104004
🎯 GUIDANCE STEP 10 (t=922): Loss=1.1462, Rho=497.350922, Grad_norm=0.0020, Final_scale=4973.5092
🚀 APPLYING GUIDANCE at step 11 (timestep=913)
final_loss: 1.1460437774658203
🎯 GUIDANCE STEP 11 (t=913): Loss=1.1460, Rho=701.530518, Grad_norm=0.0014, Final_scale=7015.3052
🚀 APPLYING GUIDANCE at step 12 (timestep=904)
final_loss: 1.1463645696640015
🎯 GUIDANCE STEP 12 (t=904): Loss=1.1464, Rho=757.344116, Grad_norm=0.0013, Final_scale=7573.4412
🚀 APPLYING GUIDANCE at step 13 (timestep=894)
final_loss: 1.1460727453231812
🎯 GUIDANCE STEP 13 (t=894): Loss=1.1461, Rho=467.292480, Grad_norm=0.0021, Final_scale=4672.9248
🚀 APPLYING GUIDANCE at step 14 (timestep=884)
final_loss: 1.1460256576538086
🎯 GUIDANCE STEP 14 (t=884): Loss=1.1460, Rho=990.299561, Grad_norm=0.0010, Final_scale=9902.9956
🚀 APPLYING GUIDANCE at step 15 (timestep=874)
final_loss: 1.1459810733795166
🎯 GUIDANCE STEP 15 (t=874): Loss=1.1460, Rho=718.913635, Grad_norm=0.0014, Final_scale=7189.1364
🚀 APPLYING GUIDANCE at step 16 (timestep=864)
final_loss: 1.1459687948226929
🎯 GUIDANCE STEP 16 (t=864): Loss=1.1460, Rho=880.773010, Grad_norm=0.0011, Final_scale=8807.7301
🚀 APPLYING GUIDANCE at step 17 (timestep=853)
final_loss: 1.145805835723877
🎯 GUIDANCE STEP 17 (t=853): Loss=1.1458, Rho=927.040955, Grad_norm=0.0011, Final_scale=9270.4095
🚀 APPLYING GUIDANCE at step 18 (timestep=841)
final_loss: 1.145789384841919
🎯 GUIDANCE STEP 18 (t=841): Loss=1.1458, Rho=927.908386, Grad_norm=0.0011, Final_scale=9279.0839
🚀 APPLYING GUIDANCE at step 19 (timestep=829)
final_loss: 1.1457023620605469
🎯 GUIDANCE STEP 19 (t=829): Loss=1.1457, Rho=973.147888, Grad_norm=0.0010, Final_scale=9731.4789
🚀 APPLYING GUIDANCE at step 20 (timestep=817)
final_loss: 1.1458061933517456
🎯 GUIDANCE STEP 20 (t=817): Loss=1.1458, Rho=807.787720, Grad_norm=0.0012, Final_scale=8077.8772
🚀 APPLYING GUIDANCE at step 21 (timestep=805)
final_loss: 1.1456091403961182
🎯 GUIDANCE STEP 21 (t=805): Loss=1.1456, Rho=1028.954712, Grad_norm=0.0010, Final_scale=10289.5471
🚀 APPLYING GUIDANCE at step 22 (timestep=792)
final_loss: 1.1460059881210327
🎯 GUIDANCE STEP 22 (t=792): Loss=1.1460, Rho=974.684265, Grad_norm=0.0010, Final_scale=9746.8427
🚀 APPLYING GUIDANCE at step 23 (timestep=778)
final_loss: 1.1458876132965088
🎯 GUIDANCE STEP 23 (t=778): Loss=1.1459, Rho=627.788574, Grad_norm=0.0016, Final_scale=6277.8857
🚀 APPLYING GUIDANCE at step 24 (timestep=764)
final_loss: 1.1456708908081055
🎯 GUIDANCE STEP 24 (t=764): Loss=1.1457, Rho=608.193542, Grad_norm=0.0016, Final_scale=6081.9354
🚀 APPLYING GUIDANCE at step 25 (timestep=749)
final_loss: 1.1456633806228638
🎯 GUIDANCE STEP 25 (t=749): Loss=1.1457, Rho=1144.339600, Grad_norm=0.0009, Final_scale=11443.3960
🚀 APPLYING GUIDANCE at step 26 (timestep=734)
final_loss: 1.1456547975540161
🎯 GUIDANCE STEP 26 (t=734): Loss=1.1457, Rho=992.376953, Grad_norm=0.0010, Final_scale=9923.7695
🚀 APPLYING GUIDANCE at step 27 (timestep=718)
final_loss: 1.1453934907913208
🎯 GUIDANCE STEP 27 (t=718): Loss=1.1454, Rho=1005.456360, Grad_norm=0.0010, Final_scale=10054.5636
🚀 APPLYING GUIDANCE at step 28 (timestep=701)
final_loss: 1.1455336809158325
🎯 GUIDANCE STEP 28 (t=701): Loss=1.1455, Rho=1082.309082, Grad_norm=0.0009, Final_scale=10823.0908
🚀 APPLYING GUIDANCE at step 29 (timestep=684)
final_loss: 1.145471215248108
🎯 GUIDANCE STEP 29 (t=684): Loss=1.1455, Rho=784.414856, Grad_norm=0.0013, Final_scale=7844.1486
🚀 APPLYING GUIDANCE at step 30 (timestep=666)
final_loss: 1.1457266807556152
🎯 GUIDANCE STEP 30 (t=666): Loss=1.1457, Rho=901.739258, Grad_norm=0.0011, Final_scale=9017.3926
🚀 APPLYING GUIDANCE at step 31 (timestep=647)
final_loss: 1.1457985639572144
🎯 GUIDANCE STEP 31 (t=647): Loss=1.1458, Rho=939.078857, Grad_norm=0.0011, Final_scale=9390.7886
🚀 APPLYING GUIDANCE at step 32 (timestep=627)
final_loss: 1.1454956531524658
🎯 GUIDANCE STEP 32 (t=627): Loss=1.1455, Rho=1138.723145, Grad_norm=0.0009, Final_scale=11387.2314
🚀 APPLYING GUIDANCE at step 33 (timestep=606)
final_loss: 1.1454931497573853
🎯 GUIDANCE STEP 33 (t=606): Loss=1.1455, Rho=1191.709351, Grad_norm=0.0008, Final_scale=11917.0935
🚀 APPLYING GUIDANCE at step 34 (timestep=585)
final_loss: 1.1453622579574585
🎯 GUIDANCE STEP 34 (t=585): Loss=1.1454, Rho=1011.657654, Grad_norm=0.0010, Final_scale=10116.5765
🚀 APPLYING GUIDANCE at step 35 (timestep=562)
final_loss: 1.1452137231826782
🎯 GUIDANCE STEP 35 (t=562): Loss=1.1452, Rho=1375.845825, Grad_norm=0.0007, Final_scale=13758.4583
🚀 APPLYING GUIDANCE at step 36 (timestep=538)
final_loss: 1.145021677017212
🎯 GUIDANCE STEP 36 (t=538): Loss=1.1450, Rho=1345.449829, Grad_norm=0.0007, Final_scale=13454.4983
🚀 APPLYING GUIDANCE at step 37 (timestep=512)
final_loss: 1.145052433013916
🎯 GUIDANCE STEP 37 (t=512): Loss=1.1451, Rho=1344.336670, Grad_norm=0.0007, Final_scale=13443.3667
🚀 APPLYING GUIDANCE at step 38 (timestep=486)
final_loss: 1.1449873447418213
🎯 GUIDANCE STEP 38 (t=486): Loss=1.1450, Rho=1453.279541, Grad_norm=0.0007, Final_scale=14532.7954
🚀 APPLYING GUIDANCE at step 39 (timestep=458)
final_loss: 1.144964575767517
🎯 GUIDANCE STEP 39 (t=458): Loss=1.1450, Rho=1464.755737, Grad_norm=0.0007, Final_scale=14647.5574
🚀 APPLYING GUIDANCE at step 40 (timestep=428)
final_loss: 1.1447705030441284
🎯 GUIDANCE STEP 40 (t=428): Loss=1.1448, Rho=1467.771484, Grad_norm=0.0007, Final_scale=14677.7148
🚀 APPLYING GUIDANCE at step 41 (timestep=396)
final_loss: 1.1446409225463867
🎯 GUIDANCE STEP 41 (t=396): Loss=1.1446, Rho=1460.190186, Grad_norm=0.0007, Final_scale=14601.9019
🚀 APPLYING GUIDANCE at step 42 (timestep=363)
final_loss: 1.144307017326355
🎯 GUIDANCE STEP 42 (t=363): Loss=1.1443, Rho=1567.964355, Grad_norm=0.0006, Final_scale=15679.6436
🚀 APPLYING GUIDANCE at step 43 (timestep=327)
final_loss: 1.1443922519683838
🎯 GUIDANCE STEP 43 (t=327): Loss=1.1444, Rho=1410.747314, Grad_norm=0.0007, Final_scale=14107.4731
🚀 APPLYING GUIDANCE at step 44 (timestep=290)
final_loss: 1.1441434621810913
🎯 GUIDANCE STEP 44 (t=290): Loss=1.1441, Rho=1644.868042, Grad_norm=0.0006, Final_scale=16448.6804
🚀 APPLYING GUIDANCE at step 45 (timestep=249)
final_loss: 1.1438769102096558
🎯 GUIDANCE STEP 45 (t=249): Loss=1.1439, Rho=1199.547607, Grad_norm=0.0008, Final_scale=11995.4761
🚀 APPLYING GUIDANCE at step 46 (timestep=206)
final_loss: 1.1436153650283813
🎯 GUIDANCE STEP 46 (t=206): Loss=1.1436, Rho=1129.868408, Grad_norm=0.0009, Final_scale=11298.6841
🚀 APPLYING GUIDANCE at step 47 (timestep=160)
final_loss: 1.1431849002838135
🎯 GUIDANCE STEP 47 (t=160): Loss=1.1432, Rho=1159.813354, Grad_norm=0.0009, Final_scale=11598.1335
🚀 APPLYING GUIDANCE at step 48 (timestep=111)
final_loss: 1.1429561376571655
🎯 GUIDANCE STEP 48 (t=111): Loss=1.1430, Rho=878.858398, Grad_norm=0.0011, Final_scale=8788.5840
🚀 APPLYING GUIDANCE at step 49 (timestep=57)
final_loss: 1.1427288055419922
🎯 GUIDANCE STEP 49 (t=57): Loss=1.1427, Rho=994.457214, Grad_norm=0.0010, Final_scale=9944.5721
[guidance_f33_s50_w16c8_rho10.0_cfg5.0torch] Generated: generated_videos/subject_consistency/guidance_f33_s50_w16c8_rho10.0_cfg5.0torch/a person drinking coffee in a cafe.mp4
[guidance_f33_s50_w16c8_rho10.0_cfg5.0torch] Generating video 7/9 (guidance): a person playing guitar
🎬 STARTING GUIDANCE PIPELINE GENERATION
   Frames: 33, Steps: 50, CFG Scale: 5.0

🔧 GUIDANCE PIPELINE CONFIGURATION:
   Guidance range: 0 - 1001
   Rho scale: 10.0
   V-JEPA kernel_size: 16
   V-JEPA context_length: 8
   V-JEPA stride: 2
   V-JEPA mode: max
   Total timesteps: 50

🚀 APPLYING GUIDANCE at step 0 (timestep=999)
final_loss: 1.130279779434204
🎯 GUIDANCE STEP 0 (t=999): Loss=1.1303, Rho=150.098145, Grad_norm=0.0067, Final_scale=1500.9814
🚀 APPLYING GUIDANCE at step 1 (timestep=992)
final_loss: 1.1362617015838623
🎯 GUIDANCE STEP 1 (t=992): Loss=1.1363, Rho=77.370934, Grad_norm=0.0129, Final_scale=773.7093
🚀 APPLYING GUIDANCE at step 2 (timestep=985)
final_loss: 1.1366548538208008
🎯 GUIDANCE STEP 2 (t=985): Loss=1.1367, Rho=87.548508, Grad_norm=0.0114, Final_scale=875.4851
🚀 APPLYING GUIDANCE at step 3 (timestep=978)
final_loss: 1.1324888467788696
🎯 GUIDANCE STEP 3 (t=978): Loss=1.1325, Rho=270.297485, Grad_norm=0.0037, Final_scale=2702.9749
🚀 APPLYING GUIDANCE at step 4 (timestep=971)
final_loss: 1.1314960718154907
🎯 GUIDANCE STEP 4 (t=971): Loss=1.1315, Rho=264.817688, Grad_norm=0.0038, Final_scale=2648.1769
🚀 APPLYING GUIDANCE at step 5 (timestep=963)
final_loss: 1.1311933994293213
🎯 GUIDANCE STEP 5 (t=963): Loss=1.1312, Rho=416.298492, Grad_norm=0.0024, Final_scale=4162.9849
🚀 APPLYING GUIDANCE at step 6 (timestep=956)
final_loss: 1.1313492059707642
🎯 GUIDANCE STEP 6 (t=956): Loss=1.1313, Rho=422.519012, Grad_norm=0.0024, Final_scale=4225.1901
🚀 APPLYING GUIDANCE at step 7 (timestep=948)
final_loss: 1.1311856508255005
🎯 GUIDANCE STEP 7 (t=948): Loss=1.1312, Rho=446.379242, Grad_norm=0.0022, Final_scale=4463.7924
🚀 APPLYING GUIDANCE at step 8 (timestep=939)
final_loss: 1.1314457654953003
🎯 GUIDANCE STEP 8 (t=939): Loss=1.1314, Rho=451.751892, Grad_norm=0.0022, Final_scale=4517.5189
🚀 APPLYING GUIDANCE at step 9 (timestep=931)
final_loss: 1.1317163705825806
🎯 GUIDANCE STEP 9 (t=931): Loss=1.1317, Rho=479.290771, Grad_norm=0.0021, Final_scale=4792.9077
🚀 APPLYING GUIDANCE at step 10 (timestep=922)
final_loss: 1.1316763162612915
🎯 GUIDANCE STEP 10 (t=922): Loss=1.1317, Rho=450.449799, Grad_norm=0.0022, Final_scale=4504.4980
🚀 APPLYING GUIDANCE at step 11 (timestep=913)
final_loss: 1.1315408945083618
🎯 GUIDANCE STEP 11 (t=913): Loss=1.1315, Rho=501.545624, Grad_norm=0.0020, Final_scale=5015.4562
🚀 APPLYING GUIDANCE at step 12 (timestep=904)
final_loss: 1.1315211057662964
🎯 GUIDANCE STEP 12 (t=904): Loss=1.1315, Rho=438.549225, Grad_norm=0.0023, Final_scale=4385.4922
🚀 APPLYING GUIDANCE at step 13 (timestep=894)
final_loss: 1.131252646446228
🎯 GUIDANCE STEP 13 (t=894): Loss=1.1313, Rho=360.547028, Grad_norm=0.0028, Final_scale=3605.4703
🚀 APPLYING GUIDANCE at step 14 (timestep=884)
final_loss: 1.1311407089233398
🎯 GUIDANCE STEP 14 (t=884): Loss=1.1311, Rho=399.210480, Grad_norm=0.0025, Final_scale=3992.1048
🚀 APPLYING GUIDANCE at step 15 (timestep=874)
final_loss: 1.1310513019561768
🎯 GUIDANCE STEP 15 (t=874): Loss=1.1311, Rho=394.171021, Grad_norm=0.0025, Final_scale=3941.7102
🚀 APPLYING GUIDANCE at step 16 (timestep=864)
final_loss: 1.131235122680664
🎯 GUIDANCE STEP 16 (t=864): Loss=1.1312, Rho=386.871124, Grad_norm=0.0026, Final_scale=3868.7112
🚀 APPLYING GUIDANCE at step 17 (timestep=853)
final_loss: 1.1313170194625854
🎯 GUIDANCE STEP 17 (t=853): Loss=1.1313, Rho=303.325562, Grad_norm=0.0033, Final_scale=3033.2556
🚀 APPLYING GUIDANCE at step 18 (timestep=841)
final_loss: 1.1312938928604126
🎯 GUIDANCE STEP 18 (t=841): Loss=1.1313, Rho=336.398315, Grad_norm=0.0030, Final_scale=3363.9832
🚀 APPLYING GUIDANCE at step 19 (timestep=829)
final_loss: 1.1312463283538818
🎯 GUIDANCE STEP 19 (t=829): Loss=1.1312, Rho=378.639923, Grad_norm=0.0026, Final_scale=3786.3992
🚀 APPLYING GUIDANCE at step 20 (timestep=817)
final_loss: 1.1311463117599487
🎯 GUIDANCE STEP 20 (t=817): Loss=1.1311, Rho=250.721008, Grad_norm=0.0040, Final_scale=2507.2101
🚀 APPLYING GUIDANCE at step 21 (timestep=805)
final_loss: 1.131099820137024
🎯 GUIDANCE STEP 21 (t=805): Loss=1.1311, Rho=147.801529, Grad_norm=0.0068, Final_scale=1478.0153
🚀 APPLYING GUIDANCE at step 22 (timestep=792)
final_loss: 1.1312381029129028
🎯 GUIDANCE STEP 22 (t=792): Loss=1.1312, Rho=356.960510, Grad_norm=0.0028, Final_scale=3569.6051
🚀 APPLYING GUIDANCE at step 23 (timestep=778)
final_loss: 1.1311516761779785
🎯 GUIDANCE STEP 23 (t=778): Loss=1.1312, Rho=320.914093, Grad_norm=0.0031, Final_scale=3209.1409
🚀 APPLYING GUIDANCE at step 24 (timestep=764)
final_loss: 1.1312110424041748
🎯 GUIDANCE STEP 24 (t=764): Loss=1.1312, Rho=292.158691, Grad_norm=0.0034, Final_scale=2921.5869
🚀 APPLYING GUIDANCE at step 25 (timestep=749)
final_loss: 1.1313456296920776
🎯 GUIDANCE STEP 25 (t=749): Loss=1.1313, Rho=335.669617, Grad_norm=0.0030, Final_scale=3356.6962
🚀 APPLYING GUIDANCE at step 26 (timestep=734)
final_loss: 1.1310501098632812
🎯 GUIDANCE STEP 26 (t=734): Loss=1.1311, Rho=292.824249, Grad_norm=0.0034, Final_scale=2928.2425
🚀 APPLYING GUIDANCE at step 27 (timestep=718)
final_loss: 1.1310747861862183
🎯 GUIDANCE STEP 27 (t=718): Loss=1.1311, Rho=345.187317, Grad_norm=0.0029, Final_scale=3451.8732
🚀 APPLYING GUIDANCE at step 28 (timestep=701)
final_loss: 1.1309672594070435
🎯 GUIDANCE STEP 28 (t=701): Loss=1.1310, Rho=284.676453, Grad_norm=0.0035, Final_scale=2846.7645
🚀 APPLYING GUIDANCE at step 29 (timestep=684)
final_loss: 1.130980134010315
🎯 GUIDANCE STEP 29 (t=684): Loss=1.1310, Rho=306.144440, Grad_norm=0.0033, Final_scale=3061.4444
🚀 APPLYING GUIDANCE at step 30 (timestep=666)
final_loss: 1.1310838460922241
🎯 GUIDANCE STEP 30 (t=666): Loss=1.1311, Rho=158.034088, Grad_norm=0.0063, Final_scale=1580.3409
🚀 APPLYING GUIDANCE at step 31 (timestep=647)
final_loss: 1.1311960220336914
🎯 GUIDANCE STEP 31 (t=647): Loss=1.1312, Rho=240.314697, Grad_norm=0.0042, Final_scale=2403.1470
🚀 APPLYING GUIDANCE at step 32 (timestep=627)
final_loss: 1.1310030221939087
🎯 GUIDANCE STEP 32 (t=627): Loss=1.1310, Rho=232.952713, Grad_norm=0.0043, Final_scale=2329.5271
🚀 APPLYING GUIDANCE at step 33 (timestep=606)
final_loss: 1.1311362981796265
🎯 GUIDANCE STEP 33 (t=606): Loss=1.1311, Rho=311.727783, Grad_norm=0.0032, Final_scale=3117.2778
🚀 APPLYING GUIDANCE at step 34 (timestep=585)
final_loss: 1.1310410499572754
🎯 GUIDANCE STEP 34 (t=585): Loss=1.1310, Rho=286.672699, Grad_norm=0.0035, Final_scale=2866.7270
🚀 APPLYING GUIDANCE at step 35 (timestep=562)
final_loss: 1.1310368776321411
🎯 GUIDANCE STEP 35 (t=562): Loss=1.1310, Rho=76.523766, Grad_norm=0.0131, Final_scale=765.2377
🚀 APPLYING GUIDANCE at step 36 (timestep=538)
final_loss: 1.1311944723129272
🎯 GUIDANCE STEP 36 (t=538): Loss=1.1312, Rho=140.252686, Grad_norm=0.0071, Final_scale=1402.5269
🚀 APPLYING GUIDANCE at step 37 (timestep=512)
final_loss: 1.1312130689620972
🎯 GUIDANCE STEP 37 (t=512): Loss=1.1312, Rho=270.969452, Grad_norm=0.0037, Final_scale=2709.6945
🚀 APPLYING GUIDANCE at step 38 (timestep=486)
final_loss: 1.1311800479888916
🎯 GUIDANCE STEP 38 (t=486): Loss=1.1312, Rho=253.591125, Grad_norm=0.0039, Final_scale=2535.9113
🚀 APPLYING GUIDANCE at step 39 (timestep=458)
final_loss: 1.1310548782348633
🎯 GUIDANCE STEP 39 (t=458): Loss=1.1311, Rho=276.495361, Grad_norm=0.0036, Final_scale=2764.9536
🚀 APPLYING GUIDANCE at step 40 (timestep=428)
final_loss: 1.1311190128326416
🎯 GUIDANCE STEP 40 (t=428): Loss=1.1311, Rho=321.423584, Grad_norm=0.0031, Final_scale=3214.2358
🚀 APPLYING GUIDANCE at step 41 (timestep=396)
final_loss: 1.1312748193740845
🎯 GUIDANCE STEP 41 (t=396): Loss=1.1313, Rho=270.461700, Grad_norm=0.0037, Final_scale=2704.6170
🚀 APPLYING GUIDANCE at step 42 (timestep=363)
final_loss: 1.131187081336975
🎯 GUIDANCE STEP 42 (t=363): Loss=1.1312, Rho=223.242523, Grad_norm=0.0045, Final_scale=2232.4252
🚀 APPLYING GUIDANCE at step 43 (timestep=327)
final_loss: 1.1312941312789917
🎯 GUIDANCE STEP 43 (t=327): Loss=1.1313, Rho=274.187836, Grad_norm=0.0036, Final_scale=2741.8784
🚀 APPLYING GUIDANCE at step 44 (timestep=290)
final_loss: 1.1311707496643066
🎯 GUIDANCE STEP 44 (t=290): Loss=1.1312, Rho=338.346741, Grad_norm=0.0030, Final_scale=3383.4674
🚀 APPLYING GUIDANCE at step 45 (timestep=249)
final_loss: 1.131170392036438
🎯 GUIDANCE STEP 45 (t=249): Loss=1.1312, Rho=518.392029, Grad_norm=0.0019, Final_scale=5183.9203
🚀 APPLYING GUIDANCE at step 46 (timestep=206)
final_loss: 1.130940318107605
🎯 GUIDANCE STEP 46 (t=206): Loss=1.1309, Rho=735.505371, Grad_norm=0.0014, Final_scale=7355.0537
🚀 APPLYING GUIDANCE at step 47 (timestep=160)
final_loss: 1.1306592226028442
🎯 GUIDANCE STEP 47 (t=160): Loss=1.1307, Rho=944.130920, Grad_norm=0.0011, Final_scale=9441.3092
🚀 APPLYING GUIDANCE at step 48 (timestep=111)
final_loss: 1.1301196813583374
🎯 GUIDANCE STEP 48 (t=111): Loss=1.1301, Rho=1020.020386, Grad_norm=0.0010, Final_scale=10200.2039
🚀 APPLYING GUIDANCE at step 49 (timestep=57)
final_loss: 1.1295311450958252
🎯 GUIDANCE STEP 49 (t=57): Loss=1.1295, Rho=1116.426636, Grad_norm=0.0009, Final_scale=11164.2664
[guidance_f33_s50_w16c8_rho10.0_cfg5.0torch] Generated: generated_videos/subject_consistency/guidance_f33_s50_w16c8_rho10.0_cfg5.0torch/a horse galloping across an open field.mp4
[guidance_f33_s50_w16c8_rho10.0_cfg5.0torch] Generating video 7/9 (guidance): a horse taking a peaceful walk
🎬 STARTING GUIDANCE PIPELINE GENERATION
   Frames: 33, Steps: 50, CFG Scale: 5.0

🔧 GUIDANCE PIPELINE CONFIGURATION:
   Guidance range: 0 - 1001
   Rho scale: 10.0
   V-JEPA kernel_size: 16
   V-JEPA context_length: 8
   V-JEPA stride: 2
   V-JEPA mode: max
   Total timesteps: 50

🚀 APPLYING GUIDANCE at step 0 (timestep=999)
final_loss: 1.1190956830978394
🎯 GUIDANCE STEP 0 (t=999): Loss=1.1191, Rho=89.060646, Grad_norm=0.0112, Final_scale=890.6065
🚀 APPLYING GUIDANCE at step 1 (timestep=992)
final_loss: 1.1511605978012085
🎯 GUIDANCE STEP 1 (t=992): Loss=1.1512, Rho=102.126724, Grad_norm=0.0098, Final_scale=1021.2672
🚀 APPLYING GUIDANCE at step 2 (timestep=985)
final_loss: 1.148441195487976
🎯 GUIDANCE STEP 2 (t=985): Loss=1.1484, Rho=149.922104, Grad_norm=0.0067, Final_scale=1499.2210
🚀 APPLYING GUIDANCE at step 3 (timestep=978)
final_loss: 1.1510075330734253
🎯 GUIDANCE STEP 3 (t=978): Loss=1.1510, Rho=182.518600, Grad_norm=0.0055, Final_scale=1825.1860
🚀 APPLYING GUIDANCE at step 4 (timestep=971)
final_loss: 1.1497989892959595
🎯 GUIDANCE STEP 4 (t=971): Loss=1.1498, Rho=275.157074, Grad_norm=0.0036, Final_scale=2751.5707
🚀 APPLYING GUIDANCE at step 5 (timestep=963)
final_loss: 1.1492668390274048
🎯 GUIDANCE STEP 5 (t=963): Loss=1.1493, Rho=255.691589, Grad_norm=0.0039, Final_scale=2556.9159
🚀 APPLYING GUIDANCE at step 6 (timestep=956)
final_loss: 1.1495652198791504
🎯 GUIDANCE STEP 6 (t=956): Loss=1.1496, Rho=513.820557, Grad_norm=0.0019, Final_scale=5138.2056
🚀 APPLYING GUIDANCE at step 7 (timestep=948)
final_loss: 1.1495271921157837
🎯 GUIDANCE STEP 7 (t=948): Loss=1.1495, Rho=420.119385, Grad_norm=0.0024, Final_scale=4201.1938
🚀 APPLYING GUIDANCE at step 8 (timestep=939)
final_loss: 1.1494568586349487
🎯 GUIDANCE STEP 8 (t=939): Loss=1.1495, Rho=495.971375, Grad_norm=0.0020, Final_scale=4959.7137
🚀 APPLYING GUIDANCE at step 9 (timestep=931)
final_loss: 1.149596095085144
🎯 GUIDANCE STEP 9 (t=931): Loss=1.1496, Rho=492.392639, Grad_norm=0.0020, Final_scale=4923.9264
🚀 APPLYING GUIDANCE at step 10 (timestep=922)
final_loss: 1.1492290496826172
🎯 GUIDANCE STEP 10 (t=922): Loss=1.1492, Rho=580.847351, Grad_norm=0.0017, Final_scale=5808.4735
🚀 APPLYING GUIDANCE at step 11 (timestep=913)
final_loss: 1.1491469144821167
🎯 GUIDANCE STEP 11 (t=913): Loss=1.1491, Rho=776.284729, Grad_norm=0.0013, Final_scale=7762.8473
🚀 APPLYING GUIDANCE at step 12 (timestep=904)
final_loss: 1.1491059064865112
🎯 GUIDANCE STEP 12 (t=904): Loss=1.1491, Rho=771.663879, Grad_norm=0.0013, Final_scale=7716.6388
🚀 APPLYING GUIDANCE at step 13 (timestep=894)
final_loss: 1.1491724252700806
🎯 GUIDANCE STEP 13 (t=894): Loss=1.1492, Rho=784.569336, Grad_norm=0.0013, Final_scale=7845.6934
🚀 APPLYING GUIDANCE at step 14 (timestep=884)
final_loss: 1.1489924192428589
🎯 GUIDANCE STEP 14 (t=884): Loss=1.1490, Rho=746.147400, Grad_norm=0.0013, Final_scale=7461.4740
🚀 APPLYING GUIDANCE at step 15 (timestep=874)
final_loss: 1.1488550901412964
🎯 GUIDANCE STEP 15 (t=874): Loss=1.1489, Rho=824.727173, Grad_norm=0.0012, Final_scale=8247.2717
🚀 APPLYING GUIDANCE at step 16 (timestep=864)
final_loss: 1.1486624479293823
🎯 GUIDANCE STEP 16 (t=864): Loss=1.1487, Rho=985.338257, Grad_norm=0.0010, Final_scale=9853.3826
🚀 APPLYING GUIDANCE at step 17 (timestep=853)
final_loss: 1.1486514806747437
🎯 GUIDANCE STEP 17 (t=853): Loss=1.1487, Rho=1181.487793, Grad_norm=0.0008, Final_scale=11814.8779
🚀 APPLYING GUIDANCE at step 18 (timestep=841)
final_loss: 1.148630976676941
🎯 GUIDANCE STEP 18 (t=841): Loss=1.1486, Rho=1027.955078, Grad_norm=0.0010, Final_scale=10279.5508
🚀 APPLYING GUIDANCE at step 19 (timestep=829)
final_loss: 1.1488176584243774
🎯 GUIDANCE STEP 19 (t=829): Loss=1.1488, Rho=1229.884888, Grad_norm=0.0008, Final_scale=12298.8489
🚀 APPLYING GUIDANCE at step 20 (timestep=817)
final_loss: 1.148659348487854
🎯 GUIDANCE STEP 20 (t=817): Loss=1.1487, Rho=1302.318848, Grad_norm=0.0008, Final_scale=13023.1885
🚀 APPLYING GUIDANCE at step 21 (timestep=805)
final_loss: 1.148506760597229
🎯 GUIDANCE STEP 21 (t=805): Loss=1.1485, Rho=1232.425049, Grad_norm=0.0008, Final_scale=12324.2505
🚀 APPLYING GUIDANCE at step 22 (timestep=792)
final_loss: 1.1485849618911743
🎯 GUIDANCE STEP 22 (t=792): Loss=1.1486, Rho=1334.606445, Grad_norm=0.0007, Final_scale=13346.0645
🚀 APPLYING GUIDANCE at step 23 (timestep=778)
final_loss: 1.1485158205032349
🎯 GUIDANCE STEP 23 (t=778): Loss=1.1485, Rho=1476.551758, Grad_norm=0.0007, Final_scale=14765.5176
🚀 APPLYING GUIDANCE at step 24 (timestep=764)
final_loss: 1.148453950881958
🎯 GUIDANCE STEP 24 (t=764): Loss=1.1485, Rho=1618.734863, Grad_norm=0.0006, Final_scale=16187.3486
🚀 APPLYING GUIDANCE at step 25 (timestep=749)
final_loss: 1.1484241485595703
🎯 GUIDANCE STEP 25 (t=749): Loss=1.1484, Rho=1199.388672, Grad_norm=0.0008, Final_scale=11993.8867
🚀 APPLYING GUIDANCE at step 26 (timestep=734)
final_loss: 1.1482923030853271
🎯 GUIDANCE STEP 26 (t=734): Loss=1.1483, Rho=1458.380371, Grad_norm=0.0007, Final_scale=14583.8037
🚀 APPLYING GUIDANCE at step 27 (timestep=718)
final_loss: 1.1482229232788086
🎯 GUIDANCE STEP 27 (t=718): Loss=1.1482, Rho=1194.572876, Grad_norm=0.0008, Final_scale=11945.7288
🚀 APPLYING GUIDANCE at step 28 (timestep=701)
final_loss: 1.1481908559799194
🎯 GUIDANCE STEP 28 (t=701): Loss=1.1482, Rho=1628.744629, Grad_norm=0.0006, Final_scale=16287.4463
🚀 APPLYING GUIDANCE at step 29 (timestep=684)
final_loss: 1.148206114768982
🎯 GUIDANCE STEP 29 (t=684): Loss=1.1482, Rho=1689.940796, Grad_norm=0.0006, Final_scale=16899.4080
🚀 APPLYING GUIDANCE at step 30 (timestep=666)
final_loss: 1.1479716300964355
🎯 GUIDANCE STEP 30 (t=666): Loss=1.1480, Rho=1895.812866, Grad_norm=0.0005, Final_scale=18958.1287
🚀 APPLYING GUIDANCE at step 31 (timestep=647)
final_loss: 1.1480015516281128
🎯 GUIDANCE STEP 31 (t=647): Loss=1.1480, Rho=1842.893066, Grad_norm=0.0005, Final_scale=18428.9307
🚀 APPLYING GUIDANCE at step 32 (timestep=627)
final_loss: 1.148135781288147
🎯 GUIDANCE STEP 32 (t=627): Loss=1.1481, Rho=2133.127197, Grad_norm=0.0005, Final_scale=21331.2720
🚀 APPLYING GUIDANCE at step 33 (timestep=606)
final_loss: 1.1479393243789673
🎯 GUIDANCE STEP 33 (t=606): Loss=1.1479, Rho=2489.428711, Grad_norm=0.0004, Final_scale=24894.2871
🚀 APPLYING GUIDANCE at step 34 (timestep=585)
final_loss: 1.1478495597839355
🎯 GUIDANCE STEP 34 (t=585): Loss=1.1478, Rho=2299.588867, Grad_norm=0.0004, Final_scale=22995.8887
🚀 APPLYING GUIDANCE at step 35 (timestep=562)
final_loss: 1.1478843688964844
🎯 GUIDANCE STEP 35 (t=562): Loss=1.1479, Rho=2163.931152, Grad_norm=0.0005, Final_scale=21639.3115
🚀 APPLYING GUIDANCE at step 36 (timestep=538)
final_loss: 1.1477657556533813
🎯 GUIDANCE STEP 36 (t=538): Loss=1.1478, Rho=1828.694458, Grad_norm=0.0005, Final_scale=18286.9446
🚀 APPLYING GUIDANCE at step 37 (timestep=512)
final_loss: 1.1476677656173706
🎯 GUIDANCE STEP 37 (t=512): Loss=1.1477, Rho=2402.633789, Grad_norm=0.0004, Final_scale=24026.3379
🚀 APPLYING GUIDANCE at step 38 (timestep=486)
final_loss: 1.147605299949646
🎯 GUIDANCE STEP 38 (t=486): Loss=1.1476, Rho=1757.302856, Grad_norm=0.0006, Final_scale=17573.0286
🚀 APPLYING GUIDANCE at step 39 (timestep=458)
final_loss: 1.14737069606781
🎯 GUIDANCE STEP 39 (t=458): Loss=1.1474, Rho=1457.000000, Grad_norm=0.0007, Final_scale=14570.0000
🚀 APPLYING GUIDANCE at step 40 (timestep=428)
final_loss: 1.147457480430603
🎯 GUIDANCE STEP 40 (t=428): Loss=1.1475, Rho=2302.290283, Grad_norm=0.0004, Final_scale=23022.9028
🚀 APPLYING GUIDANCE at step 41 (timestep=396)
final_loss: 1.147513747215271
🎯 GUIDANCE STEP 41 (t=396): Loss=1.1475, Rho=2540.657471, Grad_norm=0.0004, Final_scale=25406.5747
🚀 APPLYING GUIDANCE at step 42 (timestep=363)
final_loss: 1.1472208499908447
🎯 GUIDANCE STEP 42 (t=363): Loss=1.1472, Rho=2095.395264, Grad_norm=0.0005, Final_scale=20953.9526
🚀 APPLYING GUIDANCE at step 43 (timestep=327)
final_loss: 1.1471130847930908
🎯 GUIDANCE STEP 43 (t=327): Loss=1.1471, Rho=2315.037354, Grad_norm=0.0004, Final_scale=23150.3735
🚀 APPLYING GUIDANCE at step 44 (timestep=290)
final_loss: 1.147088885307312
🎯 GUIDANCE STEP 44 (t=290): Loss=1.1471, Rho=2375.677490, Grad_norm=0.0004, Final_scale=23756.7749
🚀 APPLYING GUIDANCE at step 45 (timestep=249)
final_loss: 1.1470251083374023
🎯 GUIDANCE STEP 45 (t=249): Loss=1.1470, Rho=1891.893555, Grad_norm=0.0005, Final_scale=18918.9355
🚀 APPLYING GUIDANCE at step 46 (timestep=206)
final_loss: 1.1467317342758179
🎯 GUIDANCE STEP 46 (t=206): Loss=1.1467, Rho=1623.174194, Grad_norm=0.0006, Final_scale=16231.7419
🚀 APPLYING GUIDANCE at step 47 (timestep=160)
final_loss: 1.146777629852295
🎯 GUIDANCE STEP 47 (t=160): Loss=1.1468, Rho=1889.956543, Grad_norm=0.0005, Final_scale=18899.5654
🚀 APPLYING GUIDANCE at step 48 (timestep=111)
final_loss: 1.146735429763794
🎯 GUIDANCE STEP 48 (t=111): Loss=1.1467, Rho=1479.611938, Grad_norm=0.0007, Final_scale=14796.1194
🚀 APPLYING GUIDANCE at step 49 (timestep=57)
final_loss: 1.1460007429122925
🎯 GUIDANCE STEP 49 (t=57): Loss=1.1460, Rho=2563.948486, Grad_norm=0.0004, Final_scale=25639.4849
[guidance_f33_s50_w16c8_rho10.0_cfg5.0torch] Generated: generated_videos/subject_consistency/guidance_f33_s50_w16c8_rho10.0_cfg5.0torch/a truck stuck in traffic during rush hour.mp4
[guidance_f33_s50_w16c8_rho10.0_cfg5.0torch] Generating video 7/9 (guidance): a truck slowing down to stop
🎬 STARTING GUIDANCE PIPELINE GENERATION
   Frames: 33, Steps: 50, CFG Scale: 5.0

🔧 GUIDANCE PIPELINE CONFIGURATION:
   Guidance range: 0 - 1001
   Rho scale: 10.0
   V-JEPA kernel_size: 16
   V-JEPA context_length: 8
   V-JEPA stride: 2
   V-JEPA mode: max
   Total timesteps: 50

🚀 APPLYING GUIDANCE at step 0 (timestep=999)
final_loss: 1.1098964214324951
🎯 GUIDANCE STEP 0 (t=999): Loss=1.1099, Rho=99.152740, Grad_norm=0.0101, Final_scale=991.5274
🚀 APPLYING GUIDANCE at step 1 (timestep=992)
final_loss: 1.1311053037643433
🎯 GUIDANCE STEP 1 (t=992): Loss=1.1311, Rho=51.348801, Grad_norm=0.0195, Final_scale=513.4880
🚀 APPLYING GUIDANCE at step 2 (timestep=985)
final_loss: 1.1336311101913452
🎯 GUIDANCE STEP 2 (t=985): Loss=1.1336, Rho=183.686661, Grad_norm=0.0054, Final_scale=1836.8666
🚀 APPLYING GUIDANCE at step 3 (timestep=978)
final_loss: 1.1323904991149902
🎯 GUIDANCE STEP 3 (t=978): Loss=1.1324, Rho=165.955109, Grad_norm=0.0060, Final_scale=1659.5511
🚀 APPLYING GUIDANCE at step 4 (timestep=971)
final_loss: 1.1311724185943604
🎯 GUIDANCE STEP 4 (t=971): Loss=1.1312, Rho=217.810623, Grad_norm=0.0046, Final_scale=2178.1062
🚀 APPLYING GUIDANCE at step 5 (timestep=963)
final_loss: 1.131492257118225
🎯 GUIDANCE STEP 5 (t=963): Loss=1.1315, Rho=229.769852, Grad_norm=0.0044, Final_scale=2297.6985
🚀 APPLYING GUIDANCE at step 6 (timestep=956)
final_loss: 1.1318005323410034
🎯 GUIDANCE STEP 6 (t=956): Loss=1.1318, Rho=324.267700, Grad_norm=0.0031, Final_scale=3242.6770
🚀 APPLYING GUIDANCE at step 7 (timestep=948)
final_loss: 1.1313531398773193
🎯 GUIDANCE STEP 7 (t=948): Loss=1.1314, Rho=383.141144, Grad_norm=0.0026, Final_scale=3831.4114
🚀 APPLYING GUIDANCE at step 8 (timestep=939)
final_loss: 1.130989670753479
🎯 GUIDANCE STEP 8 (t=939): Loss=1.1310, Rho=516.856506, Grad_norm=0.0019, Final_scale=5168.5651
🚀 APPLYING GUIDANCE at step 9 (timestep=931)
final_loss: 1.1305220127105713
🎯 GUIDANCE STEP 9 (t=931): Loss=1.1305, Rho=435.569977, Grad_norm=0.0023, Final_scale=4355.6998
🚀 APPLYING GUIDANCE at step 10 (timestep=922)
final_loss: 1.130289077758789
🎯 GUIDANCE STEP 10 (t=922): Loss=1.1303, Rho=488.529694, Grad_norm=0.0020, Final_scale=4885.2969
🚀 APPLYING GUIDANCE at step 11 (timestep=913)
final_loss: 1.1302127838134766
🎯 GUIDANCE STEP 11 (t=913): Loss=1.1302, Rho=528.285889, Grad_norm=0.0019, Final_scale=5282.8589
🚀 APPLYING GUIDANCE at step 12 (timestep=904)
final_loss: 1.1302471160888672
🎯 GUIDANCE STEP 12 (t=904): Loss=1.1302, Rho=651.228394, Grad_norm=0.0015, Final_scale=6512.2839
🚀 APPLYING GUIDANCE at step 13 (timestep=894)
final_loss: 1.1305917501449585
🎯 GUIDANCE STEP 13 (t=894): Loss=1.1306, Rho=673.871277, Grad_norm=0.0015, Final_scale=6738.7128
🚀 APPLYING GUIDANCE at step 14 (timestep=884)
final_loss: 1.1308844089508057
🎯 GUIDANCE STEP 14 (t=884): Loss=1.1309, Rho=769.292297, Grad_norm=0.0013, Final_scale=7692.9230
🚀 APPLYING GUIDANCE at step 15 (timestep=874)
final_loss: 1.1310615539550781
🎯 GUIDANCE STEP 15 (t=874): Loss=1.1311, Rho=737.956055, Grad_norm=0.0014, Final_scale=7379.5605
🚀 APPLYING GUIDANCE at step 16 (timestep=864)
final_loss: 1.1310455799102783
🎯 GUIDANCE STEP 16 (t=864): Loss=1.1310, Rho=793.629822, Grad_norm=0.0013, Final_scale=7936.2982
🚀 APPLYING GUIDANCE at step 17 (timestep=853)
final_loss: 1.1312286853790283
🎯 GUIDANCE STEP 17 (t=853): Loss=1.1312, Rho=824.790161, Grad_norm=0.0012, Final_scale=8247.9016
🚀 APPLYING GUIDANCE at step 18 (timestep=841)
final_loss: 1.131094217300415
🎯 GUIDANCE STEP 18 (t=841): Loss=1.1311, Rho=759.037537, Grad_norm=0.0013, Final_scale=7590.3754
🚀 APPLYING GUIDANCE at step 19 (timestep=829)
final_loss: 1.1310350894927979
🎯 GUIDANCE STEP 19 (t=829): Loss=1.1310, Rho=896.437256, Grad_norm=0.0011, Final_scale=8964.3726
🚀 APPLYING GUIDANCE at step 20 (timestep=817)
final_loss: 1.13086998462677
🎯 GUIDANCE STEP 20 (t=817): Loss=1.1309, Rho=939.019104, Grad_norm=0.0011, Final_scale=9390.1910
🚀 APPLYING GUIDANCE at step 21 (timestep=805)
final_loss: 1.1307344436645508
🎯 GUIDANCE STEP 21 (t=805): Loss=1.1307, Rho=1044.061523, Grad_norm=0.0010, Final_scale=10440.6152
🚀 APPLYING GUIDANCE at step 22 (timestep=792)
final_loss: 1.1305580139160156
🎯 GUIDANCE STEP 22 (t=792): Loss=1.1306, Rho=983.587219, Grad_norm=0.0010, Final_scale=9835.8722
🚀 APPLYING GUIDANCE at step 23 (timestep=778)
final_loss: 1.1305527687072754
🎯 GUIDANCE STEP 23 (t=778): Loss=1.1306, Rho=1404.028076, Grad_norm=0.0007, Final_scale=14040.2808
🚀 APPLYING GUIDANCE at step 24 (timestep=764)
final_loss: 1.130439281463623
🎯 GUIDANCE STEP 24 (t=764): Loss=1.1304, Rho=1366.235962, Grad_norm=0.0007, Final_scale=13662.3596
🚀 APPLYING GUIDANCE at step 25 (timestep=749)
final_loss: 1.1304943561553955
🎯 GUIDANCE STEP 25 (t=749): Loss=1.1305, Rho=1459.030396, Grad_norm=0.0007, Final_scale=14590.3040
🚀 APPLYING GUIDANCE at step 26 (timestep=734)
final_loss: 1.130421757698059
🎯 GUIDANCE STEP 26 (t=734): Loss=1.1304, Rho=1473.771240, Grad_norm=0.0007, Final_scale=14737.7124
🚀 APPLYING GUIDANCE at step 27 (timestep=718)
final_loss: 1.1303564310073853
🎯 GUIDANCE STEP 27 (t=718): Loss=1.1304, Rho=1324.077026, Grad_norm=0.0008, Final_scale=13240.7703
🚀 APPLYING GUIDANCE at step 28 (timestep=701)
final_loss: 1.130391240119934
🎯 GUIDANCE STEP 28 (t=701): Loss=1.1304, Rho=1465.776489, Grad_norm=0.0007, Final_scale=14657.7649
🚀 APPLYING GUIDANCE at step 29 (timestep=684)
final_loss: 1.1303765773773193
🎯 GUIDANCE STEP 29 (t=684): Loss=1.1304, Rho=1434.074097, Grad_norm=0.0007, Final_scale=14340.7410
🚀 APPLYING GUIDANCE at step 30 (timestep=666)
final_loss: 1.130285382270813
🎯 GUIDANCE STEP 30 (t=666): Loss=1.1303, Rho=1706.864136, Grad_norm=0.0006, Final_scale=17068.6414
🚀 APPLYING GUIDANCE at step 31 (timestep=647)
final_loss: 1.1301993131637573
🎯 GUIDANCE STEP 31 (t=647): Loss=1.1302, Rho=1599.451904, Grad_norm=0.0006, Final_scale=15994.5190
🚀 APPLYING GUIDANCE at step 32 (timestep=627)
final_loss: 1.1300742626190186
🎯 GUIDANCE STEP 32 (t=627): Loss=1.1301, Rho=2137.439697, Grad_norm=0.0005, Final_scale=21374.3970
🚀 APPLYING GUIDANCE at step 33 (timestep=606)
final_loss: 1.130174994468689
🎯 GUIDANCE STEP 33 (t=606): Loss=1.1302, Rho=1820.051147, Grad_norm=0.0005, Final_scale=18200.5115
🚀 APPLYING GUIDANCE at step 34 (timestep=585)
final_loss: 1.1299434900283813
🎯 GUIDANCE STEP 34 (t=585): Loss=1.1299, Rho=2357.750488, Grad_norm=0.0004, Final_scale=23577.5049
🚀 APPLYING GUIDANCE at step 35 (timestep=562)
final_loss: 1.1299002170562744
🎯 GUIDANCE STEP 35 (t=562): Loss=1.1299, Rho=1637.635376, Grad_norm=0.0006, Final_scale=16376.3538
🚀 APPLYING GUIDANCE at step 36 (timestep=538)
final_loss: 1.1298471689224243
🎯 GUIDANCE STEP 36 (t=538): Loss=1.1298, Rho=2462.351318, Grad_norm=0.0004, Final_scale=24623.5132
🚀 APPLYING GUIDANCE at step 37 (timestep=512)
final_loss: 1.1298588514328003
🎯 GUIDANCE STEP 37 (t=512): Loss=1.1299, Rho=2014.562378, Grad_norm=0.0005, Final_scale=20145.6238
🚀 APPLYING GUIDANCE at step 38 (timestep=486)
final_loss: 1.1297160387039185
🎯 GUIDANCE STEP 38 (t=486): Loss=1.1297, Rho=2227.131104, Grad_norm=0.0004, Final_scale=22271.3110
🚀 APPLYING GUIDANCE at step 39 (timestep=458)
final_loss: 1.1297235488891602
🎯 GUIDANCE STEP 39 (t=458): Loss=1.1297, Rho=1905.112427, Grad_norm=0.0005, Final_scale=19051.1243
🚀 APPLYING GUIDANCE at step 40 (timestep=428)
final_loss: 1.1296627521514893
🎯 GUIDANCE STEP 40 (t=428): Loss=1.1297, Rho=2060.364014, Grad_norm=0.0005, Final_scale=20603.6401
🚀 APPLYING GUIDANCE at step 41 (timestep=396)
final_loss: 1.1295785903930664
🎯 GUIDANCE STEP 41 (t=396): Loss=1.1296, Rho=1168.786499, Grad_norm=0.0009, Final_scale=11687.8650
🚀 APPLYING GUIDANCE at step 42 (timestep=363)
final_loss: 1.129526972770691
🎯 GUIDANCE STEP 42 (t=363): Loss=1.1295, Rho=3199.992676, Grad_norm=0.0003, Final_scale=31999.9268
🚀 APPLYING GUIDANCE at step 43 (timestep=327)
final_loss: 1.1293365955352783
🎯 GUIDANCE STEP 43 (t=327): Loss=1.1293, Rho=1906.651367, Grad_norm=0.0005, Final_scale=19066.5137
🚀 APPLYING GUIDANCE at step 44 (timestep=290)
final_loss: 1.1292866468429565
🎯 GUIDANCE STEP 44 (t=290): Loss=1.1293, Rho=1828.593994, Grad_norm=0.0005, Final_scale=18285.9399
🚀 APPLYING GUIDANCE at step 45 (timestep=249)
final_loss: 1.1291779279708862
🎯 GUIDANCE STEP 45 (t=249): Loss=1.1292, Rho=1006.375549, Grad_norm=0.0010, Final_scale=10063.7555
🚀 APPLYING GUIDANCE at step 46 (timestep=206)
final_loss: 1.129050612449646
🎯 GUIDANCE STEP 46 (t=206): Loss=1.1291, Rho=1688.357422, Grad_norm=0.0006, Final_scale=16883.5742
🚀 APPLYING GUIDANCE at step 47 (timestep=160)
final_loss: 1.1287637948989868
🎯 GUIDANCE STEP 47 (t=160): Loss=1.1288, Rho=1091.249878, Grad_norm=0.0009, Final_scale=10912.4988
🚀 APPLYING GUIDANCE at step 48 (timestep=111)
final_loss: 1.1285881996154785
🎯 GUIDANCE STEP 48 (t=111): Loss=1.1286, Rho=758.961304, Grad_norm=0.0013, Final_scale=7589.6130
🚀 APPLYING GUIDANCE at step 49 (timestep=57)
final_loss: 1.128186583518982
🎯 GUIDANCE STEP 49 (t=57): Loss=1.1282, Rho=1324.464478, Grad_norm=0.0008, Final_scale=13244.6448
[guidance_f33_s50_w16c8_rho10.0_cfg5.0torch] Generated: generated_videos/subject_consistency/guidance_f33_s50_w16c8_rho10.0_cfg5.0torch/an airplane landing smoothly on a runway.mp4
[guidance_f33_s50_w16c8_rho10.0_cfg5.0torch] Generating video 6/9 (guidance): an airplane accelerating to gain speed
🎬 STARTING GUIDANCE PIPELINE GENERATION
   Frames: 33, Steps: 50, CFG Scale: 5.0

🔧 GUIDANCE PIPELINE CONFIGURATION:
   Guidance range: 0 - 1001
   Rho scale: 10.0
   V-JEPA kernel_size: 16
   V-JEPA context_length: 8
   V-JEPA stride: 2
   V-JEPA mode: max
   Total timesteps: 50

🚀 APPLYING GUIDANCE at step 0 (timestep=999)
final_loss: 1.1275599002838135
🎯 GUIDANCE STEP 0 (t=999): Loss=1.1276, Rho=61.611458, Grad_norm=0.0162, Final_scale=616.1146
🚀 APPLYING GUIDANCE at step 1 (timestep=992)
final_loss: 1.1553400754928589
🎯 GUIDANCE STEP 1 (t=992): Loss=1.1553, Rho=34.434258, Grad_norm=0.0290, Final_scale=344.3426
🚀 APPLYING GUIDANCE at step 2 (timestep=985)
final_loss: 1.1590489149093628
🎯 GUIDANCE STEP 2 (t=985): Loss=1.1590, Rho=95.706322, Grad_norm=0.0104, Final_scale=957.0632
🚀 APPLYING GUIDANCE at step 3 (timestep=978)
final_loss: 1.1589711904525757
🎯 GUIDANCE STEP 3 (t=978): Loss=1.1590, Rho=256.049530, Grad_norm=0.0039, Final_scale=2560.4953
🚀 APPLYING GUIDANCE at step 4 (timestep=971)
final_loss: 1.1571556329727173
🎯 GUIDANCE STEP 4 (t=971): Loss=1.1572, Rho=149.715393, Grad_norm=0.0067, Final_scale=1497.1539
🚀 APPLYING GUIDANCE at step 5 (timestep=963)
final_loss: 1.15538489818573
🎯 GUIDANCE STEP 5 (t=963): Loss=1.1554, Rho=376.466919, Grad_norm=0.0027, Final_scale=3764.6692
🚀 APPLYING GUIDANCE at step 6 (timestep=956)
final_loss: 1.155583143234253
🎯 GUIDANCE STEP 6 (t=956): Loss=1.1556, Rho=415.416687, Grad_norm=0.0024, Final_scale=4154.1669
🚀 APPLYING GUIDANCE at step 7 (timestep=948)
final_loss: 1.155655860900879
🎯 GUIDANCE STEP 7 (t=948): Loss=1.1557, Rho=481.615356, Grad_norm=0.0021, Final_scale=4816.1536
🚀 APPLYING GUIDANCE at step 8 (timestep=939)
final_loss: 1.1556161642074585
🎯 GUIDANCE STEP 8 (t=939): Loss=1.1556, Rho=538.154541, Grad_norm=0.0019, Final_scale=5381.5454
🚀 APPLYING GUIDANCE at step 9 (timestep=931)
final_loss: 1.1556895971298218
🎯 GUIDANCE STEP 9 (t=931): Loss=1.1557, Rho=549.660217, Grad_norm=0.0018, Final_scale=5496.6022
🚀 APPLYING GUIDANCE at step 10 (timestep=922)
final_loss: 1.1558318138122559
🎯 GUIDANCE STEP 10 (t=922): Loss=1.1558, Rho=649.513062, Grad_norm=0.0015, Final_scale=6495.1306
🚀 APPLYING GUIDANCE at step 11 (timestep=913)
final_loss: 1.155746340751648
🎯 GUIDANCE STEP 11 (t=913): Loss=1.1557, Rho=700.078674, Grad_norm=0.0014, Final_scale=7000.7867
🚀 APPLYING GUIDANCE at step 12 (timestep=904)
final_loss: 1.1552215814590454
🎯 GUIDANCE STEP 12 (t=904): Loss=1.1552, Rho=607.976318, Grad_norm=0.0016, Final_scale=6079.7632
🚀 APPLYING GUIDANCE at step 13 (timestep=894)
final_loss: 1.155122995376587
🎯 GUIDANCE STEP 13 (t=894): Loss=1.1551, Rho=722.498169, Grad_norm=0.0014, Final_scale=7224.9817
🚀 APPLYING GUIDANCE at step 14 (timestep=884)
final_loss: 1.1550350189208984
🎯 GUIDANCE STEP 14 (t=884): Loss=1.1550, Rho=717.378296, Grad_norm=0.0014, Final_scale=7173.7830
🚀 APPLYING GUIDANCE at step 15 (timestep=874)
final_loss: 1.1550146341323853
🎯 GUIDANCE STEP 15 (t=874): Loss=1.1550, Rho=813.068054, Grad_norm=0.0012, Final_scale=8130.6805
🚀 APPLYING GUIDANCE at step 16 (timestep=864)
final_loss: 1.155011534690857
🎯 GUIDANCE STEP 16 (t=864): Loss=1.1550, Rho=833.301758, Grad_norm=0.0012, Final_scale=8333.0176
🚀 APPLYING GUIDANCE at step 17 (timestep=853)
final_loss: 1.1547529697418213
🎯 GUIDANCE STEP 17 (t=853): Loss=1.1548, Rho=818.218506, Grad_norm=0.0012, Final_scale=8182.1851
🚀 APPLYING GUIDANCE at step 18 (timestep=841)
final_loss: 1.1546646356582642
🎯 GUIDANCE STEP 18 (t=841): Loss=1.1547, Rho=749.200806, Grad_norm=0.0013, Final_scale=7492.0081
🚀 APPLYING GUIDANCE at step 19 (timestep=829)
final_loss: 1.1544655561447144
🎯 GUIDANCE STEP 19 (t=829): Loss=1.1545, Rho=785.464172, Grad_norm=0.0013, Final_scale=7854.6417
🚀 APPLYING GUIDANCE at step 20 (timestep=817)
final_loss: 1.1544018983840942
🎯 GUIDANCE STEP 20 (t=817): Loss=1.1544, Rho=804.909851, Grad_norm=0.0012, Final_scale=8049.0985
🚀 APPLYING GUIDANCE at step 21 (timestep=805)
final_loss: 1.1544045209884644
🎯 GUIDANCE STEP 21 (t=805): Loss=1.1544, Rho=882.418030, Grad_norm=0.0011, Final_scale=8824.1803
🚀 APPLYING GUIDANCE at step 22 (timestep=792)
final_loss: 1.1541606187820435
🎯 GUIDANCE STEP 22 (t=792): Loss=1.1542, Rho=774.322327, Grad_norm=0.0013, Final_scale=7743.2233
🚀 APPLYING GUIDANCE at step 23 (timestep=778)
final_loss: 1.1538106203079224
🎯 GUIDANCE STEP 23 (t=778): Loss=1.1538, Rho=807.980408, Grad_norm=0.0012, Final_scale=8079.8041
🚀 APPLYING GUIDANCE at step 24 (timestep=764)
final_loss: 1.1538704633712769
🎯 GUIDANCE STEP 24 (t=764): Loss=1.1539, Rho=720.632629, Grad_norm=0.0014, Final_scale=7206.3263
🚀 APPLYING GUIDANCE at step 25 (timestep=749)
final_loss: 1.1537188291549683
🎯 GUIDANCE STEP 25 (t=749): Loss=1.1537, Rho=954.916992, Grad_norm=0.0010, Final_scale=9549.1699
🚀 APPLYING GUIDANCE at step 26 (timestep=734)
final_loss: 1.1538267135620117
🎯 GUIDANCE STEP 26 (t=734): Loss=1.1538, Rho=741.882568, Grad_norm=0.0013, Final_scale=7418.8257
🚀 APPLYING GUIDANCE at step 27 (timestep=718)
final_loss: 1.1538490056991577
🎯 GUIDANCE STEP 27 (t=718): Loss=1.1538, Rho=1090.169556, Grad_norm=0.0009, Final_scale=10901.6956
🚀 APPLYING GUIDANCE at step 28 (timestep=701)
final_loss: 1.153711199760437
🎯 GUIDANCE STEP 28 (t=701): Loss=1.1537, Rho=854.730591, Grad_norm=0.0012, Final_scale=8547.3059
🚀 APPLYING GUIDANCE at step 29 (timestep=684)
final_loss: 1.1536529064178467
🎯 GUIDANCE STEP 29 (t=684): Loss=1.1537, Rho=1257.187134, Grad_norm=0.0008, Final_scale=12571.8713
🚀 APPLYING GUIDANCE at step 30 (timestep=666)
final_loss: 1.1535688638687134
🎯 GUIDANCE STEP 30 (t=666): Loss=1.1536, Rho=1214.725708, Grad_norm=0.0008, Final_scale=12147.2571
🚀 APPLYING GUIDANCE at step 31 (timestep=647)
final_loss: 1.1534836292266846
🎯 GUIDANCE STEP 31 (t=647): Loss=1.1535, Rho=1267.630371, Grad_norm=0.0008, Final_scale=12676.3037
🚀 APPLYING GUIDANCE at step 32 (timestep=627)
final_loss: 1.1534007787704468
🎯 GUIDANCE STEP 32 (t=627): Loss=1.1534, Rho=1314.969727, Grad_norm=0.0008, Final_scale=13149.6973
🚀 APPLYING GUIDANCE at step 33 (timestep=606)
final_loss: 1.153154969215393
🎯 GUIDANCE STEP 33 (t=606): Loss=1.1532, Rho=1382.086426, Grad_norm=0.0007, Final_scale=13820.8643
🚀 APPLYING GUIDANCE at step 34 (timestep=585)
final_loss: 1.1530319452285767
🎯 GUIDANCE STEP 34 (t=585): Loss=1.1530, Rho=1339.341064, Grad_norm=0.0007, Final_scale=13393.4106
🚀 APPLYING GUIDANCE at step 35 (timestep=562)
final_loss: 1.1529972553253174
🎯 GUIDANCE STEP 35 (t=562): Loss=1.1530, Rho=1241.420654, Grad_norm=0.0008, Final_scale=12414.2065
🚀 APPLYING GUIDANCE at step 36 (timestep=538)
final_loss: 1.152962327003479
🎯 GUIDANCE STEP 36 (t=538): Loss=1.1530, Rho=1630.613403, Grad_norm=0.0006, Final_scale=16306.1340
🚀 APPLYING GUIDANCE at step 37 (timestep=512)
final_loss: 1.1528815031051636
🎯 GUIDANCE STEP 37 (t=512): Loss=1.1529, Rho=1251.988159, Grad_norm=0.0008, Final_scale=12519.8816
🚀 APPLYING GUIDANCE at step 38 (timestep=486)
final_loss: 1.1527634859085083
🎯 GUIDANCE STEP 38 (t=486): Loss=1.1528, Rho=1835.606079, Grad_norm=0.0005, Final_scale=18356.0608
🚀 APPLYING GUIDANCE at step 39 (timestep=458)
final_loss: 1.152737021446228
🎯 GUIDANCE STEP 39 (t=458): Loss=1.1527, Rho=1195.836304, Grad_norm=0.0008, Final_scale=11958.3630
🚀 APPLYING GUIDANCE at step 40 (timestep=428)
final_loss: 1.1525977849960327
🎯 GUIDANCE STEP 40 (t=428): Loss=1.1526, Rho=1281.987793, Grad_norm=0.0008, Final_scale=12819.8779
🚀 APPLYING GUIDANCE at step 41 (timestep=396)
final_loss: 1.152390480041504
🎯 GUIDANCE STEP 41 (t=396): Loss=1.1524, Rho=1209.006836, Grad_norm=0.0008, Final_scale=12090.0684
🚀 APPLYING GUIDANCE at step 42 (timestep=363)
final_loss: 1.1523901224136353
🎯 GUIDANCE STEP 42 (t=363): Loss=1.1524, Rho=1922.581055, Grad_norm=0.0005, Final_scale=19225.8105
🚀 APPLYING GUIDANCE at step 43 (timestep=327)
final_loss: 1.1522197723388672
🎯 GUIDANCE STEP 43 (t=327): Loss=1.1522, Rho=2319.660400, Grad_norm=0.0004, Final_scale=23196.6040
🚀 APPLYING GUIDANCE at step 44 (timestep=290)
final_loss: 1.152081847190857
🎯 GUIDANCE STEP 44 (t=290): Loss=1.1521, Rho=1725.266968, Grad_norm=0.0006, Final_scale=17252.6697
🚀 APPLYING GUIDANCE at step 45 (timestep=249)
final_loss: 1.1521110534667969
🎯 GUIDANCE STEP 45 (t=249): Loss=1.1521, Rho=2297.909912, Grad_norm=0.0004, Final_scale=22979.0991
🚀 APPLYING GUIDANCE at step 46 (timestep=206)
final_loss: 1.151763916015625
🎯 GUIDANCE STEP 46 (t=206): Loss=1.1518, Rho=1876.699219, Grad_norm=0.0005, Final_scale=18766.9922
🚀 APPLYING GUIDANCE at step 47 (timestep=160)
final_loss: 1.1515185832977295
🎯 GUIDANCE STEP 47 (t=160): Loss=1.1515, Rho=1809.560059, Grad_norm=0.0006, Final_scale=18095.6006
🚀 APPLYING GUIDANCE at step 48 (timestep=111)
final_loss: 1.151241660118103
🎯 GUIDANCE STEP 48 (t=111): Loss=1.1512, Rho=2156.857422, Grad_norm=0.0005, Final_scale=21568.5742
🚀 APPLYING GUIDANCE at step 49 (timestep=57)
final_loss: 1.1506767272949219
🎯 GUIDANCE STEP 49 (t=57): Loss=1.1507, Rho=1885.965942, Grad_norm=0.0005, Final_scale=18859.6594
[guidance_f33_s50_w16c8_rho10.0_cfg5.0torch] Generated: generated_videos/subject_consistency/guidance_f33_s50_w16c8_rho10.0_cfg5.0torch/a cow running to join a herd of its kind.mp4
[guidance_f33_s50_w16c8_rho10.0_cfg5.0torch] Generating video 6/9 (guidance): an elephant spraying itself with water using its trunk to cool down
🎬 STARTING GUIDANCE PIPELINE GENERATION
   Frames: 33, Steps: 50, CFG Scale: 5.0

🔧 GUIDANCE PIPELINE CONFIGURATION:
   Guidance range: 0 - 1001
   Rho scale: 10.0
   V-JEPA kernel_size: 16
   V-JEPA context_length: 8
   V-JEPA stride: 2
   V-JEPA mode: max
   Total timesteps: 50

🚀 APPLYING GUIDANCE at step 0 (timestep=999)
final_loss: 1.1363552808761597
🎯 GUIDANCE STEP 0 (t=999): Loss=1.1364, Rho=12.447169, Grad_norm=0.0803, Final_scale=124.4717
🚀 APPLYING GUIDANCE at step 1 (timestep=992)
final_loss: 1.1318405866622925
🎯 GUIDANCE STEP 1 (t=992): Loss=1.1318, Rho=175.158615, Grad_norm=0.0057, Final_scale=1751.5862
🚀 APPLYING GUIDANCE at step 2 (timestep=985)
final_loss: 1.1220673322677612
🎯 GUIDANCE STEP 2 (t=985): Loss=1.1221, Rho=170.952560, Grad_norm=0.0058, Final_scale=1709.5256
🚀 APPLYING GUIDANCE at step 3 (timestep=978)
final_loss: 1.1176003217697144
🎯 GUIDANCE STEP 3 (t=978): Loss=1.1176, Rho=564.627014, Grad_norm=0.0018, Final_scale=5646.2701
🚀 APPLYING GUIDANCE at step 4 (timestep=971)
final_loss: 1.1169174909591675
🎯 GUIDANCE STEP 4 (t=971): Loss=1.1169, Rho=694.035400, Grad_norm=0.0014, Final_scale=6940.3540
🚀 APPLYING GUIDANCE at step 5 (timestep=963)
final_loss: 1.1166540384292603
🎯 GUIDANCE STEP 5 (t=963): Loss=1.1167, Rho=814.216736, Grad_norm=0.0012, Final_scale=8142.1674
🚀 APPLYING GUIDANCE at step 6 (timestep=956)
final_loss: 1.1167891025543213
🎯 GUIDANCE STEP 6 (t=956): Loss=1.1168, Rho=831.706116, Grad_norm=0.0012, Final_scale=8317.0612
🚀 APPLYING GUIDANCE at step 7 (timestep=948)
final_loss: 1.1166847944259644
🎯 GUIDANCE STEP 7 (t=948): Loss=1.1167, Rho=850.127136, Grad_norm=0.0012, Final_scale=8501.2714
🚀 APPLYING GUIDANCE at step 8 (timestep=939)
final_loss: 1.116943597793579
🎯 GUIDANCE STEP 8 (t=939): Loss=1.1169, Rho=1000.011353, Grad_norm=0.0010, Final_scale=10000.1135
🚀 APPLYING GUIDANCE at step 9 (timestep=931)
final_loss: 1.1168508529663086
🎯 GUIDANCE STEP 9 (t=931): Loss=1.1169, Rho=1032.913208, Grad_norm=0.0010, Final_scale=10329.1321
🚀 APPLYING GUIDANCE at step 10 (timestep=922)
final_loss: 1.116575837135315
🎯 GUIDANCE STEP 10 (t=922): Loss=1.1166, Rho=1120.082397, Grad_norm=0.0009, Final_scale=11200.8240
🚀 APPLYING GUIDANCE at step 11 (timestep=913)
final_loss: 1.1166824102401733
🎯 GUIDANCE STEP 11 (t=913): Loss=1.1167, Rho=1059.088623, Grad_norm=0.0009, Final_scale=10590.8862
🚀 APPLYING GUIDANCE at step 12 (timestep=904)
final_loss: 1.1167224645614624
🎯 GUIDANCE STEP 12 (t=904): Loss=1.1167, Rho=1180.328125, Grad_norm=0.0008, Final_scale=11803.2812
🚀 APPLYING GUIDANCE at step 13 (timestep=894)
final_loss: 1.116703987121582
🎯 GUIDANCE STEP 13 (t=894): Loss=1.1167, Rho=1128.174561, Grad_norm=0.0009, Final_scale=11281.7456
🚀 APPLYING GUIDANCE at step 14 (timestep=884)
final_loss: 1.1165573596954346
🎯 GUIDANCE STEP 14 (t=884): Loss=1.1166, Rho=1005.808044, Grad_norm=0.0010, Final_scale=10058.0804
🚀 APPLYING GUIDANCE at step 15 (timestep=874)
final_loss: 1.1165961027145386
🎯 GUIDANCE STEP 15 (t=874): Loss=1.1166, Rho=1143.852539, Grad_norm=0.0009, Final_scale=11438.5254
🚀 APPLYING GUIDANCE at step 16 (timestep=864)
final_loss: 1.1167746782302856
🎯 GUIDANCE STEP 16 (t=864): Loss=1.1168, Rho=1095.693481, Grad_norm=0.0009, Final_scale=10956.9348
🚀 APPLYING GUIDANCE at step 17 (timestep=853)
final_loss: 1.116925597190857
🎯 GUIDANCE STEP 17 (t=853): Loss=1.1169, Rho=1018.401611, Grad_norm=0.0010, Final_scale=10184.0161
🚀 APPLYING GUIDANCE at step 18 (timestep=841)
final_loss: 1.116926908493042
🎯 GUIDANCE STEP 18 (t=841): Loss=1.1169, Rho=774.466064, Grad_norm=0.0013, Final_scale=7744.6606
🚀 APPLYING GUIDANCE at step 19 (timestep=829)
final_loss: 1.1167223453521729
🎯 GUIDANCE STEP 19 (t=829): Loss=1.1167, Rho=1012.229858, Grad_norm=0.0010, Final_scale=10122.2986
🚀 APPLYING GUIDANCE at step 20 (timestep=817)
final_loss: 1.1168084144592285
🎯 GUIDANCE STEP 20 (t=817): Loss=1.1168, Rho=1128.692993, Grad_norm=0.0009, Final_scale=11286.9299
🚀 APPLYING GUIDANCE at step 21 (timestep=805)
final_loss: 1.116734504699707
🎯 GUIDANCE STEP 21 (t=805): Loss=1.1167, Rho=1170.652222, Grad_norm=0.0009, Final_scale=11706.5222
🚀 APPLYING GUIDANCE at step 22 (timestep=792)
final_loss: 1.1168384552001953
🎯 GUIDANCE STEP 22 (t=792): Loss=1.1168, Rho=1312.628906, Grad_norm=0.0008, Final_scale=13126.2891
🚀 APPLYING GUIDANCE at step 23 (timestep=778)
final_loss: 1.116930365562439
🎯 GUIDANCE STEP 23 (t=778): Loss=1.1169, Rho=1276.825806, Grad_norm=0.0008, Final_scale=12768.2581
🚀 APPLYING GUIDANCE at step 24 (timestep=764)
final_loss: 1.117037057876587
🎯 GUIDANCE STEP 24 (t=764): Loss=1.1170, Rho=1535.607056, Grad_norm=0.0007, Final_scale=15356.0706
🚀 APPLYING GUIDANCE at step 25 (timestep=749)
final_loss: 1.1170589923858643
🎯 GUIDANCE STEP 25 (t=749): Loss=1.1171, Rho=1587.435303, Grad_norm=0.0006, Final_scale=15874.3530
🚀 APPLYING GUIDANCE at step 26 (timestep=734)
final_loss: 1.1171422004699707
🎯 GUIDANCE STEP 26 (t=734): Loss=1.1171, Rho=1736.274414, Grad_norm=0.0006, Final_scale=17362.7441
🚀 APPLYING GUIDANCE at step 27 (timestep=718)
final_loss: 1.1171003580093384
🎯 GUIDANCE STEP 27 (t=718): Loss=1.1171, Rho=1457.171997, Grad_norm=0.0007, Final_scale=14571.7200
🚀 APPLYING GUIDANCE at step 28 (timestep=701)
final_loss: 1.1168627738952637
🎯 GUIDANCE STEP 28 (t=701): Loss=1.1169, Rho=1736.600830, Grad_norm=0.0006, Final_scale=17366.0083
🚀 APPLYING GUIDANCE at step 29 (timestep=684)
final_loss: 1.1171706914901733
🎯 GUIDANCE STEP 29 (t=684): Loss=1.1172, Rho=1683.385742, Grad_norm=0.0006, Final_scale=16833.8574
🚀 APPLYING GUIDANCE at step 30 (timestep=666)
final_loss: 1.116951823234558
🎯 GUIDANCE STEP 30 (t=666): Loss=1.1170, Rho=1936.619263, Grad_norm=0.0005, Final_scale=19366.1926
🚀 APPLYING GUIDANCE at step 31 (timestep=647)
final_loss: 1.116821527481079
🎯 GUIDANCE STEP 31 (t=647): Loss=1.1168, Rho=1759.453369, Grad_norm=0.0006, Final_scale=17594.5337
🚀 APPLYING GUIDANCE at step 32 (timestep=627)
final_loss: 1.1167672872543335
🎯 GUIDANCE STEP 32 (t=627): Loss=1.1168, Rho=2058.303223, Grad_norm=0.0005, Final_scale=20583.0322
🚀 APPLYING GUIDANCE at step 33 (timestep=606)
final_loss: 1.1167935132980347
🎯 GUIDANCE STEP 33 (t=606): Loss=1.1168, Rho=2009.750000, Grad_norm=0.0005, Final_scale=20097.5000
🚀 APPLYING GUIDANCE at step 34 (timestep=585)
final_loss: 1.1167043447494507
🎯 GUIDANCE STEP 34 (t=585): Loss=1.1167, Rho=2037.591064, Grad_norm=0.0005, Final_scale=20375.9106
🚀 APPLYING GUIDANCE at step 35 (timestep=562)
final_loss: 1.1165735721588135
🎯 GUIDANCE STEP 35 (t=562): Loss=1.1166, Rho=1554.294922, Grad_norm=0.0006, Final_scale=15542.9492
🚀 APPLYING GUIDANCE at step 36 (timestep=538)
final_loss: 1.116397738456726
🎯 GUIDANCE STEP 36 (t=538): Loss=1.1164, Rho=1977.747681, Grad_norm=0.0005, Final_scale=19777.4768
🚀 APPLYING GUIDANCE at step 37 (timestep=512)
final_loss: 1.1162927150726318
🎯 GUIDANCE STEP 37 (t=512): Loss=1.1163, Rho=2080.177246, Grad_norm=0.0005, Final_scale=20801.7725
🚀 APPLYING GUIDANCE at step 38 (timestep=486)
final_loss: 1.116150975227356
🎯 GUIDANCE STEP 38 (t=486): Loss=1.1162, Rho=1921.909790, Grad_norm=0.0005, Final_scale=19219.0979
🚀 APPLYING GUIDANCE at step 39 (timestep=458)
final_loss: 1.1160005331039429
🎯 GUIDANCE STEP 39 (t=458): Loss=1.1160, Rho=1563.323730, Grad_norm=0.0006, Final_scale=15633.2373
🚀 APPLYING GUIDANCE at step 40 (timestep=428)
final_loss: 1.1157339811325073
🎯 GUIDANCE STEP 40 (t=428): Loss=1.1157, Rho=2035.525391, Grad_norm=0.0005, Final_scale=20355.2539
🚀 APPLYING GUIDANCE at step 41 (timestep=396)
final_loss: 1.1154193878173828
🎯 GUIDANCE STEP 41 (t=396): Loss=1.1154, Rho=1984.779785, Grad_norm=0.0005, Final_scale=19847.7979
🚀 APPLYING GUIDANCE at step 42 (timestep=363)
final_loss: 1.115098237991333
🎯 GUIDANCE STEP 42 (t=363): Loss=1.1151, Rho=2110.379883, Grad_norm=0.0005, Final_scale=21103.7988
🚀 APPLYING GUIDANCE at step 43 (timestep=327)
final_loss: 1.114626407623291
🎯 GUIDANCE STEP 43 (t=327): Loss=1.1146, Rho=2101.741943, Grad_norm=0.0005, Final_scale=21017.4194
🚀 APPLYING GUIDANCE at step 44 (timestep=290)
final_loss: 1.114072322845459
🎯 GUIDANCE STEP 44 (t=290): Loss=1.1141, Rho=2034.999756, Grad_norm=0.0005, Final_scale=20349.9976
🚀 APPLYING GUIDANCE at step 45 (timestep=249)
final_loss: 1.1132811307907104
🎯 GUIDANCE STEP 45 (t=249): Loss=1.1133, Rho=1921.646729, Grad_norm=0.0005, Final_scale=19216.4673
🚀 APPLYING GUIDANCE at step 46 (timestep=206)
final_loss: 1.112636923789978
🎯 GUIDANCE STEP 46 (t=206): Loss=1.1126, Rho=1704.788940, Grad_norm=0.0006, Final_scale=17047.8894
🚀 APPLYING GUIDANCE at step 47 (timestep=160)
final_loss: 1.1118741035461426
🎯 GUIDANCE STEP 47 (t=160): Loss=1.1119, Rho=2008.500732, Grad_norm=0.0005, Final_scale=20085.0073
🚀 APPLYING GUIDANCE at step 48 (timestep=111)
final_loss: 1.109998106956482
🎯 GUIDANCE STEP 48 (t=111): Loss=1.1100, Rho=1053.066040, Grad_norm=0.0009, Final_scale=10530.6604
🚀 APPLYING GUIDANCE at step 49 (timestep=57)
final_loss: 1.108883261680603
🎯 GUIDANCE STEP 49 (t=57): Loss=1.1089, Rho=1552.646484, Grad_norm=0.0006, Final_scale=15526.4648
[guidance_f33_s50_w16c8_rho10.0_cfg5.0torch] Generated: generated_videos/subject_consistency/guidance_f33_s50_w16c8_rho10.0_cfg5.0torch/a cat playing in park.mp4
[guidance_f33_s50_w16c8_rho10.0_cfg5.0torch] Generating video 8/9 (guidance): a cat drinking water
🎬 STARTING GUIDANCE PIPELINE GENERATION
   Frames: 33, Steps: 50, CFG Scale: 5.0

🔧 GUIDANCE PIPELINE CONFIGURATION:
   Guidance range: 0 - 1001
   Rho scale: 10.0
   V-JEPA kernel_size: 16
   V-JEPA context_length: 8
   V-JEPA stride: 2
   V-JEPA mode: max
   Total timesteps: 50

🚀 APPLYING GUIDANCE at step 0 (timestep=999)
final_loss: 1.1243106126785278
🎯 GUIDANCE STEP 0 (t=999): Loss=1.1243, Rho=32.070286, Grad_norm=0.0312, Final_scale=320.7029
🚀 APPLYING GUIDANCE at step 1 (timestep=992)
final_loss: 1.138614296913147
🎯 GUIDANCE STEP 1 (t=992): Loss=1.1386, Rho=168.736267, Grad_norm=0.0059, Final_scale=1687.3627
🚀 APPLYING GUIDANCE at step 2 (timestep=985)
final_loss: 1.1342573165893555
🎯 GUIDANCE STEP 2 (t=985): Loss=1.1343, Rho=205.789291, Grad_norm=0.0049, Final_scale=2057.8929
🚀 APPLYING GUIDANCE at step 3 (timestep=978)
final_loss: 1.1338300704956055
🎯 GUIDANCE STEP 3 (t=978): Loss=1.1338, Rho=334.494080, Grad_norm=0.0030, Final_scale=3344.9408
🚀 APPLYING GUIDANCE at step 4 (timestep=971)
final_loss: 1.1344801187515259
🎯 GUIDANCE STEP 4 (t=971): Loss=1.1345, Rho=402.528625, Grad_norm=0.0025, Final_scale=4025.2863
🚀 APPLYING GUIDANCE at step 5 (timestep=963)
final_loss: 1.1339523792266846
🎯 GUIDANCE STEP 5 (t=963): Loss=1.1340, Rho=490.656921, Grad_norm=0.0020, Final_scale=4906.5692
🚀 APPLYING GUIDANCE at step 6 (timestep=956)
final_loss: 1.133692741394043
🎯 GUIDANCE STEP 6 (t=956): Loss=1.1337, Rho=484.961060, Grad_norm=0.0021, Final_scale=4849.6106
🚀 APPLYING GUIDANCE at step 7 (timestep=948)
final_loss: 1.1327426433563232
🎯 GUIDANCE STEP 7 (t=948): Loss=1.1327, Rho=363.297058, Grad_norm=0.0028, Final_scale=3632.9706
🚀 APPLYING GUIDANCE at step 8 (timestep=939)
final_loss: 1.133871078491211
🎯 GUIDANCE STEP 8 (t=939): Loss=1.1339, Rho=789.406433, Grad_norm=0.0013, Final_scale=7894.0643
🚀 APPLYING GUIDANCE at step 9 (timestep=931)
final_loss: 1.1328142881393433
🎯 GUIDANCE STEP 9 (t=931): Loss=1.1328, Rho=384.803070, Grad_norm=0.0026, Final_scale=3848.0307
🚀 APPLYING GUIDANCE at step 10 (timestep=922)
final_loss: 1.1336811780929565
🎯 GUIDANCE STEP 10 (t=922): Loss=1.1337, Rho=604.386536, Grad_norm=0.0017, Final_scale=6043.8654
🚀 APPLYING GUIDANCE at step 11 (timestep=913)
final_loss: 1.134168267250061
🎯 GUIDANCE STEP 11 (t=913): Loss=1.1342, Rho=628.426941, Grad_norm=0.0016, Final_scale=6284.2694
🚀 APPLYING GUIDANCE at step 12 (timestep=904)
final_loss: 1.1334775686264038
🎯 GUIDANCE STEP 12 (t=904): Loss=1.1335, Rho=646.464722, Grad_norm=0.0015, Final_scale=6464.6472
🚀 APPLYING GUIDANCE at step 13 (timestep=894)
final_loss: 1.1334524154663086
🎯 GUIDANCE STEP 13 (t=894): Loss=1.1335, Rho=703.085510, Grad_norm=0.0014, Final_scale=7030.8551
🚀 APPLYING GUIDANCE at step 14 (timestep=884)
final_loss: 1.1332330703735352
🎯 GUIDANCE STEP 14 (t=884): Loss=1.1332, Rho=650.105286, Grad_norm=0.0015, Final_scale=6501.0529
🚀 APPLYING GUIDANCE at step 15 (timestep=874)
final_loss: 1.1328972578048706
🎯 GUIDANCE STEP 15 (t=874): Loss=1.1329, Rho=676.370300, Grad_norm=0.0015, Final_scale=6763.7030
🚀 APPLYING GUIDANCE at step 16 (timestep=864)
final_loss: 1.1327646970748901
🎯 GUIDANCE STEP 16 (t=864): Loss=1.1328, Rho=619.847290, Grad_norm=0.0016, Final_scale=6198.4729
🚀 APPLYING GUIDANCE at step 17 (timestep=853)
final_loss: 1.1325883865356445
🎯 GUIDANCE STEP 17 (t=853): Loss=1.1326, Rho=529.920593, Grad_norm=0.0019, Final_scale=5299.2059
🚀 APPLYING GUIDANCE at step 18 (timestep=841)
final_loss: 1.1326185464859009
🎯 GUIDANCE STEP 18 (t=841): Loss=1.1326, Rho=502.063904, Grad_norm=0.0020, Final_scale=5020.6390
🚀 APPLYING GUIDANCE at step 19 (timestep=829)
final_loss: 1.1326403617858887
🎯 GUIDANCE STEP 19 (t=829): Loss=1.1326, Rho=603.541138, Grad_norm=0.0017, Final_scale=6035.4114
🚀 APPLYING GUIDANCE at step 20 (timestep=817)
final_loss: 1.132569670677185
🎯 GUIDANCE STEP 20 (t=817): Loss=1.1326, Rho=707.480591, Grad_norm=0.0014, Final_scale=7074.8059
🚀 APPLYING GUIDANCE at step 21 (timestep=805)
final_loss: 1.1328133344650269
🎯 GUIDANCE STEP 21 (t=805): Loss=1.1328, Rho=674.336670, Grad_norm=0.0015, Final_scale=6743.3667
🚀 APPLYING GUIDANCE at step 22 (timestep=792)
final_loss: 1.1323955059051514
🎯 GUIDANCE STEP 22 (t=792): Loss=1.1324, Rho=690.174011, Grad_norm=0.0014, Final_scale=6901.7401
🚀 APPLYING GUIDANCE at step 23 (timestep=778)
final_loss: 1.1323232650756836
🎯 GUIDANCE STEP 23 (t=778): Loss=1.1323, Rho=670.225098, Grad_norm=0.0015, Final_scale=6702.2510
🚀 APPLYING GUIDANCE at step 24 (timestep=764)
final_loss: 1.1320725679397583
🎯 GUIDANCE STEP 24 (t=764): Loss=1.1321, Rho=442.011536, Grad_norm=0.0023, Final_scale=4420.1154
🚀 APPLYING GUIDANCE at step 25 (timestep=749)
final_loss: 1.132212519645691
🎯 GUIDANCE STEP 25 (t=749): Loss=1.1322, Rho=826.155701, Grad_norm=0.0012, Final_scale=8261.5570
🚀 APPLYING GUIDANCE at step 26 (timestep=734)
final_loss: 1.13223397731781
🎯 GUIDANCE STEP 26 (t=734): Loss=1.1322, Rho=853.800842, Grad_norm=0.0012, Final_scale=8538.0084
🚀 APPLYING GUIDANCE at step 27 (timestep=718)
final_loss: 1.132055640220642
🎯 GUIDANCE STEP 27 (t=718): Loss=1.1321, Rho=842.132751, Grad_norm=0.0012, Final_scale=8421.3275
🚀 APPLYING GUIDANCE at step 28 (timestep=701)
final_loss: 1.1318540573120117
🎯 GUIDANCE STEP 28 (t=701): Loss=1.1319, Rho=944.034546, Grad_norm=0.0011, Final_scale=9440.3455
🚀 APPLYING GUIDANCE at step 29 (timestep=684)
final_loss: 1.1319315433502197
🎯 GUIDANCE STEP 29 (t=684): Loss=1.1319, Rho=891.186157, Grad_norm=0.0011, Final_scale=8911.8616
🚀 APPLYING GUIDANCE at step 30 (timestep=666)
final_loss: 1.1317837238311768
🎯 GUIDANCE STEP 30 (t=666): Loss=1.1318, Rho=1069.619507, Grad_norm=0.0009, Final_scale=10696.1951
🚀 APPLYING GUIDANCE at step 31 (timestep=647)
final_loss: 1.131856918334961
🎯 GUIDANCE STEP 31 (t=647): Loss=1.1319, Rho=986.187500, Grad_norm=0.0010, Final_scale=9861.8750
🚀 APPLYING GUIDANCE at step 32 (timestep=627)
final_loss: 1.1317081451416016
🎯 GUIDANCE STEP 32 (t=627): Loss=1.1317, Rho=972.262390, Grad_norm=0.0010, Final_scale=9722.6239
🚀 APPLYING GUIDANCE at step 33 (timestep=606)
final_loss: 1.1317520141601562
🎯 GUIDANCE STEP 33 (t=606): Loss=1.1318, Rho=1165.088745, Grad_norm=0.0009, Final_scale=11650.8875
🚀 APPLYING GUIDANCE at step 34 (timestep=585)
final_loss: 1.1314386129379272
🎯 GUIDANCE STEP 34 (t=585): Loss=1.1314, Rho=746.774048, Grad_norm=0.0013, Final_scale=7467.7405
🚀 APPLYING GUIDANCE at step 35 (timestep=562)
final_loss: 1.1314712762832642
🎯 GUIDANCE STEP 35 (t=562): Loss=1.1315, Rho=1117.888794, Grad_norm=0.0009, Final_scale=11178.8879
🚀 APPLYING GUIDANCE at step 36 (timestep=538)
final_loss: 1.131260633468628
🎯 GUIDANCE STEP 36 (t=538): Loss=1.1313, Rho=573.812744, Grad_norm=0.0017, Final_scale=5738.1274
🚀 APPLYING GUIDANCE at step 37 (timestep=512)
final_loss: 1.1312288045883179
🎯 GUIDANCE STEP 37 (t=512): Loss=1.1312, Rho=862.815735, Grad_norm=0.0012, Final_scale=8628.1573
🚀 APPLYING GUIDANCE at step 38 (timestep=486)
final_loss: 1.1311005353927612
🎯 GUIDANCE STEP 38 (t=486): Loss=1.1311, Rho=1291.154785, Grad_norm=0.0008, Final_scale=12911.5479
🚀 APPLYING GUIDANCE at step 39 (timestep=458)
final_loss: 1.1309715509414673
🎯 GUIDANCE STEP 39 (t=458): Loss=1.1310, Rho=1339.904419, Grad_norm=0.0007, Final_scale=13399.0442
🚀 APPLYING GUIDANCE at step 40 (timestep=428)
final_loss: 1.1305887699127197
🎯 GUIDANCE STEP 40 (t=428): Loss=1.1306, Rho=1401.884399, Grad_norm=0.0007, Final_scale=14018.8440
🚀 APPLYING GUIDANCE at step 41 (timestep=396)
final_loss: 1.1305158138275146
🎯 GUIDANCE STEP 41 (t=396): Loss=1.1305, Rho=1267.843628, Grad_norm=0.0008, Final_scale=12678.4363
🚀 APPLYING GUIDANCE at step 42 (timestep=363)
final_loss: 1.1301555633544922
🎯 GUIDANCE STEP 42 (t=363): Loss=1.1302, Rho=1218.498657, Grad_norm=0.0008, Final_scale=12184.9866
🚀 APPLYING GUIDANCE at step 43 (timestep=327)
final_loss: 1.1301708221435547
🎯 GUIDANCE STEP 43 (t=327): Loss=1.1302, Rho=1122.439453, Grad_norm=0.0009, Final_scale=11224.3945
🚀 APPLYING GUIDANCE at step 44 (timestep=290)
final_loss: 1.1296755075454712
🎯 GUIDANCE STEP 44 (t=290): Loss=1.1297, Rho=1068.184692, Grad_norm=0.0009, Final_scale=10681.8469
🚀 APPLYING GUIDANCE at step 45 (timestep=249)
final_loss: 1.1294538974761963
🎯 GUIDANCE STEP 45 (t=249): Loss=1.1295, Rho=1303.770386, Grad_norm=0.0008, Final_scale=13037.7039
🚀 APPLYING GUIDANCE at step 46 (timestep=206)
final_loss: 1.1287188529968262
🎯 GUIDANCE STEP 46 (t=206): Loss=1.1287, Rho=1233.266479, Grad_norm=0.0008, Final_scale=12332.6648
🚀 APPLYING GUIDANCE at step 47 (timestep=160)
final_loss: 1.128177523612976
🎯 GUIDANCE STEP 47 (t=160): Loss=1.1282, Rho=1242.293457, Grad_norm=0.0008, Final_scale=12422.9346
🚀 APPLYING GUIDANCE at step 48 (timestep=111)
final_loss: 1.1268643140792847
🎯 GUIDANCE STEP 48 (t=111): Loss=1.1269, Rho=1018.894226, Grad_norm=0.0010, Final_scale=10188.9423
🚀 APPLYING GUIDANCE at step 49 (timestep=57)
final_loss: 1.1255234479904175
🎯 GUIDANCE STEP 49 (t=57): Loss=1.1255, Rho=950.213501, Grad_norm=0.0011, Final_scale=9502.1350
[guidance_f33_s50_w16c8_rho10.0_cfg5.0torch] Generated: generated_videos/subject_consistency/guidance_f33_s50_w16c8_rho10.0_cfg5.0torch/a giraffe bending down to drink water from a river.mp4
[guidance_f33_s50_w16c8_rho10.0_cfg5.0torch] Generating video 8/9 (guidance): a giraffe taking a peaceful walk
🎬 STARTING GUIDANCE PIPELINE GENERATION
   Frames: 33, Steps: 50, CFG Scale: 5.0

🔧 GUIDANCE PIPELINE CONFIGURATION:
   Guidance range: 0 - 1001
   Rho scale: 10.0
   V-JEPA kernel_size: 16
   V-JEPA context_length: 8
   V-JEPA stride: 2
   V-JEPA mode: max
   Total timesteps: 50

🚀 APPLYING GUIDANCE at step 0 (timestep=999)
final_loss: 1.1354868412017822
🎯 GUIDANCE STEP 0 (t=999): Loss=1.1355, Rho=97.994713, Grad_norm=0.0102, Final_scale=979.9471
🚀 APPLYING GUIDANCE at step 1 (timestep=992)
final_loss: 1.1475104093551636
🎯 GUIDANCE STEP 1 (t=992): Loss=1.1475, Rho=150.818268, Grad_norm=0.0066, Final_scale=1508.1827
🚀 APPLYING GUIDANCE at step 2 (timestep=985)
final_loss: 1.1476833820343018
🎯 GUIDANCE STEP 2 (t=985): Loss=1.1477, Rho=400.663666, Grad_norm=0.0025, Final_scale=4006.6367
🚀 APPLYING GUIDANCE at step 3 (timestep=978)
final_loss: 1.1479028463363647
🎯 GUIDANCE STEP 3 (t=978): Loss=1.1479, Rho=509.249847, Grad_norm=0.0020, Final_scale=5092.4985
🚀 APPLYING GUIDANCE at step 4 (timestep=971)
final_loss: 1.1473890542984009
🎯 GUIDANCE STEP 4 (t=971): Loss=1.1474, Rho=417.801666, Grad_norm=0.0024, Final_scale=4178.0167
🚀 APPLYING GUIDANCE at step 5 (timestep=963)
final_loss: 1.1488866806030273
🎯 GUIDANCE STEP 5 (t=963): Loss=1.1489, Rho=267.462982, Grad_norm=0.0037, Final_scale=2674.6298
🚀 APPLYING GUIDANCE at step 6 (timestep=956)
final_loss: 1.1500778198242188
🎯 GUIDANCE STEP 6 (t=956): Loss=1.1501, Rho=325.065308, Grad_norm=0.0031, Final_scale=3250.6531
🚀 APPLYING GUIDANCE at step 7 (timestep=948)
final_loss: 1.148214340209961
🎯 GUIDANCE STEP 7 (t=948): Loss=1.1482, Rho=238.870117, Grad_norm=0.0042, Final_scale=2388.7012
🚀 APPLYING GUIDANCE at step 8 (timestep=939)
final_loss: 1.1484450101852417
🎯 GUIDANCE STEP 8 (t=939): Loss=1.1484, Rho=356.236908, Grad_norm=0.0028, Final_scale=3562.3691
🚀 APPLYING GUIDANCE at step 9 (timestep=931)
final_loss: 1.148215413093567
🎯 GUIDANCE STEP 9 (t=931): Loss=1.1482, Rho=456.175995, Grad_norm=0.0022, Final_scale=4561.7599
🚀 APPLYING GUIDANCE at step 10 (timestep=922)
final_loss: 1.1481704711914062
🎯 GUIDANCE STEP 10 (t=922): Loss=1.1482, Rho=480.220398, Grad_norm=0.0021, Final_scale=4802.2040
🚀 APPLYING GUIDANCE at step 11 (timestep=913)
final_loss: 1.1481599807739258
🎯 GUIDANCE STEP 11 (t=913): Loss=1.1482, Rho=424.573578, Grad_norm=0.0024, Final_scale=4245.7358
🚀 APPLYING GUIDANCE at step 12 (timestep=904)
final_loss: 1.1481218338012695
🎯 GUIDANCE STEP 12 (t=904): Loss=1.1481, Rho=562.809326, Grad_norm=0.0018, Final_scale=5628.0933
🚀 APPLYING GUIDANCE at step 13 (timestep=894)
final_loss: 1.1481914520263672
🎯 GUIDANCE STEP 13 (t=894): Loss=1.1482, Rho=634.338684, Grad_norm=0.0016, Final_scale=6343.3868
🚀 APPLYING GUIDANCE at step 14 (timestep=884)
final_loss: 1.148161768913269
🎯 GUIDANCE STEP 14 (t=884): Loss=1.1482, Rho=630.823059, Grad_norm=0.0016, Final_scale=6308.2306
🚀 APPLYING GUIDANCE at step 15 (timestep=874)
final_loss: 1.1484062671661377
🎯 GUIDANCE STEP 15 (t=874): Loss=1.1484, Rho=678.853516, Grad_norm=0.0015, Final_scale=6788.5352
🚀 APPLYING GUIDANCE at step 16 (timestep=864)
final_loss: 1.1486589908599854
🎯 GUIDANCE STEP 16 (t=864): Loss=1.1487, Rho=825.920288, Grad_norm=0.0012, Final_scale=8259.2029
🚀 APPLYING GUIDANCE at step 17 (timestep=853)
final_loss: 1.1486997604370117
🎯 GUIDANCE STEP 17 (t=853): Loss=1.1487, Rho=803.274780, Grad_norm=0.0012, Final_scale=8032.7478
🚀 APPLYING GUIDANCE at step 18 (timestep=841)
final_loss: 1.148677110671997
🎯 GUIDANCE STEP 18 (t=841): Loss=1.1487, Rho=844.911377, Grad_norm=0.0012, Final_scale=8449.1138
🚀 APPLYING GUIDANCE at step 19 (timestep=829)
final_loss: 1.1488145589828491
🎯 GUIDANCE STEP 19 (t=829): Loss=1.1488, Rho=809.561829, Grad_norm=0.0012, Final_scale=8095.6183
🚀 APPLYING GUIDANCE at step 20 (timestep=817)
final_loss: 1.1486467123031616
🎯 GUIDANCE STEP 20 (t=817): Loss=1.1486, Rho=1017.468079, Grad_norm=0.0010, Final_scale=10174.6808
🚀 APPLYING GUIDANCE at step 21 (timestep=805)
final_loss: 1.1486648321151733
🎯 GUIDANCE STEP 21 (t=805): Loss=1.1487, Rho=855.606384, Grad_norm=0.0012, Final_scale=8556.0638
🚀 APPLYING GUIDANCE at step 22 (timestep=792)
final_loss: 1.148652195930481
🎯 GUIDANCE STEP 22 (t=792): Loss=1.1487, Rho=1028.140503, Grad_norm=0.0010, Final_scale=10281.4050
🚀 APPLYING GUIDANCE at step 23 (timestep=778)
final_loss: 1.1485358476638794
🎯 GUIDANCE STEP 23 (t=778): Loss=1.1485, Rho=1113.536621, Grad_norm=0.0009, Final_scale=11135.3662
🚀 APPLYING GUIDANCE at step 24 (timestep=764)
final_loss: 1.1485236883163452
🎯 GUIDANCE STEP 24 (t=764): Loss=1.1485, Rho=1067.748413, Grad_norm=0.0009, Final_scale=10677.4841
🚀 APPLYING GUIDANCE at step 25 (timestep=749)
final_loss: 1.148537039756775
🎯 GUIDANCE STEP 25 (t=749): Loss=1.1485, Rho=1141.680176, Grad_norm=0.0009, Final_scale=11416.8018
🚀 APPLYING GUIDANCE at step 26 (timestep=734)
final_loss: 1.1486217975616455
🎯 GUIDANCE STEP 26 (t=734): Loss=1.1486, Rho=1250.882446, Grad_norm=0.0008, Final_scale=12508.8245
🚀 APPLYING GUIDANCE at step 27 (timestep=718)
final_loss: 1.14846670627594
🎯 GUIDANCE STEP 27 (t=718): Loss=1.1485, Rho=1235.756470, Grad_norm=0.0008, Final_scale=12357.5647
🚀 APPLYING GUIDANCE at step 28 (timestep=701)
final_loss: 1.1483935117721558
🎯 GUIDANCE STEP 28 (t=701): Loss=1.1484, Rho=1109.888672, Grad_norm=0.0009, Final_scale=11098.8867
🚀 APPLYING GUIDANCE at step 29 (timestep=684)
final_loss: 1.1483827829360962
🎯 GUIDANCE STEP 29 (t=684): Loss=1.1484, Rho=880.753967, Grad_norm=0.0011, Final_scale=8807.5397
🚀 APPLYING GUIDANCE at step 30 (timestep=666)
final_loss: 1.1482688188552856
🎯 GUIDANCE STEP 30 (t=666): Loss=1.1483, Rho=1039.927979, Grad_norm=0.0010, Final_scale=10399.2798
🚀 APPLYING GUIDANCE at step 31 (timestep=647)
final_loss: 1.1483463048934937
🎯 GUIDANCE STEP 31 (t=647): Loss=1.1483, Rho=1295.350464, Grad_norm=0.0008, Final_scale=12953.5046
🚀 APPLYING GUIDANCE at step 32 (timestep=627)
final_loss: 1.148348331451416
🎯 GUIDANCE STEP 32 (t=627): Loss=1.1483, Rho=1381.272949, Grad_norm=0.0007, Final_scale=13812.7295
🚀 APPLYING GUIDANCE at step 33 (timestep=606)
final_loss: 1.148227572441101
🎯 GUIDANCE STEP 33 (t=606): Loss=1.1482, Rho=1439.052979, Grad_norm=0.0007, Final_scale=14390.5298
🚀 APPLYING GUIDANCE at step 34 (timestep=585)
final_loss: 1.1481977701187134
🎯 GUIDANCE STEP 34 (t=585): Loss=1.1482, Rho=1268.371460, Grad_norm=0.0008, Final_scale=12683.7146
🚀 APPLYING GUIDANCE at step 35 (timestep=562)
final_loss: 1.1480594873428345
🎯 GUIDANCE STEP 35 (t=562): Loss=1.1481, Rho=1481.718140, Grad_norm=0.0007, Final_scale=14817.1814
🚀 APPLYING GUIDANCE at step 36 (timestep=538)
final_loss: 1.1480830907821655
🎯 GUIDANCE STEP 36 (t=538): Loss=1.1481, Rho=1590.261230, Grad_norm=0.0006, Final_scale=15902.6123
🚀 APPLYING GUIDANCE at step 37 (timestep=512)
final_loss: 1.147997260093689
🎯 GUIDANCE STEP 37 (t=512): Loss=1.1480, Rho=1780.100098, Grad_norm=0.0006, Final_scale=17801.0010
🚀 APPLYING GUIDANCE at step 38 (timestep=486)
final_loss: 1.1479138135910034
🎯 GUIDANCE STEP 38 (t=486): Loss=1.1479, Rho=1632.007812, Grad_norm=0.0006, Final_scale=16320.0781
🚀 APPLYING GUIDANCE at step 39 (timestep=458)
final_loss: 1.1479088068008423
🎯 GUIDANCE STEP 39 (t=458): Loss=1.1479, Rho=1020.183594, Grad_norm=0.0010, Final_scale=10201.8359
🚀 APPLYING GUIDANCE at step 40 (timestep=428)
final_loss: 1.147979974746704
🎯 GUIDANCE STEP 40 (t=428): Loss=1.1480, Rho=1449.647705, Grad_norm=0.0007, Final_scale=14496.4771
🚀 APPLYING GUIDANCE at step 41 (timestep=396)
final_loss: 1.1478205919265747
🎯 GUIDANCE STEP 41 (t=396): Loss=1.1478, Rho=1443.954590, Grad_norm=0.0007, Final_scale=14439.5459
🚀 APPLYING GUIDANCE at step 42 (timestep=363)
final_loss: 1.1478205919265747
🎯 GUIDANCE STEP 42 (t=363): Loss=1.1478, Rho=732.755554, Grad_norm=0.0014, Final_scale=7327.5555
🚀 APPLYING GUIDANCE at step 43 (timestep=327)
final_loss: 1.147886872291565
🎯 GUIDANCE STEP 43 (t=327): Loss=1.1479, Rho=1725.502808, Grad_norm=0.0006, Final_scale=17255.0281
🚀 APPLYING GUIDANCE at step 44 (timestep=290)
final_loss: 1.1476242542266846
🎯 GUIDANCE STEP 44 (t=290): Loss=1.1476, Rho=1590.745850, Grad_norm=0.0006, Final_scale=15907.4585
🚀 APPLYING GUIDANCE at step 45 (timestep=249)
final_loss: 1.147593379020691
🎯 GUIDANCE STEP 45 (t=249): Loss=1.1476, Rho=829.029846, Grad_norm=0.0012, Final_scale=8290.2985
🚀 APPLYING GUIDANCE at step 46 (timestep=206)
final_loss: 1.1474746465682983
🎯 GUIDANCE STEP 46 (t=206): Loss=1.1475, Rho=1988.873291, Grad_norm=0.0005, Final_scale=19888.7329
🚀 APPLYING GUIDANCE at step 47 (timestep=160)
final_loss: 1.1474426984786987
🎯 GUIDANCE STEP 47 (t=160): Loss=1.1474, Rho=2573.348145, Grad_norm=0.0004, Final_scale=25733.4814
🚀 APPLYING GUIDANCE at step 48 (timestep=111)
final_loss: 1.1472234725952148
🎯 GUIDANCE STEP 48 (t=111): Loss=1.1472, Rho=2766.817139, Grad_norm=0.0004, Final_scale=27668.1714
🚀 APPLYING GUIDANCE at step 49 (timestep=57)
final_loss: 1.1466784477233887
🎯 GUIDANCE STEP 49 (t=57): Loss=1.1467, Rho=1920.846191, Grad_norm=0.0005, Final_scale=19208.4619
[guidance_f33_s50_w16c8_rho10.0_cfg5.0torch] Generated: generated_videos/subject_consistency/guidance_f33_s50_w16c8_rho10.0_cfg5.0torch/a motorcycle cruising along a coastal highway.mp4
[guidance_f33_s50_w16c8_rho10.0_cfg5.0torch] Generating video 8/9 (guidance): a motorcycle turning a corner
🎬 STARTING GUIDANCE PIPELINE GENERATION
   Frames: 33, Steps: 50, CFG Scale: 5.0

🔧 GUIDANCE PIPELINE CONFIGURATION:
   Guidance range: 0 - 1001
   Rho scale: 10.0
   V-JEPA kernel_size: 16
   V-JEPA context_length: 8
   V-JEPA stride: 2
   V-JEPA mode: max
   Total timesteps: 50

🚀 APPLYING GUIDANCE at step 0 (timestep=999)
final_loss: 1.1495064496994019
🎯 GUIDANCE STEP 0 (t=999): Loss=1.1495, Rho=346.572235, Grad_norm=0.0029, Final_scale=3465.7224
🚀 APPLYING GUIDANCE at step 1 (timestep=992)
final_loss: 1.1398290395736694
🎯 GUIDANCE STEP 1 (t=992): Loss=1.1398, Rho=298.520142, Grad_norm=0.0033, Final_scale=2985.2014
🚀 APPLYING GUIDANCE at step 2 (timestep=985)
final_loss: 1.1381527185440063
🎯 GUIDANCE STEP 2 (t=985): Loss=1.1382, Rho=151.184189, Grad_norm=0.0066, Final_scale=1511.8419
🚀 APPLYING GUIDANCE at step 3 (timestep=978)
final_loss: 1.1364867687225342
🎯 GUIDANCE STEP 3 (t=978): Loss=1.1365, Rho=156.032593, Grad_norm=0.0064, Final_scale=1560.3259
🚀 APPLYING GUIDANCE at step 4 (timestep=971)
final_loss: 1.1357303857803345
🎯 GUIDANCE STEP 4 (t=971): Loss=1.1357, Rho=122.909683, Grad_norm=0.0081, Final_scale=1229.0968
🚀 APPLYING GUIDANCE at step 5 (timestep=963)
final_loss: 1.1365554332733154
🎯 GUIDANCE STEP 5 (t=963): Loss=1.1366, Rho=194.099152, Grad_norm=0.0052, Final_scale=1940.9915
🚀 APPLYING GUIDANCE at step 6 (timestep=956)
final_loss: 1.1344835758209229
🎯 GUIDANCE STEP 6 (t=956): Loss=1.1345, Rho=184.057343, Grad_norm=0.0054, Final_scale=1840.5734
🚀 APPLYING GUIDANCE at step 7 (timestep=948)
final_loss: 1.1338541507720947
🎯 GUIDANCE STEP 7 (t=948): Loss=1.1339, Rho=250.864761, Grad_norm=0.0040, Final_scale=2508.6476
🚀 APPLYING GUIDANCE at step 8 (timestep=939)
final_loss: 1.1339547634124756
🎯 GUIDANCE STEP 8 (t=939): Loss=1.1340, Rho=213.100418, Grad_norm=0.0047, Final_scale=2131.0042
🚀 APPLYING GUIDANCE at step 9 (timestep=931)
final_loss: 1.1345094442367554
🎯 GUIDANCE STEP 9 (t=931): Loss=1.1345, Rho=198.861771, Grad_norm=0.0050, Final_scale=1988.6177
🚀 APPLYING GUIDANCE at step 10 (timestep=922)
final_loss: 1.134778380393982
🎯 GUIDANCE STEP 10 (t=922): Loss=1.1348, Rho=197.461609, Grad_norm=0.0051, Final_scale=1974.6161
🚀 APPLYING GUIDANCE at step 11 (timestep=913)
final_loss: 1.1343389749526978
🎯 GUIDANCE STEP 11 (t=913): Loss=1.1343, Rho=380.294525, Grad_norm=0.0026, Final_scale=3802.9453
🚀 APPLYING GUIDANCE at step 12 (timestep=904)
final_loss: 1.1349493265151978
🎯 GUIDANCE STEP 12 (t=904): Loss=1.1349, Rho=311.940552, Grad_norm=0.0032, Final_scale=3119.4055
🚀 APPLYING GUIDANCE at step 13 (timestep=894)
final_loss: 1.135299801826477
🎯 GUIDANCE STEP 13 (t=894): Loss=1.1353, Rho=336.797638, Grad_norm=0.0030, Final_scale=3367.9764
🚀 APPLYING GUIDANCE at step 14 (timestep=884)
final_loss: 1.135355830192566
🎯 GUIDANCE STEP 14 (t=884): Loss=1.1354, Rho=346.123779, Grad_norm=0.0029, Final_scale=3461.2378
🚀 APPLYING GUIDANCE at step 15 (timestep=874)
final_loss: 1.1353667974472046
🎯 GUIDANCE STEP 15 (t=874): Loss=1.1354, Rho=345.380219, Grad_norm=0.0029, Final_scale=3453.8022
🚀 APPLYING GUIDANCE at step 16 (timestep=864)
final_loss: 1.1352075338363647
🎯 GUIDANCE STEP 16 (t=864): Loss=1.1352, Rho=358.078979, Grad_norm=0.0028, Final_scale=3580.7898
🚀 APPLYING GUIDANCE at step 17 (timestep=853)
final_loss: 1.1351739168167114
🎯 GUIDANCE STEP 17 (t=853): Loss=1.1352, Rho=446.145508, Grad_norm=0.0022, Final_scale=4461.4551
🚀 APPLYING GUIDANCE at step 18 (timestep=841)
final_loss: 1.135160207748413
🎯 GUIDANCE STEP 18 (t=841): Loss=1.1352, Rho=112.235504, Grad_norm=0.0089, Final_scale=1122.3550
🚀 APPLYING GUIDANCE at step 19 (timestep=829)
final_loss: 1.1352638006210327
🎯 GUIDANCE STEP 19 (t=829): Loss=1.1353, Rho=491.289001, Grad_norm=0.0020, Final_scale=4912.8900
🚀 APPLYING GUIDANCE at step 20 (timestep=817)
final_loss: 1.1350247859954834
🎯 GUIDANCE STEP 20 (t=817): Loss=1.1350, Rho=329.136780, Grad_norm=0.0030, Final_scale=3291.3678
🚀 APPLYING GUIDANCE at step 21 (timestep=805)
final_loss: 1.1351736783981323
🎯 GUIDANCE STEP 21 (t=805): Loss=1.1352, Rho=458.803650, Grad_norm=0.0022, Final_scale=4588.0365
🚀 APPLYING GUIDANCE at step 22 (timestep=792)
final_loss: 1.1351147890090942
🎯 GUIDANCE STEP 22 (t=792): Loss=1.1351, Rho=417.670868, Grad_norm=0.0024, Final_scale=4176.7087
🚀 APPLYING GUIDANCE at step 23 (timestep=778)
final_loss: 1.1352630853652954
🎯 GUIDANCE STEP 23 (t=778): Loss=1.1353, Rho=445.547302, Grad_norm=0.0022, Final_scale=4455.4730
🚀 APPLYING GUIDANCE at step 24 (timestep=764)
final_loss: 1.1351698637008667
🎯 GUIDANCE STEP 24 (t=764): Loss=1.1352, Rho=539.122803, Grad_norm=0.0019, Final_scale=5391.2280
🚀 APPLYING GUIDANCE at step 25 (timestep=749)
final_loss: 1.1351913213729858
🎯 GUIDANCE STEP 25 (t=749): Loss=1.1352, Rho=625.822632, Grad_norm=0.0016, Final_scale=6258.2263
🚀 APPLYING GUIDANCE at step 26 (timestep=734)
final_loss: 1.1352477073669434
🎯 GUIDANCE STEP 26 (t=734): Loss=1.1352, Rho=477.664459, Grad_norm=0.0021, Final_scale=4776.6446
🚀 APPLYING GUIDANCE at step 27 (timestep=718)
final_loss: 1.1352602243423462
🎯 GUIDANCE STEP 27 (t=718): Loss=1.1353, Rho=450.231171, Grad_norm=0.0022, Final_scale=4502.3117
🚀 APPLYING GUIDANCE at step 28 (timestep=701)
final_loss: 1.1352719068527222
🎯 GUIDANCE STEP 28 (t=701): Loss=1.1353, Rho=765.448486, Grad_norm=0.0013, Final_scale=7654.4849
🚀 APPLYING GUIDANCE at step 29 (timestep=684)
final_loss: 1.1349674463272095
🎯 GUIDANCE STEP 29 (t=684): Loss=1.1350, Rho=534.834717, Grad_norm=0.0019, Final_scale=5348.3472
🚀 APPLYING GUIDANCE at step 30 (timestep=666)
final_loss: 1.1350616216659546
🎯 GUIDANCE STEP 30 (t=666): Loss=1.1351, Rho=852.684509, Grad_norm=0.0012, Final_scale=8526.8451
🚀 APPLYING GUIDANCE at step 31 (timestep=647)
final_loss: 1.1349748373031616
🎯 GUIDANCE STEP 31 (t=647): Loss=1.1350, Rho=838.952698, Grad_norm=0.0012, Final_scale=8389.5270
🚀 APPLYING GUIDANCE at step 32 (timestep=627)
final_loss: 1.1349629163742065
🎯 GUIDANCE STEP 32 (t=627): Loss=1.1350, Rho=865.855896, Grad_norm=0.0012, Final_scale=8658.5590
🚀 APPLYING GUIDANCE at step 33 (timestep=606)
final_loss: 1.134929895401001
🎯 GUIDANCE STEP 33 (t=606): Loss=1.1349, Rho=815.025574, Grad_norm=0.0012, Final_scale=8150.2557
🚀 APPLYING GUIDANCE at step 34 (timestep=585)
final_loss: 1.134839415550232
🎯 GUIDANCE STEP 34 (t=585): Loss=1.1348, Rho=877.816040, Grad_norm=0.0011, Final_scale=8778.1604
🚀 APPLYING GUIDANCE at step 35 (timestep=562)
final_loss: 1.1349108219146729
🎯 GUIDANCE STEP 35 (t=562): Loss=1.1349, Rho=477.979004, Grad_norm=0.0021, Final_scale=4779.7900
🚀 APPLYING GUIDANCE at step 36 (timestep=538)
final_loss: 1.134926199913025
🎯 GUIDANCE STEP 36 (t=538): Loss=1.1349, Rho=867.115051, Grad_norm=0.0012, Final_scale=8671.1505
🚀 APPLYING GUIDANCE at step 37 (timestep=512)
final_loss: 1.134783387184143
🎯 GUIDANCE STEP 37 (t=512): Loss=1.1348, Rho=864.906982, Grad_norm=0.0012, Final_scale=8649.0698
🚀 APPLYING GUIDANCE at step 38 (timestep=486)
final_loss: 1.1348577737808228
🎯 GUIDANCE STEP 38 (t=486): Loss=1.1349, Rho=626.904236, Grad_norm=0.0016, Final_scale=6269.0424
🚀 APPLYING GUIDANCE at step 39 (timestep=458)
final_loss: 1.1348363161087036
🎯 GUIDANCE STEP 39 (t=458): Loss=1.1348, Rho=1009.954712, Grad_norm=0.0010, Final_scale=10099.5471
🚀 APPLYING GUIDANCE at step 40 (timestep=428)
final_loss: 1.1349009275436401
🎯 GUIDANCE STEP 40 (t=428): Loss=1.1349, Rho=871.483276, Grad_norm=0.0011, Final_scale=8714.8328
🚀 APPLYING GUIDANCE at step 41 (timestep=396)
final_loss: 1.1347928047180176
🎯 GUIDANCE STEP 41 (t=396): Loss=1.1348, Rho=870.774536, Grad_norm=0.0011, Final_scale=8707.7454
🚀 APPLYING GUIDANCE at step 42 (timestep=363)
final_loss: 1.1348360776901245
🎯 GUIDANCE STEP 42 (t=363): Loss=1.1348, Rho=1395.592041, Grad_norm=0.0007, Final_scale=13955.9204
🚀 APPLYING GUIDANCE at step 43 (timestep=327)
final_loss: 1.1348319053649902
🎯 GUIDANCE STEP 43 (t=327): Loss=1.1348, Rho=1343.869263, Grad_norm=0.0007, Final_scale=13438.6926
🚀 APPLYING GUIDANCE at step 44 (timestep=290)
final_loss: 1.1345409154891968
🎯 GUIDANCE STEP 44 (t=290): Loss=1.1345, Rho=1701.723511, Grad_norm=0.0006, Final_scale=17017.2351
🚀 APPLYING GUIDANCE at step 45 (timestep=249)
final_loss: 1.1346005201339722
🎯 GUIDANCE STEP 45 (t=249): Loss=1.1346, Rho=1294.518433, Grad_norm=0.0008, Final_scale=12945.1843
🚀 APPLYING GUIDANCE at step 46 (timestep=206)
final_loss: 1.1343653202056885
🎯 GUIDANCE STEP 46 (t=206): Loss=1.1344, Rho=1611.005249, Grad_norm=0.0006, Final_scale=16110.0525
🚀 APPLYING GUIDANCE at step 47 (timestep=160)
final_loss: 1.1341171264648438
🎯 GUIDANCE STEP 47 (t=160): Loss=1.1341, Rho=1615.479614, Grad_norm=0.0006, Final_scale=16154.7961
🚀 APPLYING GUIDANCE at step 48 (timestep=111)
final_loss: 1.133937120437622
🎯 GUIDANCE STEP 48 (t=111): Loss=1.1339, Rho=1598.478149, Grad_norm=0.0006, Final_scale=15984.7815
🚀 APPLYING GUIDANCE at step 49 (timestep=57)
final_loss: 1.133593201637268
🎯 GUIDANCE STEP 49 (t=57): Loss=1.1336, Rho=1300.495239, Grad_norm=0.0008, Final_scale=13004.9524
[guidance_f33_s50_w16c8_rho10.0_cfg5.0torch] Generated: generated_videos/subject_consistency/guidance_f33_s50_w16c8_rho10.0_cfg5.0torch/a person playing guitar.mp4
[guidance_f33_s50_w16c8_rho10.0_cfg5.0torch] Generating video 8/9 (guidance): a bicycle leaning against a tree
🎬 STARTING GUIDANCE PIPELINE GENERATION
   Frames: 33, Steps: 50, CFG Scale: 5.0

🔧 GUIDANCE PIPELINE CONFIGURATION:
   Guidance range: 0 - 1001
   Rho scale: 10.0
   V-JEPA kernel_size: 16
   V-JEPA context_length: 8
   V-JEPA stride: 2
   V-JEPA mode: max
   Total timesteps: 50

🚀 APPLYING GUIDANCE at step 0 (timestep=999)
final_loss: 1.1331480741500854
🎯 GUIDANCE STEP 0 (t=999): Loss=1.1331, Rho=128.367294, Grad_norm=0.0078, Final_scale=1283.6729
🚀 APPLYING GUIDANCE at step 1 (timestep=992)
final_loss: 1.1183415651321411
🎯 GUIDANCE STEP 1 (t=992): Loss=1.1183, Rho=86.173508, Grad_norm=0.0116, Final_scale=861.7351
🚀 APPLYING GUIDANCE at step 2 (timestep=985)
final_loss: 1.1234155893325806
🎯 GUIDANCE STEP 2 (t=985): Loss=1.1234, Rho=477.536957, Grad_norm=0.0021, Final_scale=4775.3696
🚀 APPLYING GUIDANCE at step 3 (timestep=978)
final_loss: 1.1229288578033447
🎯 GUIDANCE STEP 3 (t=978): Loss=1.1229, Rho=409.506073, Grad_norm=0.0024, Final_scale=4095.0607
🚀 APPLYING GUIDANCE at step 4 (timestep=971)
final_loss: 1.1219156980514526
🎯 GUIDANCE STEP 4 (t=971): Loss=1.1219, Rho=284.068115, Grad_norm=0.0035, Final_scale=2840.6812
🚀 APPLYING GUIDANCE at step 5 (timestep=963)
final_loss: 1.1234766244888306
🎯 GUIDANCE STEP 5 (t=963): Loss=1.1235, Rho=404.217468, Grad_norm=0.0025, Final_scale=4042.1747
🚀 APPLYING GUIDANCE at step 6 (timestep=956)
final_loss: 1.1234469413757324
🎯 GUIDANCE STEP 6 (t=956): Loss=1.1234, Rho=529.808594, Grad_norm=0.0019, Final_scale=5298.0859
🚀 APPLYING GUIDANCE at step 7 (timestep=948)
final_loss: 1.1239173412322998
🎯 GUIDANCE STEP 7 (t=948): Loss=1.1239, Rho=583.239136, Grad_norm=0.0017, Final_scale=5832.3914
🚀 APPLYING GUIDANCE at step 8 (timestep=939)
final_loss: 1.1230099201202393
🎯 GUIDANCE STEP 8 (t=939): Loss=1.1230, Rho=721.883606, Grad_norm=0.0014, Final_scale=7218.8361
🚀 APPLYING GUIDANCE at step 9 (timestep=931)
final_loss: 1.1228067874908447
🎯 GUIDANCE STEP 9 (t=931): Loss=1.1228, Rho=765.261292, Grad_norm=0.0013, Final_scale=7652.6129
🚀 APPLYING GUIDANCE at step 10 (timestep=922)
final_loss: 1.1226040124893188
🎯 GUIDANCE STEP 10 (t=922): Loss=1.1226, Rho=746.278015, Grad_norm=0.0013, Final_scale=7462.7802
🚀 APPLYING GUIDANCE at step 11 (timestep=913)
final_loss: 1.1227282285690308
🎯 GUIDANCE STEP 11 (t=913): Loss=1.1227, Rho=870.017029, Grad_norm=0.0011, Final_scale=8700.1703
🚀 APPLYING GUIDANCE at step 12 (timestep=904)
final_loss: 1.1225261688232422
🎯 GUIDANCE STEP 12 (t=904): Loss=1.1225, Rho=891.520874, Grad_norm=0.0011, Final_scale=8915.2087
🚀 APPLYING GUIDANCE at step 13 (timestep=894)
final_loss: 1.1224454641342163
🎯 GUIDANCE STEP 13 (t=894): Loss=1.1224, Rho=823.862854, Grad_norm=0.0012, Final_scale=8238.6285
🚀 APPLYING GUIDANCE at step 14 (timestep=884)
final_loss: 1.122552752494812
🎯 GUIDANCE STEP 14 (t=884): Loss=1.1226, Rho=893.339050, Grad_norm=0.0011, Final_scale=8933.3905
🚀 APPLYING GUIDANCE at step 15 (timestep=874)
final_loss: 1.1224689483642578
🎯 GUIDANCE STEP 15 (t=874): Loss=1.1225, Rho=1093.533569, Grad_norm=0.0009, Final_scale=10935.3357
🚀 APPLYING GUIDANCE at step 16 (timestep=864)
final_loss: 1.1225214004516602
🎯 GUIDANCE STEP 16 (t=864): Loss=1.1225, Rho=1046.605713, Grad_norm=0.0010, Final_scale=10466.0571
🚀 APPLYING GUIDANCE at step 17 (timestep=853)
final_loss: 1.1227270364761353
🎯 GUIDANCE STEP 17 (t=853): Loss=1.1227, Rho=997.377869, Grad_norm=0.0010, Final_scale=9973.7787
🚀 APPLYING GUIDANCE at step 18 (timestep=841)
final_loss: 1.1227686405181885
🎯 GUIDANCE STEP 18 (t=841): Loss=1.1228, Rho=1075.062134, Grad_norm=0.0009, Final_scale=10750.6213
🚀 APPLYING GUIDANCE at step 19 (timestep=829)
final_loss: 1.122377634048462
🎯 GUIDANCE STEP 19 (t=829): Loss=1.1224, Rho=1036.960205, Grad_norm=0.0010, Final_scale=10369.6021
🚀 APPLYING GUIDANCE at step 20 (timestep=817)
final_loss: 1.1225215196609497
🎯 GUIDANCE STEP 20 (t=817): Loss=1.1225, Rho=1148.563110, Grad_norm=0.0009, Final_scale=11485.6311
🚀 APPLYING GUIDANCE at step 21 (timestep=805)
final_loss: 1.1224949359893799
🎯 GUIDANCE STEP 21 (t=805): Loss=1.1225, Rho=1007.684570, Grad_norm=0.0010, Final_scale=10076.8457
🚀 APPLYING GUIDANCE at step 22 (timestep=792)
final_loss: 1.1224106550216675
🎯 GUIDANCE STEP 22 (t=792): Loss=1.1224, Rho=1075.426758, Grad_norm=0.0009, Final_scale=10754.2676
🚀 APPLYING GUIDANCE at step 23 (timestep=778)
final_loss: 1.1225662231445312
🎯 GUIDANCE STEP 23 (t=778): Loss=1.1226, Rho=1391.982666, Grad_norm=0.0007, Final_scale=13919.8267
🚀 APPLYING GUIDANCE at step 24 (timestep=764)
final_loss: 1.1222857236862183
🎯 GUIDANCE STEP 24 (t=764): Loss=1.1223, Rho=1242.083374, Grad_norm=0.0008, Final_scale=12420.8337
🚀 APPLYING GUIDANCE at step 25 (timestep=749)
final_loss: 1.1225370168685913
🎯 GUIDANCE STEP 25 (t=749): Loss=1.1225, Rho=1330.967773, Grad_norm=0.0008, Final_scale=13309.6777
🚀 APPLYING GUIDANCE at step 26 (timestep=734)
final_loss: 1.122204303741455
🎯 GUIDANCE STEP 26 (t=734): Loss=1.1222, Rho=1374.356934, Grad_norm=0.0007, Final_scale=13743.5693
🚀 APPLYING GUIDANCE at step 27 (timestep=718)
final_loss: 1.1220169067382812
🎯 GUIDANCE STEP 27 (t=718): Loss=1.1220, Rho=1517.270264, Grad_norm=0.0007, Final_scale=15172.7026
🚀 APPLYING GUIDANCE at step 28 (timestep=701)
final_loss: 1.1221916675567627
🎯 GUIDANCE STEP 28 (t=701): Loss=1.1222, Rho=1469.018799, Grad_norm=0.0007, Final_scale=14690.1880
🚀 APPLYING GUIDANCE at step 29 (timestep=684)
final_loss: 1.1220827102661133
🎯 GUIDANCE STEP 29 (t=684): Loss=1.1221, Rho=1553.133179, Grad_norm=0.0006, Final_scale=15531.3318
🚀 APPLYING GUIDANCE at step 30 (timestep=666)
final_loss: 1.122003197669983
🎯 GUIDANCE STEP 30 (t=666): Loss=1.1220, Rho=1536.122314, Grad_norm=0.0007, Final_scale=15361.2231
🚀 APPLYING GUIDANCE at step 31 (timestep=647)
final_loss: 1.1217466592788696
🎯 GUIDANCE STEP 31 (t=647): Loss=1.1217, Rho=1387.315918, Grad_norm=0.0007, Final_scale=13873.1592
🚀 APPLYING GUIDANCE at step 32 (timestep=627)
final_loss: 1.121901512145996
🎯 GUIDANCE STEP 32 (t=627): Loss=1.1219, Rho=1561.663696, Grad_norm=0.0006, Final_scale=15616.6370
🚀 APPLYING GUIDANCE at step 33 (timestep=606)
final_loss: 1.1217433214187622
🎯 GUIDANCE STEP 33 (t=606): Loss=1.1217, Rho=1527.552368, Grad_norm=0.0007, Final_scale=15275.5237
🚀 APPLYING GUIDANCE at step 34 (timestep=585)
final_loss: 1.1215637922286987
🎯 GUIDANCE STEP 34 (t=585): Loss=1.1216, Rho=1329.872070, Grad_norm=0.0008, Final_scale=13298.7207
🚀 APPLYING GUIDANCE at step 35 (timestep=562)
final_loss: 1.121471881866455
🎯 GUIDANCE STEP 35 (t=562): Loss=1.1215, Rho=1390.934082, Grad_norm=0.0007, Final_scale=13909.3408
🚀 APPLYING GUIDANCE at step 36 (timestep=538)
final_loss: 1.1213198900222778
🎯 GUIDANCE STEP 36 (t=538): Loss=1.1213, Rho=1605.852661, Grad_norm=0.0006, Final_scale=16058.5266
🚀 APPLYING GUIDANCE at step 37 (timestep=512)
final_loss: 1.1211328506469727
🎯 GUIDANCE STEP 37 (t=512): Loss=1.1211, Rho=1484.119507, Grad_norm=0.0007, Final_scale=14841.1951
🚀 APPLYING GUIDANCE at step 38 (timestep=486)
final_loss: 1.1210308074951172
🎯 GUIDANCE STEP 38 (t=486): Loss=1.1210, Rho=1704.125732, Grad_norm=0.0006, Final_scale=17041.2573
🚀 APPLYING GUIDANCE at step 39 (timestep=458)
final_loss: 1.1206855773925781
🎯 GUIDANCE STEP 39 (t=458): Loss=1.1207, Rho=1667.805298, Grad_norm=0.0006, Final_scale=16678.0530
🚀 APPLYING GUIDANCE at step 40 (timestep=428)
final_loss: 1.1204794645309448
🎯 GUIDANCE STEP 40 (t=428): Loss=1.1205, Rho=1670.848877, Grad_norm=0.0006, Final_scale=16708.4888
🚀 APPLYING GUIDANCE at step 41 (timestep=396)
final_loss: 1.1202671527862549
🎯 GUIDANCE STEP 41 (t=396): Loss=1.1203, Rho=1530.487549, Grad_norm=0.0007, Final_scale=15304.8755
🚀 APPLYING GUIDANCE at step 42 (timestep=363)
final_loss: 1.1200588941574097
🎯 GUIDANCE STEP 42 (t=363): Loss=1.1201, Rho=1918.273682, Grad_norm=0.0005, Final_scale=19182.7368
🚀 APPLYING GUIDANCE at step 43 (timestep=327)
final_loss: 1.1194912195205688
🎯 GUIDANCE STEP 43 (t=327): Loss=1.1195, Rho=1870.934937, Grad_norm=0.0005, Final_scale=18709.3494
🚀 APPLYING GUIDANCE at step 44 (timestep=290)
final_loss: 1.1192082166671753
🎯 GUIDANCE STEP 44 (t=290): Loss=1.1192, Rho=1698.972168, Grad_norm=0.0006, Final_scale=16989.7217
🚀 APPLYING GUIDANCE at step 45 (timestep=249)
final_loss: 1.1186763048171997
🎯 GUIDANCE STEP 45 (t=249): Loss=1.1187, Rho=1833.663574, Grad_norm=0.0005, Final_scale=18336.6357
🚀 APPLYING GUIDANCE at step 46 (timestep=206)
final_loss: 1.1178926229476929
🎯 GUIDANCE STEP 46 (t=206): Loss=1.1179, Rho=1952.068481, Grad_norm=0.0005, Final_scale=19520.6848
🚀 APPLYING GUIDANCE at step 47 (timestep=160)
final_loss: 1.1166428327560425
🎯 GUIDANCE STEP 47 (t=160): Loss=1.1166, Rho=1903.215698, Grad_norm=0.0005, Final_scale=19032.1570
🚀 APPLYING GUIDANCE at step 48 (timestep=111)
final_loss: 1.1148664951324463
🎯 GUIDANCE STEP 48 (t=111): Loss=1.1149, Rho=1411.387939, Grad_norm=0.0007, Final_scale=14113.8794
🚀 APPLYING GUIDANCE at step 49 (timestep=57)
final_loss: 1.1137923002243042
🎯 GUIDANCE STEP 49 (t=57): Loss=1.1138, Rho=1325.037842, Grad_norm=0.0008, Final_scale=13250.3784
[guidance_f33_s50_w16c8_rho10.0_cfg5.0torch] Generated: generated_videos/subject_consistency/guidance_f33_s50_w16c8_rho10.0_cfg5.0torch/a horse taking a peaceful walk.mp4
[guidance_f33_s50_w16c8_rho10.0_cfg5.0torch] Generating video 8/9 (guidance): a horse running to join a herd of its kind
🎬 STARTING GUIDANCE PIPELINE GENERATION
   Frames: 33, Steps: 50, CFG Scale: 5.0

🔧 GUIDANCE PIPELINE CONFIGURATION:
   Guidance range: 0 - 1001
   Rho scale: 10.0
   V-JEPA kernel_size: 16
   V-JEPA context_length: 8
   V-JEPA stride: 2
   V-JEPA mode: max
   Total timesteps: 50

🚀 APPLYING GUIDANCE at step 0 (timestep=999)
final_loss: 1.1240103244781494
🎯 GUIDANCE STEP 0 (t=999): Loss=1.1240, Rho=44.225063, Grad_norm=0.0226, Final_scale=442.2506
🚀 APPLYING GUIDANCE at step 1 (timestep=992)
final_loss: 1.1361377239227295
🎯 GUIDANCE STEP 1 (t=992): Loss=1.1361, Rho=86.347939, Grad_norm=0.0116, Final_scale=863.4794
🚀 APPLYING GUIDANCE at step 2 (timestep=985)
final_loss: 1.1400079727172852
🎯 GUIDANCE STEP 2 (t=985): Loss=1.1400, Rho=99.886230, Grad_norm=0.0100, Final_scale=998.8623
🚀 APPLYING GUIDANCE at step 3 (timestep=978)
final_loss: 1.1379984617233276
🎯 GUIDANCE STEP 3 (t=978): Loss=1.1380, Rho=160.022400, Grad_norm=0.0062, Final_scale=1600.2240
🚀 APPLYING GUIDANCE at step 4 (timestep=971)
final_loss: 1.1405781507492065
🎯 GUIDANCE STEP 4 (t=971): Loss=1.1406, Rho=272.051605, Grad_norm=0.0037, Final_scale=2720.5161
🚀 APPLYING GUIDANCE at step 5 (timestep=963)
final_loss: 1.1398712396621704
🎯 GUIDANCE STEP 5 (t=963): Loss=1.1399, Rho=323.016815, Grad_norm=0.0031, Final_scale=3230.1682
🚀 APPLYING GUIDANCE at step 6 (timestep=956)
final_loss: 1.1403570175170898
🎯 GUIDANCE STEP 6 (t=956): Loss=1.1404, Rho=325.309906, Grad_norm=0.0031, Final_scale=3253.0991
🚀 APPLYING GUIDANCE at step 7 (timestep=948)
final_loss: 1.1408734321594238
🎯 GUIDANCE STEP 7 (t=948): Loss=1.1409, Rho=363.769867, Grad_norm=0.0027, Final_scale=3637.6987
🚀 APPLYING GUIDANCE at step 8 (timestep=939)
final_loss: 1.1404622793197632
🎯 GUIDANCE STEP 8 (t=939): Loss=1.1405, Rho=414.473022, Grad_norm=0.0024, Final_scale=4144.7302
🚀 APPLYING GUIDANCE at step 9 (timestep=931)
final_loss: 1.1398959159851074
🎯 GUIDANCE STEP 9 (t=931): Loss=1.1399, Rho=436.865326, Grad_norm=0.0023, Final_scale=4368.6533
🚀 APPLYING GUIDANCE at step 10 (timestep=922)
final_loss: 1.1398581266403198
🎯 GUIDANCE STEP 10 (t=922): Loss=1.1399, Rho=448.796234, Grad_norm=0.0022, Final_scale=4487.9623
🚀 APPLYING GUIDANCE at step 11 (timestep=913)
final_loss: 1.1399145126342773
🎯 GUIDANCE STEP 11 (t=913): Loss=1.1399, Rho=333.305054, Grad_norm=0.0030, Final_scale=3333.0505
🚀 APPLYING GUIDANCE at step 12 (timestep=904)
final_loss: 1.140183448791504
🎯 GUIDANCE STEP 12 (t=904): Loss=1.1402, Rho=558.990601, Grad_norm=0.0018, Final_scale=5589.9060
🚀 APPLYING GUIDANCE at step 13 (timestep=894)
final_loss: 1.1402033567428589
🎯 GUIDANCE STEP 13 (t=894): Loss=1.1402, Rho=692.568237, Grad_norm=0.0014, Final_scale=6925.6824
🚀 APPLYING GUIDANCE at step 14 (timestep=884)
final_loss: 1.1398550271987915
🎯 GUIDANCE STEP 14 (t=884): Loss=1.1399, Rho=427.523285, Grad_norm=0.0023, Final_scale=4275.2328
🚀 APPLYING GUIDANCE at step 15 (timestep=874)
final_loss: 1.1400288343429565
🎯 GUIDANCE STEP 15 (t=874): Loss=1.1400, Rho=653.457275, Grad_norm=0.0015, Final_scale=6534.5728
🚀 APPLYING GUIDANCE at step 16 (timestep=864)
final_loss: 1.140041708946228
🎯 GUIDANCE STEP 16 (t=864): Loss=1.1400, Rho=202.404694, Grad_norm=0.0049, Final_scale=2024.0469
🚀 APPLYING GUIDANCE at step 17 (timestep=853)
final_loss: 1.1400680541992188
🎯 GUIDANCE STEP 17 (t=853): Loss=1.1401, Rho=553.165588, Grad_norm=0.0018, Final_scale=5531.6559
🚀 APPLYING GUIDANCE at step 18 (timestep=841)
final_loss: 1.1400212049484253
🎯 GUIDANCE STEP 18 (t=841): Loss=1.1400, Rho=551.679626, Grad_norm=0.0018, Final_scale=5516.7963
🚀 APPLYING GUIDANCE at step 19 (timestep=829)
final_loss: 1.1398802995681763
🎯 GUIDANCE STEP 19 (t=829): Loss=1.1399, Rho=632.268372, Grad_norm=0.0016, Final_scale=6322.6837
🚀 APPLYING GUIDANCE at step 20 (timestep=817)
final_loss: 1.1398710012435913
🎯 GUIDANCE STEP 20 (t=817): Loss=1.1399, Rho=635.301575, Grad_norm=0.0016, Final_scale=6353.0157
🚀 APPLYING GUIDANCE at step 21 (timestep=805)
final_loss: 1.139527678489685
🎯 GUIDANCE STEP 21 (t=805): Loss=1.1395, Rho=484.927704, Grad_norm=0.0021, Final_scale=4849.2770
🚀 APPLYING GUIDANCE at step 22 (timestep=792)
final_loss: 1.1395609378814697
🎯 GUIDANCE STEP 22 (t=792): Loss=1.1396, Rho=798.982605, Grad_norm=0.0013, Final_scale=7989.8260
🚀 APPLYING GUIDANCE at step 23 (timestep=778)
final_loss: 1.139386773109436
🎯 GUIDANCE STEP 23 (t=778): Loss=1.1394, Rho=881.573669, Grad_norm=0.0011, Final_scale=8815.7367
🚀 APPLYING GUIDANCE at step 24 (timestep=764)
final_loss: 1.1393333673477173
🎯 GUIDANCE STEP 24 (t=764): Loss=1.1393, Rho=704.717529, Grad_norm=0.0014, Final_scale=7047.1753
🚀 APPLYING GUIDANCE at step 25 (timestep=749)
final_loss: 1.1393564939498901
🎯 GUIDANCE STEP 25 (t=749): Loss=1.1394, Rho=641.237366, Grad_norm=0.0016, Final_scale=6412.3737
🚀 APPLYING GUIDANCE at step 26 (timestep=734)
final_loss: 1.1392650604248047
🎯 GUIDANCE STEP 26 (t=734): Loss=1.1393, Rho=1123.454712, Grad_norm=0.0009, Final_scale=11234.5471
🚀 APPLYING GUIDANCE at step 27 (timestep=718)
final_loss: 1.1394122838974
🎯 GUIDANCE STEP 27 (t=718): Loss=1.1394, Rho=947.931396, Grad_norm=0.0011, Final_scale=9479.3140
🚀 APPLYING GUIDANCE at step 28 (timestep=701)
final_loss: 1.139410376548767
🎯 GUIDANCE STEP 28 (t=701): Loss=1.1394, Rho=911.781189, Grad_norm=0.0011, Final_scale=9117.8119
🚀 APPLYING GUIDANCE at step 29 (timestep=684)
final_loss: 1.139489769935608
🎯 GUIDANCE STEP 29 (t=684): Loss=1.1395, Rho=940.961121, Grad_norm=0.0011, Final_scale=9409.6112
🚀 APPLYING GUIDANCE at step 30 (timestep=666)
final_loss: 1.1395615339279175
🎯 GUIDANCE STEP 30 (t=666): Loss=1.1396, Rho=1067.442749, Grad_norm=0.0009, Final_scale=10674.4275
🚀 APPLYING GUIDANCE at step 31 (timestep=647)
final_loss: 1.1396421194076538
🎯 GUIDANCE STEP 31 (t=647): Loss=1.1396, Rho=821.926758, Grad_norm=0.0012, Final_scale=8219.2676
🚀 APPLYING GUIDANCE at step 32 (timestep=627)
final_loss: 1.1390873193740845
🎯 GUIDANCE STEP 32 (t=627): Loss=1.1391, Rho=1183.738281, Grad_norm=0.0008, Final_scale=11837.3828
🚀 APPLYING GUIDANCE at step 33 (timestep=606)
final_loss: 1.1394039392471313
🎯 GUIDANCE STEP 33 (t=606): Loss=1.1394, Rho=1255.883179, Grad_norm=0.0008, Final_scale=12558.8318
🚀 APPLYING GUIDANCE at step 34 (timestep=585)
final_loss: 1.1392624378204346
🎯 GUIDANCE STEP 34 (t=585): Loss=1.1393, Rho=1139.640503, Grad_norm=0.0009, Final_scale=11396.4050
🚀 APPLYING GUIDANCE at step 35 (timestep=562)
final_loss: 1.1393145322799683
🎯 GUIDANCE STEP 35 (t=562): Loss=1.1393, Rho=1600.871826, Grad_norm=0.0006, Final_scale=16008.7183
🚀 APPLYING GUIDANCE at step 36 (timestep=538)
final_loss: 1.139407992362976
🎯 GUIDANCE STEP 36 (t=538): Loss=1.1394, Rho=1562.523315, Grad_norm=0.0006, Final_scale=15625.2332
🚀 APPLYING GUIDANCE at step 37 (timestep=512)
final_loss: 1.1393133401870728
🎯 GUIDANCE STEP 37 (t=512): Loss=1.1393, Rho=1675.577393, Grad_norm=0.0006, Final_scale=16755.7739
🚀 APPLYING GUIDANCE at step 38 (timestep=486)
final_loss: 1.1391270160675049
🎯 GUIDANCE STEP 38 (t=486): Loss=1.1391, Rho=1764.204834, Grad_norm=0.0006, Final_scale=17642.0483
🚀 APPLYING GUIDANCE at step 39 (timestep=458)
final_loss: 1.1392449140548706
🎯 GUIDANCE STEP 39 (t=458): Loss=1.1392, Rho=1649.380615, Grad_norm=0.0006, Final_scale=16493.8062
🚀 APPLYING GUIDANCE at step 40 (timestep=428)
final_loss: 1.139153003692627
🎯 GUIDANCE STEP 40 (t=428): Loss=1.1392, Rho=1238.102783, Grad_norm=0.0008, Final_scale=12381.0278
🚀 APPLYING GUIDANCE at step 41 (timestep=396)
final_loss: 1.1391888856887817
🎯 GUIDANCE STEP 41 (t=396): Loss=1.1392, Rho=1479.474854, Grad_norm=0.0007, Final_scale=14794.7485
🚀 APPLYING GUIDANCE at step 42 (timestep=363)
final_loss: 1.1392405033111572
🎯 GUIDANCE STEP 42 (t=363): Loss=1.1392, Rho=1244.875854, Grad_norm=0.0008, Final_scale=12448.7585
🚀 APPLYING GUIDANCE at step 43 (timestep=327)
final_loss: 1.1390459537506104
🎯 GUIDANCE STEP 43 (t=327): Loss=1.1390, Rho=1295.372437, Grad_norm=0.0008, Final_scale=12953.7244
🚀 APPLYING GUIDANCE at step 44 (timestep=290)
final_loss: 1.1388709545135498
🎯 GUIDANCE STEP 44 (t=290): Loss=1.1389, Rho=2095.103027, Grad_norm=0.0005, Final_scale=20951.0303
🚀 APPLYING GUIDANCE at step 45 (timestep=249)
final_loss: 1.1388654708862305
🎯 GUIDANCE STEP 45 (t=249): Loss=1.1389, Rho=1427.260132, Grad_norm=0.0007, Final_scale=14272.6013
🚀 APPLYING GUIDANCE at step 46 (timestep=206)
final_loss: 1.1386935710906982
🎯 GUIDANCE STEP 46 (t=206): Loss=1.1387, Rho=2681.864502, Grad_norm=0.0004, Final_scale=26818.6450
🚀 APPLYING GUIDANCE at step 47 (timestep=160)
final_loss: 1.138001799583435
🎯 GUIDANCE STEP 47 (t=160): Loss=1.1380, Rho=1697.856934, Grad_norm=0.0006, Final_scale=16978.5693
🚀 APPLYING GUIDANCE at step 48 (timestep=111)
final_loss: 1.1375362873077393
🎯 GUIDANCE STEP 48 (t=111): Loss=1.1375, Rho=2516.584473, Grad_norm=0.0004, Final_scale=25165.8447
🚀 APPLYING GUIDANCE at step 49 (timestep=57)
final_loss: 1.1369242668151855
🎯 GUIDANCE STEP 49 (t=57): Loss=1.1369, Rho=3524.963623, Grad_norm=0.0003, Final_scale=35249.6362
[guidance_f33_s50_w16c8_rho10.0_cfg5.0torch] Generated: generated_videos/subject_consistency/guidance_f33_s50_w16c8_rho10.0_cfg5.0torch/a truck slowing down to stop.mp4
[guidance_f33_s50_w16c8_rho10.0_cfg5.0torch] Generating video 8/9 (guidance): a truck accelerating to gain speed
🎬 STARTING GUIDANCE PIPELINE GENERATION
   Frames: 33, Steps: 50, CFG Scale: 5.0

🔧 GUIDANCE PIPELINE CONFIGURATION:
   Guidance range: 0 - 1001
   Rho scale: 10.0
   V-JEPA kernel_size: 16
   V-JEPA context_length: 8
   V-JEPA stride: 2
   V-JEPA mode: max
   Total timesteps: 50

🚀 APPLYING GUIDANCE at step 0 (timestep=999)
final_loss: 1.101968765258789
🎯 GUIDANCE STEP 0 (t=999): Loss=1.1020, Rho=80.365692, Grad_norm=0.0124, Final_scale=803.6569
🚀 APPLYING GUIDANCE at step 1 (timestep=992)
final_loss: 1.1061336994171143
🎯 GUIDANCE STEP 1 (t=992): Loss=1.1061, Rho=100.361397, Grad_norm=0.0100, Final_scale=1003.6140
🚀 APPLYING GUIDANCE at step 2 (timestep=985)
final_loss: 1.1016770601272583
🎯 GUIDANCE STEP 2 (t=985): Loss=1.1017, Rho=147.094360, Grad_norm=0.0068, Final_scale=1470.9436
🚀 APPLYING GUIDANCE at step 3 (timestep=978)
final_loss: 1.0981706380844116
🎯 GUIDANCE STEP 3 (t=978): Loss=1.0982, Rho=259.426666, Grad_norm=0.0039, Final_scale=2594.2667
🚀 APPLYING GUIDANCE at step 4 (timestep=971)
final_loss: 1.0967237949371338
🎯 GUIDANCE STEP 4 (t=971): Loss=1.0967, Rho=333.501617, Grad_norm=0.0030, Final_scale=3335.0162
🚀 APPLYING GUIDANCE at step 5 (timestep=963)
final_loss: 1.0963560342788696
🎯 GUIDANCE STEP 5 (t=963): Loss=1.0964, Rho=359.074463, Grad_norm=0.0028, Final_scale=3590.7446
🚀 APPLYING GUIDANCE at step 6 (timestep=956)
final_loss: 1.0973278284072876
🎯 GUIDANCE STEP 6 (t=956): Loss=1.0973, Rho=383.017548, Grad_norm=0.0026, Final_scale=3830.1755
🚀 APPLYING GUIDANCE at step 7 (timestep=948)
final_loss: 1.0963982343673706
🎯 GUIDANCE STEP 7 (t=948): Loss=1.0964, Rho=551.204529, Grad_norm=0.0018, Final_scale=5512.0453
🚀 APPLYING GUIDANCE at step 8 (timestep=939)
final_loss: 1.0965861082077026
🎯 GUIDANCE STEP 8 (t=939): Loss=1.0966, Rho=583.730469, Grad_norm=0.0017, Final_scale=5837.3047
🚀 APPLYING GUIDANCE at step 9 (timestep=931)
final_loss: 1.0961593389511108
🎯 GUIDANCE STEP 9 (t=931): Loss=1.0962, Rho=556.325195, Grad_norm=0.0018, Final_scale=5563.2520
🚀 APPLYING GUIDANCE at step 10 (timestep=922)
final_loss: 1.0960171222686768
🎯 GUIDANCE STEP 10 (t=922): Loss=1.0960, Rho=700.892273, Grad_norm=0.0014, Final_scale=7008.9227
🚀 APPLYING GUIDANCE at step 11 (timestep=913)
final_loss: 1.0962976217269897
🎯 GUIDANCE STEP 11 (t=913): Loss=1.0963, Rho=740.492798, Grad_norm=0.0014, Final_scale=7404.9280
🚀 APPLYING GUIDANCE at step 12 (timestep=904)
final_loss: 1.0962547063827515
🎯 GUIDANCE STEP 12 (t=904): Loss=1.0963, Rho=587.594849, Grad_norm=0.0017, Final_scale=5875.9485
🚀 APPLYING GUIDANCE at step 13 (timestep=894)
final_loss: 1.095969557762146
🎯 GUIDANCE STEP 13 (t=894): Loss=1.0960, Rho=787.682739, Grad_norm=0.0013, Final_scale=7876.8274
🚀 APPLYING GUIDANCE at step 14 (timestep=884)
final_loss: 1.0957945585250854
🎯 GUIDANCE STEP 14 (t=884): Loss=1.0958, Rho=448.101318, Grad_norm=0.0022, Final_scale=4481.0132
🚀 APPLYING GUIDANCE at step 15 (timestep=874)
final_loss: 1.0957170724868774
🎯 GUIDANCE STEP 15 (t=874): Loss=1.0957, Rho=773.353516, Grad_norm=0.0013, Final_scale=7733.5352
🚀 APPLYING GUIDANCE at step 16 (timestep=864)
final_loss: 1.095575213432312
🎯 GUIDANCE STEP 16 (t=864): Loss=1.0956, Rho=692.972534, Grad_norm=0.0014, Final_scale=6929.7253
🚀 APPLYING GUIDANCE at step 17 (timestep=853)
final_loss: 1.095619559288025
🎯 GUIDANCE STEP 17 (t=853): Loss=1.0956, Rho=710.881409, Grad_norm=0.0014, Final_scale=7108.8141
🚀 APPLYING GUIDANCE at step 18 (timestep=841)
final_loss: 1.0955867767333984
🎯 GUIDANCE STEP 18 (t=841): Loss=1.0956, Rho=852.338684, Grad_norm=0.0012, Final_scale=8523.3868
🚀 APPLYING GUIDANCE at step 19 (timestep=829)
final_loss: 1.0955990552902222
🎯 GUIDANCE STEP 19 (t=829): Loss=1.0956, Rho=722.885925, Grad_norm=0.0014, Final_scale=7228.8593
🚀 APPLYING GUIDANCE at step 20 (timestep=817)
final_loss: 1.0957119464874268
🎯 GUIDANCE STEP 20 (t=817): Loss=1.0957, Rho=906.241272, Grad_norm=0.0011, Final_scale=9062.4127
🚀 APPLYING GUIDANCE at step 21 (timestep=805)
final_loss: 1.0955740213394165
🎯 GUIDANCE STEP 21 (t=805): Loss=1.0956, Rho=875.312866, Grad_norm=0.0011, Final_scale=8753.1287
🚀 APPLYING GUIDANCE at step 22 (timestep=792)
final_loss: 1.0957030057907104
🎯 GUIDANCE STEP 22 (t=792): Loss=1.0957, Rho=1002.575989, Grad_norm=0.0010, Final_scale=10025.7599
🚀 APPLYING GUIDANCE at step 23 (timestep=778)
final_loss: 1.095324158668518
🎯 GUIDANCE STEP 23 (t=778): Loss=1.0953, Rho=792.309753, Grad_norm=0.0013, Final_scale=7923.0975
🚀 APPLYING GUIDANCE at step 24 (timestep=764)
final_loss: 1.0955952405929565
🎯 GUIDANCE STEP 24 (t=764): Loss=1.0956, Rho=1139.484253, Grad_norm=0.0009, Final_scale=11394.8425
🚀 APPLYING GUIDANCE at step 25 (timestep=749)
final_loss: 1.0953009128570557
🎯 GUIDANCE STEP 25 (t=749): Loss=1.0953, Rho=862.826477, Grad_norm=0.0012, Final_scale=8628.2648
🚀 APPLYING GUIDANCE at step 26 (timestep=734)
final_loss: 1.0955595970153809
🎯 GUIDANCE STEP 26 (t=734): Loss=1.0956, Rho=1148.046753, Grad_norm=0.0009, Final_scale=11480.4675
🚀 APPLYING GUIDANCE at step 27 (timestep=718)
final_loss: 1.095314621925354
🎯 GUIDANCE STEP 27 (t=718): Loss=1.0953, Rho=1384.432861, Grad_norm=0.0007, Final_scale=13844.3286
🚀 APPLYING GUIDANCE at step 28 (timestep=701)
final_loss: 1.0954654216766357
🎯 GUIDANCE STEP 28 (t=701): Loss=1.0955, Rho=1104.424561, Grad_norm=0.0009, Final_scale=11044.2456
🚀 APPLYING GUIDANCE at step 29 (timestep=684)
final_loss: 1.0954011678695679
🎯 GUIDANCE STEP 29 (t=684): Loss=1.0954, Rho=1334.619263, Grad_norm=0.0007, Final_scale=13346.1926
🚀 APPLYING GUIDANCE at step 30 (timestep=666)
final_loss: 1.0955381393432617
🎯 GUIDANCE STEP 30 (t=666): Loss=1.0955, Rho=1161.800293, Grad_norm=0.0009, Final_scale=11618.0029
🚀 APPLYING GUIDANCE at step 31 (timestep=647)
final_loss: 1.095600962638855
🎯 GUIDANCE STEP 31 (t=647): Loss=1.0956, Rho=1387.194946, Grad_norm=0.0007, Final_scale=13871.9495
🚀 APPLYING GUIDANCE at step 32 (timestep=627)
final_loss: 1.0955506563186646
🎯 GUIDANCE STEP 32 (t=627): Loss=1.0956, Rho=1156.148193, Grad_norm=0.0009, Final_scale=11561.4819
🚀 APPLYING GUIDANCE at step 33 (timestep=606)
final_loss: 1.0955005884170532
🎯 GUIDANCE STEP 33 (t=606): Loss=1.0955, Rho=1673.048340, Grad_norm=0.0006, Final_scale=16730.4834
🚀 APPLYING GUIDANCE at step 34 (timestep=585)
final_loss: 1.0954399108886719
🎯 GUIDANCE STEP 34 (t=585): Loss=1.0954, Rho=1337.997070, Grad_norm=0.0007, Final_scale=13379.9707
🚀 APPLYING GUIDANCE at step 35 (timestep=562)
final_loss: 1.0952757596969604
🎯 GUIDANCE STEP 35 (t=562): Loss=1.0953, Rho=2055.790039, Grad_norm=0.0005, Final_scale=20557.9004
🚀 APPLYING GUIDANCE at step 36 (timestep=538)
final_loss: 1.0951913595199585
🎯 GUIDANCE STEP 36 (t=538): Loss=1.0952, Rho=1751.846924, Grad_norm=0.0006, Final_scale=17518.4692
🚀 APPLYING GUIDANCE at step 37 (timestep=512)
final_loss: 1.09532630443573
🎯 GUIDANCE STEP 37 (t=512): Loss=1.0953, Rho=2407.387451, Grad_norm=0.0004, Final_scale=24073.8745
🚀 APPLYING GUIDANCE at step 38 (timestep=486)
final_loss: 1.0951249599456787
🎯 GUIDANCE STEP 38 (t=486): Loss=1.0951, Rho=2426.721436, Grad_norm=0.0004, Final_scale=24267.2144
🚀 APPLYING GUIDANCE at step 39 (timestep=458)
final_loss: 1.09485924243927
🎯 GUIDANCE STEP 39 (t=458): Loss=1.0949, Rho=2466.945801, Grad_norm=0.0004, Final_scale=24669.4580
🚀 APPLYING GUIDANCE at step 40 (timestep=428)
final_loss: 1.095085859298706
🎯 GUIDANCE STEP 40 (t=428): Loss=1.0951, Rho=2843.289551, Grad_norm=0.0004, Final_scale=28432.8955
🚀 APPLYING GUIDANCE at step 41 (timestep=396)
final_loss: 1.0948280096054077
🎯 GUIDANCE STEP 41 (t=396): Loss=1.0948, Rho=3009.968262, Grad_norm=0.0003, Final_scale=30099.6826
🚀 APPLYING GUIDANCE at step 42 (timestep=363)
final_loss: 1.0947624444961548
🎯 GUIDANCE STEP 42 (t=363): Loss=1.0948, Rho=2112.130371, Grad_norm=0.0005, Final_scale=21121.3037
🚀 APPLYING GUIDANCE at step 43 (timestep=327)
final_loss: 1.0948776006698608
🎯 GUIDANCE STEP 43 (t=327): Loss=1.0949, Rho=2983.786377, Grad_norm=0.0003, Final_scale=29837.8638
🚀 APPLYING GUIDANCE at step 44 (timestep=290)
final_loss: 1.0947781801223755
🎯 GUIDANCE STEP 44 (t=290): Loss=1.0948, Rho=3126.761963, Grad_norm=0.0003, Final_scale=31267.6196
🚀 APPLYING GUIDANCE at step 45 (timestep=249)
final_loss: 1.0946861505508423
🎯 GUIDANCE STEP 45 (t=249): Loss=1.0947, Rho=1376.220581, Grad_norm=0.0007, Final_scale=13762.2058
🚀 APPLYING GUIDANCE at step 46 (timestep=206)
final_loss: 1.0946482419967651
🎯 GUIDANCE STEP 46 (t=206): Loss=1.0946, Rho=3945.013428, Grad_norm=0.0003, Final_scale=39450.1343
🚀 APPLYING GUIDANCE at step 47 (timestep=160)
final_loss: 1.094586968421936
🎯 GUIDANCE STEP 47 (t=160): Loss=1.0946, Rho=3248.583740, Grad_norm=0.0003, Final_scale=32485.8374
🚀 APPLYING GUIDANCE at step 48 (timestep=111)
final_loss: 1.0944236516952515
🎯 GUIDANCE STEP 48 (t=111): Loss=1.0944, Rho=3391.936768, Grad_norm=0.0003, Final_scale=33919.3677
🚀 APPLYING GUIDANCE at step 49 (timestep=57)
final_loss: 1.0942068099975586
🎯 GUIDANCE STEP 49 (t=57): Loss=1.0942, Rho=2318.117920, Grad_norm=0.0004, Final_scale=23181.1792
[guidance_f33_s50_w16c8_rho10.0_cfg5.0torch] Generated: generated_videos/subject_consistency/guidance_f33_s50_w16c8_rho10.0_cfg5.0torch/an airplane accelerating to gain speed.mp4
[guidance_f33_s50_w16c8_rho10.0_cfg5.0torch] Generating video 7/9 (guidance): a bus turning a corner
🎬 STARTING GUIDANCE PIPELINE GENERATION
   Frames: 33, Steps: 50, CFG Scale: 5.0

🔧 GUIDANCE PIPELINE CONFIGURATION:
   Guidance range: 0 - 1001
   Rho scale: 10.0
   V-JEPA kernel_size: 16
   V-JEPA context_length: 8
   V-JEPA stride: 2
   V-JEPA mode: max
   Total timesteps: 50

🚀 APPLYING GUIDANCE at step 0 (timestep=999)
final_loss: 1.129934310913086
🎯 GUIDANCE STEP 0 (t=999): Loss=1.1299, Rho=51.052044, Grad_norm=0.0196, Final_scale=510.5204
🚀 APPLYING GUIDANCE at step 1 (timestep=992)
final_loss: 1.1530698537826538
🎯 GUIDANCE STEP 1 (t=992): Loss=1.1531, Rho=37.629372, Grad_norm=0.0266, Final_scale=376.2937
🚀 APPLYING GUIDANCE at step 2 (timestep=985)
final_loss: 1.1509068012237549
🎯 GUIDANCE STEP 2 (t=985): Loss=1.1509, Rho=122.287415, Grad_norm=0.0082, Final_scale=1222.8741
🚀 APPLYING GUIDANCE at step 3 (timestep=978)
final_loss: 1.1516729593276978
🎯 GUIDANCE STEP 3 (t=978): Loss=1.1517, Rho=174.036514, Grad_norm=0.0057, Final_scale=1740.3651
🚀 APPLYING GUIDANCE at step 4 (timestep=971)
final_loss: 1.153571367263794
🎯 GUIDANCE STEP 4 (t=971): Loss=1.1536, Rho=115.163582, Grad_norm=0.0087, Final_scale=1151.6358
🚀 APPLYING GUIDANCE at step 5 (timestep=963)
final_loss: 1.1479483842849731
🎯 GUIDANCE STEP 5 (t=963): Loss=1.1479, Rho=244.952789, Grad_norm=0.0041, Final_scale=2449.5279
🚀 APPLYING GUIDANCE at step 6 (timestep=956)
final_loss: 1.1498394012451172
🎯 GUIDANCE STEP 6 (t=956): Loss=1.1498, Rho=250.742828, Grad_norm=0.0040, Final_scale=2507.4283
🚀 APPLYING GUIDANCE at step 7 (timestep=948)
final_loss: 1.148405909538269
🎯 GUIDANCE STEP 7 (t=948): Loss=1.1484, Rho=313.028442, Grad_norm=0.0032, Final_scale=3130.2844
🚀 APPLYING GUIDANCE at step 8 (timestep=939)
final_loss: 1.1510241031646729
🎯 GUIDANCE STEP 8 (t=939): Loss=1.1510, Rho=283.566498, Grad_norm=0.0035, Final_scale=2835.6650
🚀 APPLYING GUIDANCE at step 9 (timestep=931)
final_loss: 1.1505241394042969
🎯 GUIDANCE STEP 9 (t=931): Loss=1.1505, Rho=270.667297, Grad_norm=0.0037, Final_scale=2706.6730
🚀 APPLYING GUIDANCE at step 10 (timestep=922)
final_loss: 1.1505837440490723
🎯 GUIDANCE STEP 10 (t=922): Loss=1.1506, Rho=202.382446, Grad_norm=0.0049, Final_scale=2023.8245
🚀 APPLYING GUIDANCE at step 11 (timestep=913)
final_loss: 1.1502783298492432
🎯 GUIDANCE STEP 11 (t=913): Loss=1.1503, Rho=244.016281, Grad_norm=0.0041, Final_scale=2440.1628
🚀 APPLYING GUIDANCE at step 12 (timestep=904)
final_loss: 1.149839997291565
🎯 GUIDANCE STEP 12 (t=904): Loss=1.1498, Rho=263.957642, Grad_norm=0.0038, Final_scale=2639.5764
🚀 APPLYING GUIDANCE at step 13 (timestep=894)
final_loss: 1.149633765220642
🎯 GUIDANCE STEP 13 (t=894): Loss=1.1496, Rho=198.625931, Grad_norm=0.0050, Final_scale=1986.2593
🚀 APPLYING GUIDANCE at step 14 (timestep=884)
final_loss: 1.149349570274353
🎯 GUIDANCE STEP 14 (t=884): Loss=1.1493, Rho=225.408432, Grad_norm=0.0044, Final_scale=2254.0843
🚀 APPLYING GUIDANCE at step 15 (timestep=874)
final_loss: 1.1493860483169556
🎯 GUIDANCE STEP 15 (t=874): Loss=1.1494, Rho=309.306152, Grad_norm=0.0032, Final_scale=3093.0615
🚀 APPLYING GUIDANCE at step 16 (timestep=864)
final_loss: 1.1492911577224731
🎯 GUIDANCE STEP 16 (t=864): Loss=1.1493, Rho=261.728943, Grad_norm=0.0038, Final_scale=2617.2894
🚀 APPLYING GUIDANCE at step 17 (timestep=853)
final_loss: 1.1491408348083496
🎯 GUIDANCE STEP 17 (t=853): Loss=1.1491, Rho=351.647522, Grad_norm=0.0028, Final_scale=3516.4752
🚀 APPLYING GUIDANCE at step 18 (timestep=841)
final_loss: 1.148903727531433
🎯 GUIDANCE STEP 18 (t=841): Loss=1.1489, Rho=290.341400, Grad_norm=0.0034, Final_scale=2903.4140
🚀 APPLYING GUIDANCE at step 19 (timestep=829)
final_loss: 1.1488676071166992
🎯 GUIDANCE STEP 19 (t=829): Loss=1.1489, Rho=408.921600, Grad_norm=0.0024, Final_scale=4089.2160
🚀 APPLYING GUIDANCE at step 20 (timestep=817)
final_loss: 1.148637056350708
🎯 GUIDANCE STEP 20 (t=817): Loss=1.1486, Rho=386.279633, Grad_norm=0.0026, Final_scale=3862.7963
🚀 APPLYING GUIDANCE at step 21 (timestep=805)
final_loss: 1.1485399007797241
🎯 GUIDANCE STEP 21 (t=805): Loss=1.1485, Rho=506.152466, Grad_norm=0.0020, Final_scale=5061.5247
🚀 APPLYING GUIDANCE at step 22 (timestep=792)
final_loss: 1.148379921913147
🎯 GUIDANCE STEP 22 (t=792): Loss=1.1484, Rho=348.161438, Grad_norm=0.0029, Final_scale=3481.6144
🚀 APPLYING GUIDANCE at step 23 (timestep=778)
final_loss: 1.1483453512191772
🎯 GUIDANCE STEP 23 (t=778): Loss=1.1483, Rho=997.825867, Grad_norm=0.0010, Final_scale=9978.2587
🚀 APPLYING GUIDANCE at step 24 (timestep=764)
final_loss: 1.1483726501464844
🎯 GUIDANCE STEP 24 (t=764): Loss=1.1484, Rho=519.948669, Grad_norm=0.0019, Final_scale=5199.4867
🚀 APPLYING GUIDANCE at step 25 (timestep=749)
final_loss: 1.148106575012207
🎯 GUIDANCE STEP 25 (t=749): Loss=1.1481, Rho=434.527740, Grad_norm=0.0023, Final_scale=4345.2774
🚀 APPLYING GUIDANCE at step 26 (timestep=734)
final_loss: 1.1484999656677246
🎯 GUIDANCE STEP 26 (t=734): Loss=1.1485, Rho=725.744141, Grad_norm=0.0014, Final_scale=7257.4414
🚀 APPLYING GUIDANCE at step 27 (timestep=718)
final_loss: 1.1483124494552612
🎯 GUIDANCE STEP 27 (t=718): Loss=1.1483, Rho=371.774170, Grad_norm=0.0027, Final_scale=3717.7417
🚀 APPLYING GUIDANCE at step 28 (timestep=701)
final_loss: 1.1484156847000122
🎯 GUIDANCE STEP 28 (t=701): Loss=1.1484, Rho=588.988831, Grad_norm=0.0017, Final_scale=5889.8883
🚀 APPLYING GUIDANCE at step 29 (timestep=684)
final_loss: 1.1483526229858398
🎯 GUIDANCE STEP 29 (t=684): Loss=1.1484, Rho=511.369171, Grad_norm=0.0020, Final_scale=5113.6917
🚀 APPLYING GUIDANCE at step 30 (timestep=666)
final_loss: 1.1483036279678345
🎯 GUIDANCE STEP 30 (t=666): Loss=1.1483, Rho=625.430237, Grad_norm=0.0016, Final_scale=6254.3024
🚀 APPLYING GUIDANCE at step 31 (timestep=647)
final_loss: 1.1481760740280151
🎯 GUIDANCE STEP 31 (t=647): Loss=1.1482, Rho=514.801758, Grad_norm=0.0019, Final_scale=5148.0176
🚀 APPLYING GUIDANCE at step 32 (timestep=627)
final_loss: 1.1484178304672241
🎯 GUIDANCE STEP 32 (t=627): Loss=1.1484, Rho=658.790344, Grad_norm=0.0015, Final_scale=6587.9034
🚀 APPLYING GUIDANCE at step 33 (timestep=606)
final_loss: 1.148170828819275
🎯 GUIDANCE STEP 33 (t=606): Loss=1.1482, Rho=572.682678, Grad_norm=0.0017, Final_scale=5726.8268
🚀 APPLYING GUIDANCE at step 34 (timestep=585)
final_loss: 1.1483004093170166
🎯 GUIDANCE STEP 34 (t=585): Loss=1.1483, Rho=507.360168, Grad_norm=0.0020, Final_scale=5073.6017
🚀 APPLYING GUIDANCE at step 35 (timestep=562)
final_loss: 1.1481622457504272
🎯 GUIDANCE STEP 35 (t=562): Loss=1.1482, Rho=240.466415, Grad_norm=0.0042, Final_scale=2404.6642
🚀 APPLYING GUIDANCE at step 36 (timestep=538)
final_loss: 1.1478389501571655
🎯 GUIDANCE STEP 36 (t=538): Loss=1.1478, Rho=827.507996, Grad_norm=0.0012, Final_scale=8275.0800
🚀 APPLYING GUIDANCE at step 37 (timestep=512)
final_loss: 1.147740364074707
🎯 GUIDANCE STEP 37 (t=512): Loss=1.1477, Rho=1409.853027, Grad_norm=0.0007, Final_scale=14098.5303
🚀 APPLYING GUIDANCE at step 38 (timestep=486)
final_loss: 1.1478155851364136
🎯 GUIDANCE STEP 38 (t=486): Loss=1.1478, Rho=667.604858, Grad_norm=0.0015, Final_scale=6676.0486
🚀 APPLYING GUIDANCE at step 39 (timestep=458)
final_loss: 1.1477550268173218
🎯 GUIDANCE STEP 39 (t=458): Loss=1.1478, Rho=1056.472412, Grad_norm=0.0009, Final_scale=10564.7241
🚀 APPLYING GUIDANCE at step 40 (timestep=428)
final_loss: 1.14768385887146
🎯 GUIDANCE STEP 40 (t=428): Loss=1.1477, Rho=1614.877686, Grad_norm=0.0006, Final_scale=16148.7769
🚀 APPLYING GUIDANCE at step 41 (timestep=396)
final_loss: 1.1475672721862793
🎯 GUIDANCE STEP 41 (t=396): Loss=1.1476, Rho=851.418457, Grad_norm=0.0012, Final_scale=8514.1846
🚀 APPLYING GUIDANCE at step 42 (timestep=363)
final_loss: 1.147557020187378
🎯 GUIDANCE STEP 42 (t=363): Loss=1.1476, Rho=1871.268311, Grad_norm=0.0005, Final_scale=18712.6831
🚀 APPLYING GUIDANCE at step 43 (timestep=327)
final_loss: 1.1475653648376465
🎯 GUIDANCE STEP 43 (t=327): Loss=1.1476, Rho=1015.428772, Grad_norm=0.0010, Final_scale=10154.2877
🚀 APPLYING GUIDANCE at step 44 (timestep=290)
final_loss: 1.1473891735076904
🎯 GUIDANCE STEP 44 (t=290): Loss=1.1474, Rho=1201.201172, Grad_norm=0.0008, Final_scale=12012.0117
🚀 APPLYING GUIDANCE at step 45 (timestep=249)
final_loss: 1.1471742391586304
🎯 GUIDANCE STEP 45 (t=249): Loss=1.1472, Rho=1455.555176, Grad_norm=0.0007, Final_scale=14555.5518
🚀 APPLYING GUIDANCE at step 46 (timestep=206)
final_loss: 1.1471912860870361
🎯 GUIDANCE STEP 46 (t=206): Loss=1.1472, Rho=1367.255493, Grad_norm=0.0007, Final_scale=13672.5549
🚀 APPLYING GUIDANCE at step 47 (timestep=160)
final_loss: 1.1470073461532593
🎯 GUIDANCE STEP 47 (t=160): Loss=1.1470, Rho=869.588989, Grad_norm=0.0011, Final_scale=8695.8899
🚀 APPLYING GUIDANCE at step 48 (timestep=111)
final_loss: 1.1468967199325562
🎯 GUIDANCE STEP 48 (t=111): Loss=1.1469, Rho=1094.101807, Grad_norm=0.0009, Final_scale=10941.0181
🚀 APPLYING GUIDANCE at step 49 (timestep=57)
final_loss: 1.1459167003631592
🎯 GUIDANCE STEP 49 (t=57): Loss=1.1459, Rho=915.531067, Grad_norm=0.0011, Final_scale=9155.3107
[guidance_f33_s50_w16c8_rho10.0_cfg5.0torch] Generated: generated_videos/subject_consistency/guidance_f33_s50_w16c8_rho10.0_cfg5.0torch/an elephant spraying itself with water using its trunk to cool down.mp4
[guidance_f33_s50_w16c8_rho10.0_cfg5.0torch] Generating video 7/9 (guidance): an elephant taking a peaceful walk
🎬 STARTING GUIDANCE PIPELINE GENERATION
   Frames: 33, Steps: 50, CFG Scale: 5.0

🔧 GUIDANCE PIPELINE CONFIGURATION:
   Guidance range: 0 - 1001
   Rho scale: 10.0
   V-JEPA kernel_size: 16
   V-JEPA context_length: 8
   V-JEPA stride: 2
   V-JEPA mode: max
   Total timesteps: 50

🚀 APPLYING GUIDANCE at step 0 (timestep=999)
final_loss: 1.1292246580123901
🎯 GUIDANCE STEP 0 (t=999): Loss=1.1292, Rho=62.096836, Grad_norm=0.0161, Final_scale=620.9684
🚀 APPLYING GUIDANCE at step 1 (timestep=992)
final_loss: 1.1211206912994385
🎯 GUIDANCE STEP 1 (t=992): Loss=1.1211, Rho=21.459999, Grad_norm=0.0466, Final_scale=214.6000
🚀 APPLYING GUIDANCE at step 2 (timestep=985)
final_loss: 1.119410514831543
🎯 GUIDANCE STEP 2 (t=985): Loss=1.1194, Rho=100.438354, Grad_norm=0.0100, Final_scale=1004.3835
🚀 APPLYING GUIDANCE at step 3 (timestep=978)
final_loss: 1.113337755203247
🎯 GUIDANCE STEP 3 (t=978): Loss=1.1133, Rho=129.480316, Grad_norm=0.0077, Final_scale=1294.8032
🚀 APPLYING GUIDANCE at step 4 (timestep=971)
final_loss: 1.1117771863937378
🎯 GUIDANCE STEP 4 (t=971): Loss=1.1118, Rho=115.358551, Grad_norm=0.0087, Final_scale=1153.5855
🚀 APPLYING GUIDANCE at step 5 (timestep=963)
final_loss: 1.1114360094070435
🎯 GUIDANCE STEP 5 (t=963): Loss=1.1114, Rho=140.420898, Grad_norm=0.0071, Final_scale=1404.2090
🚀 APPLYING GUIDANCE at step 6 (timestep=956)
final_loss: 1.1106451749801636
🎯 GUIDANCE STEP 6 (t=956): Loss=1.1106, Rho=144.686813, Grad_norm=0.0069, Final_scale=1446.8681
🚀 APPLYING GUIDANCE at step 7 (timestep=948)
final_loss: 1.1122093200683594
🎯 GUIDANCE STEP 7 (t=948): Loss=1.1122, Rho=160.481674, Grad_norm=0.0062, Final_scale=1604.8167
🚀 APPLYING GUIDANCE at step 8 (timestep=939)
final_loss: 1.1119778156280518
🎯 GUIDANCE STEP 8 (t=939): Loss=1.1120, Rho=190.456146, Grad_norm=0.0053, Final_scale=1904.5615
🚀 APPLYING GUIDANCE at step 9 (timestep=931)
final_loss: 1.1110649108886719
🎯 GUIDANCE STEP 9 (t=931): Loss=1.1111, Rho=198.895081, Grad_norm=0.0050, Final_scale=1988.9508
🚀 APPLYING GUIDANCE at step 10 (timestep=922)
final_loss: 1.1098448038101196
🎯 GUIDANCE STEP 10 (t=922): Loss=1.1098, Rho=233.490356, Grad_norm=0.0043, Final_scale=2334.9036
🚀 APPLYING GUIDANCE at step 11 (timestep=913)
final_loss: 1.10989511013031
🎯 GUIDANCE STEP 11 (t=913): Loss=1.1099, Rho=296.865265, Grad_norm=0.0034, Final_scale=2968.6526
🚀 APPLYING GUIDANCE at step 12 (timestep=904)
final_loss: 1.109552025794983
🎯 GUIDANCE STEP 12 (t=904): Loss=1.1096, Rho=319.518677, Grad_norm=0.0031, Final_scale=3195.1868
🚀 APPLYING GUIDANCE at step 13 (timestep=894)
final_loss: 1.1096104383468628
🎯 GUIDANCE STEP 13 (t=894): Loss=1.1096, Rho=374.112793, Grad_norm=0.0027, Final_scale=3741.1279
🚀 APPLYING GUIDANCE at step 14 (timestep=884)
final_loss: 1.1098202466964722
🎯 GUIDANCE STEP 14 (t=884): Loss=1.1098, Rho=346.127350, Grad_norm=0.0029, Final_scale=3461.2735
🚀 APPLYING GUIDANCE at step 15 (timestep=874)
final_loss: 1.1099861860275269
🎯 GUIDANCE STEP 15 (t=874): Loss=1.1100, Rho=327.072113, Grad_norm=0.0031, Final_scale=3270.7211
🚀 APPLYING GUIDANCE at step 16 (timestep=864)
final_loss: 1.1100538969039917
🎯 GUIDANCE STEP 16 (t=864): Loss=1.1101, Rho=374.327667, Grad_norm=0.0027, Final_scale=3743.2767
🚀 APPLYING GUIDANCE at step 17 (timestep=853)
final_loss: 1.109527826309204
🎯 GUIDANCE STEP 17 (t=853): Loss=1.1095, Rho=317.908264, Grad_norm=0.0031, Final_scale=3179.0826
🚀 APPLYING GUIDANCE at step 18 (timestep=841)
final_loss: 1.1095894575119019
🎯 GUIDANCE STEP 18 (t=841): Loss=1.1096, Rho=421.464661, Grad_norm=0.0024, Final_scale=4214.6466
🚀 APPLYING GUIDANCE at step 19 (timestep=829)
final_loss: 1.1096071004867554
🎯 GUIDANCE STEP 19 (t=829): Loss=1.1096, Rho=463.008240, Grad_norm=0.0022, Final_scale=4630.0824
🚀 APPLYING GUIDANCE at step 20 (timestep=817)
final_loss: 1.1095536947250366
🎯 GUIDANCE STEP 20 (t=817): Loss=1.1096, Rho=558.618103, Grad_norm=0.0018, Final_scale=5586.1810
🚀 APPLYING GUIDANCE at step 21 (timestep=805)
final_loss: 1.109302282333374
🎯 GUIDANCE STEP 21 (t=805): Loss=1.1093, Rho=591.814087, Grad_norm=0.0017, Final_scale=5918.1409
🚀 APPLYING GUIDANCE at step 22 (timestep=792)
final_loss: 1.109273910522461
🎯 GUIDANCE STEP 22 (t=792): Loss=1.1093, Rho=556.609558, Grad_norm=0.0018, Final_scale=5566.0956
🚀 APPLYING GUIDANCE at step 23 (timestep=778)
final_loss: 1.1088835000991821
🎯 GUIDANCE STEP 23 (t=778): Loss=1.1089, Rho=592.802612, Grad_norm=0.0017, Final_scale=5928.0261
🚀 APPLYING GUIDANCE at step 24 (timestep=764)
final_loss: 1.1087287664413452
🎯 GUIDANCE STEP 24 (t=764): Loss=1.1087, Rho=505.950317, Grad_norm=0.0020, Final_scale=5059.5032
🚀 APPLYING GUIDANCE at step 25 (timestep=749)
final_loss: 1.108716607093811
🎯 GUIDANCE STEP 25 (t=749): Loss=1.1087, Rho=635.880737, Grad_norm=0.0016, Final_scale=6358.8074
🚀 APPLYING GUIDANCE at step 26 (timestep=734)
final_loss: 1.1084305047988892
🎯 GUIDANCE STEP 26 (t=734): Loss=1.1084, Rho=598.940613, Grad_norm=0.0017, Final_scale=5989.4061
🚀 APPLYING GUIDANCE at step 27 (timestep=718)
final_loss: 1.1084685325622559
🎯 GUIDANCE STEP 27 (t=718): Loss=1.1085, Rho=472.245178, Grad_norm=0.0021, Final_scale=4722.4518
🚀 APPLYING GUIDANCE at step 28 (timestep=701)
final_loss: 1.1083900928497314
🎯 GUIDANCE STEP 28 (t=701): Loss=1.1084, Rho=763.735413, Grad_norm=0.0013, Final_scale=7637.3541
🚀 APPLYING GUIDANCE at step 29 (timestep=684)
final_loss: 1.1081945896148682
🎯 GUIDANCE STEP 29 (t=684): Loss=1.1082, Rho=748.509766, Grad_norm=0.0013, Final_scale=7485.0977
🚀 APPLYING GUIDANCE at step 30 (timestep=666)
final_loss: 1.108251929283142
🎯 GUIDANCE STEP 30 (t=666): Loss=1.1083, Rho=674.350525, Grad_norm=0.0015, Final_scale=6743.5052
🚀 APPLYING GUIDANCE at step 31 (timestep=647)
final_loss: 1.1080543994903564
🎯 GUIDANCE STEP 31 (t=647): Loss=1.1081, Rho=819.842224, Grad_norm=0.0012, Final_scale=8198.4222
🚀 APPLYING GUIDANCE at step 32 (timestep=627)
final_loss: 1.107988715171814
🎯 GUIDANCE STEP 32 (t=627): Loss=1.1080, Rho=832.833984, Grad_norm=0.0012, Final_scale=8328.3398
🚀 APPLYING GUIDANCE at step 33 (timestep=606)
final_loss: 1.108049988746643
🎯 GUIDANCE STEP 33 (t=606): Loss=1.1080, Rho=670.979004, Grad_norm=0.0015, Final_scale=6709.7900
🚀 APPLYING GUIDANCE at step 34 (timestep=585)
final_loss: 1.1079776287078857
🎯 GUIDANCE STEP 34 (t=585): Loss=1.1080, Rho=956.859924, Grad_norm=0.0010, Final_scale=9568.5992
🚀 APPLYING GUIDANCE at step 35 (timestep=562)
final_loss: 1.1078165769577026
🎯 GUIDANCE STEP 35 (t=562): Loss=1.1078, Rho=959.531738, Grad_norm=0.0010, Final_scale=9595.3174
🚀 APPLYING GUIDANCE at step 36 (timestep=538)
final_loss: 1.1075109243392944
🎯 GUIDANCE STEP 36 (t=538): Loss=1.1075, Rho=1132.154297, Grad_norm=0.0009, Final_scale=11321.5430
🚀 APPLYING GUIDANCE at step 37 (timestep=512)
final_loss: 1.1074059009552002
🎯 GUIDANCE STEP 37 (t=512): Loss=1.1074, Rho=861.063171, Grad_norm=0.0012, Final_scale=8610.6317
🚀 APPLYING GUIDANCE at step 38 (timestep=486)
final_loss: 1.1073979139328003
🎯 GUIDANCE STEP 38 (t=486): Loss=1.1074, Rho=1097.635742, Grad_norm=0.0009, Final_scale=10976.3574
🚀 APPLYING GUIDANCE at step 39 (timestep=458)
final_loss: 1.106938362121582
🎯 GUIDANCE STEP 39 (t=458): Loss=1.1069, Rho=980.629211, Grad_norm=0.0010, Final_scale=9806.2921
🚀 APPLYING GUIDANCE at step 40 (timestep=428)
final_loss: 1.1066923141479492
🎯 GUIDANCE STEP 40 (t=428): Loss=1.1067, Rho=922.308044, Grad_norm=0.0011, Final_scale=9223.0804
🚀 APPLYING GUIDANCE at step 41 (timestep=396)
final_loss: 1.1065335273742676
🎯 GUIDANCE STEP 41 (t=396): Loss=1.1065, Rho=578.073730, Grad_norm=0.0017, Final_scale=5780.7373
🚀 APPLYING GUIDANCE at step 42 (timestep=363)
final_loss: 1.1064443588256836
🎯 GUIDANCE STEP 42 (t=363): Loss=1.1064, Rho=979.836182, Grad_norm=0.0010, Final_scale=9798.3618
🚀 APPLYING GUIDANCE at step 43 (timestep=327)
final_loss: 1.1057686805725098
🎯 GUIDANCE STEP 43 (t=327): Loss=1.1058, Rho=1113.102051, Grad_norm=0.0009, Final_scale=11131.0205
🚀 APPLYING GUIDANCE at step 44 (timestep=290)
final_loss: 1.1051164865493774
🎯 GUIDANCE STEP 44 (t=290): Loss=1.1051, Rho=958.199402, Grad_norm=0.0010, Final_scale=9581.9940
🚀 APPLYING GUIDANCE at step 45 (timestep=249)
final_loss: 1.104828119277954
🎯 GUIDANCE STEP 45 (t=249): Loss=1.1048, Rho=999.179810, Grad_norm=0.0010, Final_scale=9991.7981
🚀 APPLYING GUIDANCE at step 46 (timestep=206)
final_loss: 1.1034165620803833
🎯 GUIDANCE STEP 46 (t=206): Loss=1.1034, Rho=844.274353, Grad_norm=0.0012, Final_scale=8442.7435
🚀 APPLYING GUIDANCE at step 47 (timestep=160)
final_loss: 1.1023447513580322
🎯 GUIDANCE STEP 47 (t=160): Loss=1.1023, Rho=743.578796, Grad_norm=0.0013, Final_scale=7435.7880
🚀 APPLYING GUIDANCE at step 48 (timestep=111)
final_loss: 1.1009889841079712
🎯 GUIDANCE STEP 48 (t=111): Loss=1.1010, Rho=618.184814, Grad_norm=0.0016, Final_scale=6181.8481
🚀 APPLYING GUIDANCE at step 49 (timestep=57)
final_loss: 1.0983260869979858
🎯 GUIDANCE STEP 49 (t=57): Loss=1.0983, Rho=646.227417, Grad_norm=0.0015, Final_scale=6462.2742
[guidance_f33_s50_w16c8_rho10.0_cfg5.0torch] Generated: generated_videos/subject_consistency/guidance_f33_s50_w16c8_rho10.0_cfg5.0torch/a cat drinking water.mp4
[guidance_f33_s50_w16c8_rho10.0_cfg5.0torch] Generating video 9/9 (guidance): a cat running happily
🎬 STARTING GUIDANCE PIPELINE GENERATION
   Frames: 33, Steps: 50, CFG Scale: 5.0

🔧 GUIDANCE PIPELINE CONFIGURATION:
   Guidance range: 0 - 1001
   Rho scale: 10.0
   V-JEPA kernel_size: 16
   V-JEPA context_length: 8
   V-JEPA stride: 2
   V-JEPA mode: max
   Total timesteps: 50

🚀 APPLYING GUIDANCE at step 0 (timestep=999)
final_loss: 1.1327605247497559
🎯 GUIDANCE STEP 0 (t=999): Loss=1.1328, Rho=102.815872, Grad_norm=0.0097, Final_scale=1028.1587
🚀 APPLYING GUIDANCE at step 1 (timestep=992)
final_loss: 1.1247351169586182
🎯 GUIDANCE STEP 1 (t=992): Loss=1.1247, Rho=254.982483, Grad_norm=0.0039, Final_scale=2549.8248
🚀 APPLYING GUIDANCE at step 2 (timestep=985)
final_loss: 1.125028371810913
🎯 GUIDANCE STEP 2 (t=985): Loss=1.1250, Rho=307.331390, Grad_norm=0.0033, Final_scale=3073.3139
🚀 APPLYING GUIDANCE at step 3 (timestep=978)
final_loss: 1.1241648197174072
🎯 GUIDANCE STEP 3 (t=978): Loss=1.1242, Rho=370.983246, Grad_norm=0.0027, Final_scale=3709.8325
🚀 APPLYING GUIDANCE at step 4 (timestep=971)
final_loss: 1.1245790719985962
🎯 GUIDANCE STEP 4 (t=971): Loss=1.1246, Rho=463.265350, Grad_norm=0.0022, Final_scale=4632.6535
🚀 APPLYING GUIDANCE at step 5 (timestep=963)
final_loss: 1.1252754926681519
🎯 GUIDANCE STEP 5 (t=963): Loss=1.1253, Rho=506.864655, Grad_norm=0.0020, Final_scale=5068.6465
🚀 APPLYING GUIDANCE at step 6 (timestep=956)
final_loss: 1.1256129741668701
🎯 GUIDANCE STEP 6 (t=956): Loss=1.1256, Rho=636.102539, Grad_norm=0.0016, Final_scale=6361.0254
🚀 APPLYING GUIDANCE at step 7 (timestep=948)
final_loss: 1.124976396560669
🎯 GUIDANCE STEP 7 (t=948): Loss=1.1250, Rho=683.299988, Grad_norm=0.0015, Final_scale=6832.9999
🚀 APPLYING GUIDANCE at step 8 (timestep=939)
final_loss: 1.1247142553329468
🎯 GUIDANCE STEP 8 (t=939): Loss=1.1247, Rho=630.729126, Grad_norm=0.0016, Final_scale=6307.2913
🚀 APPLYING GUIDANCE at step 9 (timestep=931)
final_loss: 1.1249232292175293
🎯 GUIDANCE STEP 9 (t=931): Loss=1.1249, Rho=732.436707, Grad_norm=0.0014, Final_scale=7324.3671
🚀 APPLYING GUIDANCE at step 10 (timestep=922)
final_loss: 1.124840259552002
🎯 GUIDANCE STEP 10 (t=922): Loss=1.1248, Rho=782.522705, Grad_norm=0.0013, Final_scale=7825.2271
🚀 APPLYING GUIDANCE at step 11 (timestep=913)
final_loss: 1.124299168586731
🎯 GUIDANCE STEP 11 (t=913): Loss=1.1243, Rho=803.019531, Grad_norm=0.0012, Final_scale=8030.1953
🚀 APPLYING GUIDANCE at step 12 (timestep=904)
final_loss: 1.1244624853134155
🎯 GUIDANCE STEP 12 (t=904): Loss=1.1245, Rho=705.062866, Grad_norm=0.0014, Final_scale=7050.6287
🚀 APPLYING GUIDANCE at step 13 (timestep=894)
final_loss: 1.1246649026870728
🎯 GUIDANCE STEP 13 (t=894): Loss=1.1247, Rho=912.285217, Grad_norm=0.0011, Final_scale=9122.8522
🚀 APPLYING GUIDANCE at step 14 (timestep=884)
final_loss: 1.124354600906372
🎯 GUIDANCE STEP 14 (t=884): Loss=1.1244, Rho=906.568420, Grad_norm=0.0011, Final_scale=9065.6842
🚀 APPLYING GUIDANCE at step 15 (timestep=874)
final_loss: 1.1240971088409424
🎯 GUIDANCE STEP 15 (t=874): Loss=1.1241, Rho=842.223877, Grad_norm=0.0012, Final_scale=8422.2388
🚀 APPLYING GUIDANCE at step 16 (timestep=864)
final_loss: 1.1240957975387573
🎯 GUIDANCE STEP 16 (t=864): Loss=1.1241, Rho=890.590149, Grad_norm=0.0011, Final_scale=8905.9015
🚀 APPLYING GUIDANCE at step 17 (timestep=853)
final_loss: 1.123869776725769
🎯 GUIDANCE STEP 17 (t=853): Loss=1.1239, Rho=814.845154, Grad_norm=0.0012, Final_scale=8148.4515
🚀 APPLYING GUIDANCE at step 18 (timestep=841)
final_loss: 1.1238478422164917
🎯 GUIDANCE STEP 18 (t=841): Loss=1.1238, Rho=852.092590, Grad_norm=0.0012, Final_scale=8520.9259
🚀 APPLYING GUIDANCE at step 19 (timestep=829)
final_loss: 1.1236685514450073
🎯 GUIDANCE STEP 19 (t=829): Loss=1.1237, Rho=742.816406, Grad_norm=0.0013, Final_scale=7428.1641
🚀 APPLYING GUIDANCE at step 20 (timestep=817)
final_loss: 1.1234201192855835
🎯 GUIDANCE STEP 20 (t=817): Loss=1.1234, Rho=854.802795, Grad_norm=0.0012, Final_scale=8548.0280
🚀 APPLYING GUIDANCE at step 21 (timestep=805)
final_loss: 1.1231293678283691
🎯 GUIDANCE STEP 21 (t=805): Loss=1.1231, Rho=1022.817261, Grad_norm=0.0010, Final_scale=10228.1726
🚀 APPLYING GUIDANCE at step 22 (timestep=792)
final_loss: 1.1231249570846558
🎯 GUIDANCE STEP 22 (t=792): Loss=1.1231, Rho=1014.266968, Grad_norm=0.0010, Final_scale=10142.6697
🚀 APPLYING GUIDANCE at step 23 (timestep=778)
final_loss: 1.123270869255066
🎯 GUIDANCE STEP 23 (t=778): Loss=1.1233, Rho=1066.381836, Grad_norm=0.0009, Final_scale=10663.8184
🚀 APPLYING GUIDANCE at step 24 (timestep=764)
final_loss: 1.123032808303833
🎯 GUIDANCE STEP 24 (t=764): Loss=1.1230, Rho=1039.776733, Grad_norm=0.0010, Final_scale=10397.7673
🚀 APPLYING GUIDANCE at step 25 (timestep=749)
final_loss: 1.1230939626693726
🎯 GUIDANCE STEP 25 (t=749): Loss=1.1231, Rho=1145.528809, Grad_norm=0.0009, Final_scale=11455.2881
🚀 APPLYING GUIDANCE at step 26 (timestep=734)
final_loss: 1.123047113418579
🎯 GUIDANCE STEP 26 (t=734): Loss=1.1230, Rho=1237.584351, Grad_norm=0.0008, Final_scale=12375.8435
🚀 APPLYING GUIDANCE at step 27 (timestep=718)
final_loss: 1.1228716373443604
🎯 GUIDANCE STEP 27 (t=718): Loss=1.1229, Rho=1249.540039, Grad_norm=0.0008, Final_scale=12495.4004
🚀 APPLYING GUIDANCE at step 28 (timestep=701)
final_loss: 1.1228948831558228
🎯 GUIDANCE STEP 28 (t=701): Loss=1.1229, Rho=1358.010864, Grad_norm=0.0007, Final_scale=13580.1086
🚀 APPLYING GUIDANCE at step 29 (timestep=684)
final_loss: 1.1228736639022827
🎯 GUIDANCE STEP 29 (t=684): Loss=1.1229, Rho=1365.919678, Grad_norm=0.0007, Final_scale=13659.1968
🚀 APPLYING GUIDANCE at step 30 (timestep=666)
final_loss: 1.122936725616455
🎯 GUIDANCE STEP 30 (t=666): Loss=1.1229, Rho=1522.419800, Grad_norm=0.0007, Final_scale=15224.1980
🚀 APPLYING GUIDANCE at step 31 (timestep=647)
final_loss: 1.1226398944854736
🎯 GUIDANCE STEP 31 (t=647): Loss=1.1226, Rho=1469.636475, Grad_norm=0.0007, Final_scale=14696.3647
🚀 APPLYING GUIDANCE at step 32 (timestep=627)
final_loss: 1.1226388216018677
🎯 GUIDANCE STEP 32 (t=627): Loss=1.1226, Rho=1583.269287, Grad_norm=0.0006, Final_scale=15832.6929
🚀 APPLYING GUIDANCE at step 33 (timestep=606)
final_loss: 1.1227405071258545
🎯 GUIDANCE STEP 33 (t=606): Loss=1.1227, Rho=1434.419922, Grad_norm=0.0007, Final_scale=14344.1992
🚀 APPLYING GUIDANCE at step 34 (timestep=585)
final_loss: 1.1224406957626343
🎯 GUIDANCE STEP 34 (t=585): Loss=1.1224, Rho=1703.872437, Grad_norm=0.0006, Final_scale=17038.7244
🚀 APPLYING GUIDANCE at step 35 (timestep=562)
final_loss: 1.1224548816680908
🎯 GUIDANCE STEP 35 (t=562): Loss=1.1225, Rho=1890.504272, Grad_norm=0.0005, Final_scale=18905.0427
🚀 APPLYING GUIDANCE at step 36 (timestep=538)
final_loss: 1.1222413778305054
🎯 GUIDANCE STEP 36 (t=538): Loss=1.1222, Rho=1984.645020, Grad_norm=0.0005, Final_scale=19846.4502
🚀 APPLYING GUIDANCE at step 37 (timestep=512)
final_loss: 1.122123122215271
🎯 GUIDANCE STEP 37 (t=512): Loss=1.1221, Rho=1976.559937, Grad_norm=0.0005, Final_scale=19765.5994
🚀 APPLYING GUIDANCE at step 38 (timestep=486)
final_loss: 1.121943712234497
🎯 GUIDANCE STEP 38 (t=486): Loss=1.1219, Rho=2113.449707, Grad_norm=0.0005, Final_scale=21134.4971
🚀 APPLYING GUIDANCE at step 39 (timestep=458)
final_loss: 1.1219052076339722
🎯 GUIDANCE STEP 39 (t=458): Loss=1.1219, Rho=2193.197021, Grad_norm=0.0005, Final_scale=21931.9702
🚀 APPLYING GUIDANCE at step 40 (timestep=428)
final_loss: 1.1217072010040283
🎯 GUIDANCE STEP 40 (t=428): Loss=1.1217, Rho=1994.435669, Grad_norm=0.0005, Final_scale=19944.3567
🚀 APPLYING GUIDANCE at step 41 (timestep=396)
final_loss: 1.1214321851730347
🎯 GUIDANCE STEP 41 (t=396): Loss=1.1214, Rho=2123.687500, Grad_norm=0.0005, Final_scale=21236.8750
🚀 APPLYING GUIDANCE at step 42 (timestep=363)
final_loss: 1.1212526559829712
🎯 GUIDANCE STEP 42 (t=363): Loss=1.1213, Rho=2093.265625, Grad_norm=0.0005, Final_scale=20932.6562
🚀 APPLYING GUIDANCE at step 43 (timestep=327)
final_loss: 1.1211909055709839
🎯 GUIDANCE STEP 43 (t=327): Loss=1.1212, Rho=1988.218140, Grad_norm=0.0005, Final_scale=19882.1814
🚀 APPLYING GUIDANCE at step 44 (timestep=290)
final_loss: 1.1207443475723267
🎯 GUIDANCE STEP 44 (t=290): Loss=1.1207, Rho=2477.654297, Grad_norm=0.0004, Final_scale=24776.5430
🚀 APPLYING GUIDANCE at step 45 (timestep=249)
final_loss: 1.120323896408081
🎯 GUIDANCE STEP 45 (t=249): Loss=1.1203, Rho=2362.970215, Grad_norm=0.0004, Final_scale=23629.7021
🚀 APPLYING GUIDANCE at step 46 (timestep=206)
final_loss: 1.1197980642318726
🎯 GUIDANCE STEP 46 (t=206): Loss=1.1198, Rho=1911.311035, Grad_norm=0.0005, Final_scale=19113.1104
🚀 APPLYING GUIDANCE at step 47 (timestep=160)
final_loss: 1.1195391416549683
🎯 GUIDANCE STEP 47 (t=160): Loss=1.1195, Rho=1586.103027, Grad_norm=0.0006, Final_scale=15861.0303
🚀 APPLYING GUIDANCE at step 48 (timestep=111)
final_loss: 1.1187981367111206
🎯 GUIDANCE STEP 48 (t=111): Loss=1.1188, Rho=1797.581299, Grad_norm=0.0006, Final_scale=17975.8130
🚀 APPLYING GUIDANCE at step 49 (timestep=57)
final_loss: 1.1167547702789307
🎯 GUIDANCE STEP 49 (t=57): Loss=1.1168, Rho=1196.320190, Grad_norm=0.0008, Final_scale=11963.2019
[guidance_f33_s50_w16c8_rho10.0_cfg5.0torch] Generated: generated_videos/subject_consistency/guidance_f33_s50_w16c8_rho10.0_cfg5.0torch/a giraffe taking a peaceful walk.mp4
[guidance_f33_s50_w16c8_rho10.0_cfg5.0torch] Generating video 9/9 (guidance): a giraffe running to join a herd of its kind
🎬 STARTING GUIDANCE PIPELINE GENERATION
   Frames: 33, Steps: 50, CFG Scale: 5.0

🔧 GUIDANCE PIPELINE CONFIGURATION:
   Guidance range: 0 - 1001
   Rho scale: 10.0
   V-JEPA kernel_size: 16
   V-JEPA context_length: 8
   V-JEPA stride: 2
   V-JEPA mode: max
   Total timesteps: 50

🚀 APPLYING GUIDANCE at step 0 (timestep=999)
final_loss: 1.1304116249084473
🎯 GUIDANCE STEP 0 (t=999): Loss=1.1304, Rho=106.865265, Grad_norm=0.0094, Final_scale=1068.6526
🚀 APPLYING GUIDANCE at step 1 (timestep=992)
final_loss: 1.1239867210388184
🎯 GUIDANCE STEP 1 (t=992): Loss=1.1240, Rho=77.644730, Grad_norm=0.0129, Final_scale=776.4473
🚀 APPLYING GUIDANCE at step 2 (timestep=985)
final_loss: 1.1335140466690063
🎯 GUIDANCE STEP 2 (t=985): Loss=1.1335, Rho=25.359863, Grad_norm=0.0394, Final_scale=253.5986
🚀 APPLYING GUIDANCE at step 3 (timestep=978)
final_loss: 1.1254196166992188
🎯 GUIDANCE STEP 3 (t=978): Loss=1.1254, Rho=75.449715, Grad_norm=0.0133, Final_scale=754.4971
🚀 APPLYING GUIDANCE at step 4 (timestep=971)
final_loss: 1.1277564764022827
🎯 GUIDANCE STEP 4 (t=971): Loss=1.1278, Rho=153.763550, Grad_norm=0.0065, Final_scale=1537.6355
🚀 APPLYING GUIDANCE at step 5 (timestep=963)
final_loss: 1.1274923086166382
🎯 GUIDANCE STEP 5 (t=963): Loss=1.1275, Rho=125.737206, Grad_norm=0.0080, Final_scale=1257.3721
🚀 APPLYING GUIDANCE at step 6 (timestep=956)
final_loss: 1.1293628215789795
🎯 GUIDANCE STEP 6 (t=956): Loss=1.1294, Rho=149.964752, Grad_norm=0.0067, Final_scale=1499.6475
🚀 APPLYING GUIDANCE at step 7 (timestep=948)
final_loss: 1.131077766418457
🎯 GUIDANCE STEP 7 (t=948): Loss=1.1311, Rho=173.688583, Grad_norm=0.0058, Final_scale=1736.8858
🚀 APPLYING GUIDANCE at step 8 (timestep=939)
final_loss: 1.131746768951416
🎯 GUIDANCE STEP 8 (t=939): Loss=1.1317, Rho=211.158112, Grad_norm=0.0047, Final_scale=2111.5811
🚀 APPLYING GUIDANCE at step 9 (timestep=931)
final_loss: 1.131958246231079
🎯 GUIDANCE STEP 9 (t=931): Loss=1.1320, Rho=203.366379, Grad_norm=0.0049, Final_scale=2033.6638
🚀 APPLYING GUIDANCE at step 10 (timestep=922)
final_loss: 1.1322166919708252
🎯 GUIDANCE STEP 10 (t=922): Loss=1.1322, Rho=187.298386, Grad_norm=0.0053, Final_scale=1872.9839
🚀 APPLYING GUIDANCE at step 11 (timestep=913)
final_loss: 1.1325286626815796
🎯 GUIDANCE STEP 11 (t=913): Loss=1.1325, Rho=205.608673, Grad_norm=0.0049, Final_scale=2056.0867
🚀 APPLYING GUIDANCE at step 12 (timestep=904)
final_loss: 1.1320799589157104
🎯 GUIDANCE STEP 12 (t=904): Loss=1.1321, Rho=232.164352, Grad_norm=0.0043, Final_scale=2321.6435
🚀 APPLYING GUIDANCE at step 13 (timestep=894)
final_loss: 1.1314269304275513
🎯 GUIDANCE STEP 13 (t=894): Loss=1.1314, Rho=209.487991, Grad_norm=0.0048, Final_scale=2094.8799
🚀 APPLYING GUIDANCE at step 14 (timestep=884)
final_loss: 1.1313133239746094
🎯 GUIDANCE STEP 14 (t=884): Loss=1.1313, Rho=234.164154, Grad_norm=0.0043, Final_scale=2341.6415
🚀 APPLYING GUIDANCE at step 15 (timestep=874)
final_loss: 1.1313886642456055
🎯 GUIDANCE STEP 15 (t=874): Loss=1.1314, Rho=239.776306, Grad_norm=0.0042, Final_scale=2397.7631
🚀 APPLYING GUIDANCE at step 16 (timestep=864)
final_loss: 1.1308043003082275
🎯 GUIDANCE STEP 16 (t=864): Loss=1.1308, Rho=251.067932, Grad_norm=0.0040, Final_scale=2510.6793
🚀 APPLYING GUIDANCE at step 17 (timestep=853)
final_loss: 1.130678415298462
🎯 GUIDANCE STEP 17 (t=853): Loss=1.1307, Rho=206.261276, Grad_norm=0.0048, Final_scale=2062.6128
🚀 APPLYING GUIDANCE at step 18 (timestep=841)
final_loss: 1.1306349039077759
🎯 GUIDANCE STEP 18 (t=841): Loss=1.1306, Rho=231.039169, Grad_norm=0.0043, Final_scale=2310.3917
🚀 APPLYING GUIDANCE at step 19 (timestep=829)
final_loss: 1.1302732229232788
🎯 GUIDANCE STEP 19 (t=829): Loss=1.1303, Rho=302.145264, Grad_norm=0.0033, Final_scale=3021.4526
🚀 APPLYING GUIDANCE at step 20 (timestep=817)
final_loss: 1.1302331686019897
🎯 GUIDANCE STEP 20 (t=817): Loss=1.1302, Rho=189.300385, Grad_norm=0.0053, Final_scale=1893.0038
🚀 APPLYING GUIDANCE at step 21 (timestep=805)
final_loss: 1.1304668188095093
🎯 GUIDANCE STEP 21 (t=805): Loss=1.1305, Rho=296.531860, Grad_norm=0.0034, Final_scale=2965.3186
🚀 APPLYING GUIDANCE at step 22 (timestep=792)
final_loss: 1.1302920579910278
🎯 GUIDANCE STEP 22 (t=792): Loss=1.1303, Rho=240.456345, Grad_norm=0.0042, Final_scale=2404.5634
🚀 APPLYING GUIDANCE at step 23 (timestep=778)
final_loss: 1.1303675174713135
🎯 GUIDANCE STEP 23 (t=778): Loss=1.1304, Rho=302.256958, Grad_norm=0.0033, Final_scale=3022.5696
🚀 APPLYING GUIDANCE at step 24 (timestep=764)
final_loss: 1.1299175024032593
🎯 GUIDANCE STEP 24 (t=764): Loss=1.1299, Rho=336.801575, Grad_norm=0.0030, Final_scale=3368.0157
🚀 APPLYING GUIDANCE at step 25 (timestep=749)
final_loss: 1.1300007104873657
🎯 GUIDANCE STEP 25 (t=749): Loss=1.1300, Rho=419.585175, Grad_norm=0.0024, Final_scale=4195.8517
🚀 APPLYING GUIDANCE at step 26 (timestep=734)
final_loss: 1.1302025318145752
🎯 GUIDANCE STEP 26 (t=734): Loss=1.1302, Rho=375.743561, Grad_norm=0.0027, Final_scale=3757.4356
🚀 APPLYING GUIDANCE at step 27 (timestep=718)
final_loss: 1.1298978328704834
🎯 GUIDANCE STEP 27 (t=718): Loss=1.1299, Rho=452.934113, Grad_norm=0.0022, Final_scale=4529.3411
🚀 APPLYING GUIDANCE at step 28 (timestep=701)
final_loss: 1.1295369863510132
🎯 GUIDANCE STEP 28 (t=701): Loss=1.1295, Rho=395.265686, Grad_norm=0.0025, Final_scale=3952.6569
🚀 APPLYING GUIDANCE at step 29 (timestep=684)
final_loss: 1.1298203468322754
🎯 GUIDANCE STEP 29 (t=684): Loss=1.1298, Rho=451.948059, Grad_norm=0.0022, Final_scale=4519.4806
🚀 APPLYING GUIDANCE at step 30 (timestep=666)
final_loss: 1.1293411254882812
🎯 GUIDANCE STEP 30 (t=666): Loss=1.1293, Rho=343.958008, Grad_norm=0.0029, Final_scale=3439.5801
🚀 APPLYING GUIDANCE at step 31 (timestep=647)
final_loss: 1.1295751333236694
🎯 GUIDANCE STEP 31 (t=647): Loss=1.1296, Rho=458.195435, Grad_norm=0.0022, Final_scale=4581.9543
🚀 APPLYING GUIDANCE at step 32 (timestep=627)
final_loss: 1.1291645765304565
🎯 GUIDANCE STEP 32 (t=627): Loss=1.1292, Rho=393.945007, Grad_norm=0.0025, Final_scale=3939.4501
🚀 APPLYING GUIDANCE at step 33 (timestep=606)
final_loss: 1.1292701959609985
🎯 GUIDANCE STEP 33 (t=606): Loss=1.1293, Rho=310.174805, Grad_norm=0.0032, Final_scale=3101.7480
🚀 APPLYING GUIDANCE at step 34 (timestep=585)
final_loss: 1.1292592287063599
🎯 GUIDANCE STEP 34 (t=585): Loss=1.1293, Rho=522.987915, Grad_norm=0.0019, Final_scale=5229.8792
🚀 APPLYING GUIDANCE at step 35 (timestep=562)
final_loss: 1.129010558128357
🎯 GUIDANCE STEP 35 (t=562): Loss=1.1290, Rho=226.947113, Grad_norm=0.0044, Final_scale=2269.4711
🚀 APPLYING GUIDANCE at step 36 (timestep=538)
final_loss: 1.129210352897644
🎯 GUIDANCE STEP 36 (t=538): Loss=1.1292, Rho=582.653015, Grad_norm=0.0017, Final_scale=5826.5302
🚀 APPLYING GUIDANCE at step 37 (timestep=512)
final_loss: 1.1287760734558105
🎯 GUIDANCE STEP 37 (t=512): Loss=1.1288, Rho=600.947571, Grad_norm=0.0017, Final_scale=6009.4757
🚀 APPLYING GUIDANCE at step 38 (timestep=486)
final_loss: 1.1287914514541626
🎯 GUIDANCE STEP 38 (t=486): Loss=1.1288, Rho=723.467773, Grad_norm=0.0014, Final_scale=7234.6777
🚀 APPLYING GUIDANCE at step 39 (timestep=458)
final_loss: 1.1284805536270142
🎯 GUIDANCE STEP 39 (t=458): Loss=1.1285, Rho=603.393188, Grad_norm=0.0017, Final_scale=6033.9319
🚀 APPLYING GUIDANCE at step 40 (timestep=428)
final_loss: 1.1283655166625977
🎯 GUIDANCE STEP 40 (t=428): Loss=1.1284, Rho=707.229187, Grad_norm=0.0014, Final_scale=7072.2919
🚀 APPLYING GUIDANCE at step 41 (timestep=396)
final_loss: 1.1278551816940308
🎯 GUIDANCE STEP 41 (t=396): Loss=1.1279, Rho=789.316162, Grad_norm=0.0013, Final_scale=7893.1616
🚀 APPLYING GUIDANCE at step 42 (timestep=363)
final_loss: 1.1275131702423096
🎯 GUIDANCE STEP 42 (t=363): Loss=1.1275, Rho=754.287781, Grad_norm=0.0013, Final_scale=7542.8778
🚀 APPLYING GUIDANCE at step 43 (timestep=327)
final_loss: 1.1273201704025269
🎯 GUIDANCE STEP 43 (t=327): Loss=1.1273, Rho=687.218689, Grad_norm=0.0015, Final_scale=6872.1869
🚀 APPLYING GUIDANCE at step 44 (timestep=290)
final_loss: 1.1269291639328003
🎯 GUIDANCE STEP 44 (t=290): Loss=1.1269, Rho=500.073151, Grad_norm=0.0020, Final_scale=5000.7315
🚀 APPLYING GUIDANCE at step 45 (timestep=249)
final_loss: 1.1263827085494995
🎯 GUIDANCE STEP 45 (t=249): Loss=1.1264, Rho=989.958740, Grad_norm=0.0010, Final_scale=9899.5874
🚀 APPLYING GUIDANCE at step 46 (timestep=206)
final_loss: 1.1255853176116943
🎯 GUIDANCE STEP 46 (t=206): Loss=1.1256, Rho=947.168091, Grad_norm=0.0011, Final_scale=9471.6809
🚀 APPLYING GUIDANCE at step 47 (timestep=160)
final_loss: 1.1256909370422363
🎯 GUIDANCE STEP 47 (t=160): Loss=1.1257, Rho=709.530334, Grad_norm=0.0014, Final_scale=7095.3033
🚀 APPLYING GUIDANCE at step 48 (timestep=111)
final_loss: 1.1246660947799683
🎯 GUIDANCE STEP 48 (t=111): Loss=1.1247, Rho=495.319702, Grad_norm=0.0020, Final_scale=4953.1970
🚀 APPLYING GUIDANCE at step 49 (timestep=57)
final_loss: 1.1238367557525635
🎯 GUIDANCE STEP 49 (t=57): Loss=1.1238, Rho=642.405457, Grad_norm=0.0016, Final_scale=6424.0546
[guidance_f33_s50_w16c8_rho10.0_cfg5.0torch] Generated: generated_videos/subject_consistency/guidance_f33_s50_w16c8_rho10.0_cfg5.0torch/a motorcycle turning a corner.mp4
[guidance_f33_s50_w16c8_rho10.0_cfg5.0torch] Generating video 9/9 (guidance): a motorcycle slowing down to stop
🎬 STARTING GUIDANCE PIPELINE GENERATION
   Frames: 33, Steps: 50, CFG Scale: 5.0

🔧 GUIDANCE PIPELINE CONFIGURATION:
   Guidance range: 0 - 1001
   Rho scale: 10.0
   V-JEPA kernel_size: 16
   V-JEPA context_length: 8
   V-JEPA stride: 2
   V-JEPA mode: max
   Total timesteps: 50

🚀 APPLYING GUIDANCE at step 0 (timestep=999)
final_loss: 1.1322392225265503
🎯 GUIDANCE STEP 0 (t=999): Loss=1.1322, Rho=75.361328, Grad_norm=0.0133, Final_scale=753.6133
🚀 APPLYING GUIDANCE at step 1 (timestep=992)
final_loss: 1.1323118209838867
🎯 GUIDANCE STEP 1 (t=992): Loss=1.1323, Rho=92.329857, Grad_norm=0.0108, Final_scale=923.2986
🚀 APPLYING GUIDANCE at step 2 (timestep=985)
final_loss: 1.1150176525115967
🎯 GUIDANCE STEP 2 (t=985): Loss=1.1150, Rho=259.581604, Grad_norm=0.0039, Final_scale=2595.8160
🚀 APPLYING GUIDANCE at step 3 (timestep=978)
final_loss: 1.1142374277114868
🎯 GUIDANCE STEP 3 (t=978): Loss=1.1142, Rho=354.229034, Grad_norm=0.0028, Final_scale=3542.2903
🚀 APPLYING GUIDANCE at step 4 (timestep=971)
final_loss: 1.1139545440673828
🎯 GUIDANCE STEP 4 (t=971): Loss=1.1140, Rho=384.028015, Grad_norm=0.0026, Final_scale=3840.2802
🚀 APPLYING GUIDANCE at step 5 (timestep=963)
final_loss: 1.1146620512008667
🎯 GUIDANCE STEP 5 (t=963): Loss=1.1147, Rho=511.780365, Grad_norm=0.0020, Final_scale=5117.8036
🚀 APPLYING GUIDANCE at step 6 (timestep=956)
final_loss: 1.1141700744628906
🎯 GUIDANCE STEP 6 (t=956): Loss=1.1142, Rho=579.233154, Grad_norm=0.0017, Final_scale=5792.3315
🚀 APPLYING GUIDANCE at step 7 (timestep=948)
final_loss: 1.113348126411438
🎯 GUIDANCE STEP 7 (t=948): Loss=1.1133, Rho=625.892029, Grad_norm=0.0016, Final_scale=6258.9203
🚀 APPLYING GUIDANCE at step 8 (timestep=939)
final_loss: 1.113146185874939
🎯 GUIDANCE STEP 8 (t=939): Loss=1.1131, Rho=683.464111, Grad_norm=0.0015, Final_scale=6834.6411
🚀 APPLYING GUIDANCE at step 9 (timestep=931)
final_loss: 1.1134345531463623
🎯 GUIDANCE STEP 9 (t=931): Loss=1.1134, Rho=689.739990, Grad_norm=0.0014, Final_scale=6897.3999
🚀 APPLYING GUIDANCE at step 10 (timestep=922)
final_loss: 1.113398790359497
🎯 GUIDANCE STEP 10 (t=922): Loss=1.1134, Rho=778.593079, Grad_norm=0.0013, Final_scale=7785.9308
🚀 APPLYING GUIDANCE at step 11 (timestep=913)
final_loss: 1.1130555868148804
🎯 GUIDANCE STEP 11 (t=913): Loss=1.1131, Rho=685.339783, Grad_norm=0.0015, Final_scale=6853.3978
🚀 APPLYING GUIDANCE at step 12 (timestep=904)
final_loss: 1.1128548383712769
🎯 GUIDANCE STEP 12 (t=904): Loss=1.1129, Rho=860.376404, Grad_norm=0.0012, Final_scale=8603.7640
🚀 APPLYING GUIDANCE at step 13 (timestep=894)
final_loss: 1.1126306056976318
🎯 GUIDANCE STEP 13 (t=894): Loss=1.1126, Rho=810.347351, Grad_norm=0.0012, Final_scale=8103.4735
🚀 APPLYING GUIDANCE at step 14 (timestep=884)
final_loss: 1.112648844718933
🎯 GUIDANCE STEP 14 (t=884): Loss=1.1126, Rho=757.768005, Grad_norm=0.0013, Final_scale=7577.6801
🚀 APPLYING GUIDANCE at step 15 (timestep=874)
final_loss: 1.1126456260681152
🎯 GUIDANCE STEP 15 (t=874): Loss=1.1126, Rho=661.554260, Grad_norm=0.0015, Final_scale=6615.5426
🚀 APPLYING GUIDANCE at step 16 (timestep=864)
final_loss: 1.1126903295516968
🎯 GUIDANCE STEP 16 (t=864): Loss=1.1127, Rho=624.694946, Grad_norm=0.0016, Final_scale=6246.9495
🚀 APPLYING GUIDANCE at step 17 (timestep=853)
final_loss: 1.112550973892212
🎯 GUIDANCE STEP 17 (t=853): Loss=1.1126, Rho=776.520203, Grad_norm=0.0013, Final_scale=7765.2020
🚀 APPLYING GUIDANCE at step 18 (timestep=841)
final_loss: 1.1125887632369995
🎯 GUIDANCE STEP 18 (t=841): Loss=1.1126, Rho=578.792786, Grad_norm=0.0017, Final_scale=5787.9279
🚀 APPLYING GUIDANCE at step 19 (timestep=829)
final_loss: 1.1125253438949585
🎯 GUIDANCE STEP 19 (t=829): Loss=1.1125, Rho=698.074463, Grad_norm=0.0014, Final_scale=6980.7446
🚀 APPLYING GUIDANCE at step 20 (timestep=817)
final_loss: 1.1126295328140259
🎯 GUIDANCE STEP 20 (t=817): Loss=1.1126, Rho=726.552795, Grad_norm=0.0014, Final_scale=7265.5280
🚀 APPLYING GUIDANCE at step 21 (timestep=805)
final_loss: 1.1126612424850464
🎯 GUIDANCE STEP 21 (t=805): Loss=1.1127, Rho=1361.708740, Grad_norm=0.0007, Final_scale=13617.0874
🚀 APPLYING GUIDANCE at step 22 (timestep=792)
final_loss: 1.1124080419540405
🎯 GUIDANCE STEP 22 (t=792): Loss=1.1124, Rho=1212.368896, Grad_norm=0.0008, Final_scale=12123.6890
🚀 APPLYING GUIDANCE at step 23 (timestep=778)
final_loss: 1.1125391721725464
🎯 GUIDANCE STEP 23 (t=778): Loss=1.1125, Rho=1434.212769, Grad_norm=0.0007, Final_scale=14342.1277
🚀 APPLYING GUIDANCE at step 24 (timestep=764)
final_loss: 1.112558364868164
🎯 GUIDANCE STEP 24 (t=764): Loss=1.1126, Rho=1378.491089, Grad_norm=0.0007, Final_scale=13784.9109
🚀 APPLYING GUIDANCE at step 25 (timestep=749)
final_loss: 1.1123777627944946
🎯 GUIDANCE STEP 25 (t=749): Loss=1.1124, Rho=1745.439575, Grad_norm=0.0006, Final_scale=17454.3958
🚀 APPLYING GUIDANCE at step 26 (timestep=734)
final_loss: 1.1122034788131714
🎯 GUIDANCE STEP 26 (t=734): Loss=1.1122, Rho=1589.219360, Grad_norm=0.0006, Final_scale=15892.1936
🚀 APPLYING GUIDANCE at step 27 (timestep=718)
final_loss: 1.1122186183929443
🎯 GUIDANCE STEP 27 (t=718): Loss=1.1122, Rho=1515.985474, Grad_norm=0.0007, Final_scale=15159.8547
🚀 APPLYING GUIDANCE at step 28 (timestep=701)
final_loss: 1.1121329069137573
🎯 GUIDANCE STEP 28 (t=701): Loss=1.1121, Rho=1664.122559, Grad_norm=0.0006, Final_scale=16641.2256
🚀 APPLYING GUIDANCE at step 29 (timestep=684)
final_loss: 1.1121612787246704
🎯 GUIDANCE STEP 29 (t=684): Loss=1.1122, Rho=1727.634155, Grad_norm=0.0006, Final_scale=17276.3416
🚀 APPLYING GUIDANCE at step 30 (timestep=666)
final_loss: 1.112135887145996
🎯 GUIDANCE STEP 30 (t=666): Loss=1.1121, Rho=1881.110474, Grad_norm=0.0005, Final_scale=18811.1047
🚀 APPLYING GUIDANCE at step 31 (timestep=647)
final_loss: 1.1121618747711182
🎯 GUIDANCE STEP 31 (t=647): Loss=1.1122, Rho=1820.663452, Grad_norm=0.0005, Final_scale=18206.6345
🚀 APPLYING GUIDANCE at step 32 (timestep=627)
final_loss: 1.1120725870132446
🎯 GUIDANCE STEP 32 (t=627): Loss=1.1121, Rho=2001.289673, Grad_norm=0.0005, Final_scale=20012.8967
🚀 APPLYING GUIDANCE at step 33 (timestep=606)
final_loss: 1.112026572227478
🎯 GUIDANCE STEP 33 (t=606): Loss=1.1120, Rho=1739.236938, Grad_norm=0.0006, Final_scale=17392.3694
🚀 APPLYING GUIDANCE at step 34 (timestep=585)
final_loss: 1.1119486093521118
🎯 GUIDANCE STEP 34 (t=585): Loss=1.1119, Rho=2129.925293, Grad_norm=0.0005, Final_scale=21299.2529
🚀 APPLYING GUIDANCE at step 35 (timestep=562)
final_loss: 1.11172616481781
🎯 GUIDANCE STEP 35 (t=562): Loss=1.1117, Rho=2249.195801, Grad_norm=0.0004, Final_scale=22491.9580
🚀 APPLYING GUIDANCE at step 36 (timestep=538)
final_loss: 1.111659288406372
🎯 GUIDANCE STEP 36 (t=538): Loss=1.1117, Rho=2715.048340, Grad_norm=0.0004, Final_scale=27150.4834
🚀 APPLYING GUIDANCE at step 37 (timestep=512)
final_loss: 1.111586570739746
🎯 GUIDANCE STEP 37 (t=512): Loss=1.1116, Rho=1853.623169, Grad_norm=0.0005, Final_scale=18536.2317
🚀 APPLYING GUIDANCE at step 38 (timestep=486)
final_loss: 1.1114834547042847
🎯 GUIDANCE STEP 38 (t=486): Loss=1.1115, Rho=2529.785889, Grad_norm=0.0004, Final_scale=25297.8589
🚀 APPLYING GUIDANCE at step 39 (timestep=458)
final_loss: 1.1113275289535522
🎯 GUIDANCE STEP 39 (t=458): Loss=1.1113, Rho=2692.892334, Grad_norm=0.0004, Final_scale=26928.9233
🚀 APPLYING GUIDANCE at step 40 (timestep=428)
final_loss: 1.11125648021698
🎯 GUIDANCE STEP 40 (t=428): Loss=1.1113, Rho=3339.937012, Grad_norm=0.0003, Final_scale=33399.3701
🚀 APPLYING GUIDANCE at step 41 (timestep=396)
final_loss: 1.1110880374908447
🎯 GUIDANCE STEP 41 (t=396): Loss=1.1111, Rho=2188.448486, Grad_norm=0.0005, Final_scale=21884.4849
🚀 APPLYING GUIDANCE at step 42 (timestep=363)
final_loss: 1.111092209815979
🎯 GUIDANCE STEP 42 (t=363): Loss=1.1111, Rho=2970.517578, Grad_norm=0.0003, Final_scale=29705.1758
🚀 APPLYING GUIDANCE at step 43 (timestep=327)
final_loss: 1.1107877492904663
🎯 GUIDANCE STEP 43 (t=327): Loss=1.1108, Rho=3694.259033, Grad_norm=0.0003, Final_scale=36942.5903
🚀 APPLYING GUIDANCE at step 44 (timestep=290)
final_loss: 1.110425591468811
🎯 GUIDANCE STEP 44 (t=290): Loss=1.1104, Rho=3410.252930, Grad_norm=0.0003, Final_scale=34102.5293
🚀 APPLYING GUIDANCE at step 45 (timestep=249)
final_loss: 1.1101387739181519
🎯 GUIDANCE STEP 45 (t=249): Loss=1.1101, Rho=2202.476562, Grad_norm=0.0005, Final_scale=22024.7656
🚀 APPLYING GUIDANCE at step 46 (timestep=206)
final_loss: 1.1099117994308472
🎯 GUIDANCE STEP 46 (t=206): Loss=1.1099, Rho=2119.521484, Grad_norm=0.0005, Final_scale=21195.2148
🚀 APPLYING GUIDANCE at step 47 (timestep=160)
final_loss: 1.1095705032348633
🎯 GUIDANCE STEP 47 (t=160): Loss=1.1096, Rho=2392.291260, Grad_norm=0.0004, Final_scale=23922.9126
🚀 APPLYING GUIDANCE at step 48 (timestep=111)
final_loss: 1.108769178390503
🎯 GUIDANCE STEP 48 (t=111): Loss=1.1088, Rho=2867.002686, Grad_norm=0.0003, Final_scale=28670.0269
🚀 APPLYING GUIDANCE at step 49 (timestep=57)
final_loss: 1.1066913604736328
🎯 GUIDANCE STEP 49 (t=57): Loss=1.1067, Rho=2106.239746, Grad_norm=0.0005, Final_scale=21062.3975
[guidance_f33_s50_w16c8_rho10.0_cfg5.0torch] Generated: generated_videos/subject_consistency/guidance_f33_s50_w16c8_rho10.0_cfg5.0torch/a horse running to join a herd of its kind.mp4
[guidance_f33_s50_w16c8_rho10.0_cfg5.0torch] Generating video 9/9 (guidance): a sheep bending down to drink water from a river
🎬 STARTING GUIDANCE PIPELINE GENERATION
   Frames: 33, Steps: 50, CFG Scale: 5.0

🔧 GUIDANCE PIPELINE CONFIGURATION:
   Guidance range: 0 - 1001
   Rho scale: 10.0
   V-JEPA kernel_size: 16
   V-JEPA context_length: 8
   V-JEPA stride: 2
   V-JEPA mode: max
   Total timesteps: 50

🚀 APPLYING GUIDANCE at step 0 (timestep=999)
final_loss: 1.12515389919281
🎯 GUIDANCE STEP 0 (t=999): Loss=1.1252, Rho=76.400124, Grad_norm=0.0131, Final_scale=764.0012
🚀 APPLYING GUIDANCE at step 1 (timestep=992)
final_loss: 1.1321089267730713
🎯 GUIDANCE STEP 1 (t=992): Loss=1.1321, Rho=101.593666, Grad_norm=0.0098, Final_scale=1015.9367
🚀 APPLYING GUIDANCE at step 2 (timestep=985)
final_loss: 1.1360514163970947
🎯 GUIDANCE STEP 2 (t=985): Loss=1.1361, Rho=232.117477, Grad_norm=0.0043, Final_scale=2321.1748
🚀 APPLYING GUIDANCE at step 3 (timestep=978)
final_loss: 1.1374911069869995
🎯 GUIDANCE STEP 3 (t=978): Loss=1.1375, Rho=208.042557, Grad_norm=0.0048, Final_scale=2080.4256
🚀 APPLYING GUIDANCE at step 4 (timestep=971)
final_loss: 1.1360012292861938
🎯 GUIDANCE STEP 4 (t=971): Loss=1.1360, Rho=502.348114, Grad_norm=0.0020, Final_scale=5023.4811
🚀 APPLYING GUIDANCE at step 5 (timestep=963)
final_loss: 1.1364701986312866
🎯 GUIDANCE STEP 5 (t=963): Loss=1.1365, Rho=568.740601, Grad_norm=0.0018, Final_scale=5687.4060
🚀 APPLYING GUIDANCE at step 6 (timestep=956)
final_loss: 1.1362981796264648
🎯 GUIDANCE STEP 6 (t=956): Loss=1.1363, Rho=639.611023, Grad_norm=0.0016, Final_scale=6396.1102
🚀 APPLYING GUIDANCE at step 7 (timestep=948)
final_loss: 1.1361279487609863
🎯 GUIDANCE STEP 7 (t=948): Loss=1.1361, Rho=627.758728, Grad_norm=0.0016, Final_scale=6277.5873
🚀 APPLYING GUIDANCE at step 8 (timestep=939)
final_loss: 1.1356823444366455
🎯 GUIDANCE STEP 8 (t=939): Loss=1.1357, Rho=637.052856, Grad_norm=0.0016, Final_scale=6370.5286
🚀 APPLYING GUIDANCE at step 9 (timestep=931)
final_loss: 1.1356033086776733
🎯 GUIDANCE STEP 9 (t=931): Loss=1.1356, Rho=733.489441, Grad_norm=0.0014, Final_scale=7334.8944
🚀 APPLYING GUIDANCE at step 10 (timestep=922)
final_loss: 1.1354129314422607
🎯 GUIDANCE STEP 10 (t=922): Loss=1.1354, Rho=677.249634, Grad_norm=0.0015, Final_scale=6772.4963
🚀 APPLYING GUIDANCE at step 11 (timestep=913)
final_loss: 1.1355540752410889
🎯 GUIDANCE STEP 11 (t=913): Loss=1.1356, Rho=724.972656, Grad_norm=0.0014, Final_scale=7249.7266
🚀 APPLYING GUIDANCE at step 12 (timestep=904)
final_loss: 1.135522723197937
🎯 GUIDANCE STEP 12 (t=904): Loss=1.1355, Rho=611.307129, Grad_norm=0.0016, Final_scale=6113.0713
🚀 APPLYING GUIDANCE at step 13 (timestep=894)
final_loss: 1.1353791952133179
🎯 GUIDANCE STEP 13 (t=894): Loss=1.1354, Rho=812.665649, Grad_norm=0.0012, Final_scale=8126.6565
🚀 APPLYING GUIDANCE at step 14 (timestep=884)
final_loss: 1.1353647708892822
🎯 GUIDANCE STEP 14 (t=884): Loss=1.1354, Rho=948.640381, Grad_norm=0.0011, Final_scale=9486.4038
🚀 APPLYING GUIDANCE at step 15 (timestep=874)
final_loss: 1.135289192199707
🎯 GUIDANCE STEP 15 (t=874): Loss=1.1353, Rho=1000.835144, Grad_norm=0.0010, Final_scale=10008.3514
🚀 APPLYING GUIDANCE at step 16 (timestep=864)
final_loss: 1.1352123022079468
🎯 GUIDANCE STEP 16 (t=864): Loss=1.1352, Rho=1005.458496, Grad_norm=0.0010, Final_scale=10054.5850
🚀 APPLYING GUIDANCE at step 17 (timestep=853)
final_loss: 1.1350849866867065
🎯 GUIDANCE STEP 17 (t=853): Loss=1.1351, Rho=1035.994263, Grad_norm=0.0010, Final_scale=10359.9426
🚀 APPLYING GUIDANCE at step 18 (timestep=841)
final_loss: 1.1348791122436523
🎯 GUIDANCE STEP 18 (t=841): Loss=1.1349, Rho=1161.766968, Grad_norm=0.0009, Final_scale=11617.6697
🚀 APPLYING GUIDANCE at step 19 (timestep=829)
final_loss: 1.1349979639053345
🎯 GUIDANCE STEP 19 (t=829): Loss=1.1350, Rho=1164.009888, Grad_norm=0.0009, Final_scale=11640.0989
🚀 APPLYING GUIDANCE at step 20 (timestep=817)
final_loss: 1.1350736618041992
🎯 GUIDANCE STEP 20 (t=817): Loss=1.1351, Rho=915.374207, Grad_norm=0.0011, Final_scale=9153.7421
🚀 APPLYING GUIDANCE at step 21 (timestep=805)
final_loss: 1.1350349187850952
🎯 GUIDANCE STEP 21 (t=805): Loss=1.1350, Rho=1472.256836, Grad_norm=0.0007, Final_scale=14722.5684
🚀 APPLYING GUIDANCE at step 22 (timestep=792)
final_loss: 1.1348869800567627
🎯 GUIDANCE STEP 22 (t=792): Loss=1.1349, Rho=1267.053711, Grad_norm=0.0008, Final_scale=12670.5371
🚀 APPLYING GUIDANCE at step 23 (timestep=778)
final_loss: 1.135018229484558
🎯 GUIDANCE STEP 23 (t=778): Loss=1.1350, Rho=1322.220093, Grad_norm=0.0008, Final_scale=13222.2009
🚀 APPLYING GUIDANCE at step 24 (timestep=764)
final_loss: 1.1349495649337769
🎯 GUIDANCE STEP 24 (t=764): Loss=1.1349, Rho=1137.940552, Grad_norm=0.0009, Final_scale=11379.4055
🚀 APPLYING GUIDANCE at step 25 (timestep=749)
final_loss: 1.1349550485610962
🎯 GUIDANCE STEP 25 (t=749): Loss=1.1350, Rho=1074.275757, Grad_norm=0.0009, Final_scale=10742.7576
🚀 APPLYING GUIDANCE at step 26 (timestep=734)
final_loss: 1.1348721981048584
🎯 GUIDANCE STEP 26 (t=734): Loss=1.1349, Rho=1550.066040, Grad_norm=0.0006, Final_scale=15500.6604
🚀 APPLYING GUIDANCE at step 27 (timestep=718)
final_loss: 1.135021448135376
🎯 GUIDANCE STEP 27 (t=718): Loss=1.1350, Rho=1662.650391, Grad_norm=0.0006, Final_scale=16626.5039
🚀 APPLYING GUIDANCE at step 28 (timestep=701)
final_loss: 1.1347795724868774
🎯 GUIDANCE STEP 28 (t=701): Loss=1.1348, Rho=1311.356689, Grad_norm=0.0008, Final_scale=13113.5669
🚀 APPLYING GUIDANCE at step 29 (timestep=684)
final_loss: 1.1347124576568604
🎯 GUIDANCE STEP 29 (t=684): Loss=1.1347, Rho=1753.808594, Grad_norm=0.0006, Final_scale=17538.0859
🚀 APPLYING GUIDANCE at step 30 (timestep=666)
final_loss: 1.134734034538269
🎯 GUIDANCE STEP 30 (t=666): Loss=1.1347, Rho=1805.778687, Grad_norm=0.0006, Final_scale=18057.7869
🚀 APPLYING GUIDANCE at step 31 (timestep=647)
final_loss: 1.1347907781600952
🎯 GUIDANCE STEP 31 (t=647): Loss=1.1348, Rho=1760.931152, Grad_norm=0.0006, Final_scale=17609.3115
🚀 APPLYING GUIDANCE at step 32 (timestep=627)
final_loss: 1.134669303894043
🎯 GUIDANCE STEP 32 (t=627): Loss=1.1347, Rho=1365.528076, Grad_norm=0.0007, Final_scale=13655.2808
🚀 APPLYING GUIDANCE at step 33 (timestep=606)
final_loss: 1.1346920728683472
🎯 GUIDANCE STEP 33 (t=606): Loss=1.1347, Rho=1911.615234, Grad_norm=0.0005, Final_scale=19116.1523
🚀 APPLYING GUIDANCE at step 34 (timestep=585)
final_loss: 1.1346206665039062
🎯 GUIDANCE STEP 34 (t=585): Loss=1.1346, Rho=2316.084717, Grad_norm=0.0004, Final_scale=23160.8472
🚀 APPLYING GUIDANCE at step 35 (timestep=562)
final_loss: 1.1345341205596924
🎯 GUIDANCE STEP 35 (t=562): Loss=1.1345, Rho=2053.946289, Grad_norm=0.0005, Final_scale=20539.4629
🚀 APPLYING GUIDANCE at step 36 (timestep=538)
final_loss: 1.1345709562301636
🎯 GUIDANCE STEP 36 (t=538): Loss=1.1346, Rho=2663.608154, Grad_norm=0.0004, Final_scale=26636.0815
🚀 APPLYING GUIDANCE at step 37 (timestep=512)
final_loss: 1.1343529224395752
🎯 GUIDANCE STEP 37 (t=512): Loss=1.1344, Rho=2332.162354, Grad_norm=0.0004, Final_scale=23321.6235
🚀 APPLYING GUIDANCE at step 38 (timestep=486)
final_loss: 1.1345187425613403
🎯 GUIDANCE STEP 38 (t=486): Loss=1.1345, Rho=2599.490479, Grad_norm=0.0004, Final_scale=25994.9048
🚀 APPLYING GUIDANCE at step 39 (timestep=458)
final_loss: 1.1342042684555054
🎯 GUIDANCE STEP 39 (t=458): Loss=1.1342, Rho=1704.302002, Grad_norm=0.0006, Final_scale=17043.0200
🚀 APPLYING GUIDANCE at step 40 (timestep=428)
final_loss: 1.1342207193374634
🎯 GUIDANCE STEP 40 (t=428): Loss=1.1342, Rho=2995.310547, Grad_norm=0.0003, Final_scale=29953.1055
🚀 APPLYING GUIDANCE at step 41 (timestep=396)
final_loss: 1.1340807676315308
🎯 GUIDANCE STEP 41 (t=396): Loss=1.1341, Rho=2950.570312, Grad_norm=0.0003, Final_scale=29505.7031
🚀 APPLYING GUIDANCE at step 42 (timestep=363)
final_loss: 1.134029746055603
🎯 GUIDANCE STEP 42 (t=363): Loss=1.1340, Rho=1115.937622, Grad_norm=0.0009, Final_scale=11159.3762
🚀 APPLYING GUIDANCE at step 43 (timestep=327)
final_loss: 1.1341179609298706
🎯 GUIDANCE STEP 43 (t=327): Loss=1.1341, Rho=2888.069336, Grad_norm=0.0003, Final_scale=28880.6934
🚀 APPLYING GUIDANCE at step 44 (timestep=290)
final_loss: 1.1339542865753174
🎯 GUIDANCE STEP 44 (t=290): Loss=1.1340, Rho=2963.220703, Grad_norm=0.0003, Final_scale=29632.2070
🚀 APPLYING GUIDANCE at step 45 (timestep=249)
final_loss: 1.1339317560195923
🎯 GUIDANCE STEP 45 (t=249): Loss=1.1339, Rho=3254.632812, Grad_norm=0.0003, Final_scale=32546.3281
🚀 APPLYING GUIDANCE at step 46 (timestep=206)
final_loss: 1.1336215734481812
🎯 GUIDANCE STEP 46 (t=206): Loss=1.1336, Rho=3316.875977, Grad_norm=0.0003, Final_scale=33168.7598
🚀 APPLYING GUIDANCE at step 47 (timestep=160)
final_loss: 1.1334537267684937
🎯 GUIDANCE STEP 47 (t=160): Loss=1.1335, Rho=3149.006836, Grad_norm=0.0003, Final_scale=31490.0684
🚀 APPLYING GUIDANCE at step 48 (timestep=111)
final_loss: 1.1332182884216309
🎯 GUIDANCE STEP 48 (t=111): Loss=1.1332, Rho=2941.484131, Grad_norm=0.0003, Final_scale=29414.8413
🚀 APPLYING GUIDANCE at step 49 (timestep=57)
final_loss: 1.132734775543213
🎯 GUIDANCE STEP 49 (t=57): Loss=1.1327, Rho=2350.895752, Grad_norm=0.0004, Final_scale=23508.9575
[guidance_f33_s50_w16c8_rho10.0_cfg5.0torch] Generated: generated_videos/subject_consistency/guidance_f33_s50_w16c8_rho10.0_cfg5.0torch/a bicycle leaning against a tree.mp4
[guidance_f33_s50_w16c8_rho10.0_cfg5.0torch] Generating video 9/9 (guidance): a bicycle gliding through a snowy field
🎬 STARTING GUIDANCE PIPELINE GENERATION
   Frames: 33, Steps: 50, CFG Scale: 5.0

🔧 GUIDANCE PIPELINE CONFIGURATION:
   Guidance range: 0 - 1001
   Rho scale: 10.0
   V-JEPA kernel_size: 16
   V-JEPA context_length: 8
   V-JEPA stride: 2
   V-JEPA mode: max
   Total timesteps: 50

🚀 APPLYING GUIDANCE at step 0 (timestep=999)
final_loss: 1.1174356937408447
🎯 GUIDANCE STEP 0 (t=999): Loss=1.1174, Rho=208.478882, Grad_norm=0.0048, Final_scale=2084.7888
🚀 APPLYING GUIDANCE at step 1 (timestep=992)
final_loss: 1.1242303848266602
🎯 GUIDANCE STEP 1 (t=992): Loss=1.1242, Rho=53.888306, Grad_norm=0.0186, Final_scale=538.8831
🚀 APPLYING GUIDANCE at step 2 (timestep=985)
final_loss: 1.1257803440093994
🎯 GUIDANCE STEP 2 (t=985): Loss=1.1258, Rho=210.022598, Grad_norm=0.0048, Final_scale=2100.2260
🚀 APPLYING GUIDANCE at step 3 (timestep=978)
final_loss: 1.1242121458053589
🎯 GUIDANCE STEP 3 (t=978): Loss=1.1242, Rho=179.837799, Grad_norm=0.0056, Final_scale=1798.3780
🚀 APPLYING GUIDANCE at step 4 (timestep=971)
final_loss: 1.1276638507843018
🎯 GUIDANCE STEP 4 (t=971): Loss=1.1277, Rho=181.222824, Grad_norm=0.0055, Final_scale=1812.2282
🚀 APPLYING GUIDANCE at step 5 (timestep=963)
final_loss: 1.1272493600845337
🎯 GUIDANCE STEP 5 (t=963): Loss=1.1272, Rho=206.457703, Grad_norm=0.0048, Final_scale=2064.5770
🚀 APPLYING GUIDANCE at step 6 (timestep=956)
final_loss: 1.1273155212402344
🎯 GUIDANCE STEP 6 (t=956): Loss=1.1273, Rho=239.940460, Grad_norm=0.0042, Final_scale=2399.4046
🚀 APPLYING GUIDANCE at step 7 (timestep=948)
final_loss: 1.1284823417663574
🎯 GUIDANCE STEP 7 (t=948): Loss=1.1285, Rho=187.737717, Grad_norm=0.0053, Final_scale=1877.3772
🚀 APPLYING GUIDANCE at step 8 (timestep=939)
final_loss: 1.1284395456314087
🎯 GUIDANCE STEP 8 (t=939): Loss=1.1284, Rho=167.420853, Grad_norm=0.0060, Final_scale=1674.2085
🚀 APPLYING GUIDANCE at step 9 (timestep=931)
final_loss: 1.1278764009475708
🎯 GUIDANCE STEP 9 (t=931): Loss=1.1279, Rho=196.177002, Grad_norm=0.0051, Final_scale=1961.7700
🚀 APPLYING GUIDANCE at step 10 (timestep=922)
final_loss: 1.1272364854812622
🎯 GUIDANCE STEP 10 (t=922): Loss=1.1272, Rho=157.844772, Grad_norm=0.0063, Final_scale=1578.4477
🚀 APPLYING GUIDANCE at step 11 (timestep=913)
final_loss: 1.1267967224121094
🎯 GUIDANCE STEP 11 (t=913): Loss=1.1268, Rho=188.633087, Grad_norm=0.0053, Final_scale=1886.3309
🚀 APPLYING GUIDANCE at step 12 (timestep=904)
final_loss: 1.1264100074768066
🎯 GUIDANCE STEP 12 (t=904): Loss=1.1264, Rho=138.553909, Grad_norm=0.0072, Final_scale=1385.5391
🚀 APPLYING GUIDANCE at step 13 (timestep=894)
final_loss: 1.1259125471115112
🎯 GUIDANCE STEP 13 (t=894): Loss=1.1259, Rho=154.407684, Grad_norm=0.0065, Final_scale=1544.0768
🚀 APPLYING GUIDANCE at step 14 (timestep=884)
final_loss: 1.125677466392517
🎯 GUIDANCE STEP 14 (t=884): Loss=1.1257, Rho=159.397430, Grad_norm=0.0063, Final_scale=1593.9743
🚀 APPLYING GUIDANCE at step 15 (timestep=874)
final_loss: 1.1255055665969849
🎯 GUIDANCE STEP 15 (t=874): Loss=1.1255, Rho=137.685257, Grad_norm=0.0073, Final_scale=1376.8526
🚀 APPLYING GUIDANCE at step 16 (timestep=864)
final_loss: 1.125495195388794
🎯 GUIDANCE STEP 16 (t=864): Loss=1.1255, Rho=132.194839, Grad_norm=0.0076, Final_scale=1321.9484
🚀 APPLYING GUIDANCE at step 17 (timestep=853)
final_loss: 1.125487208366394
🎯 GUIDANCE STEP 17 (t=853): Loss=1.1255, Rho=88.953720, Grad_norm=0.0112, Final_scale=889.5372
🚀 APPLYING GUIDANCE at step 18 (timestep=841)
final_loss: 1.1255288124084473
🎯 GUIDANCE STEP 18 (t=841): Loss=1.1255, Rho=138.469193, Grad_norm=0.0072, Final_scale=1384.6919
🚀 APPLYING GUIDANCE at step 19 (timestep=829)
final_loss: 1.1254545450210571
🎯 GUIDANCE STEP 19 (t=829): Loss=1.1255, Rho=136.613663, Grad_norm=0.0073, Final_scale=1366.1366
🚀 APPLYING GUIDANCE at step 20 (timestep=817)
final_loss: 1.1256904602050781
🎯 GUIDANCE STEP 20 (t=817): Loss=1.1257, Rho=98.239876, Grad_norm=0.0102, Final_scale=982.3988
🚀 APPLYING GUIDANCE at step 21 (timestep=805)
final_loss: 1.1255970001220703
🎯 GUIDANCE STEP 21 (t=805): Loss=1.1256, Rho=144.993088, Grad_norm=0.0069, Final_scale=1449.9309
🚀 APPLYING GUIDANCE at step 22 (timestep=792)
final_loss: 1.1254281997680664
🎯 GUIDANCE STEP 22 (t=792): Loss=1.1254, Rho=145.468582, Grad_norm=0.0069, Final_scale=1454.6858
🚀 APPLYING GUIDANCE at step 23 (timestep=778)
final_loss: 1.1254113912582397
🎯 GUIDANCE STEP 23 (t=778): Loss=1.1254, Rho=145.265396, Grad_norm=0.0069, Final_scale=1452.6540
🚀 APPLYING GUIDANCE at step 24 (timestep=764)
final_loss: 1.1254619359970093
🎯 GUIDANCE STEP 24 (t=764): Loss=1.1255, Rho=128.747986, Grad_norm=0.0078, Final_scale=1287.4799
🚀 APPLYING GUIDANCE at step 25 (timestep=749)
final_loss: 1.1254361867904663
🎯 GUIDANCE STEP 25 (t=749): Loss=1.1254, Rho=147.516693, Grad_norm=0.0068, Final_scale=1475.1669
🚀 APPLYING GUIDANCE at step 26 (timestep=734)
final_loss: 1.1251558065414429
🎯 GUIDANCE STEP 26 (t=734): Loss=1.1252, Rho=175.191223, Grad_norm=0.0057, Final_scale=1751.9122
🚀 APPLYING GUIDANCE at step 27 (timestep=718)
final_loss: 1.1253098249435425
🎯 GUIDANCE STEP 27 (t=718): Loss=1.1253, Rho=135.811707, Grad_norm=0.0074, Final_scale=1358.1171
🚀 APPLYING GUIDANCE at step 28 (timestep=701)
final_loss: 1.125474214553833
🎯 GUIDANCE STEP 28 (t=701): Loss=1.1255, Rho=145.883331, Grad_norm=0.0069, Final_scale=1458.8333
🚀 APPLYING GUIDANCE at step 29 (timestep=684)
final_loss: 1.1251887083053589
🎯 GUIDANCE STEP 29 (t=684): Loss=1.1252, Rho=155.479675, Grad_norm=0.0064, Final_scale=1554.7968
🚀 APPLYING GUIDANCE at step 30 (timestep=666)
final_loss: 1.1251695156097412
🎯 GUIDANCE STEP 30 (t=666): Loss=1.1252, Rho=184.564560, Grad_norm=0.0054, Final_scale=1845.6456
🚀 APPLYING GUIDANCE at step 31 (timestep=647)
final_loss: 1.1253092288970947
🎯 GUIDANCE STEP 31 (t=647): Loss=1.1253, Rho=250.485214, Grad_norm=0.0040, Final_scale=2504.8521
🚀 APPLYING GUIDANCE at step 32 (timestep=627)
final_loss: 1.1255522966384888
🎯 GUIDANCE STEP 32 (t=627): Loss=1.1256, Rho=99.925011, Grad_norm=0.0100, Final_scale=999.2501
🚀 APPLYING GUIDANCE at step 33 (timestep=606)
final_loss: 1.125374436378479
🎯 GUIDANCE STEP 33 (t=606): Loss=1.1254, Rho=119.374931, Grad_norm=0.0084, Final_scale=1193.7493
🚀 APPLYING GUIDANCE at step 34 (timestep=585)
final_loss: 1.1253759860992432
🎯 GUIDANCE STEP 34 (t=585): Loss=1.1254, Rho=249.969894, Grad_norm=0.0040, Final_scale=2499.6989
🚀 APPLYING GUIDANCE at step 35 (timestep=562)
final_loss: 1.1255314350128174
🎯 GUIDANCE STEP 35 (t=562): Loss=1.1255, Rho=202.210846, Grad_norm=0.0049, Final_scale=2022.1085
🚀 APPLYING GUIDANCE at step 36 (timestep=538)
final_loss: 1.1253780126571655
🎯 GUIDANCE STEP 36 (t=538): Loss=1.1254, Rho=180.519302, Grad_norm=0.0055, Final_scale=1805.1930
🚀 APPLYING GUIDANCE at step 37 (timestep=512)
final_loss: 1.1253893375396729
🎯 GUIDANCE STEP 37 (t=512): Loss=1.1254, Rho=272.372864, Grad_norm=0.0037, Final_scale=2723.7286
🚀 APPLYING GUIDANCE at step 38 (timestep=486)
final_loss: 1.1255301237106323
🎯 GUIDANCE STEP 38 (t=486): Loss=1.1255, Rho=298.781891, Grad_norm=0.0033, Final_scale=2987.8189
🚀 APPLYING GUIDANCE at step 39 (timestep=458)
final_loss: 1.1252985000610352
🎯 GUIDANCE STEP 39 (t=458): Loss=1.1253, Rho=275.180939, Grad_norm=0.0036, Final_scale=2751.8094
🚀 APPLYING GUIDANCE at step 40 (timestep=428)
final_loss: 1.1254066228866577
🎯 GUIDANCE STEP 40 (t=428): Loss=1.1254, Rho=184.880692, Grad_norm=0.0054, Final_scale=1848.8069
🚀 APPLYING GUIDANCE at step 41 (timestep=396)
final_loss: 1.1253036260604858
🎯 GUIDANCE STEP 41 (t=396): Loss=1.1253, Rho=213.649017, Grad_norm=0.0047, Final_scale=2136.4902
🚀 APPLYING GUIDANCE at step 42 (timestep=363)
final_loss: 1.1253187656402588
🎯 GUIDANCE STEP 42 (t=363): Loss=1.1253, Rho=321.629761, Grad_norm=0.0031, Final_scale=3216.2976
🚀 APPLYING GUIDANCE at step 43 (timestep=327)
final_loss: 1.1252437829971313
🎯 GUIDANCE STEP 43 (t=327): Loss=1.1252, Rho=239.981567, Grad_norm=0.0042, Final_scale=2399.8157
🚀 APPLYING GUIDANCE at step 44 (timestep=290)
final_loss: 1.1254247426986694
🎯 GUIDANCE STEP 44 (t=290): Loss=1.1254, Rho=381.247742, Grad_norm=0.0026, Final_scale=3812.4774
🚀 APPLYING GUIDANCE at step 45 (timestep=249)
final_loss: 1.125218391418457
🎯 GUIDANCE STEP 45 (t=249): Loss=1.1252, Rho=612.345764, Grad_norm=0.0016, Final_scale=6123.4576
🚀 APPLYING GUIDANCE at step 46 (timestep=206)
final_loss: 1.1252635717391968
🎯 GUIDANCE STEP 46 (t=206): Loss=1.1253, Rho=477.448547, Grad_norm=0.0021, Final_scale=4774.4855
🚀 APPLYING GUIDANCE at step 47 (timestep=160)
final_loss: 1.125043272972107
🎯 GUIDANCE STEP 47 (t=160): Loss=1.1250, Rho=1297.879639, Grad_norm=0.0008, Final_scale=12978.7964
🚀 APPLYING GUIDANCE at step 48 (timestep=111)
final_loss: 1.1251169443130493
🎯 GUIDANCE STEP 48 (t=111): Loss=1.1251, Rho=1248.442749, Grad_norm=0.0008, Final_scale=12484.4275
🚀 APPLYING GUIDANCE at step 49 (timestep=57)
final_loss: 1.1245043277740479
🎯 GUIDANCE STEP 49 (t=57): Loss=1.1245, Rho=1560.553589, Grad_norm=0.0006, Final_scale=15605.5359
[guidance_f33_s50_w16c8_rho10.0_cfg5.0torch] Generated: generated_videos/subject_consistency/guidance_f33_s50_w16c8_rho10.0_cfg5.0torch/a truck accelerating to gain speed.mp4
[guidance_f33_s50_w16c8_rho10.0_cfg5.0torch] Generating video 9/9 (guidance): a boat sailing smoothly on a calm lake
🎬 STARTING GUIDANCE PIPELINE GENERATION
   Frames: 33, Steps: 50, CFG Scale: 5.0

🔧 GUIDANCE PIPELINE CONFIGURATION:
   Guidance range: 0 - 1001
   Rho scale: 10.0
   V-JEPA kernel_size: 16
   V-JEPA context_length: 8
   V-JEPA stride: 2
   V-JEPA mode: max
   Total timesteps: 50

🚀 APPLYING GUIDANCE at step 0 (timestep=999)
final_loss: 1.1269184350967407
🎯 GUIDANCE STEP 0 (t=999): Loss=1.1269, Rho=44.019444, Grad_norm=0.0227, Final_scale=440.1944
🚀 APPLYING GUIDANCE at step 1 (timestep=992)
final_loss: 1.1595913171768188
🎯 GUIDANCE STEP 1 (t=992): Loss=1.1596, Rho=66.582932, Grad_norm=0.0150, Final_scale=665.8293
🚀 APPLYING GUIDANCE at step 2 (timestep=985)
final_loss: 1.1637550592422485
🎯 GUIDANCE STEP 2 (t=985): Loss=1.1638, Rho=198.721756, Grad_norm=0.0050, Final_scale=1987.2176
🚀 APPLYING GUIDANCE at step 3 (timestep=978)
final_loss: 1.1578397750854492
🎯 GUIDANCE STEP 3 (t=978): Loss=1.1578, Rho=161.075333, Grad_norm=0.0062, Final_scale=1610.7533
🚀 APPLYING GUIDANCE at step 4 (timestep=971)
final_loss: 1.1605205535888672
🎯 GUIDANCE STEP 4 (t=971): Loss=1.1605, Rho=219.120026, Grad_norm=0.0046, Final_scale=2191.2003
🚀 APPLYING GUIDANCE at step 5 (timestep=963)
final_loss: 1.161098837852478
🎯 GUIDANCE STEP 5 (t=963): Loss=1.1611, Rho=293.873138, Grad_norm=0.0034, Final_scale=2938.7314
🚀 APPLYING GUIDANCE at step 6 (timestep=956)
final_loss: 1.1604353189468384
🎯 GUIDANCE STEP 6 (t=956): Loss=1.1604, Rho=320.464050, Grad_norm=0.0031, Final_scale=3204.6405
🚀 APPLYING GUIDANCE at step 7 (timestep=948)
final_loss: 1.1602269411087036
🎯 GUIDANCE STEP 7 (t=948): Loss=1.1602, Rho=354.824646, Grad_norm=0.0028, Final_scale=3548.2465
🚀 APPLYING GUIDANCE at step 8 (timestep=939)
final_loss: 1.1595933437347412
🎯 GUIDANCE STEP 8 (t=939): Loss=1.1596, Rho=459.371552, Grad_norm=0.0022, Final_scale=4593.7155
🚀 APPLYING GUIDANCE at step 9 (timestep=931)
final_loss: 1.1593650579452515
🎯 GUIDANCE STEP 9 (t=931): Loss=1.1594, Rho=532.733459, Grad_norm=0.0019, Final_scale=5327.3346
🚀 APPLYING GUIDANCE at step 10 (timestep=922)
final_loss: 1.1589829921722412
🎯 GUIDANCE STEP 10 (t=922): Loss=1.1590, Rho=420.481140, Grad_norm=0.0024, Final_scale=4204.8114
🚀 APPLYING GUIDANCE at step 11 (timestep=913)
final_loss: 1.1588484048843384
🎯 GUIDANCE STEP 11 (t=913): Loss=1.1588, Rho=613.944092, Grad_norm=0.0016, Final_scale=6139.4409
🚀 APPLYING GUIDANCE at step 12 (timestep=904)
final_loss: 1.158796787261963
🎯 GUIDANCE STEP 12 (t=904): Loss=1.1588, Rho=342.072083, Grad_norm=0.0029, Final_scale=3420.7208
🚀 APPLYING GUIDANCE at step 13 (timestep=894)
final_loss: 1.1588090658187866
🎯 GUIDANCE STEP 13 (t=894): Loss=1.1588, Rho=599.997986, Grad_norm=0.0017, Final_scale=5999.9799
🚀 APPLYING GUIDANCE at step 14 (timestep=884)
final_loss: 1.158886194229126
🎯 GUIDANCE STEP 14 (t=884): Loss=1.1589, Rho=701.156250, Grad_norm=0.0014, Final_scale=7011.5625
🚀 APPLYING GUIDANCE at step 15 (timestep=874)
final_loss: 1.1587564945220947
🎯 GUIDANCE STEP 15 (t=874): Loss=1.1588, Rho=581.593811, Grad_norm=0.0017, Final_scale=5815.9381
🚀 APPLYING GUIDANCE at step 16 (timestep=864)
final_loss: 1.1587796211242676
🎯 GUIDANCE STEP 16 (t=864): Loss=1.1588, Rho=741.292480, Grad_norm=0.0013, Final_scale=7412.9248
🚀 APPLYING GUIDANCE at step 17 (timestep=853)
final_loss: 1.1587709188461304
🎯 GUIDANCE STEP 17 (t=853): Loss=1.1588, Rho=740.937805, Grad_norm=0.0013, Final_scale=7409.3781
🚀 APPLYING GUIDANCE at step 18 (timestep=841)
final_loss: 1.1586813926696777
🎯 GUIDANCE STEP 18 (t=841): Loss=1.1587, Rho=798.166748, Grad_norm=0.0013, Final_scale=7981.6675
🚀 APPLYING GUIDANCE at step 19 (timestep=829)
final_loss: 1.1585592031478882
🎯 GUIDANCE STEP 19 (t=829): Loss=1.1586, Rho=891.936401, Grad_norm=0.0011, Final_scale=8919.3640
🚀 APPLYING GUIDANCE at step 20 (timestep=817)
final_loss: 1.1583620309829712
🎯 GUIDANCE STEP 20 (t=817): Loss=1.1584, Rho=858.766174, Grad_norm=0.0012, Final_scale=8587.6617
🚀 APPLYING GUIDANCE at step 21 (timestep=805)
final_loss: 1.158259630203247
🎯 GUIDANCE STEP 21 (t=805): Loss=1.1583, Rho=859.904968, Grad_norm=0.0012, Final_scale=8599.0497
🚀 APPLYING GUIDANCE at step 22 (timestep=792)
final_loss: 1.1581966876983643
🎯 GUIDANCE STEP 22 (t=792): Loss=1.1582, Rho=958.488831, Grad_norm=0.0010, Final_scale=9584.8883
🚀 APPLYING GUIDANCE at step 23 (timestep=778)
final_loss: 1.158204197883606
🎯 GUIDANCE STEP 23 (t=778): Loss=1.1582, Rho=968.650269, Grad_norm=0.0010, Final_scale=9686.5027
🚀 APPLYING GUIDANCE at step 24 (timestep=764)
final_loss: 1.1582735776901245
🎯 GUIDANCE STEP 24 (t=764): Loss=1.1583, Rho=985.928162, Grad_norm=0.0010, Final_scale=9859.2816
🚀 APPLYING GUIDANCE at step 25 (timestep=749)
final_loss: 1.1582483053207397
🎯 GUIDANCE STEP 25 (t=749): Loss=1.1582, Rho=1190.593628, Grad_norm=0.0008, Final_scale=11905.9363
🚀 APPLYING GUIDANCE at step 26 (timestep=734)
final_loss: 1.1581525802612305
🎯 GUIDANCE STEP 26 (t=734): Loss=1.1582, Rho=1073.981812, Grad_norm=0.0009, Final_scale=10739.8181
🚀 APPLYING GUIDANCE at step 27 (timestep=718)
final_loss: 1.1581796407699585
🎯 GUIDANCE STEP 27 (t=718): Loss=1.1582, Rho=1003.972046, Grad_norm=0.0010, Final_scale=10039.7205
🚀 APPLYING GUIDANCE at step 28 (timestep=701)
final_loss: 1.15818190574646
🎯 GUIDANCE STEP 28 (t=701): Loss=1.1582, Rho=1401.479248, Grad_norm=0.0007, Final_scale=14014.7925
🚀 APPLYING GUIDANCE at step 29 (timestep=684)
final_loss: 1.1580103635787964
🎯 GUIDANCE STEP 29 (t=684): Loss=1.1580, Rho=1339.942749, Grad_norm=0.0007, Final_scale=13399.4275
🚀 APPLYING GUIDANCE at step 30 (timestep=666)
final_loss: 1.1580337285995483
🎯 GUIDANCE STEP 30 (t=666): Loss=1.1580, Rho=1439.732788, Grad_norm=0.0007, Final_scale=14397.3279
🚀 APPLYING GUIDANCE at step 31 (timestep=647)
final_loss: 1.1581095457077026
🎯 GUIDANCE STEP 31 (t=647): Loss=1.1581, Rho=1098.824341, Grad_norm=0.0009, Final_scale=10988.2434
🚀 APPLYING GUIDANCE at step 32 (timestep=627)
final_loss: 1.158039927482605
🎯 GUIDANCE STEP 32 (t=627): Loss=1.1580, Rho=1587.181030, Grad_norm=0.0006, Final_scale=15871.8103
🚀 APPLYING GUIDANCE at step 33 (timestep=606)
final_loss: 1.1580274105072021
🎯 GUIDANCE STEP 33 (t=606): Loss=1.1580, Rho=1651.387085, Grad_norm=0.0006, Final_scale=16513.8708
🚀 APPLYING GUIDANCE at step 34 (timestep=585)
final_loss: 1.1579927206039429
🎯 GUIDANCE STEP 34 (t=585): Loss=1.1580, Rho=1469.544189, Grad_norm=0.0007, Final_scale=14695.4419
🚀 APPLYING GUIDANCE at step 35 (timestep=562)
final_loss: 1.157914638519287
🎯 GUIDANCE STEP 35 (t=562): Loss=1.1579, Rho=1100.403564, Grad_norm=0.0009, Final_scale=11004.0356
🚀 APPLYING GUIDANCE at step 36 (timestep=538)
final_loss: 1.15788733959198
🎯 GUIDANCE STEP 36 (t=538): Loss=1.1579, Rho=2214.046387, Grad_norm=0.0005, Final_scale=22140.4639
🚀 APPLYING GUIDANCE at step 37 (timestep=512)
final_loss: 1.1578714847564697
🎯 GUIDANCE STEP 37 (t=512): Loss=1.1579, Rho=2004.512085, Grad_norm=0.0005, Final_scale=20045.1208
🚀 APPLYING GUIDANCE at step 38 (timestep=486)
final_loss: 1.1578865051269531
🎯 GUIDANCE STEP 38 (t=486): Loss=1.1579, Rho=2143.927734, Grad_norm=0.0005, Final_scale=21439.2773
🚀 APPLYING GUIDANCE at step 39 (timestep=458)
final_loss: 1.1577080488204956
🎯 GUIDANCE STEP 39 (t=458): Loss=1.1577, Rho=2794.536377, Grad_norm=0.0004, Final_scale=27945.3638
🚀 APPLYING GUIDANCE at step 40 (timestep=428)
final_loss: 1.1576370000839233
🎯 GUIDANCE STEP 40 (t=428): Loss=1.1576, Rho=2170.590332, Grad_norm=0.0005, Final_scale=21705.9033
🚀 APPLYING GUIDANCE at step 41 (timestep=396)
final_loss: 1.157585620880127
🎯 GUIDANCE STEP 41 (t=396): Loss=1.1576, Rho=2716.652100, Grad_norm=0.0004, Final_scale=27166.5210
🚀 APPLYING GUIDANCE at step 42 (timestep=363)
final_loss: 1.157577395439148
🎯 GUIDANCE STEP 42 (t=363): Loss=1.1576, Rho=2964.427490, Grad_norm=0.0003, Final_scale=29644.2749
🚀 APPLYING GUIDANCE at step 43 (timestep=327)
final_loss: 1.1574608087539673
🎯 GUIDANCE STEP 43 (t=327): Loss=1.1575, Rho=2507.022217, Grad_norm=0.0004, Final_scale=25070.2222
🚀 APPLYING GUIDANCE at step 44 (timestep=290)
final_loss: 1.1574077606201172
🎯 GUIDANCE STEP 44 (t=290): Loss=1.1574, Rho=2857.890381, Grad_norm=0.0003, Final_scale=28578.9038
🚀 APPLYING GUIDANCE at step 45 (timestep=249)
final_loss: 1.1570643186569214
🎯 GUIDANCE STEP 45 (t=249): Loss=1.1571, Rho=2549.288086, Grad_norm=0.0004, Final_scale=25492.8809
🚀 APPLYING GUIDANCE at step 46 (timestep=206)
final_loss: 1.1568478345870972
🎯 GUIDANCE STEP 46 (t=206): Loss=1.1568, Rho=2080.604980, Grad_norm=0.0005, Final_scale=20806.0498
🚀 APPLYING GUIDANCE at step 47 (timestep=160)
final_loss: 1.1566082239151
🎯 GUIDANCE STEP 47 (t=160): Loss=1.1566, Rho=3319.426025, Grad_norm=0.0003, Final_scale=33194.2603
🚀 APPLYING GUIDANCE at step 48 (timestep=111)
final_loss: 1.156006097793579
🎯 GUIDANCE STEP 48 (t=111): Loss=1.1560, Rho=2413.606445, Grad_norm=0.0004, Final_scale=24136.0645
🚀 APPLYING GUIDANCE at step 49 (timestep=57)
final_loss: 1.1562035083770752
🎯 GUIDANCE STEP 49 (t=57): Loss=1.1562, Rho=1972.004761, Grad_norm=0.0005, Final_scale=19720.0476
[guidance_f33_s50_w16c8_rho10.0_cfg5.0torch] Generated: generated_videos/subject_consistency/guidance_f33_s50_w16c8_rho10.0_cfg5.0torch/a bus turning a corner.mp4
[guidance_f33_s50_w16c8_rho10.0_cfg5.0torch] Generating video 8/9 (guidance): a bus stuck in traffic during rush hour
🎬 STARTING GUIDANCE PIPELINE GENERATION
   Frames: 33, Steps: 50, CFG Scale: 5.0

🔧 GUIDANCE PIPELINE CONFIGURATION:
   Guidance range: 0 - 1001
   Rho scale: 10.0
   V-JEPA kernel_size: 16
   V-JEPA context_length: 8
   V-JEPA stride: 2
   V-JEPA mode: max
   Total timesteps: 50

🚀 APPLYING GUIDANCE at step 0 (timestep=999)
final_loss: 1.1230754852294922
🎯 GUIDANCE STEP 0 (t=999): Loss=1.1231, Rho=10.100383, Grad_norm=0.0990, Final_scale=101.0038
🚀 APPLYING GUIDANCE at step 1 (timestep=992)
final_loss: 1.1459403038024902
🎯 GUIDANCE STEP 1 (t=992): Loss=1.1459, Rho=325.901215, Grad_norm=0.0031, Final_scale=3259.0121
🚀 APPLYING GUIDANCE at step 2 (timestep=985)
final_loss: 1.146649718284607
🎯 GUIDANCE STEP 2 (t=985): Loss=1.1466, Rho=410.852417, Grad_norm=0.0024, Final_scale=4108.5242
🚀 APPLYING GUIDANCE at step 3 (timestep=978)
final_loss: 1.1470445394515991
🎯 GUIDANCE STEP 3 (t=978): Loss=1.1470, Rho=722.888916, Grad_norm=0.0014, Final_scale=7228.8892
🚀 APPLYING GUIDANCE at step 4 (timestep=971)
final_loss: 1.146882176399231
🎯 GUIDANCE STEP 4 (t=971): Loss=1.1469, Rho=464.074890, Grad_norm=0.0022, Final_scale=4640.7489
🚀 APPLYING GUIDANCE at step 5 (timestep=963)
final_loss: 1.146490454673767
🎯 GUIDANCE STEP 5 (t=963): Loss=1.1465, Rho=684.371826, Grad_norm=0.0015, Final_scale=6843.7183
🚀 APPLYING GUIDANCE at step 6 (timestep=956)
final_loss: 1.1458524465560913
🎯 GUIDANCE STEP 6 (t=956): Loss=1.1459, Rho=663.227905, Grad_norm=0.0015, Final_scale=6632.2791
🚀 APPLYING GUIDANCE at step 7 (timestep=948)
final_loss: 1.14543616771698
🎯 GUIDANCE STEP 7 (t=948): Loss=1.1454, Rho=748.476929, Grad_norm=0.0013, Final_scale=7484.7693
🚀 APPLYING GUIDANCE at step 8 (timestep=939)
final_loss: 1.1452144384384155
🎯 GUIDANCE STEP 8 (t=939): Loss=1.1452, Rho=856.842346, Grad_norm=0.0012, Final_scale=8568.4235
🚀 APPLYING GUIDANCE at step 9 (timestep=931)
final_loss: 1.1453897953033447
🎯 GUIDANCE STEP 9 (t=931): Loss=1.1454, Rho=1051.047974, Grad_norm=0.0010, Final_scale=10510.4797
🚀 APPLYING GUIDANCE at step 10 (timestep=922)
final_loss: 1.1453627347946167
🎯 GUIDANCE STEP 10 (t=922): Loss=1.1454, Rho=1035.146606, Grad_norm=0.0010, Final_scale=10351.4661
🚀 APPLYING GUIDANCE at step 11 (timestep=913)
final_loss: 1.1455720663070679
🎯 GUIDANCE STEP 11 (t=913): Loss=1.1456, Rho=1115.895874, Grad_norm=0.0009, Final_scale=11158.9587
🚀 APPLYING GUIDANCE at step 12 (timestep=904)
final_loss: 1.1453243494033813
🎯 GUIDANCE STEP 12 (t=904): Loss=1.1453, Rho=1168.950317, Grad_norm=0.0009, Final_scale=11689.5032
🚀 APPLYING GUIDANCE at step 13 (timestep=894)
final_loss: 1.1453825235366821
🎯 GUIDANCE STEP 13 (t=894): Loss=1.1454, Rho=1130.769775, Grad_norm=0.0009, Final_scale=11307.6978
🚀 APPLYING GUIDANCE at step 14 (timestep=884)
final_loss: 1.144952654838562
🎯 GUIDANCE STEP 14 (t=884): Loss=1.1450, Rho=1222.622314, Grad_norm=0.0008, Final_scale=12226.2231
🚀 APPLYING GUIDANCE at step 15 (timestep=874)
final_loss: 1.1448148488998413
🎯 GUIDANCE STEP 15 (t=874): Loss=1.1448, Rho=1261.811523, Grad_norm=0.0008, Final_scale=12618.1152
🚀 APPLYING GUIDANCE at step 16 (timestep=864)
final_loss: 1.144561767578125
🎯 GUIDANCE STEP 16 (t=864): Loss=1.1446, Rho=1140.776611, Grad_norm=0.0009, Final_scale=11407.7661
🚀 APPLYING GUIDANCE at step 17 (timestep=853)
final_loss: 1.1444904804229736
🎯 GUIDANCE STEP 17 (t=853): Loss=1.1445, Rho=1301.884521, Grad_norm=0.0008, Final_scale=13018.8452
🚀 APPLYING GUIDANCE at step 18 (timestep=841)
final_loss: 1.1444329023361206
🎯 GUIDANCE STEP 18 (t=841): Loss=1.1444, Rho=1148.171387, Grad_norm=0.0009, Final_scale=11481.7139
🚀 APPLYING GUIDANCE at step 19 (timestep=829)
final_loss: 1.1442351341247559
🎯 GUIDANCE STEP 19 (t=829): Loss=1.1442, Rho=696.276184, Grad_norm=0.0014, Final_scale=6962.7618
🚀 APPLYING GUIDANCE at step 20 (timestep=817)
final_loss: 1.1443523168563843
🎯 GUIDANCE STEP 20 (t=817): Loss=1.1444, Rho=1106.518799, Grad_norm=0.0009, Final_scale=11065.1880
🚀 APPLYING GUIDANCE at step 21 (timestep=805)
final_loss: 1.1444085836410522
🎯 GUIDANCE STEP 21 (t=805): Loss=1.1444, Rho=1143.073120, Grad_norm=0.0009, Final_scale=11430.7312
🚀 APPLYING GUIDANCE at step 22 (timestep=792)
final_loss: 1.1444790363311768
🎯 GUIDANCE STEP 22 (t=792): Loss=1.1445, Rho=1459.735229, Grad_norm=0.0007, Final_scale=14597.3523
🚀 APPLYING GUIDANCE at step 23 (timestep=778)
final_loss: 1.1443332433700562
🎯 GUIDANCE STEP 23 (t=778): Loss=1.1443, Rho=1449.869385, Grad_norm=0.0007, Final_scale=14498.6938
🚀 APPLYING GUIDANCE at step 24 (timestep=764)
final_loss: 1.144026279449463
🎯 GUIDANCE STEP 24 (t=764): Loss=1.1440, Rho=1541.024536, Grad_norm=0.0006, Final_scale=15410.2454
🚀 APPLYING GUIDANCE at step 25 (timestep=749)
final_loss: 1.1438624858856201
🎯 GUIDANCE STEP 25 (t=749): Loss=1.1439, Rho=1604.789307, Grad_norm=0.0006, Final_scale=16047.8931
🚀 APPLYING GUIDANCE at step 26 (timestep=734)
final_loss: 1.143851637840271
🎯 GUIDANCE STEP 26 (t=734): Loss=1.1439, Rho=1742.837158, Grad_norm=0.0006, Final_scale=17428.3716
🚀 APPLYING GUIDANCE at step 27 (timestep=718)
final_loss: 1.1439039707183838
🎯 GUIDANCE STEP 27 (t=718): Loss=1.1439, Rho=1701.082764, Grad_norm=0.0006, Final_scale=17010.8276
🚀 APPLYING GUIDANCE at step 28 (timestep=701)
final_loss: 1.1436399221420288
🎯 GUIDANCE STEP 28 (t=701): Loss=1.1436, Rho=1762.154663, Grad_norm=0.0006, Final_scale=17621.5466
🚀 APPLYING GUIDANCE at step 29 (timestep=684)
final_loss: 1.1436161994934082
🎯 GUIDANCE STEP 29 (t=684): Loss=1.1436, Rho=1584.538818, Grad_norm=0.0006, Final_scale=15845.3882
🚀 APPLYING GUIDANCE at step 30 (timestep=666)
final_loss: 1.143449068069458
🎯 GUIDANCE STEP 30 (t=666): Loss=1.1434, Rho=1723.923706, Grad_norm=0.0006, Final_scale=17239.2371
🚀 APPLYING GUIDANCE at step 31 (timestep=647)
final_loss: 1.1431421041488647
🎯 GUIDANCE STEP 31 (t=647): Loss=1.1431, Rho=1609.931519, Grad_norm=0.0006, Final_scale=16099.3152
🚀 APPLYING GUIDANCE at step 32 (timestep=627)
final_loss: 1.1432621479034424
🎯 GUIDANCE STEP 32 (t=627): Loss=1.1433, Rho=1670.023071, Grad_norm=0.0006, Final_scale=16700.2307
🚀 APPLYING GUIDANCE at step 33 (timestep=606)
final_loss: 1.1429961919784546
🎯 GUIDANCE STEP 33 (t=606): Loss=1.1430, Rho=1310.786743, Grad_norm=0.0008, Final_scale=13107.8674
🚀 APPLYING GUIDANCE at step 34 (timestep=585)
final_loss: 1.1428812742233276
🎯 GUIDANCE STEP 34 (t=585): Loss=1.1429, Rho=1702.607300, Grad_norm=0.0006, Final_scale=17026.0730
🚀 APPLYING GUIDANCE at step 35 (timestep=562)
final_loss: 1.142870545387268
🎯 GUIDANCE STEP 35 (t=562): Loss=1.1429, Rho=1751.724487, Grad_norm=0.0006, Final_scale=17517.2449
🚀 APPLYING GUIDANCE at step 36 (timestep=538)
final_loss: 1.1426432132720947
🎯 GUIDANCE STEP 36 (t=538): Loss=1.1426, Rho=1699.053833, Grad_norm=0.0006, Final_scale=16990.5383
🚀 APPLYING GUIDANCE at step 37 (timestep=512)
final_loss: 1.1425024271011353
🎯 GUIDANCE STEP 37 (t=512): Loss=1.1425, Rho=1965.599854, Grad_norm=0.0005, Final_scale=19655.9985
🚀 APPLYING GUIDANCE at step 38 (timestep=486)
final_loss: 1.1422241926193237
🎯 GUIDANCE STEP 38 (t=486): Loss=1.1422, Rho=1832.088623, Grad_norm=0.0005, Final_scale=18320.8862
🚀 APPLYING GUIDANCE at step 39 (timestep=458)
final_loss: 1.1421689987182617
🎯 GUIDANCE STEP 39 (t=458): Loss=1.1422, Rho=1876.225708, Grad_norm=0.0005, Final_scale=18762.2571
🚀 APPLYING GUIDANCE at step 40 (timestep=428)
final_loss: 1.141918420791626
🎯 GUIDANCE STEP 40 (t=428): Loss=1.1419, Rho=1865.525513, Grad_norm=0.0005, Final_scale=18655.2551
🚀 APPLYING GUIDANCE at step 41 (timestep=396)
final_loss: 1.1414984464645386
🎯 GUIDANCE STEP 41 (t=396): Loss=1.1415, Rho=1477.078369, Grad_norm=0.0007, Final_scale=14770.7837
🚀 APPLYING GUIDANCE at step 42 (timestep=363)
final_loss: 1.141087293624878
🎯 GUIDANCE STEP 42 (t=363): Loss=1.1411, Rho=1612.387939, Grad_norm=0.0006, Final_scale=16123.8794
🚀 APPLYING GUIDANCE at step 43 (timestep=327)
final_loss: 1.1406322717666626
🎯 GUIDANCE STEP 43 (t=327): Loss=1.1406, Rho=1691.972656, Grad_norm=0.0006, Final_scale=16919.7266
🚀 APPLYING GUIDANCE at step 44 (timestep=290)
final_loss: 1.1398980617523193
🎯 GUIDANCE STEP 44 (t=290): Loss=1.1399, Rho=1289.351562, Grad_norm=0.0008, Final_scale=12893.5156
🚀 APPLYING GUIDANCE at step 45 (timestep=249)
final_loss: 1.1392639875411987
🎯 GUIDANCE STEP 45 (t=249): Loss=1.1393, Rho=1134.815796, Grad_norm=0.0009, Final_scale=11348.1580
🚀 APPLYING GUIDANCE at step 46 (timestep=206)
final_loss: 1.13839852809906
🎯 GUIDANCE STEP 46 (t=206): Loss=1.1384, Rho=1457.173828, Grad_norm=0.0007, Final_scale=14571.7383
🚀 APPLYING GUIDANCE at step 47 (timestep=160)
final_loss: 1.1366262435913086
🎯 GUIDANCE STEP 47 (t=160): Loss=1.1366, Rho=1057.084106, Grad_norm=0.0009, Final_scale=10570.8411
🚀 APPLYING GUIDANCE at step 48 (timestep=111)
final_loss: 1.134997844696045
🎯 GUIDANCE STEP 48 (t=111): Loss=1.1350, Rho=305.268646, Grad_norm=0.0033, Final_scale=3052.6865
🚀 APPLYING GUIDANCE at step 49 (timestep=57)
final_loss: 1.134947419166565
🎯 GUIDANCE STEP 49 (t=57): Loss=1.1349, Rho=914.892395, Grad_norm=0.0011, Final_scale=9148.9240
[guidance_f33_s50_w16c8_rho10.0_cfg5.0torch] Generated: generated_videos/subject_consistency/guidance_f33_s50_w16c8_rho10.0_cfg5.0torch/an elephant taking a peaceful walk.mp4
[guidance_f33_s50_w16c8_rho10.0_cfg5.0torch] Generating video 8/9 (guidance): an elephant running to join a herd of its kind
🎬 STARTING GUIDANCE PIPELINE GENERATION
   Frames: 33, Steps: 50, CFG Scale: 5.0

🔧 GUIDANCE PIPELINE CONFIGURATION:
   Guidance range: 0 - 1001
   Rho scale: 10.0
   V-JEPA kernel_size: 16
   V-JEPA context_length: 8
   V-JEPA stride: 2
   V-JEPA mode: max
   Total timesteps: 50

🚀 APPLYING GUIDANCE at step 0 (timestep=999)
final_loss: 1.1058396100997925
🎯 GUIDANCE STEP 0 (t=999): Loss=1.1058, Rho=20.786814, Grad_norm=0.0481, Final_scale=207.8681
🚀 APPLYING GUIDANCE at step 1 (timestep=992)
final_loss: 1.151694893836975
🎯 GUIDANCE STEP 1 (t=992): Loss=1.1517, Rho=65.226936, Grad_norm=0.0153, Final_scale=652.2694
🚀 APPLYING GUIDANCE at step 2 (timestep=985)
final_loss: 1.1447380781173706
🎯 GUIDANCE STEP 2 (t=985): Loss=1.1447, Rho=44.837742, Grad_norm=0.0223, Final_scale=448.3774
🚀 APPLYING GUIDANCE at step 3 (timestep=978)
final_loss: 1.1386393308639526
🎯 GUIDANCE STEP 3 (t=978): Loss=1.1386, Rho=130.116211, Grad_norm=0.0077, Final_scale=1301.1621
🚀 APPLYING GUIDANCE at step 4 (timestep=971)
final_loss: 1.1378973722457886
🎯 GUIDANCE STEP 4 (t=971): Loss=1.1379, Rho=91.348221, Grad_norm=0.0109, Final_scale=913.4822
🚀 APPLYING GUIDANCE at step 5 (timestep=963)
final_loss: 1.1369694471359253
🎯 GUIDANCE STEP 5 (t=963): Loss=1.1370, Rho=95.407227, Grad_norm=0.0105, Final_scale=954.0723
🚀 APPLYING GUIDANCE at step 6 (timestep=956)
final_loss: 1.1365360021591187
🎯 GUIDANCE STEP 6 (t=956): Loss=1.1365, Rho=139.108994, Grad_norm=0.0072, Final_scale=1391.0899
🚀 APPLYING GUIDANCE at step 7 (timestep=948)
final_loss: 1.1359621286392212
🎯 GUIDANCE STEP 7 (t=948): Loss=1.1360, Rho=192.383820, Grad_norm=0.0052, Final_scale=1923.8382
🚀 APPLYING GUIDANCE at step 8 (timestep=939)
final_loss: 1.1355552673339844
🎯 GUIDANCE STEP 8 (t=939): Loss=1.1356, Rho=235.861374, Grad_norm=0.0042, Final_scale=2358.6137
🚀 APPLYING GUIDANCE at step 9 (timestep=931)
final_loss: 1.1352300643920898
🎯 GUIDANCE STEP 9 (t=931): Loss=1.1352, Rho=182.265121, Grad_norm=0.0055, Final_scale=1822.6512
🚀 APPLYING GUIDANCE at step 10 (timestep=922)
final_loss: 1.134765386581421
🎯 GUIDANCE STEP 10 (t=922): Loss=1.1348, Rho=289.466919, Grad_norm=0.0035, Final_scale=2894.6692
🚀 APPLYING GUIDANCE at step 11 (timestep=913)
final_loss: 1.1344927549362183
🎯 GUIDANCE STEP 11 (t=913): Loss=1.1345, Rho=209.061264, Grad_norm=0.0048, Final_scale=2090.6126
🚀 APPLYING GUIDANCE at step 12 (timestep=904)
final_loss: 1.1342815160751343
🎯 GUIDANCE STEP 12 (t=904): Loss=1.1343, Rho=247.929199, Grad_norm=0.0040, Final_scale=2479.2920
🚀 APPLYING GUIDANCE at step 13 (timestep=894)
final_loss: 1.1345396041870117
🎯 GUIDANCE STEP 13 (t=894): Loss=1.1345, Rho=206.765656, Grad_norm=0.0048, Final_scale=2067.6566
🚀 APPLYING GUIDANCE at step 14 (timestep=884)
final_loss: 1.1344417333602905
🎯 GUIDANCE STEP 14 (t=884): Loss=1.1344, Rho=253.941818, Grad_norm=0.0039, Final_scale=2539.4182
🚀 APPLYING GUIDANCE at step 15 (timestep=874)
final_loss: 1.1347697973251343
🎯 GUIDANCE STEP 15 (t=874): Loss=1.1348, Rho=195.568130, Grad_norm=0.0051, Final_scale=1955.6813
🚀 APPLYING GUIDANCE at step 16 (timestep=864)
final_loss: 1.1348146200180054
🎯 GUIDANCE STEP 16 (t=864): Loss=1.1348, Rho=198.985458, Grad_norm=0.0050, Final_scale=1989.8546
🚀 APPLYING GUIDANCE at step 17 (timestep=853)
final_loss: 1.134653091430664
🎯 GUIDANCE STEP 17 (t=853): Loss=1.1347, Rho=282.843567, Grad_norm=0.0035, Final_scale=2828.4357
🚀 APPLYING GUIDANCE at step 18 (timestep=841)
final_loss: 1.1344314813613892
🎯 GUIDANCE STEP 18 (t=841): Loss=1.1344, Rho=180.673721, Grad_norm=0.0055, Final_scale=1806.7372
🚀 APPLYING GUIDANCE at step 19 (timestep=829)
final_loss: 1.134454607963562
🎯 GUIDANCE STEP 19 (t=829): Loss=1.1345, Rho=267.430847, Grad_norm=0.0037, Final_scale=2674.3085
🚀 APPLYING GUIDANCE at step 20 (timestep=817)
final_loss: 1.134408950805664
🎯 GUIDANCE STEP 20 (t=817): Loss=1.1344, Rho=250.463654, Grad_norm=0.0040, Final_scale=2504.6365
🚀 APPLYING GUIDANCE at step 21 (timestep=805)
final_loss: 1.1343704462051392
🎯 GUIDANCE STEP 21 (t=805): Loss=1.1344, Rho=186.080414, Grad_norm=0.0054, Final_scale=1860.8041
🚀 APPLYING GUIDANCE at step 22 (timestep=792)
final_loss: 1.1348059177398682
🎯 GUIDANCE STEP 22 (t=792): Loss=1.1348, Rho=262.688599, Grad_norm=0.0038, Final_scale=2626.8860
🚀 APPLYING GUIDANCE at step 23 (timestep=778)
final_loss: 1.1345176696777344
🎯 GUIDANCE STEP 23 (t=778): Loss=1.1345, Rho=226.180222, Grad_norm=0.0044, Final_scale=2261.8022
🚀 APPLYING GUIDANCE at step 24 (timestep=764)
final_loss: 1.1344363689422607
🎯 GUIDANCE STEP 24 (t=764): Loss=1.1344, Rho=208.186386, Grad_norm=0.0048, Final_scale=2081.8639
🚀 APPLYING GUIDANCE at step 25 (timestep=749)
final_loss: 1.134447693824768
🎯 GUIDANCE STEP 25 (t=749): Loss=1.1344, Rho=256.568909, Grad_norm=0.0039, Final_scale=2565.6891
🚀 APPLYING GUIDANCE at step 26 (timestep=734)
final_loss: 1.1344733238220215
🎯 GUIDANCE STEP 26 (t=734): Loss=1.1345, Rho=203.251877, Grad_norm=0.0049, Final_scale=2032.5188
🚀 APPLYING GUIDANCE at step 27 (timestep=718)
final_loss: 1.1343954801559448
🎯 GUIDANCE STEP 27 (t=718): Loss=1.1344, Rho=236.411148, Grad_norm=0.0042, Final_scale=2364.1115
🚀 APPLYING GUIDANCE at step 28 (timestep=701)
final_loss: 1.1344083547592163
🎯 GUIDANCE STEP 28 (t=701): Loss=1.1344, Rho=308.747345, Grad_norm=0.0032, Final_scale=3087.4734
🚀 APPLYING GUIDANCE at step 29 (timestep=684)
final_loss: 1.1344865560531616
🎯 GUIDANCE STEP 29 (t=684): Loss=1.1345, Rho=186.204971, Grad_norm=0.0054, Final_scale=1862.0497
🚀 APPLYING GUIDANCE at step 30 (timestep=666)
final_loss: 1.1344947814941406
🎯 GUIDANCE STEP 30 (t=666): Loss=1.1345, Rho=350.056152, Grad_norm=0.0029, Final_scale=3500.5615
🚀 APPLYING GUIDANCE at step 31 (timestep=647)
final_loss: 1.134528398513794
🎯 GUIDANCE STEP 31 (t=647): Loss=1.1345, Rho=164.819626, Grad_norm=0.0061, Final_scale=1648.1963
🚀 APPLYING GUIDANCE at step 32 (timestep=627)
final_loss: 1.1343439817428589
🎯 GUIDANCE STEP 32 (t=627): Loss=1.1343, Rho=231.330933, Grad_norm=0.0043, Final_scale=2313.3093
🚀 APPLYING GUIDANCE at step 33 (timestep=606)
final_loss: 1.1343954801559448
🎯 GUIDANCE STEP 33 (t=606): Loss=1.1344, Rho=243.930786, Grad_norm=0.0041, Final_scale=2439.3079
🚀 APPLYING GUIDANCE at step 34 (timestep=585)
final_loss: 1.1342350244522095
🎯 GUIDANCE STEP 34 (t=585): Loss=1.1342, Rho=218.275238, Grad_norm=0.0046, Final_scale=2182.7524
🚀 APPLYING GUIDANCE at step 35 (timestep=562)
final_loss: 1.1343348026275635
🎯 GUIDANCE STEP 35 (t=562): Loss=1.1343, Rho=276.813293, Grad_norm=0.0036, Final_scale=2768.1329
🚀 APPLYING GUIDANCE at step 36 (timestep=538)
final_loss: 1.1342567205429077
🎯 GUIDANCE STEP 36 (t=538): Loss=1.1343, Rho=146.045380, Grad_norm=0.0068, Final_scale=1460.4538
🚀 APPLYING GUIDANCE at step 37 (timestep=512)
final_loss: 1.1344457864761353
🎯 GUIDANCE STEP 37 (t=512): Loss=1.1344, Rho=244.514572, Grad_norm=0.0041, Final_scale=2445.1457
🚀 APPLYING GUIDANCE at step 38 (timestep=486)
final_loss: 1.134187936782837
🎯 GUIDANCE STEP 38 (t=486): Loss=1.1342, Rho=281.558533, Grad_norm=0.0036, Final_scale=2815.5853
🚀 APPLYING GUIDANCE at step 39 (timestep=458)
final_loss: 1.1342180967330933
🎯 GUIDANCE STEP 39 (t=458): Loss=1.1342, Rho=409.899597, Grad_norm=0.0024, Final_scale=4098.9960
🚀 APPLYING GUIDANCE at step 40 (timestep=428)
final_loss: 1.1341217756271362
🎯 GUIDANCE STEP 40 (t=428): Loss=1.1341, Rho=314.997650, Grad_norm=0.0032, Final_scale=3149.9765
🚀 APPLYING GUIDANCE at step 41 (timestep=396)
final_loss: 1.134135127067566
🎯 GUIDANCE STEP 41 (t=396): Loss=1.1341, Rho=410.611328, Grad_norm=0.0024, Final_scale=4106.1133
🚀 APPLYING GUIDANCE at step 42 (timestep=363)
final_loss: 1.1342124938964844
🎯 GUIDANCE STEP 42 (t=363): Loss=1.1342, Rho=109.013115, Grad_norm=0.0092, Final_scale=1090.1311
🚀 APPLYING GUIDANCE at step 43 (timestep=327)
final_loss: 1.1342136859893799
🎯 GUIDANCE STEP 43 (t=327): Loss=1.1342, Rho=656.392029, Grad_norm=0.0015, Final_scale=6563.9203
🚀 APPLYING GUIDANCE at step 44 (timestep=290)
final_loss: 1.1341265439987183
🎯 GUIDANCE STEP 44 (t=290): Loss=1.1341, Rho=788.914795, Grad_norm=0.0013, Final_scale=7889.1479
🚀 APPLYING GUIDANCE at step 45 (timestep=249)
final_loss: 1.134006381034851
🎯 GUIDANCE STEP 45 (t=249): Loss=1.1340, Rho=269.900787, Grad_norm=0.0037, Final_scale=2699.0079
🚀 APPLYING GUIDANCE at step 46 (timestep=206)
final_loss: 1.1340770721435547
🎯 GUIDANCE STEP 46 (t=206): Loss=1.1341, Rho=993.764771, Grad_norm=0.0010, Final_scale=9937.6477
🚀 APPLYING GUIDANCE at step 47 (timestep=160)
final_loss: 1.1337014436721802
🎯 GUIDANCE STEP 47 (t=160): Loss=1.1337, Rho=948.269287, Grad_norm=0.0011, Final_scale=9482.6929
🚀 APPLYING GUIDANCE at step 48 (timestep=111)
final_loss: 1.13345468044281
🎯 GUIDANCE STEP 48 (t=111): Loss=1.1335, Rho=1304.622070, Grad_norm=0.0008, Final_scale=13046.2207
🚀 APPLYING GUIDANCE at step 49 (timestep=57)
final_loss: 1.132663369178772
🎯 GUIDANCE STEP 49 (t=57): Loss=1.1327, Rho=1159.343262, Grad_norm=0.0009, Final_scale=11593.4326
[guidance_f33_s50_w16c8_rho10.0_cfg5.0torch] Generated: generated_videos/subject_consistency/guidance_f33_s50_w16c8_rho10.0_cfg5.0torch/a cat running happily.mp4
[guidance_f33_s50_w16c8_rho10.0_cfg5.0torch] Experiment completed! Results saved to: generated_videos/subject_consistency/guidance_f33_s50_w16c8_rho10.0_cfg5.0torch
🚀 APPLYING GUIDANCE at step 0 (timestep=999)
final_loss: 1.1321948766708374
🎯 GUIDANCE STEP 0 (t=999): Loss=1.1322, Rho=152.628357, Grad_norm=0.0066, Final_scale=1526.2836
🚀 APPLYING GUIDANCE at step 1 (timestep=992)
final_loss: 1.1244618892669678
🎯 GUIDANCE STEP 1 (t=992): Loss=1.1245, Rho=114.729599, Grad_norm=0.0087, Final_scale=1147.2960
🚀 APPLYING GUIDANCE at step 2 (timestep=985)
final_loss: 1.1263599395751953
🎯 GUIDANCE STEP 2 (t=985): Loss=1.1264, Rho=162.587936, Grad_norm=0.0062, Final_scale=1625.8794
🚀 APPLYING GUIDANCE at step 3 (timestep=978)
final_loss: 1.1268593072891235
🎯 GUIDANCE STEP 3 (t=978): Loss=1.1269, Rho=276.559113, Grad_norm=0.0036, Final_scale=2765.5911
🚀 APPLYING GUIDANCE at step 4 (timestep=971)
final_loss: 1.127847671508789
🎯 GUIDANCE STEP 4 (t=971): Loss=1.1278, Rho=326.800781, Grad_norm=0.0031, Final_scale=3268.0078
🚀 APPLYING GUIDANCE at step 5 (timestep=963)
final_loss: 1.1288871765136719
🎯 GUIDANCE STEP 5 (t=963): Loss=1.1289, Rho=290.970703, Grad_norm=0.0034, Final_scale=2909.7070
🚀 APPLYING GUIDANCE at step 6 (timestep=956)
final_loss: 1.1277443170547485
🎯 GUIDANCE STEP 6 (t=956): Loss=1.1277, Rho=321.671051, Grad_norm=0.0031, Final_scale=3216.7105
🚀 APPLYING GUIDANCE at step 7 (timestep=948)
final_loss: 1.127384066581726
🎯 GUIDANCE STEP 7 (t=948): Loss=1.1274, Rho=327.756744, Grad_norm=0.0031, Final_scale=3277.5674
🚀 APPLYING GUIDANCE at step 8 (timestep=939)
final_loss: 1.1261489391326904
🎯 GUIDANCE STEP 8 (t=939): Loss=1.1261, Rho=272.021667, Grad_norm=0.0037, Final_scale=2720.2167
🚀 APPLYING GUIDANCE at step 9 (timestep=931)
final_loss: 1.1261552572250366
🎯 GUIDANCE STEP 9 (t=931): Loss=1.1262, Rho=279.837982, Grad_norm=0.0036, Final_scale=2798.3798
🚀 APPLYING GUIDANCE at step 10 (timestep=922)
final_loss: 1.1274219751358032
🎯 GUIDANCE STEP 10 (t=922): Loss=1.1274, Rho=287.012177, Grad_norm=0.0035, Final_scale=2870.1218
🚀 APPLYING GUIDANCE at step 11 (timestep=913)
final_loss: 1.1269482374191284
🎯 GUIDANCE STEP 11 (t=913): Loss=1.1269, Rho=192.820419, Grad_norm=0.0052, Final_scale=1928.2042
🚀 APPLYING GUIDANCE at step 12 (timestep=904)
final_loss: 1.1276659965515137
🎯 GUIDANCE STEP 12 (t=904): Loss=1.1277, Rho=327.958008, Grad_norm=0.0030, Final_scale=3279.5801
🚀 APPLYING GUIDANCE at step 13 (timestep=894)
final_loss: 1.127399206161499
🎯 GUIDANCE STEP 13 (t=894): Loss=1.1274, Rho=258.229706, Grad_norm=0.0039, Final_scale=2582.2971
🚀 APPLYING GUIDANCE at step 14 (timestep=884)
final_loss: 1.1277296543121338
🎯 GUIDANCE STEP 14 (t=884): Loss=1.1277, Rho=226.116531, Grad_norm=0.0044, Final_scale=2261.1653
🚀 APPLYING GUIDANCE at step 15 (timestep=874)
final_loss: 1.1279628276824951
🎯 GUIDANCE STEP 15 (t=874): Loss=1.1280, Rho=158.621948, Grad_norm=0.0063, Final_scale=1586.2195
🚀 APPLYING GUIDANCE at step 16 (timestep=864)
final_loss: 1.1277540922164917
🎯 GUIDANCE STEP 16 (t=864): Loss=1.1278, Rho=70.860184, Grad_norm=0.0141, Final_scale=708.6018
🚀 APPLYING GUIDANCE at step 17 (timestep=853)
final_loss: 1.1279706954956055
🎯 GUIDANCE STEP 17 (t=853): Loss=1.1280, Rho=282.683289, Grad_norm=0.0035, Final_scale=2826.8329
🚀 APPLYING GUIDANCE at step 18 (timestep=841)
final_loss: 1.1279546022415161
🎯 GUIDANCE STEP 18 (t=841): Loss=1.1280, Rho=116.519295, Grad_norm=0.0086, Final_scale=1165.1929
🚀 APPLYING GUIDANCE at step 19 (timestep=829)
final_loss: 1.1281150579452515
🎯 GUIDANCE STEP 19 (t=829): Loss=1.1281, Rho=205.693512, Grad_norm=0.0049, Final_scale=2056.9351
🚀 APPLYING GUIDANCE at step 20 (timestep=817)
final_loss: 1.127658724784851
🎯 GUIDANCE STEP 20 (t=817): Loss=1.1277, Rho=178.019272, Grad_norm=0.0056, Final_scale=1780.1927
🚀 APPLYING GUIDANCE at step 21 (timestep=805)
final_loss: 1.1274491548538208
🎯 GUIDANCE STEP 21 (t=805): Loss=1.1274, Rho=147.641083, Grad_norm=0.0068, Final_scale=1476.4108
🚀 APPLYING GUIDANCE at step 22 (timestep=792)
final_loss: 1.1276224851608276
🎯 GUIDANCE STEP 22 (t=792): Loss=1.1276, Rho=363.802917, Grad_norm=0.0027, Final_scale=3638.0292
🚀 APPLYING GUIDANCE at step 23 (timestep=778)
final_loss: 1.127271294593811
🎯 GUIDANCE STEP 23 (t=778): Loss=1.1273, Rho=356.941467, Grad_norm=0.0028, Final_scale=3569.4147
🚀 APPLYING GUIDANCE at step 24 (timestep=764)
final_loss: 1.1275666952133179
🎯 GUIDANCE STEP 24 (t=764): Loss=1.1276, Rho=306.195251, Grad_norm=0.0033, Final_scale=3061.9525
🚀 APPLYING GUIDANCE at step 25 (timestep=749)
final_loss: 1.1267377138137817
🎯 GUIDANCE STEP 25 (t=749): Loss=1.1267, Rho=315.243530, Grad_norm=0.0032, Final_scale=3152.4353
🚀 APPLYING GUIDANCE at step 26 (timestep=734)
final_loss: 1.1272635459899902
🎯 GUIDANCE STEP 26 (t=734): Loss=1.1273, Rho=409.769165, Grad_norm=0.0024, Final_scale=4097.6917
🚀 APPLYING GUIDANCE at step 27 (timestep=718)
final_loss: 1.1274652481079102
🎯 GUIDANCE STEP 27 (t=718): Loss=1.1275, Rho=337.188049, Grad_norm=0.0030, Final_scale=3371.8805
🚀 APPLYING GUIDANCE at step 28 (timestep=701)
final_loss: 1.1272311210632324
🎯 GUIDANCE STEP 28 (t=701): Loss=1.1272, Rho=391.497192, Grad_norm=0.0026, Final_scale=3914.9719
🚀 APPLYING GUIDANCE at step 29 (timestep=684)
final_loss: 1.1273690462112427
🎯 GUIDANCE STEP 29 (t=684): Loss=1.1274, Rho=397.816101, Grad_norm=0.0025, Final_scale=3978.1610
🚀 APPLYING GUIDANCE at step 30 (timestep=666)
final_loss: 1.1268543004989624
🎯 GUIDANCE STEP 30 (t=666): Loss=1.1269, Rho=484.706818, Grad_norm=0.0021, Final_scale=4847.0682
🚀 APPLYING GUIDANCE at step 31 (timestep=647)
final_loss: 1.1262885332107544
🎯 GUIDANCE STEP 31 (t=647): Loss=1.1263, Rho=464.975677, Grad_norm=0.0022, Final_scale=4649.7568
🚀 APPLYING GUIDANCE at step 32 (timestep=627)
final_loss: 1.126611351966858
🎯 GUIDANCE STEP 32 (t=627): Loss=1.1266, Rho=442.078827, Grad_norm=0.0023, Final_scale=4420.7883
🚀 APPLYING GUIDANCE at step 33 (timestep=606)
final_loss: 1.1264622211456299
🎯 GUIDANCE STEP 33 (t=606): Loss=1.1265, Rho=499.879974, Grad_norm=0.0020, Final_scale=4998.7997
🚀 APPLYING GUIDANCE at step 34 (timestep=585)
final_loss: 1.1268781423568726
🎯 GUIDANCE STEP 34 (t=585): Loss=1.1269, Rho=531.604004, Grad_norm=0.0019, Final_scale=5316.0400
🚀 APPLYING GUIDANCE at step 35 (timestep=562)
final_loss: 1.1264528036117554
🎯 GUIDANCE STEP 35 (t=562): Loss=1.1265, Rho=459.701508, Grad_norm=0.0022, Final_scale=4597.0151
🚀 APPLYING GUIDANCE at step 36 (timestep=538)
final_loss: 1.126484751701355
🎯 GUIDANCE STEP 36 (t=538): Loss=1.1265, Rho=640.222595, Grad_norm=0.0016, Final_scale=6402.2260
🚀 APPLYING GUIDANCE at step 37 (timestep=512)
final_loss: 1.1260465383529663
🎯 GUIDANCE STEP 37 (t=512): Loss=1.1260, Rho=507.618927, Grad_norm=0.0020, Final_scale=5076.1893
🚀 APPLYING GUIDANCE at step 38 (timestep=486)
final_loss: 1.1258505582809448
🎯 GUIDANCE STEP 38 (t=486): Loss=1.1259, Rho=382.157349, Grad_norm=0.0026, Final_scale=3821.5735
🚀 APPLYING GUIDANCE at step 39 (timestep=458)
final_loss: 1.125693678855896
🎯 GUIDANCE STEP 39 (t=458): Loss=1.1257, Rho=686.489807, Grad_norm=0.0015, Final_scale=6864.8981
🚀 APPLYING GUIDANCE at step 40 (timestep=428)
final_loss: 1.1253578662872314
🎯 GUIDANCE STEP 40 (t=428): Loss=1.1254, Rho=651.808777, Grad_norm=0.0015, Final_scale=6518.0878
🚀 APPLYING GUIDANCE at step 41 (timestep=396)
final_loss: 1.1249146461486816
🎯 GUIDANCE STEP 41 (t=396): Loss=1.1249, Rho=620.464783, Grad_norm=0.0016, Final_scale=6204.6478
🚀 APPLYING GUIDANCE at step 42 (timestep=363)
final_loss: 1.1250027418136597
🎯 GUIDANCE STEP 42 (t=363): Loss=1.1250, Rho=708.168945, Grad_norm=0.0014, Final_scale=7081.6895
🚀 APPLYING GUIDANCE at step 43 (timestep=327)
final_loss: 1.1240234375
🎯 GUIDANCE STEP 43 (t=327): Loss=1.1240, Rho=650.654663, Grad_norm=0.0015, Final_scale=6506.5466
🚀 APPLYING GUIDANCE at step 44 (timestep=290)
final_loss: 1.1242679357528687
🎯 GUIDANCE STEP 44 (t=290): Loss=1.1243, Rho=674.412170, Grad_norm=0.0015, Final_scale=6744.1217
🚀 APPLYING GUIDANCE at step 45 (timestep=249)
final_loss: 1.1229902505874634
🎯 GUIDANCE STEP 45 (t=249): Loss=1.1230, Rho=653.040894, Grad_norm=0.0015, Final_scale=6530.4089
🚀 APPLYING GUIDANCE at step 46 (timestep=206)
final_loss: 1.1220765113830566
🎯 GUIDANCE STEP 46 (t=206): Loss=1.1221, Rho=381.277313, Grad_norm=0.0026, Final_scale=3812.7731
🚀 APPLYING GUIDANCE at step 47 (timestep=160)
final_loss: 1.1215637922286987
🎯 GUIDANCE STEP 47 (t=160): Loss=1.1216, Rho=642.351868, Grad_norm=0.0016, Final_scale=6423.5187
🚀 APPLYING GUIDANCE at step 48 (timestep=111)
final_loss: 1.1193187236785889
🎯 GUIDANCE STEP 48 (t=111): Loss=1.1193, Rho=493.276733, Grad_norm=0.0020, Final_scale=4932.7673
🚀 APPLYING GUIDANCE at step 49 (timestep=57)
final_loss: 1.1152381896972656
🎯 GUIDANCE STEP 49 (t=57): Loss=1.1152, Rho=450.283997, Grad_norm=0.0022, Final_scale=4502.8400
[guidance_f33_s50_w16c8_rho10.0_cfg5.0torch] Generated: generated_videos/subject_consistency/guidance_f33_s50_w16c8_rho10.0_cfg5.0torch/a giraffe running to join a herd of its kind.mp4
[guidance_f33_s50_w16c8_rho10.0_cfg5.0torch] Experiment completed! Results saved to: generated_videos/subject_consistency/guidance_f33_s50_w16c8_rho10.0_cfg5.0torch
🚀 APPLYING GUIDANCE at step 0 (timestep=999)
final_loss: 1.1301357746124268
🎯 GUIDANCE STEP 0 (t=999): Loss=1.1301, Rho=34.051094, Grad_norm=0.0294, Final_scale=340.5109
🚀 APPLYING GUIDANCE at step 1 (timestep=992)
final_loss: 1.144531011581421
🎯 GUIDANCE STEP 1 (t=992): Loss=1.1445, Rho=316.591370, Grad_norm=0.0032, Final_scale=3165.9137
🚀 APPLYING GUIDANCE at step 2 (timestep=985)
final_loss: 1.1472920179367065
🎯 GUIDANCE STEP 2 (t=985): Loss=1.1473, Rho=462.191803, Grad_norm=0.0022, Final_scale=4621.9180
🚀 APPLYING GUIDANCE at step 3 (timestep=978)
final_loss: 1.1471933126449585
🎯 GUIDANCE STEP 3 (t=978): Loss=1.1472, Rho=483.879456, Grad_norm=0.0021, Final_scale=4838.7946
🚀 APPLYING GUIDANCE at step 4 (timestep=971)
final_loss: 1.1467580795288086
🎯 GUIDANCE STEP 4 (t=971): Loss=1.1468, Rho=414.496124, Grad_norm=0.0024, Final_scale=4144.9612
🚀 APPLYING GUIDANCE at step 5 (timestep=963)
final_loss: 1.1467303037643433
🎯 GUIDANCE STEP 5 (t=963): Loss=1.1467, Rho=500.252380, Grad_norm=0.0020, Final_scale=5002.5238
🚀 APPLYING GUIDANCE at step 6 (timestep=956)
final_loss: 1.1468397378921509
🎯 GUIDANCE STEP 6 (t=956): Loss=1.1468, Rho=488.251282, Grad_norm=0.0020, Final_scale=4882.5128
🚀 APPLYING GUIDANCE at step 7 (timestep=948)
final_loss: 1.1474426984786987
🎯 GUIDANCE STEP 7 (t=948): Loss=1.1474, Rho=648.783875, Grad_norm=0.0015, Final_scale=6487.8387
🚀 APPLYING GUIDANCE at step 8 (timestep=939)
final_loss: 1.147491693496704
🎯 GUIDANCE STEP 8 (t=939): Loss=1.1475, Rho=594.923706, Grad_norm=0.0017, Final_scale=5949.2371
🚀 APPLYING GUIDANCE at step 9 (timestep=931)
final_loss: 1.1475248336791992
🎯 GUIDANCE STEP 9 (t=931): Loss=1.1475, Rho=583.782654, Grad_norm=0.0017, Final_scale=5837.8265
🚀 APPLYING GUIDANCE at step 10 (timestep=922)
final_loss: 1.1474002599716187
🎯 GUIDANCE STEP 10 (t=922): Loss=1.1474, Rho=577.391113, Grad_norm=0.0017, Final_scale=5773.9111
🚀 APPLYING GUIDANCE at step 11 (timestep=913)
final_loss: 1.1468753814697266
🎯 GUIDANCE STEP 11 (t=913): Loss=1.1469, Rho=489.338135, Grad_norm=0.0020, Final_scale=4893.3813
🚀 APPLYING GUIDANCE at step 12 (timestep=904)
final_loss: 1.1467578411102295
🎯 GUIDANCE STEP 12 (t=904): Loss=1.1468, Rho=491.630676, Grad_norm=0.0020, Final_scale=4916.3068
🚀 APPLYING GUIDANCE at step 13 (timestep=894)
final_loss: 1.1465775966644287
🎯 GUIDANCE STEP 13 (t=894): Loss=1.1466, Rho=592.006470, Grad_norm=0.0017, Final_scale=5920.0647
🚀 APPLYING GUIDANCE at step 14 (timestep=884)
final_loss: 1.14610755443573
🎯 GUIDANCE STEP 14 (t=884): Loss=1.1461, Rho=590.693726, Grad_norm=0.0017, Final_scale=5906.9373
🚀 APPLYING GUIDANCE at step 15 (timestep=874)
final_loss: 1.1460782289505005
🎯 GUIDANCE STEP 15 (t=874): Loss=1.1461, Rho=726.032288, Grad_norm=0.0014, Final_scale=7260.3229
🚀 APPLYING GUIDANCE at step 16 (timestep=864)
final_loss: 1.1459757089614868
🎯 GUIDANCE STEP 16 (t=864): Loss=1.1460, Rho=635.074768, Grad_norm=0.0016, Final_scale=6350.7477
🚀 APPLYING GUIDANCE at step 17 (timestep=853)
final_loss: 1.1458263397216797
🎯 GUIDANCE STEP 17 (t=853): Loss=1.1458, Rho=626.233337, Grad_norm=0.0016, Final_scale=6262.3334
🚀 APPLYING GUIDANCE at step 18 (timestep=841)
final_loss: 1.1458704471588135
🎯 GUIDANCE STEP 18 (t=841): Loss=1.1459, Rho=649.159058, Grad_norm=0.0015, Final_scale=6491.5906
🚀 APPLYING GUIDANCE at step 19 (timestep=829)
final_loss: 1.146199345588684
🎯 GUIDANCE STEP 19 (t=829): Loss=1.1462, Rho=755.874329, Grad_norm=0.0013, Final_scale=7558.7433
🚀 APPLYING GUIDANCE at step 20 (timestep=817)
final_loss: 1.1466028690338135
🎯 GUIDANCE STEP 20 (t=817): Loss=1.1466, Rho=760.117798, Grad_norm=0.0013, Final_scale=7601.1780
🚀 APPLYING GUIDANCE at step 21 (timestep=805)
final_loss: 1.1467629671096802
🎯 GUIDANCE STEP 21 (t=805): Loss=1.1468, Rho=699.918701, Grad_norm=0.0014, Final_scale=6999.1870
🚀 APPLYING GUIDANCE at step 22 (timestep=792)
final_loss: 1.146813154220581
🎯 GUIDANCE STEP 22 (t=792): Loss=1.1468, Rho=1029.350952, Grad_norm=0.0010, Final_scale=10293.5095
🚀 APPLYING GUIDANCE at step 23 (timestep=778)
final_loss: 1.1466768980026245
🎯 GUIDANCE STEP 23 (t=778): Loss=1.1467, Rho=911.307495, Grad_norm=0.0011, Final_scale=9113.0750
🚀 APPLYING GUIDANCE at step 24 (timestep=764)
final_loss: 1.1466487646102905
🎯 GUIDANCE STEP 24 (t=764): Loss=1.1466, Rho=999.042542, Grad_norm=0.0010, Final_scale=9990.4254
🚀 APPLYING GUIDANCE at step 25 (timestep=749)
final_loss: 1.1467434167861938
🎯 GUIDANCE STEP 25 (t=749): Loss=1.1467, Rho=1024.844116, Grad_norm=0.0010, Final_scale=10248.4412
🚀 APPLYING GUIDANCE at step 26 (timestep=734)
final_loss: 1.1463849544525146
🎯 GUIDANCE STEP 26 (t=734): Loss=1.1464, Rho=869.989136, Grad_norm=0.0011, Final_scale=8699.8914
🚀 APPLYING GUIDANCE at step 27 (timestep=718)
final_loss: 1.1462146043777466
🎯 GUIDANCE STEP 27 (t=718): Loss=1.1462, Rho=1010.528259, Grad_norm=0.0010, Final_scale=10105.2826
🚀 APPLYING GUIDANCE at step 28 (timestep=701)
final_loss: 1.146432638168335
🎯 GUIDANCE STEP 28 (t=701): Loss=1.1464, Rho=833.090942, Grad_norm=0.0012, Final_scale=8330.9094
🚀 APPLYING GUIDANCE at step 29 (timestep=684)
final_loss: 1.146342158317566
🎯 GUIDANCE STEP 29 (t=684): Loss=1.1463, Rho=1075.165771, Grad_norm=0.0009, Final_scale=10751.6577
🚀 APPLYING GUIDANCE at step 30 (timestep=666)
final_loss: 1.1462544202804565
🎯 GUIDANCE STEP 30 (t=666): Loss=1.1463, Rho=1122.920410, Grad_norm=0.0009, Final_scale=11229.2041
🚀 APPLYING GUIDANCE at step 31 (timestep=647)
final_loss: 1.1462162733078003
🎯 GUIDANCE STEP 31 (t=647): Loss=1.1462, Rho=1215.668335, Grad_norm=0.0008, Final_scale=12156.6833
🚀 APPLYING GUIDANCE at step 32 (timestep=627)
final_loss: 1.1461138725280762
🎯 GUIDANCE STEP 32 (t=627): Loss=1.1461, Rho=1204.918335, Grad_norm=0.0008, Final_scale=12049.1833
🚀 APPLYING GUIDANCE at step 33 (timestep=606)
final_loss: 1.1457723379135132
🎯 GUIDANCE STEP 33 (t=606): Loss=1.1458, Rho=877.096130, Grad_norm=0.0011, Final_scale=8770.9613
🚀 APPLYING GUIDANCE at step 34 (timestep=585)
final_loss: 1.145755648612976
🎯 GUIDANCE STEP 34 (t=585): Loss=1.1458, Rho=1356.074585, Grad_norm=0.0007, Final_scale=13560.7458
🚀 APPLYING GUIDANCE at step 35 (timestep=562)
final_loss: 1.1456215381622314
🎯 GUIDANCE STEP 35 (t=562): Loss=1.1456, Rho=1297.930664, Grad_norm=0.0008, Final_scale=12979.3066
🚀 APPLYING GUIDANCE at step 36 (timestep=538)
final_loss: 1.1455100774765015
🎯 GUIDANCE STEP 36 (t=538): Loss=1.1455, Rho=1438.152588, Grad_norm=0.0007, Final_scale=14381.5259
🚀 APPLYING GUIDANCE at step 37 (timestep=512)
final_loss: 1.1455389261245728
🎯 GUIDANCE STEP 37 (t=512): Loss=1.1455, Rho=1518.609497, Grad_norm=0.0007, Final_scale=15186.0950
🚀 APPLYING GUIDANCE at step 38 (timestep=486)
final_loss: 1.1454660892486572
🎯 GUIDANCE STEP 38 (t=486): Loss=1.1455, Rho=1323.941772, Grad_norm=0.0008, Final_scale=13239.4177
🚀 APPLYING GUIDANCE at step 39 (timestep=458)
final_loss: 1.1450086832046509
🎯 GUIDANCE STEP 39 (t=458): Loss=1.1450, Rho=1402.061523, Grad_norm=0.0007, Final_scale=14020.6152
🚀 APPLYING GUIDANCE at step 40 (timestep=428)
final_loss: 1.1448839902877808
🎯 GUIDANCE STEP 40 (t=428): Loss=1.1449, Rho=1143.739624, Grad_norm=0.0009, Final_scale=11437.3962
🚀 APPLYING GUIDANCE at step 41 (timestep=396)
final_loss: 1.144851565361023
🎯 GUIDANCE STEP 41 (t=396): Loss=1.1449, Rho=1399.941895, Grad_norm=0.0007, Final_scale=13999.4189
🚀 APPLYING GUIDANCE at step 42 (timestep=363)
final_loss: 1.1443779468536377
🎯 GUIDANCE STEP 42 (t=363): Loss=1.1444, Rho=1278.800659, Grad_norm=0.0008, Final_scale=12788.0066
🚀 APPLYING GUIDANCE at step 43 (timestep=327)
final_loss: 1.1442101001739502
🎯 GUIDANCE STEP 43 (t=327): Loss=1.1442, Rho=627.887085, Grad_norm=0.0016, Final_scale=6278.8708
🚀 APPLYING GUIDANCE at step 44 (timestep=290)
final_loss: 1.1440000534057617
🎯 GUIDANCE STEP 44 (t=290): Loss=1.1440, Rho=815.669739, Grad_norm=0.0012, Final_scale=8156.6974
🚀 APPLYING GUIDANCE at step 45 (timestep=249)
final_loss: 1.1433498859405518
🎯 GUIDANCE STEP 45 (t=249): Loss=1.1433, Rho=751.685547, Grad_norm=0.0013, Final_scale=7516.8555
🚀 APPLYING GUIDANCE at step 46 (timestep=206)
final_loss: 1.142610788345337
🎯 GUIDANCE STEP 46 (t=206): Loss=1.1426, Rho=991.029724, Grad_norm=0.0010, Final_scale=9910.2972
🚀 APPLYING GUIDANCE at step 47 (timestep=160)
final_loss: 1.140461802482605
🎯 GUIDANCE STEP 47 (t=160): Loss=1.1405, Rho=550.456604, Grad_norm=0.0018, Final_scale=5504.5660
🚀 APPLYING GUIDANCE at step 48 (timestep=111)
final_loss: 1.1386041641235352
🎯 GUIDANCE STEP 48 (t=111): Loss=1.1386, Rho=721.481445, Grad_norm=0.0014, Final_scale=7214.8145
🚀 APPLYING GUIDANCE at step 49 (timestep=57)
final_loss: 1.1335420608520508
🎯 GUIDANCE STEP 49 (t=57): Loss=1.1335, Rho=501.936859, Grad_norm=0.0020, Final_scale=5019.3686
[guidance_f33_s50_w16c8_rho10.0_cfg5.0torch] Generated: generated_videos/subject_consistency/guidance_f33_s50_w16c8_rho10.0_cfg5.0torch/a motorcycle slowing down to stop.mp4
[guidance_f33_s50_w16c8_rho10.0_cfg5.0torch] Experiment completed! Results saved to: generated_videos/subject_consistency/guidance_f33_s50_w16c8_rho10.0_cfg5.0torch
🚀 APPLYING GUIDANCE at step 0 (timestep=999)
final_loss: 1.118279218673706
🎯 GUIDANCE STEP 0 (t=999): Loss=1.1183, Rho=22.864313, Grad_norm=0.0437, Final_scale=228.6431
🚀 APPLYING GUIDANCE at step 1 (timestep=992)
final_loss: 1.14150869846344
🎯 GUIDANCE STEP 1 (t=992): Loss=1.1415, Rho=81.473091, Grad_norm=0.0123, Final_scale=814.7309
🚀 APPLYING GUIDANCE at step 2 (timestep=985)
final_loss: 1.154401183128357
🎯 GUIDANCE STEP 2 (t=985): Loss=1.1544, Rho=100.170677, Grad_norm=0.0100, Final_scale=1001.7068
🚀 APPLYING GUIDANCE at step 3 (timestep=978)
final_loss: 1.1560767889022827
🎯 GUIDANCE STEP 3 (t=978): Loss=1.1561, Rho=324.035278, Grad_norm=0.0031, Final_scale=3240.3528
🚀 APPLYING GUIDANCE at step 4 (timestep=971)
final_loss: 1.1569733619689941
🎯 GUIDANCE STEP 4 (t=971): Loss=1.1570, Rho=302.991302, Grad_norm=0.0033, Final_scale=3029.9130
🚀 APPLYING GUIDANCE at step 5 (timestep=963)
final_loss: 1.1568182706832886
🎯 GUIDANCE STEP 5 (t=963): Loss=1.1568, Rho=418.416565, Grad_norm=0.0024, Final_scale=4184.1656
🚀 APPLYING GUIDANCE at step 6 (timestep=956)
final_loss: 1.1569818258285522
🎯 GUIDANCE STEP 6 (t=956): Loss=1.1570, Rho=474.013458, Grad_norm=0.0021, Final_scale=4740.1346
🚀 APPLYING GUIDANCE at step 7 (timestep=948)
final_loss: 1.1576422452926636
🎯 GUIDANCE STEP 7 (t=948): Loss=1.1576, Rho=459.756958, Grad_norm=0.0022, Final_scale=4597.5696
🚀 APPLYING GUIDANCE at step 8 (timestep=939)
final_loss: 1.1574372053146362
🎯 GUIDANCE STEP 8 (t=939): Loss=1.1574, Rho=550.765320, Grad_norm=0.0018, Final_scale=5507.6532
🚀 APPLYING GUIDANCE at step 9 (timestep=931)
final_loss: 1.157099962234497
🎯 GUIDANCE STEP 9 (t=931): Loss=1.1571, Rho=700.174805, Grad_norm=0.0014, Final_scale=7001.7480
🚀 APPLYING GUIDANCE at step 10 (timestep=922)
final_loss: 1.156812071800232
🎯 GUIDANCE STEP 10 (t=922): Loss=1.1568, Rho=667.601868, Grad_norm=0.0015, Final_scale=6676.0187
🚀 APPLYING GUIDANCE at step 11 (timestep=913)
final_loss: 1.1570171117782593
🎯 GUIDANCE STEP 11 (t=913): Loss=1.1570, Rho=751.057800, Grad_norm=0.0013, Final_scale=7510.5780
🚀 APPLYING GUIDANCE at step 12 (timestep=904)
final_loss: 1.156833529472351
🎯 GUIDANCE STEP 12 (t=904): Loss=1.1568, Rho=694.971069, Grad_norm=0.0014, Final_scale=6949.7107
🚀 APPLYING GUIDANCE at step 13 (timestep=894)
final_loss: 1.1564064025878906
🎯 GUIDANCE STEP 13 (t=894): Loss=1.1564, Rho=612.186951, Grad_norm=0.0016, Final_scale=6121.8695
🚀 APPLYING GUIDANCE at step 14 (timestep=884)
final_loss: 1.1562117338180542
🎯 GUIDANCE STEP 14 (t=884): Loss=1.1562, Rho=613.479126, Grad_norm=0.0016, Final_scale=6134.7913
🚀 APPLYING GUIDANCE at step 15 (timestep=874)
final_loss: 1.1558815240859985
🎯 GUIDANCE STEP 15 (t=874): Loss=1.1559, Rho=659.965210, Grad_norm=0.0015, Final_scale=6599.6521
🚀 APPLYING GUIDANCE at step 16 (timestep=864)
final_loss: 1.1558455228805542
🎯 GUIDANCE STEP 16 (t=864): Loss=1.1558, Rho=584.946228, Grad_norm=0.0017, Final_scale=5849.4623
🚀 APPLYING GUIDANCE at step 17 (timestep=853)
final_loss: 1.1557531356811523
🎯 GUIDANCE STEP 17 (t=853): Loss=1.1558, Rho=730.544922, Grad_norm=0.0014, Final_scale=7305.4492
🚀 APPLYING GUIDANCE at step 18 (timestep=841)
final_loss: 1.1555359363555908
🎯 GUIDANCE STEP 18 (t=841): Loss=1.1555, Rho=592.812012, Grad_norm=0.0017, Final_scale=5928.1201
🚀 APPLYING GUIDANCE at step 19 (timestep=829)
final_loss: 1.1556016206741333
🎯 GUIDANCE STEP 19 (t=829): Loss=1.1556, Rho=564.385681, Grad_norm=0.0018, Final_scale=5643.8568
🚀 APPLYING GUIDANCE at step 20 (timestep=817)
final_loss: 1.1555684804916382
🎯 GUIDANCE STEP 20 (t=817): Loss=1.1556, Rho=730.424744, Grad_norm=0.0014, Final_scale=7304.2474
🚀 APPLYING GUIDANCE at step 21 (timestep=805)
final_loss: 1.1554479598999023
🎯 GUIDANCE STEP 21 (t=805): Loss=1.1554, Rho=685.838501, Grad_norm=0.0015, Final_scale=6858.3850
🚀 APPLYING GUIDANCE at step 22 (timestep=792)
final_loss: 1.1553080081939697
🎯 GUIDANCE STEP 22 (t=792): Loss=1.1553, Rho=678.535889, Grad_norm=0.0015, Final_scale=6785.3589
🚀 APPLYING GUIDANCE at step 23 (timestep=778)
final_loss: 1.1552366018295288
🎯 GUIDANCE STEP 23 (t=778): Loss=1.1552, Rho=553.520630, Grad_norm=0.0018, Final_scale=5535.2063
🚀 APPLYING GUIDANCE at step 24 (timestep=764)
final_loss: 1.155356764793396
🎯 GUIDANCE STEP 24 (t=764): Loss=1.1554, Rho=818.730896, Grad_norm=0.0012, Final_scale=8187.3090
🚀 APPLYING GUIDANCE at step 25 (timestep=749)
final_loss: 1.1554292440414429
🎯 GUIDANCE STEP 25 (t=749): Loss=1.1554, Rho=715.835266, Grad_norm=0.0014, Final_scale=7158.3527
🚀 APPLYING GUIDANCE at step 26 (timestep=734)
final_loss: 1.1552382707595825
🎯 GUIDANCE STEP 26 (t=734): Loss=1.1552, Rho=840.093018, Grad_norm=0.0012, Final_scale=8400.9302
🚀 APPLYING GUIDANCE at step 27 (timestep=718)
final_loss: 1.1551179885864258
🎯 GUIDANCE STEP 27 (t=718): Loss=1.1551, Rho=810.005615, Grad_norm=0.0012, Final_scale=8100.0562
🚀 APPLYING GUIDANCE at step 28 (timestep=701)
final_loss: 1.155161738395691
🎯 GUIDANCE STEP 28 (t=701): Loss=1.1552, Rho=922.093323, Grad_norm=0.0011, Final_scale=9220.9332
🚀 APPLYING GUIDANCE at step 29 (timestep=684)
final_loss: 1.155060052871704
🎯 GUIDANCE STEP 29 (t=684): Loss=1.1551, Rho=861.525024, Grad_norm=0.0012, Final_scale=8615.2502
🚀 APPLYING GUIDANCE at step 30 (timestep=666)
final_loss: 1.1550043821334839
🎯 GUIDANCE STEP 30 (t=666): Loss=1.1550, Rho=925.193359, Grad_norm=0.0011, Final_scale=9251.9336
🚀 APPLYING GUIDANCE at step 31 (timestep=647)
final_loss: 1.154907464981079
🎯 GUIDANCE STEP 31 (t=647): Loss=1.1549, Rho=951.197388, Grad_norm=0.0011, Final_scale=9511.9739
🚀 APPLYING GUIDANCE at step 32 (timestep=627)
final_loss: 1.1548856496810913
🎯 GUIDANCE STEP 32 (t=627): Loss=1.1549, Rho=889.780945, Grad_norm=0.0011, Final_scale=8897.8094
🚀 APPLYING GUIDANCE at step 33 (timestep=606)
final_loss: 1.1547635793685913
🎯 GUIDANCE STEP 33 (t=606): Loss=1.1548, Rho=957.422546, Grad_norm=0.0010, Final_scale=9574.2255
🚀 APPLYING GUIDANCE at step 34 (timestep=585)
final_loss: 1.1544893980026245
🎯 GUIDANCE STEP 34 (t=585): Loss=1.1545, Rho=703.955688, Grad_norm=0.0014, Final_scale=7039.5569
🚀 APPLYING GUIDANCE at step 35 (timestep=562)
final_loss: 1.1543911695480347
🎯 GUIDANCE STEP 35 (t=562): Loss=1.1544, Rho=1111.147095, Grad_norm=0.0009, Final_scale=11111.4709
🚀 APPLYING GUIDANCE at step 36 (timestep=538)
final_loss: 1.1540777683258057
🎯 GUIDANCE STEP 36 (t=538): Loss=1.1541, Rho=1001.605103, Grad_norm=0.0010, Final_scale=10016.0510
🚀 APPLYING GUIDANCE at step 37 (timestep=512)
final_loss: 1.1539785861968994
🎯 GUIDANCE STEP 37 (t=512): Loss=1.1540, Rho=1048.224976, Grad_norm=0.0010, Final_scale=10482.2498
🚀 APPLYING GUIDANCE at step 38 (timestep=486)
final_loss: 1.154017686843872
🎯 GUIDANCE STEP 38 (t=486): Loss=1.1540, Rho=749.642456, Grad_norm=0.0013, Final_scale=7496.4246
🚀 APPLYING GUIDANCE at step 39 (timestep=458)
final_loss: 1.1535805463790894
🎯 GUIDANCE STEP 39 (t=458): Loss=1.1536, Rho=1075.724121, Grad_norm=0.0009, Final_scale=10757.2412
🚀 APPLYING GUIDANCE at step 40 (timestep=428)
final_loss: 1.153190016746521
🎯 GUIDANCE STEP 40 (t=428): Loss=1.1532, Rho=1193.552734, Grad_norm=0.0008, Final_scale=11935.5273
🚀 APPLYING GUIDANCE at step 41 (timestep=396)
final_loss: 1.1529779434204102
🎯 GUIDANCE STEP 41 (t=396): Loss=1.1530, Rho=1002.679077, Grad_norm=0.0010, Final_scale=10026.7908
🚀 APPLYING GUIDANCE at step 42 (timestep=363)
final_loss: 1.1527963876724243
🎯 GUIDANCE STEP 42 (t=363): Loss=1.1528, Rho=1218.150391, Grad_norm=0.0008, Final_scale=12181.5039
🚀 APPLYING GUIDANCE at step 43 (timestep=327)
final_loss: 1.1523057222366333
🎯 GUIDANCE STEP 43 (t=327): Loss=1.1523, Rho=1227.214600, Grad_norm=0.0008, Final_scale=12272.1460
🚀 APPLYING GUIDANCE at step 44 (timestep=290)
final_loss: 1.1521236896514893
🎯 GUIDANCE STEP 44 (t=290): Loss=1.1521, Rho=815.173157, Grad_norm=0.0012, Final_scale=8151.7316
🚀 APPLYING GUIDANCE at step 45 (timestep=249)
final_loss: 1.1520249843597412
🎯 GUIDANCE STEP 45 (t=249): Loss=1.1520, Rho=960.194824, Grad_norm=0.0010, Final_scale=9601.9482
🚀 APPLYING GUIDANCE at step 46 (timestep=206)
final_loss: 1.1516759395599365
🎯 GUIDANCE STEP 46 (t=206): Loss=1.1517, Rho=1185.964111, Grad_norm=0.0008, Final_scale=11859.6411
🚀 APPLYING GUIDANCE at step 47 (timestep=160)
final_loss: 1.1513872146606445
🎯 GUIDANCE STEP 47 (t=160): Loss=1.1514, Rho=884.144531, Grad_norm=0.0011, Final_scale=8841.4453
🚀 APPLYING GUIDANCE at step 48 (timestep=111)
final_loss: 1.1507412195205688
🎯 GUIDANCE STEP 48 (t=111): Loss=1.1507, Rho=938.893494, Grad_norm=0.0011, Final_scale=9388.9349
🚀 APPLYING GUIDANCE at step 49 (timestep=57)
final_loss: 1.1498610973358154
🎯 GUIDANCE STEP 49 (t=57): Loss=1.1499, Rho=694.253296, Grad_norm=0.0014, Final_scale=6942.5330
[guidance_f33_s50_w16c8_rho10.0_cfg5.0torch] Generated: generated_videos/subject_consistency/guidance_f33_s50_w16c8_rho10.0_cfg5.0torch/a sheep bending down to drink water from a river.mp4
[guidance_f33_s50_w16c8_rho10.0_cfg5.0torch] Experiment completed! Results saved to: generated_videos/subject_consistency/guidance_f33_s50_w16c8_rho10.0_cfg5.0torch
🚀 APPLYING GUIDANCE at step 0 (timestep=999)
final_loss: 1.1176609992980957
🎯 GUIDANCE STEP 0 (t=999): Loss=1.1177, Rho=104.001259, Grad_norm=0.0096, Final_scale=1040.0126
🚀 APPLYING GUIDANCE at step 1 (timestep=992)
final_loss: 1.1131439208984375
🎯 GUIDANCE STEP 1 (t=992): Loss=1.1131, Rho=319.767944, Grad_norm=0.0031, Final_scale=3197.6794
🚀 APPLYING GUIDANCE at step 2 (timestep=985)
final_loss: 1.1127517223358154
🎯 GUIDANCE STEP 2 (t=985): Loss=1.1128, Rho=443.263245, Grad_norm=0.0023, Final_scale=4432.6324
🚀 APPLYING GUIDANCE at step 3 (timestep=978)
final_loss: 1.1124597787857056
🎯 GUIDANCE STEP 3 (t=978): Loss=1.1125, Rho=703.781799, Grad_norm=0.0014, Final_scale=7037.8180
🚀 APPLYING GUIDANCE at step 4 (timestep=971)
final_loss: 1.1130926609039307
🎯 GUIDANCE STEP 4 (t=971): Loss=1.1131, Rho=434.910370, Grad_norm=0.0023, Final_scale=4349.1037
🚀 APPLYING GUIDANCE at step 5 (timestep=963)
final_loss: 1.1136072874069214
🎯 GUIDANCE STEP 5 (t=963): Loss=1.1136, Rho=425.456299, Grad_norm=0.0024, Final_scale=4254.5630
🚀 APPLYING GUIDANCE at step 6 (timestep=956)
final_loss: 1.1129333972930908
🎯 GUIDANCE STEP 6 (t=956): Loss=1.1129, Rho=398.533630, Grad_norm=0.0025, Final_scale=3985.3363
🚀 APPLYING GUIDANCE at step 7 (timestep=948)
final_loss: 1.1130701303482056
🎯 GUIDANCE STEP 7 (t=948): Loss=1.1131, Rho=597.616028, Grad_norm=0.0017, Final_scale=5976.1603
🚀 APPLYING GUIDANCE at step 8 (timestep=939)
final_loss: 1.1127904653549194
🎯 GUIDANCE STEP 8 (t=939): Loss=1.1128, Rho=560.686951, Grad_norm=0.0018, Final_scale=5606.8695
🚀 APPLYING GUIDANCE at step 9 (timestep=931)
final_loss: 1.11282479763031
🎯 GUIDANCE STEP 9 (t=931): Loss=1.1128, Rho=603.572693, Grad_norm=0.0017, Final_scale=6035.7269
🚀 APPLYING GUIDANCE at step 10 (timestep=922)
final_loss: 1.1125367879867554
🎯 GUIDANCE STEP 10 (t=922): Loss=1.1125, Rho=727.274841, Grad_norm=0.0014, Final_scale=7272.7484
🚀 APPLYING GUIDANCE at step 11 (timestep=913)
final_loss: 1.1126117706298828
🎯 GUIDANCE STEP 11 (t=913): Loss=1.1126, Rho=629.364807, Grad_norm=0.0016, Final_scale=6293.6481
🚀 APPLYING GUIDANCE at step 12 (timestep=904)
final_loss: 1.1125266551971436
🎯 GUIDANCE STEP 12 (t=904): Loss=1.1125, Rho=757.885620, Grad_norm=0.0013, Final_scale=7578.8562
🚀 APPLYING GUIDANCE at step 13 (timestep=894)
final_loss: 1.1121783256530762
🎯 GUIDANCE STEP 13 (t=894): Loss=1.1122, Rho=635.876099, Grad_norm=0.0016, Final_scale=6358.7610
🚀 APPLYING GUIDANCE at step 14 (timestep=884)
final_loss: 1.1119929552078247
🎯 GUIDANCE STEP 14 (t=884): Loss=1.1120, Rho=751.592163, Grad_norm=0.0013, Final_scale=7515.9216
🚀 APPLYING GUIDANCE at step 15 (timestep=874)
final_loss: 1.1119846105575562
🎯 GUIDANCE STEP 15 (t=874): Loss=1.1120, Rho=748.901489, Grad_norm=0.0013, Final_scale=7489.0149
🚀 APPLYING GUIDANCE at step 16 (timestep=864)
final_loss: 1.1118978261947632
🎯 GUIDANCE STEP 16 (t=864): Loss=1.1119, Rho=561.862793, Grad_norm=0.0018, Final_scale=5618.6279
🚀 APPLYING GUIDANCE at step 17 (timestep=853)
final_loss: 1.111937165260315
🎯 GUIDANCE STEP 17 (t=853): Loss=1.1119, Rho=813.607727, Grad_norm=0.0012, Final_scale=8136.0773
🚀 APPLYING GUIDANCE at step 18 (timestep=841)
final_loss: 1.1118240356445312
🎯 GUIDANCE STEP 18 (t=841): Loss=1.1118, Rho=823.888611, Grad_norm=0.0012, Final_scale=8238.8861
🚀 APPLYING GUIDANCE at step 19 (timestep=829)
final_loss: 1.1119722127914429
🎯 GUIDANCE STEP 19 (t=829): Loss=1.1120, Rho=743.935669, Grad_norm=0.0013, Final_scale=7439.3567
🚀 APPLYING GUIDANCE at step 20 (timestep=817)
final_loss: 1.111801266670227
🎯 GUIDANCE STEP 20 (t=817): Loss=1.1118, Rho=855.841309, Grad_norm=0.0012, Final_scale=8558.4131
🚀 APPLYING GUIDANCE at step 21 (timestep=805)
final_loss: 1.1118019819259644
🎯 GUIDANCE STEP 21 (t=805): Loss=1.1118, Rho=868.554565, Grad_norm=0.0012, Final_scale=8685.5457
🚀 APPLYING GUIDANCE at step 22 (timestep=792)
final_loss: 1.1117706298828125
🎯 GUIDANCE STEP 22 (t=792): Loss=1.1118, Rho=901.436157, Grad_norm=0.0011, Final_scale=9014.3616
🚀 APPLYING GUIDANCE at step 23 (timestep=778)
final_loss: 1.1119163036346436
🎯 GUIDANCE STEP 23 (t=778): Loss=1.1119, Rho=896.070740, Grad_norm=0.0011, Final_scale=8960.7074
🚀 APPLYING GUIDANCE at step 24 (timestep=764)
final_loss: 1.1116496324539185
🎯 GUIDANCE STEP 24 (t=764): Loss=1.1116, Rho=897.332458, Grad_norm=0.0011, Final_scale=8973.3246
🚀 APPLYING GUIDANCE at step 25 (timestep=749)
final_loss: 1.1117148399353027
🎯 GUIDANCE STEP 25 (t=749): Loss=1.1117, Rho=927.011414, Grad_norm=0.0011, Final_scale=9270.1141
🚀 APPLYING GUIDANCE at step 26 (timestep=734)
final_loss: 1.1118124723434448
🎯 GUIDANCE STEP 26 (t=734): Loss=1.1118, Rho=908.868713, Grad_norm=0.0011, Final_scale=9088.6871
🚀 APPLYING GUIDANCE at step 27 (timestep=718)
final_loss: 1.1115673780441284
🎯 GUIDANCE STEP 27 (t=718): Loss=1.1116, Rho=369.603851, Grad_norm=0.0027, Final_scale=3696.0385
🚀 APPLYING GUIDANCE at step 28 (timestep=701)
final_loss: 1.1117743253707886
🎯 GUIDANCE STEP 28 (t=701): Loss=1.1118, Rho=987.750610, Grad_norm=0.0010, Final_scale=9877.5061
🚀 APPLYING GUIDANCE at step 29 (timestep=684)
final_loss: 1.1115680932998657
🎯 GUIDANCE STEP 29 (t=684): Loss=1.1116, Rho=826.720520, Grad_norm=0.0012, Final_scale=8267.2052
🚀 APPLYING GUIDANCE at step 30 (timestep=666)
final_loss: 1.1114333868026733
🎯 GUIDANCE STEP 30 (t=666): Loss=1.1114, Rho=1117.070801, Grad_norm=0.0009, Final_scale=11170.7080
🚀 APPLYING GUIDANCE at step 31 (timestep=647)
final_loss: 1.1112221479415894
🎯 GUIDANCE STEP 31 (t=647): Loss=1.1112, Rho=1088.285522, Grad_norm=0.0009, Final_scale=10882.8552
🚀 APPLYING GUIDANCE at step 32 (timestep=627)
final_loss: 1.1111217737197876
🎯 GUIDANCE STEP 32 (t=627): Loss=1.1111, Rho=1134.197510, Grad_norm=0.0009, Final_scale=11341.9751
🚀 APPLYING GUIDANCE at step 33 (timestep=606)
final_loss: 1.111227035522461
🎯 GUIDANCE STEP 33 (t=606): Loss=1.1112, Rho=1365.423584, Grad_norm=0.0007, Final_scale=13654.2358
🚀 APPLYING GUIDANCE at step 34 (timestep=585)
final_loss: 1.1110590696334839
🎯 GUIDANCE STEP 34 (t=585): Loss=1.1111, Rho=990.921143, Grad_norm=0.0010, Final_scale=9909.2114
🚀 APPLYING GUIDANCE at step 35 (timestep=562)
final_loss: 1.1110601425170898
🎯 GUIDANCE STEP 35 (t=562): Loss=1.1111, Rho=1368.301636, Grad_norm=0.0007, Final_scale=13683.0164
🚀 APPLYING GUIDANCE at step 36 (timestep=538)
final_loss: 1.1108466386795044
🎯 GUIDANCE STEP 36 (t=538): Loss=1.1108, Rho=1543.071899, Grad_norm=0.0006, Final_scale=15430.7190
🚀 APPLYING GUIDANCE at step 37 (timestep=512)
final_loss: 1.110742211341858
🎯 GUIDANCE STEP 37 (t=512): Loss=1.1107, Rho=1425.100342, Grad_norm=0.0007, Final_scale=14251.0034
🚀 APPLYING GUIDANCE at step 38 (timestep=486)
final_loss: 1.110546350479126
🎯 GUIDANCE STEP 38 (t=486): Loss=1.1105, Rho=1659.622803, Grad_norm=0.0006, Final_scale=16596.2280
🚀 APPLYING GUIDANCE at step 39 (timestep=458)
final_loss: 1.1104596853256226
🎯 GUIDANCE STEP 39 (t=458): Loss=1.1105, Rho=1501.190430, Grad_norm=0.0007, Final_scale=15011.9043
🚀 APPLYING GUIDANCE at step 40 (timestep=428)
final_loss: 1.1103510856628418
🎯 GUIDANCE STEP 40 (t=428): Loss=1.1104, Rho=1826.459961, Grad_norm=0.0005, Final_scale=18264.5996
🚀 APPLYING GUIDANCE at step 41 (timestep=396)
final_loss: 1.1101783514022827
🎯 GUIDANCE STEP 41 (t=396): Loss=1.1102, Rho=1477.564087, Grad_norm=0.0007, Final_scale=14775.6409
🚀 APPLYING GUIDANCE at step 42 (timestep=363)
final_loss: 1.1102170944213867
🎯 GUIDANCE STEP 42 (t=363): Loss=1.1102, Rho=1934.265015, Grad_norm=0.0005, Final_scale=19342.6501
🚀 APPLYING GUIDANCE at step 43 (timestep=327)
final_loss: 1.10997474193573
🎯 GUIDANCE STEP 43 (t=327): Loss=1.1100, Rho=2164.845703, Grad_norm=0.0005, Final_scale=21648.4570
🚀 APPLYING GUIDANCE at step 44 (timestep=290)
final_loss: 1.1097160577774048
🎯 GUIDANCE STEP 44 (t=290): Loss=1.1097, Rho=2218.477051, Grad_norm=0.0005, Final_scale=22184.7705
🚀 APPLYING GUIDANCE at step 45 (timestep=249)
final_loss: 1.1094187498092651
🎯 GUIDANCE STEP 45 (t=249): Loss=1.1094, Rho=2137.831299, Grad_norm=0.0005, Final_scale=21378.3130
🚀 APPLYING GUIDANCE at step 46 (timestep=206)
final_loss: 1.1088725328445435
🎯 GUIDANCE STEP 46 (t=206): Loss=1.1089, Rho=1195.990112, Grad_norm=0.0008, Final_scale=11959.9011
🚀 APPLYING GUIDANCE at step 47 (timestep=160)
final_loss: 1.1086089611053467
🎯 GUIDANCE STEP 47 (t=160): Loss=1.1086, Rho=1891.709839, Grad_norm=0.0005, Final_scale=18917.0984
🚀 APPLYING GUIDANCE at step 48 (timestep=111)
final_loss: 1.1073466539382935
🎯 GUIDANCE STEP 48 (t=111): Loss=1.1073, Rho=1658.942871, Grad_norm=0.0006, Final_scale=16589.4287
🚀 APPLYING GUIDANCE at step 49 (timestep=57)
final_loss: 1.105750322341919
🎯 GUIDANCE STEP 49 (t=57): Loss=1.1058, Rho=1626.350464, Grad_norm=0.0006, Final_scale=16263.5046
[guidance_f33_s50_w16c8_rho10.0_cfg5.0torch] Generated: generated_videos/subject_consistency/guidance_f33_s50_w16c8_rho10.0_cfg5.0torch/a bicycle gliding through a snowy field.mp4
[guidance_f33_s50_w16c8_rho10.0_cfg5.0torch] Experiment completed! Results saved to: generated_videos/subject_consistency/guidance_f33_s50_w16c8_rho10.0_cfg5.0torch
🚀 APPLYING GUIDANCE at step 0 (timestep=999)
final_loss: 1.1478265523910522
🎯 GUIDANCE STEP 0 (t=999): Loss=1.1478, Rho=83.028580, Grad_norm=0.0120, Final_scale=830.2858
🚀 APPLYING GUIDANCE at step 1 (timestep=992)
final_loss: 1.1516634225845337
🎯 GUIDANCE STEP 1 (t=992): Loss=1.1517, Rho=321.309052, Grad_norm=0.0031, Final_scale=3213.0905
🚀 APPLYING GUIDANCE at step 2 (timestep=985)
final_loss: 1.1507179737091064
🎯 GUIDANCE STEP 2 (t=985): Loss=1.1507, Rho=62.045284, Grad_norm=0.0161, Final_scale=620.4528
🚀 APPLYING GUIDANCE at step 3 (timestep=978)
final_loss: 1.1511836051940918
🎯 GUIDANCE STEP 3 (t=978): Loss=1.1512, Rho=409.047028, Grad_norm=0.0024, Final_scale=4090.4703
🚀 APPLYING GUIDANCE at step 4 (timestep=971)
final_loss: 1.1512187719345093
🎯 GUIDANCE STEP 4 (t=971): Loss=1.1512, Rho=647.118530, Grad_norm=0.0015, Final_scale=6471.1853
🚀 APPLYING GUIDANCE at step 5 (timestep=963)
final_loss: 1.1519116163253784
🎯 GUIDANCE STEP 5 (t=963): Loss=1.1519, Rho=731.465942, Grad_norm=0.0014, Final_scale=7314.6594
🚀 APPLYING GUIDANCE at step 6 (timestep=956)
final_loss: 1.1514040231704712
🎯 GUIDANCE STEP 6 (t=956): Loss=1.1514, Rho=730.666748, Grad_norm=0.0014, Final_scale=7306.6675
🚀 APPLYING GUIDANCE at step 7 (timestep=948)
final_loss: 1.151235818862915
🎯 GUIDANCE STEP 7 (t=948): Loss=1.1512, Rho=629.029663, Grad_norm=0.0016, Final_scale=6290.2966
🚀 APPLYING GUIDANCE at step 8 (timestep=939)
final_loss: 1.151081919670105
🎯 GUIDANCE STEP 8 (t=939): Loss=1.1511, Rho=728.243103, Grad_norm=0.0014, Final_scale=7282.4310
🚀 APPLYING GUIDANCE at step 9 (timestep=931)
final_loss: 1.1511706113815308
🎯 GUIDANCE STEP 9 (t=931): Loss=1.1512, Rho=849.268127, Grad_norm=0.0012, Final_scale=8492.6813
🚀 APPLYING GUIDANCE at step 10 (timestep=922)
final_loss: 1.150938630104065
🎯 GUIDANCE STEP 10 (t=922): Loss=1.1509, Rho=605.926636, Grad_norm=0.0017, Final_scale=6059.2664
🚀 APPLYING GUIDANCE at step 11 (timestep=913)
final_loss: 1.150760293006897
🎯 GUIDANCE STEP 11 (t=913): Loss=1.1508, Rho=842.284546, Grad_norm=0.0012, Final_scale=8422.8455
🚀 APPLYING GUIDANCE at step 12 (timestep=904)
final_loss: 1.1504921913146973
🎯 GUIDANCE STEP 12 (t=904): Loss=1.1505, Rho=956.127075, Grad_norm=0.0010, Final_scale=9561.2708
🚀 APPLYING GUIDANCE at step 13 (timestep=894)
final_loss: 1.150497317314148
🎯 GUIDANCE STEP 13 (t=894): Loss=1.1505, Rho=887.843323, Grad_norm=0.0011, Final_scale=8878.4332
🚀 APPLYING GUIDANCE at step 14 (timestep=884)
final_loss: 1.150456428527832
🎯 GUIDANCE STEP 14 (t=884): Loss=1.1505, Rho=1072.574341, Grad_norm=0.0009, Final_scale=10725.7434
🚀 APPLYING GUIDANCE at step 15 (timestep=874)
final_loss: 1.1501902341842651
🎯 GUIDANCE STEP 15 (t=874): Loss=1.1502, Rho=1208.795654, Grad_norm=0.0008, Final_scale=12087.9565
🚀 APPLYING GUIDANCE at step 16 (timestep=864)
final_loss: 1.1503527164459229
🎯 GUIDANCE STEP 16 (t=864): Loss=1.1504, Rho=1234.689941, Grad_norm=0.0008, Final_scale=12346.8994
🚀 APPLYING GUIDANCE at step 17 (timestep=853)
final_loss: 1.1503781080245972
🎯 GUIDANCE STEP 17 (t=853): Loss=1.1504, Rho=1217.259033, Grad_norm=0.0008, Final_scale=12172.5903
🚀 APPLYING GUIDANCE at step 18 (timestep=841)
final_loss: 1.1504000425338745
🎯 GUIDANCE STEP 18 (t=841): Loss=1.1504, Rho=1236.960693, Grad_norm=0.0008, Final_scale=12369.6069
🚀 APPLYING GUIDANCE at step 19 (timestep=829)
final_loss: 1.1504672765731812
🎯 GUIDANCE STEP 19 (t=829): Loss=1.1505, Rho=1022.495117, Grad_norm=0.0010, Final_scale=10224.9512
🚀 APPLYING GUIDANCE at step 20 (timestep=817)
final_loss: 1.1504086256027222
🎯 GUIDANCE STEP 20 (t=817): Loss=1.1504, Rho=857.672791, Grad_norm=0.0012, Final_scale=8576.7279
🚀 APPLYING GUIDANCE at step 21 (timestep=805)
final_loss: 1.1502817869186401
🎯 GUIDANCE STEP 21 (t=805): Loss=1.1503, Rho=975.826782, Grad_norm=0.0010, Final_scale=9758.2678
🚀 APPLYING GUIDANCE at step 22 (timestep=792)
final_loss: 1.1504240036010742
🎯 GUIDANCE STEP 22 (t=792): Loss=1.1504, Rho=1065.656006, Grad_norm=0.0009, Final_scale=10656.5601
🚀 APPLYING GUIDANCE at step 23 (timestep=778)
final_loss: 1.1502784490585327
🎯 GUIDANCE STEP 23 (t=778): Loss=1.1503, Rho=1163.854004, Grad_norm=0.0009, Final_scale=11638.5400
🚀 APPLYING GUIDANCE at step 24 (timestep=764)
final_loss: 1.1501725912094116
🎯 GUIDANCE STEP 24 (t=764): Loss=1.1502, Rho=1161.831909, Grad_norm=0.0009, Final_scale=11618.3191
🚀 APPLYING GUIDANCE at step 25 (timestep=749)
final_loss: 1.1502097845077515
🎯 GUIDANCE STEP 25 (t=749): Loss=1.1502, Rho=1216.612915, Grad_norm=0.0008, Final_scale=12166.1292
🚀 APPLYING GUIDANCE at step 26 (timestep=734)
final_loss: 1.150234580039978
🎯 GUIDANCE STEP 26 (t=734): Loss=1.1502, Rho=1358.076050, Grad_norm=0.0007, Final_scale=13580.7605
🚀 APPLYING GUIDANCE at step 27 (timestep=718)
final_loss: 1.1503819227218628
🎯 GUIDANCE STEP 27 (t=718): Loss=1.1504, Rho=1471.386230, Grad_norm=0.0007, Final_scale=14713.8623
🚀 APPLYING GUIDANCE at step 28 (timestep=701)
final_loss: 1.150390863418579
🎯 GUIDANCE STEP 28 (t=701): Loss=1.1504, Rho=1314.241455, Grad_norm=0.0008, Final_scale=13142.4146
🚀 APPLYING GUIDANCE at step 29 (timestep=684)
final_loss: 1.1501178741455078
🎯 GUIDANCE STEP 29 (t=684): Loss=1.1501, Rho=1699.664917, Grad_norm=0.0006, Final_scale=16996.6492
🚀 APPLYING GUIDANCE at step 30 (timestep=666)
final_loss: 1.1500414609909058
🎯 GUIDANCE STEP 30 (t=666): Loss=1.1500, Rho=1701.378784, Grad_norm=0.0006, Final_scale=17013.7878
🚀 APPLYING GUIDANCE at step 31 (timestep=647)
final_loss: 1.150084137916565
🎯 GUIDANCE STEP 31 (t=647): Loss=1.1501, Rho=1686.229370, Grad_norm=0.0006, Final_scale=16862.2937
🚀 APPLYING GUIDANCE at step 32 (timestep=627)
final_loss: 1.1499277353286743
🎯 GUIDANCE STEP 32 (t=627): Loss=1.1499, Rho=1496.217651, Grad_norm=0.0007, Final_scale=14962.1765
🚀 APPLYING GUIDANCE at step 33 (timestep=606)
final_loss: 1.1499754190444946
🎯 GUIDANCE STEP 33 (t=606): Loss=1.1500, Rho=1625.585083, Grad_norm=0.0006, Final_scale=16255.8508
🚀 APPLYING GUIDANCE at step 34 (timestep=585)
final_loss: 1.1500767469406128
🎯 GUIDANCE STEP 34 (t=585): Loss=1.1501, Rho=1751.275635, Grad_norm=0.0006, Final_scale=17512.7563
🚀 APPLYING GUIDANCE at step 35 (timestep=562)
final_loss: 1.149804949760437
🎯 GUIDANCE STEP 35 (t=562): Loss=1.1498, Rho=1668.419067, Grad_norm=0.0006, Final_scale=16684.1907
🚀 APPLYING GUIDANCE at step 36 (timestep=538)
final_loss: 1.149721384048462
🎯 GUIDANCE STEP 36 (t=538): Loss=1.1497, Rho=2149.944580, Grad_norm=0.0005, Final_scale=21499.4458
🚀 APPLYING GUIDANCE at step 37 (timestep=512)
final_loss: 1.1497982740402222
🎯 GUIDANCE STEP 37 (t=512): Loss=1.1498, Rho=2312.839355, Grad_norm=0.0004, Final_scale=23128.3936
🚀 APPLYING GUIDANCE at step 38 (timestep=486)
final_loss: 1.1496576070785522
🎯 GUIDANCE STEP 38 (t=486): Loss=1.1497, Rho=2141.922363, Grad_norm=0.0005, Final_scale=21419.2236
🚀 APPLYING GUIDANCE at step 39 (timestep=458)
final_loss: 1.1494654417037964
🎯 GUIDANCE STEP 39 (t=458): Loss=1.1495, Rho=2166.651855, Grad_norm=0.0005, Final_scale=21666.5186
🚀 APPLYING GUIDANCE at step 40 (timestep=428)
final_loss: 1.1494582891464233
🎯 GUIDANCE STEP 40 (t=428): Loss=1.1495, Rho=2105.294434, Grad_norm=0.0005, Final_scale=21052.9443
🚀 APPLYING GUIDANCE at step 41 (timestep=396)
final_loss: 1.1496027708053589
🎯 GUIDANCE STEP 41 (t=396): Loss=1.1496, Rho=2126.337158, Grad_norm=0.0005, Final_scale=21263.3716
🚀 APPLYING GUIDANCE at step 42 (timestep=363)
final_loss: 1.1492633819580078
🎯 GUIDANCE STEP 42 (t=363): Loss=1.1493, Rho=2010.823364, Grad_norm=0.0005, Final_scale=20108.2336
🚀 APPLYING GUIDANCE at step 43 (timestep=327)
final_loss: 1.1493721008300781
🎯 GUIDANCE STEP 43 (t=327): Loss=1.1494, Rho=2719.458984, Grad_norm=0.0004, Final_scale=27194.5898
🚀 APPLYING GUIDANCE at step 44 (timestep=290)
final_loss: 1.149095058441162
🎯 GUIDANCE STEP 44 (t=290): Loss=1.1491, Rho=2422.163574, Grad_norm=0.0004, Final_scale=24221.6357
🚀 APPLYING GUIDANCE at step 45 (timestep=249)
final_loss: 1.1491111516952515
🎯 GUIDANCE STEP 45 (t=249): Loss=1.1491, Rho=2352.679443, Grad_norm=0.0004, Final_scale=23526.7944
🚀 APPLYING GUIDANCE at step 46 (timestep=206)
final_loss: 1.148690104484558
🎯 GUIDANCE STEP 46 (t=206): Loss=1.1487, Rho=2226.610107, Grad_norm=0.0004, Final_scale=22266.1011
🚀 APPLYING GUIDANCE at step 47 (timestep=160)
final_loss: 1.1487213373184204
🎯 GUIDANCE STEP 47 (t=160): Loss=1.1487, Rho=2284.849854, Grad_norm=0.0004, Final_scale=22848.4985
🚀 APPLYING GUIDANCE at step 48 (timestep=111)
final_loss: 1.1480158567428589
🎯 GUIDANCE STEP 48 (t=111): Loss=1.1480, Rho=1824.388184, Grad_norm=0.0005, Final_scale=18243.8818
🚀 APPLYING GUIDANCE at step 49 (timestep=57)
final_loss: 1.147910475730896
🎯 GUIDANCE STEP 49 (t=57): Loss=1.1479, Rho=1451.463989, Grad_norm=0.0007, Final_scale=14514.6399
[guidance_f33_s50_w16c8_rho10.0_cfg5.0torch] Generated: generated_videos/subject_consistency/guidance_f33_s50_w16c8_rho10.0_cfg5.0torch/a boat sailing smoothly on a calm lake.mp4
[guidance_f33_s50_w16c8_rho10.0_cfg5.0torch] Experiment completed! Results saved to: generated_videos/subject_consistency/guidance_f33_s50_w16c8_rho10.0_cfg5.0torch
🚀 APPLYING GUIDANCE at step 0 (timestep=999)
final_loss: 1.1428277492523193
🎯 GUIDANCE STEP 0 (t=999): Loss=1.1428, Rho=83.061386, Grad_norm=0.0120, Final_scale=830.6139
🚀 APPLYING GUIDANCE at step 1 (timestep=992)
final_loss: 1.1483911275863647
🎯 GUIDANCE STEP 1 (t=992): Loss=1.1484, Rho=81.934288, Grad_norm=0.0122, Final_scale=819.3429
🚀 APPLYING GUIDANCE at step 2 (timestep=985)
final_loss: 1.147891640663147
🎯 GUIDANCE STEP 2 (t=985): Loss=1.1479, Rho=102.423256, Grad_norm=0.0098, Final_scale=1024.2326
🚀 APPLYING GUIDANCE at step 3 (timestep=978)
final_loss: 1.147827386856079
🎯 GUIDANCE STEP 3 (t=978): Loss=1.1478, Rho=204.280670, Grad_norm=0.0049, Final_scale=2042.8067
🚀 APPLYING GUIDANCE at step 4 (timestep=971)
final_loss: 1.145304560661316
🎯 GUIDANCE STEP 4 (t=971): Loss=1.1453, Rho=244.264221, Grad_norm=0.0041, Final_scale=2442.6422
🚀 APPLYING GUIDANCE at step 5 (timestep=963)
final_loss: 1.146518349647522
🎯 GUIDANCE STEP 5 (t=963): Loss=1.1465, Rho=206.163315, Grad_norm=0.0049, Final_scale=2061.6331
🚀 APPLYING GUIDANCE at step 6 (timestep=956)
final_loss: 1.1462959051132202
🎯 GUIDANCE STEP 6 (t=956): Loss=1.1463, Rho=208.712540, Grad_norm=0.0048, Final_scale=2087.1254
🚀 APPLYING GUIDANCE at step 7 (timestep=948)
final_loss: 1.1468501091003418
🎯 GUIDANCE STEP 7 (t=948): Loss=1.1469, Rho=237.070602, Grad_norm=0.0042, Final_scale=2370.7060
🚀 APPLYING GUIDANCE at step 8 (timestep=939)
final_loss: 1.1465319395065308
🎯 GUIDANCE STEP 8 (t=939): Loss=1.1465, Rho=289.471466, Grad_norm=0.0035, Final_scale=2894.7147
🚀 APPLYING GUIDANCE at step 9 (timestep=931)
final_loss: 1.1460846662521362
🎯 GUIDANCE STEP 9 (t=931): Loss=1.1461, Rho=314.999939, Grad_norm=0.0032, Final_scale=3149.9994
🚀 APPLYING GUIDANCE at step 10 (timestep=922)
final_loss: 1.146394968032837
🎯 GUIDANCE STEP 10 (t=922): Loss=1.1464, Rho=363.126556, Grad_norm=0.0028, Final_scale=3631.2656
🚀 APPLYING GUIDANCE at step 11 (timestep=913)
final_loss: 1.1460078954696655
🎯 GUIDANCE STEP 11 (t=913): Loss=1.1460, Rho=387.280273, Grad_norm=0.0026, Final_scale=3872.8027
🚀 APPLYING GUIDANCE at step 12 (timestep=904)
final_loss: 1.1462074518203735
🎯 GUIDANCE STEP 12 (t=904): Loss=1.1462, Rho=444.342346, Grad_norm=0.0023, Final_scale=4443.4235
🚀 APPLYING GUIDANCE at step 13 (timestep=894)
final_loss: 1.1461517810821533
🎯 GUIDANCE STEP 13 (t=894): Loss=1.1462, Rho=558.081177, Grad_norm=0.0018, Final_scale=5580.8118
🚀 APPLYING GUIDANCE at step 14 (timestep=884)
final_loss: 1.1458019018173218
🎯 GUIDANCE STEP 14 (t=884): Loss=1.1458, Rho=489.787781, Grad_norm=0.0020, Final_scale=4897.8778
🚀 APPLYING GUIDANCE at step 15 (timestep=874)
final_loss: 1.1454229354858398
🎯 GUIDANCE STEP 15 (t=874): Loss=1.1454, Rho=505.153351, Grad_norm=0.0020, Final_scale=5051.5335
🚀 APPLYING GUIDANCE at step 16 (timestep=864)
final_loss: 1.1453262567520142
🎯 GUIDANCE STEP 16 (t=864): Loss=1.1453, Rho=519.124939, Grad_norm=0.0019, Final_scale=5191.2494
🚀 APPLYING GUIDANCE at step 17 (timestep=853)
final_loss: 1.1450998783111572
🎯 GUIDANCE STEP 17 (t=853): Loss=1.1451, Rho=553.258972, Grad_norm=0.0018, Final_scale=5532.5897
🚀 APPLYING GUIDANCE at step 18 (timestep=841)
final_loss: 1.1448901891708374
🎯 GUIDANCE STEP 18 (t=841): Loss=1.1449, Rho=551.127319, Grad_norm=0.0018, Final_scale=5511.2732
🚀 APPLYING GUIDANCE at step 19 (timestep=829)
final_loss: 1.14482581615448
🎯 GUIDANCE STEP 19 (t=829): Loss=1.1448, Rho=423.711823, Grad_norm=0.0024, Final_scale=4237.1182
🚀 APPLYING GUIDANCE at step 20 (timestep=817)
final_loss: 1.1448272466659546
🎯 GUIDANCE STEP 20 (t=817): Loss=1.1448, Rho=554.779724, Grad_norm=0.0018, Final_scale=5547.7972
🚀 APPLYING GUIDANCE at step 21 (timestep=805)
final_loss: 1.1447359323501587
🎯 GUIDANCE STEP 21 (t=805): Loss=1.1447, Rho=636.444275, Grad_norm=0.0016, Final_scale=6364.4427
🚀 APPLYING GUIDANCE at step 22 (timestep=792)
final_loss: 1.1445250511169434
🎯 GUIDANCE STEP 22 (t=792): Loss=1.1445, Rho=683.689331, Grad_norm=0.0015, Final_scale=6836.8933
🚀 APPLYING GUIDANCE at step 23 (timestep=778)
final_loss: 1.1445457935333252
🎯 GUIDANCE STEP 23 (t=778): Loss=1.1445, Rho=684.524353, Grad_norm=0.0015, Final_scale=6845.2435
🚀 APPLYING GUIDANCE at step 24 (timestep=764)
final_loss: 1.1444005966186523
🎯 GUIDANCE STEP 24 (t=764): Loss=1.1444, Rho=718.620667, Grad_norm=0.0014, Final_scale=7186.2067
🚀 APPLYING GUIDANCE at step 25 (timestep=749)
final_loss: 1.1444964408874512
🎯 GUIDANCE STEP 25 (t=749): Loss=1.1445, Rho=863.881897, Grad_norm=0.0012, Final_scale=8638.8190
🚀 APPLYING GUIDANCE at step 26 (timestep=734)
final_loss: 1.144515872001648
🎯 GUIDANCE STEP 26 (t=734): Loss=1.1445, Rho=875.171509, Grad_norm=0.0011, Final_scale=8751.7151
🚀 APPLYING GUIDANCE at step 27 (timestep=718)
final_loss: 1.1443367004394531
🎯 GUIDANCE STEP 27 (t=718): Loss=1.1443, Rho=971.261902, Grad_norm=0.0010, Final_scale=9712.6190
🚀 APPLYING GUIDANCE at step 28 (timestep=701)
final_loss: 1.1443661451339722
🎯 GUIDANCE STEP 28 (t=701): Loss=1.1444, Rho=1026.485474, Grad_norm=0.0010, Final_scale=10264.8547
🚀 APPLYING GUIDANCE at step 29 (timestep=684)
final_loss: 1.144356369972229
🎯 GUIDANCE STEP 29 (t=684): Loss=1.1444, Rho=1155.640137, Grad_norm=0.0009, Final_scale=11556.4014
🚀 APPLYING GUIDANCE at step 30 (timestep=666)
final_loss: 1.1440988779067993
🎯 GUIDANCE STEP 30 (t=666): Loss=1.1441, Rho=1126.581177, Grad_norm=0.0009, Final_scale=11265.8118
🚀 APPLYING GUIDANCE at step 31 (timestep=647)
final_loss: 1.1440675258636475
🎯 GUIDANCE STEP 31 (t=647): Loss=1.1441, Rho=1186.615967, Grad_norm=0.0008, Final_scale=11866.1597
🚀 APPLYING GUIDANCE at step 32 (timestep=627)
final_loss: 1.1438438892364502
🎯 GUIDANCE STEP 32 (t=627): Loss=1.1438, Rho=1384.006104, Grad_norm=0.0007, Final_scale=13840.0610
🚀 APPLYING GUIDANCE at step 33 (timestep=606)
final_loss: 1.1438093185424805
🎯 GUIDANCE STEP 33 (t=606): Loss=1.1438, Rho=1211.231201, Grad_norm=0.0008, Final_scale=12112.3120
🚀 APPLYING GUIDANCE at step 34 (timestep=585)
final_loss: 1.1436160802841187
🎯 GUIDANCE STEP 34 (t=585): Loss=1.1436, Rho=1039.350464, Grad_norm=0.0010, Final_scale=10393.5046
🚀 APPLYING GUIDANCE at step 35 (timestep=562)
final_loss: 1.1435291767120361
🎯 GUIDANCE STEP 35 (t=562): Loss=1.1435, Rho=1452.842285, Grad_norm=0.0007, Final_scale=14528.4229
🚀 APPLYING GUIDANCE at step 36 (timestep=538)
final_loss: 1.1433228254318237
🎯 GUIDANCE STEP 36 (t=538): Loss=1.1433, Rho=1581.717041, Grad_norm=0.0006, Final_scale=15817.1704
🚀 APPLYING GUIDANCE at step 37 (timestep=512)
final_loss: 1.1431306600570679
🎯 GUIDANCE STEP 37 (t=512): Loss=1.1431, Rho=1466.670166, Grad_norm=0.0007, Final_scale=14666.7017
🚀 APPLYING GUIDANCE at step 38 (timestep=486)
final_loss: 1.143114686012268
🎯 GUIDANCE STEP 38 (t=486): Loss=1.1431, Rho=1738.552979, Grad_norm=0.0006, Final_scale=17385.5298
🚀 APPLYING GUIDANCE at step 39 (timestep=458)
final_loss: 1.1428807973861694
🎯 GUIDANCE STEP 39 (t=458): Loss=1.1429, Rho=1642.392334, Grad_norm=0.0006, Final_scale=16423.9233
🚀 APPLYING GUIDANCE at step 40 (timestep=428)
final_loss: 1.142769694328308
🎯 GUIDANCE STEP 40 (t=428): Loss=1.1428, Rho=1723.361206, Grad_norm=0.0006, Final_scale=17233.6121
🚀 APPLYING GUIDANCE at step 41 (timestep=396)
final_loss: 1.142546534538269
🎯 GUIDANCE STEP 41 (t=396): Loss=1.1425, Rho=1775.306396, Grad_norm=0.0006, Final_scale=17753.0640
🚀 APPLYING GUIDANCE at step 42 (timestep=363)
final_loss: 1.1424776315689087
🎯 GUIDANCE STEP 42 (t=363): Loss=1.1425, Rho=1701.175415, Grad_norm=0.0006, Final_scale=17011.7542
🚀 APPLYING GUIDANCE at step 43 (timestep=327)
final_loss: 1.142061710357666
🎯 GUIDANCE STEP 43 (t=327): Loss=1.1421, Rho=1808.878784, Grad_norm=0.0006, Final_scale=18088.7878
🚀 APPLYING GUIDANCE at step 44 (timestep=290)
final_loss: 1.1418780088424683
🎯 GUIDANCE STEP 44 (t=290): Loss=1.1419, Rho=1722.529907, Grad_norm=0.0006, Final_scale=17225.2991
🚀 APPLYING GUIDANCE at step 45 (timestep=249)
final_loss: 1.1416643857955933
🎯 GUIDANCE STEP 45 (t=249): Loss=1.1417, Rho=1817.603027, Grad_norm=0.0006, Final_scale=18176.0303
🚀 APPLYING GUIDANCE at step 46 (timestep=206)
final_loss: 1.1410478353500366
🎯 GUIDANCE STEP 46 (t=206): Loss=1.1410, Rho=1858.339722, Grad_norm=0.0005, Final_scale=18583.3972
🚀 APPLYING GUIDANCE at step 47 (timestep=160)
final_loss: 1.1404231786727905
🎯 GUIDANCE STEP 47 (t=160): Loss=1.1404, Rho=1637.425537, Grad_norm=0.0006, Final_scale=16374.2554
🚀 APPLYING GUIDANCE at step 48 (timestep=111)
final_loss: 1.1392630338668823
🎯 GUIDANCE STEP 48 (t=111): Loss=1.1393, Rho=1397.936890, Grad_norm=0.0007, Final_scale=13979.3689
🚀 APPLYING GUIDANCE at step 49 (timestep=57)
final_loss: 1.1379097700119019
🎯 GUIDANCE STEP 49 (t=57): Loss=1.1379, Rho=1159.422607, Grad_norm=0.0009, Final_scale=11594.2261
[guidance_f33_s50_w16c8_rho10.0_cfg5.0torch] Generated: generated_videos/subject_consistency/guidance_f33_s50_w16c8_rho10.0_cfg5.0torch/a bus stuck in traffic during rush hour.mp4
[guidance_f33_s50_w16c8_rho10.0_cfg5.0torch] Generating video 9/9 (guidance): a bus accelerating to gain speed
🎬 STARTING GUIDANCE PIPELINE GENERATION
   Frames: 33, Steps: 50, CFG Scale: 5.0

🔧 GUIDANCE PIPELINE CONFIGURATION:
   Guidance range: 0 - 1001
   Rho scale: 10.0
   V-JEPA kernel_size: 16
   V-JEPA context_length: 8
   V-JEPA stride: 2
   V-JEPA mode: max
   Total timesteps: 50

🚀 APPLYING GUIDANCE at step 0 (timestep=999)
final_loss: 1.130520224571228
🎯 GUIDANCE STEP 0 (t=999): Loss=1.1305, Rho=69.937607, Grad_norm=0.0143, Final_scale=699.3761
🚀 APPLYING GUIDANCE at step 1 (timestep=992)
final_loss: 1.1305842399597168
🎯 GUIDANCE STEP 1 (t=992): Loss=1.1306, Rho=194.265518, Grad_norm=0.0051, Final_scale=1942.6552
🚀 APPLYING GUIDANCE at step 2 (timestep=985)
final_loss: 1.1324329376220703
🎯 GUIDANCE STEP 2 (t=985): Loss=1.1324, Rho=635.014954, Grad_norm=0.0016, Final_scale=6350.1495
🚀 APPLYING GUIDANCE at step 3 (timestep=978)
final_loss: 1.1335794925689697
🎯 GUIDANCE STEP 3 (t=978): Loss=1.1336, Rho=657.811768, Grad_norm=0.0015, Final_scale=6578.1177
🚀 APPLYING GUIDANCE at step 4 (timestep=971)
final_loss: 1.1344707012176514
🎯 GUIDANCE STEP 4 (t=971): Loss=1.1345, Rho=982.035400, Grad_norm=0.0010, Final_scale=9820.3540
🚀 APPLYING GUIDANCE at step 5 (timestep=963)
final_loss: 1.1346323490142822
🎯 GUIDANCE STEP 5 (t=963): Loss=1.1346, Rho=911.162842, Grad_norm=0.0011, Final_scale=9111.6284
🚀 APPLYING GUIDANCE at step 6 (timestep=956)
final_loss: 1.1344025135040283
🎯 GUIDANCE STEP 6 (t=956): Loss=1.1344, Rho=863.439758, Grad_norm=0.0012, Final_scale=8634.3976
🚀 APPLYING GUIDANCE at step 7 (timestep=948)
final_loss: 1.1341726779937744
🎯 GUIDANCE STEP 7 (t=948): Loss=1.1342, Rho=749.086487, Grad_norm=0.0013, Final_scale=7490.8649
🚀 APPLYING GUIDANCE at step 8 (timestep=939)
final_loss: 1.133874773979187
🎯 GUIDANCE STEP 8 (t=939): Loss=1.1339, Rho=604.632263, Grad_norm=0.0017, Final_scale=6046.3226
🚀 APPLYING GUIDANCE at step 9 (timestep=931)
final_loss: 1.133953332901001
🎯 GUIDANCE STEP 9 (t=931): Loss=1.1340, Rho=675.991150, Grad_norm=0.0015, Final_scale=6759.9115
🚀 APPLYING GUIDANCE at step 10 (timestep=922)
final_loss: 1.1340433359146118
🎯 GUIDANCE STEP 10 (t=922): Loss=1.1340, Rho=802.125183, Grad_norm=0.0012, Final_scale=8021.2518
🚀 APPLYING GUIDANCE at step 11 (timestep=913)
final_loss: 1.1341524124145508
🎯 GUIDANCE STEP 11 (t=913): Loss=1.1342, Rho=625.059570, Grad_norm=0.0016, Final_scale=6250.5957
🚀 APPLYING GUIDANCE at step 12 (timestep=904)
final_loss: 1.1343138217926025
🎯 GUIDANCE STEP 12 (t=904): Loss=1.1343, Rho=749.711487, Grad_norm=0.0013, Final_scale=7497.1149
🚀 APPLYING GUIDANCE at step 13 (timestep=894)
final_loss: 1.1343578100204468
🎯 GUIDANCE STEP 13 (t=894): Loss=1.1344, Rho=869.734497, Grad_norm=0.0011, Final_scale=8697.3450
🚀 APPLYING GUIDANCE at step 14 (timestep=884)
final_loss: 1.134307622909546
🎯 GUIDANCE STEP 14 (t=884): Loss=1.1343, Rho=962.438782, Grad_norm=0.0010, Final_scale=9624.3878
🚀 APPLYING GUIDANCE at step 15 (timestep=874)
final_loss: 1.134627342224121
🎯 GUIDANCE STEP 15 (t=874): Loss=1.1346, Rho=425.021606, Grad_norm=0.0024, Final_scale=4250.2161
🚀 APPLYING GUIDANCE at step 16 (timestep=864)
final_loss: 1.1342052221298218
🎯 GUIDANCE STEP 16 (t=864): Loss=1.1342, Rho=941.030701, Grad_norm=0.0011, Final_scale=9410.3070
🚀 APPLYING GUIDANCE at step 17 (timestep=853)
final_loss: 1.1342161893844604
🎯 GUIDANCE STEP 17 (t=853): Loss=1.1342, Rho=998.805115, Grad_norm=0.0010, Final_scale=9988.0511
🚀 APPLYING GUIDANCE at step 18 (timestep=841)
final_loss: 1.1341825723648071
🎯 GUIDANCE STEP 18 (t=841): Loss=1.1342, Rho=872.459412, Grad_norm=0.0011, Final_scale=8724.5941
🚀 APPLYING GUIDANCE at step 19 (timestep=829)
final_loss: 1.1342334747314453
🎯 GUIDANCE STEP 19 (t=829): Loss=1.1342, Rho=867.231812, Grad_norm=0.0012, Final_scale=8672.3181
🚀 APPLYING GUIDANCE at step 20 (timestep=817)
final_loss: 1.1343868970870972
🎯 GUIDANCE STEP 20 (t=817): Loss=1.1344, Rho=1075.108643, Grad_norm=0.0009, Final_scale=10751.0864
🚀 APPLYING GUIDANCE at step 21 (timestep=805)
final_loss: 1.1340471506118774
🎯 GUIDANCE STEP 21 (t=805): Loss=1.1340, Rho=1050.260376, Grad_norm=0.0010, Final_scale=10502.6038
🚀 APPLYING GUIDANCE at step 22 (timestep=792)
final_loss: 1.1339057683944702
🎯 GUIDANCE STEP 22 (t=792): Loss=1.1339, Rho=1232.429077, Grad_norm=0.0008, Final_scale=12324.2908
🚀 APPLYING GUIDANCE at step 23 (timestep=778)
final_loss: 1.1339274644851685
🎯 GUIDANCE STEP 23 (t=778): Loss=1.1339, Rho=1261.825806, Grad_norm=0.0008, Final_scale=12618.2581
🚀 APPLYING GUIDANCE at step 24 (timestep=764)
final_loss: 1.133897066116333
🎯 GUIDANCE STEP 24 (t=764): Loss=1.1339, Rho=1098.951660, Grad_norm=0.0009, Final_scale=10989.5166
🚀 APPLYING GUIDANCE at step 25 (timestep=749)
final_loss: 1.1337864398956299
🎯 GUIDANCE STEP 25 (t=749): Loss=1.1338, Rho=978.256165, Grad_norm=0.0010, Final_scale=9782.5616
🚀 APPLYING GUIDANCE at step 26 (timestep=734)
final_loss: 1.1338566541671753
🎯 GUIDANCE STEP 26 (t=734): Loss=1.1339, Rho=1176.602783, Grad_norm=0.0008, Final_scale=11766.0278
🚀 APPLYING GUIDANCE at step 27 (timestep=718)
final_loss: 1.1336733102798462
🎯 GUIDANCE STEP 27 (t=718): Loss=1.1337, Rho=1303.230103, Grad_norm=0.0008, Final_scale=13032.3010
🚀 APPLYING GUIDANCE at step 28 (timestep=701)
final_loss: 1.1336990594863892
🎯 GUIDANCE STEP 28 (t=701): Loss=1.1337, Rho=1152.034180, Grad_norm=0.0009, Final_scale=11520.3418
🚀 APPLYING GUIDANCE at step 29 (timestep=684)
final_loss: 1.1339575052261353
🎯 GUIDANCE STEP 29 (t=684): Loss=1.1340, Rho=1374.019653, Grad_norm=0.0007, Final_scale=13740.1965
🚀 APPLYING GUIDANCE at step 30 (timestep=666)
final_loss: 1.1338695287704468
🎯 GUIDANCE STEP 30 (t=666): Loss=1.1339, Rho=1459.718262, Grad_norm=0.0007, Final_scale=14597.1826
🚀 APPLYING GUIDANCE at step 31 (timestep=647)
final_loss: 1.1338996887207031
🎯 GUIDANCE STEP 31 (t=647): Loss=1.1339, Rho=1605.776855, Grad_norm=0.0006, Final_scale=16057.7686
🚀 APPLYING GUIDANCE at step 32 (timestep=627)
final_loss: 1.1338858604431152
🎯 GUIDANCE STEP 32 (t=627): Loss=1.1339, Rho=1459.698242, Grad_norm=0.0007, Final_scale=14596.9824
🚀 APPLYING GUIDANCE at step 33 (timestep=606)
final_loss: 1.1337337493896484
🎯 GUIDANCE STEP 33 (t=606): Loss=1.1337, Rho=760.505432, Grad_norm=0.0013, Final_scale=7605.0543
🚀 APPLYING GUIDANCE at step 34 (timestep=585)
final_loss: 1.1337894201278687
🎯 GUIDANCE STEP 34 (t=585): Loss=1.1338, Rho=1419.221191, Grad_norm=0.0007, Final_scale=14192.2119
🚀 APPLYING GUIDANCE at step 35 (timestep=562)
final_loss: 1.133859634399414
🎯 GUIDANCE STEP 35 (t=562): Loss=1.1339, Rho=1518.238647, Grad_norm=0.0007, Final_scale=15182.3865
🚀 APPLYING GUIDANCE at step 36 (timestep=538)
final_loss: 1.1338121891021729
🎯 GUIDANCE STEP 36 (t=538): Loss=1.1338, Rho=1539.504272, Grad_norm=0.0006, Final_scale=15395.0427
🚀 APPLYING GUIDANCE at step 37 (timestep=512)
final_loss: 1.133578896522522
🎯 GUIDANCE STEP 37 (t=512): Loss=1.1336, Rho=1274.972778, Grad_norm=0.0008, Final_scale=12749.7278
🚀 APPLYING GUIDANCE at step 38 (timestep=486)
final_loss: 1.1336597204208374
🎯 GUIDANCE STEP 38 (t=486): Loss=1.1337, Rho=1613.948853, Grad_norm=0.0006, Final_scale=16139.4885
🚀 APPLYING GUIDANCE at step 39 (timestep=458)
final_loss: 1.1333763599395752
🎯 GUIDANCE STEP 39 (t=458): Loss=1.1334, Rho=1483.804565, Grad_norm=0.0007, Final_scale=14838.0457
🚀 APPLYING GUIDANCE at step 40 (timestep=428)
final_loss: 1.1332387924194336
🎯 GUIDANCE STEP 40 (t=428): Loss=1.1332, Rho=1369.640747, Grad_norm=0.0007, Final_scale=13696.4075
🚀 APPLYING GUIDANCE at step 41 (timestep=396)
final_loss: 1.133184552192688
🎯 GUIDANCE STEP 41 (t=396): Loss=1.1332, Rho=1494.901733, Grad_norm=0.0007, Final_scale=14949.0173
🚀 APPLYING GUIDANCE at step 42 (timestep=363)
final_loss: 1.1327238082885742
🎯 GUIDANCE STEP 42 (t=363): Loss=1.1327, Rho=1533.705688, Grad_norm=0.0007, Final_scale=15337.0569
🚀 APPLYING GUIDANCE at step 43 (timestep=327)
final_loss: 1.1324989795684814
🎯 GUIDANCE STEP 43 (t=327): Loss=1.1325, Rho=1461.681519, Grad_norm=0.0007, Final_scale=14616.8152
🚀 APPLYING GUIDANCE at step 44 (timestep=290)
final_loss: 1.1322674751281738
🎯 GUIDANCE STEP 44 (t=290): Loss=1.1323, Rho=1534.506226, Grad_norm=0.0007, Final_scale=15345.0623
🚀 APPLYING GUIDANCE at step 45 (timestep=249)
final_loss: 1.1314443349838257
🎯 GUIDANCE STEP 45 (t=249): Loss=1.1314, Rho=1213.476196, Grad_norm=0.0008, Final_scale=12134.7620
🚀 APPLYING GUIDANCE at step 46 (timestep=206)
final_loss: 1.131081461906433
🎯 GUIDANCE STEP 46 (t=206): Loss=1.1311, Rho=1169.691284, Grad_norm=0.0009, Final_scale=11696.9128
🚀 APPLYING GUIDANCE at step 47 (timestep=160)
final_loss: 1.130080223083496
🎯 GUIDANCE STEP 47 (t=160): Loss=1.1301, Rho=990.045715, Grad_norm=0.0010, Final_scale=9900.4572
🚀 APPLYING GUIDANCE at step 48 (timestep=111)
final_loss: 1.1290501356124878
🎯 GUIDANCE STEP 48 (t=111): Loss=1.1291, Rho=835.745056, Grad_norm=0.0012, Final_scale=8357.4506
🚀 APPLYING GUIDANCE at step 49 (timestep=57)
final_loss: 1.127137303352356
🎯 GUIDANCE STEP 49 (t=57): Loss=1.1271, Rho=751.168213, Grad_norm=0.0013, Final_scale=7511.6821
[guidance_f33_s50_w16c8_rho10.0_cfg5.0torch] Generated: generated_videos/subject_consistency/guidance_f33_s50_w16c8_rho10.0_cfg5.0torch/an elephant running to join a herd of its kind.mp4
[guidance_f33_s50_w16c8_rho10.0_cfg5.0torch] Generating video 9/9 (guidance): a bear catching a salmon in its powerful jaws
🎬 STARTING GUIDANCE PIPELINE GENERATION
   Frames: 33, Steps: 50, CFG Scale: 5.0

🔧 GUIDANCE PIPELINE CONFIGURATION:
   Guidance range: 0 - 1001
   Rho scale: 10.0
   V-JEPA kernel_size: 16
   V-JEPA context_length: 8
   V-JEPA stride: 2
   V-JEPA mode: max
   Total timesteps: 50

🚀 APPLYING GUIDANCE at step 0 (timestep=999)
final_loss: 1.1157206296920776
🎯 GUIDANCE STEP 0 (t=999): Loss=1.1157, Rho=23.290600, Grad_norm=0.0429, Final_scale=232.9060
🚀 APPLYING GUIDANCE at step 1 (timestep=992)
final_loss: 1.1413424015045166
🎯 GUIDANCE STEP 1 (t=992): Loss=1.1413, Rho=208.604523, Grad_norm=0.0048, Final_scale=2086.0452
🚀 APPLYING GUIDANCE at step 2 (timestep=985)
final_loss: 1.1417189836502075
🎯 GUIDANCE STEP 2 (t=985): Loss=1.1417, Rho=580.620667, Grad_norm=0.0017, Final_scale=5806.2067
🚀 APPLYING GUIDANCE at step 3 (timestep=978)
final_loss: 1.1409825086593628
🎯 GUIDANCE STEP 3 (t=978): Loss=1.1410, Rho=736.092957, Grad_norm=0.0014, Final_scale=7360.9296
🚀 APPLYING GUIDANCE at step 4 (timestep=971)
final_loss: 1.1406729221343994
🎯 GUIDANCE STEP 4 (t=971): Loss=1.1407, Rho=526.347961, Grad_norm=0.0019, Final_scale=5263.4796
🚀 APPLYING GUIDANCE at step 5 (timestep=963)
final_loss: 1.14096200466156
🎯 GUIDANCE STEP 5 (t=963): Loss=1.1410, Rho=250.290894, Grad_norm=0.0040, Final_scale=2502.9089
🚀 APPLYING GUIDANCE at step 6 (timestep=956)
final_loss: 1.140504240989685
🎯 GUIDANCE STEP 6 (t=956): Loss=1.1405, Rho=401.482605, Grad_norm=0.0025, Final_scale=4014.8260
🚀 APPLYING GUIDANCE at step 7 (timestep=948)
final_loss: 1.1409096717834473
🎯 GUIDANCE STEP 7 (t=948): Loss=1.1409, Rho=429.936523, Grad_norm=0.0023, Final_scale=4299.3652
🚀 APPLYING GUIDANCE at step 8 (timestep=939)
final_loss: 1.1407259702682495
🎯 GUIDANCE STEP 8 (t=939): Loss=1.1407, Rho=477.498138, Grad_norm=0.0021, Final_scale=4774.9814
🚀 APPLYING GUIDANCE at step 9 (timestep=931)
final_loss: 1.1413602828979492
🎯 GUIDANCE STEP 9 (t=931): Loss=1.1414, Rho=602.046570, Grad_norm=0.0017, Final_scale=6020.4657
🚀 APPLYING GUIDANCE at step 10 (timestep=922)
final_loss: 1.1412475109100342
🎯 GUIDANCE STEP 10 (t=922): Loss=1.1412, Rho=543.820312, Grad_norm=0.0018, Final_scale=5438.2031
🚀 APPLYING GUIDANCE at step 11 (timestep=913)
final_loss: 1.141156792640686
🎯 GUIDANCE STEP 11 (t=913): Loss=1.1412, Rho=594.135681, Grad_norm=0.0017, Final_scale=5941.3568
🚀 APPLYING GUIDANCE at step 12 (timestep=904)
final_loss: 1.1405926942825317
🎯 GUIDANCE STEP 12 (t=904): Loss=1.1406, Rho=608.323975, Grad_norm=0.0016, Final_scale=6083.2397
🚀 APPLYING GUIDANCE at step 13 (timestep=894)
final_loss: 1.1403589248657227
🎯 GUIDANCE STEP 13 (t=894): Loss=1.1404, Rho=551.007446, Grad_norm=0.0018, Final_scale=5510.0745
🚀 APPLYING GUIDANCE at step 14 (timestep=884)
final_loss: 1.1403306722640991
🎯 GUIDANCE STEP 14 (t=884): Loss=1.1403, Rho=726.226807, Grad_norm=0.0014, Final_scale=7262.2681
🚀 APPLYING GUIDANCE at step 15 (timestep=874)
final_loss: 1.1403003931045532
🎯 GUIDANCE STEP 15 (t=874): Loss=1.1403, Rho=700.502136, Grad_norm=0.0014, Final_scale=7005.0214
🚀 APPLYING GUIDANCE at step 16 (timestep=864)
final_loss: 1.1402370929718018
🎯 GUIDANCE STEP 16 (t=864): Loss=1.1402, Rho=929.840820, Grad_norm=0.0011, Final_scale=9298.4082
🚀 APPLYING GUIDANCE at step 17 (timestep=853)
final_loss: 1.14016854763031
🎯 GUIDANCE STEP 17 (t=853): Loss=1.1402, Rho=865.244446, Grad_norm=0.0012, Final_scale=8652.4445
🚀 APPLYING GUIDANCE at step 18 (timestep=841)
final_loss: 1.1401118040084839
🎯 GUIDANCE STEP 18 (t=841): Loss=1.1401, Rho=959.553406, Grad_norm=0.0010, Final_scale=9595.5341
🚀 APPLYING GUIDANCE at step 19 (timestep=829)
final_loss: 1.1401230096817017
🎯 GUIDANCE STEP 19 (t=829): Loss=1.1401, Rho=1064.079224, Grad_norm=0.0009, Final_scale=10640.7922
🚀 APPLYING GUIDANCE at step 20 (timestep=817)
final_loss: 1.1400737762451172
🎯 GUIDANCE STEP 20 (t=817): Loss=1.1401, Rho=1021.936035, Grad_norm=0.0010, Final_scale=10219.3604
🚀 APPLYING GUIDANCE at step 21 (timestep=805)
final_loss: 1.1399153470993042
🎯 GUIDANCE STEP 21 (t=805): Loss=1.1399, Rho=1001.339233, Grad_norm=0.0010, Final_scale=10013.3923
🚀 APPLYING GUIDANCE at step 22 (timestep=792)
final_loss: 1.139841914176941
🎯 GUIDANCE STEP 22 (t=792): Loss=1.1398, Rho=1100.557373, Grad_norm=0.0009, Final_scale=11005.5737
🚀 APPLYING GUIDANCE at step 23 (timestep=778)
final_loss: 1.1397876739501953
🎯 GUIDANCE STEP 23 (t=778): Loss=1.1398, Rho=1201.168213, Grad_norm=0.0008, Final_scale=12011.6821
🚀 APPLYING GUIDANCE at step 24 (timestep=764)
final_loss: 1.1396963596343994
🎯 GUIDANCE STEP 24 (t=764): Loss=1.1397, Rho=1210.794678, Grad_norm=0.0008, Final_scale=12107.9468
🚀 APPLYING GUIDANCE at step 25 (timestep=749)
final_loss: 1.1396592855453491
🎯 GUIDANCE STEP 25 (t=749): Loss=1.1397, Rho=1296.663940, Grad_norm=0.0008, Final_scale=12966.6394
🚀 APPLYING GUIDANCE at step 26 (timestep=734)
final_loss: 1.1394870281219482
🎯 GUIDANCE STEP 26 (t=734): Loss=1.1395, Rho=1349.269897, Grad_norm=0.0007, Final_scale=13492.6990
🚀 APPLYING GUIDANCE at step 27 (timestep=718)
final_loss: 1.139580249786377
🎯 GUIDANCE STEP 27 (t=718): Loss=1.1396, Rho=1428.323853, Grad_norm=0.0007, Final_scale=14283.2385
🚀 APPLYING GUIDANCE at step 28 (timestep=701)
final_loss: 1.1394466161727905
🎯 GUIDANCE STEP 28 (t=701): Loss=1.1394, Rho=1640.928711, Grad_norm=0.0006, Final_scale=16409.2871
🚀 APPLYING GUIDANCE at step 29 (timestep=684)
final_loss: 1.1393626928329468
🎯 GUIDANCE STEP 29 (t=684): Loss=1.1394, Rho=1722.143311, Grad_norm=0.0006, Final_scale=17221.4331
🚀 APPLYING GUIDANCE at step 30 (timestep=666)
final_loss: 1.1393712759017944
🎯 GUIDANCE STEP 30 (t=666): Loss=1.1394, Rho=1464.424438, Grad_norm=0.0007, Final_scale=14644.2444
🚀 APPLYING GUIDANCE at step 31 (timestep=647)
final_loss: 1.1396238803863525
🎯 GUIDANCE STEP 31 (t=647): Loss=1.1396, Rho=1745.886353, Grad_norm=0.0006, Final_scale=17458.8635
🚀 APPLYING GUIDANCE at step 32 (timestep=627)
final_loss: 1.1392786502838135
🎯 GUIDANCE STEP 32 (t=627): Loss=1.1393, Rho=1742.819092, Grad_norm=0.0006, Final_scale=17428.1909
🚀 APPLYING GUIDANCE at step 33 (timestep=606)
final_loss: 1.1392353773117065
🎯 GUIDANCE STEP 33 (t=606): Loss=1.1392, Rho=1662.273926, Grad_norm=0.0006, Final_scale=16622.7393
🚀 APPLYING GUIDANCE at step 34 (timestep=585)
final_loss: 1.139253854751587
🎯 GUIDANCE STEP 34 (t=585): Loss=1.1393, Rho=1803.292603, Grad_norm=0.0006, Final_scale=18032.9260
🚀 APPLYING GUIDANCE at step 35 (timestep=562)
final_loss: 1.1392040252685547
🎯 GUIDANCE STEP 35 (t=562): Loss=1.1392, Rho=2037.249634, Grad_norm=0.0005, Final_scale=20372.4963
🚀 APPLYING GUIDANCE at step 36 (timestep=538)
final_loss: 1.1391441822052002
🎯 GUIDANCE STEP 36 (t=538): Loss=1.1391, Rho=1766.107544, Grad_norm=0.0006, Final_scale=17661.0754
🚀 APPLYING GUIDANCE at step 37 (timestep=512)
final_loss: 1.139046311378479
🎯 GUIDANCE STEP 37 (t=512): Loss=1.1390, Rho=1503.704956, Grad_norm=0.0007, Final_scale=15037.0496
🚀 APPLYING GUIDANCE at step 38 (timestep=486)
final_loss: 1.1389659643173218
🎯 GUIDANCE STEP 38 (t=486): Loss=1.1390, Rho=2327.256104, Grad_norm=0.0004, Final_scale=23272.5610
🚀 APPLYING GUIDANCE at step 39 (timestep=458)
final_loss: 1.1389416456222534
🎯 GUIDANCE STEP 39 (t=458): Loss=1.1389, Rho=2397.600830, Grad_norm=0.0004, Final_scale=23976.0083
🚀 APPLYING GUIDANCE at step 40 (timestep=428)
final_loss: 1.1387592554092407
🎯 GUIDANCE STEP 40 (t=428): Loss=1.1388, Rho=2558.386230, Grad_norm=0.0004, Final_scale=25583.8623
🚀 APPLYING GUIDANCE at step 41 (timestep=396)
final_loss: 1.1386455297470093
🎯 GUIDANCE STEP 41 (t=396): Loss=1.1386, Rho=1965.193359, Grad_norm=0.0005, Final_scale=19651.9336
🚀 APPLYING GUIDANCE at step 42 (timestep=363)
final_loss: 1.1385163068771362
🎯 GUIDANCE STEP 42 (t=363): Loss=1.1385, Rho=2157.401855, Grad_norm=0.0005, Final_scale=21574.0186
🚀 APPLYING GUIDANCE at step 43 (timestep=327)
final_loss: 1.1385732889175415
🎯 GUIDANCE STEP 43 (t=327): Loss=1.1386, Rho=1613.692017, Grad_norm=0.0006, Final_scale=16136.9202
🚀 APPLYING GUIDANCE at step 44 (timestep=290)
final_loss: 1.138352632522583
🎯 GUIDANCE STEP 44 (t=290): Loss=1.1384, Rho=2009.374146, Grad_norm=0.0005, Final_scale=20093.7415
🚀 APPLYING GUIDANCE at step 45 (timestep=249)
final_loss: 1.1382964849472046
🎯 GUIDANCE STEP 45 (t=249): Loss=1.1383, Rho=2733.808838, Grad_norm=0.0004, Final_scale=27338.0884
🚀 APPLYING GUIDANCE at step 46 (timestep=206)
final_loss: 1.1378687620162964
🎯 GUIDANCE STEP 46 (t=206): Loss=1.1379, Rho=2805.609619, Grad_norm=0.0004, Final_scale=28056.0962
🚀 APPLYING GUIDANCE at step 47 (timestep=160)
final_loss: 1.1376250982284546
🎯 GUIDANCE STEP 47 (t=160): Loss=1.1376, Rho=1763.526245, Grad_norm=0.0006, Final_scale=17635.2625
🚀 APPLYING GUIDANCE at step 48 (timestep=111)
final_loss: 1.1371947526931763
🎯 GUIDANCE STEP 48 (t=111): Loss=1.1372, Rho=579.578857, Grad_norm=0.0017, Final_scale=5795.7886
🚀 APPLYING GUIDANCE at step 49 (timestep=57)
final_loss: 1.1371949911117554
🎯 GUIDANCE STEP 49 (t=57): Loss=1.1372, Rho=1648.614502, Grad_norm=0.0006, Final_scale=16486.1450
[guidance_f33_s50_w16c8_rho10.0_cfg5.0torch] Generated: generated_videos/subject_consistency/guidance_f33_s50_w16c8_rho10.0_cfg5.0torch/a bus accelerating to gain speed.mp4
[guidance_f33_s50_w16c8_rho10.0_cfg5.0torch] Experiment completed! Results saved to: generated_videos/subject_consistency/guidance_f33_s50_w16c8_rho10.0_cfg5.0torch
🚀 APPLYING GUIDANCE at step 0 (timestep=999)
final_loss: 1.126463532447815
🎯 GUIDANCE STEP 0 (t=999): Loss=1.1265, Rho=98.398026, Grad_norm=0.0102, Final_scale=983.9803
🚀 APPLYING GUIDANCE at step 1 (timestep=992)
final_loss: 1.1379097700119019
🎯 GUIDANCE STEP 1 (t=992): Loss=1.1379, Rho=124.898750, Grad_norm=0.0080, Final_scale=1248.9875
🚀 APPLYING GUIDANCE at step 2 (timestep=985)
final_loss: 1.1368921995162964
🎯 GUIDANCE STEP 2 (t=985): Loss=1.1369, Rho=203.052353, Grad_norm=0.0049, Final_scale=2030.5235
🚀 APPLYING GUIDANCE at step 3 (timestep=978)
final_loss: 1.1427172422409058
🎯 GUIDANCE STEP 3 (t=978): Loss=1.1427, Rho=168.810562, Grad_norm=0.0059, Final_scale=1688.1056
🚀 APPLYING GUIDANCE at step 4 (timestep=971)
final_loss: 1.1452741622924805
🎯 GUIDANCE STEP 4 (t=971): Loss=1.1453, Rho=188.884293, Grad_norm=0.0053, Final_scale=1888.8429
🚀 APPLYING GUIDANCE at step 5 (timestep=963)
final_loss: 1.1462358236312866
🎯 GUIDANCE STEP 5 (t=963): Loss=1.1462, Rho=228.614746, Grad_norm=0.0044, Final_scale=2286.1475
🚀 APPLYING GUIDANCE at step 6 (timestep=956)
final_loss: 1.1463162899017334
🎯 GUIDANCE STEP 6 (t=956): Loss=1.1463, Rho=289.099701, Grad_norm=0.0035, Final_scale=2890.9970
🚀 APPLYING GUIDANCE at step 7 (timestep=948)
final_loss: 1.1459816694259644
🎯 GUIDANCE STEP 7 (t=948): Loss=1.1460, Rho=325.336914, Grad_norm=0.0031, Final_scale=3253.3691
🚀 APPLYING GUIDANCE at step 8 (timestep=939)
final_loss: 1.1459888219833374
🎯 GUIDANCE STEP 8 (t=939): Loss=1.1460, Rho=324.905212, Grad_norm=0.0031, Final_scale=3249.0521
🚀 APPLYING GUIDANCE at step 9 (timestep=931)
final_loss: 1.1461553573608398
🎯 GUIDANCE STEP 9 (t=931): Loss=1.1462, Rho=299.139648, Grad_norm=0.0033, Final_scale=2991.3965
🚀 APPLYING GUIDANCE at step 10 (timestep=922)
final_loss: 1.1466039419174194
🎯 GUIDANCE STEP 10 (t=922): Loss=1.1466, Rho=407.969299, Grad_norm=0.0025, Final_scale=4079.6930
🚀 APPLYING GUIDANCE at step 11 (timestep=913)
final_loss: 1.1457635164260864
🎯 GUIDANCE STEP 11 (t=913): Loss=1.1458, Rho=450.804932, Grad_norm=0.0022, Final_scale=4508.0493
🚀 APPLYING GUIDANCE at step 12 (timestep=904)
final_loss: 1.14594566822052
🎯 GUIDANCE STEP 12 (t=904): Loss=1.1459, Rho=475.842712, Grad_norm=0.0021, Final_scale=4758.4271
🚀 APPLYING GUIDANCE at step 13 (timestep=894)
final_loss: 1.1461595296859741
🎯 GUIDANCE STEP 13 (t=894): Loss=1.1462, Rho=568.802734, Grad_norm=0.0018, Final_scale=5688.0273
🚀 APPLYING GUIDANCE at step 14 (timestep=884)
final_loss: 1.1463271379470825
🎯 GUIDANCE STEP 14 (t=884): Loss=1.1463, Rho=600.668579, Grad_norm=0.0017, Final_scale=6006.6858
🚀 APPLYING GUIDANCE at step 15 (timestep=874)
final_loss: 1.146553874015808
🎯 GUIDANCE STEP 15 (t=874): Loss=1.1466, Rho=694.242371, Grad_norm=0.0014, Final_scale=6942.4237
🚀 APPLYING GUIDANCE at step 16 (timestep=864)
final_loss: 1.14665949344635
🎯 GUIDANCE STEP 16 (t=864): Loss=1.1467, Rho=664.601074, Grad_norm=0.0015, Final_scale=6646.0107
🚀 APPLYING GUIDANCE at step 17 (timestep=853)
final_loss: 1.1464439630508423
🎯 GUIDANCE STEP 17 (t=853): Loss=1.1464, Rho=459.982666, Grad_norm=0.0022, Final_scale=4599.8267
🚀 APPLYING GUIDANCE at step 18 (timestep=841)
final_loss: 1.1463497877120972
🎯 GUIDANCE STEP 18 (t=841): Loss=1.1463, Rho=755.420654, Grad_norm=0.0013, Final_scale=7554.2065
🚀 APPLYING GUIDANCE at step 19 (timestep=829)
final_loss: 1.1463702917099
🎯 GUIDANCE STEP 19 (t=829): Loss=1.1464, Rho=818.337097, Grad_norm=0.0012, Final_scale=8183.3710
🚀 APPLYING GUIDANCE at step 20 (timestep=817)
final_loss: 1.1464035511016846
🎯 GUIDANCE STEP 20 (t=817): Loss=1.1464, Rho=869.305786, Grad_norm=0.0012, Final_scale=8693.0579
🚀 APPLYING GUIDANCE at step 21 (timestep=805)
final_loss: 1.1464141607284546
🎯 GUIDANCE STEP 21 (t=805): Loss=1.1464, Rho=598.265625, Grad_norm=0.0017, Final_scale=5982.6562
🚀 APPLYING GUIDANCE at step 22 (timestep=792)
final_loss: 1.146182656288147
🎯 GUIDANCE STEP 22 (t=792): Loss=1.1462, Rho=1004.099121, Grad_norm=0.0010, Final_scale=10040.9912
🚀 APPLYING GUIDANCE at step 23 (timestep=778)
final_loss: 1.1461000442504883
🎯 GUIDANCE STEP 23 (t=778): Loss=1.1461, Rho=825.720337, Grad_norm=0.0012, Final_scale=8257.2034
🚀 APPLYING GUIDANCE at step 24 (timestep=764)
final_loss: 1.1460984945297241
🎯 GUIDANCE STEP 24 (t=764): Loss=1.1461, Rho=947.426331, Grad_norm=0.0011, Final_scale=9474.2633
🚀 APPLYING GUIDANCE at step 25 (timestep=749)
final_loss: 1.1459840536117554
🎯 GUIDANCE STEP 25 (t=749): Loss=1.1460, Rho=948.140259, Grad_norm=0.0011, Final_scale=9481.4026
🚀 APPLYING GUIDANCE at step 26 (timestep=734)
final_loss: 1.1459213495254517
🎯 GUIDANCE STEP 26 (t=734): Loss=1.1459, Rho=1131.272949, Grad_norm=0.0009, Final_scale=11312.7295
🚀 APPLYING GUIDANCE at step 27 (timestep=718)
final_loss: 1.1457188129425049
🎯 GUIDANCE STEP 27 (t=718): Loss=1.1457, Rho=761.599121, Grad_norm=0.0013, Final_scale=7615.9912
🚀 APPLYING GUIDANCE at step 28 (timestep=701)
final_loss: 1.1459217071533203
🎯 GUIDANCE STEP 28 (t=701): Loss=1.1459, Rho=1210.750244, Grad_norm=0.0008, Final_scale=12107.5024
🚀 APPLYING GUIDANCE at step 29 (timestep=684)
final_loss: 1.1456587314605713
🎯 GUIDANCE STEP 29 (t=684): Loss=1.1457, Rho=1247.327515, Grad_norm=0.0008, Final_scale=12473.2751
🚀 APPLYING GUIDANCE at step 30 (timestep=666)
final_loss: 1.1457781791687012
🎯 GUIDANCE STEP 30 (t=666): Loss=1.1458, Rho=1416.628906, Grad_norm=0.0007, Final_scale=14166.2891
🚀 APPLYING GUIDANCE at step 31 (timestep=647)
final_loss: 1.1456232070922852
🎯 GUIDANCE STEP 31 (t=647): Loss=1.1456, Rho=1329.408569, Grad_norm=0.0008, Final_scale=13294.0857
🚀 APPLYING GUIDANCE at step 32 (timestep=627)
final_loss: 1.145530104637146
🎯 GUIDANCE STEP 32 (t=627): Loss=1.1455, Rho=1327.500610, Grad_norm=0.0008, Final_scale=13275.0061
🚀 APPLYING GUIDANCE at step 33 (timestep=606)
final_loss: 1.1452512741088867
🎯 GUIDANCE STEP 33 (t=606): Loss=1.1453, Rho=1385.981567, Grad_norm=0.0007, Final_scale=13859.8157
🚀 APPLYING GUIDANCE at step 34 (timestep=585)
final_loss: 1.1451209783554077
🎯 GUIDANCE STEP 34 (t=585): Loss=1.1451, Rho=1573.090942, Grad_norm=0.0006, Final_scale=15730.9094
🚀 APPLYING GUIDANCE at step 35 (timestep=562)
final_loss: 1.1451696157455444
🎯 GUIDANCE STEP 35 (t=562): Loss=1.1452, Rho=1685.130737, Grad_norm=0.0006, Final_scale=16851.3074
🚀 APPLYING GUIDANCE at step 36 (timestep=538)
final_loss: 1.1450012922286987
🎯 GUIDANCE STEP 36 (t=538): Loss=1.1450, Rho=1793.158813, Grad_norm=0.0006, Final_scale=17931.5881
🚀 APPLYING GUIDANCE at step 37 (timestep=512)
final_loss: 1.145113229751587
🎯 GUIDANCE STEP 37 (t=512): Loss=1.1451, Rho=1903.888306, Grad_norm=0.0005, Final_scale=19038.8831
🚀 APPLYING GUIDANCE at step 38 (timestep=486)
final_loss: 1.1449602842330933
🎯 GUIDANCE STEP 38 (t=486): Loss=1.1450, Rho=1511.367065, Grad_norm=0.0007, Final_scale=15113.6707
🚀 APPLYING GUIDANCE at step 39 (timestep=458)
final_loss: 1.1449947357177734
🎯 GUIDANCE STEP 39 (t=458): Loss=1.1450, Rho=1849.374634, Grad_norm=0.0005, Final_scale=18493.7463
🚀 APPLYING GUIDANCE at step 40 (timestep=428)
final_loss: 1.144778847694397
🎯 GUIDANCE STEP 40 (t=428): Loss=1.1448, Rho=1939.222534, Grad_norm=0.0005, Final_scale=19392.2253
🚀 APPLYING GUIDANCE at step 41 (timestep=396)
final_loss: 1.1447479724884033
🎯 GUIDANCE STEP 41 (t=396): Loss=1.1447, Rho=1958.634521, Grad_norm=0.0005, Final_scale=19586.3452
🚀 APPLYING GUIDANCE at step 42 (timestep=363)
final_loss: 1.1445655822753906
🎯 GUIDANCE STEP 42 (t=363): Loss=1.1446, Rho=1294.930664, Grad_norm=0.0008, Final_scale=12949.3066
🚀 APPLYING GUIDANCE at step 43 (timestep=327)
final_loss: 1.1445611715316772
🎯 GUIDANCE STEP 43 (t=327): Loss=1.1446, Rho=2150.401123, Grad_norm=0.0005, Final_scale=21504.0112
🚀 APPLYING GUIDANCE at step 44 (timestep=290)
final_loss: 1.1441787481307983
🎯 GUIDANCE STEP 44 (t=290): Loss=1.1442, Rho=1914.201782, Grad_norm=0.0005, Final_scale=19142.0178
🚀 APPLYING GUIDANCE at step 45 (timestep=249)
final_loss: 1.1438173055648804
🎯 GUIDANCE STEP 45 (t=249): Loss=1.1438, Rho=2025.564453, Grad_norm=0.0005, Final_scale=20255.6445
🚀 APPLYING GUIDANCE at step 46 (timestep=206)
final_loss: 1.1434223651885986
🎯 GUIDANCE STEP 46 (t=206): Loss=1.1434, Rho=2238.377930, Grad_norm=0.0004, Final_scale=22383.7793
🚀 APPLYING GUIDANCE at step 47 (timestep=160)
final_loss: 1.142460584640503
🎯 GUIDANCE STEP 47 (t=160): Loss=1.1425, Rho=2054.945801, Grad_norm=0.0005, Final_scale=20549.4580
🚀 APPLYING GUIDANCE at step 48 (timestep=111)
final_loss: 1.1413151025772095
🎯 GUIDANCE STEP 48 (t=111): Loss=1.1413, Rho=1452.970215, Grad_norm=0.0007, Final_scale=14529.7021
🚀 APPLYING GUIDANCE at step 49 (timestep=57)
final_loss: 1.1393909454345703
🎯 GUIDANCE STEP 49 (t=57): Loss=1.1394, Rho=1372.067749, Grad_norm=0.0007, Final_scale=13720.6775
[guidance_f33_s50_w16c8_rho10.0_cfg5.0torch] Generated: generated_videos/subject_consistency/guidance_f33_s50_w16c8_rho10.0_cfg5.0torch/a bear catching a salmon in its powerful jaws.mp4
[guidance_f33_s50_w16c8_rho10.0_cfg5.0torch] Experiment completed! Results saved to: generated_videos/subject_consistency/guidance_f33_s50_w16c8_rho10.0_cfg5.0torch

============================================================
EXPERIMENT: guidance_f33_s50_w16c8_rho20.0_cfg5.0torch
============================================================
Sampling method: guidance
Inference steps: 50
Frames per video: 33
CFG scale: 5.0
Prompts assigned to this GPU: 9
V-JEPA parameters:
  - Model type: torch
  - Kernel size: 16 (torch V-JEPA frames_per_clip)
  - Context length: 8
  - Stride: 2
  - Mode: max
Guidance parameters:
  - Timestep range: 0-1001
  - Rho scale: 20.0
============================================================


============================================================
EXPERIMENT: guidance_f33_s50_w16c8_rho20.0_cfg5.0torch
============================================================
Sampling method: guidance
Inference steps: 50
Frames per video: 33
CFG scale: 5.0
Prompts assigned to this GPU: 9
V-JEPA parameters:
  - Model type: torch
  - Kernel size: 16 (torch V-JEPA frames_per_clip)
  - Context length: 8
  - Stride: 2
  - Mode: max
Guidance parameters:
  - Timestep range: 0-1001
  - Rho scale: 20.0
============================================================


============================================================
EXPERIMENT: guidance_f33_s50_w16c8_rho20.0_cfg5.0torch
============================================================
Sampling method: guidance
Inference steps: 50
Frames per video: 33
CFG scale: 5.0
Prompts assigned to this GPU: 9
V-JEPA parameters:
  - Model type: torch
  - Kernel size: 16 (torch V-JEPA frames_per_clip)
  - Context length: 8
  - Stride: 2
  - Mode: max
Guidance parameters:
  - Timestep range: 0-1001
  - Rho scale: 20.0
============================================================


============================================================
EXPERIMENT: guidance_f33_s50_w16c8_rho20.0_cfg5.0torch
============================================================
Sampling method: guidance
Inference steps: 50
Frames per video: 33
CFG scale: 5.0
Prompts assigned to this GPU: 9
V-JEPA parameters:
  - Model type: torch
  - Kernel size: 16 (torch V-JEPA frames_per_clip)
  - Context length: 8
  - Stride: 2
  - Mode: max
Guidance parameters:
  - Timestep range: 0-1001
  - Rho scale: 20.0
============================================================


============================================================
EXPERIMENT: guidance_f33_s50_w16c8_rho20.0_cfg5.0torch
============================================================
Sampling method: guidance
Inference steps: 50
Frames per video: 33
CFG scale: 5.0
Prompts assigned to this GPU: 9
V-JEPA parameters:
  - Model type: torch
  - Kernel size: 16 (torch V-JEPA frames_per_clip)
  - Context length: 8
  - Stride: 2
  - Mode: max
Guidance parameters:
  - Timestep range: 0-1001
  - Rho scale: 20.0
============================================================


============================================================
EXPERIMENT: guidance_f33_s50_w16c8_rho20.0_cfg5.0torch
============================================================
Sampling method: guidance
Inference steps: 50
Frames per video: 33
CFG scale: 5.0
Prompts assigned to this GPU: 9
V-JEPA parameters:
  - Model type: torch
  - Kernel size: 16 (torch V-JEPA frames_per_clip)
  - Context length: 8
  - Stride: 2
  - Mode: max
Guidance parameters:
  - Timestep range: 0-1001
  - Rho scale: 20.0
============================================================


============================================================
EXPERIMENT: guidance_f33_s50_w16c8_rho20.0_cfg5.0torch
============================================================
Sampling method: guidance
Inference steps: 50
Frames per video: 33
CFG scale: 5.0
Prompts assigned to this GPU: 9
V-JEPA parameters:
  - Model type: torch
  - Kernel size: 16 (torch V-JEPA frames_per_clip)
  - Context length: 8
  - Stride: 2
  - Mode: max
Guidance parameters:
  - Timestep range: 0-1001
  - Rho scale: 20.0
============================================================


============================================================
EXPERIMENT: guidance_f33_s50_w16c8_rho20.0_cfg5.0torch
============================================================
Sampling method: guidance
Inference steps: 50
Frames per video: 33
CFG scale: 5.0
Prompts assigned to this GPU: 9
V-JEPA parameters:
  - Model type: torch
  - Kernel size: 16 (torch V-JEPA frames_per_clip)
  - Context length: 8
  - Stride: 2
  - Mode: max
Guidance parameters:
  - Timestep range: 0-1001
  - Rho scale: 20.0
============================================================

