Tue Jul  1 16:08:41 2025       
+-----------------------------------------------------------------------------------------+
| NVIDIA-SMI 570.133.20             Driver Version: 570.133.20     CUDA Version: 12.8     |
|-----------------------------------------+------------------------+----------------------+
| GPU  Name                 Persistence-M | Bus-Id          Disp.A | Volatile Uncorr. ECC |
| Fan  Temp   Perf          Pwr:Usage/Cap |           Memory-Usage | GPU-Util  Compute M. |
|                                         |                        |               MIG M. |
|=========================================+========================+======================|
|   0  NVIDIA H200                    On  |   00000000:59:00.0 Off |                    0 |
| N/A   37C    P0             76W /  700W |       0MiB / 143771MiB |      0%      Default |
|                                         |                        |             Disabled |
+-----------------------------------------+------------------------+----------------------+
|   1  NVIDIA H200                    On  |   00000000:5A:00.0 Off |                    0 |
| N/A   34C    P0             77W /  700W |       0MiB / 143771MiB |      0%      Default |
|                                         |                        |             Disabled |
+-----------------------------------------+------------------------+----------------------+
|   2  NVIDIA H200                    On  |   00000000:72:00.0 Off |                    0 |
| N/A   37C    P0             76W /  700W |       0MiB / 143771MiB |      0%      Default |
|                                         |                        |             Disabled |
+-----------------------------------------+------------------------+----------------------+
|   3  NVIDIA H200                    On  |   00000000:73:00.0 Off |                    0 |
| N/A   35C    P0             77W /  700W |       0MiB / 143771MiB |      0%      Default |
|                                         |                        |             Disabled |
+-----------------------------------------+------------------------+----------------------+
|   4  NVIDIA H200                    On  |   00000000:8B:00.0 Off |                    0 |
| N/A   37C    P0             79W /  700W |       0MiB / 143771MiB |      0%      Default |
|                                         |                        |             Disabled |
+-----------------------------------------+------------------------+----------------------+
|   5  NVIDIA H200                    On  |   00000000:8C:00.0 Off |                    0 |
| N/A   35C    P0             76W /  700W |       0MiB / 143771MiB |      0%      Default |
|                                         |                        |             Disabled |
+-----------------------------------------+------------------------+----------------------+
|   6  NVIDIA H200                    On  |   00000000:A4:00.0 Off |                    0 |
| N/A   37C    P0             77W /  700W |       0MiB / 143771MiB |      0%      Default |
|                                         |                        |             Disabled |
+-----------------------------------------+------------------------+----------------------+
|   7  NVIDIA H200                    On  |   00000000:A5:00.0 Off |                    0 |
| N/A   34C    P0             75W /  700W |       0MiB / 143771MiB |      0%      Default |
|                                         |                        |             Disabled |
+-----------------------------------------+------------------------+----------------------+
                                                                                         
+-----------------------------------------------------------------------------------------+
| Processes:                                                                              |
|  GPU   GI   CI              PID   Type   Process name                        GPU Memory |
|        ID   ID                                                               Usage      |
|=========================================================================================|
|  No running processes found                                                             |
+-----------------------------------------------------------------------------------------+
Running batch sample script env activated

============================================================
EXPERIMENT: guidance_f33_s50_w8c6_rho10.0_cfg5.0_0701_1608
============================================================
Sampling method: guidance
Inference steps: 50
Frames per video: 33
CFG scale: 5.0
Prompts assigned to this GPU: 9
V-JEPA parameters:
  - Kernel size: 8
  - Context length: 6
  - Stride: 2
  - Mode: max
Guidance parameters:
  - Timestep range: 0-1001
  - Rho scale: 10.0
============================================================


============================================================
EXPERIMENT: guidance_f33_s50_w8c6_rho10.0_cfg5.0_0701_1608
============================================================
Sampling method: guidance
Inference steps: 50
Frames per video: 33
CFG scale: 5.0
Prompts assigned to this GPU: 9
V-JEPA parameters:
  - Kernel size: 8
  - Context length: 6
  - Stride: 2
  - Mode: max
Guidance parameters:
  - Timestep range: 0-1001
  - Rho scale: 10.0
============================================================


============================================================
EXPERIMENT: guidance_f33_s50_w8c6_rho10.0_cfg5.0_0701_1608
============================================================
Sampling method: guidance
Inference steps: 50
Frames per video: 33
CFG scale: 5.0
Prompts assigned to this GPU: 9
V-JEPA parameters:
  - Kernel size: 8
  - Context length: 6
  - Stride: 2
  - Mode: max
Guidance parameters:
  - Timestep range: 0-1001
  - Rho scale: 10.0
============================================================


============================================================
EXPERIMENT: guidance_f33_s50_w8c6_rho10.0_cfg5.0_0701_1608
============================================================
Sampling method: guidance
Inference steps: 50
Frames per video: 33
CFG scale: 5.0
Prompts assigned to this GPU: 9
V-JEPA parameters:
  - Kernel size: 8
  - Context length: 6
  - Stride: 2
  - Mode: max
Guidance parameters:
  - Timestep range: 0-1001
  - Rho scale: 10.0
============================================================


============================================================
EXPERIMENT: guidance_f33_s50_w8c6_rho10.0_cfg5.0_0701_1608
============================================================
Sampling method: guidance
Inference steps: 50
Frames per video: 33
CFG scale: 5.0
Prompts assigned to this GPU: 9
V-JEPA parameters:
  - Kernel size: 8
  - Context length: 6
  - Stride: 2
  - Mode: max
Guidance parameters:
  - Timestep range: 0-1001
  - Rho scale: 10.0
============================================================


============================================================
EXPERIMENT: guidance_f33_s50_w8c6_rho10.0_cfg5.0_0701_1608
============================================================
Sampling method: guidance
Inference steps: 50
Frames per video: 33
CFG scale: 5.0
Prompts assigned to this GPU: 9
V-JEPA parameters:
  - Kernel size: 8
  - Context length: 6
  - Stride: 2
  - Mode: max
Guidance parameters:
  - Timestep range: 0-1001
  - Rho scale: 10.0
============================================================


============================================================
EXPERIMENT: guidance_f33_s50_w8c6_rho10.0_cfg5.0_0701_1608
============================================================
Sampling method: guidance
Inference steps: 50
Frames per video: 33
CFG scale: 5.0
Prompts assigned to this GPU: 9
V-JEPA parameters:
  - Kernel size: 8
  - Context length: 6
  - Stride: 2
  - Mode: max
Guidance parameters:
  - Timestep range: 0-1001
  - Rho scale: 10.0
============================================================


============================================================
EXPERIMENT: guidance_f33_s50_w8c6_rho10.0_cfg5.0_0701_1608
============================================================
Sampling method: guidance
Inference steps: 50
Frames per video: 33
CFG scale: 5.0
Prompts assigned to this GPU: 9
V-JEPA parameters:
  - Kernel size: 8
  - Context length: 6
  - Stride: 2
  - Mode: max
Guidance parameters:
  - Timestep range: 0-1001
  - Rho scale: 10.0
============================================================

[guidance_f33_s50_w8c6_rho10.0_cfg5.0_0701_1608] Generating video 1/9 (guidance): a person swimming in ocean
🎬 STARTING GUIDANCE PIPELINE GENERATION
   Frames: 33, Steps: 50, CFG Scale: 5.0

🔧 GUIDANCE PIPELINE CONFIGURATION:
   Guidance range: 0 - 1001
   Rho scale: 10.0
   V-JEPA kernel_size: 8
   V-JEPA context_length: 6
   V-JEPA stride: 2
   V-JEPA mode: max
   Total timesteps: 50

[guidance_f33_s50_w8c6_rho10.0_cfg5.0_0701_1608] Generating video 1/9 (guidance): a boat slowing down to stop
🎬 STARTING GUIDANCE PIPELINE GENERATION
   Frames: 33, Steps: 50, CFG Scale: 5.0

🔧 GUIDANCE PIPELINE CONFIGURATION:
   Guidance range: 0 - 1001
   Rho scale: 10.0
   V-JEPA kernel_size: 8
   V-JEPA context_length: 6
   V-JEPA stride: 2
   V-JEPA mode: max
   Total timesteps: 50

[guidance_f33_s50_w8c6_rho10.0_cfg5.0_0701_1608] Generating video 1/9 (guidance): a dog enjoying a peaceful walk
🎬 STARTING GUIDANCE PIPELINE GENERATION
   Frames: 33, Steps: 50, CFG Scale: 5.0

🔧 GUIDANCE PIPELINE CONFIGURATION:
   Guidance range: 0 - 1001
   Rho scale: 10.0
   V-JEPA kernel_size: 8
   V-JEPA context_length: 6
   V-JEPA stride: 2
   V-JEPA mode: max
   Total timesteps: 50

[guidance_f33_s50_w8c6_rho10.0_cfg5.0_0701_1608] Generating video 1/9 (guidance): a bear sniffing the air for scents of food
🎬 STARTING GUIDANCE PIPELINE GENERATION
   Frames: 33, Steps: 50, CFG Scale: 5.0

🔧 GUIDANCE PIPELINE CONFIGURATION:
   Guidance range: 0 - 1001
   Rho scale: 10.0
   V-JEPA kernel_size: 8
   V-JEPA context_length: 6
   V-JEPA stride: 2
   V-JEPA mode: max
   Total timesteps: 50

[guidance_f33_s50_w8c6_rho10.0_cfg5.0_0701_1608] Generating video 1/9 (guidance): a train speeding down the tracks
🎬 STARTING GUIDANCE PIPELINE GENERATION
   Frames: 33, Steps: 50, CFG Scale: 5.0

🔧 GUIDANCE PIPELINE CONFIGURATION:
   Guidance range: 0 - 1001
   Rho scale: 10.0
   V-JEPA kernel_size: 8
   V-JEPA context_length: 6
   V-JEPA stride: 2
   V-JEPA mode: max
   Total timesteps: 50

[guidance_f33_s50_w8c6_rho10.0_cfg5.0_0701_1608] Generating video 1/9 (guidance): a bicycle slowing down to stop
🎬 STARTING GUIDANCE PIPELINE GENERATION
   Frames: 33, Steps: 50, CFG Scale: 5.0

🔧 GUIDANCE PIPELINE CONFIGURATION:
   Guidance range: 0 - 1001
   Rho scale: 10.0
   V-JEPA kernel_size: 8
   V-JEPA context_length: 6
   V-JEPA stride: 2
   V-JEPA mode: max
   Total timesteps: 50

[guidance_f33_s50_w8c6_rho10.0_cfg5.0_0701_1608] Generating video 1/9 (guidance): a motorcycle gliding through a snowy field
🎬 STARTING GUIDANCE PIPELINE GENERATION
   Frames: 33, Steps: 50, CFG Scale: 5.0

🔧 GUIDANCE PIPELINE CONFIGURATION:
   Guidance range: 0 - 1001
   Rho scale: 10.0
   V-JEPA kernel_size: 8
   V-JEPA context_length: 6
   V-JEPA stride: 2
   V-JEPA mode: max
   Total timesteps: 50

[guidance_f33_s50_w8c6_rho10.0_cfg5.0_0701_1608] Generating video 1/9 (guidance): a sheep taking a peaceful walk
🎬 STARTING GUIDANCE PIPELINE GENERATION
   Frames: 33, Steps: 50, CFG Scale: 5.0

🔧 GUIDANCE PIPELINE CONFIGURATION:
   Guidance range: 0 - 1001
   Rho scale: 10.0
   V-JEPA kernel_size: 8
   V-JEPA context_length: 6
   V-JEPA stride: 2
   V-JEPA mode: max
   Total timesteps: 50

🚀 APPLYING GUIDANCE at step 0 (timestep=999)
🎯 GUIDANCE STEP 0 (t=999): Loss=0.5693, Rho=9.856431, Grad_norm=0.1015, Final_scale=98.5643
🚀 APPLYING GUIDANCE at step 1 (timestep=992)
🎯 GUIDANCE STEP 1 (t=992): Loss=0.5825, Rho=13.063876, Grad_norm=0.0765, Final_scale=130.6388
🚀 APPLYING GUIDANCE at step 2 (timestep=985)
🎯 GUIDANCE STEP 2 (t=985): Loss=0.5811, Rho=12.927817, Grad_norm=0.0774, Final_scale=129.2782
🚀 APPLYING GUIDANCE at step 3 (timestep=978)
🎯 GUIDANCE STEP 3 (t=978): Loss=0.5913, Rho=7.087984, Grad_norm=0.1411, Final_scale=70.8798
🚀 APPLYING GUIDANCE at step 4 (timestep=971)
🎯 GUIDANCE STEP 4 (t=971): Loss=0.5981, Rho=13.737253, Grad_norm=0.0728, Final_scale=137.3725
🚀 APPLYING GUIDANCE at step 5 (timestep=963)
🎯 GUIDANCE STEP 5 (t=963): Loss=0.5972, Rho=13.991343, Grad_norm=0.0715, Final_scale=139.9134
🚀 APPLYING GUIDANCE at step 6 (timestep=956)
🎯 GUIDANCE STEP 6 (t=956): Loss=0.6045, Rho=14.709769, Grad_norm=0.0680, Final_scale=147.0977
🚀 APPLYING GUIDANCE at step 7 (timestep=948)
🎯 GUIDANCE STEP 7 (t=948): Loss=0.6099, Rho=18.076620, Grad_norm=0.0553, Final_scale=180.7662
🚀 APPLYING GUIDANCE at step 8 (timestep=939)
🎯 GUIDANCE STEP 8 (t=939): Loss=0.6084, Rho=10.939223, Grad_norm=0.0914, Final_scale=109.3922
🚀 APPLYING GUIDANCE at step 9 (timestep=931)
🎯 GUIDANCE STEP 9 (t=931): Loss=0.6084, Rho=14.725496, Grad_norm=0.0679, Final_scale=147.2550
🚀 APPLYING GUIDANCE at step 10 (timestep=922)
🎯 GUIDANCE STEP 10 (t=922): Loss=0.6099, Rho=10.221947, Grad_norm=0.0978, Final_scale=102.2195
🚀 APPLYING GUIDANCE at step 11 (timestep=913)
🎯 GUIDANCE STEP 11 (t=913): Loss=0.6167, Rho=7.328016, Grad_norm=0.1365, Final_scale=73.2802
🚀 APPLYING GUIDANCE at step 12 (timestep=904)
🎯 GUIDANCE STEP 12 (t=904): Loss=0.6118, Rho=10.151773, Grad_norm=0.0985, Final_scale=101.5177
🚀 APPLYING GUIDANCE at step 13 (timestep=894)
🎯 GUIDANCE STEP 13 (t=894): Loss=0.6162, Rho=16.292252, Grad_norm=0.0614, Final_scale=162.9225
🚀 APPLYING GUIDANCE at step 14 (timestep=884)
🎯 GUIDANCE STEP 14 (t=884): Loss=0.6187, Rho=22.013290, Grad_norm=0.0454, Final_scale=220.1329
🚀 APPLYING GUIDANCE at step 15 (timestep=874)
🎯 GUIDANCE STEP 15 (t=874): Loss=0.6226, Rho=12.256269, Grad_norm=0.0816, Final_scale=122.5627
🚀 APPLYING GUIDANCE at step 16 (timestep=864)
🎯 GUIDANCE STEP 16 (t=864): Loss=0.6240, Rho=20.293600, Grad_norm=0.0493, Final_scale=202.9360
🚀 APPLYING GUIDANCE at step 17 (timestep=853)
🎯 GUIDANCE STEP 17 (t=853): Loss=0.6284, Rho=12.708858, Grad_norm=0.0787, Final_scale=127.0886
🚀 APPLYING GUIDANCE at step 18 (timestep=841)
🎯 GUIDANCE STEP 18 (t=841): Loss=0.6235, Rho=8.371750, Grad_norm=0.1194, Final_scale=83.7175
🚀 APPLYING GUIDANCE at step 19 (timestep=829)
🎯 GUIDANCE STEP 19 (t=829): Loss=0.6255, Rho=17.471790, Grad_norm=0.0572, Final_scale=174.7179
🚀 APPLYING GUIDANCE at step 20 (timestep=817)
🎯 GUIDANCE STEP 20 (t=817): Loss=0.6245, Rho=17.127396, Grad_norm=0.0584, Final_scale=171.2740
🚀 APPLYING GUIDANCE at step 21 (timestep=805)
🎯 GUIDANCE STEP 21 (t=805): Loss=0.6279, Rho=9.442389, Grad_norm=0.1059, Final_scale=94.4239
🚀 APPLYING GUIDANCE at step 22 (timestep=792)
🎯 GUIDANCE STEP 22 (t=792): Loss=0.6260, Rho=27.327864, Grad_norm=0.0366, Final_scale=273.2786
🚀 APPLYING GUIDANCE at step 23 (timestep=778)
🎯 GUIDANCE STEP 23 (t=778): Loss=0.6240, Rho=11.321031, Grad_norm=0.0883, Final_scale=113.2103
🚀 APPLYING GUIDANCE at step 24 (timestep=764)
🎯 GUIDANCE STEP 24 (t=764): Loss=0.6270, Rho=14.002084, Grad_norm=0.0714, Final_scale=140.0208
🚀 APPLYING GUIDANCE at step 25 (timestep=749)
🎯 GUIDANCE STEP 25 (t=749): Loss=0.6289, Rho=12.871456, Grad_norm=0.0777, Final_scale=128.7146
🚀 APPLYING GUIDANCE at step 26 (timestep=734)
🎯 GUIDANCE STEP 26 (t=734): Loss=0.6196, Rho=9.507327, Grad_norm=0.1052, Final_scale=95.0733
🚀 APPLYING GUIDANCE at step 27 (timestep=718)
🎯 GUIDANCE STEP 27 (t=718): Loss=0.6250, Rho=16.062769, Grad_norm=0.0623, Final_scale=160.6277
🚀 APPLYING GUIDANCE at step 28 (timestep=701)
🎯 GUIDANCE STEP 28 (t=701): Loss=0.6226, Rho=20.495926, Grad_norm=0.0488, Final_scale=204.9593
🚀 APPLYING GUIDANCE at step 29 (timestep=684)
🎯 GUIDANCE STEP 29 (t=684): Loss=0.6255, Rho=13.989066, Grad_norm=0.0715, Final_scale=139.8907
🚀 APPLYING GUIDANCE at step 30 (timestep=666)
🎯 GUIDANCE STEP 30 (t=666): Loss=0.6250, Rho=24.992504, Grad_norm=0.0400, Final_scale=249.9250
🚀 APPLYING GUIDANCE at step 31 (timestep=647)
🎯 GUIDANCE STEP 31 (t=647): Loss=0.6279, Rho=18.313934, Grad_norm=0.0546, Final_scale=183.1393
🚀 APPLYING GUIDANCE at step 32 (timestep=627)
🎯 GUIDANCE STEP 32 (t=627): Loss=0.6226, Rho=18.674072, Grad_norm=0.0536, Final_scale=186.7407
🚀 APPLYING GUIDANCE at step 33 (timestep=606)
🎯 GUIDANCE STEP 33 (t=606): Loss=0.6216, Rho=23.385094, Grad_norm=0.0428, Final_scale=233.8509
🚀 APPLYING GUIDANCE at step 34 (timestep=585)
🎯 GUIDANCE STEP 34 (t=585): Loss=0.6211, Rho=1.748696, Grad_norm=0.5719, Final_scale=17.4870
🚀 APPLYING GUIDANCE at step 35 (timestep=562)
🎯 GUIDANCE STEP 35 (t=562): Loss=0.6196, Rho=10.730285, Grad_norm=0.0932, Final_scale=107.3028
🚀 APPLYING GUIDANCE at step 36 (timestep=538)
🎯 GUIDANCE STEP 36 (t=538): Loss=0.6221, Rho=20.254179, Grad_norm=0.0494, Final_scale=202.5418
🚀 APPLYING GUIDANCE at step 37 (timestep=512)
🎯 GUIDANCE STEP 37 (t=512): Loss=0.6187, Rho=17.159809, Grad_norm=0.0583, Final_scale=171.5981
🚀 APPLYING GUIDANCE at step 38 (timestep=486)
🎯 GUIDANCE STEP 38 (t=486): Loss=0.6167, Rho=19.927902, Grad_norm=0.0502, Final_scale=199.2790
🚀 APPLYING GUIDANCE at step 39 (timestep=458)
🎯 GUIDANCE STEP 39 (t=458): Loss=0.6182, Rho=21.066729, Grad_norm=0.0475, Final_scale=210.6673
🚀 APPLYING GUIDANCE at step 40 (timestep=428)
🎯 GUIDANCE STEP 40 (t=428): Loss=0.6138, Rho=17.483362, Grad_norm=0.0572, Final_scale=174.8336
🚀 APPLYING GUIDANCE at step 41 (timestep=396)
🎯 GUIDANCE STEP 41 (t=396): Loss=0.6147, Rho=27.623911, Grad_norm=0.0362, Final_scale=276.2391
🚀 APPLYING GUIDANCE at step 42 (timestep=363)
🎯 GUIDANCE STEP 42 (t=363): Loss=0.6108, Rho=27.904978, Grad_norm=0.0358, Final_scale=279.0498
🚀 APPLYING GUIDANCE at step 43 (timestep=327)
🎯 GUIDANCE STEP 43 (t=327): Loss=0.6123, Rho=30.340940, Grad_norm=0.0330, Final_scale=303.4094
🚀 APPLYING GUIDANCE at step 44 (timestep=290)
🎯 GUIDANCE STEP 44 (t=290): Loss=0.6133, Rho=12.781475, Grad_norm=0.0782, Final_scale=127.8148
🚀 APPLYING GUIDANCE at step 45 (timestep=249)
🎯 GUIDANCE STEP 45 (t=249): Loss=0.6123, Rho=8.367270, Grad_norm=0.1195, Final_scale=83.6727
🚀 APPLYING GUIDANCE at step 46 (timestep=206)
🎯 GUIDANCE STEP 46 (t=206): Loss=0.6118, Rho=12.523334, Grad_norm=0.0799, Final_scale=125.2333
🚀 APPLYING GUIDANCE at step 47 (timestep=160)
🎯 GUIDANCE STEP 47 (t=160): Loss=0.6094, Rho=10.179528, Grad_norm=0.0982, Final_scale=101.7953
🚀 APPLYING GUIDANCE at step 48 (timestep=111)
🎯 GUIDANCE STEP 48 (t=111): Loss=0.6118, Rho=24.773447, Grad_norm=0.0404, Final_scale=247.7345
🚀 APPLYING GUIDANCE at step 49 (timestep=57)
🎯 GUIDANCE STEP 49 (t=57): Loss=0.6118, Rho=8.790159, Grad_norm=0.1138, Final_scale=87.9016
[guidance_f33_s50_w8c6_rho10.0_cfg5.0_0701_1608] Generated: generated_videos/subject_consistency/guidance_f33_s50_w8c6_rho10.0_cfg5.0_0701_1608/a_bear_sniffing_the_air_for_scents_of_food.mp4
[guidance_f33_s50_w8c6_rho10.0_cfg5.0_0701_1608] Generating video 2/9 (guidance): a bear climbing a tree
🎬 STARTING GUIDANCE PIPELINE GENERATION
   Frames: 33, Steps: 50, CFG Scale: 5.0

🔧 GUIDANCE PIPELINE CONFIGURATION:
   Guidance range: 0 - 1001
   Rho scale: 10.0
   V-JEPA kernel_size: 8
   V-JEPA context_length: 6
   V-JEPA stride: 2
   V-JEPA mode: max
   Total timesteps: 50

🚀 APPLYING GUIDANCE at step 0 (timestep=999)
🎯 GUIDANCE STEP 0 (t=999): Loss=0.5576, Rho=3.519883, Grad_norm=0.2841, Final_scale=35.1988
🚀 APPLYING GUIDANCE at step 1 (timestep=992)
🎯 GUIDANCE STEP 1 (t=992): Loss=0.5654, Rho=4.556828, Grad_norm=0.2195, Final_scale=45.5683
🚀 APPLYING GUIDANCE at step 2 (timestep=985)
🎯 GUIDANCE STEP 2 (t=985): Loss=0.5649, Rho=6.681298, Grad_norm=0.1497, Final_scale=66.8130
🚀 APPLYING GUIDANCE at step 3 (timestep=978)
🎯 GUIDANCE STEP 3 (t=978): Loss=0.5962, Rho=14.717098, Grad_norm=0.0679, Final_scale=147.1710
🚀 APPLYING GUIDANCE at step 4 (timestep=971)
🎯 GUIDANCE STEP 4 (t=971): Loss=0.6255, Rho=16.080925, Grad_norm=0.0622, Final_scale=160.8092
🚀 APPLYING GUIDANCE at step 5 (timestep=963)
🎯 GUIDANCE STEP 5 (t=963): Loss=0.6279, Rho=6.532605, Grad_norm=0.1531, Final_scale=65.3261
🚀 APPLYING GUIDANCE at step 6 (timestep=956)
🎯 GUIDANCE STEP 6 (t=956): Loss=0.6333, Rho=9.546619, Grad_norm=0.1047, Final_scale=95.4662
🚀 APPLYING GUIDANCE at step 7 (timestep=948)
🎯 GUIDANCE STEP 7 (t=948): Loss=0.6440, Rho=10.191268, Grad_norm=0.0981, Final_scale=101.9127
🚀 APPLYING GUIDANCE at step 8 (timestep=939)
🎯 GUIDANCE STEP 8 (t=939): Loss=0.6436, Rho=0.711269, Grad_norm=1.4059, Final_scale=7.1127
🚀 APPLYING GUIDANCE at step 9 (timestep=931)
🎯 GUIDANCE STEP 9 (t=931): Loss=0.6440, Rho=17.566732, Grad_norm=0.0569, Final_scale=175.6673
🚀 APPLYING GUIDANCE at step 10 (timestep=922)
🎯 GUIDANCE STEP 10 (t=922): Loss=0.6479, Rho=2.904146, Grad_norm=0.3443, Final_scale=29.0415
🚀 APPLYING GUIDANCE at step 11 (timestep=913)
🎯 GUIDANCE STEP 11 (t=913): Loss=0.6538, Rho=11.337652, Grad_norm=0.0882, Final_scale=113.3765
🚀 APPLYING GUIDANCE at step 12 (timestep=904)
🎯 GUIDANCE STEP 12 (t=904): Loss=0.6562, Rho=8.333068, Grad_norm=0.1200, Final_scale=83.3307
🚀 APPLYING GUIDANCE at step 13 (timestep=894)
🎯 GUIDANCE STEP 13 (t=894): Loss=0.6582, Rho=6.034087, Grad_norm=0.1657, Final_scale=60.3409
🚀 APPLYING GUIDANCE at step 14 (timestep=884)
🎯 GUIDANCE STEP 14 (t=884): Loss=0.6548, Rho=8.539571, Grad_norm=0.1171, Final_scale=85.3957
🚀 APPLYING GUIDANCE at step 15 (timestep=874)
🎯 GUIDANCE STEP 15 (t=874): Loss=0.6592, Rho=4.875463, Grad_norm=0.2051, Final_scale=48.7546
🚀 APPLYING GUIDANCE at step 16 (timestep=864)
🎯 GUIDANCE STEP 16 (t=864): Loss=0.6562, Rho=1.781409, Grad_norm=0.5614, Final_scale=17.8141
🚀 APPLYING GUIDANCE at step 17 (timestep=853)
🎯 GUIDANCE STEP 17 (t=853): Loss=0.6567, Rho=9.479458, Grad_norm=0.1055, Final_scale=94.7946
🚀 APPLYING GUIDANCE at step 18 (timestep=841)
🎯 GUIDANCE STEP 18 (t=841): Loss=0.6538, Rho=0.887161, Grad_norm=1.1272, Final_scale=8.8716
🚀 APPLYING GUIDANCE at step 19 (timestep=829)
🎯 GUIDANCE STEP 19 (t=829): Loss=0.6523, Rho=3.668867, Grad_norm=0.2726, Final_scale=36.6887
🚀 APPLYING GUIDANCE at step 20 (timestep=817)
🎯 GUIDANCE STEP 20 (t=817): Loss=0.6567, Rho=6.571840, Grad_norm=0.1522, Final_scale=65.7184
🚀 APPLYING GUIDANCE at step 21 (timestep=805)
🎯 GUIDANCE STEP 21 (t=805): Loss=0.6597, Rho=10.501386, Grad_norm=0.0952, Final_scale=105.0139
🚀 APPLYING GUIDANCE at step 22 (timestep=792)
🎯 GUIDANCE STEP 22 (t=792): Loss=0.6577, Rho=7.508688, Grad_norm=0.1332, Final_scale=75.0869
🚀 APPLYING GUIDANCE at step 23 (timestep=778)
🎯 GUIDANCE STEP 23 (t=778): Loss=0.6582, Rho=4.502242, Grad_norm=0.2221, Final_scale=45.0224
🚀 APPLYING GUIDANCE at step 24 (timestep=764)
🎯 GUIDANCE STEP 24 (t=764): Loss=0.6548, Rho=5.324236, Grad_norm=0.1878, Final_scale=53.2424
🚀 APPLYING GUIDANCE at step 25 (timestep=749)
🎯 GUIDANCE STEP 25 (t=749): Loss=0.6558, Rho=10.382315, Grad_norm=0.0963, Final_scale=103.8231
🚀 APPLYING GUIDANCE at step 26 (timestep=734)
🎯 GUIDANCE STEP 26 (t=734): Loss=0.6553, Rho=10.339962, Grad_norm=0.0967, Final_scale=103.3996
🚀 APPLYING GUIDANCE at step 27 (timestep=718)
🎯 GUIDANCE STEP 27 (t=718): Loss=0.6548, Rho=3.719912, Grad_norm=0.2688, Final_scale=37.1991
🚀 APPLYING GUIDANCE at step 28 (timestep=701)
🎯 GUIDANCE STEP 28 (t=701): Loss=0.6572, Rho=7.193134, Grad_norm=0.1390, Final_scale=71.9313
🚀 APPLYING GUIDANCE at step 29 (timestep=684)
🎯 GUIDANCE STEP 29 (t=684): Loss=0.6543, Rho=6.889117, Grad_norm=0.1452, Final_scale=68.8912
🚀 APPLYING GUIDANCE at step 30 (timestep=666)
🎯 GUIDANCE STEP 30 (t=666): Loss=0.6548, Rho=2.667107, Grad_norm=0.3749, Final_scale=26.6711
🚀 APPLYING GUIDANCE at step 31 (timestep=647)
🎯 GUIDANCE STEP 31 (t=647): Loss=0.6533, Rho=11.174686, Grad_norm=0.0895, Final_scale=111.7469
🚀 APPLYING GUIDANCE at step 32 (timestep=627)
🎯 GUIDANCE STEP 32 (t=627): Loss=0.6509, Rho=12.032851, Grad_norm=0.0831, Final_scale=120.3285
🚀 APPLYING GUIDANCE at step 33 (timestep=606)
🎯 GUIDANCE STEP 33 (t=606): Loss=0.6548, Rho=12.086851, Grad_norm=0.0827, Final_scale=120.8685
🚀 APPLYING GUIDANCE at step 34 (timestep=585)
🎯 GUIDANCE STEP 34 (t=585): Loss=0.6562, Rho=15.822957, Grad_norm=0.0632, Final_scale=158.2296
🚀 APPLYING GUIDANCE at step 35 (timestep=562)
🎯 GUIDANCE STEP 35 (t=562): Loss=0.6528, Rho=6.035799, Grad_norm=0.1657, Final_scale=60.3580
🚀 APPLYING GUIDANCE at step 36 (timestep=538)
🎯 GUIDANCE STEP 36 (t=538): Loss=0.6519, Rho=20.156567, Grad_norm=0.0496, Final_scale=201.5657
🚀 APPLYING GUIDANCE at step 37 (timestep=512)
🎯 GUIDANCE STEP 37 (t=512): Loss=0.6548, Rho=19.310663, Grad_norm=0.0518, Final_scale=193.1066
🚀 APPLYING GUIDANCE at step 38 (timestep=486)
🎯 GUIDANCE STEP 38 (t=486): Loss=0.6514, Rho=6.531410, Grad_norm=0.1531, Final_scale=65.3141
🚀 APPLYING GUIDANCE at step 39 (timestep=458)
🎯 GUIDANCE STEP 39 (t=458): Loss=0.6489, Rho=13.860558, Grad_norm=0.0721, Final_scale=138.6056
🚀 APPLYING GUIDANCE at step 40 (timestep=428)
🎯 GUIDANCE STEP 40 (t=428): Loss=0.6523, Rho=15.310102, Grad_norm=0.0653, Final_scale=153.1010
🚀 APPLYING GUIDANCE at step 41 (timestep=396)
🎯 GUIDANCE STEP 41 (t=396): Loss=0.6523, Rho=10.523930, Grad_norm=0.0950, Final_scale=105.2393
🚀 APPLYING GUIDANCE at step 42 (timestep=363)
🎯 GUIDANCE STEP 42 (t=363): Loss=0.6499, Rho=15.299195, Grad_norm=0.0654, Final_scale=152.9920
🚀 APPLYING GUIDANCE at step 43 (timestep=327)
🎯 GUIDANCE STEP 43 (t=327): Loss=0.6494, Rho=19.398603, Grad_norm=0.0516, Final_scale=193.9860
🚀 APPLYING GUIDANCE at step 44 (timestep=290)
🎯 GUIDANCE STEP 44 (t=290): Loss=0.6519, Rho=12.054674, Grad_norm=0.0830, Final_scale=120.5467
🚀 APPLYING GUIDANCE at step 45 (timestep=249)
🎯 GUIDANCE STEP 45 (t=249): Loss=0.6475, Rho=30.141712, Grad_norm=0.0332, Final_scale=301.4171
🚀 APPLYING GUIDANCE at step 46 (timestep=206)
🎯 GUIDANCE STEP 46 (t=206): Loss=0.6450, Rho=8.984724, Grad_norm=0.1113, Final_scale=89.8472
🚀 APPLYING GUIDANCE at step 47 (timestep=160)
🎯 GUIDANCE STEP 47 (t=160): Loss=0.6445, Rho=3.277482, Grad_norm=0.3051, Final_scale=32.7748
🚀 APPLYING GUIDANCE at step 48 (timestep=111)
🎯 GUIDANCE STEP 48 (t=111): Loss=0.6436, Rho=12.358596, Grad_norm=0.0809, Final_scale=123.5860
🚀 APPLYING GUIDANCE at step 49 (timestep=57)
🎯 GUIDANCE STEP 49 (t=57): Loss=0.6421, Rho=12.074900, Grad_norm=0.0828, Final_scale=120.7490
[guidance_f33_s50_w8c6_rho10.0_cfg5.0_0701_1608] Generated: generated_videos/subject_consistency/guidance_f33_s50_w8c6_rho10.0_cfg5.0_0701_1608/a_sheep_taking_a_peaceful_walk.mp4
[guidance_f33_s50_w8c6_rho10.0_cfg5.0_0701_1608] Generating video 2/9 (guidance): a sheep running to join a herd of its kind
🎬 STARTING GUIDANCE PIPELINE GENERATION
   Frames: 33, Steps: 50, CFG Scale: 5.0

🔧 GUIDANCE PIPELINE CONFIGURATION:
   Guidance range: 0 - 1001
   Rho scale: 10.0
   V-JEPA kernel_size: 8
   V-JEPA context_length: 6
   V-JEPA stride: 2
   V-JEPA mode: max
   Total timesteps: 50

🚀 APPLYING GUIDANCE at step 0 (timestep=999)
🎯 GUIDANCE STEP 0 (t=999): Loss=0.5557, Rho=20.664759, Grad_norm=0.0484, Final_scale=206.6476
🚀 APPLYING GUIDANCE at step 1 (timestep=992)
🎯 GUIDANCE STEP 1 (t=992): Loss=0.5547, Rho=22.244871, Grad_norm=0.0450, Final_scale=222.4487
🚀 APPLYING GUIDANCE at step 2 (timestep=985)
🎯 GUIDANCE STEP 2 (t=985): Loss=0.5723, Rho=5.784034, Grad_norm=0.1729, Final_scale=57.8403
🚀 APPLYING GUIDANCE at step 3 (timestep=978)
🎯 GUIDANCE STEP 3 (t=978): Loss=0.5464, Rho=19.267668, Grad_norm=0.0519, Final_scale=192.6767
🚀 APPLYING GUIDANCE at step 4 (timestep=971)
🎯 GUIDANCE STEP 4 (t=971): Loss=0.5488, Rho=35.303379, Grad_norm=0.0283, Final_scale=353.0338
🚀 APPLYING GUIDANCE at step 5 (timestep=963)
🎯 GUIDANCE STEP 5 (t=963): Loss=0.5649, Rho=24.600441, Grad_norm=0.0406, Final_scale=246.0044
🚀 APPLYING GUIDANCE at step 6 (timestep=956)
🎯 GUIDANCE STEP 6 (t=956): Loss=0.5576, Rho=23.838696, Grad_norm=0.0419, Final_scale=238.3870
🚀 APPLYING GUIDANCE at step 7 (timestep=948)
🎯 GUIDANCE STEP 7 (t=948): Loss=0.5708, Rho=21.621084, Grad_norm=0.0463, Final_scale=216.2108
🚀 APPLYING GUIDANCE at step 8 (timestep=939)
🎯 GUIDANCE STEP 8 (t=939): Loss=0.5757, Rho=16.817305, Grad_norm=0.0595, Final_scale=168.1730
🚀 APPLYING GUIDANCE at step 9 (timestep=931)
🎯 GUIDANCE STEP 9 (t=931): Loss=0.5776, Rho=34.138611, Grad_norm=0.0293, Final_scale=341.3861
🚀 APPLYING GUIDANCE at step 10 (timestep=922)
🎯 GUIDANCE STEP 10 (t=922): Loss=0.5903, Rho=26.575399, Grad_norm=0.0376, Final_scale=265.7540
🚀 APPLYING GUIDANCE at step 11 (timestep=913)
🎯 GUIDANCE STEP 11 (t=913): Loss=0.5962, Rho=5.503202, Grad_norm=0.1817, Final_scale=55.0320
🚀 APPLYING GUIDANCE at step 12 (timestep=904)
🎯 GUIDANCE STEP 12 (t=904): Loss=0.6016, Rho=20.956076, Grad_norm=0.0477, Final_scale=209.5608
🚀 APPLYING GUIDANCE at step 13 (timestep=894)
🎯 GUIDANCE STEP 13 (t=894): Loss=0.6055, Rho=20.008297, Grad_norm=0.0500, Final_scale=200.0830
🚀 APPLYING GUIDANCE at step 14 (timestep=884)
🎯 GUIDANCE STEP 14 (t=884): Loss=0.6025, Rho=17.972830, Grad_norm=0.0556, Final_scale=179.7283
🚀 APPLYING GUIDANCE at step 15 (timestep=874)
🎯 GUIDANCE STEP 15 (t=874): Loss=0.6094, Rho=12.451770, Grad_norm=0.0803, Final_scale=124.5177
🚀 APPLYING GUIDANCE at step 16 (timestep=864)
🎯 GUIDANCE STEP 16 (t=864): Loss=0.6064, Rho=12.816899, Grad_norm=0.0780, Final_scale=128.1690
🚀 APPLYING GUIDANCE at step 17 (timestep=853)
🎯 GUIDANCE STEP 17 (t=853): Loss=0.6045, Rho=15.246971, Grad_norm=0.0656, Final_scale=152.4697
🚀 APPLYING GUIDANCE at step 18 (timestep=841)
🎯 GUIDANCE STEP 18 (t=841): Loss=0.6094, Rho=16.381340, Grad_norm=0.0610, Final_scale=163.8134
🚀 APPLYING GUIDANCE at step 19 (timestep=829)
🎯 GUIDANCE STEP 19 (t=829): Loss=0.6069, Rho=8.225116, Grad_norm=0.1216, Final_scale=82.2512
🚀 APPLYING GUIDANCE at step 20 (timestep=817)
🎯 GUIDANCE STEP 20 (t=817): Loss=0.6079, Rho=17.767794, Grad_norm=0.0563, Final_scale=177.6779
🚀 APPLYING GUIDANCE at step 21 (timestep=805)
🎯 GUIDANCE STEP 21 (t=805): Loss=0.6094, Rho=17.284859, Grad_norm=0.0579, Final_scale=172.8486
🚀 APPLYING GUIDANCE at step 22 (timestep=792)
🎯 GUIDANCE STEP 22 (t=792): Loss=0.6079, Rho=16.205841, Grad_norm=0.0617, Final_scale=162.0584
🚀 APPLYING GUIDANCE at step 23 (timestep=778)
🎯 GUIDANCE STEP 23 (t=778): Loss=0.6064, Rho=8.080386, Grad_norm=0.1238, Final_scale=80.8039
🚀 APPLYING GUIDANCE at step 24 (timestep=764)
🎯 GUIDANCE STEP 24 (t=764): Loss=0.6045, Rho=3.113733, Grad_norm=0.3212, Final_scale=31.1373
🚀 APPLYING GUIDANCE at step 25 (timestep=749)
🎯 GUIDANCE STEP 25 (t=749): Loss=0.6079, Rho=17.891489, Grad_norm=0.0559, Final_scale=178.9149
🚀 APPLYING GUIDANCE at step 26 (timestep=734)
🎯 GUIDANCE STEP 26 (t=734): Loss=0.6084, Rho=12.514474, Grad_norm=0.0799, Final_scale=125.1447
🚀 APPLYING GUIDANCE at step 27 (timestep=718)
🎯 GUIDANCE STEP 27 (t=718): Loss=0.6074, Rho=21.343163, Grad_norm=0.0469, Final_scale=213.4316
🚀 APPLYING GUIDANCE at step 28 (timestep=701)
🎯 GUIDANCE STEP 28 (t=701): Loss=0.6094, Rho=9.801218, Grad_norm=0.1020, Final_scale=98.0122
🚀 APPLYING GUIDANCE at step 29 (timestep=684)
🎯 GUIDANCE STEP 29 (t=684): Loss=0.6050, Rho=19.914700, Grad_norm=0.0502, Final_scale=199.1470
🚀 APPLYING GUIDANCE at step 30 (timestep=666)
🎯 GUIDANCE STEP 30 (t=666): Loss=0.6074, Rho=27.021318, Grad_norm=0.0370, Final_scale=270.2132
🚀 APPLYING GUIDANCE at step 31 (timestep=647)
🎯 GUIDANCE STEP 31 (t=647): Loss=0.6118, Rho=24.234703, Grad_norm=0.0413, Final_scale=242.3470
🚀 APPLYING GUIDANCE at step 32 (timestep=627)
🎯 GUIDANCE STEP 32 (t=627): Loss=0.6108, Rho=23.652012, Grad_norm=0.0423, Final_scale=236.5201
🚀 APPLYING GUIDANCE at step 33 (timestep=606)
🎯 GUIDANCE STEP 33 (t=606): Loss=0.6094, Rho=17.920763, Grad_norm=0.0558, Final_scale=179.2076
🚀 APPLYING GUIDANCE at step 34 (timestep=585)
🎯 GUIDANCE STEP 34 (t=585): Loss=0.6055, Rho=21.361982, Grad_norm=0.0468, Final_scale=213.6198
🚀 APPLYING GUIDANCE at step 35 (timestep=562)
🎯 GUIDANCE STEP 35 (t=562): Loss=0.6113, Rho=32.495922, Grad_norm=0.0308, Final_scale=324.9592
🚀 APPLYING GUIDANCE at step 36 (timestep=538)
🎯 GUIDANCE STEP 36 (t=538): Loss=0.6079, Rho=21.727808, Grad_norm=0.0460, Final_scale=217.2781
🚀 APPLYING GUIDANCE at step 37 (timestep=512)
🎯 GUIDANCE STEP 37 (t=512): Loss=0.6104, Rho=32.795174, Grad_norm=0.0305, Final_scale=327.9517
🚀 APPLYING GUIDANCE at step 38 (timestep=486)
🎯 GUIDANCE STEP 38 (t=486): Loss=0.6060, Rho=25.346962, Grad_norm=0.0395, Final_scale=253.4696
🚀 APPLYING GUIDANCE at step 39 (timestep=458)
🎯 GUIDANCE STEP 39 (t=458): Loss=0.6104, Rho=17.049204, Grad_norm=0.0587, Final_scale=170.4920
🚀 APPLYING GUIDANCE at step 40 (timestep=428)
🎯 GUIDANCE STEP 40 (t=428): Loss=0.6074, Rho=28.539906, Grad_norm=0.0350, Final_scale=285.3991
🚀 APPLYING GUIDANCE at step 41 (timestep=396)
🎯 GUIDANCE STEP 41 (t=396): Loss=0.6069, Rho=21.508158, Grad_norm=0.0465, Final_scale=215.0816
🚀 APPLYING GUIDANCE at step 42 (timestep=363)
🎯 GUIDANCE STEP 42 (t=363): Loss=0.6055, Rho=22.815117, Grad_norm=0.0438, Final_scale=228.1512
🚀 APPLYING GUIDANCE at step 43 (timestep=327)
🎯 GUIDANCE STEP 43 (t=327): Loss=0.6069, Rho=30.577206, Grad_norm=0.0327, Final_scale=305.7721
🚀 APPLYING GUIDANCE at step 44 (timestep=290)
🎯 GUIDANCE STEP 44 (t=290): Loss=0.6035, Rho=27.470524, Grad_norm=0.0364, Final_scale=274.7052
🚀 APPLYING GUIDANCE at step 45 (timestep=249)
🎯 GUIDANCE STEP 45 (t=249): Loss=0.6055, Rho=31.665262, Grad_norm=0.0316, Final_scale=316.6526
🚀 APPLYING GUIDANCE at step 46 (timestep=206)
🎯 GUIDANCE STEP 46 (t=206): Loss=0.6030, Rho=39.415493, Grad_norm=0.0254, Final_scale=394.1549
🚀 APPLYING GUIDANCE at step 47 (timestep=160)
🎯 GUIDANCE STEP 47 (t=160): Loss=0.6001, Rho=30.065130, Grad_norm=0.0333, Final_scale=300.6513
🚀 APPLYING GUIDANCE at step 48 (timestep=111)
🎯 GUIDANCE STEP 48 (t=111): Loss=0.5977, Rho=24.489447, Grad_norm=0.0408, Final_scale=244.8945
🚀 APPLYING GUIDANCE at step 49 (timestep=57)
🎯 GUIDANCE STEP 49 (t=57): Loss=0.6016, Rho=20.357639, Grad_norm=0.0491, Final_scale=203.5764
[guidance_f33_s50_w8c6_rho10.0_cfg5.0_0701_1608] Generated: generated_videos/subject_consistency/guidance_f33_s50_w8c6_rho10.0_cfg5.0_0701_1608/a_person_swimming_in_ocean.mp4
[guidance_f33_s50_w8c6_rho10.0_cfg5.0_0701_1608] Generating video 2/9 (guidance): a person giving a presentation to a room full of colleagues
🎬 STARTING GUIDANCE PIPELINE GENERATION
   Frames: 33, Steps: 50, CFG Scale: 5.0

🔧 GUIDANCE PIPELINE CONFIGURATION:
   Guidance range: 0 - 1001
   Rho scale: 10.0
   V-JEPA kernel_size: 8
   V-JEPA context_length: 6
   V-JEPA stride: 2
   V-JEPA mode: max
   Total timesteps: 50

🚀 APPLYING GUIDANCE at step 0 (timestep=999)
🎯 GUIDANCE STEP 0 (t=999): Loss=0.5596, Rho=11.937031, Grad_norm=0.0838, Final_scale=119.3703
🚀 APPLYING GUIDANCE at step 1 (timestep=992)
🎯 GUIDANCE STEP 1 (t=992): Loss=0.5874, Rho=10.566871, Grad_norm=0.0946, Final_scale=105.6687
🚀 APPLYING GUIDANCE at step 2 (timestep=985)
🎯 GUIDANCE STEP 2 (t=985): Loss=0.5654, Rho=18.982052, Grad_norm=0.0527, Final_scale=189.8205
🚀 APPLYING GUIDANCE at step 3 (timestep=978)
🎯 GUIDANCE STEP 3 (t=978): Loss=0.5630, Rho=14.203994, Grad_norm=0.0704, Final_scale=142.0399
🚀 APPLYING GUIDANCE at step 4 (timestep=971)
🎯 GUIDANCE STEP 4 (t=971): Loss=0.5947, Rho=11.900732, Grad_norm=0.0840, Final_scale=119.0073
🚀 APPLYING GUIDANCE at step 5 (timestep=963)
🎯 GUIDANCE STEP 5 (t=963): Loss=0.5894, Rho=13.205840, Grad_norm=0.0757, Final_scale=132.0584
🚀 APPLYING GUIDANCE at step 6 (timestep=956)
🎯 GUIDANCE STEP 6 (t=956): Loss=0.5991, Rho=4.645403, Grad_norm=0.2153, Final_scale=46.4540
🚀 APPLYING GUIDANCE at step 7 (timestep=948)
🎯 GUIDANCE STEP 7 (t=948): Loss=0.5977, Rho=5.117692, Grad_norm=0.1954, Final_scale=51.1769
🚀 APPLYING GUIDANCE at step 8 (timestep=939)
🎯 GUIDANCE STEP 8 (t=939): Loss=0.6035, Rho=12.313083, Grad_norm=0.0812, Final_scale=123.1308
🚀 APPLYING GUIDANCE at step 9 (timestep=931)
🎯 GUIDANCE STEP 9 (t=931): Loss=0.6074, Rho=12.365682, Grad_norm=0.0809, Final_scale=123.6568
🚀 APPLYING GUIDANCE at step 10 (timestep=922)
🎯 GUIDANCE STEP 10 (t=922): Loss=0.6094, Rho=21.691828, Grad_norm=0.0461, Final_scale=216.9183
🚀 APPLYING GUIDANCE at step 11 (timestep=913)
🎯 GUIDANCE STEP 11 (t=913): Loss=0.6094, Rho=18.072128, Grad_norm=0.0553, Final_scale=180.7213
🚀 APPLYING GUIDANCE at step 12 (timestep=904)
🎯 GUIDANCE STEP 12 (t=904): Loss=0.6123, Rho=14.407236, Grad_norm=0.0694, Final_scale=144.0724
🚀 APPLYING GUIDANCE at step 13 (timestep=894)
🎯 GUIDANCE STEP 13 (t=894): Loss=0.6123, Rho=10.461169, Grad_norm=0.0956, Final_scale=104.6117
🚀 APPLYING GUIDANCE at step 14 (timestep=884)
🎯 GUIDANCE STEP 14 (t=884): Loss=0.6113, Rho=12.582743, Grad_norm=0.0795, Final_scale=125.8274
🚀 APPLYING GUIDANCE at step 15 (timestep=874)
🎯 GUIDANCE STEP 15 (t=874): Loss=0.6143, Rho=7.899275, Grad_norm=0.1266, Final_scale=78.9928
🚀 APPLYING GUIDANCE at step 16 (timestep=864)
🎯 GUIDANCE STEP 16 (t=864): Loss=0.6143, Rho=13.771124, Grad_norm=0.0726, Final_scale=137.7112
🚀 APPLYING GUIDANCE at step 17 (timestep=853)
🎯 GUIDANCE STEP 17 (t=853): Loss=0.6167, Rho=10.507387, Grad_norm=0.0952, Final_scale=105.0739
🚀 APPLYING GUIDANCE at step 18 (timestep=841)
🎯 GUIDANCE STEP 18 (t=841): Loss=0.6172, Rho=10.772664, Grad_norm=0.0928, Final_scale=107.7266
🚀 APPLYING GUIDANCE at step 19 (timestep=829)
🎯 GUIDANCE STEP 19 (t=829): Loss=0.6182, Rho=12.093141, Grad_norm=0.0827, Final_scale=120.9314
🚀 APPLYING GUIDANCE at step 20 (timestep=817)
🎯 GUIDANCE STEP 20 (t=817): Loss=0.6167, Rho=6.134725, Grad_norm=0.1630, Final_scale=61.3472
🚀 APPLYING GUIDANCE at step 21 (timestep=805)
🎯 GUIDANCE STEP 21 (t=805): Loss=0.6187, Rho=9.257786, Grad_norm=0.1080, Final_scale=92.5779
🚀 APPLYING GUIDANCE at step 22 (timestep=792)
🎯 GUIDANCE STEP 22 (t=792): Loss=0.6187, Rho=8.882743, Grad_norm=0.1126, Final_scale=88.8274
🚀 APPLYING GUIDANCE at step 23 (timestep=778)
🎯 GUIDANCE STEP 23 (t=778): Loss=0.6167, Rho=10.651950, Grad_norm=0.0939, Final_scale=106.5195
🚀 APPLYING GUIDANCE at step 24 (timestep=764)
🎯 GUIDANCE STEP 24 (t=764): Loss=0.6167, Rho=13.744360, Grad_norm=0.0728, Final_scale=137.4436
🚀 APPLYING GUIDANCE at step 25 (timestep=749)
🎯 GUIDANCE STEP 25 (t=749): Loss=0.6196, Rho=10.828821, Grad_norm=0.0923, Final_scale=108.2882
🚀 APPLYING GUIDANCE at step 26 (timestep=734)
🎯 GUIDANCE STEP 26 (t=734): Loss=0.6187, Rho=6.266927, Grad_norm=0.1596, Final_scale=62.6693
🚀 APPLYING GUIDANCE at step 27 (timestep=718)
🎯 GUIDANCE STEP 27 (t=718): Loss=0.6128, Rho=16.624609, Grad_norm=0.0602, Final_scale=166.2461
🚀 APPLYING GUIDANCE at step 28 (timestep=701)
🎯 GUIDANCE STEP 28 (t=701): Loss=0.6118, Rho=9.887708, Grad_norm=0.1011, Final_scale=98.8771
🚀 APPLYING GUIDANCE at step 29 (timestep=684)
🎯 GUIDANCE STEP 29 (t=684): Loss=0.6196, Rho=9.774252, Grad_norm=0.1023, Final_scale=97.7425
🚀 APPLYING GUIDANCE at step 30 (timestep=666)
🎯 GUIDANCE STEP 30 (t=666): Loss=0.6187, Rho=15.826150, Grad_norm=0.0632, Final_scale=158.2615
🚀 APPLYING GUIDANCE at step 31 (timestep=647)
🎯 GUIDANCE STEP 31 (t=647): Loss=0.6177, Rho=18.612106, Grad_norm=0.0537, Final_scale=186.1211
🚀 APPLYING GUIDANCE at step 32 (timestep=627)
🎯 GUIDANCE STEP 32 (t=627): Loss=0.6177, Rho=13.895720, Grad_norm=0.0720, Final_scale=138.9572
🚀 APPLYING GUIDANCE at step 33 (timestep=606)
🎯 GUIDANCE STEP 33 (t=606): Loss=0.6167, Rho=6.497604, Grad_norm=0.1539, Final_scale=64.9760
🚀 APPLYING GUIDANCE at step 34 (timestep=585)
🎯 GUIDANCE STEP 34 (t=585): Loss=0.6206, Rho=8.703978, Grad_norm=0.1149, Final_scale=87.0398
🚀 APPLYING GUIDANCE at step 35 (timestep=562)
🎯 GUIDANCE STEP 35 (t=562): Loss=0.6162, Rho=11.053266, Grad_norm=0.0905, Final_scale=110.5327
🚀 APPLYING GUIDANCE at step 36 (timestep=538)
🎯 GUIDANCE STEP 36 (t=538): Loss=0.6157, Rho=15.900410, Grad_norm=0.0629, Final_scale=159.0041
🚀 APPLYING GUIDANCE at step 37 (timestep=512)
🎯 GUIDANCE STEP 37 (t=512): Loss=0.6147, Rho=13.954005, Grad_norm=0.0717, Final_scale=139.5401
🚀 APPLYING GUIDANCE at step 38 (timestep=486)
🎯 GUIDANCE STEP 38 (t=486): Loss=0.6172, Rho=14.540818, Grad_norm=0.0688, Final_scale=145.4082
🚀 APPLYING GUIDANCE at step 39 (timestep=458)
🎯 GUIDANCE STEP 39 (t=458): Loss=0.6177, Rho=22.091148, Grad_norm=0.0453, Final_scale=220.9115
🚀 APPLYING GUIDANCE at step 40 (timestep=428)
🎯 GUIDANCE STEP 40 (t=428): Loss=0.6143, Rho=12.247955, Grad_norm=0.0816, Final_scale=122.4796
🚀 APPLYING GUIDANCE at step 41 (timestep=396)
🎯 GUIDANCE STEP 41 (t=396): Loss=0.6182, Rho=20.457798, Grad_norm=0.0489, Final_scale=204.5780
🚀 APPLYING GUIDANCE at step 42 (timestep=363)
🎯 GUIDANCE STEP 42 (t=363): Loss=0.6167, Rho=23.604277, Grad_norm=0.0424, Final_scale=236.0428
🚀 APPLYING GUIDANCE at step 43 (timestep=327)
🎯 GUIDANCE STEP 43 (t=327): Loss=0.6182, Rho=24.309572, Grad_norm=0.0411, Final_scale=243.0957
🚀 APPLYING GUIDANCE at step 44 (timestep=290)
🎯 GUIDANCE STEP 44 (t=290): Loss=0.6123, Rho=22.863447, Grad_norm=0.0437, Final_scale=228.6345
🚀 APPLYING GUIDANCE at step 45 (timestep=249)
🎯 GUIDANCE STEP 45 (t=249): Loss=0.6157, Rho=16.645704, Grad_norm=0.0601, Final_scale=166.4570
🚀 APPLYING GUIDANCE at step 46 (timestep=206)
🎯 GUIDANCE STEP 46 (t=206): Loss=0.6143, Rho=15.975579, Grad_norm=0.0626, Final_scale=159.7558
🚀 APPLYING GUIDANCE at step 47 (timestep=160)
🎯 GUIDANCE STEP 47 (t=160): Loss=0.6133, Rho=5.517109, Grad_norm=0.1813, Final_scale=55.1711
🚀 APPLYING GUIDANCE at step 48 (timestep=111)
🎯 GUIDANCE STEP 48 (t=111): Loss=0.6162, Rho=12.884987, Grad_norm=0.0776, Final_scale=128.8499
🚀 APPLYING GUIDANCE at step 49 (timestep=57)
🎯 GUIDANCE STEP 49 (t=57): Loss=0.6123, Rho=12.605108, Grad_norm=0.0793, Final_scale=126.0511
[guidance_f33_s50_w8c6_rho10.0_cfg5.0_0701_1608] Generated: generated_videos/subject_consistency/guidance_f33_s50_w8c6_rho10.0_cfg5.0_0701_1608/a_boat_slowing_down_to_stop.mp4
[guidance_f33_s50_w8c6_rho10.0_cfg5.0_0701_1608] Generating video 2/9 (guidance): a boat accelerating to gain speed
🎬 STARTING GUIDANCE PIPELINE GENERATION
   Frames: 33, Steps: 50, CFG Scale: 5.0

🔧 GUIDANCE PIPELINE CONFIGURATION:
   Guidance range: 0 - 1001
   Rho scale: 10.0
   V-JEPA kernel_size: 8
   V-JEPA context_length: 6
   V-JEPA stride: 2
   V-JEPA mode: max
   Total timesteps: 50

🚀 APPLYING GUIDANCE at step 0 (timestep=999)
🎯 GUIDANCE STEP 0 (t=999): Loss=0.6133, Rho=10.324355, Grad_norm=0.0969, Final_scale=103.2436
🚀 APPLYING GUIDANCE at step 1 (timestep=992)
🎯 GUIDANCE STEP 1 (t=992): Loss=0.5767, Rho=1.833851, Grad_norm=0.5453, Final_scale=18.3385
🚀 APPLYING GUIDANCE at step 2 (timestep=985)
🎯 GUIDANCE STEP 2 (t=985): Loss=0.5898, Rho=7.652440, Grad_norm=0.1307, Final_scale=76.5244
🚀 APPLYING GUIDANCE at step 3 (timestep=978)
🎯 GUIDANCE STEP 3 (t=978): Loss=0.5942, Rho=6.306454, Grad_norm=0.1586, Final_scale=63.0645
🚀 APPLYING GUIDANCE at step 4 (timestep=971)
🎯 GUIDANCE STEP 4 (t=971): Loss=0.6201, Rho=7.749564, Grad_norm=0.1290, Final_scale=77.4956
🚀 APPLYING GUIDANCE at step 5 (timestep=963)
🎯 GUIDANCE STEP 5 (t=963): Loss=0.6270, Rho=5.888217, Grad_norm=0.1698, Final_scale=58.8822
🚀 APPLYING GUIDANCE at step 6 (timestep=956)
🎯 GUIDANCE STEP 6 (t=956): Loss=0.6167, Rho=5.614893, Grad_norm=0.1781, Final_scale=56.1489
🚀 APPLYING GUIDANCE at step 7 (timestep=948)
🎯 GUIDANCE STEP 7 (t=948): Loss=0.6230, Rho=3.948743, Grad_norm=0.2532, Final_scale=39.4874
🚀 APPLYING GUIDANCE at step 8 (timestep=939)
🎯 GUIDANCE STEP 8 (t=939): Loss=0.6274, Rho=1.862364, Grad_norm=0.5370, Final_scale=18.6236
🚀 APPLYING GUIDANCE at step 9 (timestep=931)
🎯 GUIDANCE STEP 9 (t=931): Loss=0.6279, Rho=3.764186, Grad_norm=0.2657, Final_scale=37.6419
🚀 APPLYING GUIDANCE at step 10 (timestep=922)
🎯 GUIDANCE STEP 10 (t=922): Loss=0.6318, Rho=5.150266, Grad_norm=0.1942, Final_scale=51.5027
🚀 APPLYING GUIDANCE at step 11 (timestep=913)
🎯 GUIDANCE STEP 11 (t=913): Loss=0.6353, Rho=3.194442, Grad_norm=0.3130, Final_scale=31.9444
🚀 APPLYING GUIDANCE at step 12 (timestep=904)
🎯 GUIDANCE STEP 12 (t=904): Loss=0.6387, Rho=2.644643, Grad_norm=0.3781, Final_scale=26.4464
🚀 APPLYING GUIDANCE at step 13 (timestep=894)
🎯 GUIDANCE STEP 13 (t=894): Loss=0.6353, Rho=2.319562, Grad_norm=0.4311, Final_scale=23.1956
🚀 APPLYING GUIDANCE at step 14 (timestep=884)
🎯 GUIDANCE STEP 14 (t=884): Loss=0.6353, Rho=5.876591, Grad_norm=0.1702, Final_scale=58.7659
🚀 APPLYING GUIDANCE at step 15 (timestep=874)
🎯 GUIDANCE STEP 15 (t=874): Loss=0.6372, Rho=6.292757, Grad_norm=0.1589, Final_scale=62.9276
🚀 APPLYING GUIDANCE at step 16 (timestep=864)
🎯 GUIDANCE STEP 16 (t=864): Loss=0.6357, Rho=4.040790, Grad_norm=0.2475, Final_scale=40.4079
🚀 APPLYING GUIDANCE at step 17 (timestep=853)
🎯 GUIDANCE STEP 17 (t=853): Loss=0.6406, Rho=2.741724, Grad_norm=0.3647, Final_scale=27.4172
🚀 APPLYING GUIDANCE at step 18 (timestep=841)
🎯 GUIDANCE STEP 18 (t=841): Loss=0.6406, Rho=8.318739, Grad_norm=0.1202, Final_scale=83.1874
🚀 APPLYING GUIDANCE at step 19 (timestep=829)
🎯 GUIDANCE STEP 19 (t=829): Loss=0.6426, Rho=4.165411, Grad_norm=0.2401, Final_scale=41.6541
🚀 APPLYING GUIDANCE at step 20 (timestep=817)
🎯 GUIDANCE STEP 20 (t=817): Loss=0.6426, Rho=6.911075, Grad_norm=0.1447, Final_scale=69.1107
🚀 APPLYING GUIDANCE at step 21 (timestep=805)
🎯 GUIDANCE STEP 21 (t=805): Loss=0.6372, Rho=7.424679, Grad_norm=0.1347, Final_scale=74.2468
🚀 APPLYING GUIDANCE at step 22 (timestep=792)
🎯 GUIDANCE STEP 22 (t=792): Loss=0.6392, Rho=2.571101, Grad_norm=0.3889, Final_scale=25.7110
🚀 APPLYING GUIDANCE at step 23 (timestep=778)
🎯 GUIDANCE STEP 23 (t=778): Loss=0.6362, Rho=4.544551, Grad_norm=0.2200, Final_scale=45.4455
🚀 APPLYING GUIDANCE at step 24 (timestep=764)
🎯 GUIDANCE STEP 24 (t=764): Loss=0.6372, Rho=7.337945, Grad_norm=0.1363, Final_scale=73.3794
🚀 APPLYING GUIDANCE at step 25 (timestep=749)
🎯 GUIDANCE STEP 25 (t=749): Loss=0.6372, Rho=5.524354, Grad_norm=0.1810, Final_scale=55.2435
🚀 APPLYING GUIDANCE at step 26 (timestep=734)
🎯 GUIDANCE STEP 26 (t=734): Loss=0.6382, Rho=4.961446, Grad_norm=0.2016, Final_scale=49.6145
🚀 APPLYING GUIDANCE at step 27 (timestep=718)
🎯 GUIDANCE STEP 27 (t=718): Loss=0.6367, Rho=4.375730, Grad_norm=0.2285, Final_scale=43.7573
🚀 APPLYING GUIDANCE at step 28 (timestep=701)
🎯 GUIDANCE STEP 28 (t=701): Loss=0.6372, Rho=5.264549, Grad_norm=0.1899, Final_scale=52.6455
🚀 APPLYING GUIDANCE at step 29 (timestep=684)
🎯 GUIDANCE STEP 29 (t=684): Loss=0.6328, Rho=11.028615, Grad_norm=0.0907, Final_scale=110.2861
🚀 APPLYING GUIDANCE at step 30 (timestep=666)
🎯 GUIDANCE STEP 30 (t=666): Loss=0.6372, Rho=6.260685, Grad_norm=0.1597, Final_scale=62.6069
🚀 APPLYING GUIDANCE at step 31 (timestep=647)
🎯 GUIDANCE STEP 31 (t=647): Loss=0.6367, Rho=7.532409, Grad_norm=0.1328, Final_scale=75.3241
🚀 APPLYING GUIDANCE at step 32 (timestep=627)
🎯 GUIDANCE STEP 32 (t=627): Loss=0.6362, Rho=4.891107, Grad_norm=0.2045, Final_scale=48.9111
🚀 APPLYING GUIDANCE at step 33 (timestep=606)
🎯 GUIDANCE STEP 33 (t=606): Loss=0.6367, Rho=17.026308, Grad_norm=0.0587, Final_scale=170.2631
🚀 APPLYING GUIDANCE at step 34 (timestep=585)
🎯 GUIDANCE STEP 34 (t=585): Loss=0.6372, Rho=1.689520, Grad_norm=0.5919, Final_scale=16.8952
🚀 APPLYING GUIDANCE at step 35 (timestep=562)
🎯 GUIDANCE STEP 35 (t=562): Loss=0.6362, Rho=10.286489, Grad_norm=0.0972, Final_scale=102.8649
🚀 APPLYING GUIDANCE at step 36 (timestep=538)
🎯 GUIDANCE STEP 36 (t=538): Loss=0.6372, Rho=11.135224, Grad_norm=0.0898, Final_scale=111.3522
🚀 APPLYING GUIDANCE at step 37 (timestep=512)
🎯 GUIDANCE STEP 37 (t=512): Loss=0.6401, Rho=7.723015, Grad_norm=0.1295, Final_scale=77.2302
🚀 APPLYING GUIDANCE at step 38 (timestep=486)
🎯 GUIDANCE STEP 38 (t=486): Loss=0.6362, Rho=7.016904, Grad_norm=0.1425, Final_scale=70.1690
🚀 APPLYING GUIDANCE at step 39 (timestep=458)
🎯 GUIDANCE STEP 39 (t=458): Loss=0.6328, Rho=9.009034, Grad_norm=0.1110, Final_scale=90.0903
🚀 APPLYING GUIDANCE at step 40 (timestep=428)
🎯 GUIDANCE STEP 40 (t=428): Loss=0.6333, Rho=8.105830, Grad_norm=0.1234, Final_scale=81.0583
🚀 APPLYING GUIDANCE at step 41 (timestep=396)
🎯 GUIDANCE STEP 41 (t=396): Loss=0.6323, Rho=17.754072, Grad_norm=0.0563, Final_scale=177.5407
🚀 APPLYING GUIDANCE at step 42 (timestep=363)
🎯 GUIDANCE STEP 42 (t=363): Loss=0.6333, Rho=14.076552, Grad_norm=0.0710, Final_scale=140.7655
🚀 APPLYING GUIDANCE at step 43 (timestep=327)
🎯 GUIDANCE STEP 43 (t=327): Loss=0.6304, Rho=7.802688, Grad_norm=0.1282, Final_scale=78.0269
🚀 APPLYING GUIDANCE at step 44 (timestep=290)
🎯 GUIDANCE STEP 44 (t=290): Loss=0.6338, Rho=9.564362, Grad_norm=0.1046, Final_scale=95.6436
🚀 APPLYING GUIDANCE at step 45 (timestep=249)
🎯 GUIDANCE STEP 45 (t=249): Loss=0.6279, Rho=14.815442, Grad_norm=0.0675, Final_scale=148.1544
🚀 APPLYING GUIDANCE at step 46 (timestep=206)
🎯 GUIDANCE STEP 46 (t=206): Loss=0.6304, Rho=6.110944, Grad_norm=0.1636, Final_scale=61.1094
🚀 APPLYING GUIDANCE at step 47 (timestep=160)
🎯 GUIDANCE STEP 47 (t=160): Loss=0.6309, Rho=11.626777, Grad_norm=0.0860, Final_scale=116.2678
🚀 APPLYING GUIDANCE at step 48 (timestep=111)
🎯 GUIDANCE STEP 48 (t=111): Loss=0.6299, Rho=16.711571, Grad_norm=0.0598, Final_scale=167.1157
🚀 APPLYING GUIDANCE at step 49 (timestep=57)
🎯 GUIDANCE STEP 49 (t=57): Loss=0.6240, Rho=5.803965, Grad_norm=0.1723, Final_scale=58.0397
[guidance_f33_s50_w8c6_rho10.0_cfg5.0_0701_1608] Generated: generated_videos/subject_consistency/guidance_f33_s50_w8c6_rho10.0_cfg5.0_0701_1608/a_bicycle_slowing_down_to_stop.mp4
[guidance_f33_s50_w8c6_rho10.0_cfg5.0_0701_1608] Generating video 2/9 (guidance): a bicycle accelerating to gain speed
🎬 STARTING GUIDANCE PIPELINE GENERATION
   Frames: 33, Steps: 50, CFG Scale: 5.0

🔧 GUIDANCE PIPELINE CONFIGURATION:
   Guidance range: 0 - 1001
   Rho scale: 10.0
   V-JEPA kernel_size: 8
   V-JEPA context_length: 6
   V-JEPA stride: 2
   V-JEPA mode: max
   Total timesteps: 50

🚀 APPLYING GUIDANCE at step 0 (timestep=999)
🎯 GUIDANCE STEP 0 (t=999): Loss=0.5703, Rho=13.170760, Grad_norm=0.0759, Final_scale=131.7076
🚀 APPLYING GUIDANCE at step 1 (timestep=992)
🎯 GUIDANCE STEP 1 (t=992): Loss=0.5889, Rho=9.590531, Grad_norm=0.1043, Final_scale=95.9053
🚀 APPLYING GUIDANCE at step 2 (timestep=985)
🎯 GUIDANCE STEP 2 (t=985): Loss=0.5864, Rho=11.992811, Grad_norm=0.0834, Final_scale=119.9281
🚀 APPLYING GUIDANCE at step 3 (timestep=978)
🎯 GUIDANCE STEP 3 (t=978): Loss=0.5962, Rho=14.631148, Grad_norm=0.0683, Final_scale=146.3115
🚀 APPLYING GUIDANCE at step 4 (timestep=971)
🎯 GUIDANCE STEP 4 (t=971): Loss=0.6104, Rho=10.752896, Grad_norm=0.0930, Final_scale=107.5290
🚀 APPLYING GUIDANCE at step 5 (timestep=963)
🎯 GUIDANCE STEP 5 (t=963): Loss=0.6011, Rho=11.112252, Grad_norm=0.0900, Final_scale=111.1225
🚀 APPLYING GUIDANCE at step 6 (timestep=956)
🎯 GUIDANCE STEP 6 (t=956): Loss=0.6216, Rho=9.853656, Grad_norm=0.1015, Final_scale=98.5366
🚀 APPLYING GUIDANCE at step 7 (timestep=948)
🎯 GUIDANCE STEP 7 (t=948): Loss=0.6274, Rho=13.262865, Grad_norm=0.0754, Final_scale=132.6287
🚀 APPLYING GUIDANCE at step 8 (timestep=939)
🎯 GUIDANCE STEP 8 (t=939): Loss=0.6299, Rho=12.443228, Grad_norm=0.0804, Final_scale=124.4323
🚀 APPLYING GUIDANCE at step 9 (timestep=931)
🎯 GUIDANCE STEP 9 (t=931): Loss=0.6274, Rho=6.379789, Grad_norm=0.1567, Final_scale=63.7979
🚀 APPLYING GUIDANCE at step 10 (timestep=922)
🎯 GUIDANCE STEP 10 (t=922): Loss=0.6279, Rho=12.746008, Grad_norm=0.0785, Final_scale=127.4601
🚀 APPLYING GUIDANCE at step 11 (timestep=913)
🎯 GUIDANCE STEP 11 (t=913): Loss=0.6270, Rho=15.361871, Grad_norm=0.0651, Final_scale=153.6187
🚀 APPLYING GUIDANCE at step 12 (timestep=904)
🎯 GUIDANCE STEP 12 (t=904): Loss=0.6294, Rho=5.991017, Grad_norm=0.1669, Final_scale=59.9102
🚀 APPLYING GUIDANCE at step 13 (timestep=894)
🎯 GUIDANCE STEP 13 (t=894): Loss=0.6294, Rho=3.075951, Grad_norm=0.3251, Final_scale=30.7595
🚀 APPLYING GUIDANCE at step 14 (timestep=884)
🎯 GUIDANCE STEP 14 (t=884): Loss=0.6284, Rho=19.628782, Grad_norm=0.0509, Final_scale=196.2878
🚀 APPLYING GUIDANCE at step 15 (timestep=874)
🎯 GUIDANCE STEP 15 (t=874): Loss=0.6245, Rho=19.858009, Grad_norm=0.0504, Final_scale=198.5801
🚀 APPLYING GUIDANCE at step 16 (timestep=864)
🎯 GUIDANCE STEP 16 (t=864): Loss=0.6221, Rho=21.248831, Grad_norm=0.0471, Final_scale=212.4883
🚀 APPLYING GUIDANCE at step 17 (timestep=853)
🎯 GUIDANCE STEP 17 (t=853): Loss=0.6260, Rho=23.140398, Grad_norm=0.0432, Final_scale=231.4040
🚀 APPLYING GUIDANCE at step 18 (timestep=841)
🎯 GUIDANCE STEP 18 (t=841): Loss=0.6284, Rho=28.617657, Grad_norm=0.0349, Final_scale=286.1766
🚀 APPLYING GUIDANCE at step 19 (timestep=829)
🎯 GUIDANCE STEP 19 (t=829): Loss=0.6294, Rho=1.605879, Grad_norm=0.6227, Final_scale=16.0588
🚀 APPLYING GUIDANCE at step 20 (timestep=817)
🎯 GUIDANCE STEP 20 (t=817): Loss=0.6309, Rho=22.978540, Grad_norm=0.0435, Final_scale=229.7854
🚀 APPLYING GUIDANCE at step 21 (timestep=805)
🎯 GUIDANCE STEP 21 (t=805): Loss=0.6255, Rho=21.806000, Grad_norm=0.0459, Final_scale=218.0600
🚀 APPLYING GUIDANCE at step 22 (timestep=792)
🎯 GUIDANCE STEP 22 (t=792): Loss=0.6299, Rho=33.991619, Grad_norm=0.0294, Final_scale=339.9162
🚀 APPLYING GUIDANCE at step 23 (timestep=778)
🎯 GUIDANCE STEP 23 (t=778): Loss=0.6270, Rho=33.626049, Grad_norm=0.0297, Final_scale=336.2605
🚀 APPLYING GUIDANCE at step 24 (timestep=764)
🎯 GUIDANCE STEP 24 (t=764): Loss=0.6270, Rho=35.915524, Grad_norm=0.0278, Final_scale=359.1552
🚀 APPLYING GUIDANCE at step 25 (timestep=749)
🎯 GUIDANCE STEP 25 (t=749): Loss=0.6299, Rho=2.381027, Grad_norm=0.4200, Final_scale=23.8103
🚀 APPLYING GUIDANCE at step 26 (timestep=734)
🎯 GUIDANCE STEP 26 (t=734): Loss=0.6279, Rho=20.349794, Grad_norm=0.0491, Final_scale=203.4979
🚀 APPLYING GUIDANCE at step 27 (timestep=718)
🎯 GUIDANCE STEP 27 (t=718): Loss=0.6226, Rho=56.228291, Grad_norm=0.0178, Final_scale=562.2829
🚀 APPLYING GUIDANCE at step 28 (timestep=701)
🎯 GUIDANCE STEP 28 (t=701): Loss=0.6230, Rho=54.511093, Grad_norm=0.0183, Final_scale=545.1109
🚀 APPLYING GUIDANCE at step 29 (timestep=684)
🎯 GUIDANCE STEP 29 (t=684): Loss=0.6216, Rho=49.906406, Grad_norm=0.0200, Final_scale=499.0641
🚀 APPLYING GUIDANCE at step 30 (timestep=666)
🎯 GUIDANCE STEP 30 (t=666): Loss=0.6221, Rho=22.180834, Grad_norm=0.0451, Final_scale=221.8083
🚀 APPLYING GUIDANCE at step 31 (timestep=647)
🎯 GUIDANCE STEP 31 (t=647): Loss=0.6279, Rho=22.171064, Grad_norm=0.0451, Final_scale=221.7106
🚀 APPLYING GUIDANCE at step 32 (timestep=627)
🎯 GUIDANCE STEP 32 (t=627): Loss=0.6265, Rho=49.756203, Grad_norm=0.0201, Final_scale=497.5620
🚀 APPLYING GUIDANCE at step 33 (timestep=606)
🎯 GUIDANCE STEP 33 (t=606): Loss=0.6245, Rho=47.587536, Grad_norm=0.0210, Final_scale=475.8754
🚀 APPLYING GUIDANCE at step 34 (timestep=585)
🎯 GUIDANCE STEP 34 (t=585): Loss=0.6235, Rho=53.001141, Grad_norm=0.0189, Final_scale=530.0114
🚀 APPLYING GUIDANCE at step 35 (timestep=562)
🎯 GUIDANCE STEP 35 (t=562): Loss=0.6240, Rho=54.984596, Grad_norm=0.0182, Final_scale=549.8460
🚀 APPLYING GUIDANCE at step 36 (timestep=538)
🎯 GUIDANCE STEP 36 (t=538): Loss=0.6245, Rho=38.697754, Grad_norm=0.0258, Final_scale=386.9775
🚀 APPLYING GUIDANCE at step 37 (timestep=512)
🎯 GUIDANCE STEP 37 (t=512): Loss=0.6270, Rho=83.104118, Grad_norm=0.0120, Final_scale=831.0412
🚀 APPLYING GUIDANCE at step 38 (timestep=486)
🎯 GUIDANCE STEP 38 (t=486): Loss=0.6250, Rho=73.195786, Grad_norm=0.0137, Final_scale=731.9579
🚀 APPLYING GUIDANCE at step 39 (timestep=458)
🎯 GUIDANCE STEP 39 (t=458): Loss=0.6255, Rho=44.418087, Grad_norm=0.0225, Final_scale=444.1809
🚀 APPLYING GUIDANCE at step 40 (timestep=428)
🎯 GUIDANCE STEP 40 (t=428): Loss=0.6216, Rho=41.495785, Grad_norm=0.0241, Final_scale=414.9578
🚀 APPLYING GUIDANCE at step 41 (timestep=396)
🎯 GUIDANCE STEP 41 (t=396): Loss=0.6230, Rho=70.016159, Grad_norm=0.0143, Final_scale=700.1616
🚀 APPLYING GUIDANCE at step 42 (timestep=363)
🎯 GUIDANCE STEP 42 (t=363): Loss=0.6196, Rho=50.098072, Grad_norm=0.0200, Final_scale=500.9807
🚀 APPLYING GUIDANCE at step 43 (timestep=327)
🎯 GUIDANCE STEP 43 (t=327): Loss=0.6206, Rho=40.719021, Grad_norm=0.0246, Final_scale=407.1902
🚀 APPLYING GUIDANCE at step 44 (timestep=290)
🎯 GUIDANCE STEP 44 (t=290): Loss=0.6226, Rho=53.891106, Grad_norm=0.0186, Final_scale=538.9111
🚀 APPLYING GUIDANCE at step 45 (timestep=249)
🎯 GUIDANCE STEP 45 (t=249): Loss=0.6235, Rho=56.308735, Grad_norm=0.0178, Final_scale=563.0873
🚀 APPLYING GUIDANCE at step 46 (timestep=206)
🎯 GUIDANCE STEP 46 (t=206): Loss=0.6182, Rho=61.516804, Grad_norm=0.0163, Final_scale=615.1680
🚀 APPLYING GUIDANCE at step 47 (timestep=160)
🎯 GUIDANCE STEP 47 (t=160): Loss=0.6230, Rho=35.648514, Grad_norm=0.0281, Final_scale=356.4851
🚀 APPLYING GUIDANCE at step 48 (timestep=111)
🎯 GUIDANCE STEP 48 (t=111): Loss=0.6191, Rho=8.578514, Grad_norm=0.1166, Final_scale=85.7851
🚀 APPLYING GUIDANCE at step 49 (timestep=57)
🎯 GUIDANCE STEP 49 (t=57): Loss=0.6211, Rho=40.806034, Grad_norm=0.0245, Final_scale=408.0603
[guidance_f33_s50_w8c6_rho10.0_cfg5.0_0701_1608] Generated: generated_videos/subject_consistency/guidance_f33_s50_w8c6_rho10.0_cfg5.0_0701_1608/a_motorcycle_gliding_through_a_snowy_field.mp4
[guidance_f33_s50_w8c6_rho10.0_cfg5.0_0701_1608] Generating video 2/9 (guidance): a motorcycle accelerating to gain speed
🎬 STARTING GUIDANCE PIPELINE GENERATION
   Frames: 33, Steps: 50, CFG Scale: 5.0

🔧 GUIDANCE PIPELINE CONFIGURATION:
   Guidance range: 0 - 1001
   Rho scale: 10.0
   V-JEPA kernel_size: 8
   V-JEPA context_length: 6
   V-JEPA stride: 2
   V-JEPA mode: max
   Total timesteps: 50

🚀 APPLYING GUIDANCE at step 0 (timestep=999)
🎯 GUIDANCE STEP 0 (t=999): Loss=0.5537, Rho=36.478764, Grad_norm=0.0274, Final_scale=364.7876
🚀 APPLYING GUIDANCE at step 1 (timestep=992)
🎯 GUIDANCE STEP 1 (t=992): Loss=0.5581, Rho=7.253232, Grad_norm=0.1379, Final_scale=72.5323
🚀 APPLYING GUIDANCE at step 2 (timestep=985)
🎯 GUIDANCE STEP 2 (t=985): Loss=0.5879, Rho=15.713234, Grad_norm=0.0636, Final_scale=157.1323
🚀 APPLYING GUIDANCE at step 3 (timestep=978)
🎯 GUIDANCE STEP 3 (t=978): Loss=0.5830, Rho=11.101427, Grad_norm=0.0901, Final_scale=111.0143
🚀 APPLYING GUIDANCE at step 4 (timestep=971)
🎯 GUIDANCE STEP 4 (t=971): Loss=0.5918, Rho=5.909058, Grad_norm=0.1692, Final_scale=59.0906
🚀 APPLYING GUIDANCE at step 5 (timestep=963)
🎯 GUIDANCE STEP 5 (t=963): Loss=0.6074, Rho=8.277891, Grad_norm=0.1208, Final_scale=82.7789
🚀 APPLYING GUIDANCE at step 6 (timestep=956)
🎯 GUIDANCE STEP 6 (t=956): Loss=0.6050, Rho=10.825755, Grad_norm=0.0924, Final_scale=108.2576
🚀 APPLYING GUIDANCE at step 7 (timestep=948)
🎯 GUIDANCE STEP 7 (t=948): Loss=0.6001, Rho=11.543594, Grad_norm=0.0866, Final_scale=115.4359
🚀 APPLYING GUIDANCE at step 8 (timestep=939)
🎯 GUIDANCE STEP 8 (t=939): Loss=0.6182, Rho=10.369925, Grad_norm=0.0964, Final_scale=103.6992
🚀 APPLYING GUIDANCE at step 9 (timestep=931)
🎯 GUIDANCE STEP 9 (t=931): Loss=0.6089, Rho=9.503049, Grad_norm=0.1052, Final_scale=95.0305
🚀 APPLYING GUIDANCE at step 10 (timestep=922)
🎯 GUIDANCE STEP 10 (t=922): Loss=0.6079, Rho=8.199229, Grad_norm=0.1220, Final_scale=81.9923
🚀 APPLYING GUIDANCE at step 11 (timestep=913)
🎯 GUIDANCE STEP 11 (t=913): Loss=0.6152, Rho=5.507236, Grad_norm=0.1816, Final_scale=55.0724
🚀 APPLYING GUIDANCE at step 12 (timestep=904)
🎯 GUIDANCE STEP 12 (t=904): Loss=0.6133, Rho=7.708864, Grad_norm=0.1297, Final_scale=77.0886
🚀 APPLYING GUIDANCE at step 13 (timestep=894)
🎯 GUIDANCE STEP 13 (t=894): Loss=0.6113, Rho=5.028750, Grad_norm=0.1989, Final_scale=50.2875
🚀 APPLYING GUIDANCE at step 14 (timestep=884)
🎯 GUIDANCE STEP 14 (t=884): Loss=0.6123, Rho=6.210773, Grad_norm=0.1610, Final_scale=62.1077
🚀 APPLYING GUIDANCE at step 15 (timestep=874)
🎯 GUIDANCE STEP 15 (t=874): Loss=0.6128, Rho=9.192267, Grad_norm=0.1088, Final_scale=91.9227
🚀 APPLYING GUIDANCE at step 16 (timestep=864)
🎯 GUIDANCE STEP 16 (t=864): Loss=0.6084, Rho=9.600303, Grad_norm=0.1042, Final_scale=96.0030
🚀 APPLYING GUIDANCE at step 17 (timestep=853)
🎯 GUIDANCE STEP 17 (t=853): Loss=0.6045, Rho=6.324497, Grad_norm=0.1581, Final_scale=63.2450
🚀 APPLYING GUIDANCE at step 18 (timestep=841)
🎯 GUIDANCE STEP 18 (t=841): Loss=0.6060, Rho=7.748223, Grad_norm=0.1291, Final_scale=77.4822
🚀 APPLYING GUIDANCE at step 19 (timestep=829)
🎯 GUIDANCE STEP 19 (t=829): Loss=0.6074, Rho=7.554438, Grad_norm=0.1324, Final_scale=75.5444
🚀 APPLYING GUIDANCE at step 20 (timestep=817)
🎯 GUIDANCE STEP 20 (t=817): Loss=0.6079, Rho=5.618183, Grad_norm=0.1780, Final_scale=56.1818
🚀 APPLYING GUIDANCE at step 21 (timestep=805)
🎯 GUIDANCE STEP 21 (t=805): Loss=0.6084, Rho=12.116343, Grad_norm=0.0825, Final_scale=121.1634
🚀 APPLYING GUIDANCE at step 22 (timestep=792)
🎯 GUIDANCE STEP 22 (t=792): Loss=0.6133, Rho=11.038818, Grad_norm=0.0906, Final_scale=110.3882
🚀 APPLYING GUIDANCE at step 23 (timestep=778)
🎯 GUIDANCE STEP 23 (t=778): Loss=0.6143, Rho=3.651330, Grad_norm=0.2739, Final_scale=36.5133
🚀 APPLYING GUIDANCE at step 24 (timestep=764)
🎯 GUIDANCE STEP 24 (t=764): Loss=0.6162, Rho=13.141077, Grad_norm=0.0761, Final_scale=131.4108
🚀 APPLYING GUIDANCE at step 25 (timestep=749)
🎯 GUIDANCE STEP 25 (t=749): Loss=0.6118, Rho=2.857444, Grad_norm=0.3500, Final_scale=28.5744
🚀 APPLYING GUIDANCE at step 26 (timestep=734)
🎯 GUIDANCE STEP 26 (t=734): Loss=0.6162, Rho=7.494754, Grad_norm=0.1334, Final_scale=74.9475
🚀 APPLYING GUIDANCE at step 27 (timestep=718)
🎯 GUIDANCE STEP 27 (t=718): Loss=0.6128, Rho=17.766165, Grad_norm=0.0563, Final_scale=177.6616
🚀 APPLYING GUIDANCE at step 28 (timestep=701)
🎯 GUIDANCE STEP 28 (t=701): Loss=0.6084, Rho=8.769377, Grad_norm=0.1140, Final_scale=87.6938
🚀 APPLYING GUIDANCE at step 29 (timestep=684)
🎯 GUIDANCE STEP 29 (t=684): Loss=0.6099, Rho=17.568398, Grad_norm=0.0569, Final_scale=175.6840
🚀 APPLYING GUIDANCE at step 30 (timestep=666)
🎯 GUIDANCE STEP 30 (t=666): Loss=0.6104, Rho=8.647873, Grad_norm=0.1156, Final_scale=86.4787
🚀 APPLYING GUIDANCE at step 31 (timestep=647)
🎯 GUIDANCE STEP 31 (t=647): Loss=0.6113, Rho=16.169287, Grad_norm=0.0618, Final_scale=161.6929
🚀 APPLYING GUIDANCE at step 32 (timestep=627)
🎯 GUIDANCE STEP 32 (t=627): Loss=0.6138, Rho=8.202742, Grad_norm=0.1219, Final_scale=82.0274
🚀 APPLYING GUIDANCE at step 33 (timestep=606)
🎯 GUIDANCE STEP 33 (t=606): Loss=0.6118, Rho=6.132353, Grad_norm=0.1631, Final_scale=61.3235
🚀 APPLYING GUIDANCE at step 34 (timestep=585)
🎯 GUIDANCE STEP 34 (t=585): Loss=0.6128, Rho=12.541531, Grad_norm=0.0797, Final_scale=125.4153
🚀 APPLYING GUIDANCE at step 35 (timestep=562)
🎯 GUIDANCE STEP 35 (t=562): Loss=0.6143, Rho=5.008289, Grad_norm=0.1997, Final_scale=50.0829
🚀 APPLYING GUIDANCE at step 36 (timestep=538)
🎯 GUIDANCE STEP 36 (t=538): Loss=0.6147, Rho=16.609016, Grad_norm=0.0602, Final_scale=166.0902
🚀 APPLYING GUIDANCE at step 37 (timestep=512)
🎯 GUIDANCE STEP 37 (t=512): Loss=0.6099, Rho=21.415024, Grad_norm=0.0467, Final_scale=214.1502
🚀 APPLYING GUIDANCE at step 38 (timestep=486)
🎯 GUIDANCE STEP 38 (t=486): Loss=0.6104, Rho=21.176996, Grad_norm=0.0472, Final_scale=211.7700
🚀 APPLYING GUIDANCE at step 39 (timestep=458)
🎯 GUIDANCE STEP 39 (t=458): Loss=0.6099, Rho=13.338927, Grad_norm=0.0750, Final_scale=133.3893
🚀 APPLYING GUIDANCE at step 40 (timestep=428)
🎯 GUIDANCE STEP 40 (t=428): Loss=0.6084, Rho=15.768559, Grad_norm=0.0634, Final_scale=157.6856
🚀 APPLYING GUIDANCE at step 41 (timestep=396)
🎯 GUIDANCE STEP 41 (t=396): Loss=0.6079, Rho=25.528805, Grad_norm=0.0392, Final_scale=255.2880
🚀 APPLYING GUIDANCE at step 42 (timestep=363)
🎯 GUIDANCE STEP 42 (t=363): Loss=0.6055, Rho=29.411840, Grad_norm=0.0340, Final_scale=294.1184
🚀 APPLYING GUIDANCE at step 43 (timestep=327)
🎯 GUIDANCE STEP 43 (t=327): Loss=0.6084, Rho=20.599506, Grad_norm=0.0485, Final_scale=205.9951
🚀 APPLYING GUIDANCE at step 44 (timestep=290)
🎯 GUIDANCE STEP 44 (t=290): Loss=0.6138, Rho=17.219488, Grad_norm=0.0581, Final_scale=172.1949
🚀 APPLYING GUIDANCE at step 45 (timestep=249)
🎯 GUIDANCE STEP 45 (t=249): Loss=0.6089, Rho=18.187021, Grad_norm=0.0550, Final_scale=181.8702
🚀 APPLYING GUIDANCE at step 46 (timestep=206)
🎯 GUIDANCE STEP 46 (t=206): Loss=0.6084, Rho=20.108873, Grad_norm=0.0497, Final_scale=201.0887
🚀 APPLYING GUIDANCE at step 47 (timestep=160)
🎯 GUIDANCE STEP 47 (t=160): Loss=0.6016, Rho=40.535042, Grad_norm=0.0247, Final_scale=405.3504
🚀 APPLYING GUIDANCE at step 48 (timestep=111)
🎯 GUIDANCE STEP 48 (t=111): Loss=0.6006, Rho=23.098476, Grad_norm=0.0433, Final_scale=230.9848
🚀 APPLYING GUIDANCE at step 49 (timestep=57)
🎯 GUIDANCE STEP 49 (t=57): Loss=0.6055, Rho=19.065676, Grad_norm=0.0525, Final_scale=190.6568
[guidance_f33_s50_w8c6_rho10.0_cfg5.0_0701_1608] Generated: generated_videos/subject_consistency/guidance_f33_s50_w8c6_rho10.0_cfg5.0_0701_1608/a_dog_enjoying_a_peaceful_walk.mp4
[guidance_f33_s50_w8c6_rho10.0_cfg5.0_0701_1608] Generating video 2/9 (guidance): a dog playing in park
🎬 STARTING GUIDANCE PIPELINE GENERATION
   Frames: 33, Steps: 50, CFG Scale: 5.0

🔧 GUIDANCE PIPELINE CONFIGURATION:
   Guidance range: 0 - 1001
   Rho scale: 10.0
   V-JEPA kernel_size: 8
   V-JEPA context_length: 6
   V-JEPA stride: 2
   V-JEPA mode: max
   Total timesteps: 50

🚀 APPLYING GUIDANCE at step 0 (timestep=999)
🎯 GUIDANCE STEP 0 (t=999): Loss=0.5986, Rho=6.418878, Grad_norm=0.1558, Final_scale=64.1888
🚀 APPLYING GUIDANCE at step 1 (timestep=992)
🎯 GUIDANCE STEP 1 (t=992): Loss=0.5977, Rho=16.881594, Grad_norm=0.0592, Final_scale=168.8159
🚀 APPLYING GUIDANCE at step 2 (timestep=985)
🎯 GUIDANCE STEP 2 (t=985): Loss=0.6021, Rho=15.039993, Grad_norm=0.0665, Final_scale=150.3999
🚀 APPLYING GUIDANCE at step 3 (timestep=978)
🎯 GUIDANCE STEP 3 (t=978): Loss=0.6025, Rho=12.385355, Grad_norm=0.0807, Final_scale=123.8535
🚀 APPLYING GUIDANCE at step 4 (timestep=971)
🎯 GUIDANCE STEP 4 (t=971): Loss=0.6152, Rho=17.986195, Grad_norm=0.0556, Final_scale=179.8619
🚀 APPLYING GUIDANCE at step 5 (timestep=963)
🎯 GUIDANCE STEP 5 (t=963): Loss=0.6104, Rho=4.519106, Grad_norm=0.2213, Final_scale=45.1911
🚀 APPLYING GUIDANCE at step 6 (timestep=956)
🎯 GUIDANCE STEP 6 (t=956): Loss=0.6128, Rho=11.332666, Grad_norm=0.0882, Final_scale=113.3267
🚀 APPLYING GUIDANCE at step 7 (timestep=948)
🎯 GUIDANCE STEP 7 (t=948): Loss=0.6172, Rho=6.003093, Grad_norm=0.1666, Final_scale=60.0309
🚀 APPLYING GUIDANCE at step 8 (timestep=939)
🎯 GUIDANCE STEP 8 (t=939): Loss=0.6157, Rho=3.505092, Grad_norm=0.2853, Final_scale=35.0509
🚀 APPLYING GUIDANCE at step 9 (timestep=931)
🎯 GUIDANCE STEP 9 (t=931): Loss=0.6108, Rho=10.707244, Grad_norm=0.0934, Final_scale=107.0724
🚀 APPLYING GUIDANCE at step 10 (timestep=922)
🎯 GUIDANCE STEP 10 (t=922): Loss=0.6113, Rho=4.912776, Grad_norm=0.2036, Final_scale=49.1278
🚀 APPLYING GUIDANCE at step 11 (timestep=913)
🎯 GUIDANCE STEP 11 (t=913): Loss=0.6138, Rho=4.225419, Grad_norm=0.2367, Final_scale=42.2542
🚀 APPLYING GUIDANCE at step 12 (timestep=904)
🎯 GUIDANCE STEP 12 (t=904): Loss=0.6172, Rho=8.270004, Grad_norm=0.1209, Final_scale=82.7000
🚀 APPLYING GUIDANCE at step 13 (timestep=894)
🎯 GUIDANCE STEP 13 (t=894): Loss=0.6123, Rho=4.499372, Grad_norm=0.2223, Final_scale=44.9937
🚀 APPLYING GUIDANCE at step 14 (timestep=884)
🎯 GUIDANCE STEP 14 (t=884): Loss=0.6162, Rho=4.870679, Grad_norm=0.2053, Final_scale=48.7068
🚀 APPLYING GUIDANCE at step 15 (timestep=874)
🎯 GUIDANCE STEP 15 (t=874): Loss=0.6147, Rho=3.891238, Grad_norm=0.2570, Final_scale=38.9124
🚀 APPLYING GUIDANCE at step 16 (timestep=864)
🎯 GUIDANCE STEP 16 (t=864): Loss=0.6133, Rho=6.343613, Grad_norm=0.1576, Final_scale=63.4361
🚀 APPLYING GUIDANCE at step 17 (timestep=853)
🎯 GUIDANCE STEP 17 (t=853): Loss=0.6113, Rho=3.210386, Grad_norm=0.3115, Final_scale=32.1039
🚀 APPLYING GUIDANCE at step 18 (timestep=841)
🎯 GUIDANCE STEP 18 (t=841): Loss=0.6162, Rho=4.697022, Grad_norm=0.2129, Final_scale=46.9702
🚀 APPLYING GUIDANCE at step 19 (timestep=829)
🎯 GUIDANCE STEP 19 (t=829): Loss=0.6138, Rho=9.149824, Grad_norm=0.1093, Final_scale=91.4982
🚀 APPLYING GUIDANCE at step 20 (timestep=817)
🎯 GUIDANCE STEP 20 (t=817): Loss=0.6113, Rho=1.178755, Grad_norm=0.8484, Final_scale=11.7876
🚀 APPLYING GUIDANCE at step 21 (timestep=805)
🎯 GUIDANCE STEP 21 (t=805): Loss=0.6143, Rho=5.691682, Grad_norm=0.1757, Final_scale=56.9168
🚀 APPLYING GUIDANCE at step 22 (timestep=792)
🎯 GUIDANCE STEP 22 (t=792): Loss=0.6094, Rho=4.153100, Grad_norm=0.2408, Final_scale=41.5310
🚀 APPLYING GUIDANCE at step 23 (timestep=778)
🎯 GUIDANCE STEP 23 (t=778): Loss=0.6099, Rho=4.138975, Grad_norm=0.2416, Final_scale=41.3897
🚀 APPLYING GUIDANCE at step 24 (timestep=764)
🎯 GUIDANCE STEP 24 (t=764): Loss=0.6113, Rho=13.463039, Grad_norm=0.0743, Final_scale=134.6304
🚀 APPLYING GUIDANCE at step 25 (timestep=749)
🎯 GUIDANCE STEP 25 (t=749): Loss=0.6113, Rho=7.287247, Grad_norm=0.1372, Final_scale=72.8725
🚀 APPLYING GUIDANCE at step 26 (timestep=734)
🎯 GUIDANCE STEP 26 (t=734): Loss=0.6108, Rho=14.106378, Grad_norm=0.0709, Final_scale=141.0638
🚀 APPLYING GUIDANCE at step 27 (timestep=718)
🎯 GUIDANCE STEP 27 (t=718): Loss=0.6128, Rho=17.779383, Grad_norm=0.0562, Final_scale=177.7938
🚀 APPLYING GUIDANCE at step 28 (timestep=701)
🎯 GUIDANCE STEP 28 (t=701): Loss=0.6123, Rho=4.694445, Grad_norm=0.2130, Final_scale=46.9444
🚀 APPLYING GUIDANCE at step 29 (timestep=684)
🎯 GUIDANCE STEP 29 (t=684): Loss=0.6133, Rho=9.499373, Grad_norm=0.1053, Final_scale=94.9937
🚀 APPLYING GUIDANCE at step 30 (timestep=666)
🎯 GUIDANCE STEP 30 (t=666): Loss=0.6108, Rho=19.017805, Grad_norm=0.0526, Final_scale=190.1781
🚀 APPLYING GUIDANCE at step 31 (timestep=647)
🎯 GUIDANCE STEP 31 (t=647): Loss=0.6138, Rho=18.688215, Grad_norm=0.0535, Final_scale=186.8822
🚀 APPLYING GUIDANCE at step 32 (timestep=627)
🎯 GUIDANCE STEP 32 (t=627): Loss=0.6118, Rho=12.884916, Grad_norm=0.0776, Final_scale=128.8492
🚀 APPLYING GUIDANCE at step 33 (timestep=606)
🎯 GUIDANCE STEP 33 (t=606): Loss=0.6113, Rho=22.998728, Grad_norm=0.0435, Final_scale=229.9873
🚀 APPLYING GUIDANCE at step 34 (timestep=585)
🎯 GUIDANCE STEP 34 (t=585): Loss=0.6138, Rho=14.538461, Grad_norm=0.0688, Final_scale=145.3846
🚀 APPLYING GUIDANCE at step 35 (timestep=562)
🎯 GUIDANCE STEP 35 (t=562): Loss=0.6133, Rho=18.911579, Grad_norm=0.0529, Final_scale=189.1158
🚀 APPLYING GUIDANCE at step 36 (timestep=538)
🎯 GUIDANCE STEP 36 (t=538): Loss=0.6128, Rho=16.140600, Grad_norm=0.0620, Final_scale=161.4060
🚀 APPLYING GUIDANCE at step 37 (timestep=512)
🎯 GUIDANCE STEP 37 (t=512): Loss=0.6133, Rho=20.138376, Grad_norm=0.0497, Final_scale=201.3838
🚀 APPLYING GUIDANCE at step 38 (timestep=486)
🎯 GUIDANCE STEP 38 (t=486): Loss=0.6118, Rho=11.046080, Grad_norm=0.0905, Final_scale=110.4608
🚀 APPLYING GUIDANCE at step 39 (timestep=458)
🎯 GUIDANCE STEP 39 (t=458): Loss=0.6113, Rho=17.159052, Grad_norm=0.0583, Final_scale=171.5905
🚀 APPLYING GUIDANCE at step 40 (timestep=428)
🎯 GUIDANCE STEP 40 (t=428): Loss=0.6128, Rho=27.123026, Grad_norm=0.0369, Final_scale=271.2303
🚀 APPLYING GUIDANCE at step 41 (timestep=396)
🎯 GUIDANCE STEP 41 (t=396): Loss=0.6123, Rho=38.305565, Grad_norm=0.0261, Final_scale=383.0556
🚀 APPLYING GUIDANCE at step 42 (timestep=363)
🎯 GUIDANCE STEP 42 (t=363): Loss=0.6123, Rho=22.235737, Grad_norm=0.0450, Final_scale=222.3574
🚀 APPLYING GUIDANCE at step 43 (timestep=327)
🎯 GUIDANCE STEP 43 (t=327): Loss=0.6113, Rho=21.349403, Grad_norm=0.0468, Final_scale=213.4940
🚀 APPLYING GUIDANCE at step 44 (timestep=290)
🎯 GUIDANCE STEP 44 (t=290): Loss=0.6108, Rho=20.051014, Grad_norm=0.0499, Final_scale=200.5101
🚀 APPLYING GUIDANCE at step 45 (timestep=249)
🎯 GUIDANCE STEP 45 (t=249): Loss=0.6128, Rho=14.818480, Grad_norm=0.0675, Final_scale=148.1848
🚀 APPLYING GUIDANCE at step 46 (timestep=206)
🎯 GUIDANCE STEP 46 (t=206): Loss=0.6104, Rho=20.026949, Grad_norm=0.0499, Final_scale=200.2695
🚀 APPLYING GUIDANCE at step 47 (timestep=160)
🎯 GUIDANCE STEP 47 (t=160): Loss=0.6143, Rho=17.757061, Grad_norm=0.0563, Final_scale=177.5706
🚀 APPLYING GUIDANCE at step 48 (timestep=111)
🎯 GUIDANCE STEP 48 (t=111): Loss=0.6113, Rho=8.827643, Grad_norm=0.1133, Final_scale=88.2764
🚀 APPLYING GUIDANCE at step 49 (timestep=57)
🎯 GUIDANCE STEP 49 (t=57): Loss=0.6118, Rho=4.227295, Grad_norm=0.2366, Final_scale=42.2730
[guidance_f33_s50_w8c6_rho10.0_cfg5.0_0701_1608] Generated: generated_videos/subject_consistency/guidance_f33_s50_w8c6_rho10.0_cfg5.0_0701_1608/a_train_speeding_down_the_tracks.mp4
[guidance_f33_s50_w8c6_rho10.0_cfg5.0_0701_1608] Generating video 2/9 (guidance): a train crossing over a tall bridge
🎬 STARTING GUIDANCE PIPELINE GENERATION
   Frames: 33, Steps: 50, CFG Scale: 5.0

🔧 GUIDANCE PIPELINE CONFIGURATION:
   Guidance range: 0 - 1001
   Rho scale: 10.0
   V-JEPA kernel_size: 8
   V-JEPA context_length: 6
   V-JEPA stride: 2
   V-JEPA mode: max
   Total timesteps: 50

🚀 APPLYING GUIDANCE at step 0 (timestep=999)
🎯 GUIDANCE STEP 0 (t=999): Loss=0.6045, Rho=8.222528, Grad_norm=0.1216, Final_scale=82.2253
🚀 APPLYING GUIDANCE at step 1 (timestep=992)
🎯 GUIDANCE STEP 1 (t=992): Loss=0.5518, Rho=13.163114, Grad_norm=0.0760, Final_scale=131.6311
🚀 APPLYING GUIDANCE at step 2 (timestep=985)
🎯 GUIDANCE STEP 2 (t=985): Loss=0.6074, Rho=11.668228, Grad_norm=0.0857, Final_scale=116.6823
🚀 APPLYING GUIDANCE at step 3 (timestep=978)
🎯 GUIDANCE STEP 3 (t=978): Loss=0.6138, Rho=11.506420, Grad_norm=0.0869, Final_scale=115.0642
🚀 APPLYING GUIDANCE at step 4 (timestep=971)
🎯 GUIDANCE STEP 4 (t=971): Loss=0.6235, Rho=10.562572, Grad_norm=0.0947, Final_scale=105.6257
🚀 APPLYING GUIDANCE at step 5 (timestep=963)
🎯 GUIDANCE STEP 5 (t=963): Loss=0.6147, Rho=6.166738, Grad_norm=0.1622, Final_scale=61.6674
🚀 APPLYING GUIDANCE at step 6 (timestep=956)
🎯 GUIDANCE STEP 6 (t=956): Loss=0.6201, Rho=8.079448, Grad_norm=0.1238, Final_scale=80.7945
🚀 APPLYING GUIDANCE at step 7 (timestep=948)
🎯 GUIDANCE STEP 7 (t=948): Loss=0.6289, Rho=7.592747, Grad_norm=0.1317, Final_scale=75.9275
🚀 APPLYING GUIDANCE at step 8 (timestep=939)
🎯 GUIDANCE STEP 8 (t=939): Loss=0.6284, Rho=6.207982, Grad_norm=0.1611, Final_scale=62.0798
🚀 APPLYING GUIDANCE at step 9 (timestep=931)
🎯 GUIDANCE STEP 9 (t=931): Loss=0.6294, Rho=7.974826, Grad_norm=0.1254, Final_scale=79.7483
🚀 APPLYING GUIDANCE at step 10 (timestep=922)
🎯 GUIDANCE STEP 10 (t=922): Loss=0.6299, Rho=9.206788, Grad_norm=0.1086, Final_scale=92.0679
🚀 APPLYING GUIDANCE at step 11 (timestep=913)
🎯 GUIDANCE STEP 11 (t=913): Loss=0.6279, Rho=8.539940, Grad_norm=0.1171, Final_scale=85.3994
🚀 APPLYING GUIDANCE at step 12 (timestep=904)
🎯 GUIDANCE STEP 12 (t=904): Loss=0.6309, Rho=10.665548, Grad_norm=0.0938, Final_scale=106.6555
🚀 APPLYING GUIDANCE at step 13 (timestep=894)
🎯 GUIDANCE STEP 13 (t=894): Loss=0.6289, Rho=6.197303, Grad_norm=0.1614, Final_scale=61.9730
🚀 APPLYING GUIDANCE at step 14 (timestep=884)
🎯 GUIDANCE STEP 14 (t=884): Loss=0.6313, Rho=6.088400, Grad_norm=0.1642, Final_scale=60.8840
🚀 APPLYING GUIDANCE at step 15 (timestep=874)
🎯 GUIDANCE STEP 15 (t=874): Loss=0.6367, Rho=4.761136, Grad_norm=0.2100, Final_scale=47.6114
🚀 APPLYING GUIDANCE at step 16 (timestep=864)
🎯 GUIDANCE STEP 16 (t=864): Loss=0.6323, Rho=8.863257, Grad_norm=0.1128, Final_scale=88.6326
🚀 APPLYING GUIDANCE at step 17 (timestep=853)
🎯 GUIDANCE STEP 17 (t=853): Loss=0.6348, Rho=7.498435, Grad_norm=0.1334, Final_scale=74.9844
🚀 APPLYING GUIDANCE at step 18 (timestep=841)
🎯 GUIDANCE STEP 18 (t=841): Loss=0.6284, Rho=6.216219, Grad_norm=0.1609, Final_scale=62.1622
🚀 APPLYING GUIDANCE at step 19 (timestep=829)
🎯 GUIDANCE STEP 19 (t=829): Loss=0.6279, Rho=11.813349, Grad_norm=0.0847, Final_scale=118.1335
🚀 APPLYING GUIDANCE at step 20 (timestep=817)
🎯 GUIDANCE STEP 20 (t=817): Loss=0.6279, Rho=6.594144, Grad_norm=0.1516, Final_scale=65.9414
🚀 APPLYING GUIDANCE at step 21 (timestep=805)
🎯 GUIDANCE STEP 21 (t=805): Loss=0.6294, Rho=11.137625, Grad_norm=0.0898, Final_scale=111.3762
🚀 APPLYING GUIDANCE at step 22 (timestep=792)
🎯 GUIDANCE STEP 22 (t=792): Loss=0.6294, Rho=11.194006, Grad_norm=0.0893, Final_scale=111.9401
🚀 APPLYING GUIDANCE at step 23 (timestep=778)
🎯 GUIDANCE STEP 23 (t=778): Loss=0.6343, Rho=5.689049, Grad_norm=0.1758, Final_scale=56.8905
🚀 APPLYING GUIDANCE at step 24 (timestep=764)
🎯 GUIDANCE STEP 24 (t=764): Loss=0.6328, Rho=5.469248, Grad_norm=0.1828, Final_scale=54.6925
🚀 APPLYING GUIDANCE at step 25 (timestep=749)
🎯 GUIDANCE STEP 25 (t=749): Loss=0.6348, Rho=9.876410, Grad_norm=0.1013, Final_scale=98.7641
🚀 APPLYING GUIDANCE at step 26 (timestep=734)
🎯 GUIDANCE STEP 26 (t=734): Loss=0.6318, Rho=3.663178, Grad_norm=0.2730, Final_scale=36.6318
🚀 APPLYING GUIDANCE at step 27 (timestep=718)
🎯 GUIDANCE STEP 27 (t=718): Loss=0.6304, Rho=9.807261, Grad_norm=0.1020, Final_scale=98.0726
🚀 APPLYING GUIDANCE at step 28 (timestep=701)
🎯 GUIDANCE STEP 28 (t=701): Loss=0.6289, Rho=7.653605, Grad_norm=0.1307, Final_scale=76.5360
🚀 APPLYING GUIDANCE at step 29 (timestep=684)
🎯 GUIDANCE STEP 29 (t=684): Loss=0.6309, Rho=9.191450, Grad_norm=0.1088, Final_scale=91.9145
🚀 APPLYING GUIDANCE at step 30 (timestep=666)
🎯 GUIDANCE STEP 30 (t=666): Loss=0.6270, Rho=13.452869, Grad_norm=0.0743, Final_scale=134.5287
🚀 APPLYING GUIDANCE at step 31 (timestep=647)
🎯 GUIDANCE STEP 31 (t=647): Loss=0.6294, Rho=8.188144, Grad_norm=0.1221, Final_scale=81.8814
🚀 APPLYING GUIDANCE at step 32 (timestep=627)
🎯 GUIDANCE STEP 32 (t=627): Loss=0.6289, Rho=14.306776, Grad_norm=0.0699, Final_scale=143.0678
🚀 APPLYING GUIDANCE at step 33 (timestep=606)
🎯 GUIDANCE STEP 33 (t=606): Loss=0.6279, Rho=13.007861, Grad_norm=0.0769, Final_scale=130.0786
🚀 APPLYING GUIDANCE at step 34 (timestep=585)
🎯 GUIDANCE STEP 34 (t=585): Loss=0.6294, Rho=11.193352, Grad_norm=0.0893, Final_scale=111.9335
🚀 APPLYING GUIDANCE at step 35 (timestep=562)
🎯 GUIDANCE STEP 35 (t=562): Loss=0.6284, Rho=15.864429, Grad_norm=0.0630, Final_scale=158.6443
🚀 APPLYING GUIDANCE at step 36 (timestep=538)
🎯 GUIDANCE STEP 36 (t=538): Loss=0.6294, Rho=8.716425, Grad_norm=0.1147, Final_scale=87.1642
🚀 APPLYING GUIDANCE at step 37 (timestep=512)
🎯 GUIDANCE STEP 37 (t=512): Loss=0.6279, Rho=33.594757, Grad_norm=0.0298, Final_scale=335.9476
🚀 APPLYING GUIDANCE at step 38 (timestep=486)
🎯 GUIDANCE STEP 38 (t=486): Loss=0.6255, Rho=21.967810, Grad_norm=0.0455, Final_scale=219.6781
🚀 APPLYING GUIDANCE at step 39 (timestep=458)
🎯 GUIDANCE STEP 39 (t=458): Loss=0.6265, Rho=9.464331, Grad_norm=0.1057, Final_scale=94.6433
🚀 APPLYING GUIDANCE at step 40 (timestep=428)
🎯 GUIDANCE STEP 40 (t=428): Loss=0.6279, Rho=10.314455, Grad_norm=0.0970, Final_scale=103.1446
🚀 APPLYING GUIDANCE at step 41 (timestep=396)
🎯 GUIDANCE STEP 41 (t=396): Loss=0.6270, Rho=14.936363, Grad_norm=0.0670, Final_scale=149.3636
🚀 APPLYING GUIDANCE at step 42 (timestep=363)
🎯 GUIDANCE STEP 42 (t=363): Loss=0.6265, Rho=29.215935, Grad_norm=0.0342, Final_scale=292.1593
🚀 APPLYING GUIDANCE at step 43 (timestep=327)
🎯 GUIDANCE STEP 43 (t=327): Loss=0.6250, Rho=19.858114, Grad_norm=0.0504, Final_scale=198.5811
🚀 APPLYING GUIDANCE at step 44 (timestep=290)
🎯 GUIDANCE STEP 44 (t=290): Loss=0.6230, Rho=19.166611, Grad_norm=0.0522, Final_scale=191.6661
🚀 APPLYING GUIDANCE at step 45 (timestep=249)
🎯 GUIDANCE STEP 45 (t=249): Loss=0.6245, Rho=30.249241, Grad_norm=0.0331, Final_scale=302.4924
🚀 APPLYING GUIDANCE at step 46 (timestep=206)
🎯 GUIDANCE STEP 46 (t=206): Loss=0.6230, Rho=16.659006, Grad_norm=0.0600, Final_scale=166.5901
🚀 APPLYING GUIDANCE at step 47 (timestep=160)
🎯 GUIDANCE STEP 47 (t=160): Loss=0.6240, Rho=39.462006, Grad_norm=0.0253, Final_scale=394.6201
🚀 APPLYING GUIDANCE at step 48 (timestep=111)
🎯 GUIDANCE STEP 48 (t=111): Loss=0.6211, Rho=19.163839, Grad_norm=0.0522, Final_scale=191.6384
🚀 APPLYING GUIDANCE at step 49 (timestep=57)
🎯 GUIDANCE STEP 49 (t=57): Loss=0.6230, Rho=16.517056, Grad_norm=0.0605, Final_scale=165.1706
[guidance_f33_s50_w8c6_rho10.0_cfg5.0_0701_1608] Generated: generated_videos/subject_consistency/guidance_f33_s50_w8c6_rho10.0_cfg5.0_0701_1608/a_bear_climbing_a_tree.mp4
[guidance_f33_s50_w8c6_rho10.0_cfg5.0_0701_1608] Generating video 3/9 (guidance): a bear hunting for prey
🎬 STARTING GUIDANCE PIPELINE GENERATION
   Frames: 33, Steps: 50, CFG Scale: 5.0

🔧 GUIDANCE PIPELINE CONFIGURATION:
   Guidance range: 0 - 1001
   Rho scale: 10.0
   V-JEPA kernel_size: 8
   V-JEPA context_length: 6
   V-JEPA stride: 2
   V-JEPA mode: max
   Total timesteps: 50

🚀 APPLYING GUIDANCE at step 0 (timestep=999)
🎯 GUIDANCE STEP 0 (t=999): Loss=0.5815, Rho=11.287616, Grad_norm=0.0886, Final_scale=112.8762
🚀 APPLYING GUIDANCE at step 1 (timestep=992)
🎯 GUIDANCE STEP 1 (t=992): Loss=0.5586, Rho=13.934983, Grad_norm=0.0718, Final_scale=139.3498
🚀 APPLYING GUIDANCE at step 2 (timestep=985)
🎯 GUIDANCE STEP 2 (t=985): Loss=0.5894, Rho=16.493261, Grad_norm=0.0606, Final_scale=164.9326
🚀 APPLYING GUIDANCE at step 3 (timestep=978)
🎯 GUIDANCE STEP 3 (t=978): Loss=0.6206, Rho=8.327193, Grad_norm=0.1201, Final_scale=83.2719
🚀 APPLYING GUIDANCE at step 4 (timestep=971)
🎯 GUIDANCE STEP 4 (t=971): Loss=0.6250, Rho=8.932529, Grad_norm=0.1120, Final_scale=89.3253
🚀 APPLYING GUIDANCE at step 5 (timestep=963)
🎯 GUIDANCE STEP 5 (t=963): Loss=0.6289, Rho=9.152042, Grad_norm=0.1093, Final_scale=91.5204
🚀 APPLYING GUIDANCE at step 6 (timestep=956)
🎯 GUIDANCE STEP 6 (t=956): Loss=0.6226, Rho=8.357247, Grad_norm=0.1197, Final_scale=83.5725
🚀 APPLYING GUIDANCE at step 7 (timestep=948)
🎯 GUIDANCE STEP 7 (t=948): Loss=0.6255, Rho=8.185332, Grad_norm=0.1222, Final_scale=81.8533
🚀 APPLYING GUIDANCE at step 8 (timestep=939)
🎯 GUIDANCE STEP 8 (t=939): Loss=0.6309, Rho=6.766262, Grad_norm=0.1478, Final_scale=67.6626
🚀 APPLYING GUIDANCE at step 9 (timestep=931)
🎯 GUIDANCE STEP 9 (t=931): Loss=0.6289, Rho=5.023369, Grad_norm=0.1991, Final_scale=50.2337
🚀 APPLYING GUIDANCE at step 10 (timestep=922)
🎯 GUIDANCE STEP 10 (t=922): Loss=0.6284, Rho=9.600508, Grad_norm=0.1042, Final_scale=96.0051
🚀 APPLYING GUIDANCE at step 11 (timestep=913)
🎯 GUIDANCE STEP 11 (t=913): Loss=0.6382, Rho=3.290769, Grad_norm=0.3039, Final_scale=32.9077
🚀 APPLYING GUIDANCE at step 12 (timestep=904)
🎯 GUIDANCE STEP 12 (t=904): Loss=0.6343, Rho=6.019135, Grad_norm=0.1661, Final_scale=60.1913
🚀 APPLYING GUIDANCE at step 13 (timestep=894)
🎯 GUIDANCE STEP 13 (t=894): Loss=0.6392, Rho=6.373330, Grad_norm=0.1569, Final_scale=63.7333
🚀 APPLYING GUIDANCE at step 14 (timestep=884)
🎯 GUIDANCE STEP 14 (t=884): Loss=0.6367, Rho=4.977618, Grad_norm=0.2009, Final_scale=49.7762
🚀 APPLYING GUIDANCE at step 15 (timestep=874)
🎯 GUIDANCE STEP 15 (t=874): Loss=0.6362, Rho=8.335858, Grad_norm=0.1200, Final_scale=83.3586
🚀 APPLYING GUIDANCE at step 16 (timestep=864)
🎯 GUIDANCE STEP 16 (t=864): Loss=0.6387, Rho=9.541866, Grad_norm=0.1048, Final_scale=95.4187
🚀 APPLYING GUIDANCE at step 17 (timestep=853)
🎯 GUIDANCE STEP 17 (t=853): Loss=0.6343, Rho=8.266124, Grad_norm=0.1210, Final_scale=82.6612
🚀 APPLYING GUIDANCE at step 18 (timestep=841)
🎯 GUIDANCE STEP 18 (t=841): Loss=0.6328, Rho=9.160437, Grad_norm=0.1092, Final_scale=91.6044
🚀 APPLYING GUIDANCE at step 19 (timestep=829)
🎯 GUIDANCE STEP 19 (t=829): Loss=0.6309, Rho=9.165580, Grad_norm=0.1091, Final_scale=91.6558
🚀 APPLYING GUIDANCE at step 20 (timestep=817)
🎯 GUIDANCE STEP 20 (t=817): Loss=0.6338, Rho=14.054910, Grad_norm=0.0711, Final_scale=140.5491
🚀 APPLYING GUIDANCE at step 21 (timestep=805)
🎯 GUIDANCE STEP 21 (t=805): Loss=0.6362, Rho=13.274462, Grad_norm=0.0753, Final_scale=132.7446
🚀 APPLYING GUIDANCE at step 22 (timestep=792)
🎯 GUIDANCE STEP 22 (t=792): Loss=0.6333, Rho=6.441333, Grad_norm=0.1552, Final_scale=64.4133
🚀 APPLYING GUIDANCE at step 23 (timestep=778)
🎯 GUIDANCE STEP 23 (t=778): Loss=0.6396, Rho=9.997310, Grad_norm=0.1000, Final_scale=99.9731
🚀 APPLYING GUIDANCE at step 24 (timestep=764)
🎯 GUIDANCE STEP 24 (t=764): Loss=0.6382, Rho=10.149526, Grad_norm=0.0985, Final_scale=101.4953
🚀 APPLYING GUIDANCE at step 25 (timestep=749)
🎯 GUIDANCE STEP 25 (t=749): Loss=0.6377, Rho=5.877249, Grad_norm=0.1701, Final_scale=58.7725
🚀 APPLYING GUIDANCE at step 26 (timestep=734)
🎯 GUIDANCE STEP 26 (t=734): Loss=0.6392, Rho=8.854743, Grad_norm=0.1129, Final_scale=88.5474
🚀 APPLYING GUIDANCE at step 27 (timestep=718)
🎯 GUIDANCE STEP 27 (t=718): Loss=0.6367, Rho=19.419979, Grad_norm=0.0515, Final_scale=194.1998
🚀 APPLYING GUIDANCE at step 28 (timestep=701)
🎯 GUIDANCE STEP 28 (t=701): Loss=0.6362, Rho=28.467756, Grad_norm=0.0351, Final_scale=284.6776
🚀 APPLYING GUIDANCE at step 29 (timestep=684)
🎯 GUIDANCE STEP 29 (t=684): Loss=0.6353, Rho=9.691167, Grad_norm=0.1032, Final_scale=96.9117
🚀 APPLYING GUIDANCE at step 30 (timestep=666)
🎯 GUIDANCE STEP 30 (t=666): Loss=0.6362, Rho=22.249508, Grad_norm=0.0449, Final_scale=222.4951
🚀 APPLYING GUIDANCE at step 31 (timestep=647)
🎯 GUIDANCE STEP 31 (t=647): Loss=0.6367, Rho=5.923842, Grad_norm=0.1688, Final_scale=59.2384
🚀 APPLYING GUIDANCE at step 32 (timestep=627)
🎯 GUIDANCE STEP 32 (t=627): Loss=0.6372, Rho=11.302867, Grad_norm=0.0885, Final_scale=113.0287
🚀 APPLYING GUIDANCE at step 33 (timestep=606)
🎯 GUIDANCE STEP 33 (t=606): Loss=0.6372, Rho=31.466522, Grad_norm=0.0318, Final_scale=314.6652
🚀 APPLYING GUIDANCE at step 34 (timestep=585)
🎯 GUIDANCE STEP 34 (t=585): Loss=0.6348, Rho=12.746311, Grad_norm=0.0785, Final_scale=127.4631
🚀 APPLYING GUIDANCE at step 35 (timestep=562)
🎯 GUIDANCE STEP 35 (t=562): Loss=0.6343, Rho=23.583967, Grad_norm=0.0424, Final_scale=235.8397
🚀 APPLYING GUIDANCE at step 36 (timestep=538)
🎯 GUIDANCE STEP 36 (t=538): Loss=0.6387, Rho=30.743929, Grad_norm=0.0325, Final_scale=307.4393
🚀 APPLYING GUIDANCE at step 37 (timestep=512)
🎯 GUIDANCE STEP 37 (t=512): Loss=0.6367, Rho=18.509935, Grad_norm=0.0540, Final_scale=185.0994
🚀 APPLYING GUIDANCE at step 38 (timestep=486)
🎯 GUIDANCE STEP 38 (t=486): Loss=0.6343, Rho=24.224480, Grad_norm=0.0413, Final_scale=242.2448
🚀 APPLYING GUIDANCE at step 39 (timestep=458)
🎯 GUIDANCE STEP 39 (t=458): Loss=0.6348, Rho=25.782528, Grad_norm=0.0388, Final_scale=257.8253
🚀 APPLYING GUIDANCE at step 40 (timestep=428)
🎯 GUIDANCE STEP 40 (t=428): Loss=0.6343, Rho=27.518557, Grad_norm=0.0363, Final_scale=275.1856
🚀 APPLYING GUIDANCE at step 41 (timestep=396)
🎯 GUIDANCE STEP 41 (t=396): Loss=0.6353, Rho=34.843742, Grad_norm=0.0287, Final_scale=348.4374
🚀 APPLYING GUIDANCE at step 42 (timestep=363)
🎯 GUIDANCE STEP 42 (t=363): Loss=0.6338, Rho=34.818188, Grad_norm=0.0287, Final_scale=348.1819
🚀 APPLYING GUIDANCE at step 43 (timestep=327)
🎯 GUIDANCE STEP 43 (t=327): Loss=0.6338, Rho=28.461370, Grad_norm=0.0351, Final_scale=284.6137
🚀 APPLYING GUIDANCE at step 44 (timestep=290)
🎯 GUIDANCE STEP 44 (t=290): Loss=0.6318, Rho=26.335562, Grad_norm=0.0380, Final_scale=263.3556
🚀 APPLYING GUIDANCE at step 45 (timestep=249)
🎯 GUIDANCE STEP 45 (t=249): Loss=0.6348, Rho=47.220131, Grad_norm=0.0212, Final_scale=472.2013
🚀 APPLYING GUIDANCE at step 46 (timestep=206)
🎯 GUIDANCE STEP 46 (t=206): Loss=0.6323, Rho=34.228027, Grad_norm=0.0292, Final_scale=342.2803
🚀 APPLYING GUIDANCE at step 47 (timestep=160)
🎯 GUIDANCE STEP 47 (t=160): Loss=0.6333, Rho=17.266298, Grad_norm=0.0579, Final_scale=172.6630
🚀 APPLYING GUIDANCE at step 48 (timestep=111)
🎯 GUIDANCE STEP 48 (t=111): Loss=0.6304, Rho=28.300312, Grad_norm=0.0353, Final_scale=283.0031
🚀 APPLYING GUIDANCE at step 49 (timestep=57)
🎯 GUIDANCE STEP 49 (t=57): Loss=0.6313, Rho=30.793333, Grad_norm=0.0325, Final_scale=307.9333
[guidance_f33_s50_w8c6_rho10.0_cfg5.0_0701_1608] Generated: generated_videos/subject_consistency/guidance_f33_s50_w8c6_rho10.0_cfg5.0_0701_1608/a_person_giving_a_presentation_to_a_room_full_of_c.mp4
[guidance_f33_s50_w8c6_rho10.0_cfg5.0_0701_1608] Generating video 3/9 (guidance): a person washing the dishes
🎬 STARTING GUIDANCE PIPELINE GENERATION
   Frames: 33, Steps: 50, CFG Scale: 5.0

🔧 GUIDANCE PIPELINE CONFIGURATION:
   Guidance range: 0 - 1001
   Rho scale: 10.0
   V-JEPA kernel_size: 8
   V-JEPA context_length: 6
   V-JEPA stride: 2
   V-JEPA mode: max
   Total timesteps: 50

🚀 APPLYING GUIDANCE at step 0 (timestep=999)
🎯 GUIDANCE STEP 0 (t=999): Loss=0.5859, Rho=13.458614, Grad_norm=0.0743, Final_scale=134.5861
🚀 APPLYING GUIDANCE at step 1 (timestep=992)
🎯 GUIDANCE STEP 1 (t=992): Loss=0.5796, Rho=15.000192, Grad_norm=0.0667, Final_scale=150.0019
🚀 APPLYING GUIDANCE at step 2 (timestep=985)
🎯 GUIDANCE STEP 2 (t=985): Loss=0.5522, Rho=7.289398, Grad_norm=0.1372, Final_scale=72.8940
🚀 APPLYING GUIDANCE at step 3 (timestep=978)
🎯 GUIDANCE STEP 3 (t=978): Loss=0.5679, Rho=15.401562, Grad_norm=0.0649, Final_scale=154.0156
🚀 APPLYING GUIDANCE at step 4 (timestep=971)
🎯 GUIDANCE STEP 4 (t=971): Loss=0.5957, Rho=10.926713, Grad_norm=0.0915, Final_scale=109.2671
🚀 APPLYING GUIDANCE at step 5 (timestep=963)
🎯 GUIDANCE STEP 5 (t=963): Loss=0.5835, Rho=6.290806, Grad_norm=0.1590, Final_scale=62.9081
🚀 APPLYING GUIDANCE at step 6 (timestep=956)
🎯 GUIDANCE STEP 6 (t=956): Loss=0.6128, Rho=3.755111, Grad_norm=0.2663, Final_scale=37.5511
🚀 APPLYING GUIDANCE at step 7 (timestep=948)
🎯 GUIDANCE STEP 7 (t=948): Loss=0.6226, Rho=6.687682, Grad_norm=0.1495, Final_scale=66.8768
🚀 APPLYING GUIDANCE at step 8 (timestep=939)
🎯 GUIDANCE STEP 8 (t=939): Loss=0.6284, Rho=5.030869, Grad_norm=0.1988, Final_scale=50.3087
🚀 APPLYING GUIDANCE at step 9 (timestep=931)
🎯 GUIDANCE STEP 9 (t=931): Loss=0.6362, Rho=6.770855, Grad_norm=0.1477, Final_scale=67.7085
🚀 APPLYING GUIDANCE at step 10 (timestep=922)
🎯 GUIDANCE STEP 10 (t=922): Loss=0.6328, Rho=5.412300, Grad_norm=0.1848, Final_scale=54.1230
🚀 APPLYING GUIDANCE at step 11 (timestep=913)
🎯 GUIDANCE STEP 11 (t=913): Loss=0.6304, Rho=4.988101, Grad_norm=0.2005, Final_scale=49.8810
🚀 APPLYING GUIDANCE at step 12 (timestep=904)
🎯 GUIDANCE STEP 12 (t=904): Loss=0.6313, Rho=4.673770, Grad_norm=0.2140, Final_scale=46.7377
🚀 APPLYING GUIDANCE at step 13 (timestep=894)
🎯 GUIDANCE STEP 13 (t=894): Loss=0.6274, Rho=5.492890, Grad_norm=0.1821, Final_scale=54.9289
🚀 APPLYING GUIDANCE at step 14 (timestep=884)
🎯 GUIDANCE STEP 14 (t=884): Loss=0.6309, Rho=2.642091, Grad_norm=0.3785, Final_scale=26.4209
🚀 APPLYING GUIDANCE at step 15 (timestep=874)
🎯 GUIDANCE STEP 15 (t=874): Loss=0.6323, Rho=3.323757, Grad_norm=0.3009, Final_scale=33.2376
🚀 APPLYING GUIDANCE at step 16 (timestep=864)
🎯 GUIDANCE STEP 16 (t=864): Loss=0.6274, Rho=0.469910, Grad_norm=2.1281, Final_scale=4.6991
🚀 APPLYING GUIDANCE at step 17 (timestep=853)
🎯 GUIDANCE STEP 17 (t=853): Loss=0.6313, Rho=5.860312, Grad_norm=0.1706, Final_scale=58.6031
🚀 APPLYING GUIDANCE at step 18 (timestep=841)
🎯 GUIDANCE STEP 18 (t=841): Loss=0.6289, Rho=3.263976, Grad_norm=0.3064, Final_scale=32.6398
🚀 APPLYING GUIDANCE at step 19 (timestep=829)
🎯 GUIDANCE STEP 19 (t=829): Loss=0.6353, Rho=2.196058, Grad_norm=0.4554, Final_scale=21.9606
🚀 APPLYING GUIDANCE at step 20 (timestep=817)
🎯 GUIDANCE STEP 20 (t=817): Loss=0.6304, Rho=8.000186, Grad_norm=0.1250, Final_scale=80.0019
🚀 APPLYING GUIDANCE at step 21 (timestep=805)
🎯 GUIDANCE STEP 21 (t=805): Loss=0.6333, Rho=4.769804, Grad_norm=0.2097, Final_scale=47.6980
🚀 APPLYING GUIDANCE at step 22 (timestep=792)
🎯 GUIDANCE STEP 22 (t=792): Loss=0.6260, Rho=2.595036, Grad_norm=0.3854, Final_scale=25.9504
🚀 APPLYING GUIDANCE at step 23 (timestep=778)
🎯 GUIDANCE STEP 23 (t=778): Loss=0.6284, Rho=8.535548, Grad_norm=0.1172, Final_scale=85.3555
🚀 APPLYING GUIDANCE at step 24 (timestep=764)
🎯 GUIDANCE STEP 24 (t=764): Loss=0.6284, Rho=7.211496, Grad_norm=0.1387, Final_scale=72.1150
🚀 APPLYING GUIDANCE at step 25 (timestep=749)
🎯 GUIDANCE STEP 25 (t=749): Loss=0.6255, Rho=7.504738, Grad_norm=0.1332, Final_scale=75.0474
🚀 APPLYING GUIDANCE at step 26 (timestep=734)
🎯 GUIDANCE STEP 26 (t=734): Loss=0.6270, Rho=8.256782, Grad_norm=0.1211, Final_scale=82.5678
🚀 APPLYING GUIDANCE at step 27 (timestep=718)
🎯 GUIDANCE STEP 27 (t=718): Loss=0.6260, Rho=7.973311, Grad_norm=0.1254, Final_scale=79.7331
🚀 APPLYING GUIDANCE at step 28 (timestep=701)
🎯 GUIDANCE STEP 28 (t=701): Loss=0.6265, Rho=7.003726, Grad_norm=0.1428, Final_scale=70.0373
🚀 APPLYING GUIDANCE at step 29 (timestep=684)
🎯 GUIDANCE STEP 29 (t=684): Loss=0.6255, Rho=2.938943, Grad_norm=0.3403, Final_scale=29.3894
🚀 APPLYING GUIDANCE at step 30 (timestep=666)
🎯 GUIDANCE STEP 30 (t=666): Loss=0.6270, Rho=5.233842, Grad_norm=0.1911, Final_scale=52.3384
🚀 APPLYING GUIDANCE at step 31 (timestep=647)
🎯 GUIDANCE STEP 31 (t=647): Loss=0.6230, Rho=5.113511, Grad_norm=0.1956, Final_scale=51.1351
🚀 APPLYING GUIDANCE at step 32 (timestep=627)
🎯 GUIDANCE STEP 32 (t=627): Loss=0.6230, Rho=4.562606, Grad_norm=0.2192, Final_scale=45.6261
🚀 APPLYING GUIDANCE at step 33 (timestep=606)
🎯 GUIDANCE STEP 33 (t=606): Loss=0.6235, Rho=9.847283, Grad_norm=0.1016, Final_scale=98.4728
🚀 APPLYING GUIDANCE at step 34 (timestep=585)
🎯 GUIDANCE STEP 34 (t=585): Loss=0.6235, Rho=15.330426, Grad_norm=0.0652, Final_scale=153.3043
🚀 APPLYING GUIDANCE at step 35 (timestep=562)
🎯 GUIDANCE STEP 35 (t=562): Loss=0.6245, Rho=8.083749, Grad_norm=0.1237, Final_scale=80.8375
🚀 APPLYING GUIDANCE at step 36 (timestep=538)
🎯 GUIDANCE STEP 36 (t=538): Loss=0.6255, Rho=9.168934, Grad_norm=0.1091, Final_scale=91.6893
🚀 APPLYING GUIDANCE at step 37 (timestep=512)
🎯 GUIDANCE STEP 37 (t=512): Loss=0.6255, Rho=14.463875, Grad_norm=0.0691, Final_scale=144.6387
🚀 APPLYING GUIDANCE at step 38 (timestep=486)
🎯 GUIDANCE STEP 38 (t=486): Loss=0.6221, Rho=9.304994, Grad_norm=0.1075, Final_scale=93.0499
🚀 APPLYING GUIDANCE at step 39 (timestep=458)
🎯 GUIDANCE STEP 39 (t=458): Loss=0.6255, Rho=15.240447, Grad_norm=0.0656, Final_scale=152.4045
🚀 APPLYING GUIDANCE at step 40 (timestep=428)
🎯 GUIDANCE STEP 40 (t=428): Loss=0.6240, Rho=16.411407, Grad_norm=0.0609, Final_scale=164.1141
🚀 APPLYING GUIDANCE at step 41 (timestep=396)
🎯 GUIDANCE STEP 41 (t=396): Loss=0.6226, Rho=25.197536, Grad_norm=0.0397, Final_scale=251.9754
🚀 APPLYING GUIDANCE at step 42 (timestep=363)
🎯 GUIDANCE STEP 42 (t=363): Loss=0.6221, Rho=5.412005, Grad_norm=0.1848, Final_scale=54.1201
🚀 APPLYING GUIDANCE at step 43 (timestep=327)
🎯 GUIDANCE STEP 43 (t=327): Loss=0.6226, Rho=24.060598, Grad_norm=0.0416, Final_scale=240.6060
🚀 APPLYING GUIDANCE at step 44 (timestep=290)
🎯 GUIDANCE STEP 44 (t=290): Loss=0.6211, Rho=30.777523, Grad_norm=0.0325, Final_scale=307.7752
🚀 APPLYING GUIDANCE at step 45 (timestep=249)
🎯 GUIDANCE STEP 45 (t=249): Loss=0.6211, Rho=8.072734, Grad_norm=0.1239, Final_scale=80.7273
🚀 APPLYING GUIDANCE at step 46 (timestep=206)
🎯 GUIDANCE STEP 46 (t=206): Loss=0.6206, Rho=17.622829, Grad_norm=0.0567, Final_scale=176.2283
🚀 APPLYING GUIDANCE at step 47 (timestep=160)
🎯 GUIDANCE STEP 47 (t=160): Loss=0.6226, Rho=12.314971, Grad_norm=0.0812, Final_scale=123.1497
🚀 APPLYING GUIDANCE at step 48 (timestep=111)
🎯 GUIDANCE STEP 48 (t=111): Loss=0.6191, Rho=34.308250, Grad_norm=0.0291, Final_scale=343.0825
🚀 APPLYING GUIDANCE at step 49 (timestep=57)
🎯 GUIDANCE STEP 49 (t=57): Loss=0.6177, Rho=27.118586, Grad_norm=0.0369, Final_scale=271.1859
[guidance_f33_s50_w8c6_rho10.0_cfg5.0_0701_1608] Generated: generated_videos/subject_consistency/guidance_f33_s50_w8c6_rho10.0_cfg5.0_0701_1608/a_sheep_running_to_join_a_herd_of_its_kind.mp4
[guidance_f33_s50_w8c6_rho10.0_cfg5.0_0701_1608] Generating video 3/9 (guidance): a cow bending down to drink water from a river
🎬 STARTING GUIDANCE PIPELINE GENERATION
   Frames: 33, Steps: 50, CFG Scale: 5.0

🔧 GUIDANCE PIPELINE CONFIGURATION:
   Guidance range: 0 - 1001
   Rho scale: 10.0
   V-JEPA kernel_size: 8
   V-JEPA context_length: 6
   V-JEPA stride: 2
   V-JEPA mode: max
   Total timesteps: 50

🚀 APPLYING GUIDANCE at step 0 (timestep=999)
🎯 GUIDANCE STEP 0 (t=999): Loss=0.5742, Rho=18.381514, Grad_norm=0.0544, Final_scale=183.8151
🚀 APPLYING GUIDANCE at step 1 (timestep=992)
🎯 GUIDANCE STEP 1 (t=992): Loss=0.5396, Rho=14.842280, Grad_norm=0.0674, Final_scale=148.4228
🚀 APPLYING GUIDANCE at step 2 (timestep=985)
🎯 GUIDANCE STEP 2 (t=985): Loss=0.5405, Rho=8.142188, Grad_norm=0.1228, Final_scale=81.4219
🚀 APPLYING GUIDANCE at step 3 (timestep=978)
🎯 GUIDANCE STEP 3 (t=978): Loss=0.5742, Rho=12.604537, Grad_norm=0.0793, Final_scale=126.0454
🚀 APPLYING GUIDANCE at step 4 (timestep=971)
🎯 GUIDANCE STEP 4 (t=971): Loss=0.5967, Rho=7.652874, Grad_norm=0.1307, Final_scale=76.5287
🚀 APPLYING GUIDANCE at step 5 (timestep=963)
🎯 GUIDANCE STEP 5 (t=963): Loss=0.6064, Rho=5.600963, Grad_norm=0.1785, Final_scale=56.0096
🚀 APPLYING GUIDANCE at step 6 (timestep=956)
🎯 GUIDANCE STEP 6 (t=956): Loss=0.6152, Rho=10.005136, Grad_norm=0.0999, Final_scale=100.0514
🚀 APPLYING GUIDANCE at step 7 (timestep=948)
🎯 GUIDANCE STEP 7 (t=948): Loss=0.6138, Rho=8.313818, Grad_norm=0.1203, Final_scale=83.1382
🚀 APPLYING GUIDANCE at step 8 (timestep=939)
🎯 GUIDANCE STEP 8 (t=939): Loss=0.6191, Rho=7.288069, Grad_norm=0.1372, Final_scale=72.8807
🚀 APPLYING GUIDANCE at step 9 (timestep=931)
🎯 GUIDANCE STEP 9 (t=931): Loss=0.6270, Rho=8.201395, Grad_norm=0.1219, Final_scale=82.0140
🚀 APPLYING GUIDANCE at step 10 (timestep=922)
🎯 GUIDANCE STEP 10 (t=922): Loss=0.6318, Rho=3.053154, Grad_norm=0.3275, Final_scale=30.5315
🚀 APPLYING GUIDANCE at step 11 (timestep=913)
🎯 GUIDANCE STEP 11 (t=913): Loss=0.6323, Rho=2.366351, Grad_norm=0.4226, Final_scale=23.6635
🚀 APPLYING GUIDANCE at step 12 (timestep=904)
🎯 GUIDANCE STEP 12 (t=904): Loss=0.6318, Rho=3.358625, Grad_norm=0.2977, Final_scale=33.5863
🚀 APPLYING GUIDANCE at step 13 (timestep=894)
🎯 GUIDANCE STEP 13 (t=894): Loss=0.6274, Rho=5.283261, Grad_norm=0.1893, Final_scale=52.8326
🚀 APPLYING GUIDANCE at step 14 (timestep=884)
🎯 GUIDANCE STEP 14 (t=884): Loss=0.6260, Rho=8.153394, Grad_norm=0.1226, Final_scale=81.5339
🚀 APPLYING GUIDANCE at step 15 (timestep=874)
🎯 GUIDANCE STEP 15 (t=874): Loss=0.6255, Rho=5.173479, Grad_norm=0.1933, Final_scale=51.7348
🚀 APPLYING GUIDANCE at step 16 (timestep=864)
🎯 GUIDANCE STEP 16 (t=864): Loss=0.6265, Rho=3.530013, Grad_norm=0.2833, Final_scale=35.3001
🚀 APPLYING GUIDANCE at step 17 (timestep=853)
🎯 GUIDANCE STEP 17 (t=853): Loss=0.6216, Rho=3.389252, Grad_norm=0.2951, Final_scale=33.8925
🚀 APPLYING GUIDANCE at step 18 (timestep=841)
🎯 GUIDANCE STEP 18 (t=841): Loss=0.6245, Rho=9.859531, Grad_norm=0.1014, Final_scale=98.5953
🚀 APPLYING GUIDANCE at step 19 (timestep=829)
🎯 GUIDANCE STEP 19 (t=829): Loss=0.6226, Rho=5.416587, Grad_norm=0.1846, Final_scale=54.1659
🚀 APPLYING GUIDANCE at step 20 (timestep=817)
🎯 GUIDANCE STEP 20 (t=817): Loss=0.6245, Rho=6.541901, Grad_norm=0.1529, Final_scale=65.4190
🚀 APPLYING GUIDANCE at step 21 (timestep=805)
🎯 GUIDANCE STEP 21 (t=805): Loss=0.6255, Rho=6.875247, Grad_norm=0.1454, Final_scale=68.7525
🚀 APPLYING GUIDANCE at step 22 (timestep=792)
🎯 GUIDANCE STEP 22 (t=792): Loss=0.6260, Rho=5.163890, Grad_norm=0.1937, Final_scale=51.6389
🚀 APPLYING GUIDANCE at step 23 (timestep=778)
🎯 GUIDANCE STEP 23 (t=778): Loss=0.6230, Rho=7.666068, Grad_norm=0.1304, Final_scale=76.6607
🚀 APPLYING GUIDANCE at step 24 (timestep=764)
🎯 GUIDANCE STEP 24 (t=764): Loss=0.6221, Rho=4.561703, Grad_norm=0.2192, Final_scale=45.6170
🚀 APPLYING GUIDANCE at step 25 (timestep=749)
🎯 GUIDANCE STEP 25 (t=749): Loss=0.6216, Rho=4.489794, Grad_norm=0.2227, Final_scale=44.8979
🚀 APPLYING GUIDANCE at step 26 (timestep=734)
🎯 GUIDANCE STEP 26 (t=734): Loss=0.6206, Rho=6.265173, Grad_norm=0.1596, Final_scale=62.6517
🚀 APPLYING GUIDANCE at step 27 (timestep=718)
🎯 GUIDANCE STEP 27 (t=718): Loss=0.6206, Rho=3.918752, Grad_norm=0.2552, Final_scale=39.1875
🚀 APPLYING GUIDANCE at step 28 (timestep=701)
🎯 GUIDANCE STEP 28 (t=701): Loss=0.6191, Rho=3.587191, Grad_norm=0.2788, Final_scale=35.8719
🚀 APPLYING GUIDANCE at step 29 (timestep=684)
🎯 GUIDANCE STEP 29 (t=684): Loss=0.6201, Rho=3.623966, Grad_norm=0.2759, Final_scale=36.2397
🚀 APPLYING GUIDANCE at step 30 (timestep=666)
🎯 GUIDANCE STEP 30 (t=666): Loss=0.6221, Rho=3.093569, Grad_norm=0.3233, Final_scale=30.9357
🚀 APPLYING GUIDANCE at step 31 (timestep=647)
🎯 GUIDANCE STEP 31 (t=647): Loss=0.6240, Rho=7.811834, Grad_norm=0.1280, Final_scale=78.1183
🚀 APPLYING GUIDANCE at step 32 (timestep=627)
🎯 GUIDANCE STEP 32 (t=627): Loss=0.6255, Rho=10.095522, Grad_norm=0.0991, Final_scale=100.9552
🚀 APPLYING GUIDANCE at step 33 (timestep=606)
🎯 GUIDANCE STEP 33 (t=606): Loss=0.6206, Rho=8.171283, Grad_norm=0.1224, Final_scale=81.7128
🚀 APPLYING GUIDANCE at step 34 (timestep=585)
🎯 GUIDANCE STEP 34 (t=585): Loss=0.6235, Rho=10.491373, Grad_norm=0.0953, Final_scale=104.9137
🚀 APPLYING GUIDANCE at step 35 (timestep=562)
🎯 GUIDANCE STEP 35 (t=562): Loss=0.6206, Rho=3.972646, Grad_norm=0.2517, Final_scale=39.7265
🚀 APPLYING GUIDANCE at step 36 (timestep=538)
🎯 GUIDANCE STEP 36 (t=538): Loss=0.6235, Rho=10.541526, Grad_norm=0.0949, Final_scale=105.4153
🚀 APPLYING GUIDANCE at step 37 (timestep=512)
🎯 GUIDANCE STEP 37 (t=512): Loss=0.6240, Rho=5.860764, Grad_norm=0.1706, Final_scale=58.6076
🚀 APPLYING GUIDANCE at step 38 (timestep=486)
🎯 GUIDANCE STEP 38 (t=486): Loss=0.6230, Rho=20.742849, Grad_norm=0.0482, Final_scale=207.4285
🚀 APPLYING GUIDANCE at step 39 (timestep=458)
🎯 GUIDANCE STEP 39 (t=458): Loss=0.6201, Rho=19.992828, Grad_norm=0.0500, Final_scale=199.9283
🚀 APPLYING GUIDANCE at step 40 (timestep=428)
🎯 GUIDANCE STEP 40 (t=428): Loss=0.6201, Rho=11.496102, Grad_norm=0.0870, Final_scale=114.9610
🚀 APPLYING GUIDANCE at step 41 (timestep=396)
🎯 GUIDANCE STEP 41 (t=396): Loss=0.6216, Rho=16.918697, Grad_norm=0.0591, Final_scale=169.1870
🚀 APPLYING GUIDANCE at step 42 (timestep=363)
🎯 GUIDANCE STEP 42 (t=363): Loss=0.6201, Rho=14.161491, Grad_norm=0.0706, Final_scale=141.6149
🚀 APPLYING GUIDANCE at step 43 (timestep=327)
🎯 GUIDANCE STEP 43 (t=327): Loss=0.6211, Rho=8.200791, Grad_norm=0.1219, Final_scale=82.0079
🚀 APPLYING GUIDANCE at step 44 (timestep=290)
🎯 GUIDANCE STEP 44 (t=290): Loss=0.6196, Rho=18.461855, Grad_norm=0.0542, Final_scale=184.6185
🚀 APPLYING GUIDANCE at step 45 (timestep=249)
🎯 GUIDANCE STEP 45 (t=249): Loss=0.6201, Rho=3.317454, Grad_norm=0.3014, Final_scale=33.1745
🚀 APPLYING GUIDANCE at step 46 (timestep=206)
🎯 GUIDANCE STEP 46 (t=206): Loss=0.6201, Rho=19.739494, Grad_norm=0.0507, Final_scale=197.3949
🚀 APPLYING GUIDANCE at step 47 (timestep=160)
🎯 GUIDANCE STEP 47 (t=160): Loss=0.6177, Rho=10.380992, Grad_norm=0.0963, Final_scale=103.8099
🚀 APPLYING GUIDANCE at step 48 (timestep=111)
🎯 GUIDANCE STEP 48 (t=111): Loss=0.6177, Rho=10.008676, Grad_norm=0.0999, Final_scale=100.0868
🚀 APPLYING GUIDANCE at step 49 (timestep=57)
🎯 GUIDANCE STEP 49 (t=57): Loss=0.6187, Rho=11.108006, Grad_norm=0.0900, Final_scale=111.0801
[guidance_f33_s50_w8c6_rho10.0_cfg5.0_0701_1608] Generated: generated_videos/subject_consistency/guidance_f33_s50_w8c6_rho10.0_cfg5.0_0701_1608/a_bicycle_accelerating_to_gain_speed.mp4
[guidance_f33_s50_w8c6_rho10.0_cfg5.0_0701_1608] Generating video 3/9 (guidance): a car stuck in traffic during rush hour
🎬 STARTING GUIDANCE PIPELINE GENERATION
   Frames: 33, Steps: 50, CFG Scale: 5.0

🔧 GUIDANCE PIPELINE CONFIGURATION:
   Guidance range: 0 - 1001
   Rho scale: 10.0
   V-JEPA kernel_size: 8
   V-JEPA context_length: 6
   V-JEPA stride: 2
   V-JEPA mode: max
   Total timesteps: 50

🚀 APPLYING GUIDANCE at step 0 (timestep=999)
🎯 GUIDANCE STEP 0 (t=999): Loss=0.5840, Rho=17.126345, Grad_norm=0.0584, Final_scale=171.2634
🚀 APPLYING GUIDANCE at step 1 (timestep=992)
🎯 GUIDANCE STEP 1 (t=992): Loss=0.5767, Rho=4.540220, Grad_norm=0.2203, Final_scale=45.4022
🚀 APPLYING GUIDANCE at step 2 (timestep=985)
🎯 GUIDANCE STEP 2 (t=985): Loss=0.5840, Rho=15.432040, Grad_norm=0.0648, Final_scale=154.3204
🚀 APPLYING GUIDANCE at step 3 (timestep=978)
🎯 GUIDANCE STEP 3 (t=978): Loss=0.6094, Rho=4.875923, Grad_norm=0.2051, Final_scale=48.7592
🚀 APPLYING GUIDANCE at step 4 (timestep=971)
🎯 GUIDANCE STEP 4 (t=971): Loss=0.6196, Rho=8.051944, Grad_norm=0.1242, Final_scale=80.5194
🚀 APPLYING GUIDANCE at step 5 (timestep=963)
🎯 GUIDANCE STEP 5 (t=963): Loss=0.6138, Rho=7.555215, Grad_norm=0.1324, Final_scale=75.5521
🚀 APPLYING GUIDANCE at step 6 (timestep=956)
🎯 GUIDANCE STEP 6 (t=956): Loss=0.6201, Rho=6.685948, Grad_norm=0.1496, Final_scale=66.8595
🚀 APPLYING GUIDANCE at step 7 (timestep=948)
🎯 GUIDANCE STEP 7 (t=948): Loss=0.6235, Rho=7.579236, Grad_norm=0.1319, Final_scale=75.7924
🚀 APPLYING GUIDANCE at step 8 (timestep=939)
🎯 GUIDANCE STEP 8 (t=939): Loss=0.6255, Rho=5.410391, Grad_norm=0.1848, Final_scale=54.1039
🚀 APPLYING GUIDANCE at step 9 (timestep=931)
🎯 GUIDANCE STEP 9 (t=931): Loss=0.6299, Rho=4.958857, Grad_norm=0.2017, Final_scale=49.5886
🚀 APPLYING GUIDANCE at step 10 (timestep=922)
🎯 GUIDANCE STEP 10 (t=922): Loss=0.6318, Rho=7.267471, Grad_norm=0.1376, Final_scale=72.6747
🚀 APPLYING GUIDANCE at step 11 (timestep=913)
🎯 GUIDANCE STEP 11 (t=913): Loss=0.6338, Rho=7.037386, Grad_norm=0.1421, Final_scale=70.3739
🚀 APPLYING GUIDANCE at step 12 (timestep=904)
🎯 GUIDANCE STEP 12 (t=904): Loss=0.6367, Rho=2.329626, Grad_norm=0.4293, Final_scale=23.2963
🚀 APPLYING GUIDANCE at step 13 (timestep=894)
🎯 GUIDANCE STEP 13 (t=894): Loss=0.6382, Rho=7.539625, Grad_norm=0.1326, Final_scale=75.3962
🚀 APPLYING GUIDANCE at step 14 (timestep=884)
🎯 GUIDANCE STEP 14 (t=884): Loss=0.6338, Rho=6.015081, Grad_norm=0.1662, Final_scale=60.1508
🚀 APPLYING GUIDANCE at step 15 (timestep=874)
🎯 GUIDANCE STEP 15 (t=874): Loss=0.6353, Rho=6.544789, Grad_norm=0.1528, Final_scale=65.4479
🚀 APPLYING GUIDANCE at step 16 (timestep=864)
🎯 GUIDANCE STEP 16 (t=864): Loss=0.6333, Rho=6.819266, Grad_norm=0.1466, Final_scale=68.1927
🚀 APPLYING GUIDANCE at step 17 (timestep=853)
🎯 GUIDANCE STEP 17 (t=853): Loss=0.6362, Rho=3.499847, Grad_norm=0.2857, Final_scale=34.9985
🚀 APPLYING GUIDANCE at step 18 (timestep=841)
🎯 GUIDANCE STEP 18 (t=841): Loss=0.6377, Rho=9.313793, Grad_norm=0.1074, Final_scale=93.1379
🚀 APPLYING GUIDANCE at step 19 (timestep=829)
🎯 GUIDANCE STEP 19 (t=829): Loss=0.6353, Rho=5.956637, Grad_norm=0.1679, Final_scale=59.5664
🚀 APPLYING GUIDANCE at step 20 (timestep=817)
🎯 GUIDANCE STEP 20 (t=817): Loss=0.6323, Rho=8.700365, Grad_norm=0.1149, Final_scale=87.0037
🚀 APPLYING GUIDANCE at step 21 (timestep=805)
🎯 GUIDANCE STEP 21 (t=805): Loss=0.6357, Rho=5.760680, Grad_norm=0.1736, Final_scale=57.6068
🚀 APPLYING GUIDANCE at step 22 (timestep=792)
🎯 GUIDANCE STEP 22 (t=792): Loss=0.6367, Rho=8.589240, Grad_norm=0.1164, Final_scale=85.8924
🚀 APPLYING GUIDANCE at step 23 (timestep=778)
🎯 GUIDANCE STEP 23 (t=778): Loss=0.6362, Rho=4.308540, Grad_norm=0.2321, Final_scale=43.0854
🚀 APPLYING GUIDANCE at step 24 (timestep=764)
🎯 GUIDANCE STEP 24 (t=764): Loss=0.6392, Rho=2.684964, Grad_norm=0.3724, Final_scale=26.8496
🚀 APPLYING GUIDANCE at step 25 (timestep=749)
🎯 GUIDANCE STEP 25 (t=749): Loss=0.6348, Rho=2.967305, Grad_norm=0.3370, Final_scale=29.6731
🚀 APPLYING GUIDANCE at step 26 (timestep=734)
🎯 GUIDANCE STEP 26 (t=734): Loss=0.6357, Rho=7.553339, Grad_norm=0.1324, Final_scale=75.5334
🚀 APPLYING GUIDANCE at step 27 (timestep=718)
🎯 GUIDANCE STEP 27 (t=718): Loss=0.6406, Rho=11.387556, Grad_norm=0.0878, Final_scale=113.8756
🚀 APPLYING GUIDANCE at step 28 (timestep=701)
🎯 GUIDANCE STEP 28 (t=701): Loss=0.6362, Rho=10.718575, Grad_norm=0.0933, Final_scale=107.1858
🚀 APPLYING GUIDANCE at step 29 (timestep=684)
🎯 GUIDANCE STEP 29 (t=684): Loss=0.6367, Rho=4.623833, Grad_norm=0.2163, Final_scale=46.2383
🚀 APPLYING GUIDANCE at step 30 (timestep=666)
🎯 GUIDANCE STEP 30 (t=666): Loss=0.6387, Rho=6.434323, Grad_norm=0.1554, Final_scale=64.3432
🚀 APPLYING GUIDANCE at step 31 (timestep=647)
🎯 GUIDANCE STEP 31 (t=647): Loss=0.6338, Rho=13.747479, Grad_norm=0.0727, Final_scale=137.4748
🚀 APPLYING GUIDANCE at step 32 (timestep=627)
🎯 GUIDANCE STEP 32 (t=627): Loss=0.6367, Rho=4.861423, Grad_norm=0.2057, Final_scale=48.6142
🚀 APPLYING GUIDANCE at step 33 (timestep=606)
🎯 GUIDANCE STEP 33 (t=606): Loss=0.6401, Rho=13.924012, Grad_norm=0.0718, Final_scale=139.2401
🚀 APPLYING GUIDANCE at step 34 (timestep=585)
🎯 GUIDANCE STEP 34 (t=585): Loss=0.6392, Rho=6.346833, Grad_norm=0.1576, Final_scale=63.4683
🚀 APPLYING GUIDANCE at step 35 (timestep=562)
🎯 GUIDANCE STEP 35 (t=562): Loss=0.6392, Rho=8.805794, Grad_norm=0.1136, Final_scale=88.0579
🚀 APPLYING GUIDANCE at step 36 (timestep=538)
🎯 GUIDANCE STEP 36 (t=538): Loss=0.6382, Rho=5.546575, Grad_norm=0.1803, Final_scale=55.4658
🚀 APPLYING GUIDANCE at step 37 (timestep=512)
🎯 GUIDANCE STEP 37 (t=512): Loss=0.6377, Rho=10.490945, Grad_norm=0.0953, Final_scale=104.9094
🚀 APPLYING GUIDANCE at step 38 (timestep=486)
🎯 GUIDANCE STEP 38 (t=486): Loss=0.6387, Rho=5.216143, Grad_norm=0.1917, Final_scale=52.1614
🚀 APPLYING GUIDANCE at step 39 (timestep=458)
🎯 GUIDANCE STEP 39 (t=458): Loss=0.6362, Rho=8.801603, Grad_norm=0.1136, Final_scale=88.0160
🚀 APPLYING GUIDANCE at step 40 (timestep=428)
🎯 GUIDANCE STEP 40 (t=428): Loss=0.6357, Rho=6.960855, Grad_norm=0.1437, Final_scale=69.6086
🚀 APPLYING GUIDANCE at step 41 (timestep=396)
🎯 GUIDANCE STEP 41 (t=396): Loss=0.6343, Rho=3.704301, Grad_norm=0.2700, Final_scale=37.0430
🚀 APPLYING GUIDANCE at step 42 (timestep=363)
🎯 GUIDANCE STEP 42 (t=363): Loss=0.6382, Rho=13.061697, Grad_norm=0.0766, Final_scale=130.6170
🚀 APPLYING GUIDANCE at step 43 (timestep=327)
🎯 GUIDANCE STEP 43 (t=327): Loss=0.6357, Rho=25.042271, Grad_norm=0.0399, Final_scale=250.4227
🚀 APPLYING GUIDANCE at step 44 (timestep=290)
🎯 GUIDANCE STEP 44 (t=290): Loss=0.6367, Rho=12.381701, Grad_norm=0.0808, Final_scale=123.8170
🚀 APPLYING GUIDANCE at step 45 (timestep=249)
🎯 GUIDANCE STEP 45 (t=249): Loss=0.6357, Rho=10.690747, Grad_norm=0.0935, Final_scale=106.9075
🚀 APPLYING GUIDANCE at step 46 (timestep=206)
🎯 GUIDANCE STEP 46 (t=206): Loss=0.6348, Rho=29.951807, Grad_norm=0.0334, Final_scale=299.5181
🚀 APPLYING GUIDANCE at step 47 (timestep=160)
🎯 GUIDANCE STEP 47 (t=160): Loss=0.6377, Rho=16.039034, Grad_norm=0.0623, Final_scale=160.3903
🚀 APPLYING GUIDANCE at step 48 (timestep=111)
🎯 GUIDANCE STEP 48 (t=111): Loss=0.6313, Rho=5.903069, Grad_norm=0.1694, Final_scale=59.0307
🚀 APPLYING GUIDANCE at step 49 (timestep=57)
🎯 GUIDANCE STEP 49 (t=57): Loss=0.6328, Rho=14.434299, Grad_norm=0.0693, Final_scale=144.3430
[guidance_f33_s50_w8c6_rho10.0_cfg5.0_0701_1608] Generated: generated_videos/subject_consistency/guidance_f33_s50_w8c6_rho10.0_cfg5.0_0701_1608/a_boat_accelerating_to_gain_speed.mp4
[guidance_f33_s50_w8c6_rho10.0_cfg5.0_0701_1608] Generating video 3/9 (guidance): a bird soaring gracefully in the sky
🎬 STARTING GUIDANCE PIPELINE GENERATION
   Frames: 33, Steps: 50, CFG Scale: 5.0

🔧 GUIDANCE PIPELINE CONFIGURATION:
   Guidance range: 0 - 1001
   Rho scale: 10.0
   V-JEPA kernel_size: 8
   V-JEPA context_length: 6
   V-JEPA stride: 2
   V-JEPA mode: max
   Total timesteps: 50

🚀 APPLYING GUIDANCE at step 0 (timestep=999)
🎯 GUIDANCE STEP 0 (t=999): Loss=0.5981, Rho=17.973015, Grad_norm=0.0556, Final_scale=179.7301
🚀 APPLYING GUIDANCE at step 1 (timestep=992)
🎯 GUIDANCE STEP 1 (t=992): Loss=0.5444, Rho=21.991850, Grad_norm=0.0455, Final_scale=219.9185
🚀 APPLYING GUIDANCE at step 2 (timestep=985)
🎯 GUIDANCE STEP 2 (t=985): Loss=0.5942, Rho=3.551894, Grad_norm=0.2815, Final_scale=35.5189
🚀 APPLYING GUIDANCE at step 3 (timestep=978)
🎯 GUIDANCE STEP 3 (t=978): Loss=0.6074, Rho=6.860457, Grad_norm=0.1458, Final_scale=68.6046
🚀 APPLYING GUIDANCE at step 4 (timestep=971)
🎯 GUIDANCE STEP 4 (t=971): Loss=0.6035, Rho=8.105419, Grad_norm=0.1234, Final_scale=81.0542
🚀 APPLYING GUIDANCE at step 5 (timestep=963)
🎯 GUIDANCE STEP 5 (t=963): Loss=0.6040, Rho=7.362218, Grad_norm=0.1358, Final_scale=73.6222
🚀 APPLYING GUIDANCE at step 6 (timestep=956)
🎯 GUIDANCE STEP 6 (t=956): Loss=0.6152, Rho=10.706285, Grad_norm=0.0934, Final_scale=107.0628
🚀 APPLYING GUIDANCE at step 7 (timestep=948)
🎯 GUIDANCE STEP 7 (t=948): Loss=0.6172, Rho=5.667340, Grad_norm=0.1764, Final_scale=56.6734
🚀 APPLYING GUIDANCE at step 8 (timestep=939)
🎯 GUIDANCE STEP 8 (t=939): Loss=0.6143, Rho=6.105405, Grad_norm=0.1638, Final_scale=61.0541
🚀 APPLYING GUIDANCE at step 9 (timestep=931)
🎯 GUIDANCE STEP 9 (t=931): Loss=0.6123, Rho=10.787835, Grad_norm=0.0927, Final_scale=107.8784
🚀 APPLYING GUIDANCE at step 10 (timestep=922)
🎯 GUIDANCE STEP 10 (t=922): Loss=0.6113, Rho=2.171904, Grad_norm=0.4604, Final_scale=21.7190
🚀 APPLYING GUIDANCE at step 11 (timestep=913)
🎯 GUIDANCE STEP 11 (t=913): Loss=0.6162, Rho=8.804737, Grad_norm=0.1136, Final_scale=88.0474
🚀 APPLYING GUIDANCE at step 12 (timestep=904)
🎯 GUIDANCE STEP 12 (t=904): Loss=0.6162, Rho=9.792678, Grad_norm=0.1021, Final_scale=97.9268
🚀 APPLYING GUIDANCE at step 13 (timestep=894)
🎯 GUIDANCE STEP 13 (t=894): Loss=0.6196, Rho=5.892749, Grad_norm=0.1697, Final_scale=58.9275
🚀 APPLYING GUIDANCE at step 14 (timestep=884)
🎯 GUIDANCE STEP 14 (t=884): Loss=0.6152, Rho=2.611186, Grad_norm=0.3830, Final_scale=26.1119
🚀 APPLYING GUIDANCE at step 15 (timestep=874)
🎯 GUIDANCE STEP 15 (t=874): Loss=0.6152, Rho=7.689745, Grad_norm=0.1300, Final_scale=76.8974
🚀 APPLYING GUIDANCE at step 16 (timestep=864)
🎯 GUIDANCE STEP 16 (t=864): Loss=0.6172, Rho=9.766908, Grad_norm=0.1024, Final_scale=97.6691
🚀 APPLYING GUIDANCE at step 17 (timestep=853)
🎯 GUIDANCE STEP 17 (t=853): Loss=0.6138, Rho=5.826533, Grad_norm=0.1716, Final_scale=58.2653
🚀 APPLYING GUIDANCE at step 18 (timestep=841)
🎯 GUIDANCE STEP 18 (t=841): Loss=0.6196, Rho=5.198138, Grad_norm=0.1924, Final_scale=51.9814
🚀 APPLYING GUIDANCE at step 19 (timestep=829)
🎯 GUIDANCE STEP 19 (t=829): Loss=0.6177, Rho=6.632005, Grad_norm=0.1508, Final_scale=66.3200
🚀 APPLYING GUIDANCE at step 20 (timestep=817)
🎯 GUIDANCE STEP 20 (t=817): Loss=0.6162, Rho=10.297127, Grad_norm=0.0971, Final_scale=102.9713
🚀 APPLYING GUIDANCE at step 21 (timestep=805)
🎯 GUIDANCE STEP 21 (t=805): Loss=0.6147, Rho=7.239077, Grad_norm=0.1381, Final_scale=72.3908
🚀 APPLYING GUIDANCE at step 22 (timestep=792)
🎯 GUIDANCE STEP 22 (t=792): Loss=0.6152, Rho=7.921909, Grad_norm=0.1262, Final_scale=79.2191
🚀 APPLYING GUIDANCE at step 23 (timestep=778)
🎯 GUIDANCE STEP 23 (t=778): Loss=0.6147, Rho=6.897503, Grad_norm=0.1450, Final_scale=68.9750
🚀 APPLYING GUIDANCE at step 24 (timestep=764)
🎯 GUIDANCE STEP 24 (t=764): Loss=0.6167, Rho=8.921526, Grad_norm=0.1121, Final_scale=89.2153
🚀 APPLYING GUIDANCE at step 25 (timestep=749)
🎯 GUIDANCE STEP 25 (t=749): Loss=0.6182, Rho=10.154294, Grad_norm=0.0985, Final_scale=101.5429
🚀 APPLYING GUIDANCE at step 26 (timestep=734)
🎯 GUIDANCE STEP 26 (t=734): Loss=0.6162, Rho=9.850199, Grad_norm=0.1015, Final_scale=98.5020
🚀 APPLYING GUIDANCE at step 27 (timestep=718)
🎯 GUIDANCE STEP 27 (t=718): Loss=0.6206, Rho=8.140369, Grad_norm=0.1228, Final_scale=81.4037
🚀 APPLYING GUIDANCE at step 28 (timestep=701)
🎯 GUIDANCE STEP 28 (t=701): Loss=0.6191, Rho=10.167783, Grad_norm=0.0983, Final_scale=101.6778
🚀 APPLYING GUIDANCE at step 29 (timestep=684)
🎯 GUIDANCE STEP 29 (t=684): Loss=0.6211, Rho=3.430062, Grad_norm=0.2915, Final_scale=34.3006
🚀 APPLYING GUIDANCE at step 30 (timestep=666)
🎯 GUIDANCE STEP 30 (t=666): Loss=0.6260, Rho=8.365585, Grad_norm=0.1195, Final_scale=83.6559
🚀 APPLYING GUIDANCE at step 31 (timestep=647)
🎯 GUIDANCE STEP 31 (t=647): Loss=0.6240, Rho=10.662733, Grad_norm=0.0938, Final_scale=106.6273
🚀 APPLYING GUIDANCE at step 32 (timestep=627)
🎯 GUIDANCE STEP 32 (t=627): Loss=0.6255, Rho=6.457357, Grad_norm=0.1549, Final_scale=64.5736
🚀 APPLYING GUIDANCE at step 33 (timestep=606)
🎯 GUIDANCE STEP 33 (t=606): Loss=0.6221, Rho=13.571480, Grad_norm=0.0737, Final_scale=135.7148
🚀 APPLYING GUIDANCE at step 34 (timestep=585)
🎯 GUIDANCE STEP 34 (t=585): Loss=0.6182, Rho=15.859521, Grad_norm=0.0631, Final_scale=158.5952
🚀 APPLYING GUIDANCE at step 35 (timestep=562)
🎯 GUIDANCE STEP 35 (t=562): Loss=0.6250, Rho=6.221397, Grad_norm=0.1607, Final_scale=62.2140
🚀 APPLYING GUIDANCE at step 36 (timestep=538)
🎯 GUIDANCE STEP 36 (t=538): Loss=0.6182, Rho=12.569883, Grad_norm=0.0796, Final_scale=125.6988
🚀 APPLYING GUIDANCE at step 37 (timestep=512)
🎯 GUIDANCE STEP 37 (t=512): Loss=0.6206, Rho=4.621441, Grad_norm=0.2164, Final_scale=46.2144
🚀 APPLYING GUIDANCE at step 38 (timestep=486)
🎯 GUIDANCE STEP 38 (t=486): Loss=0.6201, Rho=12.179859, Grad_norm=0.0821, Final_scale=121.7986
🚀 APPLYING GUIDANCE at step 39 (timestep=458)
🎯 GUIDANCE STEP 39 (t=458): Loss=0.6211, Rho=6.241318, Grad_norm=0.1602, Final_scale=62.4132
🚀 APPLYING GUIDANCE at step 40 (timestep=428)
🎯 GUIDANCE STEP 40 (t=428): Loss=0.6240, Rho=5.541365, Grad_norm=0.1805, Final_scale=55.4136
🚀 APPLYING GUIDANCE at step 41 (timestep=396)
🎯 GUIDANCE STEP 41 (t=396): Loss=0.6255, Rho=6.440535, Grad_norm=0.1553, Final_scale=64.4053
🚀 APPLYING GUIDANCE at step 42 (timestep=363)
🎯 GUIDANCE STEP 42 (t=363): Loss=0.6250, Rho=0.234673, Grad_norm=4.2613, Final_scale=2.3467
🚀 APPLYING GUIDANCE at step 43 (timestep=327)
🎯 GUIDANCE STEP 43 (t=327): Loss=0.6221, Rho=10.196749, Grad_norm=0.0981, Final_scale=101.9675
🚀 APPLYING GUIDANCE at step 44 (timestep=290)
🎯 GUIDANCE STEP 44 (t=290): Loss=0.6201, Rho=9.567925, Grad_norm=0.1045, Final_scale=95.6793
🚀 APPLYING GUIDANCE at step 45 (timestep=249)
🎯 GUIDANCE STEP 45 (t=249): Loss=0.6226, Rho=3.464467, Grad_norm=0.2886, Final_scale=34.6447
🚀 APPLYING GUIDANCE at step 46 (timestep=206)
🎯 GUIDANCE STEP 46 (t=206): Loss=0.6226, Rho=4.563713, Grad_norm=0.2191, Final_scale=45.6371
🚀 APPLYING GUIDANCE at step 47 (timestep=160)
🎯 GUIDANCE STEP 47 (t=160): Loss=0.6226, Rho=11.291821, Grad_norm=0.0886, Final_scale=112.9182
🚀 APPLYING GUIDANCE at step 48 (timestep=111)
🎯 GUIDANCE STEP 48 (t=111): Loss=0.6187, Rho=7.041997, Grad_norm=0.1420, Final_scale=70.4200
🚀 APPLYING GUIDANCE at step 49 (timestep=57)
🎯 GUIDANCE STEP 49 (t=57): Loss=0.6172, Rho=10.783601, Grad_norm=0.0927, Final_scale=107.8360
[guidance_f33_s50_w8c6_rho10.0_cfg5.0_0701_1608] Generated: generated_videos/subject_consistency/guidance_f33_s50_w8c6_rho10.0_cfg5.0_0701_1608/a_motorcycle_accelerating_to_gain_speed.mp4
[guidance_f33_s50_w8c6_rho10.0_cfg5.0_0701_1608] Generating video 3/9 (guidance): an airplane soaring through a clear blue sky
🎬 STARTING GUIDANCE PIPELINE GENERATION
   Frames: 33, Steps: 50, CFG Scale: 5.0

🔧 GUIDANCE PIPELINE CONFIGURATION:
   Guidance range: 0 - 1001
   Rho scale: 10.0
   V-JEPA kernel_size: 8
   V-JEPA context_length: 6
   V-JEPA stride: 2
   V-JEPA mode: max
   Total timesteps: 50

🚀 APPLYING GUIDANCE at step 0 (timestep=999)
🎯 GUIDANCE STEP 0 (t=999): Loss=0.5679, Rho=14.433977, Grad_norm=0.0693, Final_scale=144.3398
🚀 APPLYING GUIDANCE at step 1 (timestep=992)
🎯 GUIDANCE STEP 1 (t=992): Loss=0.5581, Rho=20.450844, Grad_norm=0.0489, Final_scale=204.5084
🚀 APPLYING GUIDANCE at step 2 (timestep=985)
🎯 GUIDANCE STEP 2 (t=985): Loss=0.6006, Rho=6.795257, Grad_norm=0.1472, Final_scale=67.9526
🚀 APPLYING GUIDANCE at step 3 (timestep=978)
🎯 GUIDANCE STEP 3 (t=978): Loss=0.6304, Rho=11.877727, Grad_norm=0.0842, Final_scale=118.7773
🚀 APPLYING GUIDANCE at step 4 (timestep=971)
🎯 GUIDANCE STEP 4 (t=971): Loss=0.6396, Rho=10.903600, Grad_norm=0.0917, Final_scale=109.0360
🚀 APPLYING GUIDANCE at step 5 (timestep=963)
🎯 GUIDANCE STEP 5 (t=963): Loss=0.6431, Rho=7.778385, Grad_norm=0.1286, Final_scale=77.7839
🚀 APPLYING GUIDANCE at step 6 (timestep=956)
🎯 GUIDANCE STEP 6 (t=956): Loss=0.6421, Rho=7.201643, Grad_norm=0.1389, Final_scale=72.0164
🚀 APPLYING GUIDANCE at step 7 (timestep=948)
🎯 GUIDANCE STEP 7 (t=948): Loss=0.6426, Rho=5.667673, Grad_norm=0.1764, Final_scale=56.6767
🚀 APPLYING GUIDANCE at step 8 (timestep=939)
🎯 GUIDANCE STEP 8 (t=939): Loss=0.6357, Rho=7.739150, Grad_norm=0.1292, Final_scale=77.3915
🚀 APPLYING GUIDANCE at step 9 (timestep=931)
🎯 GUIDANCE STEP 9 (t=931): Loss=0.6387, Rho=5.188027, Grad_norm=0.1928, Final_scale=51.8803
🚀 APPLYING GUIDANCE at step 10 (timestep=922)
🎯 GUIDANCE STEP 10 (t=922): Loss=0.6406, Rho=6.496859, Grad_norm=0.1539, Final_scale=64.9686
🚀 APPLYING GUIDANCE at step 11 (timestep=913)
🎯 GUIDANCE STEP 11 (t=913): Loss=0.6445, Rho=9.404986, Grad_norm=0.1063, Final_scale=94.0499
🚀 APPLYING GUIDANCE at step 12 (timestep=904)
🎯 GUIDANCE STEP 12 (t=904): Loss=0.6401, Rho=6.721301, Grad_norm=0.1488, Final_scale=67.2130
🚀 APPLYING GUIDANCE at step 13 (timestep=894)
🎯 GUIDANCE STEP 13 (t=894): Loss=0.6421, Rho=8.056230, Grad_norm=0.1241, Final_scale=80.5623
🚀 APPLYING GUIDANCE at step 14 (timestep=884)
🎯 GUIDANCE STEP 14 (t=884): Loss=0.6465, Rho=5.058738, Grad_norm=0.1977, Final_scale=50.5874
🚀 APPLYING GUIDANCE at step 15 (timestep=874)
🎯 GUIDANCE STEP 15 (t=874): Loss=0.6431, Rho=7.699120, Grad_norm=0.1299, Final_scale=76.9912
🚀 APPLYING GUIDANCE at step 16 (timestep=864)
🎯 GUIDANCE STEP 16 (t=864): Loss=0.6426, Rho=6.106022, Grad_norm=0.1638, Final_scale=61.0602
🚀 APPLYING GUIDANCE at step 17 (timestep=853)
🎯 GUIDANCE STEP 17 (t=853): Loss=0.6426, Rho=3.962189, Grad_norm=0.2524, Final_scale=39.6219
🚀 APPLYING GUIDANCE at step 18 (timestep=841)
🎯 GUIDANCE STEP 18 (t=841): Loss=0.6426, Rho=3.074965, Grad_norm=0.3252, Final_scale=30.7497
🚀 APPLYING GUIDANCE at step 19 (timestep=829)
🎯 GUIDANCE STEP 19 (t=829): Loss=0.6411, Rho=4.553928, Grad_norm=0.2196, Final_scale=45.5393
🚀 APPLYING GUIDANCE at step 20 (timestep=817)
🎯 GUIDANCE STEP 20 (t=817): Loss=0.6436, Rho=1.973215, Grad_norm=0.5068, Final_scale=19.7321
🚀 APPLYING GUIDANCE at step 21 (timestep=805)
🎯 GUIDANCE STEP 21 (t=805): Loss=0.6421, Rho=2.010650, Grad_norm=0.4974, Final_scale=20.1065
🚀 APPLYING GUIDANCE at step 22 (timestep=792)
🎯 GUIDANCE STEP 22 (t=792): Loss=0.6411, Rho=5.351275, Grad_norm=0.1869, Final_scale=53.5127
🚀 APPLYING GUIDANCE at step 23 (timestep=778)
🎯 GUIDANCE STEP 23 (t=778): Loss=0.6401, Rho=3.470457, Grad_norm=0.2881, Final_scale=34.7046
🚀 APPLYING GUIDANCE at step 24 (timestep=764)
🎯 GUIDANCE STEP 24 (t=764): Loss=0.6411, Rho=4.728687, Grad_norm=0.2115, Final_scale=47.2869
🚀 APPLYING GUIDANCE at step 25 (timestep=749)
🎯 GUIDANCE STEP 25 (t=749): Loss=0.6406, Rho=3.338842, Grad_norm=0.2995, Final_scale=33.3884
🚀 APPLYING GUIDANCE at step 26 (timestep=734)
🎯 GUIDANCE STEP 26 (t=734): Loss=0.6426, Rho=4.016675, Grad_norm=0.2490, Final_scale=40.1667
🚀 APPLYING GUIDANCE at step 27 (timestep=718)
🎯 GUIDANCE STEP 27 (t=718): Loss=0.6431, Rho=3.319535, Grad_norm=0.3012, Final_scale=33.1953
🚀 APPLYING GUIDANCE at step 28 (timestep=701)
🎯 GUIDANCE STEP 28 (t=701): Loss=0.6411, Rho=6.698565, Grad_norm=0.1493, Final_scale=66.9857
🚀 APPLYING GUIDANCE at step 29 (timestep=684)
🎯 GUIDANCE STEP 29 (t=684): Loss=0.6436, Rho=11.681220, Grad_norm=0.0856, Final_scale=116.8122
🚀 APPLYING GUIDANCE at step 30 (timestep=666)
🎯 GUIDANCE STEP 30 (t=666): Loss=0.6392, Rho=11.146688, Grad_norm=0.0897, Final_scale=111.4669
🚀 APPLYING GUIDANCE at step 31 (timestep=647)
🎯 GUIDANCE STEP 31 (t=647): Loss=0.6401, Rho=11.332281, Grad_norm=0.0882, Final_scale=113.3228
🚀 APPLYING GUIDANCE at step 32 (timestep=627)
🎯 GUIDANCE STEP 32 (t=627): Loss=0.6396, Rho=6.788183, Grad_norm=0.1473, Final_scale=67.8818
🚀 APPLYING GUIDANCE at step 33 (timestep=606)
🎯 GUIDANCE STEP 33 (t=606): Loss=0.6387, Rho=5.066057, Grad_norm=0.1974, Final_scale=50.6606
🚀 APPLYING GUIDANCE at step 34 (timestep=585)
🎯 GUIDANCE STEP 34 (t=585): Loss=0.6387, Rho=15.555056, Grad_norm=0.0643, Final_scale=155.5506
🚀 APPLYING GUIDANCE at step 35 (timestep=562)
🎯 GUIDANCE STEP 35 (t=562): Loss=0.6411, Rho=7.342160, Grad_norm=0.1362, Final_scale=73.4216
🚀 APPLYING GUIDANCE at step 36 (timestep=538)
🎯 GUIDANCE STEP 36 (t=538): Loss=0.6406, Rho=11.339029, Grad_norm=0.0882, Final_scale=113.3903
🚀 APPLYING GUIDANCE at step 37 (timestep=512)
🎯 GUIDANCE STEP 37 (t=512): Loss=0.6421, Rho=5.675590, Grad_norm=0.1762, Final_scale=56.7559
🚀 APPLYING GUIDANCE at step 38 (timestep=486)
🎯 GUIDANCE STEP 38 (t=486): Loss=0.6392, Rho=13.413273, Grad_norm=0.0746, Final_scale=134.1327
🚀 APPLYING GUIDANCE at step 39 (timestep=458)
🎯 GUIDANCE STEP 39 (t=458): Loss=0.6392, Rho=17.145184, Grad_norm=0.0583, Final_scale=171.4518
🚀 APPLYING GUIDANCE at step 40 (timestep=428)
🎯 GUIDANCE STEP 40 (t=428): Loss=0.6401, Rho=11.937355, Grad_norm=0.0838, Final_scale=119.3736
🚀 APPLYING GUIDANCE at step 41 (timestep=396)
🎯 GUIDANCE STEP 41 (t=396): Loss=0.6367, Rho=11.047946, Grad_norm=0.0905, Final_scale=110.4795
🚀 APPLYING GUIDANCE at step 42 (timestep=363)
🎯 GUIDANCE STEP 42 (t=363): Loss=0.6382, Rho=28.232651, Grad_norm=0.0354, Final_scale=282.3265
🚀 APPLYING GUIDANCE at step 43 (timestep=327)
🎯 GUIDANCE STEP 43 (t=327): Loss=0.6377, Rho=5.803037, Grad_norm=0.1723, Final_scale=58.0304
🚀 APPLYING GUIDANCE at step 44 (timestep=290)
🎯 GUIDANCE STEP 44 (t=290): Loss=0.6382, Rho=18.693634, Grad_norm=0.0535, Final_scale=186.9363
🚀 APPLYING GUIDANCE at step 45 (timestep=249)
🎯 GUIDANCE STEP 45 (t=249): Loss=0.6367, Rho=7.282175, Grad_norm=0.1373, Final_scale=72.8218
🚀 APPLYING GUIDANCE at step 46 (timestep=206)
🎯 GUIDANCE STEP 46 (t=206): Loss=0.6357, Rho=11.932835, Grad_norm=0.0838, Final_scale=119.3283
🚀 APPLYING GUIDANCE at step 47 (timestep=160)
🎯 GUIDANCE STEP 47 (t=160): Loss=0.6387, Rho=6.580867, Grad_norm=0.1520, Final_scale=65.8087
🚀 APPLYING GUIDANCE at step 48 (timestep=111)
🎯 GUIDANCE STEP 48 (t=111): Loss=0.6353, Rho=40.710312, Grad_norm=0.0246, Final_scale=407.1031
🚀 APPLYING GUIDANCE at step 49 (timestep=57)
🎯 GUIDANCE STEP 49 (t=57): Loss=0.6357, Rho=23.066931, Grad_norm=0.0434, Final_scale=230.6693
[guidance_f33_s50_w8c6_rho10.0_cfg5.0_0701_1608] Generated: generated_videos/subject_consistency/guidance_f33_s50_w8c6_rho10.0_cfg5.0_0701_1608/a_train_crossing_over_a_tall_bridge.mp4
[guidance_f33_s50_w8c6_rho10.0_cfg5.0_0701_1608] Generating video 3/9 (guidance): a train accelerating to gain speed
🎬 STARTING GUIDANCE PIPELINE GENERATION
   Frames: 33, Steps: 50, CFG Scale: 5.0

🔧 GUIDANCE PIPELINE CONFIGURATION:
   Guidance range: 0 - 1001
   Rho scale: 10.0
   V-JEPA kernel_size: 8
   V-JEPA context_length: 6
   V-JEPA stride: 2
   V-JEPA mode: max
   Total timesteps: 50

🚀 APPLYING GUIDANCE at step 0 (timestep=999)
🎯 GUIDANCE STEP 0 (t=999): Loss=0.5654, Rho=17.175591, Grad_norm=0.0582, Final_scale=171.7559
🚀 APPLYING GUIDANCE at step 1 (timestep=992)
🎯 GUIDANCE STEP 1 (t=992): Loss=0.5547, Rho=12.842101, Grad_norm=0.0779, Final_scale=128.4210
🚀 APPLYING GUIDANCE at step 2 (timestep=985)
🎯 GUIDANCE STEP 2 (t=985): Loss=0.5767, Rho=7.728271, Grad_norm=0.1294, Final_scale=77.2827
🚀 APPLYING GUIDANCE at step 3 (timestep=978)
🎯 GUIDANCE STEP 3 (t=978): Loss=0.5977, Rho=6.065038, Grad_norm=0.1649, Final_scale=60.6504
🚀 APPLYING GUIDANCE at step 4 (timestep=971)
🎯 GUIDANCE STEP 4 (t=971): Loss=0.6113, Rho=9.280257, Grad_norm=0.1078, Final_scale=92.8026
🚀 APPLYING GUIDANCE at step 5 (timestep=963)
🎯 GUIDANCE STEP 5 (t=963): Loss=0.6260, Rho=9.670830, Grad_norm=0.1034, Final_scale=96.7083
🚀 APPLYING GUIDANCE at step 6 (timestep=956)
🎯 GUIDANCE STEP 6 (t=956): Loss=0.6211, Rho=2.301314, Grad_norm=0.4345, Final_scale=23.0131
🚀 APPLYING GUIDANCE at step 7 (timestep=948)
🎯 GUIDANCE STEP 7 (t=948): Loss=0.6162, Rho=5.158318, Grad_norm=0.1939, Final_scale=51.5832
🚀 APPLYING GUIDANCE at step 8 (timestep=939)
🎯 GUIDANCE STEP 8 (t=939): Loss=0.6167, Rho=3.252786, Grad_norm=0.3074, Final_scale=32.5279
🚀 APPLYING GUIDANCE at step 9 (timestep=931)
🎯 GUIDANCE STEP 9 (t=931): Loss=0.6108, Rho=3.632154, Grad_norm=0.2753, Final_scale=36.3215
🚀 APPLYING GUIDANCE at step 10 (timestep=922)
🎯 GUIDANCE STEP 10 (t=922): Loss=0.6133, Rho=6.974372, Grad_norm=0.1434, Final_scale=69.7437
🚀 APPLYING GUIDANCE at step 11 (timestep=913)
🎯 GUIDANCE STEP 11 (t=913): Loss=0.6226, Rho=4.426179, Grad_norm=0.2259, Final_scale=44.2618
🚀 APPLYING GUIDANCE at step 12 (timestep=904)
🎯 GUIDANCE STEP 12 (t=904): Loss=0.6113, Rho=3.791177, Grad_norm=0.2638, Final_scale=37.9118
🚀 APPLYING GUIDANCE at step 13 (timestep=894)
🎯 GUIDANCE STEP 13 (t=894): Loss=0.6177, Rho=8.101412, Grad_norm=0.1234, Final_scale=81.0141
🚀 APPLYING GUIDANCE at step 14 (timestep=884)
🎯 GUIDANCE STEP 14 (t=884): Loss=0.6274, Rho=5.532976, Grad_norm=0.1807, Final_scale=55.3298
🚀 APPLYING GUIDANCE at step 15 (timestep=874)
🎯 GUIDANCE STEP 15 (t=874): Loss=0.6221, Rho=4.685845, Grad_norm=0.2134, Final_scale=46.8584
🚀 APPLYING GUIDANCE at step 16 (timestep=864)
🎯 GUIDANCE STEP 16 (t=864): Loss=0.6216, Rho=6.109024, Grad_norm=0.1637, Final_scale=61.0902
🚀 APPLYING GUIDANCE at step 17 (timestep=853)
🎯 GUIDANCE STEP 17 (t=853): Loss=0.6230, Rho=5.278475, Grad_norm=0.1894, Final_scale=52.7847
🚀 APPLYING GUIDANCE at step 18 (timestep=841)
🎯 GUIDANCE STEP 18 (t=841): Loss=0.6226, Rho=6.536678, Grad_norm=0.1530, Final_scale=65.3668
🚀 APPLYING GUIDANCE at step 19 (timestep=829)
🎯 GUIDANCE STEP 19 (t=829): Loss=0.6265, Rho=2.446227, Grad_norm=0.4088, Final_scale=24.4623
🚀 APPLYING GUIDANCE at step 20 (timestep=817)
🎯 GUIDANCE STEP 20 (t=817): Loss=0.6206, Rho=2.120075, Grad_norm=0.4717, Final_scale=21.2008
🚀 APPLYING GUIDANCE at step 21 (timestep=805)
🎯 GUIDANCE STEP 21 (t=805): Loss=0.6230, Rho=3.221066, Grad_norm=0.3105, Final_scale=32.2107
🚀 APPLYING GUIDANCE at step 22 (timestep=792)
🎯 GUIDANCE STEP 22 (t=792): Loss=0.6265, Rho=8.257561, Grad_norm=0.1211, Final_scale=82.5756
🚀 APPLYING GUIDANCE at step 23 (timestep=778)
🎯 GUIDANCE STEP 23 (t=778): Loss=0.6284, Rho=2.919532, Grad_norm=0.3425, Final_scale=29.1953
🚀 APPLYING GUIDANCE at step 24 (timestep=764)
🎯 GUIDANCE STEP 24 (t=764): Loss=0.6304, Rho=4.022137, Grad_norm=0.2486, Final_scale=40.2214
🚀 APPLYING GUIDANCE at step 25 (timestep=749)
🎯 GUIDANCE STEP 25 (t=749): Loss=0.6318, Rho=6.880184, Grad_norm=0.1453, Final_scale=68.8018
🚀 APPLYING GUIDANCE at step 26 (timestep=734)
🎯 GUIDANCE STEP 26 (t=734): Loss=0.6260, Rho=4.132226, Grad_norm=0.2420, Final_scale=41.3223
🚀 APPLYING GUIDANCE at step 27 (timestep=718)
🎯 GUIDANCE STEP 27 (t=718): Loss=0.6274, Rho=7.644637, Grad_norm=0.1308, Final_scale=76.4464
🚀 APPLYING GUIDANCE at step 28 (timestep=701)
🎯 GUIDANCE STEP 28 (t=701): Loss=0.6255, Rho=4.020517, Grad_norm=0.2487, Final_scale=40.2052
🚀 APPLYING GUIDANCE at step 29 (timestep=684)
🎯 GUIDANCE STEP 29 (t=684): Loss=0.6235, Rho=2.169924, Grad_norm=0.4608, Final_scale=21.6992
🚀 APPLYING GUIDANCE at step 30 (timestep=666)
🎯 GUIDANCE STEP 30 (t=666): Loss=0.6245, Rho=15.796103, Grad_norm=0.0633, Final_scale=157.9610
🚀 APPLYING GUIDANCE at step 31 (timestep=647)
🎯 GUIDANCE STEP 31 (t=647): Loss=0.6235, Rho=6.693510, Grad_norm=0.1494, Final_scale=66.9351
🚀 APPLYING GUIDANCE at step 32 (timestep=627)
🎯 GUIDANCE STEP 32 (t=627): Loss=0.6196, Rho=15.416783, Grad_norm=0.0649, Final_scale=154.1678
🚀 APPLYING GUIDANCE at step 33 (timestep=606)
🎯 GUIDANCE STEP 33 (t=606): Loss=0.6221, Rho=13.478022, Grad_norm=0.0742, Final_scale=134.7802
🚀 APPLYING GUIDANCE at step 34 (timestep=585)
🎯 GUIDANCE STEP 34 (t=585): Loss=0.6226, Rho=3.273060, Grad_norm=0.3055, Final_scale=32.7306
🚀 APPLYING GUIDANCE at step 35 (timestep=562)
🎯 GUIDANCE STEP 35 (t=562): Loss=0.6211, Rho=8.980780, Grad_norm=0.1113, Final_scale=89.8078
🚀 APPLYING GUIDANCE at step 36 (timestep=538)
🎯 GUIDANCE STEP 36 (t=538): Loss=0.6221, Rho=11.726130, Grad_norm=0.0853, Final_scale=117.2613
🚀 APPLYING GUIDANCE at step 37 (timestep=512)
🎯 GUIDANCE STEP 37 (t=512): Loss=0.6211, Rho=13.533110, Grad_norm=0.0739, Final_scale=135.3311
🚀 APPLYING GUIDANCE at step 38 (timestep=486)
🎯 GUIDANCE STEP 38 (t=486): Loss=0.6187, Rho=21.847450, Grad_norm=0.0458, Final_scale=218.4745
🚀 APPLYING GUIDANCE at step 39 (timestep=458)
🎯 GUIDANCE STEP 39 (t=458): Loss=0.6182, Rho=12.249940, Grad_norm=0.0816, Final_scale=122.4994
🚀 APPLYING GUIDANCE at step 40 (timestep=428)
🎯 GUIDANCE STEP 40 (t=428): Loss=0.6201, Rho=11.958144, Grad_norm=0.0836, Final_scale=119.5814
🚀 APPLYING GUIDANCE at step 41 (timestep=396)
🎯 GUIDANCE STEP 41 (t=396): Loss=0.6201, Rho=12.786319, Grad_norm=0.0782, Final_scale=127.8632
🚀 APPLYING GUIDANCE at step 42 (timestep=363)
🎯 GUIDANCE STEP 42 (t=363): Loss=0.6182, Rho=14.231163, Grad_norm=0.0703, Final_scale=142.3116
🚀 APPLYING GUIDANCE at step 43 (timestep=327)
🎯 GUIDANCE STEP 43 (t=327): Loss=0.6187, Rho=15.903716, Grad_norm=0.0629, Final_scale=159.0372
🚀 APPLYING GUIDANCE at step 44 (timestep=290)
🎯 GUIDANCE STEP 44 (t=290): Loss=0.6182, Rho=22.459005, Grad_norm=0.0445, Final_scale=224.5901
🚀 APPLYING GUIDANCE at step 45 (timestep=249)
🎯 GUIDANCE STEP 45 (t=249): Loss=0.6196, Rho=8.825252, Grad_norm=0.1133, Final_scale=88.2525
🚀 APPLYING GUIDANCE at step 46 (timestep=206)
🎯 GUIDANCE STEP 46 (t=206): Loss=0.6172, Rho=26.318794, Grad_norm=0.0380, Final_scale=263.1879
🚀 APPLYING GUIDANCE at step 47 (timestep=160)
🎯 GUIDANCE STEP 47 (t=160): Loss=0.6157, Rho=39.749451, Grad_norm=0.0252, Final_scale=397.4945
🚀 APPLYING GUIDANCE at step 48 (timestep=111)
🎯 GUIDANCE STEP 48 (t=111): Loss=0.6187, Rho=9.206105, Grad_norm=0.1086, Final_scale=92.0611
🚀 APPLYING GUIDANCE at step 49 (timestep=57)
🎯 GUIDANCE STEP 49 (t=57): Loss=0.6162, Rho=3.996946, Grad_norm=0.2502, Final_scale=39.9695
[guidance_f33_s50_w8c6_rho10.0_cfg5.0_0701_1608] Generated: generated_videos/subject_consistency/guidance_f33_s50_w8c6_rho10.0_cfg5.0_0701_1608/a_dog_playing_in_park.mp4
[guidance_f33_s50_w8c6_rho10.0_cfg5.0_0701_1608] Generating video 3/9 (guidance): a dog drinking water
🎬 STARTING GUIDANCE PIPELINE GENERATION
   Frames: 33, Steps: 50, CFG Scale: 5.0

🔧 GUIDANCE PIPELINE CONFIGURATION:
   Guidance range: 0 - 1001
   Rho scale: 10.0
   V-JEPA kernel_size: 8
   V-JEPA context_length: 6
   V-JEPA stride: 2
   V-JEPA mode: max
   Total timesteps: 50

🚀 APPLYING GUIDANCE at step 0 (timestep=999)
🎯 GUIDANCE STEP 0 (t=999): Loss=0.5591, Rho=15.979166, Grad_norm=0.0626, Final_scale=159.7917
🚀 APPLYING GUIDANCE at step 1 (timestep=992)
🎯 GUIDANCE STEP 1 (t=992): Loss=0.5430, Rho=7.985972, Grad_norm=0.1252, Final_scale=79.8597
🚀 APPLYING GUIDANCE at step 2 (timestep=985)
🎯 GUIDANCE STEP 2 (t=985): Loss=0.5752, Rho=10.854322, Grad_norm=0.0921, Final_scale=108.5432
🚀 APPLYING GUIDANCE at step 3 (timestep=978)
🎯 GUIDANCE STEP 3 (t=978): Loss=0.5903, Rho=10.650159, Grad_norm=0.0939, Final_scale=106.5016
🚀 APPLYING GUIDANCE at step 4 (timestep=971)
🎯 GUIDANCE STEP 4 (t=971): Loss=0.6255, Rho=8.854557, Grad_norm=0.1129, Final_scale=88.5456
🚀 APPLYING GUIDANCE at step 5 (timestep=963)
🎯 GUIDANCE STEP 5 (t=963): Loss=0.6211, Rho=12.086049, Grad_norm=0.0827, Final_scale=120.8605
🚀 APPLYING GUIDANCE at step 6 (timestep=956)
🎯 GUIDANCE STEP 6 (t=956): Loss=0.6245, Rho=12.574204, Grad_norm=0.0795, Final_scale=125.7420
🚀 APPLYING GUIDANCE at step 7 (timestep=948)
🎯 GUIDANCE STEP 7 (t=948): Loss=0.6211, Rho=11.210795, Grad_norm=0.0892, Final_scale=112.1080
🚀 APPLYING GUIDANCE at step 8 (timestep=939)
🎯 GUIDANCE STEP 8 (t=939): Loss=0.6226, Rho=12.057438, Grad_norm=0.0829, Final_scale=120.5744
🚀 APPLYING GUIDANCE at step 9 (timestep=931)
🎯 GUIDANCE STEP 9 (t=931): Loss=0.6235, Rho=10.413915, Grad_norm=0.0960, Final_scale=104.1391
🚀 APPLYING GUIDANCE at step 10 (timestep=922)
🎯 GUIDANCE STEP 10 (t=922): Loss=0.6167, Rho=1.559170, Grad_norm=0.6414, Final_scale=15.5917
🚀 APPLYING GUIDANCE at step 11 (timestep=913)
🎯 GUIDANCE STEP 11 (t=913): Loss=0.6182, Rho=13.001669, Grad_norm=0.0769, Final_scale=130.0167
🚀 APPLYING GUIDANCE at step 12 (timestep=904)
🎯 GUIDANCE STEP 12 (t=904): Loss=0.6177, Rho=9.907357, Grad_norm=0.1009, Final_scale=99.0736
🚀 APPLYING GUIDANCE at step 13 (timestep=894)
🎯 GUIDANCE STEP 13 (t=894): Loss=0.6182, Rho=7.420729, Grad_norm=0.1348, Final_scale=74.2073
🚀 APPLYING GUIDANCE at step 14 (timestep=884)
🎯 GUIDANCE STEP 14 (t=884): Loss=0.6177, Rho=7.930199, Grad_norm=0.1261, Final_scale=79.3020
🚀 APPLYING GUIDANCE at step 15 (timestep=874)
🎯 GUIDANCE STEP 15 (t=874): Loss=0.6177, Rho=5.191370, Grad_norm=0.1926, Final_scale=51.9137
🚀 APPLYING GUIDANCE at step 16 (timestep=864)
🎯 GUIDANCE STEP 16 (t=864): Loss=0.6143, Rho=6.698994, Grad_norm=0.1493, Final_scale=66.9899
🚀 APPLYING GUIDANCE at step 17 (timestep=853)
🎯 GUIDANCE STEP 17 (t=853): Loss=0.6157, Rho=4.414379, Grad_norm=0.2265, Final_scale=44.1438
🚀 APPLYING GUIDANCE at step 18 (timestep=841)
🎯 GUIDANCE STEP 18 (t=841): Loss=0.6133, Rho=14.120945, Grad_norm=0.0708, Final_scale=141.2094
🚀 APPLYING GUIDANCE at step 19 (timestep=829)
🎯 GUIDANCE STEP 19 (t=829): Loss=0.6162, Rho=3.777602, Grad_norm=0.2647, Final_scale=37.7760
🚀 APPLYING GUIDANCE at step 20 (timestep=817)
🎯 GUIDANCE STEP 20 (t=817): Loss=0.6172, Rho=7.844308, Grad_norm=0.1275, Final_scale=78.4431
🚀 APPLYING GUIDANCE at step 21 (timestep=805)
🎯 GUIDANCE STEP 21 (t=805): Loss=0.6201, Rho=7.590827, Grad_norm=0.1317, Final_scale=75.9083
🚀 APPLYING GUIDANCE at step 22 (timestep=792)
🎯 GUIDANCE STEP 22 (t=792): Loss=0.6162, Rho=5.919886, Grad_norm=0.1689, Final_scale=59.1989
🚀 APPLYING GUIDANCE at step 23 (timestep=778)
🎯 GUIDANCE STEP 23 (t=778): Loss=0.6157, Rho=10.084401, Grad_norm=0.0992, Final_scale=100.8440
🚀 APPLYING GUIDANCE at step 24 (timestep=764)
🎯 GUIDANCE STEP 24 (t=764): Loss=0.6187, Rho=12.127609, Grad_norm=0.0825, Final_scale=121.2761
🚀 APPLYING GUIDANCE at step 25 (timestep=749)
🎯 GUIDANCE STEP 25 (t=749): Loss=0.6196, Rho=12.264911, Grad_norm=0.0815, Final_scale=122.6491
🚀 APPLYING GUIDANCE at step 26 (timestep=734)
🎯 GUIDANCE STEP 26 (t=734): Loss=0.6182, Rho=8.860194, Grad_norm=0.1129, Final_scale=88.6019
🚀 APPLYING GUIDANCE at step 27 (timestep=718)
🎯 GUIDANCE STEP 27 (t=718): Loss=0.6187, Rho=7.821926, Grad_norm=0.1278, Final_scale=78.2193
🚀 APPLYING GUIDANCE at step 28 (timestep=701)
🎯 GUIDANCE STEP 28 (t=701): Loss=0.6196, Rho=9.913061, Grad_norm=0.1009, Final_scale=99.1306
🚀 APPLYING GUIDANCE at step 29 (timestep=684)
🎯 GUIDANCE STEP 29 (t=684): Loss=0.6187, Rho=10.128130, Grad_norm=0.0987, Final_scale=101.2813
🚀 APPLYING GUIDANCE at step 30 (timestep=666)
🎯 GUIDANCE STEP 30 (t=666): Loss=0.6221, Rho=6.717352, Grad_norm=0.1489, Final_scale=67.1735
🚀 APPLYING GUIDANCE at step 31 (timestep=647)
🎯 GUIDANCE STEP 31 (t=647): Loss=0.6226, Rho=10.184280, Grad_norm=0.0982, Final_scale=101.8428
🚀 APPLYING GUIDANCE at step 32 (timestep=627)
🎯 GUIDANCE STEP 32 (t=627): Loss=0.6245, Rho=11.207015, Grad_norm=0.0892, Final_scale=112.0702
🚀 APPLYING GUIDANCE at step 33 (timestep=606)
🎯 GUIDANCE STEP 33 (t=606): Loss=0.6245, Rho=12.930510, Grad_norm=0.0773, Final_scale=129.3051
🚀 APPLYING GUIDANCE at step 34 (timestep=585)
🎯 GUIDANCE STEP 34 (t=585): Loss=0.6245, Rho=6.562483, Grad_norm=0.1524, Final_scale=65.6248
🚀 APPLYING GUIDANCE at step 35 (timestep=562)
🎯 GUIDANCE STEP 35 (t=562): Loss=0.6260, Rho=6.839082, Grad_norm=0.1462, Final_scale=68.3908
🚀 APPLYING GUIDANCE at step 36 (timestep=538)
🎯 GUIDANCE STEP 36 (t=538): Loss=0.6255, Rho=4.335640, Grad_norm=0.2306, Final_scale=43.3564
🚀 APPLYING GUIDANCE at step 37 (timestep=512)
🎯 GUIDANCE STEP 37 (t=512): Loss=0.6265, Rho=8.148649, Grad_norm=0.1227, Final_scale=81.4865
🚀 APPLYING GUIDANCE at step 38 (timestep=486)
🎯 GUIDANCE STEP 38 (t=486): Loss=0.6270, Rho=23.744036, Grad_norm=0.0421, Final_scale=237.4404
🚀 APPLYING GUIDANCE at step 39 (timestep=458)
🎯 GUIDANCE STEP 39 (t=458): Loss=0.6250, Rho=7.287888, Grad_norm=0.1372, Final_scale=72.8789
🚀 APPLYING GUIDANCE at step 40 (timestep=428)
🎯 GUIDANCE STEP 40 (t=428): Loss=0.6255, Rho=23.281904, Grad_norm=0.0430, Final_scale=232.8190
🚀 APPLYING GUIDANCE at step 41 (timestep=396)
🎯 GUIDANCE STEP 41 (t=396): Loss=0.6270, Rho=13.976797, Grad_norm=0.0715, Final_scale=139.7680
🚀 APPLYING GUIDANCE at step 42 (timestep=363)
🎯 GUIDANCE STEP 42 (t=363): Loss=0.6299, Rho=26.335876, Grad_norm=0.0380, Final_scale=263.3588
🚀 APPLYING GUIDANCE at step 43 (timestep=327)
🎯 GUIDANCE STEP 43 (t=327): Loss=0.6270, Rho=30.589949, Grad_norm=0.0327, Final_scale=305.8995
🚀 APPLYING GUIDANCE at step 44 (timestep=290)
🎯 GUIDANCE STEP 44 (t=290): Loss=0.6279, Rho=14.816391, Grad_norm=0.0675, Final_scale=148.1639
🚀 APPLYING GUIDANCE at step 45 (timestep=249)
🎯 GUIDANCE STEP 45 (t=249): Loss=0.6279, Rho=6.249464, Grad_norm=0.1600, Final_scale=62.4946
🚀 APPLYING GUIDANCE at step 46 (timestep=206)
🎯 GUIDANCE STEP 46 (t=206): Loss=0.6235, Rho=31.375656, Grad_norm=0.0319, Final_scale=313.7566
🚀 APPLYING GUIDANCE at step 47 (timestep=160)
🎯 GUIDANCE STEP 47 (t=160): Loss=0.6250, Rho=5.138352, Grad_norm=0.1946, Final_scale=51.3835
🚀 APPLYING GUIDANCE at step 48 (timestep=111)
🎯 GUIDANCE STEP 48 (t=111): Loss=0.6240, Rho=19.814842, Grad_norm=0.0505, Final_scale=198.1484
🚀 APPLYING GUIDANCE at step 49 (timestep=57)
🎯 GUIDANCE STEP 49 (t=57): Loss=0.6240, Rho=11.425046, Grad_norm=0.0875, Final_scale=114.2505
[guidance_f33_s50_w8c6_rho10.0_cfg5.0_0701_1608] Generated: generated_videos/subject_consistency/guidance_f33_s50_w8c6_rho10.0_cfg5.0_0701_1608/a_bear_hunting_for_prey.mp4
[guidance_f33_s50_w8c6_rho10.0_cfg5.0_0701_1608] Generating video 4/9 (guidance): a zebra bending down to drink water from a river
🎬 STARTING GUIDANCE PIPELINE GENERATION
   Frames: 33, Steps: 50, CFG Scale: 5.0

🔧 GUIDANCE PIPELINE CONFIGURATION:
   Guidance range: 0 - 1001
   Rho scale: 10.0
   V-JEPA kernel_size: 8
   V-JEPA context_length: 6
   V-JEPA stride: 2
   V-JEPA mode: max
   Total timesteps: 50

🚀 APPLYING GUIDANCE at step 0 (timestep=999)
🎯 GUIDANCE STEP 0 (t=999): Loss=0.5342, Rho=33.001122, Grad_norm=0.0303, Final_scale=330.0112
🚀 APPLYING GUIDANCE at step 1 (timestep=992)
🎯 GUIDANCE STEP 1 (t=992): Loss=0.5527, Rho=8.134768, Grad_norm=0.1229, Final_scale=81.3477
🚀 APPLYING GUIDANCE at step 2 (timestep=985)
🎯 GUIDANCE STEP 2 (t=985): Loss=0.5474, Rho=11.656191, Grad_norm=0.0858, Final_scale=116.5619
🚀 APPLYING GUIDANCE at step 3 (timestep=978)
🎯 GUIDANCE STEP 3 (t=978): Loss=0.5674, Rho=5.726547, Grad_norm=0.1746, Final_scale=57.2655
🚀 APPLYING GUIDANCE at step 4 (timestep=971)
🎯 GUIDANCE STEP 4 (t=971): Loss=0.5845, Rho=8.478259, Grad_norm=0.1179, Final_scale=84.7826
🚀 APPLYING GUIDANCE at step 5 (timestep=963)
🎯 GUIDANCE STEP 5 (t=963): Loss=0.5908, Rho=7.220162, Grad_norm=0.1385, Final_scale=72.2016
🚀 APPLYING GUIDANCE at step 6 (timestep=956)
🎯 GUIDANCE STEP 6 (t=956): Loss=0.5967, Rho=5.676964, Grad_norm=0.1762, Final_scale=56.7696
🚀 APPLYING GUIDANCE at step 7 (timestep=948)
🎯 GUIDANCE STEP 7 (t=948): Loss=0.5996, Rho=3.508846, Grad_norm=0.2850, Final_scale=35.0885
🚀 APPLYING GUIDANCE at step 8 (timestep=939)
🎯 GUIDANCE STEP 8 (t=939): Loss=0.6099, Rho=2.871062, Grad_norm=0.3483, Final_scale=28.7106
🚀 APPLYING GUIDANCE at step 9 (timestep=931)
🎯 GUIDANCE STEP 9 (t=931): Loss=0.6094, Rho=3.885975, Grad_norm=0.2573, Final_scale=38.8598
🚀 APPLYING GUIDANCE at step 10 (timestep=922)
🎯 GUIDANCE STEP 10 (t=922): Loss=0.6162, Rho=4.430209, Grad_norm=0.2257, Final_scale=44.3021
🚀 APPLYING GUIDANCE at step 11 (timestep=913)
🎯 GUIDANCE STEP 11 (t=913): Loss=0.6118, Rho=2.141676, Grad_norm=0.4669, Final_scale=21.4168
🚀 APPLYING GUIDANCE at step 12 (timestep=904)
🎯 GUIDANCE STEP 12 (t=904): Loss=0.6172, Rho=3.366876, Grad_norm=0.2970, Final_scale=33.6688
🚀 APPLYING GUIDANCE at step 13 (timestep=894)
🎯 GUIDANCE STEP 13 (t=894): Loss=0.6143, Rho=3.614951, Grad_norm=0.2766, Final_scale=36.1495
🚀 APPLYING GUIDANCE at step 14 (timestep=884)
🎯 GUIDANCE STEP 14 (t=884): Loss=0.6162, Rho=4.828850, Grad_norm=0.2071, Final_scale=48.2885
🚀 APPLYING GUIDANCE at step 15 (timestep=874)
🎯 GUIDANCE STEP 15 (t=874): Loss=0.6157, Rho=3.395088, Grad_norm=0.2945, Final_scale=33.9509
🚀 APPLYING GUIDANCE at step 16 (timestep=864)
🎯 GUIDANCE STEP 16 (t=864): Loss=0.6152, Rho=2.797747, Grad_norm=0.3574, Final_scale=27.9775
🚀 APPLYING GUIDANCE at step 17 (timestep=853)
🎯 GUIDANCE STEP 17 (t=853): Loss=0.6172, Rho=1.119198, Grad_norm=0.8935, Final_scale=11.1920
🚀 APPLYING GUIDANCE at step 18 (timestep=841)
🎯 GUIDANCE STEP 18 (t=841): Loss=0.6157, Rho=3.783896, Grad_norm=0.2643, Final_scale=37.8390
🚀 APPLYING GUIDANCE at step 19 (timestep=829)
🎯 GUIDANCE STEP 19 (t=829): Loss=0.6211, Rho=2.440240, Grad_norm=0.4098, Final_scale=24.4024
🚀 APPLYING GUIDANCE at step 20 (timestep=817)
🎯 GUIDANCE STEP 20 (t=817): Loss=0.6187, Rho=1.811618, Grad_norm=0.5520, Final_scale=18.1162
🚀 APPLYING GUIDANCE at step 21 (timestep=805)
🎯 GUIDANCE STEP 21 (t=805): Loss=0.6157, Rho=0.840909, Grad_norm=1.1892, Final_scale=8.4091
🚀 APPLYING GUIDANCE at step 22 (timestep=792)
🎯 GUIDANCE STEP 22 (t=792): Loss=0.6172, Rho=2.933859, Grad_norm=0.3408, Final_scale=29.3386
🚀 APPLYING GUIDANCE at step 23 (timestep=778)
🎯 GUIDANCE STEP 23 (t=778): Loss=0.6118, Rho=3.716140, Grad_norm=0.2691, Final_scale=37.1614
🚀 APPLYING GUIDANCE at step 24 (timestep=764)
🎯 GUIDANCE STEP 24 (t=764): Loss=0.6128, Rho=2.624951, Grad_norm=0.3810, Final_scale=26.2495
🚀 APPLYING GUIDANCE at step 25 (timestep=749)
🎯 GUIDANCE STEP 25 (t=749): Loss=0.6118, Rho=1.268013, Grad_norm=0.7886, Final_scale=12.6801
🚀 APPLYING GUIDANCE at step 26 (timestep=734)
🎯 GUIDANCE STEP 26 (t=734): Loss=0.6104, Rho=2.970054, Grad_norm=0.3367, Final_scale=29.7005
🚀 APPLYING GUIDANCE at step 27 (timestep=718)
🎯 GUIDANCE STEP 27 (t=718): Loss=0.6172, Rho=3.374873, Grad_norm=0.2963, Final_scale=33.7487
🚀 APPLYING GUIDANCE at step 28 (timestep=701)
🎯 GUIDANCE STEP 28 (t=701): Loss=0.6128, Rho=1.514125, Grad_norm=0.6604, Final_scale=15.1412
🚀 APPLYING GUIDANCE at step 29 (timestep=684)
🎯 GUIDANCE STEP 29 (t=684): Loss=0.6152, Rho=2.030205, Grad_norm=0.4926, Final_scale=20.3020
🚀 APPLYING GUIDANCE at step 30 (timestep=666)
🎯 GUIDANCE STEP 30 (t=666): Loss=0.6128, Rho=2.469540, Grad_norm=0.4049, Final_scale=24.6954
🚀 APPLYING GUIDANCE at step 31 (timestep=647)
🎯 GUIDANCE STEP 31 (t=647): Loss=0.6118, Rho=1.996894, Grad_norm=0.5008, Final_scale=19.9689
🚀 APPLYING GUIDANCE at step 32 (timestep=627)
🎯 GUIDANCE STEP 32 (t=627): Loss=0.6108, Rho=1.629315, Grad_norm=0.6138, Final_scale=16.2932
🚀 APPLYING GUIDANCE at step 33 (timestep=606)
🎯 GUIDANCE STEP 33 (t=606): Loss=0.6118, Rho=1.862288, Grad_norm=0.5370, Final_scale=18.6229
🚀 APPLYING GUIDANCE at step 34 (timestep=585)
🎯 GUIDANCE STEP 34 (t=585): Loss=0.6113, Rho=3.695610, Grad_norm=0.2706, Final_scale=36.9561
🚀 APPLYING GUIDANCE at step 35 (timestep=562)
🎯 GUIDANCE STEP 35 (t=562): Loss=0.6113, Rho=5.325266, Grad_norm=0.1878, Final_scale=53.2527
🚀 APPLYING GUIDANCE at step 36 (timestep=538)
🎯 GUIDANCE STEP 36 (t=538): Loss=0.6128, Rho=2.286488, Grad_norm=0.4374, Final_scale=22.8649
🚀 APPLYING GUIDANCE at step 37 (timestep=512)
🎯 GUIDANCE STEP 37 (t=512): Loss=0.6128, Rho=2.372736, Grad_norm=0.4215, Final_scale=23.7274
🚀 APPLYING GUIDANCE at step 38 (timestep=486)
🎯 GUIDANCE STEP 38 (t=486): Loss=0.6118, Rho=2.539146, Grad_norm=0.3938, Final_scale=25.3915
🚀 APPLYING GUIDANCE at step 39 (timestep=458)
🎯 GUIDANCE STEP 39 (t=458): Loss=0.6118, Rho=3.353389, Grad_norm=0.2982, Final_scale=33.5339
🚀 APPLYING GUIDANCE at step 40 (timestep=428)
🎯 GUIDANCE STEP 40 (t=428): Loss=0.6138, Rho=7.641446, Grad_norm=0.1309, Final_scale=76.4145
🚀 APPLYING GUIDANCE at step 41 (timestep=396)
🎯 GUIDANCE STEP 41 (t=396): Loss=0.6143, Rho=3.846600, Grad_norm=0.2600, Final_scale=38.4660
🚀 APPLYING GUIDANCE at step 42 (timestep=363)
🎯 GUIDANCE STEP 42 (t=363): Loss=0.6128, Rho=12.198142, Grad_norm=0.0820, Final_scale=121.9814
🚀 APPLYING GUIDANCE at step 43 (timestep=327)
🎯 GUIDANCE STEP 43 (t=327): Loss=0.6113, Rho=7.993248, Grad_norm=0.1251, Final_scale=79.9325
🚀 APPLYING GUIDANCE at step 44 (timestep=290)
🎯 GUIDANCE STEP 44 (t=290): Loss=0.6113, Rho=4.605406, Grad_norm=0.2171, Final_scale=46.0541
🚀 APPLYING GUIDANCE at step 45 (timestep=249)
🎯 GUIDANCE STEP 45 (t=249): Loss=0.6128, Rho=7.664114, Grad_norm=0.1305, Final_scale=76.6411
🚀 APPLYING GUIDANCE at step 46 (timestep=206)
🎯 GUIDANCE STEP 46 (t=206): Loss=0.6094, Rho=9.676123, Grad_norm=0.1033, Final_scale=96.7612
🚀 APPLYING GUIDANCE at step 47 (timestep=160)
🎯 GUIDANCE STEP 47 (t=160): Loss=0.6084, Rho=3.865837, Grad_norm=0.2587, Final_scale=38.6584
🚀 APPLYING GUIDANCE at step 48 (timestep=111)
🎯 GUIDANCE STEP 48 (t=111): Loss=0.6089, Rho=23.468502, Grad_norm=0.0426, Final_scale=234.6850
🚀 APPLYING GUIDANCE at step 49 (timestep=57)
🎯 GUIDANCE STEP 49 (t=57): Loss=0.6094, Rho=22.320885, Grad_norm=0.0448, Final_scale=223.2088
[guidance_f33_s50_w8c6_rho10.0_cfg5.0_0701_1608] Generated: generated_videos/subject_consistency/guidance_f33_s50_w8c6_rho10.0_cfg5.0_0701_1608/a_person_washing_the_dishes.mp4
[guidance_f33_s50_w8c6_rho10.0_cfg5.0_0701_1608] Generating video 4/9 (guidance): a person eating a burger
🎬 STARTING GUIDANCE PIPELINE GENERATION
   Frames: 33, Steps: 50, CFG Scale: 5.0

🔧 GUIDANCE PIPELINE CONFIGURATION:
   Guidance range: 0 - 1001
   Rho scale: 10.0
   V-JEPA kernel_size: 8
   V-JEPA context_length: 6
   V-JEPA stride: 2
   V-JEPA mode: max
   Total timesteps: 50

🚀 APPLYING GUIDANCE at step 0 (timestep=999)
🎯 GUIDANCE STEP 0 (t=999): Loss=0.5430, Rho=9.391994, Grad_norm=0.1065, Final_scale=93.9199
🚀 APPLYING GUIDANCE at step 1 (timestep=992)
🎯 GUIDANCE STEP 1 (t=992): Loss=0.5386, Rho=20.804937, Grad_norm=0.0481, Final_scale=208.0494
🚀 APPLYING GUIDANCE at step 2 (timestep=985)
🎯 GUIDANCE STEP 2 (t=985): Loss=0.5674, Rho=7.497744, Grad_norm=0.1334, Final_scale=74.9774
🚀 APPLYING GUIDANCE at step 3 (timestep=978)
🎯 GUIDANCE STEP 3 (t=978): Loss=0.5781, Rho=9.265471, Grad_norm=0.1079, Final_scale=92.6547
🚀 APPLYING GUIDANCE at step 4 (timestep=971)
🎯 GUIDANCE STEP 4 (t=971): Loss=0.5928, Rho=13.676696, Grad_norm=0.0731, Final_scale=136.7670
🚀 APPLYING GUIDANCE at step 5 (timestep=963)
🎯 GUIDANCE STEP 5 (t=963): Loss=0.5903, Rho=7.245995, Grad_norm=0.1380, Final_scale=72.4600
🚀 APPLYING GUIDANCE at step 6 (timestep=956)
🎯 GUIDANCE STEP 6 (t=956): Loss=0.5967, Rho=5.225648, Grad_norm=0.1914, Final_scale=52.2565
🚀 APPLYING GUIDANCE at step 7 (timestep=948)
🎯 GUIDANCE STEP 7 (t=948): Loss=0.6074, Rho=7.080386, Grad_norm=0.1412, Final_scale=70.8039
🚀 APPLYING GUIDANCE at step 8 (timestep=939)
🎯 GUIDANCE STEP 8 (t=939): Loss=0.6118, Rho=4.789301, Grad_norm=0.2088, Final_scale=47.8930
🚀 APPLYING GUIDANCE at step 9 (timestep=931)
🎯 GUIDANCE STEP 9 (t=931): Loss=0.6299, Rho=5.544166, Grad_norm=0.1804, Final_scale=55.4417
🚀 APPLYING GUIDANCE at step 10 (timestep=922)
🎯 GUIDANCE STEP 10 (t=922): Loss=0.6343, Rho=9.058461, Grad_norm=0.1104, Final_scale=90.5846
🚀 APPLYING GUIDANCE at step 11 (timestep=913)
🎯 GUIDANCE STEP 11 (t=913): Loss=0.6416, Rho=1.916679, Grad_norm=0.5217, Final_scale=19.1668
🚀 APPLYING GUIDANCE at step 12 (timestep=904)
🎯 GUIDANCE STEP 12 (t=904): Loss=0.6357, Rho=5.079901, Grad_norm=0.1969, Final_scale=50.7990
🚀 APPLYING GUIDANCE at step 13 (timestep=894)
🎯 GUIDANCE STEP 13 (t=894): Loss=0.6294, Rho=2.398753, Grad_norm=0.4169, Final_scale=23.9875
🚀 APPLYING GUIDANCE at step 14 (timestep=884)
🎯 GUIDANCE STEP 14 (t=884): Loss=0.6309, Rho=1.893067, Grad_norm=0.5282, Final_scale=18.9307
🚀 APPLYING GUIDANCE at step 15 (timestep=874)
🎯 GUIDANCE STEP 15 (t=874): Loss=0.6309, Rho=14.899224, Grad_norm=0.0671, Final_scale=148.9922
🚀 APPLYING GUIDANCE at step 16 (timestep=864)
🎯 GUIDANCE STEP 16 (t=864): Loss=0.6284, Rho=7.561408, Grad_norm=0.1323, Final_scale=75.6141
🚀 APPLYING GUIDANCE at step 17 (timestep=853)
🎯 GUIDANCE STEP 17 (t=853): Loss=0.6284, Rho=4.942582, Grad_norm=0.2023, Final_scale=49.4258
🚀 APPLYING GUIDANCE at step 18 (timestep=841)
🎯 GUIDANCE STEP 18 (t=841): Loss=0.6309, Rho=9.091034, Grad_norm=0.1100, Final_scale=90.9103
🚀 APPLYING GUIDANCE at step 19 (timestep=829)
🎯 GUIDANCE STEP 19 (t=829): Loss=0.6279, Rho=10.840736, Grad_norm=0.0922, Final_scale=108.4074
🚀 APPLYING GUIDANCE at step 20 (timestep=817)
🎯 GUIDANCE STEP 20 (t=817): Loss=0.6245, Rho=11.671868, Grad_norm=0.0857, Final_scale=116.7187
🚀 APPLYING GUIDANCE at step 21 (timestep=805)
🎯 GUIDANCE STEP 21 (t=805): Loss=0.6245, Rho=9.796146, Grad_norm=0.1021, Final_scale=97.9615
🚀 APPLYING GUIDANCE at step 22 (timestep=792)
🎯 GUIDANCE STEP 22 (t=792): Loss=0.6230, Rho=7.825417, Grad_norm=0.1278, Final_scale=78.2542
🚀 APPLYING GUIDANCE at step 23 (timestep=778)
🎯 GUIDANCE STEP 23 (t=778): Loss=0.6235, Rho=2.171283, Grad_norm=0.4606, Final_scale=21.7128
🚀 APPLYING GUIDANCE at step 24 (timestep=764)
🎯 GUIDANCE STEP 24 (t=764): Loss=0.6279, Rho=2.840502, Grad_norm=0.3521, Final_scale=28.4050
🚀 APPLYING GUIDANCE at step 25 (timestep=749)
🎯 GUIDANCE STEP 25 (t=749): Loss=0.6260, Rho=5.685179, Grad_norm=0.1759, Final_scale=56.8518
🚀 APPLYING GUIDANCE at step 26 (timestep=734)
🎯 GUIDANCE STEP 26 (t=734): Loss=0.6274, Rho=11.960311, Grad_norm=0.0836, Final_scale=119.6031
🚀 APPLYING GUIDANCE at step 27 (timestep=718)
🎯 GUIDANCE STEP 27 (t=718): Loss=0.6260, Rho=11.849429, Grad_norm=0.0844, Final_scale=118.4943
🚀 APPLYING GUIDANCE at step 28 (timestep=701)
🎯 GUIDANCE STEP 28 (t=701): Loss=0.6240, Rho=10.567206, Grad_norm=0.0946, Final_scale=105.6721
🚀 APPLYING GUIDANCE at step 29 (timestep=684)
🎯 GUIDANCE STEP 29 (t=684): Loss=0.6240, Rho=4.811431, Grad_norm=0.2078, Final_scale=48.1143
🚀 APPLYING GUIDANCE at step 30 (timestep=666)
🎯 GUIDANCE STEP 30 (t=666): Loss=0.6226, Rho=16.386480, Grad_norm=0.0610, Final_scale=163.8648
🚀 APPLYING GUIDANCE at step 31 (timestep=647)
🎯 GUIDANCE STEP 31 (t=647): Loss=0.6206, Rho=13.378778, Grad_norm=0.0747, Final_scale=133.7878
🚀 APPLYING GUIDANCE at step 32 (timestep=627)
🎯 GUIDANCE STEP 32 (t=627): Loss=0.6235, Rho=13.662801, Grad_norm=0.0732, Final_scale=136.6280
🚀 APPLYING GUIDANCE at step 33 (timestep=606)
🎯 GUIDANCE STEP 33 (t=606): Loss=0.6226, Rho=10.346541, Grad_norm=0.0967, Final_scale=103.4654
🚀 APPLYING GUIDANCE at step 34 (timestep=585)
🎯 GUIDANCE STEP 34 (t=585): Loss=0.6255, Rho=13.100955, Grad_norm=0.0763, Final_scale=131.0096
🚀 APPLYING GUIDANCE at step 35 (timestep=562)
🎯 GUIDANCE STEP 35 (t=562): Loss=0.6216, Rho=5.055515, Grad_norm=0.1978, Final_scale=50.5552
🚀 APPLYING GUIDANCE at step 36 (timestep=538)
🎯 GUIDANCE STEP 36 (t=538): Loss=0.6211, Rho=10.476621, Grad_norm=0.0955, Final_scale=104.7662
🚀 APPLYING GUIDANCE at step 37 (timestep=512)
🎯 GUIDANCE STEP 37 (t=512): Loss=0.6211, Rho=8.565251, Grad_norm=0.1168, Final_scale=85.6525
🚀 APPLYING GUIDANCE at step 38 (timestep=486)
🎯 GUIDANCE STEP 38 (t=486): Loss=0.6221, Rho=6.315602, Grad_norm=0.1583, Final_scale=63.1560
🚀 APPLYING GUIDANCE at step 39 (timestep=458)
🎯 GUIDANCE STEP 39 (t=458): Loss=0.6206, Rho=9.828888, Grad_norm=0.1017, Final_scale=98.2889
🚀 APPLYING GUIDANCE at step 40 (timestep=428)
🎯 GUIDANCE STEP 40 (t=428): Loss=0.6182, Rho=16.488726, Grad_norm=0.0606, Final_scale=164.8873
🚀 APPLYING GUIDANCE at step 41 (timestep=396)
🎯 GUIDANCE STEP 41 (t=396): Loss=0.6201, Rho=2.914322, Grad_norm=0.3431, Final_scale=29.1432
🚀 APPLYING GUIDANCE at step 42 (timestep=363)
🎯 GUIDANCE STEP 42 (t=363): Loss=0.6191, Rho=8.883368, Grad_norm=0.1126, Final_scale=88.8337
🚀 APPLYING GUIDANCE at step 43 (timestep=327)
🎯 GUIDANCE STEP 43 (t=327): Loss=0.6167, Rho=14.269032, Grad_norm=0.0701, Final_scale=142.6903
🚀 APPLYING GUIDANCE at step 44 (timestep=290)
🎯 GUIDANCE STEP 44 (t=290): Loss=0.6152, Rho=1.326983, Grad_norm=0.7536, Final_scale=13.2698
🚀 APPLYING GUIDANCE at step 45 (timestep=249)
🎯 GUIDANCE STEP 45 (t=249): Loss=0.6133, Rho=21.322550, Grad_norm=0.0469, Final_scale=213.2255
🚀 APPLYING GUIDANCE at step 46 (timestep=206)
🎯 GUIDANCE STEP 46 (t=206): Loss=0.6113, Rho=17.812748, Grad_norm=0.0561, Final_scale=178.1275
🚀 APPLYING GUIDANCE at step 47 (timestep=160)
🎯 GUIDANCE STEP 47 (t=160): Loss=0.6079, Rho=26.068069, Grad_norm=0.0384, Final_scale=260.6807
🚀 APPLYING GUIDANCE at step 48 (timestep=111)
🎯 GUIDANCE STEP 48 (t=111): Loss=0.6069, Rho=11.843317, Grad_norm=0.0844, Final_scale=118.4332
🚀 APPLYING GUIDANCE at step 49 (timestep=57)
🎯 GUIDANCE STEP 49 (t=57): Loss=0.6104, Rho=16.277460, Grad_norm=0.0614, Final_scale=162.7746
[guidance_f33_s50_w8c6_rho10.0_cfg5.0_0701_1608] Generated: generated_videos/subject_consistency/guidance_f33_s50_w8c6_rho10.0_cfg5.0_0701_1608/a_cow_bending_down_to_drink_water_from_a_river.mp4
[guidance_f33_s50_w8c6_rho10.0_cfg5.0_0701_1608] Generating video 4/9 (guidance): a cow chewing cud while resting in a tranquil barn
🎬 STARTING GUIDANCE PIPELINE GENERATION
   Frames: 33, Steps: 50, CFG Scale: 5.0

🔧 GUIDANCE PIPELINE CONFIGURATION:
   Guidance range: 0 - 1001
   Rho scale: 10.0
   V-JEPA kernel_size: 8
   V-JEPA context_length: 6
   V-JEPA stride: 2
   V-JEPA mode: max
   Total timesteps: 50

🚀 APPLYING GUIDANCE at step 0 (timestep=999)
🎯 GUIDANCE STEP 0 (t=999): Loss=0.5571, Rho=18.042877, Grad_norm=0.0554, Final_scale=180.4288
🚀 APPLYING GUIDANCE at step 1 (timestep=992)
🎯 GUIDANCE STEP 1 (t=992): Loss=0.5415, Rho=23.199982, Grad_norm=0.0431, Final_scale=231.9998
🚀 APPLYING GUIDANCE at step 2 (timestep=985)
🎯 GUIDANCE STEP 2 (t=985): Loss=0.5801, Rho=12.640342, Grad_norm=0.0791, Final_scale=126.4034
🚀 APPLYING GUIDANCE at step 3 (timestep=978)
🎯 GUIDANCE STEP 3 (t=978): Loss=0.5879, Rho=7.941656, Grad_norm=0.1259, Final_scale=79.4166
🚀 APPLYING GUIDANCE at step 4 (timestep=971)
🎯 GUIDANCE STEP 4 (t=971): Loss=0.5786, Rho=4.132748, Grad_norm=0.2420, Final_scale=41.3275
🚀 APPLYING GUIDANCE at step 5 (timestep=963)
🎯 GUIDANCE STEP 5 (t=963): Loss=0.5874, Rho=7.094946, Grad_norm=0.1409, Final_scale=70.9495
🚀 APPLYING GUIDANCE at step 6 (timestep=956)
🎯 GUIDANCE STEP 6 (t=956): Loss=0.5859, Rho=3.354025, Grad_norm=0.2981, Final_scale=33.5402
🚀 APPLYING GUIDANCE at step 7 (timestep=948)
🎯 GUIDANCE STEP 7 (t=948): Loss=0.5908, Rho=5.908490, Grad_norm=0.1692, Final_scale=59.0849
🚀 APPLYING GUIDANCE at step 8 (timestep=939)
🎯 GUIDANCE STEP 8 (t=939): Loss=0.5830, Rho=6.663255, Grad_norm=0.1501, Final_scale=66.6326
🚀 APPLYING GUIDANCE at step 9 (timestep=931)
🎯 GUIDANCE STEP 9 (t=931): Loss=0.5874, Rho=7.812248, Grad_norm=0.1280, Final_scale=78.1225
🚀 APPLYING GUIDANCE at step 10 (timestep=922)
🎯 GUIDANCE STEP 10 (t=922): Loss=0.5859, Rho=7.834444, Grad_norm=0.1276, Final_scale=78.3444
🚀 APPLYING GUIDANCE at step 11 (timestep=913)
🎯 GUIDANCE STEP 11 (t=913): Loss=0.5884, Rho=5.624401, Grad_norm=0.1778, Final_scale=56.2440
🚀 APPLYING GUIDANCE at step 12 (timestep=904)
🎯 GUIDANCE STEP 12 (t=904): Loss=0.5889, Rho=6.735025, Grad_norm=0.1485, Final_scale=67.3502
🚀 APPLYING GUIDANCE at step 13 (timestep=894)
🎯 GUIDANCE STEP 13 (t=894): Loss=0.5864, Rho=6.262779, Grad_norm=0.1597, Final_scale=62.6278
🚀 APPLYING GUIDANCE at step 14 (timestep=884)
🎯 GUIDANCE STEP 14 (t=884): Loss=0.5903, Rho=4.447216, Grad_norm=0.2249, Final_scale=44.4722
🚀 APPLYING GUIDANCE at step 15 (timestep=874)
🎯 GUIDANCE STEP 15 (t=874): Loss=0.5996, Rho=4.794060, Grad_norm=0.2086, Final_scale=47.9406
🚀 APPLYING GUIDANCE at step 16 (timestep=864)
🎯 GUIDANCE STEP 16 (t=864): Loss=0.5952, Rho=8.293839, Grad_norm=0.1206, Final_scale=82.9384
🚀 APPLYING GUIDANCE at step 17 (timestep=853)
🎯 GUIDANCE STEP 17 (t=853): Loss=0.5923, Rho=5.548138, Grad_norm=0.1802, Final_scale=55.4814
🚀 APPLYING GUIDANCE at step 18 (timestep=841)
🎯 GUIDANCE STEP 18 (t=841): Loss=0.5889, Rho=3.260079, Grad_norm=0.3067, Final_scale=32.6008
🚀 APPLYING GUIDANCE at step 19 (timestep=829)
🎯 GUIDANCE STEP 19 (t=829): Loss=0.5898, Rho=5.711081, Grad_norm=0.1751, Final_scale=57.1108
🚀 APPLYING GUIDANCE at step 20 (timestep=817)
🎯 GUIDANCE STEP 20 (t=817): Loss=0.5903, Rho=3.647291, Grad_norm=0.2742, Final_scale=36.4729
🚀 APPLYING GUIDANCE at step 21 (timestep=805)
🎯 GUIDANCE STEP 21 (t=805): Loss=0.5928, Rho=6.882494, Grad_norm=0.1453, Final_scale=68.8249
🚀 APPLYING GUIDANCE at step 22 (timestep=792)
🎯 GUIDANCE STEP 22 (t=792): Loss=0.5952, Rho=7.376230, Grad_norm=0.1356, Final_scale=73.7623
🚀 APPLYING GUIDANCE at step 23 (timestep=778)
🎯 GUIDANCE STEP 23 (t=778): Loss=0.5933, Rho=7.638789, Grad_norm=0.1309, Final_scale=76.3879
🚀 APPLYING GUIDANCE at step 24 (timestep=764)
🎯 GUIDANCE STEP 24 (t=764): Loss=0.5957, Rho=9.629225, Grad_norm=0.1039, Final_scale=96.2922
🚀 APPLYING GUIDANCE at step 25 (timestep=749)
🎯 GUIDANCE STEP 25 (t=749): Loss=0.5923, Rho=12.483971, Grad_norm=0.0801, Final_scale=124.8397
🚀 APPLYING GUIDANCE at step 26 (timestep=734)
🎯 GUIDANCE STEP 26 (t=734): Loss=0.5962, Rho=14.783412, Grad_norm=0.0676, Final_scale=147.8341
🚀 APPLYING GUIDANCE at step 27 (timestep=718)
🎯 GUIDANCE STEP 27 (t=718): Loss=0.5981, Rho=8.804927, Grad_norm=0.1136, Final_scale=88.0493
🚀 APPLYING GUIDANCE at step 28 (timestep=701)
🎯 GUIDANCE STEP 28 (t=701): Loss=0.5942, Rho=12.768340, Grad_norm=0.0783, Final_scale=127.6834
🚀 APPLYING GUIDANCE at step 29 (timestep=684)
🎯 GUIDANCE STEP 29 (t=684): Loss=0.6045, Rho=12.131453, Grad_norm=0.0824, Final_scale=121.3145
🚀 APPLYING GUIDANCE at step 30 (timestep=666)
🎯 GUIDANCE STEP 30 (t=666): Loss=0.5947, Rho=6.919207, Grad_norm=0.1445, Final_scale=69.1921
🚀 APPLYING GUIDANCE at step 31 (timestep=647)
🎯 GUIDANCE STEP 31 (t=647): Loss=0.5962, Rho=16.768553, Grad_norm=0.0596, Final_scale=167.6855
🚀 APPLYING GUIDANCE at step 32 (timestep=627)
🎯 GUIDANCE STEP 32 (t=627): Loss=0.5952, Rho=18.583498, Grad_norm=0.0538, Final_scale=185.8350
🚀 APPLYING GUIDANCE at step 33 (timestep=606)
🎯 GUIDANCE STEP 33 (t=606): Loss=0.5952, Rho=21.501230, Grad_norm=0.0465, Final_scale=215.0123
🚀 APPLYING GUIDANCE at step 34 (timestep=585)
🎯 GUIDANCE STEP 34 (t=585): Loss=0.5942, Rho=22.976322, Grad_norm=0.0435, Final_scale=229.7632
🚀 APPLYING GUIDANCE at step 35 (timestep=562)
🎯 GUIDANCE STEP 35 (t=562): Loss=0.5928, Rho=27.646009, Grad_norm=0.0362, Final_scale=276.4601
🚀 APPLYING GUIDANCE at step 36 (timestep=538)
🎯 GUIDANCE STEP 36 (t=538): Loss=0.5884, Rho=15.195191, Grad_norm=0.0658, Final_scale=151.9519
🚀 APPLYING GUIDANCE at step 37 (timestep=512)
🎯 GUIDANCE STEP 37 (t=512): Loss=0.5908, Rho=14.369701, Grad_norm=0.0696, Final_scale=143.6970
🚀 APPLYING GUIDANCE at step 38 (timestep=486)
🎯 GUIDANCE STEP 38 (t=486): Loss=0.5903, Rho=14.004661, Grad_norm=0.0714, Final_scale=140.0466
🚀 APPLYING GUIDANCE at step 39 (timestep=458)
🎯 GUIDANCE STEP 39 (t=458): Loss=0.5938, Rho=21.385187, Grad_norm=0.0468, Final_scale=213.8519
🚀 APPLYING GUIDANCE at step 40 (timestep=428)
🎯 GUIDANCE STEP 40 (t=428): Loss=0.5903, Rho=32.160145, Grad_norm=0.0311, Final_scale=321.6014
🚀 APPLYING GUIDANCE at step 41 (timestep=396)
🎯 GUIDANCE STEP 41 (t=396): Loss=0.5918, Rho=32.051544, Grad_norm=0.0312, Final_scale=320.5154
🚀 APPLYING GUIDANCE at step 42 (timestep=363)
🎯 GUIDANCE STEP 42 (t=363): Loss=0.5933, Rho=12.499156, Grad_norm=0.0800, Final_scale=124.9916
🚀 APPLYING GUIDANCE at step 43 (timestep=327)
🎯 GUIDANCE STEP 43 (t=327): Loss=0.5923, Rho=18.077383, Grad_norm=0.0553, Final_scale=180.7738
🚀 APPLYING GUIDANCE at step 44 (timestep=290)
🎯 GUIDANCE STEP 44 (t=290): Loss=0.5918, Rho=42.137665, Grad_norm=0.0237, Final_scale=421.3766
🚀 APPLYING GUIDANCE at step 45 (timestep=249)
🎯 GUIDANCE STEP 45 (t=249): Loss=0.5913, Rho=16.129927, Grad_norm=0.0620, Final_scale=161.2993
🚀 APPLYING GUIDANCE at step 46 (timestep=206)
🎯 GUIDANCE STEP 46 (t=206): Loss=0.5908, Rho=36.939938, Grad_norm=0.0271, Final_scale=369.3994
🚀 APPLYING GUIDANCE at step 47 (timestep=160)
🎯 GUIDANCE STEP 47 (t=160): Loss=0.5884, Rho=21.414442, Grad_norm=0.0467, Final_scale=214.1444
🚀 APPLYING GUIDANCE at step 48 (timestep=111)
🎯 GUIDANCE STEP 48 (t=111): Loss=0.5874, Rho=14.566569, Grad_norm=0.0687, Final_scale=145.6657
🚀 APPLYING GUIDANCE at step 49 (timestep=57)
🎯 GUIDANCE STEP 49 (t=57): Loss=0.5898, Rho=13.988046, Grad_norm=0.0715, Final_scale=139.8805
[guidance_f33_s50_w8c6_rho10.0_cfg5.0_0701_1608] Generated: generated_videos/subject_consistency/guidance_f33_s50_w8c6_rho10.0_cfg5.0_0701_1608/a_car_stuck_in_traffic_during_rush_hour.mp4
[guidance_f33_s50_w8c6_rho10.0_cfg5.0_0701_1608] Generating video 4/9 (guidance): a car turning a corner
🎬 STARTING GUIDANCE PIPELINE GENERATION
   Frames: 33, Steps: 50, CFG Scale: 5.0

🔧 GUIDANCE PIPELINE CONFIGURATION:
   Guidance range: 0 - 1001
   Rho scale: 10.0
   V-JEPA kernel_size: 8
   V-JEPA context_length: 6
   V-JEPA stride: 2
   V-JEPA mode: max
   Total timesteps: 50

🚀 APPLYING GUIDANCE at step 0 (timestep=999)
🎯 GUIDANCE STEP 0 (t=999): Loss=0.5361, Rho=17.130602, Grad_norm=0.0584, Final_scale=171.3060
🚀 APPLYING GUIDANCE at step 1 (timestep=992)
🎯 GUIDANCE STEP 1 (t=992): Loss=0.5439, Rho=17.846493, Grad_norm=0.0560, Final_scale=178.4649
🚀 APPLYING GUIDANCE at step 2 (timestep=985)
🎯 GUIDANCE STEP 2 (t=985): Loss=0.5742, Rho=10.934203, Grad_norm=0.0915, Final_scale=109.3420
🚀 APPLYING GUIDANCE at step 3 (timestep=978)
🎯 GUIDANCE STEP 3 (t=978): Loss=0.5811, Rho=8.146502, Grad_norm=0.1228, Final_scale=81.4650
🚀 APPLYING GUIDANCE at step 4 (timestep=971)
🎯 GUIDANCE STEP 4 (t=971): Loss=0.5884, Rho=6.705122, Grad_norm=0.1491, Final_scale=67.0512
🚀 APPLYING GUIDANCE at step 5 (timestep=963)
🎯 GUIDANCE STEP 5 (t=963): Loss=0.5894, Rho=8.524026, Grad_norm=0.1173, Final_scale=85.2403
🚀 APPLYING GUIDANCE at step 6 (timestep=956)
🎯 GUIDANCE STEP 6 (t=956): Loss=0.6069, Rho=3.712823, Grad_norm=0.2693, Final_scale=37.1282
🚀 APPLYING GUIDANCE at step 7 (timestep=948)
🎯 GUIDANCE STEP 7 (t=948): Loss=0.6133, Rho=7.699194, Grad_norm=0.1299, Final_scale=76.9919
🚀 APPLYING GUIDANCE at step 8 (timestep=939)
🎯 GUIDANCE STEP 8 (t=939): Loss=0.6196, Rho=7.581945, Grad_norm=0.1319, Final_scale=75.8194
🚀 APPLYING GUIDANCE at step 9 (timestep=931)
🎯 GUIDANCE STEP 9 (t=931): Loss=0.6245, Rho=5.529166, Grad_norm=0.1809, Final_scale=55.2917
🚀 APPLYING GUIDANCE at step 10 (timestep=922)
🎯 GUIDANCE STEP 10 (t=922): Loss=0.6274, Rho=9.143954, Grad_norm=0.1094, Final_scale=91.4395
🚀 APPLYING GUIDANCE at step 11 (timestep=913)
🎯 GUIDANCE STEP 11 (t=913): Loss=0.6304, Rho=7.180984, Grad_norm=0.1393, Final_scale=71.8098
🚀 APPLYING GUIDANCE at step 12 (timestep=904)
🎯 GUIDANCE STEP 12 (t=904): Loss=0.6250, Rho=4.487666, Grad_norm=0.2228, Final_scale=44.8767
🚀 APPLYING GUIDANCE at step 13 (timestep=894)
🎯 GUIDANCE STEP 13 (t=894): Loss=0.6255, Rho=4.652352, Grad_norm=0.2149, Final_scale=46.5235
🚀 APPLYING GUIDANCE at step 14 (timestep=884)
🎯 GUIDANCE STEP 14 (t=884): Loss=0.6221, Rho=2.198483, Grad_norm=0.4549, Final_scale=21.9848
🚀 APPLYING GUIDANCE at step 15 (timestep=874)
🎯 GUIDANCE STEP 15 (t=874): Loss=0.6240, Rho=7.124533, Grad_norm=0.1404, Final_scale=71.2453
🚀 APPLYING GUIDANCE at step 16 (timestep=864)
🎯 GUIDANCE STEP 16 (t=864): Loss=0.6201, Rho=7.587887, Grad_norm=0.1318, Final_scale=75.8789
🚀 APPLYING GUIDANCE at step 17 (timestep=853)
🎯 GUIDANCE STEP 17 (t=853): Loss=0.6221, Rho=4.134390, Grad_norm=0.2419, Final_scale=41.3439
🚀 APPLYING GUIDANCE at step 18 (timestep=841)
🎯 GUIDANCE STEP 18 (t=841): Loss=0.6250, Rho=4.687331, Grad_norm=0.2133, Final_scale=46.8733
🚀 APPLYING GUIDANCE at step 19 (timestep=829)
🎯 GUIDANCE STEP 19 (t=829): Loss=0.6216, Rho=6.045406, Grad_norm=0.1654, Final_scale=60.4541
🚀 APPLYING GUIDANCE at step 20 (timestep=817)
🎯 GUIDANCE STEP 20 (t=817): Loss=0.6206, Rho=6.845353, Grad_norm=0.1461, Final_scale=68.4535
🚀 APPLYING GUIDANCE at step 21 (timestep=805)
🎯 GUIDANCE STEP 21 (t=805): Loss=0.6226, Rho=4.710930, Grad_norm=0.2123, Final_scale=47.1093
🚀 APPLYING GUIDANCE at step 22 (timestep=792)
🎯 GUIDANCE STEP 22 (t=792): Loss=0.6226, Rho=3.408435, Grad_norm=0.2934, Final_scale=34.0843
🚀 APPLYING GUIDANCE at step 23 (timestep=778)
🎯 GUIDANCE STEP 23 (t=778): Loss=0.6250, Rho=4.081344, Grad_norm=0.2450, Final_scale=40.8134
🚀 APPLYING GUIDANCE at step 24 (timestep=764)
🎯 GUIDANCE STEP 24 (t=764): Loss=0.6235, Rho=5.572301, Grad_norm=0.1795, Final_scale=55.7230
🚀 APPLYING GUIDANCE at step 25 (timestep=749)
🎯 GUIDANCE STEP 25 (t=749): Loss=0.6216, Rho=5.593759, Grad_norm=0.1788, Final_scale=55.9376
🚀 APPLYING GUIDANCE at step 26 (timestep=734)
🎯 GUIDANCE STEP 26 (t=734): Loss=0.6211, Rho=2.630981, Grad_norm=0.3801, Final_scale=26.3098
🚀 APPLYING GUIDANCE at step 27 (timestep=718)
🎯 GUIDANCE STEP 27 (t=718): Loss=0.6226, Rho=5.338576, Grad_norm=0.1873, Final_scale=53.3858
🚀 APPLYING GUIDANCE at step 28 (timestep=701)
🎯 GUIDANCE STEP 28 (t=701): Loss=0.6226, Rho=3.684391, Grad_norm=0.2714, Final_scale=36.8439
🚀 APPLYING GUIDANCE at step 29 (timestep=684)
🎯 GUIDANCE STEP 29 (t=684): Loss=0.6245, Rho=5.423564, Grad_norm=0.1844, Final_scale=54.2356
🚀 APPLYING GUIDANCE at step 30 (timestep=666)
🎯 GUIDANCE STEP 30 (t=666): Loss=0.6279, Rho=8.978173, Grad_norm=0.1114, Final_scale=89.7817
🚀 APPLYING GUIDANCE at step 31 (timestep=647)
🎯 GUIDANCE STEP 31 (t=647): Loss=0.6221, Rho=1.140114, Grad_norm=0.8771, Final_scale=11.4011
🚀 APPLYING GUIDANCE at step 32 (timestep=627)
🎯 GUIDANCE STEP 32 (t=627): Loss=0.6235, Rho=7.156084, Grad_norm=0.1397, Final_scale=71.5608
🚀 APPLYING GUIDANCE at step 33 (timestep=606)
🎯 GUIDANCE STEP 33 (t=606): Loss=0.6216, Rho=2.356857, Grad_norm=0.4243, Final_scale=23.5686
🚀 APPLYING GUIDANCE at step 34 (timestep=585)
🎯 GUIDANCE STEP 34 (t=585): Loss=0.6201, Rho=9.511914, Grad_norm=0.1051, Final_scale=95.1191
🚀 APPLYING GUIDANCE at step 35 (timestep=562)
🎯 GUIDANCE STEP 35 (t=562): Loss=0.6216, Rho=7.808474, Grad_norm=0.1281, Final_scale=78.0847
🚀 APPLYING GUIDANCE at step 36 (timestep=538)
🎯 GUIDANCE STEP 36 (t=538): Loss=0.6221, Rho=10.165717, Grad_norm=0.0984, Final_scale=101.6572
🚀 APPLYING GUIDANCE at step 37 (timestep=512)
🎯 GUIDANCE STEP 37 (t=512): Loss=0.6235, Rho=7.773964, Grad_norm=0.1286, Final_scale=77.7396
🚀 APPLYING GUIDANCE at step 38 (timestep=486)
🎯 GUIDANCE STEP 38 (t=486): Loss=0.6250, Rho=21.503000, Grad_norm=0.0465, Final_scale=215.0300
🚀 APPLYING GUIDANCE at step 39 (timestep=458)
🎯 GUIDANCE STEP 39 (t=458): Loss=0.6245, Rho=15.688567, Grad_norm=0.0637, Final_scale=156.8857
🚀 APPLYING GUIDANCE at step 40 (timestep=428)
🎯 GUIDANCE STEP 40 (t=428): Loss=0.6230, Rho=6.287100, Grad_norm=0.1591, Final_scale=62.8710
🚀 APPLYING GUIDANCE at step 41 (timestep=396)
🎯 GUIDANCE STEP 41 (t=396): Loss=0.6235, Rho=21.786528, Grad_norm=0.0459, Final_scale=217.8653
🚀 APPLYING GUIDANCE at step 42 (timestep=363)
🎯 GUIDANCE STEP 42 (t=363): Loss=0.6240, Rho=20.708040, Grad_norm=0.0483, Final_scale=207.0804
🚀 APPLYING GUIDANCE at step 43 (timestep=327)
🎯 GUIDANCE STEP 43 (t=327): Loss=0.6206, Rho=11.863364, Grad_norm=0.0843, Final_scale=118.6336
🚀 APPLYING GUIDANCE at step 44 (timestep=290)
🎯 GUIDANCE STEP 44 (t=290): Loss=0.6221, Rho=7.729437, Grad_norm=0.1294, Final_scale=77.2944
🚀 APPLYING GUIDANCE at step 45 (timestep=249)
🎯 GUIDANCE STEP 45 (t=249): Loss=0.6235, Rho=18.311653, Grad_norm=0.0546, Final_scale=183.1165
🚀 APPLYING GUIDANCE at step 46 (timestep=206)
🎯 GUIDANCE STEP 46 (t=206): Loss=0.6245, Rho=8.714948, Grad_norm=0.1147, Final_scale=87.1495
🚀 APPLYING GUIDANCE at step 47 (timestep=160)
🎯 GUIDANCE STEP 47 (t=160): Loss=0.6245, Rho=8.798198, Grad_norm=0.1137, Final_scale=87.9820
🚀 APPLYING GUIDANCE at step 48 (timestep=111)
🎯 GUIDANCE STEP 48 (t=111): Loss=0.6250, Rho=22.372223, Grad_norm=0.0447, Final_scale=223.7222
🚀 APPLYING GUIDANCE at step 49 (timestep=57)
🎯 GUIDANCE STEP 49 (t=57): Loss=0.6196, Rho=21.046532, Grad_norm=0.0475, Final_scale=210.4653
[guidance_f33_s50_w8c6_rho10.0_cfg5.0_0701_1608] Generated: generated_videos/subject_consistency/guidance_f33_s50_w8c6_rho10.0_cfg5.0_0701_1608/a_bird_soaring_gracefully_in_the_sky.mp4
[guidance_f33_s50_w8c6_rho10.0_cfg5.0_0701_1608] Generating video 4/9 (guidance): a bird building a nest from twigs and leaves
🎬 STARTING GUIDANCE PIPELINE GENERATION
   Frames: 33, Steps: 50, CFG Scale: 5.0

🔧 GUIDANCE PIPELINE CONFIGURATION:
   Guidance range: 0 - 1001
   Rho scale: 10.0
   V-JEPA kernel_size: 8
   V-JEPA context_length: 6
   V-JEPA stride: 2
   V-JEPA mode: max
   Total timesteps: 50

🚀 APPLYING GUIDANCE at step 0 (timestep=999)
🎯 GUIDANCE STEP 0 (t=999): Loss=0.5562, Rho=72.205223, Grad_norm=0.0138, Final_scale=722.0522
🚀 APPLYING GUIDANCE at step 1 (timestep=992)
🎯 GUIDANCE STEP 1 (t=992): Loss=0.5742, Rho=8.042485, Grad_norm=0.1243, Final_scale=80.4249
🚀 APPLYING GUIDANCE at step 2 (timestep=985)
🎯 GUIDANCE STEP 2 (t=985): Loss=0.6152, Rho=9.230717, Grad_norm=0.1083, Final_scale=92.3072
🚀 APPLYING GUIDANCE at step 3 (timestep=978)
🎯 GUIDANCE STEP 3 (t=978): Loss=0.6294, Rho=9.464789, Grad_norm=0.1057, Final_scale=94.6479
🚀 APPLYING GUIDANCE at step 4 (timestep=971)
🎯 GUIDANCE STEP 4 (t=971): Loss=0.6362, Rho=10.567701, Grad_norm=0.0946, Final_scale=105.6770
🚀 APPLYING GUIDANCE at step 5 (timestep=963)
🎯 GUIDANCE STEP 5 (t=963): Loss=0.6357, Rho=9.727414, Grad_norm=0.1028, Final_scale=97.2741
🚀 APPLYING GUIDANCE at step 6 (timestep=956)
🎯 GUIDANCE STEP 6 (t=956): Loss=0.6372, Rho=11.723328, Grad_norm=0.0853, Final_scale=117.2333
🚀 APPLYING GUIDANCE at step 7 (timestep=948)
🎯 GUIDANCE STEP 7 (t=948): Loss=0.6411, Rho=8.982232, Grad_norm=0.1113, Final_scale=89.8223
🚀 APPLYING GUIDANCE at step 8 (timestep=939)
🎯 GUIDANCE STEP 8 (t=939): Loss=0.6450, Rho=11.259328, Grad_norm=0.0888, Final_scale=112.5933
🚀 APPLYING GUIDANCE at step 9 (timestep=931)
🎯 GUIDANCE STEP 9 (t=931): Loss=0.6455, Rho=13.698587, Grad_norm=0.0730, Final_scale=136.9859
🚀 APPLYING GUIDANCE at step 10 (timestep=922)
🎯 GUIDANCE STEP 10 (t=922): Loss=0.6450, Rho=17.650831, Grad_norm=0.0567, Final_scale=176.5083
🚀 APPLYING GUIDANCE at step 11 (timestep=913)
🎯 GUIDANCE STEP 11 (t=913): Loss=0.6470, Rho=14.089602, Grad_norm=0.0710, Final_scale=140.8960
🚀 APPLYING GUIDANCE at step 12 (timestep=904)
🎯 GUIDANCE STEP 12 (t=904): Loss=0.6475, Rho=9.715424, Grad_norm=0.1029, Final_scale=97.1542
🚀 APPLYING GUIDANCE at step 13 (timestep=894)
🎯 GUIDANCE STEP 13 (t=894): Loss=0.6470, Rho=12.918072, Grad_norm=0.0774, Final_scale=129.1807
🚀 APPLYING GUIDANCE at step 14 (timestep=884)
🎯 GUIDANCE STEP 14 (t=884): Loss=0.6445, Rho=10.114731, Grad_norm=0.0989, Final_scale=101.1473
🚀 APPLYING GUIDANCE at step 15 (timestep=874)
🎯 GUIDANCE STEP 15 (t=874): Loss=0.6479, Rho=8.927178, Grad_norm=0.1120, Final_scale=89.2718
🚀 APPLYING GUIDANCE at step 16 (timestep=864)
🎯 GUIDANCE STEP 16 (t=864): Loss=0.6440, Rho=10.664577, Grad_norm=0.0938, Final_scale=106.6458
🚀 APPLYING GUIDANCE at step 17 (timestep=853)
🎯 GUIDANCE STEP 17 (t=853): Loss=0.6445, Rho=7.815749, Grad_norm=0.1279, Final_scale=78.1575
🚀 APPLYING GUIDANCE at step 18 (timestep=841)
🎯 GUIDANCE STEP 18 (t=841): Loss=0.6440, Rho=13.468672, Grad_norm=0.0742, Final_scale=134.6867
🚀 APPLYING GUIDANCE at step 19 (timestep=829)
🎯 GUIDANCE STEP 19 (t=829): Loss=0.6431, Rho=19.467953, Grad_norm=0.0514, Final_scale=194.6795
🚀 APPLYING GUIDANCE at step 20 (timestep=817)
🎯 GUIDANCE STEP 20 (t=817): Loss=0.6455, Rho=20.813244, Grad_norm=0.0480, Final_scale=208.1324
🚀 APPLYING GUIDANCE at step 21 (timestep=805)
🎯 GUIDANCE STEP 21 (t=805): Loss=0.6436, Rho=17.350359, Grad_norm=0.0576, Final_scale=173.5036
🚀 APPLYING GUIDANCE at step 22 (timestep=792)
🎯 GUIDANCE STEP 22 (t=792): Loss=0.6475, Rho=7.709544, Grad_norm=0.1297, Final_scale=77.0954
🚀 APPLYING GUIDANCE at step 23 (timestep=778)
🎯 GUIDANCE STEP 23 (t=778): Loss=0.6484, Rho=38.092140, Grad_norm=0.0263, Final_scale=380.9214
🚀 APPLYING GUIDANCE at step 24 (timestep=764)
🎯 GUIDANCE STEP 24 (t=764): Loss=0.6494, Rho=32.493000, Grad_norm=0.0308, Final_scale=324.9300
🚀 APPLYING GUIDANCE at step 25 (timestep=749)
🎯 GUIDANCE STEP 25 (t=749): Loss=0.6460, Rho=29.415667, Grad_norm=0.0340, Final_scale=294.1567
🚀 APPLYING GUIDANCE at step 26 (timestep=734)
🎯 GUIDANCE STEP 26 (t=734): Loss=0.6484, Rho=20.071573, Grad_norm=0.0498, Final_scale=200.7157
🚀 APPLYING GUIDANCE at step 27 (timestep=718)
🎯 GUIDANCE STEP 27 (t=718): Loss=0.6475, Rho=35.021839, Grad_norm=0.0286, Final_scale=350.2184
🚀 APPLYING GUIDANCE at step 28 (timestep=701)
🎯 GUIDANCE STEP 28 (t=701): Loss=0.6470, Rho=10.543161, Grad_norm=0.0948, Final_scale=105.4316
🚀 APPLYING GUIDANCE at step 29 (timestep=684)
🎯 GUIDANCE STEP 29 (t=684): Loss=0.6465, Rho=22.585934, Grad_norm=0.0443, Final_scale=225.8593
🚀 APPLYING GUIDANCE at step 30 (timestep=666)
🎯 GUIDANCE STEP 30 (t=666): Loss=0.6475, Rho=39.355862, Grad_norm=0.0254, Final_scale=393.5586
🚀 APPLYING GUIDANCE at step 31 (timestep=647)
🎯 GUIDANCE STEP 31 (t=647): Loss=0.6470, Rho=33.616310, Grad_norm=0.0297, Final_scale=336.1631
🚀 APPLYING GUIDANCE at step 32 (timestep=627)
🎯 GUIDANCE STEP 32 (t=627): Loss=0.6489, Rho=46.258835, Grad_norm=0.0216, Final_scale=462.5883
🚀 APPLYING GUIDANCE at step 33 (timestep=606)
🎯 GUIDANCE STEP 33 (t=606): Loss=0.6445, Rho=43.057247, Grad_norm=0.0232, Final_scale=430.5725
🚀 APPLYING GUIDANCE at step 34 (timestep=585)
🎯 GUIDANCE STEP 34 (t=585): Loss=0.6455, Rho=47.376366, Grad_norm=0.0211, Final_scale=473.7637
🚀 APPLYING GUIDANCE at step 35 (timestep=562)
🎯 GUIDANCE STEP 35 (t=562): Loss=0.6455, Rho=19.763796, Grad_norm=0.0506, Final_scale=197.6380
🚀 APPLYING GUIDANCE at step 36 (timestep=538)
🎯 GUIDANCE STEP 36 (t=538): Loss=0.6445, Rho=24.371414, Grad_norm=0.0410, Final_scale=243.7141
🚀 APPLYING GUIDANCE at step 37 (timestep=512)
🎯 GUIDANCE STEP 37 (t=512): Loss=0.6484, Rho=27.395531, Grad_norm=0.0365, Final_scale=273.9553
🚀 APPLYING GUIDANCE at step 38 (timestep=486)
🎯 GUIDANCE STEP 38 (t=486): Loss=0.6475, Rho=35.351231, Grad_norm=0.0283, Final_scale=353.5123
🚀 APPLYING GUIDANCE at step 39 (timestep=458)
🎯 GUIDANCE STEP 39 (t=458): Loss=0.6416, Rho=4.513807, Grad_norm=0.2215, Final_scale=45.1381
🚀 APPLYING GUIDANCE at step 40 (timestep=428)
🎯 GUIDANCE STEP 40 (t=428): Loss=0.6450, Rho=24.449169, Grad_norm=0.0409, Final_scale=244.4917
🚀 APPLYING GUIDANCE at step 41 (timestep=396)
🎯 GUIDANCE STEP 41 (t=396): Loss=0.6489, Rho=64.348244, Grad_norm=0.0155, Final_scale=643.4824
🚀 APPLYING GUIDANCE at step 42 (timestep=363)
🎯 GUIDANCE STEP 42 (t=363): Loss=0.6499, Rho=12.910440, Grad_norm=0.0775, Final_scale=129.1044
🚀 APPLYING GUIDANCE at step 43 (timestep=327)
🎯 GUIDANCE STEP 43 (t=327): Loss=0.6436, Rho=54.035404, Grad_norm=0.0185, Final_scale=540.3540
🚀 APPLYING GUIDANCE at step 44 (timestep=290)
🎯 GUIDANCE STEP 44 (t=290): Loss=0.6450, Rho=13.232578, Grad_norm=0.0756, Final_scale=132.3258
🚀 APPLYING GUIDANCE at step 45 (timestep=249)
🎯 GUIDANCE STEP 45 (t=249): Loss=0.6479, Rho=34.789780, Grad_norm=0.0287, Final_scale=347.8978
🚀 APPLYING GUIDANCE at step 46 (timestep=206)
🎯 GUIDANCE STEP 46 (t=206): Loss=0.6426, Rho=40.254921, Grad_norm=0.0248, Final_scale=402.5492
🚀 APPLYING GUIDANCE at step 47 (timestep=160)
🎯 GUIDANCE STEP 47 (t=160): Loss=0.6426, Rho=15.544549, Grad_norm=0.0643, Final_scale=155.4455
🚀 APPLYING GUIDANCE at step 48 (timestep=111)
🎯 GUIDANCE STEP 48 (t=111): Loss=0.6445, Rho=16.397186, Grad_norm=0.0610, Final_scale=163.9719
🚀 APPLYING GUIDANCE at step 49 (timestep=57)
🎯 GUIDANCE STEP 49 (t=57): Loss=0.6465, Rho=10.626109, Grad_norm=0.0941, Final_scale=106.2611
[guidance_f33_s50_w8c6_rho10.0_cfg5.0_0701_1608] Generated: generated_videos/subject_consistency/guidance_f33_s50_w8c6_rho10.0_cfg5.0_0701_1608/an_airplane_soaring_through_a_clear_blue_sky.mp4
[guidance_f33_s50_w8c6_rho10.0_cfg5.0_0701_1608] Generating video 4/9 (guidance): an airplane taking off
🎬 STARTING GUIDANCE PIPELINE GENERATION
   Frames: 33, Steps: 50, CFG Scale: 5.0

🔧 GUIDANCE PIPELINE CONFIGURATION:
   Guidance range: 0 - 1001
   Rho scale: 10.0
   V-JEPA kernel_size: 8
   V-JEPA context_length: 6
   V-JEPA stride: 2
   V-JEPA mode: max
   Total timesteps: 50

🚀 APPLYING GUIDANCE at step 0 (timestep=999)
🎯 GUIDANCE STEP 0 (t=999): Loss=0.5786, Rho=19.328897, Grad_norm=0.0517, Final_scale=193.2890
🚀 APPLYING GUIDANCE at step 1 (timestep=992)
🎯 GUIDANCE STEP 1 (t=992): Loss=0.5425, Rho=27.843506, Grad_norm=0.0359, Final_scale=278.4351
🚀 APPLYING GUIDANCE at step 2 (timestep=985)
🎯 GUIDANCE STEP 2 (t=985): Loss=0.5635, Rho=17.611109, Grad_norm=0.0568, Final_scale=176.1111
🚀 APPLYING GUIDANCE at step 3 (timestep=978)
🎯 GUIDANCE STEP 3 (t=978): Loss=0.5693, Rho=10.474754, Grad_norm=0.0955, Final_scale=104.7475
🚀 APPLYING GUIDANCE at step 4 (timestep=971)
🎯 GUIDANCE STEP 4 (t=971): Loss=0.5757, Rho=7.428535, Grad_norm=0.1346, Final_scale=74.2854
🚀 APPLYING GUIDANCE at step 5 (timestep=963)
🎯 GUIDANCE STEP 5 (t=963): Loss=0.5986, Rho=5.130443, Grad_norm=0.1949, Final_scale=51.3044
🚀 APPLYING GUIDANCE at step 6 (timestep=956)
🎯 GUIDANCE STEP 6 (t=956): Loss=0.6069, Rho=21.237814, Grad_norm=0.0471, Final_scale=212.3781
🚀 APPLYING GUIDANCE at step 7 (timestep=948)
🎯 GUIDANCE STEP 7 (t=948): Loss=0.6099, Rho=8.771688, Grad_norm=0.1140, Final_scale=87.7169
🚀 APPLYING GUIDANCE at step 8 (timestep=939)
🎯 GUIDANCE STEP 8 (t=939): Loss=0.6235, Rho=4.253460, Grad_norm=0.2351, Final_scale=42.5346
🚀 APPLYING GUIDANCE at step 9 (timestep=931)
🎯 GUIDANCE STEP 9 (t=931): Loss=0.6128, Rho=9.038023, Grad_norm=0.1106, Final_scale=90.3802
🚀 APPLYING GUIDANCE at step 10 (timestep=922)
🎯 GUIDANCE STEP 10 (t=922): Loss=0.6211, Rho=5.774712, Grad_norm=0.1732, Final_scale=57.7471
🚀 APPLYING GUIDANCE at step 11 (timestep=913)
🎯 GUIDANCE STEP 11 (t=913): Loss=0.6191, Rho=4.474948, Grad_norm=0.2235, Final_scale=44.7495
🚀 APPLYING GUIDANCE at step 12 (timestep=904)
🎯 GUIDANCE STEP 12 (t=904): Loss=0.6235, Rho=6.746423, Grad_norm=0.1482, Final_scale=67.4642
🚀 APPLYING GUIDANCE at step 13 (timestep=894)
🎯 GUIDANCE STEP 13 (t=894): Loss=0.6245, Rho=8.954758, Grad_norm=0.1117, Final_scale=89.5476
🚀 APPLYING GUIDANCE at step 14 (timestep=884)
🎯 GUIDANCE STEP 14 (t=884): Loss=0.6284, Rho=5.509260, Grad_norm=0.1815, Final_scale=55.0926
🚀 APPLYING GUIDANCE at step 15 (timestep=874)
🎯 GUIDANCE STEP 15 (t=874): Loss=0.6299, Rho=7.812364, Grad_norm=0.1280, Final_scale=78.1236
🚀 APPLYING GUIDANCE at step 16 (timestep=864)
🎯 GUIDANCE STEP 16 (t=864): Loss=0.6226, Rho=8.755394, Grad_norm=0.1142, Final_scale=87.5539
🚀 APPLYING GUIDANCE at step 17 (timestep=853)
🎯 GUIDANCE STEP 17 (t=853): Loss=0.6245, Rho=6.844384, Grad_norm=0.1461, Final_scale=68.4438
🚀 APPLYING GUIDANCE at step 18 (timestep=841)
🎯 GUIDANCE STEP 18 (t=841): Loss=0.6274, Rho=11.226371, Grad_norm=0.0891, Final_scale=112.2637
🚀 APPLYING GUIDANCE at step 19 (timestep=829)
🎯 GUIDANCE STEP 19 (t=829): Loss=0.6250, Rho=8.431181, Grad_norm=0.1186, Final_scale=84.3118
🚀 APPLYING GUIDANCE at step 20 (timestep=817)
🎯 GUIDANCE STEP 20 (t=817): Loss=0.6270, Rho=7.206868, Grad_norm=0.1388, Final_scale=72.0687
🚀 APPLYING GUIDANCE at step 21 (timestep=805)
🎯 GUIDANCE STEP 21 (t=805): Loss=0.6216, Rho=2.428518, Grad_norm=0.4118, Final_scale=24.2852
🚀 APPLYING GUIDANCE at step 22 (timestep=792)
🎯 GUIDANCE STEP 22 (t=792): Loss=0.6235, Rho=9.230203, Grad_norm=0.1083, Final_scale=92.3020
🚀 APPLYING GUIDANCE at step 23 (timestep=778)
🎯 GUIDANCE STEP 23 (t=778): Loss=0.6211, Rho=8.519513, Grad_norm=0.1174, Final_scale=85.1951
🚀 APPLYING GUIDANCE at step 24 (timestep=764)
🎯 GUIDANCE STEP 24 (t=764): Loss=0.6270, Rho=12.770645, Grad_norm=0.0783, Final_scale=127.7065
🚀 APPLYING GUIDANCE at step 25 (timestep=749)
🎯 GUIDANCE STEP 25 (t=749): Loss=0.6221, Rho=11.058841, Grad_norm=0.0904, Final_scale=110.5884
🚀 APPLYING GUIDANCE at step 26 (timestep=734)
🎯 GUIDANCE STEP 26 (t=734): Loss=0.6245, Rho=8.363395, Grad_norm=0.1196, Final_scale=83.6339
🚀 APPLYING GUIDANCE at step 27 (timestep=718)
🎯 GUIDANCE STEP 27 (t=718): Loss=0.6250, Rho=7.729060, Grad_norm=0.1294, Final_scale=77.2906
🚀 APPLYING GUIDANCE at step 28 (timestep=701)
🎯 GUIDANCE STEP 28 (t=701): Loss=0.6250, Rho=10.573612, Grad_norm=0.0946, Final_scale=105.7361
🚀 APPLYING GUIDANCE at step 29 (timestep=684)
🎯 GUIDANCE STEP 29 (t=684): Loss=0.6255, Rho=6.199657, Grad_norm=0.1613, Final_scale=61.9966
🚀 APPLYING GUIDANCE at step 30 (timestep=666)
🎯 GUIDANCE STEP 30 (t=666): Loss=0.6284, Rho=14.322634, Grad_norm=0.0698, Final_scale=143.2263
🚀 APPLYING GUIDANCE at step 31 (timestep=647)
🎯 GUIDANCE STEP 31 (t=647): Loss=0.6216, Rho=11.952373, Grad_norm=0.0837, Final_scale=119.5237
🚀 APPLYING GUIDANCE at step 32 (timestep=627)
🎯 GUIDANCE STEP 32 (t=627): Loss=0.6221, Rho=12.853309, Grad_norm=0.0778, Final_scale=128.5331
🚀 APPLYING GUIDANCE at step 33 (timestep=606)
🎯 GUIDANCE STEP 33 (t=606): Loss=0.6235, Rho=10.448187, Grad_norm=0.0957, Final_scale=104.4819
🚀 APPLYING GUIDANCE at step 34 (timestep=585)
🎯 GUIDANCE STEP 34 (t=585): Loss=0.6235, Rho=2.146496, Grad_norm=0.4659, Final_scale=21.4650
🚀 APPLYING GUIDANCE at step 35 (timestep=562)
🎯 GUIDANCE STEP 35 (t=562): Loss=0.6235, Rho=8.308804, Grad_norm=0.1204, Final_scale=83.0880
🚀 APPLYING GUIDANCE at step 36 (timestep=538)
🎯 GUIDANCE STEP 36 (t=538): Loss=0.6196, Rho=8.642297, Grad_norm=0.1157, Final_scale=86.4230
🚀 APPLYING GUIDANCE at step 37 (timestep=512)
🎯 GUIDANCE STEP 37 (t=512): Loss=0.6245, Rho=20.232664, Grad_norm=0.0494, Final_scale=202.3266
🚀 APPLYING GUIDANCE at step 38 (timestep=486)
🎯 GUIDANCE STEP 38 (t=486): Loss=0.6206, Rho=7.057522, Grad_norm=0.1417, Final_scale=70.5752
🚀 APPLYING GUIDANCE at step 39 (timestep=458)
🎯 GUIDANCE STEP 39 (t=458): Loss=0.6221, Rho=22.518965, Grad_norm=0.0444, Final_scale=225.1896
🚀 APPLYING GUIDANCE at step 40 (timestep=428)
🎯 GUIDANCE STEP 40 (t=428): Loss=0.6187, Rho=39.521145, Grad_norm=0.0253, Final_scale=395.2114
🚀 APPLYING GUIDANCE at step 41 (timestep=396)
🎯 GUIDANCE STEP 41 (t=396): Loss=0.6182, Rho=23.343069, Grad_norm=0.0428, Final_scale=233.4307
🚀 APPLYING GUIDANCE at step 42 (timestep=363)
🎯 GUIDANCE STEP 42 (t=363): Loss=0.6191, Rho=5.698035, Grad_norm=0.1755, Final_scale=56.9803
🚀 APPLYING GUIDANCE at step 43 (timestep=327)
🎯 GUIDANCE STEP 43 (t=327): Loss=0.6196, Rho=27.500200, Grad_norm=0.0364, Final_scale=275.0020
🚀 APPLYING GUIDANCE at step 44 (timestep=290)
🎯 GUIDANCE STEP 44 (t=290): Loss=0.6196, Rho=10.083642, Grad_norm=0.0992, Final_scale=100.8364
🚀 APPLYING GUIDANCE at step 45 (timestep=249)
🎯 GUIDANCE STEP 45 (t=249): Loss=0.6191, Rho=12.432323, Grad_norm=0.0804, Final_scale=124.3232
🚀 APPLYING GUIDANCE at step 46 (timestep=206)
🎯 GUIDANCE STEP 46 (t=206): Loss=0.6167, Rho=21.807224, Grad_norm=0.0459, Final_scale=218.0722
🚀 APPLYING GUIDANCE at step 47 (timestep=160)
🎯 GUIDANCE STEP 47 (t=160): Loss=0.6167, Rho=11.386868, Grad_norm=0.0878, Final_scale=113.8687
🚀 APPLYING GUIDANCE at step 48 (timestep=111)
🎯 GUIDANCE STEP 48 (t=111): Loss=0.6162, Rho=16.028368, Grad_norm=0.0624, Final_scale=160.2837
🚀 APPLYING GUIDANCE at step 49 (timestep=57)
🎯 GUIDANCE STEP 49 (t=57): Loss=0.6167, Rho=9.655814, Grad_norm=0.1036, Final_scale=96.5581
[guidance_f33_s50_w8c6_rho10.0_cfg5.0_0701_1608] Generated: generated_videos/subject_consistency/guidance_f33_s50_w8c6_rho10.0_cfg5.0_0701_1608/a_cow_chewing_cud_while_resting_in_a_tranquil_barn.mp4
[guidance_f33_s50_w8c6_rho10.0_cfg5.0_0701_1608] Generating video 5/9 (guidance): a cow running to join a herd of its kind
🎬 STARTING GUIDANCE PIPELINE GENERATION
   Frames: 33, Steps: 50, CFG Scale: 5.0

🔧 GUIDANCE PIPELINE CONFIGURATION:
   Guidance range: 0 - 1001
   Rho scale: 10.0
   V-JEPA kernel_size: 8
   V-JEPA context_length: 6
   V-JEPA stride: 2
   V-JEPA mode: max
   Total timesteps: 50

🚀 APPLYING GUIDANCE at step 0 (timestep=999)
🎯 GUIDANCE STEP 0 (t=999): Loss=0.6016, Rho=6.980041, Grad_norm=0.1433, Final_scale=69.8004
🚀 APPLYING GUIDANCE at step 1 (timestep=992)
🎯 GUIDANCE STEP 1 (t=992): Loss=0.5625, Rho=11.801337, Grad_norm=0.0847, Final_scale=118.0134
🚀 APPLYING GUIDANCE at step 2 (timestep=985)
🎯 GUIDANCE STEP 2 (t=985): Loss=0.6089, Rho=8.861381, Grad_norm=0.1128, Final_scale=88.6138
🚀 APPLYING GUIDANCE at step 3 (timestep=978)
🎯 GUIDANCE STEP 3 (t=978): Loss=0.6069, Rho=7.001937, Grad_norm=0.1428, Final_scale=70.0194
🚀 APPLYING GUIDANCE at step 4 (timestep=971)
🎯 GUIDANCE STEP 4 (t=971): Loss=0.6250, Rho=7.757906, Grad_norm=0.1289, Final_scale=77.5791
🚀 APPLYING GUIDANCE at step 5 (timestep=963)
🎯 GUIDANCE STEP 5 (t=963): Loss=0.6143, Rho=5.253057, Grad_norm=0.1904, Final_scale=52.5306
🚀 APPLYING GUIDANCE at step 6 (timestep=956)
🎯 GUIDANCE STEP 6 (t=956): Loss=0.6260, Rho=2.634953, Grad_norm=0.3795, Final_scale=26.3495
🚀 APPLYING GUIDANCE at step 7 (timestep=948)
🎯 GUIDANCE STEP 7 (t=948): Loss=0.6304, Rho=7.881664, Grad_norm=0.1269, Final_scale=78.8166
🚀 APPLYING GUIDANCE at step 8 (timestep=939)
🎯 GUIDANCE STEP 8 (t=939): Loss=0.6338, Rho=6.811747, Grad_norm=0.1468, Final_scale=68.1175
🚀 APPLYING GUIDANCE at step 9 (timestep=931)
🎯 GUIDANCE STEP 9 (t=931): Loss=0.6353, Rho=2.951031, Grad_norm=0.3389, Final_scale=29.5103
🚀 APPLYING GUIDANCE at step 10 (timestep=922)
🎯 GUIDANCE STEP 10 (t=922): Loss=0.6318, Rho=8.788170, Grad_norm=0.1138, Final_scale=87.8817
🚀 APPLYING GUIDANCE at step 11 (timestep=913)
🎯 GUIDANCE STEP 11 (t=913): Loss=0.6323, Rho=5.182550, Grad_norm=0.1930, Final_scale=51.8255
🚀 APPLYING GUIDANCE at step 12 (timestep=904)
🎯 GUIDANCE STEP 12 (t=904): Loss=0.6328, Rho=9.365184, Grad_norm=0.1068, Final_scale=93.6518
🚀 APPLYING GUIDANCE at step 13 (timestep=894)
🎯 GUIDANCE STEP 13 (t=894): Loss=0.6299, Rho=4.342865, Grad_norm=0.2303, Final_scale=43.4286
🚀 APPLYING GUIDANCE at step 14 (timestep=884)
🎯 GUIDANCE STEP 14 (t=884): Loss=0.6294, Rho=2.930519, Grad_norm=0.3412, Final_scale=29.3052
🚀 APPLYING GUIDANCE at step 15 (timestep=874)
🎯 GUIDANCE STEP 15 (t=874): Loss=0.6362, Rho=7.200515, Grad_norm=0.1389, Final_scale=72.0051
🚀 APPLYING GUIDANCE at step 16 (timestep=864)
🎯 GUIDANCE STEP 16 (t=864): Loss=0.6338, Rho=4.784207, Grad_norm=0.2090, Final_scale=47.8421
🚀 APPLYING GUIDANCE at step 17 (timestep=853)
🎯 GUIDANCE STEP 17 (t=853): Loss=0.6421, Rho=5.033667, Grad_norm=0.1987, Final_scale=50.3367
🚀 APPLYING GUIDANCE at step 18 (timestep=841)
🎯 GUIDANCE STEP 18 (t=841): Loss=0.6353, Rho=5.556376, Grad_norm=0.1800, Final_scale=55.5638
🚀 APPLYING GUIDANCE at step 19 (timestep=829)
🎯 GUIDANCE STEP 19 (t=829): Loss=0.6343, Rho=4.599287, Grad_norm=0.2174, Final_scale=45.9929
🚀 APPLYING GUIDANCE at step 20 (timestep=817)
🎯 GUIDANCE STEP 20 (t=817): Loss=0.6401, Rho=5.285720, Grad_norm=0.1892, Final_scale=52.8572
🚀 APPLYING GUIDANCE at step 21 (timestep=805)
🎯 GUIDANCE STEP 21 (t=805): Loss=0.6367, Rho=4.537870, Grad_norm=0.2204, Final_scale=45.3787
🚀 APPLYING GUIDANCE at step 22 (timestep=792)
🎯 GUIDANCE STEP 22 (t=792): Loss=0.6333, Rho=7.710973, Grad_norm=0.1297, Final_scale=77.1097
🚀 APPLYING GUIDANCE at step 23 (timestep=778)
🎯 GUIDANCE STEP 23 (t=778): Loss=0.6309, Rho=3.635606, Grad_norm=0.2751, Final_scale=36.3561
🚀 APPLYING GUIDANCE at step 24 (timestep=764)
🎯 GUIDANCE STEP 24 (t=764): Loss=0.6333, Rho=1.256882, Grad_norm=0.7956, Final_scale=12.5688
🚀 APPLYING GUIDANCE at step 25 (timestep=749)
🎯 GUIDANCE STEP 25 (t=749): Loss=0.6392, Rho=5.322860, Grad_norm=0.1879, Final_scale=53.2286
🚀 APPLYING GUIDANCE at step 26 (timestep=734)
🎯 GUIDANCE STEP 26 (t=734): Loss=0.6362, Rho=3.284497, Grad_norm=0.3045, Final_scale=32.8450
🚀 APPLYING GUIDANCE at step 27 (timestep=718)
🎯 GUIDANCE STEP 27 (t=718): Loss=0.6338, Rho=9.505902, Grad_norm=0.1052, Final_scale=95.0590
🚀 APPLYING GUIDANCE at step 28 (timestep=701)
🎯 GUIDANCE STEP 28 (t=701): Loss=0.6294, Rho=7.098450, Grad_norm=0.1409, Final_scale=70.9845
🚀 APPLYING GUIDANCE at step 29 (timestep=684)
🎯 GUIDANCE STEP 29 (t=684): Loss=0.6299, Rho=2.476020, Grad_norm=0.4039, Final_scale=24.7602
🚀 APPLYING GUIDANCE at step 30 (timestep=666)
🎯 GUIDANCE STEP 30 (t=666): Loss=0.6323, Rho=12.751550, Grad_norm=0.0784, Final_scale=127.5155
🚀 APPLYING GUIDANCE at step 31 (timestep=647)
🎯 GUIDANCE STEP 31 (t=647): Loss=0.6274, Rho=3.814514, Grad_norm=0.2622, Final_scale=38.1451
🚀 APPLYING GUIDANCE at step 32 (timestep=627)
🎯 GUIDANCE STEP 32 (t=627): Loss=0.6284, Rho=6.168859, Grad_norm=0.1621, Final_scale=61.6886
🚀 APPLYING GUIDANCE at step 33 (timestep=606)
🎯 GUIDANCE STEP 33 (t=606): Loss=0.6318, Rho=6.235925, Grad_norm=0.1604, Final_scale=62.3593
🚀 APPLYING GUIDANCE at step 34 (timestep=585)
🎯 GUIDANCE STEP 34 (t=585): Loss=0.6313, Rho=1.690732, Grad_norm=0.5915, Final_scale=16.9073
🚀 APPLYING GUIDANCE at step 35 (timestep=562)
🎯 GUIDANCE STEP 35 (t=562): Loss=0.6333, Rho=7.919041, Grad_norm=0.1263, Final_scale=79.1904
🚀 APPLYING GUIDANCE at step 36 (timestep=538)
🎯 GUIDANCE STEP 36 (t=538): Loss=0.6299, Rho=12.263082, Grad_norm=0.0815, Final_scale=122.6308
🚀 APPLYING GUIDANCE at step 37 (timestep=512)
🎯 GUIDANCE STEP 37 (t=512): Loss=0.6309, Rho=6.719966, Grad_norm=0.1488, Final_scale=67.1997
🚀 APPLYING GUIDANCE at step 38 (timestep=486)
🎯 GUIDANCE STEP 38 (t=486): Loss=0.6313, Rho=12.481073, Grad_norm=0.0801, Final_scale=124.8107
🚀 APPLYING GUIDANCE at step 39 (timestep=458)
🎯 GUIDANCE STEP 39 (t=458): Loss=0.6284, Rho=12.570655, Grad_norm=0.0796, Final_scale=125.7065
🚀 APPLYING GUIDANCE at step 40 (timestep=428)
🎯 GUIDANCE STEP 40 (t=428): Loss=0.6289, Rho=19.008593, Grad_norm=0.0526, Final_scale=190.0859
🚀 APPLYING GUIDANCE at step 41 (timestep=396)
🎯 GUIDANCE STEP 41 (t=396): Loss=0.6284, Rho=7.026830, Grad_norm=0.1423, Final_scale=70.2683
🚀 APPLYING GUIDANCE at step 42 (timestep=363)
🎯 GUIDANCE STEP 42 (t=363): Loss=0.6279, Rho=22.075542, Grad_norm=0.0453, Final_scale=220.7554
🚀 APPLYING GUIDANCE at step 43 (timestep=327)
🎯 GUIDANCE STEP 43 (t=327): Loss=0.6309, Rho=18.691751, Grad_norm=0.0535, Final_scale=186.9175
🚀 APPLYING GUIDANCE at step 44 (timestep=290)
🎯 GUIDANCE STEP 44 (t=290): Loss=0.6284, Rho=13.206004, Grad_norm=0.0757, Final_scale=132.0600
🚀 APPLYING GUIDANCE at step 45 (timestep=249)
🎯 GUIDANCE STEP 45 (t=249): Loss=0.6279, Rho=18.400394, Grad_norm=0.0543, Final_scale=184.0039
🚀 APPLYING GUIDANCE at step 46 (timestep=206)
🎯 GUIDANCE STEP 46 (t=206): Loss=0.6284, Rho=16.134668, Grad_norm=0.0620, Final_scale=161.3467
🚀 APPLYING GUIDANCE at step 47 (timestep=160)
🎯 GUIDANCE STEP 47 (t=160): Loss=0.6284, Rho=14.279024, Grad_norm=0.0700, Final_scale=142.7902
🚀 APPLYING GUIDANCE at step 48 (timestep=111)
🎯 GUIDANCE STEP 48 (t=111): Loss=0.6284, Rho=8.004791, Grad_norm=0.1249, Final_scale=80.0479
🚀 APPLYING GUIDANCE at step 49 (timestep=57)
🎯 GUIDANCE STEP 49 (t=57): Loss=0.6294, Rho=8.135215, Grad_norm=0.1229, Final_scale=81.3521
[guidance_f33_s50_w8c6_rho10.0_cfg5.0_0701_1608] Generated: generated_videos/subject_consistency/guidance_f33_s50_w8c6_rho10.0_cfg5.0_0701_1608/a_zebra_bending_down_to_drink_water_from_a_river.mp4
[guidance_f33_s50_w8c6_rho10.0_cfg5.0_0701_1608] Generating video 5/9 (guidance): a zebra running to join a herd of its kind
🎬 STARTING GUIDANCE PIPELINE GENERATION
   Frames: 33, Steps: 50, CFG Scale: 5.0

🔧 GUIDANCE PIPELINE CONFIGURATION:
   Guidance range: 0 - 1001
   Rho scale: 10.0
   V-JEPA kernel_size: 8
   V-JEPA context_length: 6
   V-JEPA stride: 2
   V-JEPA mode: max
   Total timesteps: 50

🚀 APPLYING GUIDANCE at step 0 (timestep=999)
🎯 GUIDANCE STEP 0 (t=999): Loss=0.5410, Rho=17.946733, Grad_norm=0.0557, Final_scale=179.4673
🚀 APPLYING GUIDANCE at step 1 (timestep=992)
🎯 GUIDANCE STEP 1 (t=992): Loss=0.5508, Rho=14.874023, Grad_norm=0.0672, Final_scale=148.7402
🚀 APPLYING GUIDANCE at step 2 (timestep=985)
🎯 GUIDANCE STEP 2 (t=985): Loss=0.5703, Rho=6.788949, Grad_norm=0.1473, Final_scale=67.8895
🚀 APPLYING GUIDANCE at step 3 (timestep=978)
🎯 GUIDANCE STEP 3 (t=978): Loss=0.5845, Rho=9.914536, Grad_norm=0.1009, Final_scale=99.1454
🚀 APPLYING GUIDANCE at step 4 (timestep=971)
🎯 GUIDANCE STEP 4 (t=971): Loss=0.5996, Rho=4.794588, Grad_norm=0.2086, Final_scale=47.9459
🚀 APPLYING GUIDANCE at step 5 (timestep=963)
🎯 GUIDANCE STEP 5 (t=963): Loss=0.6240, Rho=10.809921, Grad_norm=0.0925, Final_scale=108.0992
🚀 APPLYING GUIDANCE at step 6 (timestep=956)
🎯 GUIDANCE STEP 6 (t=956): Loss=0.6313, Rho=11.606857, Grad_norm=0.0862, Final_scale=116.0686
🚀 APPLYING GUIDANCE at step 7 (timestep=948)
🎯 GUIDANCE STEP 7 (t=948): Loss=0.6445, Rho=10.162448, Grad_norm=0.0984, Final_scale=101.6245
🚀 APPLYING GUIDANCE at step 8 (timestep=939)
🎯 GUIDANCE STEP 8 (t=939): Loss=0.6504, Rho=7.735466, Grad_norm=0.1293, Final_scale=77.3547
🚀 APPLYING GUIDANCE at step 9 (timestep=931)
🎯 GUIDANCE STEP 9 (t=931): Loss=0.6445, Rho=9.242263, Grad_norm=0.1082, Final_scale=92.4226
🚀 APPLYING GUIDANCE at step 10 (timestep=922)
🎯 GUIDANCE STEP 10 (t=922): Loss=0.6406, Rho=8.607140, Grad_norm=0.1162, Final_scale=86.0714
🚀 APPLYING GUIDANCE at step 11 (timestep=913)
🎯 GUIDANCE STEP 11 (t=913): Loss=0.6421, Rho=2.829680, Grad_norm=0.3534, Final_scale=28.2968
🚀 APPLYING GUIDANCE at step 12 (timestep=904)
🎯 GUIDANCE STEP 12 (t=904): Loss=0.6431, Rho=5.032600, Grad_norm=0.1987, Final_scale=50.3260
🚀 APPLYING GUIDANCE at step 13 (timestep=894)
🎯 GUIDANCE STEP 13 (t=894): Loss=0.6416, Rho=7.510170, Grad_norm=0.1332, Final_scale=75.1017
🚀 APPLYING GUIDANCE at step 14 (timestep=884)
🎯 GUIDANCE STEP 14 (t=884): Loss=0.6426, Rho=14.518428, Grad_norm=0.0689, Final_scale=145.1843
🚀 APPLYING GUIDANCE at step 15 (timestep=874)
🎯 GUIDANCE STEP 15 (t=874): Loss=0.6426, Rho=13.100084, Grad_norm=0.0763, Final_scale=131.0008
🚀 APPLYING GUIDANCE at step 16 (timestep=864)
🎯 GUIDANCE STEP 16 (t=864): Loss=0.6426, Rho=6.645348, Grad_norm=0.1505, Final_scale=66.4535
🚀 APPLYING GUIDANCE at step 17 (timestep=853)
🎯 GUIDANCE STEP 17 (t=853): Loss=0.6479, Rho=10.868423, Grad_norm=0.0920, Final_scale=108.6842
🚀 APPLYING GUIDANCE at step 18 (timestep=841)
🎯 GUIDANCE STEP 18 (t=841): Loss=0.6465, Rho=13.263114, Grad_norm=0.0754, Final_scale=132.6311
🚀 APPLYING GUIDANCE at step 19 (timestep=829)
🎯 GUIDANCE STEP 19 (t=829): Loss=0.6460, Rho=10.864947, Grad_norm=0.0920, Final_scale=108.6495
🚀 APPLYING GUIDANCE at step 20 (timestep=817)
🎯 GUIDANCE STEP 20 (t=817): Loss=0.6426, Rho=18.087440, Grad_norm=0.0553, Final_scale=180.8744
🚀 APPLYING GUIDANCE at step 21 (timestep=805)
🎯 GUIDANCE STEP 21 (t=805): Loss=0.6479, Rho=13.553245, Grad_norm=0.0738, Final_scale=135.5324
🚀 APPLYING GUIDANCE at step 22 (timestep=792)
🎯 GUIDANCE STEP 22 (t=792): Loss=0.6416, Rho=18.260813, Grad_norm=0.0548, Final_scale=182.6081
🚀 APPLYING GUIDANCE at step 23 (timestep=778)
🎯 GUIDANCE STEP 23 (t=778): Loss=0.6445, Rho=17.412298, Grad_norm=0.0574, Final_scale=174.1230
🚀 APPLYING GUIDANCE at step 24 (timestep=764)
🎯 GUIDANCE STEP 24 (t=764): Loss=0.6450, Rho=15.769791, Grad_norm=0.0634, Final_scale=157.6979
🚀 APPLYING GUIDANCE at step 25 (timestep=749)
🎯 GUIDANCE STEP 25 (t=749): Loss=0.6411, Rho=14.240190, Grad_norm=0.0702, Final_scale=142.4019
🚀 APPLYING GUIDANCE at step 26 (timestep=734)
🎯 GUIDANCE STEP 26 (t=734): Loss=0.6416, Rho=13.802916, Grad_norm=0.0724, Final_scale=138.0292
🚀 APPLYING GUIDANCE at step 27 (timestep=718)
🎯 GUIDANCE STEP 27 (t=718): Loss=0.6416, Rho=13.074694, Grad_norm=0.0765, Final_scale=130.7469
🚀 APPLYING GUIDANCE at step 28 (timestep=701)
🎯 GUIDANCE STEP 28 (t=701): Loss=0.6421, Rho=7.451519, Grad_norm=0.1342, Final_scale=74.5152
🚀 APPLYING GUIDANCE at step 29 (timestep=684)
🎯 GUIDANCE STEP 29 (t=684): Loss=0.6421, Rho=11.281352, Grad_norm=0.0886, Final_scale=112.8135
🚀 APPLYING GUIDANCE at step 30 (timestep=666)
🎯 GUIDANCE STEP 30 (t=666): Loss=0.6421, Rho=17.567337, Grad_norm=0.0569, Final_scale=175.6734
🚀 APPLYING GUIDANCE at step 31 (timestep=647)
🎯 GUIDANCE STEP 31 (t=647): Loss=0.6431, Rho=11.682453, Grad_norm=0.0856, Final_scale=116.8245
🚀 APPLYING GUIDANCE at step 32 (timestep=627)
🎯 GUIDANCE STEP 32 (t=627): Loss=0.6416, Rho=32.151478, Grad_norm=0.0311, Final_scale=321.5148
🚀 APPLYING GUIDANCE at step 33 (timestep=606)
🎯 GUIDANCE STEP 33 (t=606): Loss=0.6440, Rho=13.333546, Grad_norm=0.0750, Final_scale=133.3355
🚀 APPLYING GUIDANCE at step 34 (timestep=585)
🎯 GUIDANCE STEP 34 (t=585): Loss=0.6460, Rho=11.479470, Grad_norm=0.0871, Final_scale=114.7947
🚀 APPLYING GUIDANCE at step 35 (timestep=562)
🎯 GUIDANCE STEP 35 (t=562): Loss=0.6396, Rho=21.198366, Grad_norm=0.0472, Final_scale=211.9837
🚀 APPLYING GUIDANCE at step 36 (timestep=538)
🎯 GUIDANCE STEP 36 (t=538): Loss=0.6392, Rho=6.209431, Grad_norm=0.1610, Final_scale=62.0943
🚀 APPLYING GUIDANCE at step 37 (timestep=512)
🎯 GUIDANCE STEP 37 (t=512): Loss=0.6445, Rho=22.706799, Grad_norm=0.0440, Final_scale=227.0680
🚀 APPLYING GUIDANCE at step 38 (timestep=486)
🎯 GUIDANCE STEP 38 (t=486): Loss=0.6484, Rho=23.470091, Grad_norm=0.0426, Final_scale=234.7009
🚀 APPLYING GUIDANCE at step 39 (timestep=458)
🎯 GUIDANCE STEP 39 (t=458): Loss=0.6465, Rho=2.906785, Grad_norm=0.3440, Final_scale=29.0678
🚀 APPLYING GUIDANCE at step 40 (timestep=428)
🎯 GUIDANCE STEP 40 (t=428): Loss=0.6411, Rho=29.667334, Grad_norm=0.0337, Final_scale=296.6733
🚀 APPLYING GUIDANCE at step 41 (timestep=396)
🎯 GUIDANCE STEP 41 (t=396): Loss=0.6387, Rho=21.574196, Grad_norm=0.0464, Final_scale=215.7420
🚀 APPLYING GUIDANCE at step 42 (timestep=363)
🎯 GUIDANCE STEP 42 (t=363): Loss=0.6392, Rho=31.787075, Grad_norm=0.0315, Final_scale=317.8708
🚀 APPLYING GUIDANCE at step 43 (timestep=327)
🎯 GUIDANCE STEP 43 (t=327): Loss=0.6416, Rho=18.863697, Grad_norm=0.0530, Final_scale=188.6370
🚀 APPLYING GUIDANCE at step 44 (timestep=290)
🎯 GUIDANCE STEP 44 (t=290): Loss=0.6362, Rho=30.728271, Grad_norm=0.0325, Final_scale=307.2827
🚀 APPLYING GUIDANCE at step 45 (timestep=249)
🎯 GUIDANCE STEP 45 (t=249): Loss=0.6367, Rho=41.929249, Grad_norm=0.0238, Final_scale=419.2925
🚀 APPLYING GUIDANCE at step 46 (timestep=206)
🎯 GUIDANCE STEP 46 (t=206): Loss=0.6387, Rho=28.128279, Grad_norm=0.0356, Final_scale=281.2828
🚀 APPLYING GUIDANCE at step 47 (timestep=160)
🎯 GUIDANCE STEP 47 (t=160): Loss=0.6348, Rho=33.372681, Grad_norm=0.0300, Final_scale=333.7268
🚀 APPLYING GUIDANCE at step 48 (timestep=111)
🎯 GUIDANCE STEP 48 (t=111): Loss=0.6318, Rho=25.422886, Grad_norm=0.0393, Final_scale=254.2289
🚀 APPLYING GUIDANCE at step 49 (timestep=57)
🎯 GUIDANCE STEP 49 (t=57): Loss=0.6323, Rho=8.009005, Grad_norm=0.1249, Final_scale=80.0900
[guidance_f33_s50_w8c6_rho10.0_cfg5.0_0701_1608] Generated: generated_videos/subject_consistency/guidance_f33_s50_w8c6_rho10.0_cfg5.0_0701_1608/a_person_eating_a_burger.mp4
[guidance_f33_s50_w8c6_rho10.0_cfg5.0_0701_1608] Generating video 5/9 (guidance): a person walking in the snowstorm
🎬 STARTING GUIDANCE PIPELINE GENERATION
   Frames: 33, Steps: 50, CFG Scale: 5.0

🔧 GUIDANCE PIPELINE CONFIGURATION:
   Guidance range: 0 - 1001
   Rho scale: 10.0
   V-JEPA kernel_size: 8
   V-JEPA context_length: 6
   V-JEPA stride: 2
   V-JEPA mode: max
   Total timesteps: 50

🚀 APPLYING GUIDANCE at step 0 (timestep=999)
🎯 GUIDANCE STEP 0 (t=999): Loss=0.5581, Rho=28.452135, Grad_norm=0.0351, Final_scale=284.5214
🚀 APPLYING GUIDANCE at step 1 (timestep=992)
🎯 GUIDANCE STEP 1 (t=992): Loss=0.5776, Rho=11.845543, Grad_norm=0.0844, Final_scale=118.4554
🚀 APPLYING GUIDANCE at step 2 (timestep=985)
🎯 GUIDANCE STEP 2 (t=985): Loss=0.6011, Rho=3.870904, Grad_norm=0.2583, Final_scale=38.7090
🚀 APPLYING GUIDANCE at step 3 (timestep=978)
🎯 GUIDANCE STEP 3 (t=978): Loss=0.5991, Rho=11.998186, Grad_norm=0.0833, Final_scale=119.9819
🚀 APPLYING GUIDANCE at step 4 (timestep=971)
🎯 GUIDANCE STEP 4 (t=971): Loss=0.5967, Rho=4.545108, Grad_norm=0.2200, Final_scale=45.4511
🚀 APPLYING GUIDANCE at step 5 (timestep=963)
🎯 GUIDANCE STEP 5 (t=963): Loss=0.6025, Rho=8.264950, Grad_norm=0.1210, Final_scale=82.6495
🚀 APPLYING GUIDANCE at step 6 (timestep=956)
🎯 GUIDANCE STEP 6 (t=956): Loss=0.6187, Rho=6.461434, Grad_norm=0.1548, Final_scale=64.6143
🚀 APPLYING GUIDANCE at step 7 (timestep=948)
🎯 GUIDANCE STEP 7 (t=948): Loss=0.6074, Rho=4.921837, Grad_norm=0.2032, Final_scale=49.2184
🚀 APPLYING GUIDANCE at step 8 (timestep=939)
🎯 GUIDANCE STEP 8 (t=939): Loss=0.6089, Rho=4.951353, Grad_norm=0.2020, Final_scale=49.5135
🚀 APPLYING GUIDANCE at step 9 (timestep=931)
🎯 GUIDANCE STEP 9 (t=931): Loss=0.6079, Rho=5.072799, Grad_norm=0.1971, Final_scale=50.7280
🚀 APPLYING GUIDANCE at step 10 (timestep=922)
🎯 GUIDANCE STEP 10 (t=922): Loss=0.6001, Rho=6.447807, Grad_norm=0.1551, Final_scale=64.4781
🚀 APPLYING GUIDANCE at step 11 (timestep=913)
🎯 GUIDANCE STEP 11 (t=913): Loss=0.6108, Rho=5.004892, Grad_norm=0.1998, Final_scale=50.0489
🚀 APPLYING GUIDANCE at step 12 (timestep=904)
🎯 GUIDANCE STEP 12 (t=904): Loss=0.6221, Rho=4.602429, Grad_norm=0.2173, Final_scale=46.0243
🚀 APPLYING GUIDANCE at step 13 (timestep=894)
🎯 GUIDANCE STEP 13 (t=894): Loss=0.6270, Rho=2.977122, Grad_norm=0.3359, Final_scale=29.7712
🚀 APPLYING GUIDANCE at step 14 (timestep=884)
🎯 GUIDANCE STEP 14 (t=884): Loss=0.6177, Rho=5.769162, Grad_norm=0.1733, Final_scale=57.6916
🚀 APPLYING GUIDANCE at step 15 (timestep=874)
🎯 GUIDANCE STEP 15 (t=874): Loss=0.6245, Rho=2.261955, Grad_norm=0.4421, Final_scale=22.6196
🚀 APPLYING GUIDANCE at step 16 (timestep=864)
🎯 GUIDANCE STEP 16 (t=864): Loss=0.6157, Rho=2.695192, Grad_norm=0.3710, Final_scale=26.9519
🚀 APPLYING GUIDANCE at step 17 (timestep=853)
🎯 GUIDANCE STEP 17 (t=853): Loss=0.6201, Rho=4.140339, Grad_norm=0.2415, Final_scale=41.4034
🚀 APPLYING GUIDANCE at step 18 (timestep=841)
🎯 GUIDANCE STEP 18 (t=841): Loss=0.6196, Rho=4.091449, Grad_norm=0.2444, Final_scale=40.9145
🚀 APPLYING GUIDANCE at step 19 (timestep=829)
🎯 GUIDANCE STEP 19 (t=829): Loss=0.6255, Rho=4.758182, Grad_norm=0.2102, Final_scale=47.5818
🚀 APPLYING GUIDANCE at step 20 (timestep=817)
🎯 GUIDANCE STEP 20 (t=817): Loss=0.6250, Rho=7.777011, Grad_norm=0.1286, Final_scale=77.7701
🚀 APPLYING GUIDANCE at step 21 (timestep=805)
🎯 GUIDANCE STEP 21 (t=805): Loss=0.6235, Rho=5.173861, Grad_norm=0.1933, Final_scale=51.7386
🚀 APPLYING GUIDANCE at step 22 (timestep=792)
🎯 GUIDANCE STEP 22 (t=792): Loss=0.6255, Rho=2.560960, Grad_norm=0.3905, Final_scale=25.6096
🚀 APPLYING GUIDANCE at step 23 (timestep=778)
🎯 GUIDANCE STEP 23 (t=778): Loss=0.6279, Rho=5.258379, Grad_norm=0.1902, Final_scale=52.5838
🚀 APPLYING GUIDANCE at step 24 (timestep=764)
🎯 GUIDANCE STEP 24 (t=764): Loss=0.6284, Rho=7.033385, Grad_norm=0.1422, Final_scale=70.3339
🚀 APPLYING GUIDANCE at step 25 (timestep=749)
🎯 GUIDANCE STEP 25 (t=749): Loss=0.6240, Rho=5.061560, Grad_norm=0.1976, Final_scale=50.6156
🚀 APPLYING GUIDANCE at step 26 (timestep=734)
🎯 GUIDANCE STEP 26 (t=734): Loss=0.6250, Rho=4.111316, Grad_norm=0.2432, Final_scale=41.1132
🚀 APPLYING GUIDANCE at step 27 (timestep=718)
🎯 GUIDANCE STEP 27 (t=718): Loss=0.6187, Rho=7.862094, Grad_norm=0.1272, Final_scale=78.6209
🚀 APPLYING GUIDANCE at step 28 (timestep=701)
🎯 GUIDANCE STEP 28 (t=701): Loss=0.6221, Rho=6.667584, Grad_norm=0.1500, Final_scale=66.6758
🚀 APPLYING GUIDANCE at step 29 (timestep=684)
🎯 GUIDANCE STEP 29 (t=684): Loss=0.6240, Rho=7.236942, Grad_norm=0.1382, Final_scale=72.3694
🚀 APPLYING GUIDANCE at step 30 (timestep=666)
🎯 GUIDANCE STEP 30 (t=666): Loss=0.6162, Rho=10.735344, Grad_norm=0.0932, Final_scale=107.3534
🚀 APPLYING GUIDANCE at step 31 (timestep=647)
🎯 GUIDANCE STEP 31 (t=647): Loss=0.6187, Rho=8.164326, Grad_norm=0.1225, Final_scale=81.6433
🚀 APPLYING GUIDANCE at step 32 (timestep=627)
🎯 GUIDANCE STEP 32 (t=627): Loss=0.6196, Rho=10.752797, Grad_norm=0.0930, Final_scale=107.5280
🚀 APPLYING GUIDANCE at step 33 (timestep=606)
🎯 GUIDANCE STEP 33 (t=606): Loss=0.6216, Rho=9.940502, Grad_norm=0.1006, Final_scale=99.4050
🚀 APPLYING GUIDANCE at step 34 (timestep=585)
🎯 GUIDANCE STEP 34 (t=585): Loss=0.6191, Rho=7.755126, Grad_norm=0.1289, Final_scale=77.5513
🚀 APPLYING GUIDANCE at step 35 (timestep=562)
🎯 GUIDANCE STEP 35 (t=562): Loss=0.6201, Rho=9.390483, Grad_norm=0.1065, Final_scale=93.9048
🚀 APPLYING GUIDANCE at step 36 (timestep=538)
🎯 GUIDANCE STEP 36 (t=538): Loss=0.6167, Rho=10.444565, Grad_norm=0.0957, Final_scale=104.4456
🚀 APPLYING GUIDANCE at step 37 (timestep=512)
🎯 GUIDANCE STEP 37 (t=512): Loss=0.6177, Rho=7.689414, Grad_norm=0.1300, Final_scale=76.8941
🚀 APPLYING GUIDANCE at step 38 (timestep=486)
🎯 GUIDANCE STEP 38 (t=486): Loss=0.6167, Rho=10.122275, Grad_norm=0.0988, Final_scale=101.2228
🚀 APPLYING GUIDANCE at step 39 (timestep=458)
🎯 GUIDANCE STEP 39 (t=458): Loss=0.6196, Rho=15.164980, Grad_norm=0.0659, Final_scale=151.6498
🚀 APPLYING GUIDANCE at step 40 (timestep=428)
🎯 GUIDANCE STEP 40 (t=428): Loss=0.6196, Rho=20.950960, Grad_norm=0.0477, Final_scale=209.5096
🚀 APPLYING GUIDANCE at step 41 (timestep=396)
🎯 GUIDANCE STEP 41 (t=396): Loss=0.6206, Rho=12.357917, Grad_norm=0.0809, Final_scale=123.5792
🚀 APPLYING GUIDANCE at step 42 (timestep=363)
🎯 GUIDANCE STEP 42 (t=363): Loss=0.6182, Rho=15.617130, Grad_norm=0.0640, Final_scale=156.1713
🚀 APPLYING GUIDANCE at step 43 (timestep=327)
🎯 GUIDANCE STEP 43 (t=327): Loss=0.6167, Rho=15.062636, Grad_norm=0.0664, Final_scale=150.6264
🚀 APPLYING GUIDANCE at step 44 (timestep=290)
🎯 GUIDANCE STEP 44 (t=290): Loss=0.6143, Rho=26.078354, Grad_norm=0.0383, Final_scale=260.7835
🚀 APPLYING GUIDANCE at step 45 (timestep=249)
🎯 GUIDANCE STEP 45 (t=249): Loss=0.6133, Rho=8.813056, Grad_norm=0.1135, Final_scale=88.1306
🚀 APPLYING GUIDANCE at step 46 (timestep=206)
🎯 GUIDANCE STEP 46 (t=206): Loss=0.6123, Rho=16.529331, Grad_norm=0.0605, Final_scale=165.2933
🚀 APPLYING GUIDANCE at step 47 (timestep=160)
🎯 GUIDANCE STEP 47 (t=160): Loss=0.6089, Rho=23.325315, Grad_norm=0.0429, Final_scale=233.2532
🚀 APPLYING GUIDANCE at step 48 (timestep=111)
🎯 GUIDANCE STEP 48 (t=111): Loss=0.6089, Rho=10.573545, Grad_norm=0.0946, Final_scale=105.7354
🚀 APPLYING GUIDANCE at step 49 (timestep=57)
🎯 GUIDANCE STEP 49 (t=57): Loss=0.6089, Rho=12.003769, Grad_norm=0.0833, Final_scale=120.0377
[guidance_f33_s50_w8c6_rho10.0_cfg5.0_0701_1608] Generated: generated_videos/subject_consistency/guidance_f33_s50_w8c6_rho10.0_cfg5.0_0701_1608/a_car_turning_a_corner.mp4
[guidance_f33_s50_w8c6_rho10.0_cfg5.0_0701_1608] Generating video 5/9 (guidance): a car slowing down to stop
🎬 STARTING GUIDANCE PIPELINE GENERATION
   Frames: 33, Steps: 50, CFG Scale: 5.0

🔧 GUIDANCE PIPELINE CONFIGURATION:
   Guidance range: 0 - 1001
   Rho scale: 10.0
   V-JEPA kernel_size: 8
   V-JEPA context_length: 6
   V-JEPA stride: 2
   V-JEPA mode: max
   Total timesteps: 50

🚀 APPLYING GUIDANCE at step 0 (timestep=999)
🎯 GUIDANCE STEP 0 (t=999): Loss=0.6025, Rho=8.634840, Grad_norm=0.1158, Final_scale=86.3484
🚀 APPLYING GUIDANCE at step 1 (timestep=992)
🎯 GUIDANCE STEP 1 (t=992): Loss=0.5664, Rho=17.901596, Grad_norm=0.0559, Final_scale=179.0160
🚀 APPLYING GUIDANCE at step 2 (timestep=985)
🎯 GUIDANCE STEP 2 (t=985): Loss=0.5806, Rho=10.067569, Grad_norm=0.0993, Final_scale=100.6757
🚀 APPLYING GUIDANCE at step 3 (timestep=978)
🎯 GUIDANCE STEP 3 (t=978): Loss=0.5938, Rho=12.655860, Grad_norm=0.0790, Final_scale=126.5586
🚀 APPLYING GUIDANCE at step 4 (timestep=971)
🎯 GUIDANCE STEP 4 (t=971): Loss=0.5942, Rho=10.621677, Grad_norm=0.0941, Final_scale=106.2168
🚀 APPLYING GUIDANCE at step 5 (timestep=963)
🎯 GUIDANCE STEP 5 (t=963): Loss=0.6060, Rho=16.583874, Grad_norm=0.0603, Final_scale=165.8387
🚀 APPLYING GUIDANCE at step 6 (timestep=956)
🎯 GUIDANCE STEP 6 (t=956): Loss=0.6055, Rho=10.078355, Grad_norm=0.0992, Final_scale=100.7835
🚀 APPLYING GUIDANCE at step 7 (timestep=948)
🎯 GUIDANCE STEP 7 (t=948): Loss=0.6025, Rho=8.442858, Grad_norm=0.1184, Final_scale=84.4286
🚀 APPLYING GUIDANCE at step 8 (timestep=939)
🎯 GUIDANCE STEP 8 (t=939): Loss=0.5996, Rho=10.166045, Grad_norm=0.0984, Final_scale=101.6605
🚀 APPLYING GUIDANCE at step 9 (timestep=931)
🎯 GUIDANCE STEP 9 (t=931): Loss=0.5962, Rho=9.829407, Grad_norm=0.1017, Final_scale=98.2941
🚀 APPLYING GUIDANCE at step 10 (timestep=922)
🎯 GUIDANCE STEP 10 (t=922): Loss=0.5991, Rho=10.968500, Grad_norm=0.0912, Final_scale=109.6850
🚀 APPLYING GUIDANCE at step 11 (timestep=913)
🎯 GUIDANCE STEP 11 (t=913): Loss=0.5981, Rho=9.152107, Grad_norm=0.1093, Final_scale=91.5211
🚀 APPLYING GUIDANCE at step 12 (timestep=904)
🎯 GUIDANCE STEP 12 (t=904): Loss=0.5991, Rho=9.702824, Grad_norm=0.1031, Final_scale=97.0282
🚀 APPLYING GUIDANCE at step 13 (timestep=894)
🎯 GUIDANCE STEP 13 (t=894): Loss=0.5977, Rho=3.155988, Grad_norm=0.3169, Final_scale=31.5599
🚀 APPLYING GUIDANCE at step 14 (timestep=884)
🎯 GUIDANCE STEP 14 (t=884): Loss=0.6006, Rho=7.110254, Grad_norm=0.1406, Final_scale=71.1025
🚀 APPLYING GUIDANCE at step 15 (timestep=874)
🎯 GUIDANCE STEP 15 (t=874): Loss=0.6006, Rho=5.013179, Grad_norm=0.1995, Final_scale=50.1318
🚀 APPLYING GUIDANCE at step 16 (timestep=864)
🎯 GUIDANCE STEP 16 (t=864): Loss=0.6011, Rho=5.905238, Grad_norm=0.1693, Final_scale=59.0524
🚀 APPLYING GUIDANCE at step 17 (timestep=853)
🎯 GUIDANCE STEP 17 (t=853): Loss=0.6001, Rho=8.039764, Grad_norm=0.1244, Final_scale=80.3976
🚀 APPLYING GUIDANCE at step 18 (timestep=841)
🎯 GUIDANCE STEP 18 (t=841): Loss=0.5991, Rho=8.833221, Grad_norm=0.1132, Final_scale=88.3322
🚀 APPLYING GUIDANCE at step 19 (timestep=829)
🎯 GUIDANCE STEP 19 (t=829): Loss=0.6055, Rho=4.254838, Grad_norm=0.2350, Final_scale=42.5484
🚀 APPLYING GUIDANCE at step 20 (timestep=817)
🎯 GUIDANCE STEP 20 (t=817): Loss=0.6021, Rho=4.200932, Grad_norm=0.2380, Final_scale=42.0093
🚀 APPLYING GUIDANCE at step 21 (timestep=805)
🎯 GUIDANCE STEP 21 (t=805): Loss=0.6021, Rho=6.890214, Grad_norm=0.1451, Final_scale=68.9021
🚀 APPLYING GUIDANCE at step 22 (timestep=792)
🎯 GUIDANCE STEP 22 (t=792): Loss=0.6040, Rho=3.788902, Grad_norm=0.2639, Final_scale=37.8890
🚀 APPLYING GUIDANCE at step 23 (timestep=778)
🎯 GUIDANCE STEP 23 (t=778): Loss=0.6069, Rho=6.145634, Grad_norm=0.1627, Final_scale=61.4563
🚀 APPLYING GUIDANCE at step 24 (timestep=764)
🎯 GUIDANCE STEP 24 (t=764): Loss=0.6021, Rho=6.717546, Grad_norm=0.1489, Final_scale=67.1755
🚀 APPLYING GUIDANCE at step 25 (timestep=749)
🎯 GUIDANCE STEP 25 (t=749): Loss=0.6011, Rho=1.465082, Grad_norm=0.6826, Final_scale=14.6508
🚀 APPLYING GUIDANCE at step 26 (timestep=734)
🎯 GUIDANCE STEP 26 (t=734): Loss=0.6006, Rho=4.473867, Grad_norm=0.2235, Final_scale=44.7387
🚀 APPLYING GUIDANCE at step 27 (timestep=718)
🎯 GUIDANCE STEP 27 (t=718): Loss=0.6016, Rho=2.183530, Grad_norm=0.4580, Final_scale=21.8353
🚀 APPLYING GUIDANCE at step 28 (timestep=701)
🎯 GUIDANCE STEP 28 (t=701): Loss=0.6011, Rho=8.210003, Grad_norm=0.1218, Final_scale=82.1000
🚀 APPLYING GUIDANCE at step 29 (timestep=684)
🎯 GUIDANCE STEP 29 (t=684): Loss=0.5991, Rho=9.818487, Grad_norm=0.1018, Final_scale=98.1849
🚀 APPLYING GUIDANCE at step 30 (timestep=666)
🎯 GUIDANCE STEP 30 (t=666): Loss=0.5981, Rho=8.186584, Grad_norm=0.1222, Final_scale=81.8658
🚀 APPLYING GUIDANCE at step 31 (timestep=647)
🎯 GUIDANCE STEP 31 (t=647): Loss=0.5977, Rho=4.266455, Grad_norm=0.2344, Final_scale=42.6646
🚀 APPLYING GUIDANCE at step 32 (timestep=627)
🎯 GUIDANCE STEP 32 (t=627): Loss=0.5991, Rho=2.435488, Grad_norm=0.4106, Final_scale=24.3549
🚀 APPLYING GUIDANCE at step 33 (timestep=606)
🎯 GUIDANCE STEP 33 (t=606): Loss=0.5977, Rho=5.406248, Grad_norm=0.1850, Final_scale=54.0625
🚀 APPLYING GUIDANCE at step 34 (timestep=585)
🎯 GUIDANCE STEP 34 (t=585): Loss=0.5977, Rho=3.566471, Grad_norm=0.2804, Final_scale=35.6647
🚀 APPLYING GUIDANCE at step 35 (timestep=562)
🎯 GUIDANCE STEP 35 (t=562): Loss=0.6006, Rho=7.982231, Grad_norm=0.1253, Final_scale=79.8223
🚀 APPLYING GUIDANCE at step 36 (timestep=538)
🎯 GUIDANCE STEP 36 (t=538): Loss=0.5977, Rho=7.107184, Grad_norm=0.1407, Final_scale=71.0718
🚀 APPLYING GUIDANCE at step 37 (timestep=512)
🎯 GUIDANCE STEP 37 (t=512): Loss=0.5972, Rho=11.653330, Grad_norm=0.0858, Final_scale=116.5333
🚀 APPLYING GUIDANCE at step 38 (timestep=486)
🎯 GUIDANCE STEP 38 (t=486): Loss=0.5952, Rho=7.367444, Grad_norm=0.1357, Final_scale=73.6744
🚀 APPLYING GUIDANCE at step 39 (timestep=458)
🎯 GUIDANCE STEP 39 (t=458): Loss=0.5991, Rho=5.622466, Grad_norm=0.1779, Final_scale=56.2247
🚀 APPLYING GUIDANCE at step 40 (timestep=428)
🎯 GUIDANCE STEP 40 (t=428): Loss=0.5981, Rho=7.991403, Grad_norm=0.1251, Final_scale=79.9140
🚀 APPLYING GUIDANCE at step 41 (timestep=396)
🎯 GUIDANCE STEP 41 (t=396): Loss=0.5972, Rho=9.019628, Grad_norm=0.1109, Final_scale=90.1963
🚀 APPLYING GUIDANCE at step 42 (timestep=363)
🎯 GUIDANCE STEP 42 (t=363): Loss=0.5991, Rho=9.003266, Grad_norm=0.1111, Final_scale=90.0327
🚀 APPLYING GUIDANCE at step 43 (timestep=327)
🎯 GUIDANCE STEP 43 (t=327): Loss=0.5972, Rho=6.369173, Grad_norm=0.1570, Final_scale=63.6917
🚀 APPLYING GUIDANCE at step 44 (timestep=290)
🎯 GUIDANCE STEP 44 (t=290): Loss=0.5972, Rho=17.989023, Grad_norm=0.0556, Final_scale=179.8902
🚀 APPLYING GUIDANCE at step 45 (timestep=249)
🎯 GUIDANCE STEP 45 (t=249): Loss=0.5957, Rho=20.579782, Grad_norm=0.0486, Final_scale=205.7978
🚀 APPLYING GUIDANCE at step 46 (timestep=206)
🎯 GUIDANCE STEP 46 (t=206): Loss=0.5942, Rho=19.358864, Grad_norm=0.0517, Final_scale=193.5886
🚀 APPLYING GUIDANCE at step 47 (timestep=160)
🎯 GUIDANCE STEP 47 (t=160): Loss=0.5947, Rho=13.607463, Grad_norm=0.0735, Final_scale=136.0746
🚀 APPLYING GUIDANCE at step 48 (timestep=111)
🎯 GUIDANCE STEP 48 (t=111): Loss=0.5933, Rho=18.350479, Grad_norm=0.0545, Final_scale=183.5048
🚀 APPLYING GUIDANCE at step 49 (timestep=57)
🎯 GUIDANCE STEP 49 (t=57): Loss=0.5928, Rho=12.334527, Grad_norm=0.0811, Final_scale=123.3453
[guidance_f33_s50_w8c6_rho10.0_cfg5.0_0701_1608] Generated: generated_videos/subject_consistency/guidance_f33_s50_w8c6_rho10.0_cfg5.0_0701_1608/a_bird_building_a_nest_from_twigs_and_leaves.mp4
[guidance_f33_s50_w8c6_rho10.0_cfg5.0_0701_1608] Generating video 5/9 (guidance): a bird flying over a snowy forest
🎬 STARTING GUIDANCE PIPELINE GENERATION
   Frames: 33, Steps: 50, CFG Scale: 5.0

🔧 GUIDANCE PIPELINE CONFIGURATION:
   Guidance range: 0 - 1001
   Rho scale: 10.0
   V-JEPA kernel_size: 8
   V-JEPA context_length: 6
   V-JEPA stride: 2
   V-JEPA mode: max
   Total timesteps: 50

🚀 APPLYING GUIDANCE at step 0 (timestep=999)
🎯 GUIDANCE STEP 0 (t=999): Loss=0.5454, Rho=12.559185, Grad_norm=0.0796, Final_scale=125.5919
🚀 APPLYING GUIDANCE at step 1 (timestep=992)
🎯 GUIDANCE STEP 1 (t=992): Loss=0.5479, Rho=14.147781, Grad_norm=0.0707, Final_scale=141.4778
🚀 APPLYING GUIDANCE at step 2 (timestep=985)
🎯 GUIDANCE STEP 2 (t=985): Loss=0.5669, Rho=12.557035, Grad_norm=0.0796, Final_scale=125.5704
🚀 APPLYING GUIDANCE at step 3 (timestep=978)
🎯 GUIDANCE STEP 3 (t=978): Loss=0.5757, Rho=5.634901, Grad_norm=0.1775, Final_scale=56.3490
🚀 APPLYING GUIDANCE at step 4 (timestep=971)
🎯 GUIDANCE STEP 4 (t=971): Loss=0.5923, Rho=7.592441, Grad_norm=0.1317, Final_scale=75.9244
🚀 APPLYING GUIDANCE at step 5 (timestep=963)
🎯 GUIDANCE STEP 5 (t=963): Loss=0.5884, Rho=3.993927, Grad_norm=0.2504, Final_scale=39.9393
🚀 APPLYING GUIDANCE at step 6 (timestep=956)
🎯 GUIDANCE STEP 6 (t=956): Loss=0.5938, Rho=7.519880, Grad_norm=0.1330, Final_scale=75.1988
🚀 APPLYING GUIDANCE at step 7 (timestep=948)
🎯 GUIDANCE STEP 7 (t=948): Loss=0.6025, Rho=0.702599, Grad_norm=1.4233, Final_scale=7.0260
🚀 APPLYING GUIDANCE at step 8 (timestep=939)
🎯 GUIDANCE STEP 8 (t=939): Loss=0.6060, Rho=1.048153, Grad_norm=0.9541, Final_scale=10.4815
🚀 APPLYING GUIDANCE at step 9 (timestep=931)
🎯 GUIDANCE STEP 9 (t=931): Loss=0.6069, Rho=3.891633, Grad_norm=0.2570, Final_scale=38.9163
🚀 APPLYING GUIDANCE at step 10 (timestep=922)
🎯 GUIDANCE STEP 10 (t=922): Loss=0.6138, Rho=6.121381, Grad_norm=0.1634, Final_scale=61.2138
🚀 APPLYING GUIDANCE at step 11 (timestep=913)
🎯 GUIDANCE STEP 11 (t=913): Loss=0.6143, Rho=6.977677, Grad_norm=0.1433, Final_scale=69.7768
🚀 APPLYING GUIDANCE at step 12 (timestep=904)
🎯 GUIDANCE STEP 12 (t=904): Loss=0.6226, Rho=5.163142, Grad_norm=0.1937, Final_scale=51.6314
🚀 APPLYING GUIDANCE at step 13 (timestep=894)
🎯 GUIDANCE STEP 13 (t=894): Loss=0.6206, Rho=4.881281, Grad_norm=0.2049, Final_scale=48.8128
🚀 APPLYING GUIDANCE at step 14 (timestep=884)
🎯 GUIDANCE STEP 14 (t=884): Loss=0.6157, Rho=4.182981, Grad_norm=0.2391, Final_scale=41.8298
🚀 APPLYING GUIDANCE at step 15 (timestep=874)
🎯 GUIDANCE STEP 15 (t=874): Loss=0.6201, Rho=3.017530, Grad_norm=0.3314, Final_scale=30.1753
🚀 APPLYING GUIDANCE at step 16 (timestep=864)
🎯 GUIDANCE STEP 16 (t=864): Loss=0.6245, Rho=4.069058, Grad_norm=0.2458, Final_scale=40.6906
🚀 APPLYING GUIDANCE at step 17 (timestep=853)
🎯 GUIDANCE STEP 17 (t=853): Loss=0.6211, Rho=2.948128, Grad_norm=0.3392, Final_scale=29.4813
🚀 APPLYING GUIDANCE at step 18 (timestep=841)
🎯 GUIDANCE STEP 18 (t=841): Loss=0.6191, Rho=2.895720, Grad_norm=0.3453, Final_scale=28.9572
🚀 APPLYING GUIDANCE at step 19 (timestep=829)
🎯 GUIDANCE STEP 19 (t=829): Loss=0.6260, Rho=3.176760, Grad_norm=0.3148, Final_scale=31.7676
🚀 APPLYING GUIDANCE at step 20 (timestep=817)
🎯 GUIDANCE STEP 20 (t=817): Loss=0.6133, Rho=2.069012, Grad_norm=0.4833, Final_scale=20.6901
🚀 APPLYING GUIDANCE at step 21 (timestep=805)
🎯 GUIDANCE STEP 21 (t=805): Loss=0.6172, Rho=4.317722, Grad_norm=0.2316, Final_scale=43.1772
🚀 APPLYING GUIDANCE at step 22 (timestep=792)
🎯 GUIDANCE STEP 22 (t=792): Loss=0.6201, Rho=1.951011, Grad_norm=0.5126, Final_scale=19.5101
🚀 APPLYING GUIDANCE at step 23 (timestep=778)
🎯 GUIDANCE STEP 23 (t=778): Loss=0.6172, Rho=1.198764, Grad_norm=0.8342, Final_scale=11.9876
🚀 APPLYING GUIDANCE at step 24 (timestep=764)
🎯 GUIDANCE STEP 24 (t=764): Loss=0.6147, Rho=3.790347, Grad_norm=0.2638, Final_scale=37.9035
🚀 APPLYING GUIDANCE at step 25 (timestep=749)
🎯 GUIDANCE STEP 25 (t=749): Loss=0.6133, Rho=3.683766, Grad_norm=0.2715, Final_scale=36.8377
🚀 APPLYING GUIDANCE at step 26 (timestep=734)
🎯 GUIDANCE STEP 26 (t=734): Loss=0.6118, Rho=1.495656, Grad_norm=0.6686, Final_scale=14.9566
🚀 APPLYING GUIDANCE at step 27 (timestep=718)
🎯 GUIDANCE STEP 27 (t=718): Loss=0.6123, Rho=3.470845, Grad_norm=0.2881, Final_scale=34.7085
🚀 APPLYING GUIDANCE at step 28 (timestep=701)
🎯 GUIDANCE STEP 28 (t=701): Loss=0.6128, Rho=3.937896, Grad_norm=0.2539, Final_scale=39.3790
🚀 APPLYING GUIDANCE at step 29 (timestep=684)
🎯 GUIDANCE STEP 29 (t=684): Loss=0.6113, Rho=3.352921, Grad_norm=0.2982, Final_scale=33.5292
🚀 APPLYING GUIDANCE at step 30 (timestep=666)
🎯 GUIDANCE STEP 30 (t=666): Loss=0.6123, Rho=3.736662, Grad_norm=0.2676, Final_scale=37.3666
🚀 APPLYING GUIDANCE at step 31 (timestep=647)
🎯 GUIDANCE STEP 31 (t=647): Loss=0.6143, Rho=1.666016, Grad_norm=0.6002, Final_scale=16.6602
🚀 APPLYING GUIDANCE at step 32 (timestep=627)
🎯 GUIDANCE STEP 32 (t=627): Loss=0.6094, Rho=5.854043, Grad_norm=0.1708, Final_scale=58.5404
🚀 APPLYING GUIDANCE at step 33 (timestep=606)
🎯 GUIDANCE STEP 33 (t=606): Loss=0.6108, Rho=6.198838, Grad_norm=0.1613, Final_scale=61.9884
🚀 APPLYING GUIDANCE at step 34 (timestep=585)
🎯 GUIDANCE STEP 34 (t=585): Loss=0.6118, Rho=3.168062, Grad_norm=0.3157, Final_scale=31.6806
🚀 APPLYING GUIDANCE at step 35 (timestep=562)
🎯 GUIDANCE STEP 35 (t=562): Loss=0.6089, Rho=3.347505, Grad_norm=0.2987, Final_scale=33.4750
🚀 APPLYING GUIDANCE at step 36 (timestep=538)
🎯 GUIDANCE STEP 36 (t=538): Loss=0.6099, Rho=1.536558, Grad_norm=0.6508, Final_scale=15.3656
🚀 APPLYING GUIDANCE at step 37 (timestep=512)
🎯 GUIDANCE STEP 37 (t=512): Loss=0.6143, Rho=1.731852, Grad_norm=0.5774, Final_scale=17.3185
🚀 APPLYING GUIDANCE at step 38 (timestep=486)
🎯 GUIDANCE STEP 38 (t=486): Loss=0.6147, Rho=4.111076, Grad_norm=0.2432, Final_scale=41.1108
🚀 APPLYING GUIDANCE at step 39 (timestep=458)
🎯 GUIDANCE STEP 39 (t=458): Loss=0.6099, Rho=6.143318, Grad_norm=0.1628, Final_scale=61.4332
🚀 APPLYING GUIDANCE at step 40 (timestep=428)
🎯 GUIDANCE STEP 40 (t=428): Loss=0.6123, Rho=5.565969, Grad_norm=0.1797, Final_scale=55.6597
🚀 APPLYING GUIDANCE at step 41 (timestep=396)
🎯 GUIDANCE STEP 41 (t=396): Loss=0.6104, Rho=4.657936, Grad_norm=0.2147, Final_scale=46.5794
🚀 APPLYING GUIDANCE at step 42 (timestep=363)
🎯 GUIDANCE STEP 42 (t=363): Loss=0.6089, Rho=5.705276, Grad_norm=0.1753, Final_scale=57.0528
🚀 APPLYING GUIDANCE at step 43 (timestep=327)
🎯 GUIDANCE STEP 43 (t=327): Loss=0.6123, Rho=7.977221, Grad_norm=0.1254, Final_scale=79.7722
🚀 APPLYING GUIDANCE at step 44 (timestep=290)
🎯 GUIDANCE STEP 44 (t=290): Loss=0.6099, Rho=9.773667, Grad_norm=0.1023, Final_scale=97.7367
🚀 APPLYING GUIDANCE at step 45 (timestep=249)
🎯 GUIDANCE STEP 45 (t=249): Loss=0.6069, Rho=3.017591, Grad_norm=0.3314, Final_scale=30.1759
🚀 APPLYING GUIDANCE at step 46 (timestep=206)
🎯 GUIDANCE STEP 46 (t=206): Loss=0.6104, Rho=7.917673, Grad_norm=0.1263, Final_scale=79.1767
🚀 APPLYING GUIDANCE at step 47 (timestep=160)
🎯 GUIDANCE STEP 47 (t=160): Loss=0.6123, Rho=8.374287, Grad_norm=0.1194, Final_scale=83.7429
🚀 APPLYING GUIDANCE at step 48 (timestep=111)
🎯 GUIDANCE STEP 48 (t=111): Loss=0.6069, Rho=9.666496, Grad_norm=0.1035, Final_scale=96.6650
🚀 APPLYING GUIDANCE at step 49 (timestep=57)
🎯 GUIDANCE STEP 49 (t=57): Loss=0.6079, Rho=6.715392, Grad_norm=0.1489, Final_scale=67.1539
[guidance_f33_s50_w8c6_rho10.0_cfg5.0_0701_1608] Generated: generated_videos/subject_consistency/guidance_f33_s50_w8c6_rho10.0_cfg5.0_0701_1608/an_airplane_taking_off.mp4
[guidance_f33_s50_w8c6_rho10.0_cfg5.0_0701_1608] Generating video 5/9 (guidance): an airplane landing smoothly on a runway
🎬 STARTING GUIDANCE PIPELINE GENERATION
   Frames: 33, Steps: 50, CFG Scale: 5.0

🔧 GUIDANCE PIPELINE CONFIGURATION:
   Guidance range: 0 - 1001
   Rho scale: 10.0
   V-JEPA kernel_size: 8
   V-JEPA context_length: 6
   V-JEPA stride: 2
   V-JEPA mode: max
   Total timesteps: 50

🚀 APPLYING GUIDANCE at step 0 (timestep=999)
🎯 GUIDANCE STEP 0 (t=999): Loss=0.5396, Rho=12.857759, Grad_norm=0.0778, Final_scale=128.5776
🚀 APPLYING GUIDANCE at step 1 (timestep=992)
🎯 GUIDANCE STEP 1 (t=992): Loss=0.5527, Rho=6.334320, Grad_norm=0.1579, Final_scale=63.3432
🚀 APPLYING GUIDANCE at step 2 (timestep=985)
🎯 GUIDANCE STEP 2 (t=985): Loss=0.5479, Rho=13.193362, Grad_norm=0.0758, Final_scale=131.9336
🚀 APPLYING GUIDANCE at step 3 (timestep=978)
🎯 GUIDANCE STEP 3 (t=978): Loss=0.5566, Rho=16.402155, Grad_norm=0.0610, Final_scale=164.0215
🚀 APPLYING GUIDANCE at step 4 (timestep=971)
🎯 GUIDANCE STEP 4 (t=971): Loss=0.5591, Rho=25.313437, Grad_norm=0.0395, Final_scale=253.1344
🚀 APPLYING GUIDANCE at step 5 (timestep=963)
🎯 GUIDANCE STEP 5 (t=963): Loss=0.5791, Rho=8.884670, Grad_norm=0.1126, Final_scale=88.8467
🚀 APPLYING GUIDANCE at step 6 (timestep=956)
🎯 GUIDANCE STEP 6 (t=956): Loss=0.5884, Rho=7.082467, Grad_norm=0.1412, Final_scale=70.8247
🚀 APPLYING GUIDANCE at step 7 (timestep=948)
🎯 GUIDANCE STEP 7 (t=948): Loss=0.6108, Rho=5.223919, Grad_norm=0.1914, Final_scale=52.2392
🚀 APPLYING GUIDANCE at step 8 (timestep=939)
🎯 GUIDANCE STEP 8 (t=939): Loss=0.6147, Rho=6.037957, Grad_norm=0.1656, Final_scale=60.3796
🚀 APPLYING GUIDANCE at step 9 (timestep=931)
🎯 GUIDANCE STEP 9 (t=931): Loss=0.6108, Rho=7.504668, Grad_norm=0.1333, Final_scale=75.0467
🚀 APPLYING GUIDANCE at step 10 (timestep=922)
🎯 GUIDANCE STEP 10 (t=922): Loss=0.6064, Rho=2.396783, Grad_norm=0.4172, Final_scale=23.9678
🚀 APPLYING GUIDANCE at step 11 (timestep=913)
🎯 GUIDANCE STEP 11 (t=913): Loss=0.6089, Rho=3.372161, Grad_norm=0.2965, Final_scale=33.7216
🚀 APPLYING GUIDANCE at step 12 (timestep=904)
🎯 GUIDANCE STEP 12 (t=904): Loss=0.6187, Rho=1.802556, Grad_norm=0.5548, Final_scale=18.0256
🚀 APPLYING GUIDANCE at step 13 (timestep=894)
🎯 GUIDANCE STEP 13 (t=894): Loss=0.6113, Rho=1.723412, Grad_norm=0.5802, Final_scale=17.2341
🚀 APPLYING GUIDANCE at step 14 (timestep=884)
🎯 GUIDANCE STEP 14 (t=884): Loss=0.6128, Rho=1.944137, Grad_norm=0.5144, Final_scale=19.4414
🚀 APPLYING GUIDANCE at step 15 (timestep=874)
🎯 GUIDANCE STEP 15 (t=874): Loss=0.6138, Rho=1.855099, Grad_norm=0.5391, Final_scale=18.5510
🚀 APPLYING GUIDANCE at step 16 (timestep=864)
🎯 GUIDANCE STEP 16 (t=864): Loss=0.6118, Rho=3.130115, Grad_norm=0.3195, Final_scale=31.3011
🚀 APPLYING GUIDANCE at step 17 (timestep=853)
🎯 GUIDANCE STEP 17 (t=853): Loss=0.6191, Rho=1.802509, Grad_norm=0.5548, Final_scale=18.0251
🚀 APPLYING GUIDANCE at step 18 (timestep=841)
🎯 GUIDANCE STEP 18 (t=841): Loss=0.6167, Rho=1.861539, Grad_norm=0.5372, Final_scale=18.6154
🚀 APPLYING GUIDANCE at step 19 (timestep=829)
🎯 GUIDANCE STEP 19 (t=829): Loss=0.6177, Rho=1.872864, Grad_norm=0.5339, Final_scale=18.7286
🚀 APPLYING GUIDANCE at step 20 (timestep=817)
🎯 GUIDANCE STEP 20 (t=817): Loss=0.6113, Rho=1.245680, Grad_norm=0.8028, Final_scale=12.4568
🚀 APPLYING GUIDANCE at step 21 (timestep=805)
🎯 GUIDANCE STEP 21 (t=805): Loss=0.6118, Rho=1.761029, Grad_norm=0.5678, Final_scale=17.6103
🚀 APPLYING GUIDANCE at step 22 (timestep=792)
🎯 GUIDANCE STEP 22 (t=792): Loss=0.6157, Rho=1.897155, Grad_norm=0.5271, Final_scale=18.9715
🚀 APPLYING GUIDANCE at step 23 (timestep=778)
🎯 GUIDANCE STEP 23 (t=778): Loss=0.6108, Rho=2.077737, Grad_norm=0.4813, Final_scale=20.7774
🚀 APPLYING GUIDANCE at step 24 (timestep=764)
🎯 GUIDANCE STEP 24 (t=764): Loss=0.6118, Rho=1.646008, Grad_norm=0.6075, Final_scale=16.4601
🚀 APPLYING GUIDANCE at step 25 (timestep=749)
🎯 GUIDANCE STEP 25 (t=749): Loss=0.6108, Rho=0.194633, Grad_norm=5.1379, Final_scale=1.9463
🚀 APPLYING GUIDANCE at step 26 (timestep=734)
🎯 GUIDANCE STEP 26 (t=734): Loss=0.6143, Rho=1.996248, Grad_norm=0.5009, Final_scale=19.9625
🚀 APPLYING GUIDANCE at step 27 (timestep=718)
🎯 GUIDANCE STEP 27 (t=718): Loss=0.6138, Rho=0.795853, Grad_norm=1.2565, Final_scale=7.9585
🚀 APPLYING GUIDANCE at step 28 (timestep=701)
🎯 GUIDANCE STEP 28 (t=701): Loss=0.6162, Rho=2.316676, Grad_norm=0.4317, Final_scale=23.1668
🚀 APPLYING GUIDANCE at step 29 (timestep=684)
🎯 GUIDANCE STEP 29 (t=684): Loss=0.6162, Rho=2.117414, Grad_norm=0.4723, Final_scale=21.1741
🚀 APPLYING GUIDANCE at step 30 (timestep=666)
🎯 GUIDANCE STEP 30 (t=666): Loss=0.6123, Rho=4.375029, Grad_norm=0.2286, Final_scale=43.7503
🚀 APPLYING GUIDANCE at step 31 (timestep=647)
🎯 GUIDANCE STEP 31 (t=647): Loss=0.6152, Rho=1.922431, Grad_norm=0.5202, Final_scale=19.2243
🚀 APPLYING GUIDANCE at step 32 (timestep=627)
🎯 GUIDANCE STEP 32 (t=627): Loss=0.6152, Rho=2.411779, Grad_norm=0.4146, Final_scale=24.1178
🚀 APPLYING GUIDANCE at step 33 (timestep=606)
🎯 GUIDANCE STEP 33 (t=606): Loss=0.6157, Rho=3.911839, Grad_norm=0.2556, Final_scale=39.1184
🚀 APPLYING GUIDANCE at step 34 (timestep=585)
🎯 GUIDANCE STEP 34 (t=585): Loss=0.6152, Rho=3.455744, Grad_norm=0.2894, Final_scale=34.5574
🚀 APPLYING GUIDANCE at step 35 (timestep=562)
🎯 GUIDANCE STEP 35 (t=562): Loss=0.6143, Rho=3.407761, Grad_norm=0.2934, Final_scale=34.0776
🚀 APPLYING GUIDANCE at step 36 (timestep=538)
🎯 GUIDANCE STEP 36 (t=538): Loss=0.6147, Rho=2.176558, Grad_norm=0.4594, Final_scale=21.7656
🚀 APPLYING GUIDANCE at step 37 (timestep=512)
🎯 GUIDANCE STEP 37 (t=512): Loss=0.6138, Rho=3.820956, Grad_norm=0.2617, Final_scale=38.2096
🚀 APPLYING GUIDANCE at step 38 (timestep=486)
🎯 GUIDANCE STEP 38 (t=486): Loss=0.6133, Rho=5.011277, Grad_norm=0.1995, Final_scale=50.1128
🚀 APPLYING GUIDANCE at step 39 (timestep=458)
🎯 GUIDANCE STEP 39 (t=458): Loss=0.6143, Rho=3.446227, Grad_norm=0.2902, Final_scale=34.4623
🚀 APPLYING GUIDANCE at step 40 (timestep=428)
🎯 GUIDANCE STEP 40 (t=428): Loss=0.6118, Rho=5.839837, Grad_norm=0.1712, Final_scale=58.3984
🚀 APPLYING GUIDANCE at step 41 (timestep=396)
🎯 GUIDANCE STEP 41 (t=396): Loss=0.6182, Rho=4.628143, Grad_norm=0.2161, Final_scale=46.2814
🚀 APPLYING GUIDANCE at step 42 (timestep=363)
🎯 GUIDANCE STEP 42 (t=363): Loss=0.6133, Rho=3.000035, Grad_norm=0.3333, Final_scale=30.0003
🚀 APPLYING GUIDANCE at step 43 (timestep=327)
🎯 GUIDANCE STEP 43 (t=327): Loss=0.6123, Rho=5.447235, Grad_norm=0.1836, Final_scale=54.4724
🚀 APPLYING GUIDANCE at step 44 (timestep=290)
🎯 GUIDANCE STEP 44 (t=290): Loss=0.6128, Rho=1.423657, Grad_norm=0.7024, Final_scale=14.2366
🚀 APPLYING GUIDANCE at step 45 (timestep=249)
🎯 GUIDANCE STEP 45 (t=249): Loss=0.6138, Rho=0.512587, Grad_norm=1.9509, Final_scale=5.1259
🚀 APPLYING GUIDANCE at step 46 (timestep=206)
🎯 GUIDANCE STEP 46 (t=206): Loss=0.6128, Rho=9.251526, Grad_norm=0.1081, Final_scale=92.5153
🚀 APPLYING GUIDANCE at step 47 (timestep=160)
🎯 GUIDANCE STEP 47 (t=160): Loss=0.6123, Rho=9.952583, Grad_norm=0.1005, Final_scale=99.5258
🚀 APPLYING GUIDANCE at step 48 (timestep=111)
🎯 GUIDANCE STEP 48 (t=111): Loss=0.6104, Rho=11.957204, Grad_norm=0.0836, Final_scale=119.5720
🚀 APPLYING GUIDANCE at step 49 (timestep=57)
🎯 GUIDANCE STEP 49 (t=57): Loss=0.6123, Rho=13.398329, Grad_norm=0.0746, Final_scale=133.9833
[guidance_f33_s50_w8c6_rho10.0_cfg5.0_0701_1608] Generated: generated_videos/subject_consistency/guidance_f33_s50_w8c6_rho10.0_cfg5.0_0701_1608/a_train_accelerating_to_gain_speed.mp4
[guidance_f33_s50_w8c6_rho10.0_cfg5.0_0701_1608] Generating video 4/9 (guidance): a truck turning a corner
🎬 STARTING GUIDANCE PIPELINE GENERATION
   Frames: 33, Steps: 50, CFG Scale: 5.0

🔧 GUIDANCE PIPELINE CONFIGURATION:
   Guidance range: 0 - 1001
   Rho scale: 10.0
   V-JEPA kernel_size: 8
   V-JEPA context_length: 6
   V-JEPA stride: 2
   V-JEPA mode: max
   Total timesteps: 50

🚀 APPLYING GUIDANCE at step 0 (timestep=999)
🎯 GUIDANCE STEP 0 (t=999): Loss=0.5410, Rho=20.448532, Grad_norm=0.0489, Final_scale=204.4853
🚀 APPLYING GUIDANCE at step 1 (timestep=992)
🎯 GUIDANCE STEP 1 (t=992): Loss=0.5645, Rho=8.800909, Grad_norm=0.1136, Final_scale=88.0091
🚀 APPLYING GUIDANCE at step 2 (timestep=985)
🎯 GUIDANCE STEP 2 (t=985): Loss=0.5806, Rho=14.268324, Grad_norm=0.0701, Final_scale=142.6832
🚀 APPLYING GUIDANCE at step 3 (timestep=978)
🎯 GUIDANCE STEP 3 (t=978): Loss=0.5903, Rho=9.206133, Grad_norm=0.1086, Final_scale=92.0613
🚀 APPLYING GUIDANCE at step 4 (timestep=971)
🎯 GUIDANCE STEP 4 (t=971): Loss=0.5933, Rho=11.352609, Grad_norm=0.0881, Final_scale=113.5261
🚀 APPLYING GUIDANCE at step 5 (timestep=963)
🎯 GUIDANCE STEP 5 (t=963): Loss=0.6060, Rho=6.832487, Grad_norm=0.1464, Final_scale=68.3249
🚀 APPLYING GUIDANCE at step 6 (timestep=956)
🎯 GUIDANCE STEP 6 (t=956): Loss=0.6025, Rho=14.040665, Grad_norm=0.0712, Final_scale=140.4066
🚀 APPLYING GUIDANCE at step 7 (timestep=948)
🎯 GUIDANCE STEP 7 (t=948): Loss=0.6055, Rho=8.017962, Grad_norm=0.1247, Final_scale=80.1796
🚀 APPLYING GUIDANCE at step 8 (timestep=939)
🎯 GUIDANCE STEP 8 (t=939): Loss=0.6055, Rho=9.386232, Grad_norm=0.1065, Final_scale=93.8623
🚀 APPLYING GUIDANCE at step 9 (timestep=931)
🎯 GUIDANCE STEP 9 (t=931): Loss=0.6108, Rho=6.787106, Grad_norm=0.1473, Final_scale=67.8711
🚀 APPLYING GUIDANCE at step 10 (timestep=922)
🎯 GUIDANCE STEP 10 (t=922): Loss=0.6084, Rho=7.255722, Grad_norm=0.1378, Final_scale=72.5572
🚀 APPLYING GUIDANCE at step 11 (timestep=913)
🎯 GUIDANCE STEP 11 (t=913): Loss=0.6079, Rho=8.428996, Grad_norm=0.1186, Final_scale=84.2900
🚀 APPLYING GUIDANCE at step 12 (timestep=904)
🎯 GUIDANCE STEP 12 (t=904): Loss=0.6226, Rho=7.378788, Grad_norm=0.1355, Final_scale=73.7879
🚀 APPLYING GUIDANCE at step 13 (timestep=894)
🎯 GUIDANCE STEP 13 (t=894): Loss=0.6187, Rho=14.266556, Grad_norm=0.0701, Final_scale=142.6656
🚀 APPLYING GUIDANCE at step 14 (timestep=884)
🎯 GUIDANCE STEP 14 (t=884): Loss=0.6167, Rho=5.844163, Grad_norm=0.1711, Final_scale=58.4416
🚀 APPLYING GUIDANCE at step 15 (timestep=874)
🎯 GUIDANCE STEP 15 (t=874): Loss=0.6177, Rho=18.692089, Grad_norm=0.0535, Final_scale=186.9209
🚀 APPLYING GUIDANCE at step 16 (timestep=864)
🎯 GUIDANCE STEP 16 (t=864): Loss=0.6187, Rho=7.706551, Grad_norm=0.1298, Final_scale=77.0655
🚀 APPLYING GUIDANCE at step 17 (timestep=853)
🎯 GUIDANCE STEP 17 (t=853): Loss=0.6128, Rho=14.048437, Grad_norm=0.0712, Final_scale=140.4844
🚀 APPLYING GUIDANCE at step 18 (timestep=841)
🎯 GUIDANCE STEP 18 (t=841): Loss=0.6123, Rho=14.273366, Grad_norm=0.0701, Final_scale=142.7337
🚀 APPLYING GUIDANCE at step 19 (timestep=829)
🎯 GUIDANCE STEP 19 (t=829): Loss=0.6128, Rho=16.683619, Grad_norm=0.0599, Final_scale=166.8362
🚀 APPLYING GUIDANCE at step 20 (timestep=817)
🎯 GUIDANCE STEP 20 (t=817): Loss=0.6113, Rho=12.626224, Grad_norm=0.0792, Final_scale=126.2622
🚀 APPLYING GUIDANCE at step 21 (timestep=805)
🎯 GUIDANCE STEP 21 (t=805): Loss=0.6128, Rho=9.183119, Grad_norm=0.1089, Final_scale=91.8312
🚀 APPLYING GUIDANCE at step 22 (timestep=792)
🎯 GUIDANCE STEP 22 (t=792): Loss=0.6123, Rho=12.696502, Grad_norm=0.0788, Final_scale=126.9650
🚀 APPLYING GUIDANCE at step 23 (timestep=778)
🎯 GUIDANCE STEP 23 (t=778): Loss=0.6143, Rho=18.184114, Grad_norm=0.0550, Final_scale=181.8411
🚀 APPLYING GUIDANCE at step 24 (timestep=764)
🎯 GUIDANCE STEP 24 (t=764): Loss=0.6128, Rho=16.698339, Grad_norm=0.0599, Final_scale=166.9834
🚀 APPLYING GUIDANCE at step 25 (timestep=749)
🎯 GUIDANCE STEP 25 (t=749): Loss=0.6123, Rho=10.550204, Grad_norm=0.0948, Final_scale=105.5020
🚀 APPLYING GUIDANCE at step 26 (timestep=734)
🎯 GUIDANCE STEP 26 (t=734): Loss=0.6138, Rho=6.879513, Grad_norm=0.1454, Final_scale=68.7951
🚀 APPLYING GUIDANCE at step 27 (timestep=718)
🎯 GUIDANCE STEP 27 (t=718): Loss=0.6157, Rho=6.218287, Grad_norm=0.1608, Final_scale=62.1829
🚀 APPLYING GUIDANCE at step 28 (timestep=701)
🎯 GUIDANCE STEP 28 (t=701): Loss=0.6196, Rho=20.896145, Grad_norm=0.0479, Final_scale=208.9614
🚀 APPLYING GUIDANCE at step 29 (timestep=684)
🎯 GUIDANCE STEP 29 (t=684): Loss=0.6177, Rho=12.467241, Grad_norm=0.0802, Final_scale=124.6724
🚀 APPLYING GUIDANCE at step 30 (timestep=666)
🎯 GUIDANCE STEP 30 (t=666): Loss=0.6226, Rho=9.101673, Grad_norm=0.1099, Final_scale=91.0167
🚀 APPLYING GUIDANCE at step 31 (timestep=647)
🎯 GUIDANCE STEP 31 (t=647): Loss=0.6177, Rho=19.856428, Grad_norm=0.0504, Final_scale=198.5643
🚀 APPLYING GUIDANCE at step 32 (timestep=627)
🎯 GUIDANCE STEP 32 (t=627): Loss=0.6191, Rho=16.919519, Grad_norm=0.0591, Final_scale=169.1952
🚀 APPLYING GUIDANCE at step 33 (timestep=606)
🎯 GUIDANCE STEP 33 (t=606): Loss=0.6196, Rho=15.720225, Grad_norm=0.0636, Final_scale=157.2023
🚀 APPLYING GUIDANCE at step 34 (timestep=585)
🎯 GUIDANCE STEP 34 (t=585): Loss=0.6187, Rho=14.450315, Grad_norm=0.0692, Final_scale=144.5031
🚀 APPLYING GUIDANCE at step 35 (timestep=562)
🎯 GUIDANCE STEP 35 (t=562): Loss=0.6221, Rho=15.744781, Grad_norm=0.0635, Final_scale=157.4478
🚀 APPLYING GUIDANCE at step 36 (timestep=538)
🎯 GUIDANCE STEP 36 (t=538): Loss=0.6221, Rho=21.339901, Grad_norm=0.0469, Final_scale=213.3990
🚀 APPLYING GUIDANCE at step 37 (timestep=512)
🎯 GUIDANCE STEP 37 (t=512): Loss=0.6211, Rho=14.335367, Grad_norm=0.0698, Final_scale=143.3537
🚀 APPLYING GUIDANCE at step 38 (timestep=486)
🎯 GUIDANCE STEP 38 (t=486): Loss=0.6221, Rho=12.079168, Grad_norm=0.0828, Final_scale=120.7917
🚀 APPLYING GUIDANCE at step 39 (timestep=458)
🎯 GUIDANCE STEP 39 (t=458): Loss=0.6226, Rho=23.509212, Grad_norm=0.0425, Final_scale=235.0921
🚀 APPLYING GUIDANCE at step 40 (timestep=428)
🎯 GUIDANCE STEP 40 (t=428): Loss=0.6221, Rho=5.091600, Grad_norm=0.1964, Final_scale=50.9160
🚀 APPLYING GUIDANCE at step 41 (timestep=396)
🎯 GUIDANCE STEP 41 (t=396): Loss=0.6191, Rho=22.751305, Grad_norm=0.0440, Final_scale=227.5130
🚀 APPLYING GUIDANCE at step 42 (timestep=363)
🎯 GUIDANCE STEP 42 (t=363): Loss=0.6191, Rho=32.735554, Grad_norm=0.0305, Final_scale=327.3555
🚀 APPLYING GUIDANCE at step 43 (timestep=327)
🎯 GUIDANCE STEP 43 (t=327): Loss=0.6167, Rho=23.122770, Grad_norm=0.0432, Final_scale=231.2277
🚀 APPLYING GUIDANCE at step 44 (timestep=290)
🎯 GUIDANCE STEP 44 (t=290): Loss=0.6177, Rho=17.295216, Grad_norm=0.0578, Final_scale=172.9522
🚀 APPLYING GUIDANCE at step 45 (timestep=249)
🎯 GUIDANCE STEP 45 (t=249): Loss=0.6128, Rho=27.185034, Grad_norm=0.0368, Final_scale=271.8503
🚀 APPLYING GUIDANCE at step 46 (timestep=206)
🎯 GUIDANCE STEP 46 (t=206): Loss=0.6113, Rho=11.263764, Grad_norm=0.0888, Final_scale=112.6376
🚀 APPLYING GUIDANCE at step 47 (timestep=160)
🎯 GUIDANCE STEP 47 (t=160): Loss=0.6104, Rho=11.901298, Grad_norm=0.0840, Final_scale=119.0130
🚀 APPLYING GUIDANCE at step 48 (timestep=111)
🎯 GUIDANCE STEP 48 (t=111): Loss=0.6074, Rho=14.329366, Grad_norm=0.0698, Final_scale=143.2937
🚀 APPLYING GUIDANCE at step 49 (timestep=57)
🎯 GUIDANCE STEP 49 (t=57): Loss=0.6025, Rho=17.296759, Grad_norm=0.0578, Final_scale=172.9676
[guidance_f33_s50_w8c6_rho10.0_cfg5.0_0701_1608] Generated: generated_videos/subject_consistency/guidance_f33_s50_w8c6_rho10.0_cfg5.0_0701_1608/a_dog_drinking_water.mp4
[guidance_f33_s50_w8c6_rho10.0_cfg5.0_0701_1608] Generating video 4/9 (guidance): a dog running happily
🎬 STARTING GUIDANCE PIPELINE GENERATION
   Frames: 33, Steps: 50, CFG Scale: 5.0

🔧 GUIDANCE PIPELINE CONFIGURATION:
   Guidance range: 0 - 1001
   Rho scale: 10.0
   V-JEPA kernel_size: 8
   V-JEPA context_length: 6
   V-JEPA stride: 2
   V-JEPA mode: max
   Total timesteps: 50

🚀 APPLYING GUIDANCE at step 0 (timestep=999)
🎯 GUIDANCE STEP 0 (t=999): Loss=0.6011, Rho=14.963950, Grad_norm=0.0668, Final_scale=149.6395
🚀 APPLYING GUIDANCE at step 1 (timestep=992)
🎯 GUIDANCE STEP 1 (t=992): Loss=0.5869, Rho=7.675626, Grad_norm=0.1303, Final_scale=76.7563
🚀 APPLYING GUIDANCE at step 2 (timestep=985)
🎯 GUIDANCE STEP 2 (t=985): Loss=0.5752, Rho=8.255434, Grad_norm=0.1211, Final_scale=82.5543
🚀 APPLYING GUIDANCE at step 3 (timestep=978)
🎯 GUIDANCE STEP 3 (t=978): Loss=0.5796, Rho=23.495260, Grad_norm=0.0426, Final_scale=234.9526
🚀 APPLYING GUIDANCE at step 4 (timestep=971)
🎯 GUIDANCE STEP 4 (t=971): Loss=0.5806, Rho=7.459023, Grad_norm=0.1341, Final_scale=74.5902
🚀 APPLYING GUIDANCE at step 5 (timestep=963)
🎯 GUIDANCE STEP 5 (t=963): Loss=0.5864, Rho=3.969372, Grad_norm=0.2519, Final_scale=39.6937
🚀 APPLYING GUIDANCE at step 6 (timestep=956)
🎯 GUIDANCE STEP 6 (t=956): Loss=0.5942, Rho=11.417542, Grad_norm=0.0876, Final_scale=114.1754
🚀 APPLYING GUIDANCE at step 7 (timestep=948)
🎯 GUIDANCE STEP 7 (t=948): Loss=0.5962, Rho=12.940991, Grad_norm=0.0773, Final_scale=129.4099
🚀 APPLYING GUIDANCE at step 8 (timestep=939)
🎯 GUIDANCE STEP 8 (t=939): Loss=0.5967, Rho=10.901468, Grad_norm=0.0917, Final_scale=109.0147
🚀 APPLYING GUIDANCE at step 9 (timestep=931)
🎯 GUIDANCE STEP 9 (t=931): Loss=0.5977, Rho=6.312048, Grad_norm=0.1584, Final_scale=63.1205
🚀 APPLYING GUIDANCE at step 10 (timestep=922)
🎯 GUIDANCE STEP 10 (t=922): Loss=0.6001, Rho=7.046482, Grad_norm=0.1419, Final_scale=70.4648
🚀 APPLYING GUIDANCE at step 11 (timestep=913)
🎯 GUIDANCE STEP 11 (t=913): Loss=0.6016, Rho=7.176482, Grad_norm=0.1393, Final_scale=71.7648
🚀 APPLYING GUIDANCE at step 12 (timestep=904)
🎯 GUIDANCE STEP 12 (t=904): Loss=0.6016, Rho=10.624063, Grad_norm=0.0941, Final_scale=106.2406
🚀 APPLYING GUIDANCE at step 13 (timestep=894)
🎯 GUIDANCE STEP 13 (t=894): Loss=0.6011, Rho=10.174704, Grad_norm=0.0983, Final_scale=101.7470
🚀 APPLYING GUIDANCE at step 14 (timestep=884)
🎯 GUIDANCE STEP 14 (t=884): Loss=0.6030, Rho=15.945177, Grad_norm=0.0627, Final_scale=159.4518
🚀 APPLYING GUIDANCE at step 15 (timestep=874)
🎯 GUIDANCE STEP 15 (t=874): Loss=0.6050, Rho=9.190469, Grad_norm=0.1088, Final_scale=91.9047
🚀 APPLYING GUIDANCE at step 16 (timestep=864)
🎯 GUIDANCE STEP 16 (t=864): Loss=0.5991, Rho=8.088788, Grad_norm=0.1236, Final_scale=80.8879
🚀 APPLYING GUIDANCE at step 17 (timestep=853)
🎯 GUIDANCE STEP 17 (t=853): Loss=0.5952, Rho=17.994987, Grad_norm=0.0556, Final_scale=179.9499
🚀 APPLYING GUIDANCE at step 18 (timestep=841)
🎯 GUIDANCE STEP 18 (t=841): Loss=0.5952, Rho=11.031681, Grad_norm=0.0906, Final_scale=110.3168
🚀 APPLYING GUIDANCE at step 19 (timestep=829)
🎯 GUIDANCE STEP 19 (t=829): Loss=0.5986, Rho=11.692887, Grad_norm=0.0855, Final_scale=116.9289
🚀 APPLYING GUIDANCE at step 20 (timestep=817)
🎯 GUIDANCE STEP 20 (t=817): Loss=0.5991, Rho=8.592804, Grad_norm=0.1164, Final_scale=85.9280
🚀 APPLYING GUIDANCE at step 21 (timestep=805)
🎯 GUIDANCE STEP 21 (t=805): Loss=0.6045, Rho=9.778917, Grad_norm=0.1023, Final_scale=97.7892
🚀 APPLYING GUIDANCE at step 22 (timestep=792)
🎯 GUIDANCE STEP 22 (t=792): Loss=0.5986, Rho=8.495066, Grad_norm=0.1177, Final_scale=84.9507
🚀 APPLYING GUIDANCE at step 23 (timestep=778)
🎯 GUIDANCE STEP 23 (t=778): Loss=0.6045, Rho=9.359424, Grad_norm=0.1068, Final_scale=93.5942
🚀 APPLYING GUIDANCE at step 24 (timestep=764)
🎯 GUIDANCE STEP 24 (t=764): Loss=0.5991, Rho=5.368281, Grad_norm=0.1863, Final_scale=53.6828
🚀 APPLYING GUIDANCE at step 25 (timestep=749)
🎯 GUIDANCE STEP 25 (t=749): Loss=0.5967, Rho=16.813854, Grad_norm=0.0595, Final_scale=168.1385
🚀 APPLYING GUIDANCE at step 26 (timestep=734)
🎯 GUIDANCE STEP 26 (t=734): Loss=0.5981, Rho=15.062672, Grad_norm=0.0664, Final_scale=150.6267
🚀 APPLYING GUIDANCE at step 27 (timestep=718)
🎯 GUIDANCE STEP 27 (t=718): Loss=0.5981, Rho=4.718088, Grad_norm=0.2120, Final_scale=47.1809
🚀 APPLYING GUIDANCE at step 28 (timestep=701)
🎯 GUIDANCE STEP 28 (t=701): Loss=0.5981, Rho=5.632338, Grad_norm=0.1775, Final_scale=56.3234
🚀 APPLYING GUIDANCE at step 29 (timestep=684)
🎯 GUIDANCE STEP 29 (t=684): Loss=0.5991, Rho=14.898586, Grad_norm=0.0671, Final_scale=148.9859
🚀 APPLYING GUIDANCE at step 30 (timestep=666)
🎯 GUIDANCE STEP 30 (t=666): Loss=0.5967, Rho=10.034632, Grad_norm=0.0997, Final_scale=100.3463
🚀 APPLYING GUIDANCE at step 31 (timestep=647)
🎯 GUIDANCE STEP 31 (t=647): Loss=0.5981, Rho=14.514587, Grad_norm=0.0689, Final_scale=145.1459
🚀 APPLYING GUIDANCE at step 32 (timestep=627)
🎯 GUIDANCE STEP 32 (t=627): Loss=0.6030, Rho=12.082215, Grad_norm=0.0828, Final_scale=120.8222
🚀 APPLYING GUIDANCE at step 33 (timestep=606)
🎯 GUIDANCE STEP 33 (t=606): Loss=0.5991, Rho=11.736423, Grad_norm=0.0852, Final_scale=117.3642
🚀 APPLYING GUIDANCE at step 34 (timestep=585)
🎯 GUIDANCE STEP 34 (t=585): Loss=0.5986, Rho=19.437107, Grad_norm=0.0514, Final_scale=194.3711
🚀 APPLYING GUIDANCE at step 35 (timestep=562)
🎯 GUIDANCE STEP 35 (t=562): Loss=0.5977, Rho=14.185817, Grad_norm=0.0705, Final_scale=141.8582
🚀 APPLYING GUIDANCE at step 36 (timestep=538)
🎯 GUIDANCE STEP 36 (t=538): Loss=0.5996, Rho=4.684141, Grad_norm=0.2135, Final_scale=46.8414
🚀 APPLYING GUIDANCE at step 37 (timestep=512)
🎯 GUIDANCE STEP 37 (t=512): Loss=0.5986, Rho=16.206970, Grad_norm=0.0617, Final_scale=162.0697
🚀 APPLYING GUIDANCE at step 38 (timestep=486)
🎯 GUIDANCE STEP 38 (t=486): Loss=0.5991, Rho=24.475573, Grad_norm=0.0409, Final_scale=244.7557
🚀 APPLYING GUIDANCE at step 39 (timestep=458)
🎯 GUIDANCE STEP 39 (t=458): Loss=0.5981, Rho=29.722178, Grad_norm=0.0336, Final_scale=297.2218
🚀 APPLYING GUIDANCE at step 40 (timestep=428)
🎯 GUIDANCE STEP 40 (t=428): Loss=0.6001, Rho=19.457256, Grad_norm=0.0514, Final_scale=194.5726
🚀 APPLYING GUIDANCE at step 41 (timestep=396)
🎯 GUIDANCE STEP 41 (t=396): Loss=0.5967, Rho=9.479911, Grad_norm=0.1055, Final_scale=94.7991
🚀 APPLYING GUIDANCE at step 42 (timestep=363)
🎯 GUIDANCE STEP 42 (t=363): Loss=0.5996, Rho=15.873112, Grad_norm=0.0630, Final_scale=158.7311
🚀 APPLYING GUIDANCE at step 43 (timestep=327)
🎯 GUIDANCE STEP 43 (t=327): Loss=0.5981, Rho=3.309460, Grad_norm=0.3022, Final_scale=33.0946
🚀 APPLYING GUIDANCE at step 44 (timestep=290)
🎯 GUIDANCE STEP 44 (t=290): Loss=0.5981, Rho=29.898252, Grad_norm=0.0334, Final_scale=298.9825
🚀 APPLYING GUIDANCE at step 45 (timestep=249)
🎯 GUIDANCE STEP 45 (t=249): Loss=0.6001, Rho=6.932374, Grad_norm=0.1443, Final_scale=69.3237
🚀 APPLYING GUIDANCE at step 46 (timestep=206)
🎯 GUIDANCE STEP 46 (t=206): Loss=0.5986, Rho=10.974428, Grad_norm=0.0911, Final_scale=109.7443
🚀 APPLYING GUIDANCE at step 47 (timestep=160)
🎯 GUIDANCE STEP 47 (t=160): Loss=0.5996, Rho=16.543913, Grad_norm=0.0604, Final_scale=165.4391
🚀 APPLYING GUIDANCE at step 48 (timestep=111)
🎯 GUIDANCE STEP 48 (t=111): Loss=0.5967, Rho=9.121840, Grad_norm=0.1096, Final_scale=91.2184
🚀 APPLYING GUIDANCE at step 49 (timestep=57)
🎯 GUIDANCE STEP 49 (t=57): Loss=0.6006, Rho=9.322741, Grad_norm=0.1073, Final_scale=93.2274
[guidance_f33_s50_w8c6_rho10.0_cfg5.0_0701_1608] Generated: generated_videos/subject_consistency/guidance_f33_s50_w8c6_rho10.0_cfg5.0_0701_1608/a_cow_running_to_join_a_herd_of_its_kind.mp4
[guidance_f33_s50_w8c6_rho10.0_cfg5.0_0701_1608] Generating video 6/9 (guidance): an elephant spraying itself with water using its trunk to cool down
🎬 STARTING GUIDANCE PIPELINE GENERATION
   Frames: 33, Steps: 50, CFG Scale: 5.0

🔧 GUIDANCE PIPELINE CONFIGURATION:
   Guidance range: 0 - 1001
   Rho scale: 10.0
   V-JEPA kernel_size: 8
   V-JEPA context_length: 6
   V-JEPA stride: 2
   V-JEPA mode: max
   Total timesteps: 50

🚀 APPLYING GUIDANCE at step 0 (timestep=999)
🎯 GUIDANCE STEP 0 (t=999): Loss=0.5889, Rho=11.050870, Grad_norm=0.0905, Final_scale=110.5087
🚀 APPLYING GUIDANCE at step 1 (timestep=992)
🎯 GUIDANCE STEP 1 (t=992): Loss=0.5864, Rho=4.504757, Grad_norm=0.2220, Final_scale=45.0476
🚀 APPLYING GUIDANCE at step 2 (timestep=985)
🎯 GUIDANCE STEP 2 (t=985): Loss=0.5713, Rho=13.308132, Grad_norm=0.0751, Final_scale=133.0813
🚀 APPLYING GUIDANCE at step 3 (timestep=978)
🎯 GUIDANCE STEP 3 (t=978): Loss=0.5776, Rho=13.310893, Grad_norm=0.0751, Final_scale=133.1089
🚀 APPLYING GUIDANCE at step 4 (timestep=971)
🎯 GUIDANCE STEP 4 (t=971): Loss=0.5806, Rho=3.959644, Grad_norm=0.2525, Final_scale=39.5964
🚀 APPLYING GUIDANCE at step 5 (timestep=963)
🎯 GUIDANCE STEP 5 (t=963): Loss=0.5898, Rho=11.390889, Grad_norm=0.0878, Final_scale=113.9089
🚀 APPLYING GUIDANCE at step 6 (timestep=956)
🎯 GUIDANCE STEP 6 (t=956): Loss=0.5898, Rho=6.483719, Grad_norm=0.1542, Final_scale=64.8372
🚀 APPLYING GUIDANCE at step 7 (timestep=948)
🎯 GUIDANCE STEP 7 (t=948): Loss=0.6104, Rho=3.576600, Grad_norm=0.2796, Final_scale=35.7660
🚀 APPLYING GUIDANCE at step 8 (timestep=939)
🎯 GUIDANCE STEP 8 (t=939): Loss=0.6084, Rho=4.955787, Grad_norm=0.2018, Final_scale=49.5579
🚀 APPLYING GUIDANCE at step 9 (timestep=931)
🎯 GUIDANCE STEP 9 (t=931): Loss=0.6084, Rho=4.378621, Grad_norm=0.2284, Final_scale=43.7862
🚀 APPLYING GUIDANCE at step 10 (timestep=922)
🎯 GUIDANCE STEP 10 (t=922): Loss=0.6177, Rho=3.831667, Grad_norm=0.2610, Final_scale=38.3167
🚀 APPLYING GUIDANCE at step 11 (timestep=913)
🎯 GUIDANCE STEP 11 (t=913): Loss=0.6211, Rho=4.171382, Grad_norm=0.2397, Final_scale=41.7138
🚀 APPLYING GUIDANCE at step 12 (timestep=904)
🎯 GUIDANCE STEP 12 (t=904): Loss=0.6279, Rho=3.847684, Grad_norm=0.2599, Final_scale=38.4768
🚀 APPLYING GUIDANCE at step 13 (timestep=894)
🎯 GUIDANCE STEP 13 (t=894): Loss=0.6284, Rho=4.017456, Grad_norm=0.2489, Final_scale=40.1746
🚀 APPLYING GUIDANCE at step 14 (timestep=884)
🎯 GUIDANCE STEP 14 (t=884): Loss=0.6377, Rho=5.135037, Grad_norm=0.1947, Final_scale=51.3504
🚀 APPLYING GUIDANCE at step 15 (timestep=874)
🎯 GUIDANCE STEP 15 (t=874): Loss=0.6260, Rho=5.576704, Grad_norm=0.1793, Final_scale=55.7670
🚀 APPLYING GUIDANCE at step 16 (timestep=864)
🎯 GUIDANCE STEP 16 (t=864): Loss=0.6357, Rho=4.613517, Grad_norm=0.2168, Final_scale=46.1352
🚀 APPLYING GUIDANCE at step 17 (timestep=853)
🎯 GUIDANCE STEP 17 (t=853): Loss=0.6416, Rho=5.551284, Grad_norm=0.1801, Final_scale=55.5128
🚀 APPLYING GUIDANCE at step 18 (timestep=841)
🎯 GUIDANCE STEP 18 (t=841): Loss=0.6392, Rho=7.548169, Grad_norm=0.1325, Final_scale=75.4817
🚀 APPLYING GUIDANCE at step 19 (timestep=829)
🎯 GUIDANCE STEP 19 (t=829): Loss=0.6382, Rho=6.114685, Grad_norm=0.1635, Final_scale=61.1468
🚀 APPLYING GUIDANCE at step 20 (timestep=817)
🎯 GUIDANCE STEP 20 (t=817): Loss=0.6416, Rho=9.411027, Grad_norm=0.1063, Final_scale=94.1103
🚀 APPLYING GUIDANCE at step 21 (timestep=805)
🎯 GUIDANCE STEP 21 (t=805): Loss=0.6348, Rho=6.281887, Grad_norm=0.1592, Final_scale=62.8189
🚀 APPLYING GUIDANCE at step 22 (timestep=792)
🎯 GUIDANCE STEP 22 (t=792): Loss=0.6343, Rho=3.676331, Grad_norm=0.2720, Final_scale=36.7633
🚀 APPLYING GUIDANCE at step 23 (timestep=778)
🎯 GUIDANCE STEP 23 (t=778): Loss=0.6396, Rho=9.743132, Grad_norm=0.1026, Final_scale=97.4313
🚀 APPLYING GUIDANCE at step 24 (timestep=764)
🎯 GUIDANCE STEP 24 (t=764): Loss=0.6445, Rho=11.417864, Grad_norm=0.0876, Final_scale=114.1786
🚀 APPLYING GUIDANCE at step 25 (timestep=749)
🎯 GUIDANCE STEP 25 (t=749): Loss=0.6421, Rho=9.027713, Grad_norm=0.1108, Final_scale=90.2771
🚀 APPLYING GUIDANCE at step 26 (timestep=734)
🎯 GUIDANCE STEP 26 (t=734): Loss=0.6411, Rho=14.067758, Grad_norm=0.0711, Final_scale=140.6776
🚀 APPLYING GUIDANCE at step 27 (timestep=718)
🎯 GUIDANCE STEP 27 (t=718): Loss=0.6455, Rho=11.520504, Grad_norm=0.0868, Final_scale=115.2050
🚀 APPLYING GUIDANCE at step 28 (timestep=701)
🎯 GUIDANCE STEP 28 (t=701): Loss=0.6421, Rho=12.782168, Grad_norm=0.0782, Final_scale=127.8217
🚀 APPLYING GUIDANCE at step 29 (timestep=684)
🎯 GUIDANCE STEP 29 (t=684): Loss=0.6392, Rho=18.991793, Grad_norm=0.0527, Final_scale=189.9179
🚀 APPLYING GUIDANCE at step 30 (timestep=666)
🎯 GUIDANCE STEP 30 (t=666): Loss=0.6411, Rho=9.256282, Grad_norm=0.1080, Final_scale=92.5628
🚀 APPLYING GUIDANCE at step 31 (timestep=647)
🎯 GUIDANCE STEP 31 (t=647): Loss=0.6406, Rho=14.351776, Grad_norm=0.0697, Final_scale=143.5178
🚀 APPLYING GUIDANCE at step 32 (timestep=627)
🎯 GUIDANCE STEP 32 (t=627): Loss=0.6401, Rho=11.567477, Grad_norm=0.0864, Final_scale=115.6748
🚀 APPLYING GUIDANCE at step 33 (timestep=606)
🎯 GUIDANCE STEP 33 (t=606): Loss=0.6387, Rho=14.678427, Grad_norm=0.0681, Final_scale=146.7843
🚀 APPLYING GUIDANCE at step 34 (timestep=585)
🎯 GUIDANCE STEP 34 (t=585): Loss=0.6348, Rho=10.386156, Grad_norm=0.0963, Final_scale=103.8616
🚀 APPLYING GUIDANCE at step 35 (timestep=562)
🎯 GUIDANCE STEP 35 (t=562): Loss=0.6353, Rho=20.830599, Grad_norm=0.0480, Final_scale=208.3060
🚀 APPLYING GUIDANCE at step 36 (timestep=538)
🎯 GUIDANCE STEP 36 (t=538): Loss=0.6304, Rho=15.771699, Grad_norm=0.0634, Final_scale=157.7170
🚀 APPLYING GUIDANCE at step 37 (timestep=512)
🎯 GUIDANCE STEP 37 (t=512): Loss=0.6318, Rho=30.392506, Grad_norm=0.0329, Final_scale=303.9251
🚀 APPLYING GUIDANCE at step 38 (timestep=486)
🎯 GUIDANCE STEP 38 (t=486): Loss=0.6362, Rho=20.004230, Grad_norm=0.0500, Final_scale=200.0423
🚀 APPLYING GUIDANCE at step 39 (timestep=458)
🎯 GUIDANCE STEP 39 (t=458): Loss=0.6328, Rho=18.763317, Grad_norm=0.0533, Final_scale=187.6332
🚀 APPLYING GUIDANCE at step 40 (timestep=428)
🎯 GUIDANCE STEP 40 (t=428): Loss=0.6313, Rho=20.855152, Grad_norm=0.0479, Final_scale=208.5515
🚀 APPLYING GUIDANCE at step 41 (timestep=396)
🎯 GUIDANCE STEP 41 (t=396): Loss=0.6318, Rho=36.595387, Grad_norm=0.0273, Final_scale=365.9539
🚀 APPLYING GUIDANCE at step 42 (timestep=363)
🎯 GUIDANCE STEP 42 (t=363): Loss=0.6299, Rho=16.948780, Grad_norm=0.0590, Final_scale=169.4878
🚀 APPLYING GUIDANCE at step 43 (timestep=327)
🎯 GUIDANCE STEP 43 (t=327): Loss=0.6299, Rho=38.225273, Grad_norm=0.0262, Final_scale=382.2527
🚀 APPLYING GUIDANCE at step 44 (timestep=290)
🎯 GUIDANCE STEP 44 (t=290): Loss=0.6313, Rho=22.970625, Grad_norm=0.0435, Final_scale=229.7062
🚀 APPLYING GUIDANCE at step 45 (timestep=249)
🎯 GUIDANCE STEP 45 (t=249): Loss=0.6289, Rho=27.898413, Grad_norm=0.0358, Final_scale=278.9841
🚀 APPLYING GUIDANCE at step 46 (timestep=206)
🎯 GUIDANCE STEP 46 (t=206): Loss=0.6284, Rho=19.441626, Grad_norm=0.0514, Final_scale=194.4163
🚀 APPLYING GUIDANCE at step 47 (timestep=160)
🎯 GUIDANCE STEP 47 (t=160): Loss=0.6270, Rho=24.572924, Grad_norm=0.0407, Final_scale=245.7292
🚀 APPLYING GUIDANCE at step 48 (timestep=111)
🎯 GUIDANCE STEP 48 (t=111): Loss=0.6279, Rho=11.277667, Grad_norm=0.0887, Final_scale=112.7767
🚀 APPLYING GUIDANCE at step 49 (timestep=57)
🎯 GUIDANCE STEP 49 (t=57): Loss=0.6279, Rho=6.371637, Grad_norm=0.1569, Final_scale=63.7164
[guidance_f33_s50_w8c6_rho10.0_cfg5.0_0701_1608] Generated: generated_videos/subject_consistency/guidance_f33_s50_w8c6_rho10.0_cfg5.0_0701_1608/a_zebra_running_to_join_a_herd_of_its_kind.mp4
[guidance_f33_s50_w8c6_rho10.0_cfg5.0_0701_1608] Generating video 6/9 (guidance): a zebra taking a peaceful walk
🎬 STARTING GUIDANCE PIPELINE GENERATION
   Frames: 33, Steps: 50, CFG Scale: 5.0

🔧 GUIDANCE PIPELINE CONFIGURATION:
   Guidance range: 0 - 1001
   Rho scale: 10.0
   V-JEPA kernel_size: 8
   V-JEPA context_length: 6
   V-JEPA stride: 2
   V-JEPA mode: max
   Total timesteps: 50

🚀 APPLYING GUIDANCE at step 0 (timestep=999)
🎯 GUIDANCE STEP 0 (t=999): Loss=0.5664, Rho=9.988720, Grad_norm=0.1001, Final_scale=99.8872
🚀 APPLYING GUIDANCE at step 1 (timestep=992)
🎯 GUIDANCE STEP 1 (t=992): Loss=0.5981, Rho=14.891621, Grad_norm=0.0672, Final_scale=148.9162
🚀 APPLYING GUIDANCE at step 2 (timestep=985)
🎯 GUIDANCE STEP 2 (t=985): Loss=0.6079, Rho=3.720337, Grad_norm=0.2688, Final_scale=37.2034
🚀 APPLYING GUIDANCE at step 3 (timestep=978)
🎯 GUIDANCE STEP 3 (t=978): Loss=0.5952, Rho=4.402866, Grad_norm=0.2271, Final_scale=44.0287
🚀 APPLYING GUIDANCE at step 4 (timestep=971)
🎯 GUIDANCE STEP 4 (t=971): Loss=0.6167, Rho=10.273658, Grad_norm=0.0973, Final_scale=102.7366
🚀 APPLYING GUIDANCE at step 5 (timestep=963)
🎯 GUIDANCE STEP 5 (t=963): Loss=0.6138, Rho=9.128350, Grad_norm=0.1095, Final_scale=91.2835
🚀 APPLYING GUIDANCE at step 6 (timestep=956)
🎯 GUIDANCE STEP 6 (t=956): Loss=0.6216, Rho=20.082573, Grad_norm=0.0498, Final_scale=200.8257
🚀 APPLYING GUIDANCE at step 7 (timestep=948)
🎯 GUIDANCE STEP 7 (t=948): Loss=0.6274, Rho=16.345779, Grad_norm=0.0612, Final_scale=163.4578
🚀 APPLYING GUIDANCE at step 8 (timestep=939)
🎯 GUIDANCE STEP 8 (t=939): Loss=0.6255, Rho=20.155647, Grad_norm=0.0496, Final_scale=201.5565
🚀 APPLYING GUIDANCE at step 9 (timestep=931)
🎯 GUIDANCE STEP 9 (t=931): Loss=0.6162, Rho=3.168546, Grad_norm=0.3156, Final_scale=31.6855
🚀 APPLYING GUIDANCE at step 10 (timestep=922)
🎯 GUIDANCE STEP 10 (t=922): Loss=0.6230, Rho=2.938671, Grad_norm=0.3403, Final_scale=29.3867
🚀 APPLYING GUIDANCE at step 11 (timestep=913)
🎯 GUIDANCE STEP 11 (t=913): Loss=0.6270, Rho=20.465471, Grad_norm=0.0489, Final_scale=204.6547
🚀 APPLYING GUIDANCE at step 12 (timestep=904)
🎯 GUIDANCE STEP 12 (t=904): Loss=0.6274, Rho=14.718120, Grad_norm=0.0679, Final_scale=147.1812
🚀 APPLYING GUIDANCE at step 13 (timestep=894)
🎯 GUIDANCE STEP 13 (t=894): Loss=0.6265, Rho=8.504418, Grad_norm=0.1176, Final_scale=85.0442
🚀 APPLYING GUIDANCE at step 14 (timestep=884)
🎯 GUIDANCE STEP 14 (t=884): Loss=0.6299, Rho=18.257404, Grad_norm=0.0548, Final_scale=182.5740
🚀 APPLYING GUIDANCE at step 15 (timestep=874)
🎯 GUIDANCE STEP 15 (t=874): Loss=0.6279, Rho=12.013065, Grad_norm=0.0832, Final_scale=120.1307
🚀 APPLYING GUIDANCE at step 16 (timestep=864)
🎯 GUIDANCE STEP 16 (t=864): Loss=0.6235, Rho=12.338463, Grad_norm=0.0810, Final_scale=123.3846
🚀 APPLYING GUIDANCE at step 17 (timestep=853)
🎯 GUIDANCE STEP 17 (t=853): Loss=0.6309, Rho=17.433430, Grad_norm=0.0574, Final_scale=174.3343
🚀 APPLYING GUIDANCE at step 18 (timestep=841)
🎯 GUIDANCE STEP 18 (t=841): Loss=0.6265, Rho=21.051470, Grad_norm=0.0475, Final_scale=210.5147
🚀 APPLYING GUIDANCE at step 19 (timestep=829)
🎯 GUIDANCE STEP 19 (t=829): Loss=0.6279, Rho=13.708072, Grad_norm=0.0729, Final_scale=137.0807
🚀 APPLYING GUIDANCE at step 20 (timestep=817)
🎯 GUIDANCE STEP 20 (t=817): Loss=0.6235, Rho=11.907307, Grad_norm=0.0840, Final_scale=119.0731
🚀 APPLYING GUIDANCE at step 21 (timestep=805)
🎯 GUIDANCE STEP 21 (t=805): Loss=0.6260, Rho=14.819222, Grad_norm=0.0675, Final_scale=148.1922
🚀 APPLYING GUIDANCE at step 22 (timestep=792)
🎯 GUIDANCE STEP 22 (t=792): Loss=0.6260, Rho=18.786104, Grad_norm=0.0532, Final_scale=187.8610
🚀 APPLYING GUIDANCE at step 23 (timestep=778)
🎯 GUIDANCE STEP 23 (t=778): Loss=0.6250, Rho=6.683692, Grad_norm=0.1496, Final_scale=66.8369
🚀 APPLYING GUIDANCE at step 24 (timestep=764)
🎯 GUIDANCE STEP 24 (t=764): Loss=0.6245, Rho=19.394028, Grad_norm=0.0516, Final_scale=193.9403
🚀 APPLYING GUIDANCE at step 25 (timestep=749)
🎯 GUIDANCE STEP 25 (t=749): Loss=0.6250, Rho=16.581341, Grad_norm=0.0603, Final_scale=165.8134
🚀 APPLYING GUIDANCE at step 26 (timestep=734)
🎯 GUIDANCE STEP 26 (t=734): Loss=0.6201, Rho=33.100582, Grad_norm=0.0302, Final_scale=331.0058
🚀 APPLYING GUIDANCE at step 27 (timestep=718)
🎯 GUIDANCE STEP 27 (t=718): Loss=0.6255, Rho=11.847318, Grad_norm=0.0844, Final_scale=118.4732
🚀 APPLYING GUIDANCE at step 28 (timestep=701)
🎯 GUIDANCE STEP 28 (t=701): Loss=0.6201, Rho=18.785971, Grad_norm=0.0532, Final_scale=187.8597
🚀 APPLYING GUIDANCE at step 29 (timestep=684)
🎯 GUIDANCE STEP 29 (t=684): Loss=0.6260, Rho=29.946693, Grad_norm=0.0334, Final_scale=299.4669
🚀 APPLYING GUIDANCE at step 30 (timestep=666)
🎯 GUIDANCE STEP 30 (t=666): Loss=0.6265, Rho=7.942264, Grad_norm=0.1259, Final_scale=79.4226
🚀 APPLYING GUIDANCE at step 31 (timestep=647)
🎯 GUIDANCE STEP 31 (t=647): Loss=0.6270, Rho=11.619315, Grad_norm=0.0861, Final_scale=116.1932
🚀 APPLYING GUIDANCE at step 32 (timestep=627)
🎯 GUIDANCE STEP 32 (t=627): Loss=0.6250, Rho=28.895639, Grad_norm=0.0346, Final_scale=288.9564
🚀 APPLYING GUIDANCE at step 33 (timestep=606)
🎯 GUIDANCE STEP 33 (t=606): Loss=0.6245, Rho=18.253674, Grad_norm=0.0548, Final_scale=182.5367
🚀 APPLYING GUIDANCE at step 34 (timestep=585)
🎯 GUIDANCE STEP 34 (t=585): Loss=0.6250, Rho=13.893138, Grad_norm=0.0720, Final_scale=138.9314
🚀 APPLYING GUIDANCE at step 35 (timestep=562)
🎯 GUIDANCE STEP 35 (t=562): Loss=0.6250, Rho=25.078699, Grad_norm=0.0399, Final_scale=250.7870
🚀 APPLYING GUIDANCE at step 36 (timestep=538)
🎯 GUIDANCE STEP 36 (t=538): Loss=0.6274, Rho=35.948494, Grad_norm=0.0278, Final_scale=359.4849
🚀 APPLYING GUIDANCE at step 37 (timestep=512)
🎯 GUIDANCE STEP 37 (t=512): Loss=0.6260, Rho=18.674059, Grad_norm=0.0536, Final_scale=186.7406
🚀 APPLYING GUIDANCE at step 38 (timestep=486)
🎯 GUIDANCE STEP 38 (t=486): Loss=0.6245, Rho=35.324593, Grad_norm=0.0283, Final_scale=353.2459
🚀 APPLYING GUIDANCE at step 39 (timestep=458)
🎯 GUIDANCE STEP 39 (t=458): Loss=0.6235, Rho=10.772024, Grad_norm=0.0928, Final_scale=107.7202
🚀 APPLYING GUIDANCE at step 40 (timestep=428)
🎯 GUIDANCE STEP 40 (t=428): Loss=0.6240, Rho=15.596261, Grad_norm=0.0641, Final_scale=155.9626
🚀 APPLYING GUIDANCE at step 41 (timestep=396)
🎯 GUIDANCE STEP 41 (t=396): Loss=0.6245, Rho=13.975356, Grad_norm=0.0716, Final_scale=139.7536
🚀 APPLYING GUIDANCE at step 42 (timestep=363)
🎯 GUIDANCE STEP 42 (t=363): Loss=0.6260, Rho=18.976713, Grad_norm=0.0527, Final_scale=189.7671
🚀 APPLYING GUIDANCE at step 43 (timestep=327)
🎯 GUIDANCE STEP 43 (t=327): Loss=0.6245, Rho=3.640287, Grad_norm=0.2747, Final_scale=36.4029
🚀 APPLYING GUIDANCE at step 44 (timestep=290)
🎯 GUIDANCE STEP 44 (t=290): Loss=0.6230, Rho=28.428389, Grad_norm=0.0352, Final_scale=284.2839
🚀 APPLYING GUIDANCE at step 45 (timestep=249)
🎯 GUIDANCE STEP 45 (t=249): Loss=0.6289, Rho=17.185522, Grad_norm=0.0582, Final_scale=171.8552
🚀 APPLYING GUIDANCE at step 46 (timestep=206)
🎯 GUIDANCE STEP 46 (t=206): Loss=0.6270, Rho=15.787817, Grad_norm=0.0633, Final_scale=157.8782
🚀 APPLYING GUIDANCE at step 47 (timestep=160)
🎯 GUIDANCE STEP 47 (t=160): Loss=0.6240, Rho=35.568783, Grad_norm=0.0281, Final_scale=355.6878
🚀 APPLYING GUIDANCE at step 48 (timestep=111)
🎯 GUIDANCE STEP 48 (t=111): Loss=0.6274, Rho=16.678816, Grad_norm=0.0600, Final_scale=166.7882
🚀 APPLYING GUIDANCE at step 49 (timestep=57)
🎯 GUIDANCE STEP 49 (t=57): Loss=0.6216, Rho=11.437736, Grad_norm=0.0874, Final_scale=114.3774
[guidance_f33_s50_w8c6_rho10.0_cfg5.0_0701_1608] Generated: generated_videos/subject_consistency/guidance_f33_s50_w8c6_rho10.0_cfg5.0_0701_1608/a_car_slowing_down_to_stop.mp4
[guidance_f33_s50_w8c6_rho10.0_cfg5.0_0701_1608] Generating video 6/9 (guidance): a car accelerating to gain speed
🎬 STARTING GUIDANCE PIPELINE GENERATION
   Frames: 33, Steps: 50, CFG Scale: 5.0

🔧 GUIDANCE PIPELINE CONFIGURATION:
   Guidance range: 0 - 1001
   Rho scale: 10.0
   V-JEPA kernel_size: 8
   V-JEPA context_length: 6
   V-JEPA stride: 2
   V-JEPA mode: max
   Total timesteps: 50

🚀 APPLYING GUIDANCE at step 0 (timestep=999)
🎯 GUIDANCE STEP 0 (t=999): Loss=0.5513, Rho=24.819427, Grad_norm=0.0403, Final_scale=248.1943
🚀 APPLYING GUIDANCE at step 1 (timestep=992)
🎯 GUIDANCE STEP 1 (t=992): Loss=0.5894, Rho=6.063148, Grad_norm=0.1649, Final_scale=60.6315
🚀 APPLYING GUIDANCE at step 2 (timestep=985)
🎯 GUIDANCE STEP 2 (t=985): Loss=0.6064, Rho=16.514011, Grad_norm=0.0606, Final_scale=165.1401
🚀 APPLYING GUIDANCE at step 3 (timestep=978)
🎯 GUIDANCE STEP 3 (t=978): Loss=0.6060, Rho=9.135324, Grad_norm=0.1095, Final_scale=91.3532
🚀 APPLYING GUIDANCE at step 4 (timestep=971)
🎯 GUIDANCE STEP 4 (t=971): Loss=0.6089, Rho=14.616551, Grad_norm=0.0684, Final_scale=146.1655
🚀 APPLYING GUIDANCE at step 5 (timestep=963)
🎯 GUIDANCE STEP 5 (t=963): Loss=0.6128, Rho=9.887764, Grad_norm=0.1011, Final_scale=98.8776
🚀 APPLYING GUIDANCE at step 6 (timestep=956)
🎯 GUIDANCE STEP 6 (t=956): Loss=0.6128, Rho=12.869669, Grad_norm=0.0777, Final_scale=128.6967
🚀 APPLYING GUIDANCE at step 7 (timestep=948)
🎯 GUIDANCE STEP 7 (t=948): Loss=0.6104, Rho=4.360657, Grad_norm=0.2293, Final_scale=43.6066
🚀 APPLYING GUIDANCE at step 8 (timestep=939)
🎯 GUIDANCE STEP 8 (t=939): Loss=0.6104, Rho=17.363335, Grad_norm=0.0576, Final_scale=173.6333
🚀 APPLYING GUIDANCE at step 9 (timestep=931)
🎯 GUIDANCE STEP 9 (t=931): Loss=0.6133, Rho=12.442277, Grad_norm=0.0804, Final_scale=124.4228
🚀 APPLYING GUIDANCE at step 10 (timestep=922)
🎯 GUIDANCE STEP 10 (t=922): Loss=0.6216, Rho=17.522346, Grad_norm=0.0571, Final_scale=175.2235
🚀 APPLYING GUIDANCE at step 11 (timestep=913)
🎯 GUIDANCE STEP 11 (t=913): Loss=0.6177, Rho=9.608448, Grad_norm=0.1041, Final_scale=96.0845
🚀 APPLYING GUIDANCE at step 12 (timestep=904)
🎯 GUIDANCE STEP 12 (t=904): Loss=0.6162, Rho=18.109510, Grad_norm=0.0552, Final_scale=181.0951
🚀 APPLYING GUIDANCE at step 13 (timestep=894)
🎯 GUIDANCE STEP 13 (t=894): Loss=0.6167, Rho=15.984474, Grad_norm=0.0626, Final_scale=159.8447
🚀 APPLYING GUIDANCE at step 14 (timestep=884)
🎯 GUIDANCE STEP 14 (t=884): Loss=0.6177, Rho=21.308493, Grad_norm=0.0469, Final_scale=213.0849
🚀 APPLYING GUIDANCE at step 15 (timestep=874)
🎯 GUIDANCE STEP 15 (t=874): Loss=0.6182, Rho=11.475812, Grad_norm=0.0871, Final_scale=114.7581
🚀 APPLYING GUIDANCE at step 16 (timestep=864)
🎯 GUIDANCE STEP 16 (t=864): Loss=0.6172, Rho=14.512085, Grad_norm=0.0689, Final_scale=145.1208
🚀 APPLYING GUIDANCE at step 17 (timestep=853)
🎯 GUIDANCE STEP 17 (t=853): Loss=0.6201, Rho=19.531040, Grad_norm=0.0512, Final_scale=195.3104
🚀 APPLYING GUIDANCE at step 18 (timestep=841)
🎯 GUIDANCE STEP 18 (t=841): Loss=0.6201, Rho=15.859704, Grad_norm=0.0631, Final_scale=158.5970
🚀 APPLYING GUIDANCE at step 19 (timestep=829)
🎯 GUIDANCE STEP 19 (t=829): Loss=0.6226, Rho=11.398590, Grad_norm=0.0877, Final_scale=113.9859
🚀 APPLYING GUIDANCE at step 20 (timestep=817)
🎯 GUIDANCE STEP 20 (t=817): Loss=0.6187, Rho=15.940596, Grad_norm=0.0627, Final_scale=159.4060
🚀 APPLYING GUIDANCE at step 21 (timestep=805)
🎯 GUIDANCE STEP 21 (t=805): Loss=0.6201, Rho=10.086331, Grad_norm=0.0991, Final_scale=100.8633
🚀 APPLYING GUIDANCE at step 22 (timestep=792)
🎯 GUIDANCE STEP 22 (t=792): Loss=0.6177, Rho=6.537680, Grad_norm=0.1530, Final_scale=65.3768
🚀 APPLYING GUIDANCE at step 23 (timestep=778)
🎯 GUIDANCE STEP 23 (t=778): Loss=0.6255, Rho=6.679911, Grad_norm=0.1497, Final_scale=66.7991
🚀 APPLYING GUIDANCE at step 24 (timestep=764)
🎯 GUIDANCE STEP 24 (t=764): Loss=0.6230, Rho=19.876764, Grad_norm=0.0503, Final_scale=198.7676
🚀 APPLYING GUIDANCE at step 25 (timestep=749)
🎯 GUIDANCE STEP 25 (t=749): Loss=0.6216, Rho=25.461197, Grad_norm=0.0393, Final_scale=254.6120
🚀 APPLYING GUIDANCE at step 26 (timestep=734)
🎯 GUIDANCE STEP 26 (t=734): Loss=0.6230, Rho=22.161200, Grad_norm=0.0451, Final_scale=221.6120
🚀 APPLYING GUIDANCE at step 27 (timestep=718)
🎯 GUIDANCE STEP 27 (t=718): Loss=0.6201, Rho=23.047905, Grad_norm=0.0434, Final_scale=230.4790
🚀 APPLYING GUIDANCE at step 28 (timestep=701)
🎯 GUIDANCE STEP 28 (t=701): Loss=0.6216, Rho=10.872139, Grad_norm=0.0920, Final_scale=108.7214
🚀 APPLYING GUIDANCE at step 29 (timestep=684)
🎯 GUIDANCE STEP 29 (t=684): Loss=0.6167, Rho=16.339506, Grad_norm=0.0612, Final_scale=163.3951
🚀 APPLYING GUIDANCE at step 30 (timestep=666)
🎯 GUIDANCE STEP 30 (t=666): Loss=0.6187, Rho=17.847847, Grad_norm=0.0560, Final_scale=178.4785
🚀 APPLYING GUIDANCE at step 31 (timestep=647)
🎯 GUIDANCE STEP 31 (t=647): Loss=0.6177, Rho=28.644518, Grad_norm=0.0349, Final_scale=286.4452
🚀 APPLYING GUIDANCE at step 32 (timestep=627)
🎯 GUIDANCE STEP 32 (t=627): Loss=0.6216, Rho=18.009518, Grad_norm=0.0555, Final_scale=180.0952
🚀 APPLYING GUIDANCE at step 33 (timestep=606)
🎯 GUIDANCE STEP 33 (t=606): Loss=0.6167, Rho=19.590229, Grad_norm=0.0510, Final_scale=195.9023
🚀 APPLYING GUIDANCE at step 34 (timestep=585)
🎯 GUIDANCE STEP 34 (t=585): Loss=0.6206, Rho=15.764071, Grad_norm=0.0634, Final_scale=157.6407
🚀 APPLYING GUIDANCE at step 35 (timestep=562)
🎯 GUIDANCE STEP 35 (t=562): Loss=0.6211, Rho=14.303425, Grad_norm=0.0699, Final_scale=143.0342
🚀 APPLYING GUIDANCE at step 36 (timestep=538)
🎯 GUIDANCE STEP 36 (t=538): Loss=0.6191, Rho=19.672955, Grad_norm=0.0508, Final_scale=196.7295
🚀 APPLYING GUIDANCE at step 37 (timestep=512)
🎯 GUIDANCE STEP 37 (t=512): Loss=0.6206, Rho=19.804293, Grad_norm=0.0505, Final_scale=198.0429
🚀 APPLYING GUIDANCE at step 38 (timestep=486)
🎯 GUIDANCE STEP 38 (t=486): Loss=0.6201, Rho=15.630014, Grad_norm=0.0640, Final_scale=156.3001
🚀 APPLYING GUIDANCE at step 39 (timestep=458)
🎯 GUIDANCE STEP 39 (t=458): Loss=0.6187, Rho=14.735559, Grad_norm=0.0679, Final_scale=147.3556
🚀 APPLYING GUIDANCE at step 40 (timestep=428)
🎯 GUIDANCE STEP 40 (t=428): Loss=0.6172, Rho=18.437811, Grad_norm=0.0542, Final_scale=184.3781
🚀 APPLYING GUIDANCE at step 41 (timestep=396)
🎯 GUIDANCE STEP 41 (t=396): Loss=0.6147, Rho=18.400110, Grad_norm=0.0543, Final_scale=184.0011
🚀 APPLYING GUIDANCE at step 42 (timestep=363)
🎯 GUIDANCE STEP 42 (t=363): Loss=0.6167, Rho=20.223114, Grad_norm=0.0494, Final_scale=202.2311
🚀 APPLYING GUIDANCE at step 43 (timestep=327)
🎯 GUIDANCE STEP 43 (t=327): Loss=0.6167, Rho=22.737301, Grad_norm=0.0440, Final_scale=227.3730
🚀 APPLYING GUIDANCE at step 44 (timestep=290)
🎯 GUIDANCE STEP 44 (t=290): Loss=0.6152, Rho=20.095901, Grad_norm=0.0498, Final_scale=200.9590
🚀 APPLYING GUIDANCE at step 45 (timestep=249)
🎯 GUIDANCE STEP 45 (t=249): Loss=0.6167, Rho=26.590260, Grad_norm=0.0376, Final_scale=265.9026
🚀 APPLYING GUIDANCE at step 46 (timestep=206)
🎯 GUIDANCE STEP 46 (t=206): Loss=0.6177, Rho=12.158378, Grad_norm=0.0822, Final_scale=121.5838
🚀 APPLYING GUIDANCE at step 47 (timestep=160)
🎯 GUIDANCE STEP 47 (t=160): Loss=0.6147, Rho=14.847684, Grad_norm=0.0674, Final_scale=148.4768
🚀 APPLYING GUIDANCE at step 48 (timestep=111)
🎯 GUIDANCE STEP 48 (t=111): Loss=0.6133, Rho=21.952055, Grad_norm=0.0456, Final_scale=219.5205
🚀 APPLYING GUIDANCE at step 49 (timestep=57)
🎯 GUIDANCE STEP 49 (t=57): Loss=0.6152, Rho=18.761827, Grad_norm=0.0533, Final_scale=187.6183
[guidance_f33_s50_w8c6_rho10.0_cfg5.0_0701_1608] Generated: generated_videos/subject_consistency/guidance_f33_s50_w8c6_rho10.0_cfg5.0_0701_1608/a_person_walking_in_the_snowstorm.mp4
[guidance_f33_s50_w8c6_rho10.0_cfg5.0_0701_1608] Generating video 6/9 (guidance): a person drinking coffee in a cafe
🎬 STARTING GUIDANCE PIPELINE GENERATION
   Frames: 33, Steps: 50, CFG Scale: 5.0

🔧 GUIDANCE PIPELINE CONFIGURATION:
   Guidance range: 0 - 1001
   Rho scale: 10.0
   V-JEPA kernel_size: 8
   V-JEPA context_length: 6
   V-JEPA stride: 2
   V-JEPA mode: max
   Total timesteps: 50

🚀 APPLYING GUIDANCE at step 0 (timestep=999)
🎯 GUIDANCE STEP 0 (t=999): Loss=0.5557, Rho=10.290478, Grad_norm=0.0972, Final_scale=102.9048
🚀 APPLYING GUIDANCE at step 1 (timestep=992)
🎯 GUIDANCE STEP 1 (t=992): Loss=0.5449, Rho=22.014433, Grad_norm=0.0454, Final_scale=220.1443
🚀 APPLYING GUIDANCE at step 2 (timestep=985)
🎯 GUIDANCE STEP 2 (t=985): Loss=0.5381, Rho=6.071186, Grad_norm=0.1647, Final_scale=60.7119
🚀 APPLYING GUIDANCE at step 3 (timestep=978)
🎯 GUIDANCE STEP 3 (t=978): Loss=0.5430, Rho=16.468418, Grad_norm=0.0607, Final_scale=164.6842
🚀 APPLYING GUIDANCE at step 4 (timestep=971)
🎯 GUIDANCE STEP 4 (t=971): Loss=0.5415, Rho=15.208530, Grad_norm=0.0658, Final_scale=152.0853
🚀 APPLYING GUIDANCE at step 5 (timestep=963)
🎯 GUIDANCE STEP 5 (t=963): Loss=0.5439, Rho=26.219137, Grad_norm=0.0381, Final_scale=262.1914
🚀 APPLYING GUIDANCE at step 6 (timestep=956)
🎯 GUIDANCE STEP 6 (t=956): Loss=0.5430, Rho=17.291969, Grad_norm=0.0578, Final_scale=172.9197
🚀 APPLYING GUIDANCE at step 7 (timestep=948)
🎯 GUIDANCE STEP 7 (t=948): Loss=0.5532, Rho=13.151409, Grad_norm=0.0760, Final_scale=131.5141
🚀 APPLYING GUIDANCE at step 8 (timestep=939)
🎯 GUIDANCE STEP 8 (t=939): Loss=0.5674, Rho=18.891363, Grad_norm=0.0529, Final_scale=188.9136
🚀 APPLYING GUIDANCE at step 9 (timestep=931)
🎯 GUIDANCE STEP 9 (t=931): Loss=0.5708, Rho=9.609086, Grad_norm=0.1041, Final_scale=96.0909
🚀 APPLYING GUIDANCE at step 10 (timestep=922)
🎯 GUIDANCE STEP 10 (t=922): Loss=0.5703, Rho=15.645016, Grad_norm=0.0639, Final_scale=156.4502
🚀 APPLYING GUIDANCE at step 11 (timestep=913)
🎯 GUIDANCE STEP 11 (t=913): Loss=0.5688, Rho=16.931116, Grad_norm=0.0591, Final_scale=169.3112
🚀 APPLYING GUIDANCE at step 12 (timestep=904)
🎯 GUIDANCE STEP 12 (t=904): Loss=0.5728, Rho=17.862923, Grad_norm=0.0560, Final_scale=178.6292
🚀 APPLYING GUIDANCE at step 13 (timestep=894)
🎯 GUIDANCE STEP 13 (t=894): Loss=0.5747, Rho=7.238648, Grad_norm=0.1381, Final_scale=72.3865
🚀 APPLYING GUIDANCE at step 14 (timestep=884)
🎯 GUIDANCE STEP 14 (t=884): Loss=0.5796, Rho=10.648458, Grad_norm=0.0939, Final_scale=106.4846
🚀 APPLYING GUIDANCE at step 15 (timestep=874)
🎯 GUIDANCE STEP 15 (t=874): Loss=0.5938, Rho=7.112568, Grad_norm=0.1406, Final_scale=71.1257
🚀 APPLYING GUIDANCE at step 16 (timestep=864)
🎯 GUIDANCE STEP 16 (t=864): Loss=0.5991, Rho=8.599113, Grad_norm=0.1163, Final_scale=85.9911
🚀 APPLYING GUIDANCE at step 17 (timestep=853)
🎯 GUIDANCE STEP 17 (t=853): Loss=0.5977, Rho=17.854713, Grad_norm=0.0560, Final_scale=178.5471
🚀 APPLYING GUIDANCE at step 18 (timestep=841)
🎯 GUIDANCE STEP 18 (t=841): Loss=0.5991, Rho=11.044863, Grad_norm=0.0905, Final_scale=110.4486
🚀 APPLYING GUIDANCE at step 19 (timestep=829)
🎯 GUIDANCE STEP 19 (t=829): Loss=0.6050, Rho=9.589571, Grad_norm=0.1043, Final_scale=95.8957
🚀 APPLYING GUIDANCE at step 20 (timestep=817)
🎯 GUIDANCE STEP 20 (t=817): Loss=0.6021, Rho=6.458724, Grad_norm=0.1548, Final_scale=64.5872
🚀 APPLYING GUIDANCE at step 21 (timestep=805)
🎯 GUIDANCE STEP 21 (t=805): Loss=0.6050, Rho=14.960379, Grad_norm=0.0668, Final_scale=149.6038
🚀 APPLYING GUIDANCE at step 22 (timestep=792)
🎯 GUIDANCE STEP 22 (t=792): Loss=0.6074, Rho=11.434132, Grad_norm=0.0875, Final_scale=114.3413
🚀 APPLYING GUIDANCE at step 23 (timestep=778)
🎯 GUIDANCE STEP 23 (t=778): Loss=0.6055, Rho=10.901396, Grad_norm=0.0917, Final_scale=109.0140
🚀 APPLYING GUIDANCE at step 24 (timestep=764)
🎯 GUIDANCE STEP 24 (t=764): Loss=0.6074, Rho=10.667502, Grad_norm=0.0937, Final_scale=106.6750
🚀 APPLYING GUIDANCE at step 25 (timestep=749)
🎯 GUIDANCE STEP 25 (t=749): Loss=0.6035, Rho=16.692236, Grad_norm=0.0599, Final_scale=166.9224
🚀 APPLYING GUIDANCE at step 26 (timestep=734)
🎯 GUIDANCE STEP 26 (t=734): Loss=0.6055, Rho=16.811089, Grad_norm=0.0595, Final_scale=168.1109
🚀 APPLYING GUIDANCE at step 27 (timestep=718)
🎯 GUIDANCE STEP 27 (t=718): Loss=0.6108, Rho=13.290400, Grad_norm=0.0752, Final_scale=132.9040
🚀 APPLYING GUIDANCE at step 28 (timestep=701)
🎯 GUIDANCE STEP 28 (t=701): Loss=0.6094, Rho=14.226333, Grad_norm=0.0703, Final_scale=142.2633
🚀 APPLYING GUIDANCE at step 29 (timestep=684)
🎯 GUIDANCE STEP 29 (t=684): Loss=0.6084, Rho=12.269411, Grad_norm=0.0815, Final_scale=122.6941
🚀 APPLYING GUIDANCE at step 30 (timestep=666)
🎯 GUIDANCE STEP 30 (t=666): Loss=0.6074, Rho=12.834115, Grad_norm=0.0779, Final_scale=128.3412
🚀 APPLYING GUIDANCE at step 31 (timestep=647)
🎯 GUIDANCE STEP 31 (t=647): Loss=0.6118, Rho=9.003152, Grad_norm=0.1111, Final_scale=90.0315
🚀 APPLYING GUIDANCE at step 32 (timestep=627)
🎯 GUIDANCE STEP 32 (t=627): Loss=0.6108, Rho=15.423334, Grad_norm=0.0648, Final_scale=154.2333
🚀 APPLYING GUIDANCE at step 33 (timestep=606)
🎯 GUIDANCE STEP 33 (t=606): Loss=0.6104, Rho=11.589845, Grad_norm=0.0863, Final_scale=115.8984
🚀 APPLYING GUIDANCE at step 34 (timestep=585)
🎯 GUIDANCE STEP 34 (t=585): Loss=0.6040, Rho=25.322645, Grad_norm=0.0395, Final_scale=253.2265
🚀 APPLYING GUIDANCE at step 35 (timestep=562)
🎯 GUIDANCE STEP 35 (t=562): Loss=0.6069, Rho=11.073094, Grad_norm=0.0903, Final_scale=110.7309
🚀 APPLYING GUIDANCE at step 36 (timestep=538)
🎯 GUIDANCE STEP 36 (t=538): Loss=0.6104, Rho=16.541948, Grad_norm=0.0605, Final_scale=165.4195
🚀 APPLYING GUIDANCE at step 37 (timestep=512)
🎯 GUIDANCE STEP 37 (t=512): Loss=0.6074, Rho=17.638624, Grad_norm=0.0567, Final_scale=176.3862
🚀 APPLYING GUIDANCE at step 38 (timestep=486)
🎯 GUIDANCE STEP 38 (t=486): Loss=0.6094, Rho=18.675247, Grad_norm=0.0535, Final_scale=186.7525
🚀 APPLYING GUIDANCE at step 39 (timestep=458)
🎯 GUIDANCE STEP 39 (t=458): Loss=0.6094, Rho=11.915607, Grad_norm=0.0839, Final_scale=119.1561
🚀 APPLYING GUIDANCE at step 40 (timestep=428)
🎯 GUIDANCE STEP 40 (t=428): Loss=0.6099, Rho=14.212500, Grad_norm=0.0704, Final_scale=142.1250
🚀 APPLYING GUIDANCE at step 41 (timestep=396)
🎯 GUIDANCE STEP 41 (t=396): Loss=0.6089, Rho=12.127206, Grad_norm=0.0825, Final_scale=121.2721
🚀 APPLYING GUIDANCE at step 42 (timestep=363)
🎯 GUIDANCE STEP 42 (t=363): Loss=0.6084, Rho=11.678502, Grad_norm=0.0856, Final_scale=116.7850
🚀 APPLYING GUIDANCE at step 43 (timestep=327)
🎯 GUIDANCE STEP 43 (t=327): Loss=0.6084, Rho=16.658264, Grad_norm=0.0600, Final_scale=166.5826
🚀 APPLYING GUIDANCE at step 44 (timestep=290)
🎯 GUIDANCE STEP 44 (t=290): Loss=0.6113, Rho=18.253000, Grad_norm=0.0548, Final_scale=182.5300
🚀 APPLYING GUIDANCE at step 45 (timestep=249)
🎯 GUIDANCE STEP 45 (t=249): Loss=0.6060, Rho=21.051313, Grad_norm=0.0475, Final_scale=210.5131
🚀 APPLYING GUIDANCE at step 46 (timestep=206)
🎯 GUIDANCE STEP 46 (t=206): Loss=0.6069, Rho=8.034595, Grad_norm=0.1245, Final_scale=80.3459
🚀 APPLYING GUIDANCE at step 47 (timestep=160)
🎯 GUIDANCE STEP 47 (t=160): Loss=0.6055, Rho=2.112798, Grad_norm=0.4733, Final_scale=21.1280
🚀 APPLYING GUIDANCE at step 48 (timestep=111)
🎯 GUIDANCE STEP 48 (t=111): Loss=0.6030, Rho=12.140437, Grad_norm=0.0824, Final_scale=121.4044
🚀 APPLYING GUIDANCE at step 49 (timestep=57)
🎯 GUIDANCE STEP 49 (t=57): Loss=0.6084, Rho=13.152402, Grad_norm=0.0760, Final_scale=131.5240
[guidance_f33_s50_w8c6_rho10.0_cfg5.0_0701_1608] Generated: generated_videos/subject_consistency/guidance_f33_s50_w8c6_rho10.0_cfg5.0_0701_1608/a_bird_flying_over_a_snowy_forest.mp4
[guidance_f33_s50_w8c6_rho10.0_cfg5.0_0701_1608] Generating video 6/9 (guidance): a cat grooming itself meticulously with its tongue
🎬 STARTING GUIDANCE PIPELINE GENERATION
   Frames: 33, Steps: 50, CFG Scale: 5.0

🔧 GUIDANCE PIPELINE CONFIGURATION:
   Guidance range: 0 - 1001
   Rho scale: 10.0
   V-JEPA kernel_size: 8
   V-JEPA context_length: 6
   V-JEPA stride: 2
   V-JEPA mode: max
   Total timesteps: 50

🚀 APPLYING GUIDANCE at step 0 (timestep=999)
🎯 GUIDANCE STEP 0 (t=999): Loss=0.5581, Rho=17.852165, Grad_norm=0.0560, Final_scale=178.5217
🚀 APPLYING GUIDANCE at step 1 (timestep=992)
🎯 GUIDANCE STEP 1 (t=992): Loss=0.5581, Rho=24.764177, Grad_norm=0.0404, Final_scale=247.6418
🚀 APPLYING GUIDANCE at step 2 (timestep=985)
🎯 GUIDANCE STEP 2 (t=985): Loss=0.5684, Rho=12.669516, Grad_norm=0.0789, Final_scale=126.6952
🚀 APPLYING GUIDANCE at step 3 (timestep=978)
🎯 GUIDANCE STEP 3 (t=978): Loss=0.5791, Rho=6.205215, Grad_norm=0.1612, Final_scale=62.0522
🚀 APPLYING GUIDANCE at step 4 (timestep=971)
🎯 GUIDANCE STEP 4 (t=971): Loss=0.6021, Rho=4.674642, Grad_norm=0.2139, Final_scale=46.7464
🚀 APPLYING GUIDANCE at step 5 (timestep=963)
🎯 GUIDANCE STEP 5 (t=963): Loss=0.6152, Rho=6.140270, Grad_norm=0.1629, Final_scale=61.4027
🚀 APPLYING GUIDANCE at step 6 (timestep=956)
🎯 GUIDANCE STEP 6 (t=956): Loss=0.6309, Rho=6.570069, Grad_norm=0.1522, Final_scale=65.7007
🚀 APPLYING GUIDANCE at step 7 (timestep=948)
🎯 GUIDANCE STEP 7 (t=948): Loss=0.6260, Rho=12.047564, Grad_norm=0.0830, Final_scale=120.4756
🚀 APPLYING GUIDANCE at step 8 (timestep=939)
🎯 GUIDANCE STEP 8 (t=939): Loss=0.6304, Rho=5.304811, Grad_norm=0.1885, Final_scale=53.0481
🚀 APPLYING GUIDANCE at step 9 (timestep=931)
🎯 GUIDANCE STEP 9 (t=931): Loss=0.6235, Rho=11.395830, Grad_norm=0.0878, Final_scale=113.9583
🚀 APPLYING GUIDANCE at step 10 (timestep=922)
🎯 GUIDANCE STEP 10 (t=922): Loss=0.6279, Rho=14.356749, Grad_norm=0.0697, Final_scale=143.5675
🚀 APPLYING GUIDANCE at step 11 (timestep=913)
🎯 GUIDANCE STEP 11 (t=913): Loss=0.6284, Rho=6.235757, Grad_norm=0.1604, Final_scale=62.3576
🚀 APPLYING GUIDANCE at step 12 (timestep=904)
🎯 GUIDANCE STEP 12 (t=904): Loss=0.6260, Rho=14.000011, Grad_norm=0.0714, Final_scale=140.0001
🚀 APPLYING GUIDANCE at step 13 (timestep=894)
🎯 GUIDANCE STEP 13 (t=894): Loss=0.6299, Rho=10.529005, Grad_norm=0.0950, Final_scale=105.2901
🚀 APPLYING GUIDANCE at step 14 (timestep=884)
🎯 GUIDANCE STEP 14 (t=884): Loss=0.6318, Rho=4.044082, Grad_norm=0.2473, Final_scale=40.4408
🚀 APPLYING GUIDANCE at step 15 (timestep=874)
🎯 GUIDANCE STEP 15 (t=874): Loss=0.6313, Rho=13.686047, Grad_norm=0.0731, Final_scale=136.8605
🚀 APPLYING GUIDANCE at step 16 (timestep=864)
🎯 GUIDANCE STEP 16 (t=864): Loss=0.6313, Rho=13.906378, Grad_norm=0.0719, Final_scale=139.0638
🚀 APPLYING GUIDANCE at step 17 (timestep=853)
🎯 GUIDANCE STEP 17 (t=853): Loss=0.6284, Rho=24.921280, Grad_norm=0.0401, Final_scale=249.2128
🚀 APPLYING GUIDANCE at step 18 (timestep=841)
🎯 GUIDANCE STEP 18 (t=841): Loss=0.6323, Rho=17.020157, Grad_norm=0.0588, Final_scale=170.2016
🚀 APPLYING GUIDANCE at step 19 (timestep=829)
🎯 GUIDANCE STEP 19 (t=829): Loss=0.6284, Rho=27.060331, Grad_norm=0.0370, Final_scale=270.6033
🚀 APPLYING GUIDANCE at step 20 (timestep=817)
🎯 GUIDANCE STEP 20 (t=817): Loss=0.6284, Rho=13.771315, Grad_norm=0.0726, Final_scale=137.7131
🚀 APPLYING GUIDANCE at step 21 (timestep=805)
🎯 GUIDANCE STEP 21 (t=805): Loss=0.6313, Rho=28.929745, Grad_norm=0.0346, Final_scale=289.2974
🚀 APPLYING GUIDANCE at step 22 (timestep=792)
🎯 GUIDANCE STEP 22 (t=792): Loss=0.6304, Rho=11.880214, Grad_norm=0.0842, Final_scale=118.8021
🚀 APPLYING GUIDANCE at step 23 (timestep=778)
🎯 GUIDANCE STEP 23 (t=778): Loss=0.6299, Rho=15.277490, Grad_norm=0.0655, Final_scale=152.7749
🚀 APPLYING GUIDANCE at step 24 (timestep=764)
🎯 GUIDANCE STEP 24 (t=764): Loss=0.6318, Rho=15.403759, Grad_norm=0.0649, Final_scale=154.0376
🚀 APPLYING GUIDANCE at step 25 (timestep=749)
🎯 GUIDANCE STEP 25 (t=749): Loss=0.6299, Rho=22.274857, Grad_norm=0.0449, Final_scale=222.7486
🚀 APPLYING GUIDANCE at step 26 (timestep=734)
🎯 GUIDANCE STEP 26 (t=734): Loss=0.6309, Rho=48.827679, Grad_norm=0.0205, Final_scale=488.2768
🚀 APPLYING GUIDANCE at step 27 (timestep=718)
🎯 GUIDANCE STEP 27 (t=718): Loss=0.6348, Rho=33.288254, Grad_norm=0.0300, Final_scale=332.8825
🚀 APPLYING GUIDANCE at step 28 (timestep=701)
🎯 GUIDANCE STEP 28 (t=701): Loss=0.6333, Rho=30.589224, Grad_norm=0.0327, Final_scale=305.8922
🚀 APPLYING GUIDANCE at step 29 (timestep=684)
🎯 GUIDANCE STEP 29 (t=684): Loss=0.6328, Rho=47.259430, Grad_norm=0.0212, Final_scale=472.5943
🚀 APPLYING GUIDANCE at step 30 (timestep=666)
🎯 GUIDANCE STEP 30 (t=666): Loss=0.6323, Rho=29.826809, Grad_norm=0.0335, Final_scale=298.2681
🚀 APPLYING GUIDANCE at step 31 (timestep=647)
🎯 GUIDANCE STEP 31 (t=647): Loss=0.6309, Rho=38.110325, Grad_norm=0.0262, Final_scale=381.1032
🚀 APPLYING GUIDANCE at step 32 (timestep=627)
🎯 GUIDANCE STEP 32 (t=627): Loss=0.6284, Rho=43.309341, Grad_norm=0.0231, Final_scale=433.0934
🚀 APPLYING GUIDANCE at step 33 (timestep=606)
🎯 GUIDANCE STEP 33 (t=606): Loss=0.6304, Rho=27.200260, Grad_norm=0.0368, Final_scale=272.0026
🚀 APPLYING GUIDANCE at step 34 (timestep=585)
🎯 GUIDANCE STEP 34 (t=585): Loss=0.6328, Rho=38.104359, Grad_norm=0.0262, Final_scale=381.0436
🚀 APPLYING GUIDANCE at step 35 (timestep=562)
🎯 GUIDANCE STEP 35 (t=562): Loss=0.6377, Rho=47.902130, Grad_norm=0.0209, Final_scale=479.0213
🚀 APPLYING GUIDANCE at step 36 (timestep=538)
🎯 GUIDANCE STEP 36 (t=538): Loss=0.6318, Rho=24.504156, Grad_norm=0.0408, Final_scale=245.0416
🚀 APPLYING GUIDANCE at step 37 (timestep=512)
🎯 GUIDANCE STEP 37 (t=512): Loss=0.6333, Rho=40.337711, Grad_norm=0.0248, Final_scale=403.3771
🚀 APPLYING GUIDANCE at step 38 (timestep=486)
🎯 GUIDANCE STEP 38 (t=486): Loss=0.6323, Rho=19.187574, Grad_norm=0.0521, Final_scale=191.8757
🚀 APPLYING GUIDANCE at step 39 (timestep=458)
🎯 GUIDANCE STEP 39 (t=458): Loss=0.6323, Rho=25.959896, Grad_norm=0.0385, Final_scale=259.5990
🚀 APPLYING GUIDANCE at step 40 (timestep=428)
🎯 GUIDANCE STEP 40 (t=428): Loss=0.6362, Rho=28.442585, Grad_norm=0.0352, Final_scale=284.4258
🚀 APPLYING GUIDANCE at step 41 (timestep=396)
🎯 GUIDANCE STEP 41 (t=396): Loss=0.6348, Rho=9.031115, Grad_norm=0.1107, Final_scale=90.3111
🚀 APPLYING GUIDANCE at step 42 (timestep=363)
🎯 GUIDANCE STEP 42 (t=363): Loss=0.6343, Rho=24.320044, Grad_norm=0.0411, Final_scale=243.2004
🚀 APPLYING GUIDANCE at step 43 (timestep=327)
🎯 GUIDANCE STEP 43 (t=327): Loss=0.6328, Rho=46.804199, Grad_norm=0.0214, Final_scale=468.0420
🚀 APPLYING GUIDANCE at step 44 (timestep=290)
🎯 GUIDANCE STEP 44 (t=290): Loss=0.6353, Rho=46.384243, Grad_norm=0.0216, Final_scale=463.8424
🚀 APPLYING GUIDANCE at step 45 (timestep=249)
🎯 GUIDANCE STEP 45 (t=249): Loss=0.6318, Rho=17.437540, Grad_norm=0.0573, Final_scale=174.3754
🚀 APPLYING GUIDANCE at step 46 (timestep=206)
🎯 GUIDANCE STEP 46 (t=206): Loss=0.6333, Rho=21.582502, Grad_norm=0.0463, Final_scale=215.8250
🚀 APPLYING GUIDANCE at step 47 (timestep=160)
🎯 GUIDANCE STEP 47 (t=160): Loss=0.6328, Rho=11.982017, Grad_norm=0.0835, Final_scale=119.8202
🚀 APPLYING GUIDANCE at step 48 (timestep=111)
🎯 GUIDANCE STEP 48 (t=111): Loss=0.6328, Rho=33.644363, Grad_norm=0.0297, Final_scale=336.4436
🚀 APPLYING GUIDANCE at step 49 (timestep=57)
🎯 GUIDANCE STEP 49 (t=57): Loss=0.6284, Rho=26.351412, Grad_norm=0.0379, Final_scale=263.5141
[guidance_f33_s50_w8c6_rho10.0_cfg5.0_0701_1608] Generated: generated_videos/subject_consistency/guidance_f33_s50_w8c6_rho10.0_cfg5.0_0701_1608/an_airplane_landing_smoothly_on_a_runway.mp4
[guidance_f33_s50_w8c6_rho10.0_cfg5.0_0701_1608] Generating video 6/9 (guidance): an airplane accelerating to gain speed
🎬 STARTING GUIDANCE PIPELINE GENERATION
   Frames: 33, Steps: 50, CFG Scale: 5.0

🔧 GUIDANCE PIPELINE CONFIGURATION:
   Guidance range: 0 - 1001
   Rho scale: 10.0
   V-JEPA kernel_size: 8
   V-JEPA context_length: 6
   V-JEPA stride: 2
   V-JEPA mode: max
   Total timesteps: 50

🚀 APPLYING GUIDANCE at step 0 (timestep=999)
🎯 GUIDANCE STEP 0 (t=999): Loss=0.5708, Rho=7.335860, Grad_norm=0.1363, Final_scale=73.3586
🚀 APPLYING GUIDANCE at step 1 (timestep=992)
🎯 GUIDANCE STEP 1 (t=992): Loss=0.5659, Rho=8.860317, Grad_norm=0.1129, Final_scale=88.6032
🚀 APPLYING GUIDANCE at step 2 (timestep=985)
🎯 GUIDANCE STEP 2 (t=985): Loss=0.5771, Rho=1.215447, Grad_norm=0.8227, Final_scale=12.1545
🚀 APPLYING GUIDANCE at step 3 (timestep=978)
🎯 GUIDANCE STEP 3 (t=978): Loss=0.5933, Rho=9.654230, Grad_norm=0.1036, Final_scale=96.5423
🚀 APPLYING GUIDANCE at step 4 (timestep=971)
🎯 GUIDANCE STEP 4 (t=971): Loss=0.6152, Rho=8.857219, Grad_norm=0.1129, Final_scale=88.5722
🚀 APPLYING GUIDANCE at step 5 (timestep=963)
🎯 GUIDANCE STEP 5 (t=963): Loss=0.6318, Rho=5.746498, Grad_norm=0.1740, Final_scale=57.4650
🚀 APPLYING GUIDANCE at step 6 (timestep=956)
🎯 GUIDANCE STEP 6 (t=956): Loss=0.6260, Rho=5.134824, Grad_norm=0.1947, Final_scale=51.3482
🚀 APPLYING GUIDANCE at step 7 (timestep=948)
🎯 GUIDANCE STEP 7 (t=948): Loss=0.6333, Rho=8.992393, Grad_norm=0.1112, Final_scale=89.9239
🚀 APPLYING GUIDANCE at step 8 (timestep=939)
🎯 GUIDANCE STEP 8 (t=939): Loss=0.6396, Rho=6.425717, Grad_norm=0.1556, Final_scale=64.2572
🚀 APPLYING GUIDANCE at step 9 (timestep=931)
🎯 GUIDANCE STEP 9 (t=931): Loss=0.6348, Rho=4.332100, Grad_norm=0.2308, Final_scale=43.3210
🚀 APPLYING GUIDANCE at step 10 (timestep=922)
🎯 GUIDANCE STEP 10 (t=922): Loss=0.6348, Rho=7.409121, Grad_norm=0.1350, Final_scale=74.0912
🚀 APPLYING GUIDANCE at step 11 (timestep=913)
🎯 GUIDANCE STEP 11 (t=913): Loss=0.6387, Rho=6.625385, Grad_norm=0.1509, Final_scale=66.2539
🚀 APPLYING GUIDANCE at step 12 (timestep=904)
🎯 GUIDANCE STEP 12 (t=904): Loss=0.6411, Rho=5.949979, Grad_norm=0.1681, Final_scale=59.4998
🚀 APPLYING GUIDANCE at step 13 (timestep=894)
🎯 GUIDANCE STEP 13 (t=894): Loss=0.6411, Rho=14.177252, Grad_norm=0.0705, Final_scale=141.7725
🚀 APPLYING GUIDANCE at step 14 (timestep=884)
🎯 GUIDANCE STEP 14 (t=884): Loss=0.6392, Rho=4.707559, Grad_norm=0.2124, Final_scale=47.0756
🚀 APPLYING GUIDANCE at step 15 (timestep=874)
🎯 GUIDANCE STEP 15 (t=874): Loss=0.6343, Rho=9.043590, Grad_norm=0.1106, Final_scale=90.4359
🚀 APPLYING GUIDANCE at step 16 (timestep=864)
🎯 GUIDANCE STEP 16 (t=864): Loss=0.6406, Rho=5.976710, Grad_norm=0.1673, Final_scale=59.7671
🚀 APPLYING GUIDANCE at step 17 (timestep=853)
🎯 GUIDANCE STEP 17 (t=853): Loss=0.6450, Rho=4.775423, Grad_norm=0.2094, Final_scale=47.7542
🚀 APPLYING GUIDANCE at step 18 (timestep=841)
🎯 GUIDANCE STEP 18 (t=841): Loss=0.6406, Rho=4.032204, Grad_norm=0.2480, Final_scale=40.3220
🚀 APPLYING GUIDANCE at step 19 (timestep=829)
🎯 GUIDANCE STEP 19 (t=829): Loss=0.6411, Rho=10.220351, Grad_norm=0.0978, Final_scale=102.2035
🚀 APPLYING GUIDANCE at step 20 (timestep=817)
🎯 GUIDANCE STEP 20 (t=817): Loss=0.6392, Rho=11.641337, Grad_norm=0.0859, Final_scale=116.4134
🚀 APPLYING GUIDANCE at step 21 (timestep=805)
🎯 GUIDANCE STEP 21 (t=805): Loss=0.6362, Rho=14.659048, Grad_norm=0.0682, Final_scale=146.5905
🚀 APPLYING GUIDANCE at step 22 (timestep=792)
🎯 GUIDANCE STEP 22 (t=792): Loss=0.6318, Rho=9.834808, Grad_norm=0.1017, Final_scale=98.3481
🚀 APPLYING GUIDANCE at step 23 (timestep=778)
🎯 GUIDANCE STEP 23 (t=778): Loss=0.6372, Rho=13.032251, Grad_norm=0.0767, Final_scale=130.3225
🚀 APPLYING GUIDANCE at step 24 (timestep=764)
🎯 GUIDANCE STEP 24 (t=764): Loss=0.6338, Rho=3.272822, Grad_norm=0.3055, Final_scale=32.7282
🚀 APPLYING GUIDANCE at step 25 (timestep=749)
🎯 GUIDANCE STEP 25 (t=749): Loss=0.6382, Rho=13.178138, Grad_norm=0.0759, Final_scale=131.7814
🚀 APPLYING GUIDANCE at step 26 (timestep=734)
🎯 GUIDANCE STEP 26 (t=734): Loss=0.6353, Rho=7.128706, Grad_norm=0.1403, Final_scale=71.2871
🚀 APPLYING GUIDANCE at step 27 (timestep=718)
🎯 GUIDANCE STEP 27 (t=718): Loss=0.6323, Rho=17.788513, Grad_norm=0.0562, Final_scale=177.8851
🚀 APPLYING GUIDANCE at step 28 (timestep=701)
🎯 GUIDANCE STEP 28 (t=701): Loss=0.6309, Rho=8.249901, Grad_norm=0.1212, Final_scale=82.4990
🚀 APPLYING GUIDANCE at step 29 (timestep=684)
🎯 GUIDANCE STEP 29 (t=684): Loss=0.6357, Rho=12.169599, Grad_norm=0.0822, Final_scale=121.6960
🚀 APPLYING GUIDANCE at step 30 (timestep=666)
🎯 GUIDANCE STEP 30 (t=666): Loss=0.6343, Rho=18.516479, Grad_norm=0.0540, Final_scale=185.1648
🚀 APPLYING GUIDANCE at step 31 (timestep=647)
🎯 GUIDANCE STEP 31 (t=647): Loss=0.6328, Rho=14.589921, Grad_norm=0.0685, Final_scale=145.8992
🚀 APPLYING GUIDANCE at step 32 (timestep=627)
🎯 GUIDANCE STEP 32 (t=627): Loss=0.6353, Rho=13.492727, Grad_norm=0.0741, Final_scale=134.9273
🚀 APPLYING GUIDANCE at step 33 (timestep=606)
🎯 GUIDANCE STEP 33 (t=606): Loss=0.6348, Rho=2.472675, Grad_norm=0.4044, Final_scale=24.7268
🚀 APPLYING GUIDANCE at step 34 (timestep=585)
🎯 GUIDANCE STEP 34 (t=585): Loss=0.6323, Rho=27.346346, Grad_norm=0.0366, Final_scale=273.4635
🚀 APPLYING GUIDANCE at step 35 (timestep=562)
🎯 GUIDANCE STEP 35 (t=562): Loss=0.6372, Rho=14.773108, Grad_norm=0.0677, Final_scale=147.7311
🚀 APPLYING GUIDANCE at step 36 (timestep=538)
🎯 GUIDANCE STEP 36 (t=538): Loss=0.6333, Rho=15.030757, Grad_norm=0.0665, Final_scale=150.3076
🚀 APPLYING GUIDANCE at step 37 (timestep=512)
🎯 GUIDANCE STEP 37 (t=512): Loss=0.6338, Rho=21.134930, Grad_norm=0.0473, Final_scale=211.3493
🚀 APPLYING GUIDANCE at step 38 (timestep=486)
🎯 GUIDANCE STEP 38 (t=486): Loss=0.6323, Rho=12.174388, Grad_norm=0.0821, Final_scale=121.7439
🚀 APPLYING GUIDANCE at step 39 (timestep=458)
🎯 GUIDANCE STEP 39 (t=458): Loss=0.6323, Rho=16.456629, Grad_norm=0.0608, Final_scale=164.5663
🚀 APPLYING GUIDANCE at step 40 (timestep=428)
🎯 GUIDANCE STEP 40 (t=428): Loss=0.6328, Rho=21.938082, Grad_norm=0.0456, Final_scale=219.3808
🚀 APPLYING GUIDANCE at step 41 (timestep=396)
🎯 GUIDANCE STEP 41 (t=396): Loss=0.6333, Rho=17.212896, Grad_norm=0.0581, Final_scale=172.1290
🚀 APPLYING GUIDANCE at step 42 (timestep=363)
🎯 GUIDANCE STEP 42 (t=363): Loss=0.6309, Rho=21.666426, Grad_norm=0.0462, Final_scale=216.6643
🚀 APPLYING GUIDANCE at step 43 (timestep=327)
🎯 GUIDANCE STEP 43 (t=327): Loss=0.6318, Rho=27.904226, Grad_norm=0.0358, Final_scale=279.0423
🚀 APPLYING GUIDANCE at step 44 (timestep=290)
🎯 GUIDANCE STEP 44 (t=290): Loss=0.6299, Rho=25.905880, Grad_norm=0.0386, Final_scale=259.0588
🚀 APPLYING GUIDANCE at step 45 (timestep=249)
🎯 GUIDANCE STEP 45 (t=249): Loss=0.6318, Rho=25.931545, Grad_norm=0.0386, Final_scale=259.3155
🚀 APPLYING GUIDANCE at step 46 (timestep=206)
🎯 GUIDANCE STEP 46 (t=206): Loss=0.6309, Rho=17.150162, Grad_norm=0.0583, Final_scale=171.5016
🚀 APPLYING GUIDANCE at step 47 (timestep=160)
🎯 GUIDANCE STEP 47 (t=160): Loss=0.6279, Rho=16.695707, Grad_norm=0.0599, Final_scale=166.9571
🚀 APPLYING GUIDANCE at step 48 (timestep=111)
🎯 GUIDANCE STEP 48 (t=111): Loss=0.6274, Rho=14.860636, Grad_norm=0.0673, Final_scale=148.6064
🚀 APPLYING GUIDANCE at step 49 (timestep=57)
🎯 GUIDANCE STEP 49 (t=57): Loss=0.6328, Rho=9.650899, Grad_norm=0.1036, Final_scale=96.5090
[guidance_f33_s50_w8c6_rho10.0_cfg5.0_0701_1608] Generated: generated_videos/subject_consistency/guidance_f33_s50_w8c6_rho10.0_cfg5.0_0701_1608/a_truck_turning_a_corner.mp4
[guidance_f33_s50_w8c6_rho10.0_cfg5.0_0701_1608] Generating video 5/9 (guidance): a truck anchored in a tranquil bay
🎬 STARTING GUIDANCE PIPELINE GENERATION
   Frames: 33, Steps: 50, CFG Scale: 5.0

🔧 GUIDANCE PIPELINE CONFIGURATION:
   Guidance range: 0 - 1001
   Rho scale: 10.0
   V-JEPA kernel_size: 8
   V-JEPA context_length: 6
   V-JEPA stride: 2
   V-JEPA mode: max
   Total timesteps: 50

🚀 APPLYING GUIDANCE at step 0 (timestep=999)
🎯 GUIDANCE STEP 0 (t=999): Loss=0.5508, Rho=38.367680, Grad_norm=0.0261, Final_scale=383.6768
🚀 APPLYING GUIDANCE at step 1 (timestep=992)
🎯 GUIDANCE STEP 1 (t=992): Loss=0.5615, Rho=18.862082, Grad_norm=0.0530, Final_scale=188.6208
🚀 APPLYING GUIDANCE at step 2 (timestep=985)
🎯 GUIDANCE STEP 2 (t=985): Loss=0.5693, Rho=7.744871, Grad_norm=0.1291, Final_scale=77.4487
🚀 APPLYING GUIDANCE at step 3 (timestep=978)
🎯 GUIDANCE STEP 3 (t=978): Loss=0.5820, Rho=15.522263, Grad_norm=0.0644, Final_scale=155.2226
🚀 APPLYING GUIDANCE at step 4 (timestep=971)
🎯 GUIDANCE STEP 4 (t=971): Loss=0.5894, Rho=8.834837, Grad_norm=0.1132, Final_scale=88.3484
🚀 APPLYING GUIDANCE at step 5 (timestep=963)
🎯 GUIDANCE STEP 5 (t=963): Loss=0.6055, Rho=7.397910, Grad_norm=0.1352, Final_scale=73.9791
🚀 APPLYING GUIDANCE at step 6 (timestep=956)
🎯 GUIDANCE STEP 6 (t=956): Loss=0.6133, Rho=4.101671, Grad_norm=0.2438, Final_scale=41.0167
🚀 APPLYING GUIDANCE at step 7 (timestep=948)
🎯 GUIDANCE STEP 7 (t=948): Loss=0.6172, Rho=5.127681, Grad_norm=0.1950, Final_scale=51.2768
🚀 APPLYING GUIDANCE at step 8 (timestep=939)
🎯 GUIDANCE STEP 8 (t=939): Loss=0.6147, Rho=3.805190, Grad_norm=0.2628, Final_scale=38.0519
🚀 APPLYING GUIDANCE at step 9 (timestep=931)
🎯 GUIDANCE STEP 9 (t=931): Loss=0.6138, Rho=8.131454, Grad_norm=0.1230, Final_scale=81.3145
🚀 APPLYING GUIDANCE at step 10 (timestep=922)
🎯 GUIDANCE STEP 10 (t=922): Loss=0.6221, Rho=6.661847, Grad_norm=0.1501, Final_scale=66.6185
🚀 APPLYING GUIDANCE at step 11 (timestep=913)
🎯 GUIDANCE STEP 11 (t=913): Loss=0.6221, Rho=8.171475, Grad_norm=0.1224, Final_scale=81.7148
🚀 APPLYING GUIDANCE at step 12 (timestep=904)
🎯 GUIDANCE STEP 12 (t=904): Loss=0.6211, Rho=6.590819, Grad_norm=0.1517, Final_scale=65.9082
🚀 APPLYING GUIDANCE at step 13 (timestep=894)
🎯 GUIDANCE STEP 13 (t=894): Loss=0.6201, Rho=4.576506, Grad_norm=0.2185, Final_scale=45.7651
🚀 APPLYING GUIDANCE at step 14 (timestep=884)
🎯 GUIDANCE STEP 14 (t=884): Loss=0.6167, Rho=4.247994, Grad_norm=0.2354, Final_scale=42.4799
🚀 APPLYING GUIDANCE at step 15 (timestep=874)
🎯 GUIDANCE STEP 15 (t=874): Loss=0.6128, Rho=5.229137, Grad_norm=0.1912, Final_scale=52.2914
🚀 APPLYING GUIDANCE at step 16 (timestep=864)
🎯 GUIDANCE STEP 16 (t=864): Loss=0.6143, Rho=1.957960, Grad_norm=0.5107, Final_scale=19.5796
🚀 APPLYING GUIDANCE at step 17 (timestep=853)
🎯 GUIDANCE STEP 17 (t=853): Loss=0.6147, Rho=4.484658, Grad_norm=0.2230, Final_scale=44.8466
🚀 APPLYING GUIDANCE at step 18 (timestep=841)
🎯 GUIDANCE STEP 18 (t=841): Loss=0.6167, Rho=2.353869, Grad_norm=0.4248, Final_scale=23.5387
🚀 APPLYING GUIDANCE at step 19 (timestep=829)
🎯 GUIDANCE STEP 19 (t=829): Loss=0.6187, Rho=7.052119, Grad_norm=0.1418, Final_scale=70.5212
🚀 APPLYING GUIDANCE at step 20 (timestep=817)
🎯 GUIDANCE STEP 20 (t=817): Loss=0.6187, Rho=3.967423, Grad_norm=0.2521, Final_scale=39.6742
🚀 APPLYING GUIDANCE at step 21 (timestep=805)
🎯 GUIDANCE STEP 21 (t=805): Loss=0.6211, Rho=6.228466, Grad_norm=0.1606, Final_scale=62.2847
🚀 APPLYING GUIDANCE at step 22 (timestep=792)
🎯 GUIDANCE STEP 22 (t=792): Loss=0.6172, Rho=5.103704, Grad_norm=0.1959, Final_scale=51.0370
🚀 APPLYING GUIDANCE at step 23 (timestep=778)
🎯 GUIDANCE STEP 23 (t=778): Loss=0.6191, Rho=1.918863, Grad_norm=0.5211, Final_scale=19.1886
🚀 APPLYING GUIDANCE at step 24 (timestep=764)
🎯 GUIDANCE STEP 24 (t=764): Loss=0.6152, Rho=5.454389, Grad_norm=0.1833, Final_scale=54.5439
🚀 APPLYING GUIDANCE at step 25 (timestep=749)
🎯 GUIDANCE STEP 25 (t=749): Loss=0.6187, Rho=1.873119, Grad_norm=0.5339, Final_scale=18.7312
🚀 APPLYING GUIDANCE at step 26 (timestep=734)
🎯 GUIDANCE STEP 26 (t=734): Loss=0.6230, Rho=7.357854, Grad_norm=0.1359, Final_scale=73.5785
🚀 APPLYING GUIDANCE at step 27 (timestep=718)
🎯 GUIDANCE STEP 27 (t=718): Loss=0.6187, Rho=2.146439, Grad_norm=0.4659, Final_scale=21.4644
🚀 APPLYING GUIDANCE at step 28 (timestep=701)
🎯 GUIDANCE STEP 28 (t=701): Loss=0.6211, Rho=1.436034, Grad_norm=0.6964, Final_scale=14.3603
🚀 APPLYING GUIDANCE at step 29 (timestep=684)
🎯 GUIDANCE STEP 29 (t=684): Loss=0.6206, Rho=2.430303, Grad_norm=0.4115, Final_scale=24.3030
🚀 APPLYING GUIDANCE at step 30 (timestep=666)
🎯 GUIDANCE STEP 30 (t=666): Loss=0.6172, Rho=8.998537, Grad_norm=0.1111, Final_scale=89.9854
🚀 APPLYING GUIDANCE at step 31 (timestep=647)
🎯 GUIDANCE STEP 31 (t=647): Loss=0.6172, Rho=6.494648, Grad_norm=0.1540, Final_scale=64.9465
🚀 APPLYING GUIDANCE at step 32 (timestep=627)
🎯 GUIDANCE STEP 32 (t=627): Loss=0.6167, Rho=12.182440, Grad_norm=0.0821, Final_scale=121.8244
🚀 APPLYING GUIDANCE at step 33 (timestep=606)
🎯 GUIDANCE STEP 33 (t=606): Loss=0.6157, Rho=3.124404, Grad_norm=0.3201, Final_scale=31.2440
🚀 APPLYING GUIDANCE at step 34 (timestep=585)
🎯 GUIDANCE STEP 34 (t=585): Loss=0.6157, Rho=2.663719, Grad_norm=0.3754, Final_scale=26.6372
🚀 APPLYING GUIDANCE at step 35 (timestep=562)
🎯 GUIDANCE STEP 35 (t=562): Loss=0.6147, Rho=4.151209, Grad_norm=0.2409, Final_scale=41.5121
🚀 APPLYING GUIDANCE at step 36 (timestep=538)
🎯 GUIDANCE STEP 36 (t=538): Loss=0.6157, Rho=6.988393, Grad_norm=0.1431, Final_scale=69.8839
🚀 APPLYING GUIDANCE at step 37 (timestep=512)
🎯 GUIDANCE STEP 37 (t=512): Loss=0.6172, Rho=8.306319, Grad_norm=0.1204, Final_scale=83.0632
🚀 APPLYING GUIDANCE at step 38 (timestep=486)
🎯 GUIDANCE STEP 38 (t=486): Loss=0.6172, Rho=8.996909, Grad_norm=0.1111, Final_scale=89.9691
🚀 APPLYING GUIDANCE at step 39 (timestep=458)
🎯 GUIDANCE STEP 39 (t=458): Loss=0.6182, Rho=9.979036, Grad_norm=0.1002, Final_scale=99.7904
🚀 APPLYING GUIDANCE at step 40 (timestep=428)
🎯 GUIDANCE STEP 40 (t=428): Loss=0.6172, Rho=6.496584, Grad_norm=0.1539, Final_scale=64.9658
🚀 APPLYING GUIDANCE at step 41 (timestep=396)
🎯 GUIDANCE STEP 41 (t=396): Loss=0.6172, Rho=8.106448, Grad_norm=0.1234, Final_scale=81.0645
🚀 APPLYING GUIDANCE at step 42 (timestep=363)
🎯 GUIDANCE STEP 42 (t=363): Loss=0.6167, Rho=18.938139, Grad_norm=0.0528, Final_scale=189.3814
🚀 APPLYING GUIDANCE at step 43 (timestep=327)
🎯 GUIDANCE STEP 43 (t=327): Loss=0.6152, Rho=12.178024, Grad_norm=0.0821, Final_scale=121.7802
🚀 APPLYING GUIDANCE at step 44 (timestep=290)
🎯 GUIDANCE STEP 44 (t=290): Loss=0.6167, Rho=7.284530, Grad_norm=0.1373, Final_scale=72.8453
🚀 APPLYING GUIDANCE at step 45 (timestep=249)
🎯 GUIDANCE STEP 45 (t=249): Loss=0.6177, Rho=9.275508, Grad_norm=0.1078, Final_scale=92.7551
🚀 APPLYING GUIDANCE at step 46 (timestep=206)
🎯 GUIDANCE STEP 46 (t=206): Loss=0.6162, Rho=9.370410, Grad_norm=0.1067, Final_scale=93.7041
🚀 APPLYING GUIDANCE at step 47 (timestep=160)
🎯 GUIDANCE STEP 47 (t=160): Loss=0.6162, Rho=1.973243, Grad_norm=0.5068, Final_scale=19.7324
🚀 APPLYING GUIDANCE at step 48 (timestep=111)
🎯 GUIDANCE STEP 48 (t=111): Loss=0.6167, Rho=16.220407, Grad_norm=0.0617, Final_scale=162.2041
🚀 APPLYING GUIDANCE at step 49 (timestep=57)
🎯 GUIDANCE STEP 49 (t=57): Loss=0.6143, Rho=17.033098, Grad_norm=0.0587, Final_scale=170.3310
[guidance_f33_s50_w8c6_rho10.0_cfg5.0_0701_1608] Generated: generated_videos/subject_consistency/guidance_f33_s50_w8c6_rho10.0_cfg5.0_0701_1608/a_dog_running_happily.mp4
[guidance_f33_s50_w8c6_rho10.0_cfg5.0_0701_1608] Generating video 5/9 (guidance): a horse bending down to drink water from a river
🎬 STARTING GUIDANCE PIPELINE GENERATION
   Frames: 33, Steps: 50, CFG Scale: 5.0

🔧 GUIDANCE PIPELINE CONFIGURATION:
   Guidance range: 0 - 1001
   Rho scale: 10.0
   V-JEPA kernel_size: 8
   V-JEPA context_length: 6
   V-JEPA stride: 2
   V-JEPA mode: max
   Total timesteps: 50

🚀 APPLYING GUIDANCE at step 0 (timestep=999)
🎯 GUIDANCE STEP 0 (t=999): Loss=0.5933, Rho=12.404298, Grad_norm=0.0806, Final_scale=124.0430
🚀 APPLYING GUIDANCE at step 1 (timestep=992)
🎯 GUIDANCE STEP 1 (t=992): Loss=0.5444, Rho=10.706105, Grad_norm=0.0934, Final_scale=107.0611
🚀 APPLYING GUIDANCE at step 2 (timestep=985)
🎯 GUIDANCE STEP 2 (t=985): Loss=0.5962, Rho=9.027685, Grad_norm=0.1108, Final_scale=90.2769
🚀 APPLYING GUIDANCE at step 3 (timestep=978)
🎯 GUIDANCE STEP 3 (t=978): Loss=0.6162, Rho=2.819938, Grad_norm=0.3546, Final_scale=28.1994
🚀 APPLYING GUIDANCE at step 4 (timestep=971)
🎯 GUIDANCE STEP 4 (t=971): Loss=0.6274, Rho=17.026114, Grad_norm=0.0587, Final_scale=170.2611
🚀 APPLYING GUIDANCE at step 5 (timestep=963)
🎯 GUIDANCE STEP 5 (t=963): Loss=0.6250, Rho=12.682889, Grad_norm=0.0788, Final_scale=126.8289
🚀 APPLYING GUIDANCE at step 6 (timestep=956)
🎯 GUIDANCE STEP 6 (t=956): Loss=0.6279, Rho=8.013622, Grad_norm=0.1248, Final_scale=80.1362
🚀 APPLYING GUIDANCE at step 7 (timestep=948)
🎯 GUIDANCE STEP 7 (t=948): Loss=0.6260, Rho=6.683751, Grad_norm=0.1496, Final_scale=66.8375
🚀 APPLYING GUIDANCE at step 8 (timestep=939)
🎯 GUIDANCE STEP 8 (t=939): Loss=0.6265, Rho=14.723577, Grad_norm=0.0679, Final_scale=147.2358
🚀 APPLYING GUIDANCE at step 9 (timestep=931)
🎯 GUIDANCE STEP 9 (t=931): Loss=0.6187, Rho=19.009018, Grad_norm=0.0526, Final_scale=190.0902
🚀 APPLYING GUIDANCE at step 10 (timestep=922)
🎯 GUIDANCE STEP 10 (t=922): Loss=0.6182, Rho=21.791168, Grad_norm=0.0459, Final_scale=217.9117
🚀 APPLYING GUIDANCE at step 11 (timestep=913)
🎯 GUIDANCE STEP 11 (t=913): Loss=0.6211, Rho=12.428168, Grad_norm=0.0805, Final_scale=124.2817
🚀 APPLYING GUIDANCE at step 12 (timestep=904)
🎯 GUIDANCE STEP 12 (t=904): Loss=0.6211, Rho=12.730691, Grad_norm=0.0786, Final_scale=127.3069
🚀 APPLYING GUIDANCE at step 13 (timestep=894)
🎯 GUIDANCE STEP 13 (t=894): Loss=0.6226, Rho=8.735659, Grad_norm=0.1145, Final_scale=87.3566
🚀 APPLYING GUIDANCE at step 14 (timestep=884)
🎯 GUIDANCE STEP 14 (t=884): Loss=0.6206, Rho=5.421515, Grad_norm=0.1845, Final_scale=54.2151
🚀 APPLYING GUIDANCE at step 15 (timestep=874)
🎯 GUIDANCE STEP 15 (t=874): Loss=0.6172, Rho=8.843954, Grad_norm=0.1131, Final_scale=88.4395
🚀 APPLYING GUIDANCE at step 16 (timestep=864)
🎯 GUIDANCE STEP 16 (t=864): Loss=0.6182, Rho=10.244737, Grad_norm=0.0976, Final_scale=102.4474
🚀 APPLYING GUIDANCE at step 17 (timestep=853)
🎯 GUIDANCE STEP 17 (t=853): Loss=0.6196, Rho=15.875973, Grad_norm=0.0630, Final_scale=158.7597
🚀 APPLYING GUIDANCE at step 18 (timestep=841)
🎯 GUIDANCE STEP 18 (t=841): Loss=0.6211, Rho=1.422079, Grad_norm=0.7032, Final_scale=14.2208
🚀 APPLYING GUIDANCE at step 19 (timestep=829)
🎯 GUIDANCE STEP 19 (t=829): Loss=0.6211, Rho=10.121195, Grad_norm=0.0988, Final_scale=101.2119
🚀 APPLYING GUIDANCE at step 20 (timestep=817)
🎯 GUIDANCE STEP 20 (t=817): Loss=0.6226, Rho=12.641726, Grad_norm=0.0791, Final_scale=126.4173
🚀 APPLYING GUIDANCE at step 21 (timestep=805)
🎯 GUIDANCE STEP 21 (t=805): Loss=0.6201, Rho=21.962961, Grad_norm=0.0455, Final_scale=219.6296
🚀 APPLYING GUIDANCE at step 22 (timestep=792)
🎯 GUIDANCE STEP 22 (t=792): Loss=0.6216, Rho=6.738904, Grad_norm=0.1484, Final_scale=67.3890
🚀 APPLYING GUIDANCE at step 23 (timestep=778)
🎯 GUIDANCE STEP 23 (t=778): Loss=0.6211, Rho=7.748952, Grad_norm=0.1290, Final_scale=77.4895
🚀 APPLYING GUIDANCE at step 24 (timestep=764)
🎯 GUIDANCE STEP 24 (t=764): Loss=0.6206, Rho=12.859608, Grad_norm=0.0778, Final_scale=128.5961
🚀 APPLYING GUIDANCE at step 25 (timestep=749)
🎯 GUIDANCE STEP 25 (t=749): Loss=0.6211, Rho=15.773048, Grad_norm=0.0634, Final_scale=157.7305
🚀 APPLYING GUIDANCE at step 26 (timestep=734)
🎯 GUIDANCE STEP 26 (t=734): Loss=0.6211, Rho=19.727497, Grad_norm=0.0507, Final_scale=197.2750
🚀 APPLYING GUIDANCE at step 27 (timestep=718)
🎯 GUIDANCE STEP 27 (t=718): Loss=0.6206, Rho=17.323017, Grad_norm=0.0577, Final_scale=173.2302
🚀 APPLYING GUIDANCE at step 28 (timestep=701)
🎯 GUIDANCE STEP 28 (t=701): Loss=0.6211, Rho=16.962105, Grad_norm=0.0590, Final_scale=169.6210
🚀 APPLYING GUIDANCE at step 29 (timestep=684)
🎯 GUIDANCE STEP 29 (t=684): Loss=0.6211, Rho=26.393536, Grad_norm=0.0379, Final_scale=263.9354
🚀 APPLYING GUIDANCE at step 30 (timestep=666)
🎯 GUIDANCE STEP 30 (t=666): Loss=0.6216, Rho=3.083447, Grad_norm=0.3243, Final_scale=30.8345
🚀 APPLYING GUIDANCE at step 31 (timestep=647)
🎯 GUIDANCE STEP 31 (t=647): Loss=0.6187, Rho=22.567327, Grad_norm=0.0443, Final_scale=225.6733
🚀 APPLYING GUIDANCE at step 32 (timestep=627)
🎯 GUIDANCE STEP 32 (t=627): Loss=0.6201, Rho=17.666151, Grad_norm=0.0566, Final_scale=176.6615
🚀 APPLYING GUIDANCE at step 33 (timestep=606)
🎯 GUIDANCE STEP 33 (t=606): Loss=0.6182, Rho=5.430601, Grad_norm=0.1841, Final_scale=54.3060
🚀 APPLYING GUIDANCE at step 34 (timestep=585)
🎯 GUIDANCE STEP 34 (t=585): Loss=0.6201, Rho=18.630304, Grad_norm=0.0537, Final_scale=186.3030
🚀 APPLYING GUIDANCE at step 35 (timestep=562)
🎯 GUIDANCE STEP 35 (t=562): Loss=0.6182, Rho=29.677488, Grad_norm=0.0337, Final_scale=296.7749
🚀 APPLYING GUIDANCE at step 36 (timestep=538)
🎯 GUIDANCE STEP 36 (t=538): Loss=0.6182, Rho=21.669182, Grad_norm=0.0461, Final_scale=216.6918
🚀 APPLYING GUIDANCE at step 37 (timestep=512)
🎯 GUIDANCE STEP 37 (t=512): Loss=0.6196, Rho=11.514059, Grad_norm=0.0869, Final_scale=115.1406
🚀 APPLYING GUIDANCE at step 38 (timestep=486)
🎯 GUIDANCE STEP 38 (t=486): Loss=0.6177, Rho=36.599865, Grad_norm=0.0273, Final_scale=365.9986
🚀 APPLYING GUIDANCE at step 39 (timestep=458)
🎯 GUIDANCE STEP 39 (t=458): Loss=0.6172, Rho=23.328253, Grad_norm=0.0429, Final_scale=233.2825
🚀 APPLYING GUIDANCE at step 40 (timestep=428)
🎯 GUIDANCE STEP 40 (t=428): Loss=0.6196, Rho=33.230377, Grad_norm=0.0301, Final_scale=332.3038
🚀 APPLYING GUIDANCE at step 41 (timestep=396)
🎯 GUIDANCE STEP 41 (t=396): Loss=0.6191, Rho=14.906479, Grad_norm=0.0671, Final_scale=149.0648
🚀 APPLYING GUIDANCE at step 42 (timestep=363)
🎯 GUIDANCE STEP 42 (t=363): Loss=0.6191, Rho=30.105089, Grad_norm=0.0332, Final_scale=301.0509
🚀 APPLYING GUIDANCE at step 43 (timestep=327)
🎯 GUIDANCE STEP 43 (t=327): Loss=0.6201, Rho=23.263525, Grad_norm=0.0430, Final_scale=232.6353
🚀 APPLYING GUIDANCE at step 44 (timestep=290)
🎯 GUIDANCE STEP 44 (t=290): Loss=0.6216, Rho=13.553118, Grad_norm=0.0738, Final_scale=135.5312
🚀 APPLYING GUIDANCE at step 45 (timestep=249)
🎯 GUIDANCE STEP 45 (t=249): Loss=0.6187, Rho=42.784973, Grad_norm=0.0234, Final_scale=427.8497
🚀 APPLYING GUIDANCE at step 46 (timestep=206)
🎯 GUIDANCE STEP 46 (t=206): Loss=0.6191, Rho=49.684502, Grad_norm=0.0201, Final_scale=496.8450
🚀 APPLYING GUIDANCE at step 47 (timestep=160)
🎯 GUIDANCE STEP 47 (t=160): Loss=0.6196, Rho=25.531483, Grad_norm=0.0392, Final_scale=255.3148
🚀 APPLYING GUIDANCE at step 48 (timestep=111)
🎯 GUIDANCE STEP 48 (t=111): Loss=0.6187, Rho=10.411746, Grad_norm=0.0960, Final_scale=104.1175
🚀 APPLYING GUIDANCE at step 49 (timestep=57)
🎯 GUIDANCE STEP 49 (t=57): Loss=0.6196, Rho=17.363472, Grad_norm=0.0576, Final_scale=173.6347
[guidance_f33_s50_w8c6_rho10.0_cfg5.0_0701_1608] Generated: generated_videos/subject_consistency/guidance_f33_s50_w8c6_rho10.0_cfg5.0_0701_1608/an_elephant_spraying_itself_with_water_using_its_t.mp4
[guidance_f33_s50_w8c6_rho10.0_cfg5.0_0701_1608] Generating video 7/9 (guidance): an elephant taking a peaceful walk
🎬 STARTING GUIDANCE PIPELINE GENERATION
   Frames: 33, Steps: 50, CFG Scale: 5.0

🔧 GUIDANCE PIPELINE CONFIGURATION:
   Guidance range: 0 - 1001
   Rho scale: 10.0
   V-JEPA kernel_size: 8
   V-JEPA context_length: 6
   V-JEPA stride: 2
   V-JEPA mode: max
   Total timesteps: 50

🚀 APPLYING GUIDANCE at step 0 (timestep=999)
🎯 GUIDANCE STEP 0 (t=999): Loss=0.5918, Rho=10.513609, Grad_norm=0.0951, Final_scale=105.1361
🚀 APPLYING GUIDANCE at step 1 (timestep=992)
🎯 GUIDANCE STEP 1 (t=992): Loss=0.5625, Rho=14.823195, Grad_norm=0.0675, Final_scale=148.2319
🚀 APPLYING GUIDANCE at step 2 (timestep=985)
🎯 GUIDANCE STEP 2 (t=985): Loss=0.5898, Rho=18.117151, Grad_norm=0.0552, Final_scale=181.1715
🚀 APPLYING GUIDANCE at step 3 (timestep=978)
🎯 GUIDANCE STEP 3 (t=978): Loss=0.5767, Rho=8.536699, Grad_norm=0.1171, Final_scale=85.3670
🚀 APPLYING GUIDANCE at step 4 (timestep=971)
🎯 GUIDANCE STEP 4 (t=971): Loss=0.5854, Rho=23.611113, Grad_norm=0.0424, Final_scale=236.1111
🚀 APPLYING GUIDANCE at step 5 (timestep=963)
🎯 GUIDANCE STEP 5 (t=963): Loss=0.5845, Rho=19.125349, Grad_norm=0.0523, Final_scale=191.2535
🚀 APPLYING GUIDANCE at step 6 (timestep=956)
🎯 GUIDANCE STEP 6 (t=956): Loss=0.5938, Rho=9.120794, Grad_norm=0.1096, Final_scale=91.2079
🚀 APPLYING GUIDANCE at step 7 (timestep=948)
🎯 GUIDANCE STEP 7 (t=948): Loss=0.6016, Rho=8.975761, Grad_norm=0.1114, Final_scale=89.7576
🚀 APPLYING GUIDANCE at step 8 (timestep=939)
🎯 GUIDANCE STEP 8 (t=939): Loss=0.6021, Rho=10.065581, Grad_norm=0.0993, Final_scale=100.6558
🚀 APPLYING GUIDANCE at step 9 (timestep=931)
🎯 GUIDANCE STEP 9 (t=931): Loss=0.6123, Rho=6.894630, Grad_norm=0.1450, Final_scale=68.9463
🚀 APPLYING GUIDANCE at step 10 (timestep=922)
🎯 GUIDANCE STEP 10 (t=922): Loss=0.6099, Rho=8.888929, Grad_norm=0.1125, Final_scale=88.8893
🚀 APPLYING GUIDANCE at step 11 (timestep=913)
🎯 GUIDANCE STEP 11 (t=913): Loss=0.6079, Rho=10.123193, Grad_norm=0.0988, Final_scale=101.2319
🚀 APPLYING GUIDANCE at step 12 (timestep=904)
🎯 GUIDANCE STEP 12 (t=904): Loss=0.6104, Rho=7.608681, Grad_norm=0.1314, Final_scale=76.0868
🚀 APPLYING GUIDANCE at step 13 (timestep=894)
🎯 GUIDANCE STEP 13 (t=894): Loss=0.6089, Rho=14.953709, Grad_norm=0.0669, Final_scale=149.5371
🚀 APPLYING GUIDANCE at step 14 (timestep=884)
🎯 GUIDANCE STEP 14 (t=884): Loss=0.6099, Rho=6.250909, Grad_norm=0.1600, Final_scale=62.5091
🚀 APPLYING GUIDANCE at step 15 (timestep=874)
🎯 GUIDANCE STEP 15 (t=874): Loss=0.6074, Rho=13.478041, Grad_norm=0.0742, Final_scale=134.7804
🚀 APPLYING GUIDANCE at step 16 (timestep=864)
🎯 GUIDANCE STEP 16 (t=864): Loss=0.6069, Rho=9.060624, Grad_norm=0.1104, Final_scale=90.6062
🚀 APPLYING GUIDANCE at step 17 (timestep=853)
🎯 GUIDANCE STEP 17 (t=853): Loss=0.6050, Rho=11.409504, Grad_norm=0.0876, Final_scale=114.0950
🚀 APPLYING GUIDANCE at step 18 (timestep=841)
🎯 GUIDANCE STEP 18 (t=841): Loss=0.6069, Rho=13.453272, Grad_norm=0.0743, Final_scale=134.5327
🚀 APPLYING GUIDANCE at step 19 (timestep=829)
🎯 GUIDANCE STEP 19 (t=829): Loss=0.6064, Rho=10.995625, Grad_norm=0.0909, Final_scale=109.9563
🚀 APPLYING GUIDANCE at step 20 (timestep=817)
🎯 GUIDANCE STEP 20 (t=817): Loss=0.6040, Rho=6.411081, Grad_norm=0.1560, Final_scale=64.1108
🚀 APPLYING GUIDANCE at step 21 (timestep=805)
🎯 GUIDANCE STEP 21 (t=805): Loss=0.6025, Rho=19.662210, Grad_norm=0.0509, Final_scale=196.6221
🚀 APPLYING GUIDANCE at step 22 (timestep=792)
🎯 GUIDANCE STEP 22 (t=792): Loss=0.6021, Rho=13.948055, Grad_norm=0.0717, Final_scale=139.4806
🚀 APPLYING GUIDANCE at step 23 (timestep=778)
🎯 GUIDANCE STEP 23 (t=778): Loss=0.6045, Rho=16.449402, Grad_norm=0.0608, Final_scale=164.4940
🚀 APPLYING GUIDANCE at step 24 (timestep=764)
🎯 GUIDANCE STEP 24 (t=764): Loss=0.6060, Rho=11.787360, Grad_norm=0.0848, Final_scale=117.8736
🚀 APPLYING GUIDANCE at step 25 (timestep=749)
🎯 GUIDANCE STEP 25 (t=749): Loss=0.6074, Rho=6.865965, Grad_norm=0.1456, Final_scale=68.6597
🚀 APPLYING GUIDANCE at step 26 (timestep=734)
🎯 GUIDANCE STEP 26 (t=734): Loss=0.6050, Rho=14.704663, Grad_norm=0.0680, Final_scale=147.0466
🚀 APPLYING GUIDANCE at step 27 (timestep=718)
🎯 GUIDANCE STEP 27 (t=718): Loss=0.6104, Rho=13.873620, Grad_norm=0.0721, Final_scale=138.7362
🚀 APPLYING GUIDANCE at step 28 (timestep=701)
🎯 GUIDANCE STEP 28 (t=701): Loss=0.6104, Rho=9.461581, Grad_norm=0.1057, Final_scale=94.6158
🚀 APPLYING GUIDANCE at step 29 (timestep=684)
🎯 GUIDANCE STEP 29 (t=684): Loss=0.6079, Rho=22.790575, Grad_norm=0.0439, Final_scale=227.9058
🚀 APPLYING GUIDANCE at step 30 (timestep=666)
🎯 GUIDANCE STEP 30 (t=666): Loss=0.6138, Rho=16.507111, Grad_norm=0.0606, Final_scale=165.0711
🚀 APPLYING GUIDANCE at step 31 (timestep=647)
🎯 GUIDANCE STEP 31 (t=647): Loss=0.6084, Rho=22.220537, Grad_norm=0.0450, Final_scale=222.2054
🚀 APPLYING GUIDANCE at step 32 (timestep=627)
🎯 GUIDANCE STEP 32 (t=627): Loss=0.6069, Rho=12.582119, Grad_norm=0.0795, Final_scale=125.8212
🚀 APPLYING GUIDANCE at step 33 (timestep=606)
🎯 GUIDANCE STEP 33 (t=606): Loss=0.6040, Rho=12.687774, Grad_norm=0.0788, Final_scale=126.8777
🚀 APPLYING GUIDANCE at step 34 (timestep=585)
🎯 GUIDANCE STEP 34 (t=585): Loss=0.6104, Rho=16.055899, Grad_norm=0.0623, Final_scale=160.5590
🚀 APPLYING GUIDANCE at step 35 (timestep=562)
🎯 GUIDANCE STEP 35 (t=562): Loss=0.6060, Rho=20.595654, Grad_norm=0.0486, Final_scale=205.9565
🚀 APPLYING GUIDANCE at step 36 (timestep=538)
🎯 GUIDANCE STEP 36 (t=538): Loss=0.6064, Rho=19.281717, Grad_norm=0.0519, Final_scale=192.8172
🚀 APPLYING GUIDANCE at step 37 (timestep=512)
🎯 GUIDANCE STEP 37 (t=512): Loss=0.6069, Rho=20.745419, Grad_norm=0.0482, Final_scale=207.4542
🚀 APPLYING GUIDANCE at step 38 (timestep=486)
🎯 GUIDANCE STEP 38 (t=486): Loss=0.6084, Rho=28.948030, Grad_norm=0.0345, Final_scale=289.4803
🚀 APPLYING GUIDANCE at step 39 (timestep=458)
🎯 GUIDANCE STEP 39 (t=458): Loss=0.6074, Rho=24.889755, Grad_norm=0.0402, Final_scale=248.8976
🚀 APPLYING GUIDANCE at step 40 (timestep=428)
🎯 GUIDANCE STEP 40 (t=428): Loss=0.6104, Rho=19.219460, Grad_norm=0.0520, Final_scale=192.1946
🚀 APPLYING GUIDANCE at step 41 (timestep=396)
🎯 GUIDANCE STEP 41 (t=396): Loss=0.6089, Rho=25.946844, Grad_norm=0.0385, Final_scale=259.4684
🚀 APPLYING GUIDANCE at step 42 (timestep=363)
🎯 GUIDANCE STEP 42 (t=363): Loss=0.6050, Rho=23.458502, Grad_norm=0.0426, Final_scale=234.5850
🚀 APPLYING GUIDANCE at step 43 (timestep=327)
🎯 GUIDANCE STEP 43 (t=327): Loss=0.6099, Rho=28.947987, Grad_norm=0.0345, Final_scale=289.4799
🚀 APPLYING GUIDANCE at step 44 (timestep=290)
🎯 GUIDANCE STEP 44 (t=290): Loss=0.6055, Rho=12.052994, Grad_norm=0.0830, Final_scale=120.5299
🚀 APPLYING GUIDANCE at step 45 (timestep=249)
🎯 GUIDANCE STEP 45 (t=249): Loss=0.6069, Rho=16.316498, Grad_norm=0.0613, Final_scale=163.1650
🚀 APPLYING GUIDANCE at step 46 (timestep=206)
🎯 GUIDANCE STEP 46 (t=206): Loss=0.6045, Rho=20.603270, Grad_norm=0.0485, Final_scale=206.0327
🚀 APPLYING GUIDANCE at step 47 (timestep=160)
🎯 GUIDANCE STEP 47 (t=160): Loss=0.6021, Rho=27.628069, Grad_norm=0.0362, Final_scale=276.2807
🚀 APPLYING GUIDANCE at step 48 (timestep=111)
🎯 GUIDANCE STEP 48 (t=111): Loss=0.6045, Rho=14.936227, Grad_norm=0.0670, Final_scale=149.3623
🚀 APPLYING GUIDANCE at step 49 (timestep=57)
🎯 GUIDANCE STEP 49 (t=57): Loss=0.6021, Rho=10.912217, Grad_norm=0.0916, Final_scale=109.1222
[guidance_f33_s50_w8c6_rho10.0_cfg5.0_0701_1608] Generated: generated_videos/subject_consistency/guidance_f33_s50_w8c6_rho10.0_cfg5.0_0701_1608/a_zebra_taking_a_peaceful_walk.mp4
[guidance_f33_s50_w8c6_rho10.0_cfg5.0_0701_1608] Generating video 7/9 (guidance): a giraffe bending down to drink water from a river
🎬 STARTING GUIDANCE PIPELINE GENERATION
   Frames: 33, Steps: 50, CFG Scale: 5.0

🔧 GUIDANCE PIPELINE CONFIGURATION:
   Guidance range: 0 - 1001
   Rho scale: 10.0
   V-JEPA kernel_size: 8
   V-JEPA context_length: 6
   V-JEPA stride: 2
   V-JEPA mode: max
   Total timesteps: 50

🚀 APPLYING GUIDANCE at step 0 (timestep=999)
🎯 GUIDANCE STEP 0 (t=999): Loss=0.5674, Rho=4.667138, Grad_norm=0.2143, Final_scale=46.6714
🚀 APPLYING GUIDANCE at step 1 (timestep=992)
🎯 GUIDANCE STEP 1 (t=992): Loss=0.5830, Rho=12.747496, Grad_norm=0.0784, Final_scale=127.4750
🚀 APPLYING GUIDANCE at step 2 (timestep=985)
🎯 GUIDANCE STEP 2 (t=985): Loss=0.5854, Rho=7.266841, Grad_norm=0.1376, Final_scale=72.6684
🚀 APPLYING GUIDANCE at step 3 (timestep=978)
🎯 GUIDANCE STEP 3 (t=978): Loss=0.5845, Rho=13.914965, Grad_norm=0.0719, Final_scale=139.1496
🚀 APPLYING GUIDANCE at step 4 (timestep=971)
🎯 GUIDANCE STEP 4 (t=971): Loss=0.5835, Rho=5.581306, Grad_norm=0.1792, Final_scale=55.8131
🚀 APPLYING GUIDANCE at step 5 (timestep=963)
🎯 GUIDANCE STEP 5 (t=963): Loss=0.5889, Rho=15.769691, Grad_norm=0.0634, Final_scale=157.6969
🚀 APPLYING GUIDANCE at step 6 (timestep=956)
🎯 GUIDANCE STEP 6 (t=956): Loss=0.6211, Rho=8.196355, Grad_norm=0.1220, Final_scale=81.9635
🚀 APPLYING GUIDANCE at step 7 (timestep=948)
🎯 GUIDANCE STEP 7 (t=948): Loss=0.6216, Rho=6.762370, Grad_norm=0.1479, Final_scale=67.6237
🚀 APPLYING GUIDANCE at step 8 (timestep=939)
🎯 GUIDANCE STEP 8 (t=939): Loss=0.6294, Rho=9.212190, Grad_norm=0.1086, Final_scale=92.1219
🚀 APPLYING GUIDANCE at step 9 (timestep=931)
🎯 GUIDANCE STEP 9 (t=931): Loss=0.6318, Rho=14.433760, Grad_norm=0.0693, Final_scale=144.3376
🚀 APPLYING GUIDANCE at step 10 (timestep=922)
🎯 GUIDANCE STEP 10 (t=922): Loss=0.6333, Rho=13.130968, Grad_norm=0.0762, Final_scale=131.3097
🚀 APPLYING GUIDANCE at step 11 (timestep=913)
🎯 GUIDANCE STEP 11 (t=913): Loss=0.6318, Rho=10.158733, Grad_norm=0.0984, Final_scale=101.5873
🚀 APPLYING GUIDANCE at step 12 (timestep=904)
🎯 GUIDANCE STEP 12 (t=904): Loss=0.6279, Rho=8.145509, Grad_norm=0.1228, Final_scale=81.4551
🚀 APPLYING GUIDANCE at step 13 (timestep=894)
🎯 GUIDANCE STEP 13 (t=894): Loss=0.6343, Rho=7.557086, Grad_norm=0.1323, Final_scale=75.5709
🚀 APPLYING GUIDANCE at step 14 (timestep=884)
🎯 GUIDANCE STEP 14 (t=884): Loss=0.6338, Rho=14.925387, Grad_norm=0.0670, Final_scale=149.2539
🚀 APPLYING GUIDANCE at step 15 (timestep=874)
🎯 GUIDANCE STEP 15 (t=874): Loss=0.6299, Rho=3.997592, Grad_norm=0.2502, Final_scale=39.9759
🚀 APPLYING GUIDANCE at step 16 (timestep=864)
🎯 GUIDANCE STEP 16 (t=864): Loss=0.6299, Rho=14.334810, Grad_norm=0.0698, Final_scale=143.3481
🚀 APPLYING GUIDANCE at step 17 (timestep=853)
🎯 GUIDANCE STEP 17 (t=853): Loss=0.6289, Rho=14.355909, Grad_norm=0.0697, Final_scale=143.5591
🚀 APPLYING GUIDANCE at step 18 (timestep=841)
🎯 GUIDANCE STEP 18 (t=841): Loss=0.6294, Rho=13.487935, Grad_norm=0.0741, Final_scale=134.8794
🚀 APPLYING GUIDANCE at step 19 (timestep=829)
🎯 GUIDANCE STEP 19 (t=829): Loss=0.6274, Rho=11.489595, Grad_norm=0.0870, Final_scale=114.8960
🚀 APPLYING GUIDANCE at step 20 (timestep=817)
🎯 GUIDANCE STEP 20 (t=817): Loss=0.6294, Rho=3.046371, Grad_norm=0.3283, Final_scale=30.4637
🚀 APPLYING GUIDANCE at step 21 (timestep=805)
🎯 GUIDANCE STEP 21 (t=805): Loss=0.6313, Rho=14.984992, Grad_norm=0.0667, Final_scale=149.8499
🚀 APPLYING GUIDANCE at step 22 (timestep=792)
🎯 GUIDANCE STEP 22 (t=792): Loss=0.6260, Rho=16.290758, Grad_norm=0.0614, Final_scale=162.9076
🚀 APPLYING GUIDANCE at step 23 (timestep=778)
🎯 GUIDANCE STEP 23 (t=778): Loss=0.6250, Rho=20.679979, Grad_norm=0.0484, Final_scale=206.7998
🚀 APPLYING GUIDANCE at step 24 (timestep=764)
🎯 GUIDANCE STEP 24 (t=764): Loss=0.6260, Rho=11.335534, Grad_norm=0.0882, Final_scale=113.3553
🚀 APPLYING GUIDANCE at step 25 (timestep=749)
🎯 GUIDANCE STEP 25 (t=749): Loss=0.6265, Rho=11.841293, Grad_norm=0.0845, Final_scale=118.4129
🚀 APPLYING GUIDANCE at step 26 (timestep=734)
🎯 GUIDANCE STEP 26 (t=734): Loss=0.6274, Rho=17.593761, Grad_norm=0.0568, Final_scale=175.9376
🚀 APPLYING GUIDANCE at step 27 (timestep=718)
🎯 GUIDANCE STEP 27 (t=718): Loss=0.6270, Rho=12.907425, Grad_norm=0.0775, Final_scale=129.0742
🚀 APPLYING GUIDANCE at step 28 (timestep=701)
🎯 GUIDANCE STEP 28 (t=701): Loss=0.6279, Rho=8.561960, Grad_norm=0.1168, Final_scale=85.6196
🚀 APPLYING GUIDANCE at step 29 (timestep=684)
🎯 GUIDANCE STEP 29 (t=684): Loss=0.6260, Rho=8.407169, Grad_norm=0.1189, Final_scale=84.0717
🚀 APPLYING GUIDANCE at step 30 (timestep=666)
🎯 GUIDANCE STEP 30 (t=666): Loss=0.6274, Rho=7.435161, Grad_norm=0.1345, Final_scale=74.3516
🚀 APPLYING GUIDANCE at step 31 (timestep=647)
🎯 GUIDANCE STEP 31 (t=647): Loss=0.6250, Rho=17.798546, Grad_norm=0.0562, Final_scale=177.9855
🚀 APPLYING GUIDANCE at step 32 (timestep=627)
🎯 GUIDANCE STEP 32 (t=627): Loss=0.6284, Rho=17.502411, Grad_norm=0.0571, Final_scale=175.0241
🚀 APPLYING GUIDANCE at step 33 (timestep=606)
🎯 GUIDANCE STEP 33 (t=606): Loss=0.6260, Rho=19.734499, Grad_norm=0.0507, Final_scale=197.3450
🚀 APPLYING GUIDANCE at step 34 (timestep=585)
🎯 GUIDANCE STEP 34 (t=585): Loss=0.6284, Rho=14.891389, Grad_norm=0.0672, Final_scale=148.9139
🚀 APPLYING GUIDANCE at step 35 (timestep=562)
🎯 GUIDANCE STEP 35 (t=562): Loss=0.6294, Rho=3.445464, Grad_norm=0.2902, Final_scale=34.4546
🚀 APPLYING GUIDANCE at step 36 (timestep=538)
🎯 GUIDANCE STEP 36 (t=538): Loss=0.6265, Rho=17.196434, Grad_norm=0.0582, Final_scale=171.9643
🚀 APPLYING GUIDANCE at step 37 (timestep=512)
🎯 GUIDANCE STEP 37 (t=512): Loss=0.6255, Rho=15.698569, Grad_norm=0.0637, Final_scale=156.9857
🚀 APPLYING GUIDANCE at step 38 (timestep=486)
🎯 GUIDANCE STEP 38 (t=486): Loss=0.6245, Rho=19.202234, Grad_norm=0.0521, Final_scale=192.0223
🚀 APPLYING GUIDANCE at step 39 (timestep=458)
🎯 GUIDANCE STEP 39 (t=458): Loss=0.6255, Rho=17.223637, Grad_norm=0.0581, Final_scale=172.2364
🚀 APPLYING GUIDANCE at step 40 (timestep=428)
🎯 GUIDANCE STEP 40 (t=428): Loss=0.6245, Rho=14.539104, Grad_norm=0.0688, Final_scale=145.3910
🚀 APPLYING GUIDANCE at step 41 (timestep=396)
🎯 GUIDANCE STEP 41 (t=396): Loss=0.6260, Rho=23.313364, Grad_norm=0.0429, Final_scale=233.1336
🚀 APPLYING GUIDANCE at step 42 (timestep=363)
🎯 GUIDANCE STEP 42 (t=363): Loss=0.6265, Rho=25.841866, Grad_norm=0.0387, Final_scale=258.4187
🚀 APPLYING GUIDANCE at step 43 (timestep=327)
🎯 GUIDANCE STEP 43 (t=327): Loss=0.6270, Rho=28.138039, Grad_norm=0.0355, Final_scale=281.3804
🚀 APPLYING GUIDANCE at step 44 (timestep=290)
🎯 GUIDANCE STEP 44 (t=290): Loss=0.6265, Rho=8.612703, Grad_norm=0.1161, Final_scale=86.1270
🚀 APPLYING GUIDANCE at step 45 (timestep=249)
🎯 GUIDANCE STEP 45 (t=249): Loss=0.6245, Rho=45.100372, Grad_norm=0.0222, Final_scale=451.0037
🚀 APPLYING GUIDANCE at step 46 (timestep=206)
🎯 GUIDANCE STEP 46 (t=206): Loss=0.6250, Rho=22.518810, Grad_norm=0.0444, Final_scale=225.1881
🚀 APPLYING GUIDANCE at step 47 (timestep=160)
🎯 GUIDANCE STEP 47 (t=160): Loss=0.6245, Rho=25.961704, Grad_norm=0.0385, Final_scale=259.6170
🚀 APPLYING GUIDANCE at step 48 (timestep=111)
🎯 GUIDANCE STEP 48 (t=111): Loss=0.6230, Rho=17.966963, Grad_norm=0.0557, Final_scale=179.6696
🚀 APPLYING GUIDANCE at step 49 (timestep=57)
🎯 GUIDANCE STEP 49 (t=57): Loss=0.6230, Rho=11.598449, Grad_norm=0.0862, Final_scale=115.9845
[guidance_f33_s50_w8c6_rho10.0_cfg5.0_0701_1608] Generated: generated_videos/subject_consistency/guidance_f33_s50_w8c6_rho10.0_cfg5.0_0701_1608/a_car_accelerating_to_gain_speed.mp4
[guidance_f33_s50_w8c6_rho10.0_cfg5.0_0701_1608] Generating video 7/9 (guidance): a motorcycle cruising along a coastal highway
🎬 STARTING GUIDANCE PIPELINE GENERATION
   Frames: 33, Steps: 50, CFG Scale: 5.0

🔧 GUIDANCE PIPELINE CONFIGURATION:
   Guidance range: 0 - 1001
   Rho scale: 10.0
   V-JEPA kernel_size: 8
   V-JEPA context_length: 6
   V-JEPA stride: 2
   V-JEPA mode: max
   Total timesteps: 50

🚀 APPLYING GUIDANCE at step 0 (timestep=999)
🎯 GUIDANCE STEP 0 (t=999): Loss=0.5498, Rho=9.862455, Grad_norm=0.1014, Final_scale=98.6246
🚀 APPLYING GUIDANCE at step 1 (timestep=992)
🎯 GUIDANCE STEP 1 (t=992): Loss=0.5415, Rho=30.111063, Grad_norm=0.0332, Final_scale=301.1106
🚀 APPLYING GUIDANCE at step 2 (timestep=985)
🎯 GUIDANCE STEP 2 (t=985): Loss=0.5596, Rho=12.870089, Grad_norm=0.0777, Final_scale=128.7009
🚀 APPLYING GUIDANCE at step 3 (timestep=978)
🎯 GUIDANCE STEP 3 (t=978): Loss=0.5781, Rho=7.168406, Grad_norm=0.1395, Final_scale=71.6841
🚀 APPLYING GUIDANCE at step 4 (timestep=971)
🎯 GUIDANCE STEP 4 (t=971): Loss=0.5981, Rho=9.870749, Grad_norm=0.1013, Final_scale=98.7075
🚀 APPLYING GUIDANCE at step 5 (timestep=963)
🎯 GUIDANCE STEP 5 (t=963): Loss=0.6260, Rho=8.075895, Grad_norm=0.1238, Final_scale=80.7590
🚀 APPLYING GUIDANCE at step 6 (timestep=956)
🎯 GUIDANCE STEP 6 (t=956): Loss=0.6289, Rho=4.777815, Grad_norm=0.2093, Final_scale=47.7782
🚀 APPLYING GUIDANCE at step 7 (timestep=948)
🎯 GUIDANCE STEP 7 (t=948): Loss=0.6265, Rho=5.656690, Grad_norm=0.1768, Final_scale=56.5669
🚀 APPLYING GUIDANCE at step 8 (timestep=939)
🎯 GUIDANCE STEP 8 (t=939): Loss=0.6274, Rho=5.874456, Grad_norm=0.1702, Final_scale=58.7446
🚀 APPLYING GUIDANCE at step 9 (timestep=931)
🎯 GUIDANCE STEP 9 (t=931): Loss=0.6279, Rho=4.218781, Grad_norm=0.2370, Final_scale=42.1878
🚀 APPLYING GUIDANCE at step 10 (timestep=922)
🎯 GUIDANCE STEP 10 (t=922): Loss=0.6304, Rho=8.424073, Grad_norm=0.1187, Final_scale=84.2407
🚀 APPLYING GUIDANCE at step 11 (timestep=913)
🎯 GUIDANCE STEP 11 (t=913): Loss=0.6328, Rho=4.892241, Grad_norm=0.2044, Final_scale=48.9224
🚀 APPLYING GUIDANCE at step 12 (timestep=904)
🎯 GUIDANCE STEP 12 (t=904): Loss=0.6343, Rho=5.540511, Grad_norm=0.1805, Final_scale=55.4051
🚀 APPLYING GUIDANCE at step 13 (timestep=894)
🎯 GUIDANCE STEP 13 (t=894): Loss=0.6382, Rho=6.671810, Grad_norm=0.1499, Final_scale=66.7181
🚀 APPLYING GUIDANCE at step 14 (timestep=884)
🎯 GUIDANCE STEP 14 (t=884): Loss=0.6382, Rho=7.487518, Grad_norm=0.1336, Final_scale=74.8752
🚀 APPLYING GUIDANCE at step 15 (timestep=874)
🎯 GUIDANCE STEP 15 (t=874): Loss=0.6362, Rho=7.646453, Grad_norm=0.1308, Final_scale=76.4645
🚀 APPLYING GUIDANCE at step 16 (timestep=864)
🎯 GUIDANCE STEP 16 (t=864): Loss=0.6318, Rho=8.321367, Grad_norm=0.1202, Final_scale=83.2137
🚀 APPLYING GUIDANCE at step 17 (timestep=853)
🎯 GUIDANCE STEP 17 (t=853): Loss=0.6343, Rho=9.712884, Grad_norm=0.1030, Final_scale=97.1288
🚀 APPLYING GUIDANCE at step 18 (timestep=841)
🎯 GUIDANCE STEP 18 (t=841): Loss=0.6318, Rho=8.262019, Grad_norm=0.1210, Final_scale=82.6202
🚀 APPLYING GUIDANCE at step 19 (timestep=829)
🎯 GUIDANCE STEP 19 (t=829): Loss=0.6333, Rho=10.293523, Grad_norm=0.0971, Final_scale=102.9352
🚀 APPLYING GUIDANCE at step 20 (timestep=817)
🎯 GUIDANCE STEP 20 (t=817): Loss=0.6328, Rho=6.070245, Grad_norm=0.1647, Final_scale=60.7025
🚀 APPLYING GUIDANCE at step 21 (timestep=805)
🎯 GUIDANCE STEP 21 (t=805): Loss=0.6289, Rho=7.349299, Grad_norm=0.1361, Final_scale=73.4930
🚀 APPLYING GUIDANCE at step 22 (timestep=792)
🎯 GUIDANCE STEP 22 (t=792): Loss=0.6265, Rho=13.700916, Grad_norm=0.0730, Final_scale=137.0092
🚀 APPLYING GUIDANCE at step 23 (timestep=778)
🎯 GUIDANCE STEP 23 (t=778): Loss=0.6279, Rho=4.619736, Grad_norm=0.2165, Final_scale=46.1974
🚀 APPLYING GUIDANCE at step 24 (timestep=764)
🎯 GUIDANCE STEP 24 (t=764): Loss=0.6279, Rho=6.202339, Grad_norm=0.1612, Final_scale=62.0234
🚀 APPLYING GUIDANCE at step 25 (timestep=749)
🎯 GUIDANCE STEP 25 (t=749): Loss=0.6294, Rho=5.883517, Grad_norm=0.1700, Final_scale=58.8352
🚀 APPLYING GUIDANCE at step 26 (timestep=734)
🎯 GUIDANCE STEP 26 (t=734): Loss=0.6270, Rho=9.722145, Grad_norm=0.1029, Final_scale=97.2215
🚀 APPLYING GUIDANCE at step 27 (timestep=718)
🎯 GUIDANCE STEP 27 (t=718): Loss=0.6279, Rho=27.829557, Grad_norm=0.0359, Final_scale=278.2956
🚀 APPLYING GUIDANCE at step 28 (timestep=701)
🎯 GUIDANCE STEP 28 (t=701): Loss=0.6313, Rho=10.087825, Grad_norm=0.0991, Final_scale=100.8782
🚀 APPLYING GUIDANCE at step 29 (timestep=684)
🎯 GUIDANCE STEP 29 (t=684): Loss=0.6318, Rho=20.894676, Grad_norm=0.0479, Final_scale=208.9468
🚀 APPLYING GUIDANCE at step 30 (timestep=666)
🎯 GUIDANCE STEP 30 (t=666): Loss=0.6304, Rho=9.410858, Grad_norm=0.1063, Final_scale=94.1086
🚀 APPLYING GUIDANCE at step 31 (timestep=647)
🎯 GUIDANCE STEP 31 (t=647): Loss=0.6294, Rho=19.224146, Grad_norm=0.0520, Final_scale=192.2415
🚀 APPLYING GUIDANCE at step 32 (timestep=627)
🎯 GUIDANCE STEP 32 (t=627): Loss=0.6318, Rho=12.005746, Grad_norm=0.0833, Final_scale=120.0575
🚀 APPLYING GUIDANCE at step 33 (timestep=606)
🎯 GUIDANCE STEP 33 (t=606): Loss=0.6289, Rho=8.533671, Grad_norm=0.1172, Final_scale=85.3367
🚀 APPLYING GUIDANCE at step 34 (timestep=585)
🎯 GUIDANCE STEP 34 (t=585): Loss=0.6323, Rho=4.417628, Grad_norm=0.2264, Final_scale=44.1763
🚀 APPLYING GUIDANCE at step 35 (timestep=562)
🎯 GUIDANCE STEP 35 (t=562): Loss=0.6294, Rho=14.074402, Grad_norm=0.0711, Final_scale=140.7440
🚀 APPLYING GUIDANCE at step 36 (timestep=538)
🎯 GUIDANCE STEP 36 (t=538): Loss=0.6313, Rho=11.894072, Grad_norm=0.0841, Final_scale=118.9407
🚀 APPLYING GUIDANCE at step 37 (timestep=512)
🎯 GUIDANCE STEP 37 (t=512): Loss=0.6343, Rho=21.411974, Grad_norm=0.0467, Final_scale=214.1197
🚀 APPLYING GUIDANCE at step 38 (timestep=486)
🎯 GUIDANCE STEP 38 (t=486): Loss=0.6323, Rho=9.787237, Grad_norm=0.1022, Final_scale=97.8724
🚀 APPLYING GUIDANCE at step 39 (timestep=458)
🎯 GUIDANCE STEP 39 (t=458): Loss=0.6338, Rho=31.016176, Grad_norm=0.0322, Final_scale=310.1618
🚀 APPLYING GUIDANCE at step 40 (timestep=428)
🎯 GUIDANCE STEP 40 (t=428): Loss=0.6313, Rho=20.485758, Grad_norm=0.0488, Final_scale=204.8576
🚀 APPLYING GUIDANCE at step 41 (timestep=396)
🎯 GUIDANCE STEP 41 (t=396): Loss=0.6309, Rho=9.826275, Grad_norm=0.1018, Final_scale=98.2627
🚀 APPLYING GUIDANCE at step 42 (timestep=363)
🎯 GUIDANCE STEP 42 (t=363): Loss=0.6289, Rho=27.213196, Grad_norm=0.0367, Final_scale=272.1320
🚀 APPLYING GUIDANCE at step 43 (timestep=327)
🎯 GUIDANCE STEP 43 (t=327): Loss=0.6313, Rho=18.002510, Grad_norm=0.0555, Final_scale=180.0251
🚀 APPLYING GUIDANCE at step 44 (timestep=290)
🎯 GUIDANCE STEP 44 (t=290): Loss=0.6313, Rho=4.559041, Grad_norm=0.2193, Final_scale=45.5904
🚀 APPLYING GUIDANCE at step 45 (timestep=249)
🎯 GUIDANCE STEP 45 (t=249): Loss=0.6304, Rho=25.880831, Grad_norm=0.0386, Final_scale=258.8083
🚀 APPLYING GUIDANCE at step 46 (timestep=206)
🎯 GUIDANCE STEP 46 (t=206): Loss=0.6284, Rho=15.337491, Grad_norm=0.0652, Final_scale=153.3749
🚀 APPLYING GUIDANCE at step 47 (timestep=160)
🎯 GUIDANCE STEP 47 (t=160): Loss=0.6299, Rho=17.508978, Grad_norm=0.0571, Final_scale=175.0898
🚀 APPLYING GUIDANCE at step 48 (timestep=111)
🎯 GUIDANCE STEP 48 (t=111): Loss=0.6255, Rho=22.872192, Grad_norm=0.0437, Final_scale=228.7219
🚀 APPLYING GUIDANCE at step 49 (timestep=57)
🎯 GUIDANCE STEP 49 (t=57): Loss=0.6245, Rho=17.272720, Grad_norm=0.0579, Final_scale=172.7272
[guidance_f33_s50_w8c6_rho10.0_cfg5.0_0701_1608] Generated: generated_videos/subject_consistency/guidance_f33_s50_w8c6_rho10.0_cfg5.0_0701_1608/a_person_drinking_coffee_in_a_cafe.mp4
[guidance_f33_s50_w8c6_rho10.0_cfg5.0_0701_1608] Generating video 7/9 (guidance): a person playing guitar
🎬 STARTING GUIDANCE PIPELINE GENERATION
   Frames: 33, Steps: 50, CFG Scale: 5.0

🔧 GUIDANCE PIPELINE CONFIGURATION:
   Guidance range: 0 - 1001
   Rho scale: 10.0
   V-JEPA kernel_size: 8
   V-JEPA context_length: 6
   V-JEPA stride: 2
   V-JEPA mode: max
   Total timesteps: 50

🚀 APPLYING GUIDANCE at step 0 (timestep=999)
🎯 GUIDANCE STEP 0 (t=999): Loss=0.5972, Rho=7.268496, Grad_norm=0.1376, Final_scale=72.6850
🚀 APPLYING GUIDANCE at step 1 (timestep=992)
🎯 GUIDANCE STEP 1 (t=992): Loss=0.5420, Rho=5.975685, Grad_norm=0.1673, Final_scale=59.7569
🚀 APPLYING GUIDANCE at step 2 (timestep=985)
🎯 GUIDANCE STEP 2 (t=985): Loss=0.5659, Rho=13.873281, Grad_norm=0.0721, Final_scale=138.7328
🚀 APPLYING GUIDANCE at step 3 (timestep=978)
🎯 GUIDANCE STEP 3 (t=978): Loss=0.5752, Rho=9.670698, Grad_norm=0.1034, Final_scale=96.7070
🚀 APPLYING GUIDANCE at step 4 (timestep=971)
🎯 GUIDANCE STEP 4 (t=971): Loss=0.5801, Rho=3.972605, Grad_norm=0.2517, Final_scale=39.7261
🚀 APPLYING GUIDANCE at step 5 (timestep=963)
🎯 GUIDANCE STEP 5 (t=963): Loss=0.5977, Rho=10.568548, Grad_norm=0.0946, Final_scale=105.6855
🚀 APPLYING GUIDANCE at step 6 (timestep=956)
🎯 GUIDANCE STEP 6 (t=956): Loss=0.6060, Rho=6.091954, Grad_norm=0.1642, Final_scale=60.9195
🚀 APPLYING GUIDANCE at step 7 (timestep=948)
🎯 GUIDANCE STEP 7 (t=948): Loss=0.6133, Rho=3.580893, Grad_norm=0.2793, Final_scale=35.8089
🚀 APPLYING GUIDANCE at step 8 (timestep=939)
🎯 GUIDANCE STEP 8 (t=939): Loss=0.6113, Rho=3.566186, Grad_norm=0.2804, Final_scale=35.6619
🚀 APPLYING GUIDANCE at step 9 (timestep=931)
🎯 GUIDANCE STEP 9 (t=931): Loss=0.6157, Rho=5.015265, Grad_norm=0.1994, Final_scale=50.1527
🚀 APPLYING GUIDANCE at step 10 (timestep=922)
🎯 GUIDANCE STEP 10 (t=922): Loss=0.6157, Rho=2.810417, Grad_norm=0.3558, Final_scale=28.1042
🚀 APPLYING GUIDANCE at step 11 (timestep=913)
🎯 GUIDANCE STEP 11 (t=913): Loss=0.6182, Rho=5.842403, Grad_norm=0.1712, Final_scale=58.4240
🚀 APPLYING GUIDANCE at step 12 (timestep=904)
🎯 GUIDANCE STEP 12 (t=904): Loss=0.6284, Rho=3.956304, Grad_norm=0.2528, Final_scale=39.5630
🚀 APPLYING GUIDANCE at step 13 (timestep=894)
🎯 GUIDANCE STEP 13 (t=894): Loss=0.6260, Rho=4.798991, Grad_norm=0.2084, Final_scale=47.9899
🚀 APPLYING GUIDANCE at step 14 (timestep=884)
🎯 GUIDANCE STEP 14 (t=884): Loss=0.6328, Rho=4.494671, Grad_norm=0.2225, Final_scale=44.9467
🚀 APPLYING GUIDANCE at step 15 (timestep=874)
🎯 GUIDANCE STEP 15 (t=874): Loss=0.6313, Rho=8.331333, Grad_norm=0.1200, Final_scale=83.3133
🚀 APPLYING GUIDANCE at step 16 (timestep=864)
🎯 GUIDANCE STEP 16 (t=864): Loss=0.6333, Rho=3.657694, Grad_norm=0.2734, Final_scale=36.5769
🚀 APPLYING GUIDANCE at step 17 (timestep=853)
🎯 GUIDANCE STEP 17 (t=853): Loss=0.6318, Rho=1.194489, Grad_norm=0.8372, Final_scale=11.9449
🚀 APPLYING GUIDANCE at step 18 (timestep=841)
🎯 GUIDANCE STEP 18 (t=841): Loss=0.6304, Rho=5.327194, Grad_norm=0.1877, Final_scale=53.2719
🚀 APPLYING GUIDANCE at step 19 (timestep=829)
🎯 GUIDANCE STEP 19 (t=829): Loss=0.6211, Rho=1.420667, Grad_norm=0.7039, Final_scale=14.2067
🚀 APPLYING GUIDANCE at step 20 (timestep=817)
🎯 GUIDANCE STEP 20 (t=817): Loss=0.6250, Rho=2.502364, Grad_norm=0.3996, Final_scale=25.0236
🚀 APPLYING GUIDANCE at step 21 (timestep=805)
🎯 GUIDANCE STEP 21 (t=805): Loss=0.6201, Rho=3.466283, Grad_norm=0.2885, Final_scale=34.6628
🚀 APPLYING GUIDANCE at step 22 (timestep=792)
🎯 GUIDANCE STEP 22 (t=792): Loss=0.6196, Rho=2.831717, Grad_norm=0.3531, Final_scale=28.3172
🚀 APPLYING GUIDANCE at step 23 (timestep=778)
🎯 GUIDANCE STEP 23 (t=778): Loss=0.6201, Rho=2.692043, Grad_norm=0.3715, Final_scale=26.9204
🚀 APPLYING GUIDANCE at step 24 (timestep=764)
🎯 GUIDANCE STEP 24 (t=764): Loss=0.6240, Rho=2.877822, Grad_norm=0.3475, Final_scale=28.7782
🚀 APPLYING GUIDANCE at step 25 (timestep=749)
🎯 GUIDANCE STEP 25 (t=749): Loss=0.6221, Rho=1.582562, Grad_norm=0.6319, Final_scale=15.8256
🚀 APPLYING GUIDANCE at step 26 (timestep=734)
🎯 GUIDANCE STEP 26 (t=734): Loss=0.6226, Rho=3.683448, Grad_norm=0.2715, Final_scale=36.8345
🚀 APPLYING GUIDANCE at step 27 (timestep=718)
🎯 GUIDANCE STEP 27 (t=718): Loss=0.6211, Rho=3.885287, Grad_norm=0.2574, Final_scale=38.8529
🚀 APPLYING GUIDANCE at step 28 (timestep=701)
🎯 GUIDANCE STEP 28 (t=701): Loss=0.6182, Rho=7.565015, Grad_norm=0.1322, Final_scale=75.6502
🚀 APPLYING GUIDANCE at step 29 (timestep=684)
🎯 GUIDANCE STEP 29 (t=684): Loss=0.6196, Rho=2.102826, Grad_norm=0.4756, Final_scale=21.0283
🚀 APPLYING GUIDANCE at step 30 (timestep=666)
🎯 GUIDANCE STEP 30 (t=666): Loss=0.6196, Rho=5.816015, Grad_norm=0.1719, Final_scale=58.1602
🚀 APPLYING GUIDANCE at step 31 (timestep=647)
🎯 GUIDANCE STEP 31 (t=647): Loss=0.6196, Rho=3.436704, Grad_norm=0.2910, Final_scale=34.3670
🚀 APPLYING GUIDANCE at step 32 (timestep=627)
🎯 GUIDANCE STEP 32 (t=627): Loss=0.6177, Rho=4.228190, Grad_norm=0.2365, Final_scale=42.2819
🚀 APPLYING GUIDANCE at step 33 (timestep=606)
🎯 GUIDANCE STEP 33 (t=606): Loss=0.6196, Rho=1.388083, Grad_norm=0.7204, Final_scale=13.8808
🚀 APPLYING GUIDANCE at step 34 (timestep=585)
🎯 GUIDANCE STEP 34 (t=585): Loss=0.6226, Rho=2.858128, Grad_norm=0.3499, Final_scale=28.5813
🚀 APPLYING GUIDANCE at step 35 (timestep=562)
🎯 GUIDANCE STEP 35 (t=562): Loss=0.6230, Rho=6.189045, Grad_norm=0.1616, Final_scale=61.8905
🚀 APPLYING GUIDANCE at step 36 (timestep=538)
🎯 GUIDANCE STEP 36 (t=538): Loss=0.6206, Rho=4.593766, Grad_norm=0.2177, Final_scale=45.9377
🚀 APPLYING GUIDANCE at step 37 (timestep=512)
🎯 GUIDANCE STEP 37 (t=512): Loss=0.6235, Rho=4.520981, Grad_norm=0.2212, Final_scale=45.2098
🚀 APPLYING GUIDANCE at step 38 (timestep=486)
🎯 GUIDANCE STEP 38 (t=486): Loss=0.6201, Rho=11.773186, Grad_norm=0.0849, Final_scale=117.7319
🚀 APPLYING GUIDANCE at step 39 (timestep=458)
🎯 GUIDANCE STEP 39 (t=458): Loss=0.6187, Rho=2.346637, Grad_norm=0.4261, Final_scale=23.4664
🚀 APPLYING GUIDANCE at step 40 (timestep=428)
🎯 GUIDANCE STEP 40 (t=428): Loss=0.6240, Rho=8.392242, Grad_norm=0.1192, Final_scale=83.9224
🚀 APPLYING GUIDANCE at step 41 (timestep=396)
🎯 GUIDANCE STEP 41 (t=396): Loss=0.6206, Rho=5.590949, Grad_norm=0.1789, Final_scale=55.9095
🚀 APPLYING GUIDANCE at step 42 (timestep=363)
🎯 GUIDANCE STEP 42 (t=363): Loss=0.6230, Rho=9.918139, Grad_norm=0.1008, Final_scale=99.1814
🚀 APPLYING GUIDANCE at step 43 (timestep=327)
🎯 GUIDANCE STEP 43 (t=327): Loss=0.6201, Rho=9.156203, Grad_norm=0.1092, Final_scale=91.5620
🚀 APPLYING GUIDANCE at step 44 (timestep=290)
🎯 GUIDANCE STEP 44 (t=290): Loss=0.6201, Rho=14.002779, Grad_norm=0.0714, Final_scale=140.0278
🚀 APPLYING GUIDANCE at step 45 (timestep=249)
🎯 GUIDANCE STEP 45 (t=249): Loss=0.6162, Rho=12.125064, Grad_norm=0.0825, Final_scale=121.2506
🚀 APPLYING GUIDANCE at step 46 (timestep=206)
🎯 GUIDANCE STEP 46 (t=206): Loss=0.6167, Rho=12.164804, Grad_norm=0.0822, Final_scale=121.6480
🚀 APPLYING GUIDANCE at step 47 (timestep=160)
🎯 GUIDANCE STEP 47 (t=160): Loss=0.6152, Rho=24.995523, Grad_norm=0.0400, Final_scale=249.9552
🚀 APPLYING GUIDANCE at step 48 (timestep=111)
🎯 GUIDANCE STEP 48 (t=111): Loss=0.6157, Rho=26.068991, Grad_norm=0.0384, Final_scale=260.6899
🚀 APPLYING GUIDANCE at step 49 (timestep=57)
🎯 GUIDANCE STEP 49 (t=57): Loss=0.6157, Rho=10.172519, Grad_norm=0.0983, Final_scale=101.7252
[guidance_f33_s50_w8c6_rho10.0_cfg5.0_0701_1608] Generated: generated_videos/subject_consistency/guidance_f33_s50_w8c6_rho10.0_cfg5.0_0701_1608/a_cat_grooming_itself_meticulously_with_its_tongue.mp4
[guidance_f33_s50_w8c6_rho10.0_cfg5.0_0701_1608] Generating video 7/9 (guidance): a cat playing in park
🎬 STARTING GUIDANCE PIPELINE GENERATION
   Frames: 33, Steps: 50, CFG Scale: 5.0

🔧 GUIDANCE PIPELINE CONFIGURATION:
   Guidance range: 0 - 1001
   Rho scale: 10.0
   V-JEPA kernel_size: 8
   V-JEPA context_length: 6
   V-JEPA stride: 2
   V-JEPA mode: max
   Total timesteps: 50

🚀 APPLYING GUIDANCE at step 0 (timestep=999)
🎯 GUIDANCE STEP 0 (t=999): Loss=0.5635, Rho=38.746937, Grad_norm=0.0258, Final_scale=387.4694
🚀 APPLYING GUIDANCE at step 1 (timestep=992)
🎯 GUIDANCE STEP 1 (t=992): Loss=0.5605, Rho=27.598772, Grad_norm=0.0362, Final_scale=275.9877
🚀 APPLYING GUIDANCE at step 2 (timestep=985)
🎯 GUIDANCE STEP 2 (t=985): Loss=0.5547, Rho=14.600770, Grad_norm=0.0685, Final_scale=146.0077
🚀 APPLYING GUIDANCE at step 3 (timestep=978)
🎯 GUIDANCE STEP 3 (t=978): Loss=0.5713, Rho=13.262589, Grad_norm=0.0754, Final_scale=132.6259
🚀 APPLYING GUIDANCE at step 4 (timestep=971)
🎯 GUIDANCE STEP 4 (t=971): Loss=0.5757, Rho=9.177084, Grad_norm=0.1090, Final_scale=91.7708
🚀 APPLYING GUIDANCE at step 5 (timestep=963)
🎯 GUIDANCE STEP 5 (t=963): Loss=0.5869, Rho=7.819273, Grad_norm=0.1279, Final_scale=78.1927
🚀 APPLYING GUIDANCE at step 6 (timestep=956)
🎯 GUIDANCE STEP 6 (t=956): Loss=0.6021, Rho=9.932584, Grad_norm=0.1007, Final_scale=99.3258
🚀 APPLYING GUIDANCE at step 7 (timestep=948)
🎯 GUIDANCE STEP 7 (t=948): Loss=0.6040, Rho=6.053159, Grad_norm=0.1652, Final_scale=60.5316
🚀 APPLYING GUIDANCE at step 8 (timestep=939)
🎯 GUIDANCE STEP 8 (t=939): Loss=0.6069, Rho=16.408922, Grad_norm=0.0609, Final_scale=164.0892
🚀 APPLYING GUIDANCE at step 9 (timestep=931)
🎯 GUIDANCE STEP 9 (t=931): Loss=0.6050, Rho=7.789053, Grad_norm=0.1284, Final_scale=77.8905
🚀 APPLYING GUIDANCE at step 10 (timestep=922)
🎯 GUIDANCE STEP 10 (t=922): Loss=0.6050, Rho=14.822712, Grad_norm=0.0675, Final_scale=148.2271
🚀 APPLYING GUIDANCE at step 11 (timestep=913)
🎯 GUIDANCE STEP 11 (t=913): Loss=0.6113, Rho=9.607612, Grad_norm=0.1041, Final_scale=96.0761
🚀 APPLYING GUIDANCE at step 12 (timestep=904)
🎯 GUIDANCE STEP 12 (t=904): Loss=0.6050, Rho=20.107281, Grad_norm=0.0497, Final_scale=201.0728
🚀 APPLYING GUIDANCE at step 13 (timestep=894)
🎯 GUIDANCE STEP 13 (t=894): Loss=0.6079, Rho=4.518253, Grad_norm=0.2213, Final_scale=45.1825
🚀 APPLYING GUIDANCE at step 14 (timestep=884)
🎯 GUIDANCE STEP 14 (t=884): Loss=0.6025, Rho=14.229255, Grad_norm=0.0703, Final_scale=142.2925
🚀 APPLYING GUIDANCE at step 15 (timestep=874)
🎯 GUIDANCE STEP 15 (t=874): Loss=0.6030, Rho=12.595118, Grad_norm=0.0794, Final_scale=125.9512
🚀 APPLYING GUIDANCE at step 16 (timestep=864)
🎯 GUIDANCE STEP 16 (t=864): Loss=0.6094, Rho=11.248953, Grad_norm=0.0889, Final_scale=112.4895
🚀 APPLYING GUIDANCE at step 17 (timestep=853)
🎯 GUIDANCE STEP 17 (t=853): Loss=0.6079, Rho=16.373781, Grad_norm=0.0611, Final_scale=163.7378
🚀 APPLYING GUIDANCE at step 18 (timestep=841)
🎯 GUIDANCE STEP 18 (t=841): Loss=0.6060, Rho=13.950009, Grad_norm=0.0717, Final_scale=139.5001
🚀 APPLYING GUIDANCE at step 19 (timestep=829)
🎯 GUIDANCE STEP 19 (t=829): Loss=0.6055, Rho=19.280161, Grad_norm=0.0519, Final_scale=192.8016
🚀 APPLYING GUIDANCE at step 20 (timestep=817)
🎯 GUIDANCE STEP 20 (t=817): Loss=0.6050, Rho=15.440310, Grad_norm=0.0648, Final_scale=154.4031
🚀 APPLYING GUIDANCE at step 21 (timestep=805)
🎯 GUIDANCE STEP 21 (t=805): Loss=0.6074, Rho=15.281927, Grad_norm=0.0654, Final_scale=152.8193
🚀 APPLYING GUIDANCE at step 22 (timestep=792)
🎯 GUIDANCE STEP 22 (t=792): Loss=0.6108, Rho=12.260650, Grad_norm=0.0816, Final_scale=122.6065
🚀 APPLYING GUIDANCE at step 23 (timestep=778)
🎯 GUIDANCE STEP 23 (t=778): Loss=0.6069, Rho=11.458087, Grad_norm=0.0873, Final_scale=114.5809
🚀 APPLYING GUIDANCE at step 24 (timestep=764)
🎯 GUIDANCE STEP 24 (t=764): Loss=0.6064, Rho=10.315070, Grad_norm=0.0969, Final_scale=103.1507
🚀 APPLYING GUIDANCE at step 25 (timestep=749)
🎯 GUIDANCE STEP 25 (t=749): Loss=0.6060, Rho=0.611414, Grad_norm=1.6356, Final_scale=6.1141
🚀 APPLYING GUIDANCE at step 26 (timestep=734)
🎯 GUIDANCE STEP 26 (t=734): Loss=0.6089, Rho=13.369244, Grad_norm=0.0748, Final_scale=133.6924
🚀 APPLYING GUIDANCE at step 27 (timestep=718)
🎯 GUIDANCE STEP 27 (t=718): Loss=0.6016, Rho=27.729317, Grad_norm=0.0361, Final_scale=277.2932
🚀 APPLYING GUIDANCE at step 28 (timestep=701)
🎯 GUIDANCE STEP 28 (t=701): Loss=0.6040, Rho=15.239831, Grad_norm=0.0656, Final_scale=152.3983
🚀 APPLYING GUIDANCE at step 29 (timestep=684)
🎯 GUIDANCE STEP 29 (t=684): Loss=0.6035, Rho=16.926090, Grad_norm=0.0591, Final_scale=169.2609
🚀 APPLYING GUIDANCE at step 30 (timestep=666)
🎯 GUIDANCE STEP 30 (t=666): Loss=0.6045, Rho=21.673122, Grad_norm=0.0461, Final_scale=216.7312
🚀 APPLYING GUIDANCE at step 31 (timestep=647)
🎯 GUIDANCE STEP 31 (t=647): Loss=0.6050, Rho=14.702513, Grad_norm=0.0680, Final_scale=147.0251
🚀 APPLYING GUIDANCE at step 32 (timestep=627)
🎯 GUIDANCE STEP 32 (t=627): Loss=0.6035, Rho=19.529411, Grad_norm=0.0512, Final_scale=195.2941
🚀 APPLYING GUIDANCE at step 33 (timestep=606)
🎯 GUIDANCE STEP 33 (t=606): Loss=0.6045, Rho=14.656427, Grad_norm=0.0682, Final_scale=146.5643
🚀 APPLYING GUIDANCE at step 34 (timestep=585)
🎯 GUIDANCE STEP 34 (t=585): Loss=0.6001, Rho=26.261877, Grad_norm=0.0381, Final_scale=262.6188
🚀 APPLYING GUIDANCE at step 35 (timestep=562)
🎯 GUIDANCE STEP 35 (t=562): Loss=0.6030, Rho=25.372431, Grad_norm=0.0394, Final_scale=253.7243
🚀 APPLYING GUIDANCE at step 36 (timestep=538)
🎯 GUIDANCE STEP 36 (t=538): Loss=0.6035, Rho=7.954350, Grad_norm=0.1257, Final_scale=79.5435
🚀 APPLYING GUIDANCE at step 37 (timestep=512)
🎯 GUIDANCE STEP 37 (t=512): Loss=0.6069, Rho=24.403032, Grad_norm=0.0410, Final_scale=244.0303
🚀 APPLYING GUIDANCE at step 38 (timestep=486)
🎯 GUIDANCE STEP 38 (t=486): Loss=0.6045, Rho=16.961048, Grad_norm=0.0590, Final_scale=169.6105
🚀 APPLYING GUIDANCE at step 39 (timestep=458)
🎯 GUIDANCE STEP 39 (t=458): Loss=0.6060, Rho=11.965178, Grad_norm=0.0836, Final_scale=119.6518
🚀 APPLYING GUIDANCE at step 40 (timestep=428)
🎯 GUIDANCE STEP 40 (t=428): Loss=0.6040, Rho=10.843566, Grad_norm=0.0922, Final_scale=108.4357
🚀 APPLYING GUIDANCE at step 41 (timestep=396)
🎯 GUIDANCE STEP 41 (t=396): Loss=0.6050, Rho=2.936404, Grad_norm=0.3406, Final_scale=29.3640
🚀 APPLYING GUIDANCE at step 42 (timestep=363)
🎯 GUIDANCE STEP 42 (t=363): Loss=0.6030, Rho=11.922653, Grad_norm=0.0839, Final_scale=119.2265
🚀 APPLYING GUIDANCE at step 43 (timestep=327)
🎯 GUIDANCE STEP 43 (t=327): Loss=0.6055, Rho=14.990824, Grad_norm=0.0667, Final_scale=149.9082
🚀 APPLYING GUIDANCE at step 44 (timestep=290)
🎯 GUIDANCE STEP 44 (t=290): Loss=0.6074, Rho=19.747252, Grad_norm=0.0506, Final_scale=197.4725
🚀 APPLYING GUIDANCE at step 45 (timestep=249)
🎯 GUIDANCE STEP 45 (t=249): Loss=0.6040, Rho=19.790503, Grad_norm=0.0505, Final_scale=197.9050
🚀 APPLYING GUIDANCE at step 46 (timestep=206)
🎯 GUIDANCE STEP 46 (t=206): Loss=0.6055, Rho=7.937187, Grad_norm=0.1260, Final_scale=79.3719
🚀 APPLYING GUIDANCE at step 47 (timestep=160)
🎯 GUIDANCE STEP 47 (t=160): Loss=0.6035, Rho=22.268482, Grad_norm=0.0449, Final_scale=222.6848
🚀 APPLYING GUIDANCE at step 48 (timestep=111)
🎯 GUIDANCE STEP 48 (t=111): Loss=0.6021, Rho=2.243666, Grad_norm=0.4457, Final_scale=22.4367
🚀 APPLYING GUIDANCE at step 49 (timestep=57)
🎯 GUIDANCE STEP 49 (t=57): Loss=0.6006, Rho=9.881983, Grad_norm=0.1012, Final_scale=98.8198
[guidance_f33_s50_w8c6_rho10.0_cfg5.0_0701_1608] Generated: generated_videos/subject_consistency/guidance_f33_s50_w8c6_rho10.0_cfg5.0_0701_1608/an_airplane_accelerating_to_gain_speed.mp4
[guidance_f33_s50_w8c6_rho10.0_cfg5.0_0701_1608] Generating video 7/9 (guidance): a bus turning a corner
🎬 STARTING GUIDANCE PIPELINE GENERATION
   Frames: 33, Steps: 50, CFG Scale: 5.0

🔧 GUIDANCE PIPELINE CONFIGURATION:
   Guidance range: 0 - 1001
   Rho scale: 10.0
   V-JEPA kernel_size: 8
   V-JEPA context_length: 6
   V-JEPA stride: 2
   V-JEPA mode: max
   Total timesteps: 50

🚀 APPLYING GUIDANCE at step 0 (timestep=999)
🎯 GUIDANCE STEP 0 (t=999): Loss=0.5786, Rho=14.364379, Grad_norm=0.0696, Final_scale=143.6438
🚀 APPLYING GUIDANCE at step 1 (timestep=992)
🎯 GUIDANCE STEP 1 (t=992): Loss=0.5615, Rho=21.739994, Grad_norm=0.0460, Final_scale=217.3999
🚀 APPLYING GUIDANCE at step 2 (timestep=985)
🎯 GUIDANCE STEP 2 (t=985): Loss=0.5767, Rho=14.691796, Grad_norm=0.0681, Final_scale=146.9180
🚀 APPLYING GUIDANCE at step 3 (timestep=978)
🎯 GUIDANCE STEP 3 (t=978): Loss=0.5874, Rho=4.699025, Grad_norm=0.2128, Final_scale=46.9902
🚀 APPLYING GUIDANCE at step 4 (timestep=971)
🎯 GUIDANCE STEP 4 (t=971): Loss=0.5908, Rho=6.865222, Grad_norm=0.1457, Final_scale=68.6522
🚀 APPLYING GUIDANCE at step 5 (timestep=963)
🎯 GUIDANCE STEP 5 (t=963): Loss=0.5967, Rho=12.016614, Grad_norm=0.0832, Final_scale=120.1661
🚀 APPLYING GUIDANCE at step 6 (timestep=956)
🎯 GUIDANCE STEP 6 (t=956): Loss=0.6191, Rho=7.230691, Grad_norm=0.1383, Final_scale=72.3069
🚀 APPLYING GUIDANCE at step 7 (timestep=948)
🎯 GUIDANCE STEP 7 (t=948): Loss=0.6313, Rho=12.608788, Grad_norm=0.0793, Final_scale=126.0879
🚀 APPLYING GUIDANCE at step 8 (timestep=939)
🎯 GUIDANCE STEP 8 (t=939): Loss=0.6299, Rho=7.856910, Grad_norm=0.1273, Final_scale=78.5691
🚀 APPLYING GUIDANCE at step 9 (timestep=931)
🎯 GUIDANCE STEP 9 (t=931): Loss=0.6313, Rho=3.928929, Grad_norm=0.2545, Final_scale=39.2893
🚀 APPLYING GUIDANCE at step 10 (timestep=922)
🎯 GUIDANCE STEP 10 (t=922): Loss=0.6318, Rho=8.930363, Grad_norm=0.1120, Final_scale=89.3036
🚀 APPLYING GUIDANCE at step 11 (timestep=913)
🎯 GUIDANCE STEP 11 (t=913): Loss=0.6299, Rho=7.538137, Grad_norm=0.1327, Final_scale=75.3814
🚀 APPLYING GUIDANCE at step 12 (timestep=904)
🎯 GUIDANCE STEP 12 (t=904): Loss=0.6294, Rho=12.778067, Grad_norm=0.0783, Final_scale=127.7807
🚀 APPLYING GUIDANCE at step 13 (timestep=894)
🎯 GUIDANCE STEP 13 (t=894): Loss=0.6328, Rho=1.093979, Grad_norm=0.9141, Final_scale=10.9398
🚀 APPLYING GUIDANCE at step 14 (timestep=884)
🎯 GUIDANCE STEP 14 (t=884): Loss=0.6299, Rho=8.319932, Grad_norm=0.1202, Final_scale=83.1993
🚀 APPLYING GUIDANCE at step 15 (timestep=874)
🎯 GUIDANCE STEP 15 (t=874): Loss=0.6333, Rho=7.547873, Grad_norm=0.1325, Final_scale=75.4787
🚀 APPLYING GUIDANCE at step 16 (timestep=864)
🎯 GUIDANCE STEP 16 (t=864): Loss=0.6318, Rho=9.392724, Grad_norm=0.1065, Final_scale=93.9272
🚀 APPLYING GUIDANCE at step 17 (timestep=853)
🎯 GUIDANCE STEP 17 (t=853): Loss=0.6357, Rho=8.001695, Grad_norm=0.1250, Final_scale=80.0169
🚀 APPLYING GUIDANCE at step 18 (timestep=841)
🎯 GUIDANCE STEP 18 (t=841): Loss=0.6372, Rho=11.507625, Grad_norm=0.0869, Final_scale=115.0762
🚀 APPLYING GUIDANCE at step 19 (timestep=829)
🎯 GUIDANCE STEP 19 (t=829): Loss=0.6392, Rho=13.203757, Grad_norm=0.0757, Final_scale=132.0376
🚀 APPLYING GUIDANCE at step 20 (timestep=817)
🎯 GUIDANCE STEP 20 (t=817): Loss=0.6353, Rho=8.744201, Grad_norm=0.1144, Final_scale=87.4420
🚀 APPLYING GUIDANCE at step 21 (timestep=805)
🎯 GUIDANCE STEP 21 (t=805): Loss=0.6377, Rho=7.964513, Grad_norm=0.1256, Final_scale=79.6451
🚀 APPLYING GUIDANCE at step 22 (timestep=792)
🎯 GUIDANCE STEP 22 (t=792): Loss=0.6338, Rho=13.039002, Grad_norm=0.0767, Final_scale=130.3900
🚀 APPLYING GUIDANCE at step 23 (timestep=778)
🎯 GUIDANCE STEP 23 (t=778): Loss=0.6328, Rho=8.746531, Grad_norm=0.1143, Final_scale=87.4653
🚀 APPLYING GUIDANCE at step 24 (timestep=764)
🎯 GUIDANCE STEP 24 (t=764): Loss=0.6343, Rho=7.396966, Grad_norm=0.1352, Final_scale=73.9697
🚀 APPLYING GUIDANCE at step 25 (timestep=749)
🎯 GUIDANCE STEP 25 (t=749): Loss=0.6309, Rho=13.227183, Grad_norm=0.0756, Final_scale=132.2718
🚀 APPLYING GUIDANCE at step 26 (timestep=734)
🎯 GUIDANCE STEP 26 (t=734): Loss=0.6338, Rho=16.672031, Grad_norm=0.0600, Final_scale=166.7203
🚀 APPLYING GUIDANCE at step 27 (timestep=718)
🎯 GUIDANCE STEP 27 (t=718): Loss=0.6318, Rho=18.271715, Grad_norm=0.0547, Final_scale=182.7172
🚀 APPLYING GUIDANCE at step 28 (timestep=701)
🎯 GUIDANCE STEP 28 (t=701): Loss=0.6333, Rho=3.085587, Grad_norm=0.3241, Final_scale=30.8559
🚀 APPLYING GUIDANCE at step 29 (timestep=684)
🎯 GUIDANCE STEP 29 (t=684): Loss=0.6304, Rho=13.051497, Grad_norm=0.0766, Final_scale=130.5150
🚀 APPLYING GUIDANCE at step 30 (timestep=666)
🎯 GUIDANCE STEP 30 (t=666): Loss=0.6299, Rho=15.030780, Grad_norm=0.0665, Final_scale=150.3078
🚀 APPLYING GUIDANCE at step 31 (timestep=647)
🎯 GUIDANCE STEP 31 (t=647): Loss=0.6309, Rho=16.576118, Grad_norm=0.0603, Final_scale=165.7612
🚀 APPLYING GUIDANCE at step 32 (timestep=627)
🎯 GUIDANCE STEP 32 (t=627): Loss=0.6313, Rho=10.750063, Grad_norm=0.0930, Final_scale=107.5006
🚀 APPLYING GUIDANCE at step 33 (timestep=606)
🎯 GUIDANCE STEP 33 (t=606): Loss=0.6289, Rho=10.830841, Grad_norm=0.0923, Final_scale=108.3084
🚀 APPLYING GUIDANCE at step 34 (timestep=585)
🎯 GUIDANCE STEP 34 (t=585): Loss=0.6304, Rho=18.708944, Grad_norm=0.0535, Final_scale=187.0894
🚀 APPLYING GUIDANCE at step 35 (timestep=562)
🎯 GUIDANCE STEP 35 (t=562): Loss=0.6284, Rho=31.543695, Grad_norm=0.0317, Final_scale=315.4370
🚀 APPLYING GUIDANCE at step 36 (timestep=538)
🎯 GUIDANCE STEP 36 (t=538): Loss=0.6304, Rho=8.665822, Grad_norm=0.1154, Final_scale=86.6582
🚀 APPLYING GUIDANCE at step 37 (timestep=512)
🎯 GUIDANCE STEP 37 (t=512): Loss=0.6299, Rho=8.815640, Grad_norm=0.1134, Final_scale=88.1564
🚀 APPLYING GUIDANCE at step 38 (timestep=486)
🎯 GUIDANCE STEP 38 (t=486): Loss=0.6274, Rho=14.583940, Grad_norm=0.0686, Final_scale=145.8394
🚀 APPLYING GUIDANCE at step 39 (timestep=458)
🎯 GUIDANCE STEP 39 (t=458): Loss=0.6289, Rho=10.964192, Grad_norm=0.0912, Final_scale=109.6419
🚀 APPLYING GUIDANCE at step 40 (timestep=428)
🎯 GUIDANCE STEP 40 (t=428): Loss=0.6270, Rho=14.436687, Grad_norm=0.0693, Final_scale=144.3669
🚀 APPLYING GUIDANCE at step 41 (timestep=396)
🎯 GUIDANCE STEP 41 (t=396): Loss=0.6284, Rho=31.736164, Grad_norm=0.0315, Final_scale=317.3616
🚀 APPLYING GUIDANCE at step 42 (timestep=363)
🎯 GUIDANCE STEP 42 (t=363): Loss=0.6255, Rho=21.494457, Grad_norm=0.0465, Final_scale=214.9446
🚀 APPLYING GUIDANCE at step 43 (timestep=327)
🎯 GUIDANCE STEP 43 (t=327): Loss=0.6274, Rho=22.045273, Grad_norm=0.0454, Final_scale=220.4527
🚀 APPLYING GUIDANCE at step 44 (timestep=290)
🎯 GUIDANCE STEP 44 (t=290): Loss=0.6260, Rho=5.119129, Grad_norm=0.1953, Final_scale=51.1913
🚀 APPLYING GUIDANCE at step 45 (timestep=249)
🎯 GUIDANCE STEP 45 (t=249): Loss=0.6265, Rho=6.060466, Grad_norm=0.1650, Final_scale=60.6047
🚀 APPLYING GUIDANCE at step 46 (timestep=206)
🎯 GUIDANCE STEP 46 (t=206): Loss=0.6270, Rho=28.280914, Grad_norm=0.0354, Final_scale=282.8091
🚀 APPLYING GUIDANCE at step 47 (timestep=160)
🎯 GUIDANCE STEP 47 (t=160): Loss=0.6270, Rho=31.344511, Grad_norm=0.0319, Final_scale=313.4451
🚀 APPLYING GUIDANCE at step 48 (timestep=111)
🎯 GUIDANCE STEP 48 (t=111): Loss=0.6260, Rho=18.250690, Grad_norm=0.0548, Final_scale=182.5069
🚀 APPLYING GUIDANCE at step 49 (timestep=57)
🎯 GUIDANCE STEP 49 (t=57): Loss=0.6226, Rho=17.420471, Grad_norm=0.0574, Final_scale=174.2047
[guidance_f33_s50_w8c6_rho10.0_cfg5.0_0701_1608] Generated: generated_videos/subject_consistency/guidance_f33_s50_w8c6_rho10.0_cfg5.0_0701_1608/an_elephant_taking_a_peaceful_walk.mp4
[guidance_f33_s50_w8c6_rho10.0_cfg5.0_0701_1608] Generating video 8/9 (guidance): an elephant running to join a herd of its kind
🎬 STARTING GUIDANCE PIPELINE GENERATION
   Frames: 33, Steps: 50, CFG Scale: 5.0

🔧 GUIDANCE PIPELINE CONFIGURATION:
   Guidance range: 0 - 1001
   Rho scale: 10.0
   V-JEPA kernel_size: 8
   V-JEPA context_length: 6
   V-JEPA stride: 2
   V-JEPA mode: max
   Total timesteps: 50

🚀 APPLYING GUIDANCE at step 0 (timestep=999)
🎯 GUIDANCE STEP 0 (t=999): Loss=0.5674, Rho=28.351978, Grad_norm=0.0353, Final_scale=283.5198
🚀 APPLYING GUIDANCE at step 1 (timestep=992)
🎯 GUIDANCE STEP 1 (t=992): Loss=0.5391, Rho=21.424749, Grad_norm=0.0467, Final_scale=214.2475
🚀 APPLYING GUIDANCE at step 2 (timestep=985)
🎯 GUIDANCE STEP 2 (t=985): Loss=0.5571, Rho=15.143708, Grad_norm=0.0660, Final_scale=151.4371
🚀 APPLYING GUIDANCE at step 3 (timestep=978)
🎯 GUIDANCE STEP 3 (t=978): Loss=0.5562, Rho=10.335686, Grad_norm=0.0968, Final_scale=103.3569
🚀 APPLYING GUIDANCE at step 4 (timestep=971)
🎯 GUIDANCE STEP 4 (t=971): Loss=0.5708, Rho=9.458893, Grad_norm=0.1057, Final_scale=94.5889
🚀 APPLYING GUIDANCE at step 5 (timestep=963)
🎯 GUIDANCE STEP 5 (t=963): Loss=0.6035, Rho=9.278955, Grad_norm=0.1078, Final_scale=92.7895
🚀 APPLYING GUIDANCE at step 6 (timestep=956)
🎯 GUIDANCE STEP 6 (t=956): Loss=0.6040, Rho=3.418018, Grad_norm=0.2926, Final_scale=34.1802
🚀 APPLYING GUIDANCE at step 7 (timestep=948)
🎯 GUIDANCE STEP 7 (t=948): Loss=0.6377, Rho=4.662103, Grad_norm=0.2145, Final_scale=46.6210
🚀 APPLYING GUIDANCE at step 8 (timestep=939)
🎯 GUIDANCE STEP 8 (t=939): Loss=0.6338, Rho=4.277250, Grad_norm=0.2338, Final_scale=42.7725
🚀 APPLYING GUIDANCE at step 9 (timestep=931)
🎯 GUIDANCE STEP 9 (t=931): Loss=0.6392, Rho=3.324034, Grad_norm=0.3008, Final_scale=33.2403
🚀 APPLYING GUIDANCE at step 10 (timestep=922)
🎯 GUIDANCE STEP 10 (t=922): Loss=0.6328, Rho=8.517004, Grad_norm=0.1174, Final_scale=85.1700
🚀 APPLYING GUIDANCE at step 11 (timestep=913)
🎯 GUIDANCE STEP 11 (t=913): Loss=0.6396, Rho=8.367912, Grad_norm=0.1195, Final_scale=83.6791
🚀 APPLYING GUIDANCE at step 12 (timestep=904)
🎯 GUIDANCE STEP 12 (t=904): Loss=0.6440, Rho=8.471883, Grad_norm=0.1180, Final_scale=84.7188
🚀 APPLYING GUIDANCE at step 13 (timestep=894)
🎯 GUIDANCE STEP 13 (t=894): Loss=0.6450, Rho=14.539433, Grad_norm=0.0688, Final_scale=145.3943
🚀 APPLYING GUIDANCE at step 14 (timestep=884)
🎯 GUIDANCE STEP 14 (t=884): Loss=0.6445, Rho=5.707355, Grad_norm=0.1752, Final_scale=57.0736
🚀 APPLYING GUIDANCE at step 15 (timestep=874)
🎯 GUIDANCE STEP 15 (t=874): Loss=0.6436, Rho=7.350455, Grad_norm=0.1360, Final_scale=73.5045
🚀 APPLYING GUIDANCE at step 16 (timestep=864)
🎯 GUIDANCE STEP 16 (t=864): Loss=0.6436, Rho=7.787838, Grad_norm=0.1284, Final_scale=77.8784
🚀 APPLYING GUIDANCE at step 17 (timestep=853)
🎯 GUIDANCE STEP 17 (t=853): Loss=0.6470, Rho=9.254250, Grad_norm=0.1081, Final_scale=92.5425
🚀 APPLYING GUIDANCE at step 18 (timestep=841)
🎯 GUIDANCE STEP 18 (t=841): Loss=0.6499, Rho=10.376503, Grad_norm=0.0964, Final_scale=103.7650
🚀 APPLYING GUIDANCE at step 19 (timestep=829)
🎯 GUIDANCE STEP 19 (t=829): Loss=0.6445, Rho=6.589867, Grad_norm=0.1517, Final_scale=65.8987
🚀 APPLYING GUIDANCE at step 20 (timestep=817)
🎯 GUIDANCE STEP 20 (t=817): Loss=0.6489, Rho=3.342790, Grad_norm=0.2992, Final_scale=33.4279
🚀 APPLYING GUIDANCE at step 21 (timestep=805)
🎯 GUIDANCE STEP 21 (t=805): Loss=0.6431, Rho=8.156905, Grad_norm=0.1226, Final_scale=81.5691
🚀 APPLYING GUIDANCE at step 22 (timestep=792)
🎯 GUIDANCE STEP 22 (t=792): Loss=0.6450, Rho=2.875422, Grad_norm=0.3478, Final_scale=28.7542
🚀 APPLYING GUIDANCE at step 23 (timestep=778)
🎯 GUIDANCE STEP 23 (t=778): Loss=0.6421, Rho=11.625499, Grad_norm=0.0860, Final_scale=116.2550
🚀 APPLYING GUIDANCE at step 24 (timestep=764)
🎯 GUIDANCE STEP 24 (t=764): Loss=0.6421, Rho=6.568376, Grad_norm=0.1522, Final_scale=65.6838
🚀 APPLYING GUIDANCE at step 25 (timestep=749)
🎯 GUIDANCE STEP 25 (t=749): Loss=0.6499, Rho=4.446692, Grad_norm=0.2249, Final_scale=44.4669
🚀 APPLYING GUIDANCE at step 26 (timestep=734)
🎯 GUIDANCE STEP 26 (t=734): Loss=0.6431, Rho=12.572263, Grad_norm=0.0795, Final_scale=125.7226
🚀 APPLYING GUIDANCE at step 27 (timestep=718)
🎯 GUIDANCE STEP 27 (t=718): Loss=0.6440, Rho=9.330941, Grad_norm=0.1072, Final_scale=93.3094
🚀 APPLYING GUIDANCE at step 28 (timestep=701)
🎯 GUIDANCE STEP 28 (t=701): Loss=0.6455, Rho=10.027621, Grad_norm=0.0997, Final_scale=100.2762
🚀 APPLYING GUIDANCE at step 29 (timestep=684)
🎯 GUIDANCE STEP 29 (t=684): Loss=0.6519, Rho=9.514285, Grad_norm=0.1051, Final_scale=95.1429
🚀 APPLYING GUIDANCE at step 30 (timestep=666)
🎯 GUIDANCE STEP 30 (t=666): Loss=0.6523, Rho=7.987361, Grad_norm=0.1252, Final_scale=79.8736
🚀 APPLYING GUIDANCE at step 31 (timestep=647)
🎯 GUIDANCE STEP 31 (t=647): Loss=0.6494, Rho=8.002793, Grad_norm=0.1250, Final_scale=80.0279
🚀 APPLYING GUIDANCE at step 32 (timestep=627)
🎯 GUIDANCE STEP 32 (t=627): Loss=0.6450, Rho=13.983153, Grad_norm=0.0715, Final_scale=139.8315
🚀 APPLYING GUIDANCE at step 33 (timestep=606)
🎯 GUIDANCE STEP 33 (t=606): Loss=0.6489, Rho=2.921184, Grad_norm=0.3423, Final_scale=29.2118
🚀 APPLYING GUIDANCE at step 34 (timestep=585)
🎯 GUIDANCE STEP 34 (t=585): Loss=0.6475, Rho=4.644522, Grad_norm=0.2153, Final_scale=46.4452
🚀 APPLYING GUIDANCE at step 35 (timestep=562)
🎯 GUIDANCE STEP 35 (t=562): Loss=0.6484, Rho=6.706086, Grad_norm=0.1491, Final_scale=67.0609
🚀 APPLYING GUIDANCE at step 36 (timestep=538)
🎯 GUIDANCE STEP 36 (t=538): Loss=0.6465, Rho=12.221948, Grad_norm=0.0818, Final_scale=122.2195
🚀 APPLYING GUIDANCE at step 37 (timestep=512)
🎯 GUIDANCE STEP 37 (t=512): Loss=0.6494, Rho=12.555249, Grad_norm=0.0796, Final_scale=125.5525
🚀 APPLYING GUIDANCE at step 38 (timestep=486)
🎯 GUIDANCE STEP 38 (t=486): Loss=0.6475, Rho=6.318858, Grad_norm=0.1583, Final_scale=63.1886
🚀 APPLYING GUIDANCE at step 39 (timestep=458)
🎯 GUIDANCE STEP 39 (t=458): Loss=0.6489, Rho=6.733590, Grad_norm=0.1485, Final_scale=67.3359
🚀 APPLYING GUIDANCE at step 40 (timestep=428)
🎯 GUIDANCE STEP 40 (t=428): Loss=0.6543, Rho=8.570181, Grad_norm=0.1167, Final_scale=85.7018
🚀 APPLYING GUIDANCE at step 41 (timestep=396)
🎯 GUIDANCE STEP 41 (t=396): Loss=0.6489, Rho=4.934661, Grad_norm=0.2026, Final_scale=49.3466
🚀 APPLYING GUIDANCE at step 42 (timestep=363)
🎯 GUIDANCE STEP 42 (t=363): Loss=0.6504, Rho=7.363002, Grad_norm=0.1358, Final_scale=73.6300
🚀 APPLYING GUIDANCE at step 43 (timestep=327)
🎯 GUIDANCE STEP 43 (t=327): Loss=0.6489, Rho=13.900447, Grad_norm=0.0719, Final_scale=139.0045
🚀 APPLYING GUIDANCE at step 44 (timestep=290)
🎯 GUIDANCE STEP 44 (t=290): Loss=0.6470, Rho=16.547491, Grad_norm=0.0604, Final_scale=165.4749
🚀 APPLYING GUIDANCE at step 45 (timestep=249)
🎯 GUIDANCE STEP 45 (t=249): Loss=0.6475, Rho=13.225516, Grad_norm=0.0756, Final_scale=132.2552
🚀 APPLYING GUIDANCE at step 46 (timestep=206)
🎯 GUIDANCE STEP 46 (t=206): Loss=0.6450, Rho=9.091301, Grad_norm=0.1100, Final_scale=90.9130
🚀 APPLYING GUIDANCE at step 47 (timestep=160)
🎯 GUIDANCE STEP 47 (t=160): Loss=0.6445, Rho=21.402632, Grad_norm=0.0467, Final_scale=214.0263
🚀 APPLYING GUIDANCE at step 48 (timestep=111)
🎯 GUIDANCE STEP 48 (t=111): Loss=0.6411, Rho=1.167666, Grad_norm=0.8564, Final_scale=11.6767
🚀 APPLYING GUIDANCE at step 49 (timestep=57)
🎯 GUIDANCE STEP 49 (t=57): Loss=0.6421, Rho=8.750644, Grad_norm=0.1143, Final_scale=87.5064
[guidance_f33_s50_w8c6_rho10.0_cfg5.0_0701_1608] Generated: generated_videos/subject_consistency/guidance_f33_s50_w8c6_rho10.0_cfg5.0_0701_1608/a_giraffe_bending_down_to_drink_water_from_a_river.mp4
[guidance_f33_s50_w8c6_rho10.0_cfg5.0_0701_1608] Generating video 8/9 (guidance): a giraffe taking a peaceful walk
🎬 STARTING GUIDANCE PIPELINE GENERATION
   Frames: 33, Steps: 50, CFG Scale: 5.0

🔧 GUIDANCE PIPELINE CONFIGURATION:
   Guidance range: 0 - 1001
   Rho scale: 10.0
   V-JEPA kernel_size: 8
   V-JEPA context_length: 6
   V-JEPA stride: 2
   V-JEPA mode: max
   Total timesteps: 50

🚀 APPLYING GUIDANCE at step 0 (timestep=999)
🎯 GUIDANCE STEP 0 (t=999): Loss=0.6030, Rho=2.127357, Grad_norm=0.4701, Final_scale=21.2736
🚀 APPLYING GUIDANCE at step 1 (timestep=992)
🎯 GUIDANCE STEP 1 (t=992): Loss=0.5815, Rho=4.870991, Grad_norm=0.2053, Final_scale=48.7099
🚀 APPLYING GUIDANCE at step 2 (timestep=985)
🎯 GUIDANCE STEP 2 (t=985): Loss=0.5840, Rho=7.478808, Grad_norm=0.1337, Final_scale=74.7881
🚀 APPLYING GUIDANCE at step 3 (timestep=978)
🎯 GUIDANCE STEP 3 (t=978): Loss=0.5854, Rho=4.513599, Grad_norm=0.2216, Final_scale=45.1360
🚀 APPLYING GUIDANCE at step 4 (timestep=971)
🎯 GUIDANCE STEP 4 (t=971): Loss=0.5869, Rho=4.061893, Grad_norm=0.2462, Final_scale=40.6189
🚀 APPLYING GUIDANCE at step 5 (timestep=963)
🎯 GUIDANCE STEP 5 (t=963): Loss=0.5967, Rho=9.218417, Grad_norm=0.1085, Final_scale=92.1842
🚀 APPLYING GUIDANCE at step 6 (timestep=956)
🎯 GUIDANCE STEP 6 (t=956): Loss=0.5947, Rho=8.952602, Grad_norm=0.1117, Final_scale=89.5260
🚀 APPLYING GUIDANCE at step 7 (timestep=948)
🎯 GUIDANCE STEP 7 (t=948): Loss=0.5928, Rho=3.596785, Grad_norm=0.2780, Final_scale=35.9678
🚀 APPLYING GUIDANCE at step 8 (timestep=939)
🎯 GUIDANCE STEP 8 (t=939): Loss=0.5938, Rho=12.053497, Grad_norm=0.0830, Final_scale=120.5350
🚀 APPLYING GUIDANCE at step 9 (timestep=931)
🎯 GUIDANCE STEP 9 (t=931): Loss=0.5972, Rho=4.553141, Grad_norm=0.2196, Final_scale=45.5314
🚀 APPLYING GUIDANCE at step 10 (timestep=922)
🎯 GUIDANCE STEP 10 (t=922): Loss=0.5952, Rho=16.103939, Grad_norm=0.0621, Final_scale=161.0394
🚀 APPLYING GUIDANCE at step 11 (timestep=913)
🎯 GUIDANCE STEP 11 (t=913): Loss=0.5928, Rho=14.373322, Grad_norm=0.0696, Final_scale=143.7332
🚀 APPLYING GUIDANCE at step 12 (timestep=904)
🎯 GUIDANCE STEP 12 (t=904): Loss=0.5957, Rho=16.703760, Grad_norm=0.0599, Final_scale=167.0376
🚀 APPLYING GUIDANCE at step 13 (timestep=894)
🎯 GUIDANCE STEP 13 (t=894): Loss=0.5977, Rho=6.043171, Grad_norm=0.1655, Final_scale=60.4317
🚀 APPLYING GUIDANCE at step 14 (timestep=884)
🎯 GUIDANCE STEP 14 (t=884): Loss=0.5972, Rho=14.847400, Grad_norm=0.0674, Final_scale=148.4740
🚀 APPLYING GUIDANCE at step 15 (timestep=874)
🎯 GUIDANCE STEP 15 (t=874): Loss=0.5977, Rho=16.246023, Grad_norm=0.0616, Final_scale=162.4602
🚀 APPLYING GUIDANCE at step 16 (timestep=864)
🎯 GUIDANCE STEP 16 (t=864): Loss=0.5957, Rho=23.436697, Grad_norm=0.0427, Final_scale=234.3670
🚀 APPLYING GUIDANCE at step 17 (timestep=853)
🎯 GUIDANCE STEP 17 (t=853): Loss=0.5981, Rho=31.603191, Grad_norm=0.0316, Final_scale=316.0319
🚀 APPLYING GUIDANCE at step 18 (timestep=841)
🎯 GUIDANCE STEP 18 (t=841): Loss=0.5942, Rho=16.753078, Grad_norm=0.0597, Final_scale=167.5308
🚀 APPLYING GUIDANCE at step 19 (timestep=829)
🎯 GUIDANCE STEP 19 (t=829): Loss=0.5972, Rho=18.209230, Grad_norm=0.0549, Final_scale=182.0923
🚀 APPLYING GUIDANCE at step 20 (timestep=817)
🎯 GUIDANCE STEP 20 (t=817): Loss=0.5957, Rho=14.674215, Grad_norm=0.0681, Final_scale=146.7422
🚀 APPLYING GUIDANCE at step 21 (timestep=805)
🎯 GUIDANCE STEP 21 (t=805): Loss=0.6006, Rho=18.389706, Grad_norm=0.0544, Final_scale=183.8971
🚀 APPLYING GUIDANCE at step 22 (timestep=792)
🎯 GUIDANCE STEP 22 (t=792): Loss=0.5938, Rho=25.300117, Grad_norm=0.0395, Final_scale=253.0012
🚀 APPLYING GUIDANCE at step 23 (timestep=778)
🎯 GUIDANCE STEP 23 (t=778): Loss=0.5991, Rho=16.506786, Grad_norm=0.0606, Final_scale=165.0679
🚀 APPLYING GUIDANCE at step 24 (timestep=764)
🎯 GUIDANCE STEP 24 (t=764): Loss=0.5977, Rho=37.012203, Grad_norm=0.0270, Final_scale=370.1220
🚀 APPLYING GUIDANCE at step 25 (timestep=749)
🎯 GUIDANCE STEP 25 (t=749): Loss=0.5996, Rho=16.268528, Grad_norm=0.0615, Final_scale=162.6853
🚀 APPLYING GUIDANCE at step 26 (timestep=734)
🎯 GUIDANCE STEP 26 (t=734): Loss=0.5996, Rho=20.488129, Grad_norm=0.0488, Final_scale=204.8813
🚀 APPLYING GUIDANCE at step 27 (timestep=718)
🎯 GUIDANCE STEP 27 (t=718): Loss=0.5991, Rho=28.485178, Grad_norm=0.0351, Final_scale=284.8518
🚀 APPLYING GUIDANCE at step 28 (timestep=701)
🎯 GUIDANCE STEP 28 (t=701): Loss=0.5967, Rho=26.161097, Grad_norm=0.0382, Final_scale=261.6110
🚀 APPLYING GUIDANCE at step 29 (timestep=684)
🎯 GUIDANCE STEP 29 (t=684): Loss=0.5967, Rho=18.898932, Grad_norm=0.0529, Final_scale=188.9893
🚀 APPLYING GUIDANCE at step 30 (timestep=666)
🎯 GUIDANCE STEP 30 (t=666): Loss=0.6006, Rho=17.936632, Grad_norm=0.0558, Final_scale=179.3663
🚀 APPLYING GUIDANCE at step 31 (timestep=647)
🎯 GUIDANCE STEP 31 (t=647): Loss=0.5996, Rho=19.914246, Grad_norm=0.0502, Final_scale=199.1425
🚀 APPLYING GUIDANCE at step 32 (timestep=627)
🎯 GUIDANCE STEP 32 (t=627): Loss=0.6006, Rho=29.791576, Grad_norm=0.0336, Final_scale=297.9158
🚀 APPLYING GUIDANCE at step 33 (timestep=606)
🎯 GUIDANCE STEP 33 (t=606): Loss=0.6016, Rho=23.873756, Grad_norm=0.0419, Final_scale=238.7376
🚀 APPLYING GUIDANCE at step 34 (timestep=585)
🎯 GUIDANCE STEP 34 (t=585): Loss=0.6006, Rho=37.197060, Grad_norm=0.0269, Final_scale=371.9706
🚀 APPLYING GUIDANCE at step 35 (timestep=562)
🎯 GUIDANCE STEP 35 (t=562): Loss=0.6025, Rho=38.251484, Grad_norm=0.0261, Final_scale=382.5148
🚀 APPLYING GUIDANCE at step 36 (timestep=538)
🎯 GUIDANCE STEP 36 (t=538): Loss=0.5981, Rho=20.498966, Grad_norm=0.0488, Final_scale=204.9897
🚀 APPLYING GUIDANCE at step 37 (timestep=512)
🎯 GUIDANCE STEP 37 (t=512): Loss=0.5981, Rho=34.621120, Grad_norm=0.0289, Final_scale=346.2112
🚀 APPLYING GUIDANCE at step 38 (timestep=486)
🎯 GUIDANCE STEP 38 (t=486): Loss=0.5967, Rho=17.499275, Grad_norm=0.0571, Final_scale=174.9928
🚀 APPLYING GUIDANCE at step 39 (timestep=458)
🎯 GUIDANCE STEP 39 (t=458): Loss=0.6001, Rho=19.254025, Grad_norm=0.0519, Final_scale=192.5402
🚀 APPLYING GUIDANCE at step 40 (timestep=428)
🎯 GUIDANCE STEP 40 (t=428): Loss=0.5947, Rho=12.188139, Grad_norm=0.0820, Final_scale=121.8814
🚀 APPLYING GUIDANCE at step 41 (timestep=396)
🎯 GUIDANCE STEP 41 (t=396): Loss=0.5967, Rho=11.485168, Grad_norm=0.0871, Final_scale=114.8517
🚀 APPLYING GUIDANCE at step 42 (timestep=363)
🎯 GUIDANCE STEP 42 (t=363): Loss=0.5991, Rho=32.159912, Grad_norm=0.0311, Final_scale=321.5991
🚀 APPLYING GUIDANCE at step 43 (timestep=327)
🎯 GUIDANCE STEP 43 (t=327): Loss=0.5933, Rho=29.709694, Grad_norm=0.0337, Final_scale=297.0969
🚀 APPLYING GUIDANCE at step 44 (timestep=290)
🎯 GUIDANCE STEP 44 (t=290): Loss=0.5928, Rho=40.055130, Grad_norm=0.0250, Final_scale=400.5513
🚀 APPLYING GUIDANCE at step 45 (timestep=249)
🎯 GUIDANCE STEP 45 (t=249): Loss=0.5928, Rho=20.972265, Grad_norm=0.0477, Final_scale=209.7227
🚀 APPLYING GUIDANCE at step 46 (timestep=206)
🎯 GUIDANCE STEP 46 (t=206): Loss=0.5933, Rho=24.569183, Grad_norm=0.0407, Final_scale=245.6918
🚀 APPLYING GUIDANCE at step 47 (timestep=160)
🎯 GUIDANCE STEP 47 (t=160): Loss=0.5918, Rho=26.119253, Grad_norm=0.0383, Final_scale=261.1925
🚀 APPLYING GUIDANCE at step 48 (timestep=111)
🎯 GUIDANCE STEP 48 (t=111): Loss=0.5913, Rho=24.862431, Grad_norm=0.0402, Final_scale=248.6243
🚀 APPLYING GUIDANCE at step 49 (timestep=57)
🎯 GUIDANCE STEP 49 (t=57): Loss=0.5859, Rho=20.902119, Grad_norm=0.0478, Final_scale=209.0212
[guidance_f33_s50_w8c6_rho10.0_cfg5.0_0701_1608] Generated: generated_videos/subject_consistency/guidance_f33_s50_w8c6_rho10.0_cfg5.0_0701_1608/a_truck_anchored_in_a_tranquil_bay.mp4
[guidance_f33_s50_w8c6_rho10.0_cfg5.0_0701_1608] Generating video 6/9 (guidance): a truck stuck in traffic during rush hour
🎬 STARTING GUIDANCE PIPELINE GENERATION
   Frames: 33, Steps: 50, CFG Scale: 5.0

🔧 GUIDANCE PIPELINE CONFIGURATION:
   Guidance range: 0 - 1001
   Rho scale: 10.0
   V-JEPA kernel_size: 8
   V-JEPA context_length: 6
   V-JEPA stride: 2
   V-JEPA mode: max
   Total timesteps: 50

🚀 APPLYING GUIDANCE at step 0 (timestep=999)
🎯 GUIDANCE STEP 0 (t=999): Loss=0.5386, Rho=19.906706, Grad_norm=0.0502, Final_scale=199.0671
🚀 APPLYING GUIDANCE at step 1 (timestep=992)
🎯 GUIDANCE STEP 1 (t=992): Loss=0.5449, Rho=19.568518, Grad_norm=0.0511, Final_scale=195.6852
🚀 APPLYING GUIDANCE at step 2 (timestep=985)
🎯 GUIDANCE STEP 2 (t=985): Loss=0.5869, Rho=4.827314, Grad_norm=0.2072, Final_scale=48.2731
🚀 APPLYING GUIDANCE at step 3 (timestep=978)
🎯 GUIDANCE STEP 3 (t=978): Loss=0.5928, Rho=7.805442, Grad_norm=0.1281, Final_scale=78.0544
🚀 APPLYING GUIDANCE at step 4 (timestep=971)
🎯 GUIDANCE STEP 4 (t=971): Loss=0.5913, Rho=5.722472, Grad_norm=0.1747, Final_scale=57.2247
🚀 APPLYING GUIDANCE at step 5 (timestep=963)
🎯 GUIDANCE STEP 5 (t=963): Loss=0.5981, Rho=3.851343, Grad_norm=0.2596, Final_scale=38.5134
🚀 APPLYING GUIDANCE at step 6 (timestep=956)
🎯 GUIDANCE STEP 6 (t=956): Loss=0.6372, Rho=10.586164, Grad_norm=0.0945, Final_scale=105.8616
🚀 APPLYING GUIDANCE at step 7 (timestep=948)
🎯 GUIDANCE STEP 7 (t=948): Loss=0.6499, Rho=1.861517, Grad_norm=0.5372, Final_scale=18.6152
🚀 APPLYING GUIDANCE at step 8 (timestep=939)
🎯 GUIDANCE STEP 8 (t=939): Loss=0.6519, Rho=4.640679, Grad_norm=0.2155, Final_scale=46.4068
🚀 APPLYING GUIDANCE at step 9 (timestep=931)
🎯 GUIDANCE STEP 9 (t=931): Loss=0.6479, Rho=1.788781, Grad_norm=0.5590, Final_scale=17.8878
🚀 APPLYING GUIDANCE at step 10 (timestep=922)
🎯 GUIDANCE STEP 10 (t=922): Loss=0.6509, Rho=4.077370, Grad_norm=0.2453, Final_scale=40.7737
🚀 APPLYING GUIDANCE at step 11 (timestep=913)
🎯 GUIDANCE STEP 11 (t=913): Loss=0.6504, Rho=3.799960, Grad_norm=0.2632, Final_scale=37.9996
🚀 APPLYING GUIDANCE at step 12 (timestep=904)
🎯 GUIDANCE STEP 12 (t=904): Loss=0.6533, Rho=4.495407, Grad_norm=0.2224, Final_scale=44.9541
🚀 APPLYING GUIDANCE at step 13 (timestep=894)
🎯 GUIDANCE STEP 13 (t=894): Loss=0.6577, Rho=4.277456, Grad_norm=0.2338, Final_scale=42.7746
🚀 APPLYING GUIDANCE at step 14 (timestep=884)
🎯 GUIDANCE STEP 14 (t=884): Loss=0.6587, Rho=3.951114, Grad_norm=0.2531, Final_scale=39.5111
🚀 APPLYING GUIDANCE at step 15 (timestep=874)
🎯 GUIDANCE STEP 15 (t=874): Loss=0.6479, Rho=4.810733, Grad_norm=0.2079, Final_scale=48.1073
🚀 APPLYING GUIDANCE at step 16 (timestep=864)
🎯 GUIDANCE STEP 16 (t=864): Loss=0.6538, Rho=6.014586, Grad_norm=0.1663, Final_scale=60.1459
🚀 APPLYING GUIDANCE at step 17 (timestep=853)
🎯 GUIDANCE STEP 17 (t=853): Loss=0.6528, Rho=4.235575, Grad_norm=0.2361, Final_scale=42.3557
🚀 APPLYING GUIDANCE at step 18 (timestep=841)
🎯 GUIDANCE STEP 18 (t=841): Loss=0.6523, Rho=5.156055, Grad_norm=0.1939, Final_scale=51.5606
🚀 APPLYING GUIDANCE at step 19 (timestep=829)
🎯 GUIDANCE STEP 19 (t=829): Loss=0.6548, Rho=3.324545, Grad_norm=0.3008, Final_scale=33.2455
🚀 APPLYING GUIDANCE at step 20 (timestep=817)
🎯 GUIDANCE STEP 20 (t=817): Loss=0.6548, Rho=4.424729, Grad_norm=0.2260, Final_scale=44.2473
🚀 APPLYING GUIDANCE at step 21 (timestep=805)
🎯 GUIDANCE STEP 21 (t=805): Loss=0.6567, Rho=5.376950, Grad_norm=0.1860, Final_scale=53.7695
🚀 APPLYING GUIDANCE at step 22 (timestep=792)
🎯 GUIDANCE STEP 22 (t=792): Loss=0.6514, Rho=4.841759, Grad_norm=0.2065, Final_scale=48.4176
🚀 APPLYING GUIDANCE at step 23 (timestep=778)
🎯 GUIDANCE STEP 23 (t=778): Loss=0.6558, Rho=2.493819, Grad_norm=0.4010, Final_scale=24.9382
🚀 APPLYING GUIDANCE at step 24 (timestep=764)
🎯 GUIDANCE STEP 24 (t=764): Loss=0.6523, Rho=9.424412, Grad_norm=0.1061, Final_scale=94.2441
🚀 APPLYING GUIDANCE at step 25 (timestep=749)
🎯 GUIDANCE STEP 25 (t=749): Loss=0.6509, Rho=5.889151, Grad_norm=0.1698, Final_scale=58.8915
🚀 APPLYING GUIDANCE at step 26 (timestep=734)
🎯 GUIDANCE STEP 26 (t=734): Loss=0.6548, Rho=7.834861, Grad_norm=0.1276, Final_scale=78.3486
🚀 APPLYING GUIDANCE at step 27 (timestep=718)
🎯 GUIDANCE STEP 27 (t=718): Loss=0.6523, Rho=6.839350, Grad_norm=0.1462, Final_scale=68.3935
🚀 APPLYING GUIDANCE at step 28 (timestep=701)
🎯 GUIDANCE STEP 28 (t=701): Loss=0.6553, Rho=8.840147, Grad_norm=0.1131, Final_scale=88.4015
🚀 APPLYING GUIDANCE at step 29 (timestep=684)
🎯 GUIDANCE STEP 29 (t=684): Loss=0.6543, Rho=8.150815, Grad_norm=0.1227, Final_scale=81.5082
🚀 APPLYING GUIDANCE at step 30 (timestep=666)
🎯 GUIDANCE STEP 30 (t=666): Loss=0.6553, Rho=5.105523, Grad_norm=0.1959, Final_scale=51.0552
🚀 APPLYING GUIDANCE at step 31 (timestep=647)
🎯 GUIDANCE STEP 31 (t=647): Loss=0.6553, Rho=4.697720, Grad_norm=0.2129, Final_scale=46.9772
🚀 APPLYING GUIDANCE at step 32 (timestep=627)
🎯 GUIDANCE STEP 32 (t=627): Loss=0.6523, Rho=11.534573, Grad_norm=0.0867, Final_scale=115.3457
🚀 APPLYING GUIDANCE at step 33 (timestep=606)
🎯 GUIDANCE STEP 33 (t=606): Loss=0.6519, Rho=14.645674, Grad_norm=0.0683, Final_scale=146.4567
🚀 APPLYING GUIDANCE at step 34 (timestep=585)
🎯 GUIDANCE STEP 34 (t=585): Loss=0.6562, Rho=10.467757, Grad_norm=0.0955, Final_scale=104.6776
🚀 APPLYING GUIDANCE at step 35 (timestep=562)
🎯 GUIDANCE STEP 35 (t=562): Loss=0.6577, Rho=10.733335, Grad_norm=0.0932, Final_scale=107.3333
🚀 APPLYING GUIDANCE at step 36 (timestep=538)
🎯 GUIDANCE STEP 36 (t=538): Loss=0.6587, Rho=5.166220, Grad_norm=0.1936, Final_scale=51.6622
🚀 APPLYING GUIDANCE at step 37 (timestep=512)
🎯 GUIDANCE STEP 37 (t=512): Loss=0.6528, Rho=18.833824, Grad_norm=0.0531, Final_scale=188.3382
🚀 APPLYING GUIDANCE at step 38 (timestep=486)
🎯 GUIDANCE STEP 38 (t=486): Loss=0.6562, Rho=17.145782, Grad_norm=0.0583, Final_scale=171.4578
🚀 APPLYING GUIDANCE at step 39 (timestep=458)
🎯 GUIDANCE STEP 39 (t=458): Loss=0.6543, Rho=19.459734, Grad_norm=0.0514, Final_scale=194.5973
🚀 APPLYING GUIDANCE at step 40 (timestep=428)
🎯 GUIDANCE STEP 40 (t=428): Loss=0.6558, Rho=17.335567, Grad_norm=0.0577, Final_scale=173.3557
🚀 APPLYING GUIDANCE at step 41 (timestep=396)
🎯 GUIDANCE STEP 41 (t=396): Loss=0.6543, Rho=9.096610, Grad_norm=0.1099, Final_scale=90.9661
🚀 APPLYING GUIDANCE at step 42 (timestep=363)
🎯 GUIDANCE STEP 42 (t=363): Loss=0.6558, Rho=8.259169, Grad_norm=0.1211, Final_scale=82.5917
🚀 APPLYING GUIDANCE at step 43 (timestep=327)
🎯 GUIDANCE STEP 43 (t=327): Loss=0.6567, Rho=10.980391, Grad_norm=0.0911, Final_scale=109.8039
🚀 APPLYING GUIDANCE at step 44 (timestep=290)
🎯 GUIDANCE STEP 44 (t=290): Loss=0.6587, Rho=14.438831, Grad_norm=0.0693, Final_scale=144.3883
🚀 APPLYING GUIDANCE at step 45 (timestep=249)
🎯 GUIDANCE STEP 45 (t=249): Loss=0.6553, Rho=20.084509, Grad_norm=0.0498, Final_scale=200.8451
🚀 APPLYING GUIDANCE at step 46 (timestep=206)
🎯 GUIDANCE STEP 46 (t=206): Loss=0.6548, Rho=10.830213, Grad_norm=0.0923, Final_scale=108.3021
🚀 APPLYING GUIDANCE at step 47 (timestep=160)
🎯 GUIDANCE STEP 47 (t=160): Loss=0.6543, Rho=21.803465, Grad_norm=0.0459, Final_scale=218.0346
🚀 APPLYING GUIDANCE at step 48 (timestep=111)
🎯 GUIDANCE STEP 48 (t=111): Loss=0.6484, Rho=14.594993, Grad_norm=0.0685, Final_scale=145.9499
🚀 APPLYING GUIDANCE at step 49 (timestep=57)
🎯 GUIDANCE STEP 49 (t=57): Loss=0.6543, Rho=13.460765, Grad_norm=0.0743, Final_scale=134.6076
[guidance_f33_s50_w8c6_rho10.0_cfg5.0_0701_1608] Generated: generated_videos/subject_consistency/guidance_f33_s50_w8c6_rho10.0_cfg5.0_0701_1608/a_person_playing_guitar.mp4
[guidance_f33_s50_w8c6_rho10.0_cfg5.0_0701_1608] Generating video 8/9 (guidance): a bicycle leaning against a tree
🎬 STARTING GUIDANCE PIPELINE GENERATION
   Frames: 33, Steps: 50, CFG Scale: 5.0

🔧 GUIDANCE PIPELINE CONFIGURATION:
   Guidance range: 0 - 1001
   Rho scale: 10.0
   V-JEPA kernel_size: 8
   V-JEPA context_length: 6
   V-JEPA stride: 2
   V-JEPA mode: max
   Total timesteps: 50

🚀 APPLYING GUIDANCE at step 0 (timestep=999)
🎯 GUIDANCE STEP 0 (t=999): Loss=0.5566, Rho=9.059142, Grad_norm=0.1104, Final_scale=90.5914
🚀 APPLYING GUIDANCE at step 1 (timestep=992)
🎯 GUIDANCE STEP 1 (t=992): Loss=0.5947, Rho=11.760463, Grad_norm=0.0850, Final_scale=117.6046
🚀 APPLYING GUIDANCE at step 2 (timestep=985)
🎯 GUIDANCE STEP 2 (t=985): Loss=0.5991, Rho=7.990821, Grad_norm=0.1251, Final_scale=79.9082
🚀 APPLYING GUIDANCE at step 3 (timestep=978)
🎯 GUIDANCE STEP 3 (t=978): Loss=0.6118, Rho=5.915316, Grad_norm=0.1691, Final_scale=59.1532
🚀 APPLYING GUIDANCE at step 4 (timestep=971)
🎯 GUIDANCE STEP 4 (t=971): Loss=0.6235, Rho=7.961448, Grad_norm=0.1256, Final_scale=79.6145
🚀 APPLYING GUIDANCE at step 5 (timestep=963)
🎯 GUIDANCE STEP 5 (t=963): Loss=0.6309, Rho=6.442833, Grad_norm=0.1552, Final_scale=64.4283
🚀 APPLYING GUIDANCE at step 6 (timestep=956)
🎯 GUIDANCE STEP 6 (t=956): Loss=0.6284, Rho=2.616140, Grad_norm=0.3822, Final_scale=26.1614
🚀 APPLYING GUIDANCE at step 7 (timestep=948)
🎯 GUIDANCE STEP 7 (t=948): Loss=0.6421, Rho=5.854991, Grad_norm=0.1708, Final_scale=58.5499
🚀 APPLYING GUIDANCE at step 8 (timestep=939)
🎯 GUIDANCE STEP 8 (t=939): Loss=0.6445, Rho=12.883862, Grad_norm=0.0776, Final_scale=128.8386
🚀 APPLYING GUIDANCE at step 9 (timestep=931)
🎯 GUIDANCE STEP 9 (t=931): Loss=0.6426, Rho=7.315125, Grad_norm=0.1367, Final_scale=73.1513
🚀 APPLYING GUIDANCE at step 10 (timestep=922)
🎯 GUIDANCE STEP 10 (t=922): Loss=0.6431, Rho=14.495247, Grad_norm=0.0690, Final_scale=144.9525
🚀 APPLYING GUIDANCE at step 11 (timestep=913)
🎯 GUIDANCE STEP 11 (t=913): Loss=0.6382, Rho=7.093343, Grad_norm=0.1410, Final_scale=70.9334
🚀 APPLYING GUIDANCE at step 12 (timestep=904)
🎯 GUIDANCE STEP 12 (t=904): Loss=0.6406, Rho=14.668744, Grad_norm=0.0682, Final_scale=146.6874
🚀 APPLYING GUIDANCE at step 13 (timestep=894)
🎯 GUIDANCE STEP 13 (t=894): Loss=0.6372, Rho=6.511008, Grad_norm=0.1536, Final_scale=65.1101
🚀 APPLYING GUIDANCE at step 14 (timestep=884)
🎯 GUIDANCE STEP 14 (t=884): Loss=0.6431, Rho=8.037159, Grad_norm=0.1244, Final_scale=80.3716
🚀 APPLYING GUIDANCE at step 15 (timestep=874)
🎯 GUIDANCE STEP 15 (t=874): Loss=0.6465, Rho=10.341964, Grad_norm=0.0967, Final_scale=103.4196
🚀 APPLYING GUIDANCE at step 16 (timestep=864)
🎯 GUIDANCE STEP 16 (t=864): Loss=0.6440, Rho=14.571613, Grad_norm=0.0686, Final_scale=145.7161
🚀 APPLYING GUIDANCE at step 17 (timestep=853)
🎯 GUIDANCE STEP 17 (t=853): Loss=0.6445, Rho=13.963365, Grad_norm=0.0716, Final_scale=139.6336
🚀 APPLYING GUIDANCE at step 18 (timestep=841)
🎯 GUIDANCE STEP 18 (t=841): Loss=0.6489, Rho=12.596043, Grad_norm=0.0794, Final_scale=125.9604
🚀 APPLYING GUIDANCE at step 19 (timestep=829)
🎯 GUIDANCE STEP 19 (t=829): Loss=0.6465, Rho=6.970890, Grad_norm=0.1435, Final_scale=69.7089
🚀 APPLYING GUIDANCE at step 20 (timestep=817)
🎯 GUIDANCE STEP 20 (t=817): Loss=0.6436, Rho=11.339242, Grad_norm=0.0882, Final_scale=113.3924
🚀 APPLYING GUIDANCE at step 21 (timestep=805)
🎯 GUIDANCE STEP 21 (t=805): Loss=0.6401, Rho=19.211872, Grad_norm=0.0521, Final_scale=192.1187
🚀 APPLYING GUIDANCE at step 22 (timestep=792)
🎯 GUIDANCE STEP 22 (t=792): Loss=0.6416, Rho=15.024831, Grad_norm=0.0666, Final_scale=150.2483
🚀 APPLYING GUIDANCE at step 23 (timestep=778)
🎯 GUIDANCE STEP 23 (t=778): Loss=0.6396, Rho=8.850775, Grad_norm=0.1130, Final_scale=88.5077
🚀 APPLYING GUIDANCE at step 24 (timestep=764)
🎯 GUIDANCE STEP 24 (t=764): Loss=0.6377, Rho=10.514686, Grad_norm=0.0951, Final_scale=105.1469
🚀 APPLYING GUIDANCE at step 25 (timestep=749)
🎯 GUIDANCE STEP 25 (t=749): Loss=0.6396, Rho=15.950899, Grad_norm=0.0627, Final_scale=159.5090
🚀 APPLYING GUIDANCE at step 26 (timestep=734)
🎯 GUIDANCE STEP 26 (t=734): Loss=0.6372, Rho=15.965050, Grad_norm=0.0626, Final_scale=159.6505
🚀 APPLYING GUIDANCE at step 27 (timestep=718)
🎯 GUIDANCE STEP 27 (t=718): Loss=0.6348, Rho=3.022450, Grad_norm=0.3309, Final_scale=30.2245
🚀 APPLYING GUIDANCE at step 28 (timestep=701)
🎯 GUIDANCE STEP 28 (t=701): Loss=0.6406, Rho=19.764910, Grad_norm=0.0506, Final_scale=197.6491
🚀 APPLYING GUIDANCE at step 29 (timestep=684)
🎯 GUIDANCE STEP 29 (t=684): Loss=0.6396, Rho=17.346458, Grad_norm=0.0576, Final_scale=173.4646
🚀 APPLYING GUIDANCE at step 30 (timestep=666)
🎯 GUIDANCE STEP 30 (t=666): Loss=0.6382, Rho=16.002298, Grad_norm=0.0625, Final_scale=160.0230
🚀 APPLYING GUIDANCE at step 31 (timestep=647)
🎯 GUIDANCE STEP 31 (t=647): Loss=0.6357, Rho=21.238298, Grad_norm=0.0471, Final_scale=212.3830
🚀 APPLYING GUIDANCE at step 32 (timestep=627)
🎯 GUIDANCE STEP 32 (t=627): Loss=0.6396, Rho=15.070050, Grad_norm=0.0664, Final_scale=150.7005
🚀 APPLYING GUIDANCE at step 33 (timestep=606)
🎯 GUIDANCE STEP 33 (t=606): Loss=0.6348, Rho=14.928802, Grad_norm=0.0670, Final_scale=149.2880
🚀 APPLYING GUIDANCE at step 34 (timestep=585)
🎯 GUIDANCE STEP 34 (t=585): Loss=0.6357, Rho=8.069629, Grad_norm=0.1239, Final_scale=80.6963
🚀 APPLYING GUIDANCE at step 35 (timestep=562)
🎯 GUIDANCE STEP 35 (t=562): Loss=0.6401, Rho=16.731441, Grad_norm=0.0598, Final_scale=167.3144
🚀 APPLYING GUIDANCE at step 36 (timestep=538)
🎯 GUIDANCE STEP 36 (t=538): Loss=0.6357, Rho=12.322813, Grad_norm=0.0812, Final_scale=123.2281
🚀 APPLYING GUIDANCE at step 37 (timestep=512)
🎯 GUIDANCE STEP 37 (t=512): Loss=0.6426, Rho=23.820808, Grad_norm=0.0420, Final_scale=238.2081
🚀 APPLYING GUIDANCE at step 38 (timestep=486)
🎯 GUIDANCE STEP 38 (t=486): Loss=0.6387, Rho=21.315908, Grad_norm=0.0469, Final_scale=213.1591
🚀 APPLYING GUIDANCE at step 39 (timestep=458)
🎯 GUIDANCE STEP 39 (t=458): Loss=0.6401, Rho=14.265808, Grad_norm=0.0701, Final_scale=142.6581
🚀 APPLYING GUIDANCE at step 40 (timestep=428)
🎯 GUIDANCE STEP 40 (t=428): Loss=0.6392, Rho=16.204674, Grad_norm=0.0617, Final_scale=162.0467
🚀 APPLYING GUIDANCE at step 41 (timestep=396)
🎯 GUIDANCE STEP 41 (t=396): Loss=0.6377, Rho=11.521616, Grad_norm=0.0868, Final_scale=115.2162
🚀 APPLYING GUIDANCE at step 42 (timestep=363)
🎯 GUIDANCE STEP 42 (t=363): Loss=0.6382, Rho=14.730989, Grad_norm=0.0679, Final_scale=147.3099
🚀 APPLYING GUIDANCE at step 43 (timestep=327)
🎯 GUIDANCE STEP 43 (t=327): Loss=0.6406, Rho=17.091429, Grad_norm=0.0585, Final_scale=170.9143
🚀 APPLYING GUIDANCE at step 44 (timestep=290)
🎯 GUIDANCE STEP 44 (t=290): Loss=0.6406, Rho=25.057028, Grad_norm=0.0399, Final_scale=250.5703
🚀 APPLYING GUIDANCE at step 45 (timestep=249)
🎯 GUIDANCE STEP 45 (t=249): Loss=0.6392, Rho=20.968821, Grad_norm=0.0477, Final_scale=209.6882
🚀 APPLYING GUIDANCE at step 46 (timestep=206)
🎯 GUIDANCE STEP 46 (t=206): Loss=0.6382, Rho=8.100844, Grad_norm=0.1234, Final_scale=81.0084
🚀 APPLYING GUIDANCE at step 47 (timestep=160)
🎯 GUIDANCE STEP 47 (t=160): Loss=0.6396, Rho=26.429852, Grad_norm=0.0378, Final_scale=264.2985
🚀 APPLYING GUIDANCE at step 48 (timestep=111)
🎯 GUIDANCE STEP 48 (t=111): Loss=0.6353, Rho=16.909954, Grad_norm=0.0591, Final_scale=169.0995
🚀 APPLYING GUIDANCE at step 49 (timestep=57)
🎯 GUIDANCE STEP 49 (t=57): Loss=0.6372, Rho=14.047677, Grad_norm=0.0712, Final_scale=140.4768
[guidance_f33_s50_w8c6_rho10.0_cfg5.0_0701_1608] Generated: generated_videos/subject_consistency/guidance_f33_s50_w8c6_rho10.0_cfg5.0_0701_1608/a_motorcycle_cruising_along_a_coastal_highway.mp4
[guidance_f33_s50_w8c6_rho10.0_cfg5.0_0701_1608] Generating video 8/9 (guidance): a motorcycle turning a corner
🎬 STARTING GUIDANCE PIPELINE GENERATION
   Frames: 33, Steps: 50, CFG Scale: 5.0

🔧 GUIDANCE PIPELINE CONFIGURATION:
   Guidance range: 0 - 1001
   Rho scale: 10.0
   V-JEPA kernel_size: 8
   V-JEPA context_length: 6
   V-JEPA stride: 2
   V-JEPA mode: max
   Total timesteps: 50

🚀 APPLYING GUIDANCE at step 0 (timestep=999)
🎯 GUIDANCE STEP 0 (t=999): Loss=0.5713, Rho=10.565781, Grad_norm=0.0946, Final_scale=105.6578
🚀 APPLYING GUIDANCE at step 1 (timestep=992)
🎯 GUIDANCE STEP 1 (t=992): Loss=0.5708, Rho=11.893596, Grad_norm=0.0841, Final_scale=118.9360
🚀 APPLYING GUIDANCE at step 2 (timestep=985)
🎯 GUIDANCE STEP 2 (t=985): Loss=0.5767, Rho=21.201582, Grad_norm=0.0472, Final_scale=212.0158
🚀 APPLYING GUIDANCE at step 3 (timestep=978)
🎯 GUIDANCE STEP 3 (t=978): Loss=0.5732, Rho=15.216710, Grad_norm=0.0657, Final_scale=152.1671
🚀 APPLYING GUIDANCE at step 4 (timestep=971)
🎯 GUIDANCE STEP 4 (t=971): Loss=0.5801, Rho=9.039226, Grad_norm=0.1106, Final_scale=90.3923
🚀 APPLYING GUIDANCE at step 5 (timestep=963)
🎯 GUIDANCE STEP 5 (t=963): Loss=0.5879, Rho=12.849241, Grad_norm=0.0778, Final_scale=128.4924
🚀 APPLYING GUIDANCE at step 6 (timestep=956)
🎯 GUIDANCE STEP 6 (t=956): Loss=0.6113, Rho=11.509532, Grad_norm=0.0869, Final_scale=115.0953
🚀 APPLYING GUIDANCE at step 7 (timestep=948)
🎯 GUIDANCE STEP 7 (t=948): Loss=0.6289, Rho=8.908105, Grad_norm=0.1123, Final_scale=89.0810
🚀 APPLYING GUIDANCE at step 8 (timestep=939)
🎯 GUIDANCE STEP 8 (t=939): Loss=0.6260, Rho=9.652178, Grad_norm=0.1036, Final_scale=96.5218
🚀 APPLYING GUIDANCE at step 9 (timestep=931)
🎯 GUIDANCE STEP 9 (t=931): Loss=0.6299, Rho=15.453302, Grad_norm=0.0647, Final_scale=154.5330
🚀 APPLYING GUIDANCE at step 10 (timestep=922)
🎯 GUIDANCE STEP 10 (t=922): Loss=0.6328, Rho=7.413425, Grad_norm=0.1349, Final_scale=74.1342
🚀 APPLYING GUIDANCE at step 11 (timestep=913)
🎯 GUIDANCE STEP 11 (t=913): Loss=0.6309, Rho=8.791781, Grad_norm=0.1137, Final_scale=87.9178
🚀 APPLYING GUIDANCE at step 12 (timestep=904)
🎯 GUIDANCE STEP 12 (t=904): Loss=0.6318, Rho=4.746785, Grad_norm=0.2107, Final_scale=47.4678
🚀 APPLYING GUIDANCE at step 13 (timestep=894)
🎯 GUIDANCE STEP 13 (t=894): Loss=0.6304, Rho=5.992277, Grad_norm=0.1669, Final_scale=59.9228
🚀 APPLYING GUIDANCE at step 14 (timestep=884)
🎯 GUIDANCE STEP 14 (t=884): Loss=0.6294, Rho=11.008945, Grad_norm=0.0908, Final_scale=110.0895
🚀 APPLYING GUIDANCE at step 15 (timestep=874)
🎯 GUIDANCE STEP 15 (t=874): Loss=0.6333, Rho=11.705113, Grad_norm=0.0854, Final_scale=117.0511
🚀 APPLYING GUIDANCE at step 16 (timestep=864)
🎯 GUIDANCE STEP 16 (t=864): Loss=0.6343, Rho=14.795835, Grad_norm=0.0676, Final_scale=147.9584
🚀 APPLYING GUIDANCE at step 17 (timestep=853)
🎯 GUIDANCE STEP 17 (t=853): Loss=0.6362, Rho=10.565147, Grad_norm=0.0947, Final_scale=105.6515
🚀 APPLYING GUIDANCE at step 18 (timestep=841)
🎯 GUIDANCE STEP 18 (t=841): Loss=0.6382, Rho=4.502065, Grad_norm=0.2221, Final_scale=45.0206
🚀 APPLYING GUIDANCE at step 19 (timestep=829)
🎯 GUIDANCE STEP 19 (t=829): Loss=0.6357, Rho=9.365845, Grad_norm=0.1068, Final_scale=93.6584
🚀 APPLYING GUIDANCE at step 20 (timestep=817)
🎯 GUIDANCE STEP 20 (t=817): Loss=0.6333, Rho=6.742530, Grad_norm=0.1483, Final_scale=67.4253
🚀 APPLYING GUIDANCE at step 21 (timestep=805)
🎯 GUIDANCE STEP 21 (t=805): Loss=0.6250, Rho=4.609154, Grad_norm=0.2170, Final_scale=46.0915
🚀 APPLYING GUIDANCE at step 22 (timestep=792)
🎯 GUIDANCE STEP 22 (t=792): Loss=0.6279, Rho=14.545177, Grad_norm=0.0688, Final_scale=145.4518
🚀 APPLYING GUIDANCE at step 23 (timestep=778)
🎯 GUIDANCE STEP 23 (t=778): Loss=0.6270, Rho=12.004487, Grad_norm=0.0833, Final_scale=120.0449
🚀 APPLYING GUIDANCE at step 24 (timestep=764)
🎯 GUIDANCE STEP 24 (t=764): Loss=0.6245, Rho=4.998205, Grad_norm=0.2001, Final_scale=49.9820
🚀 APPLYING GUIDANCE at step 25 (timestep=749)
🎯 GUIDANCE STEP 25 (t=749): Loss=0.6289, Rho=11.268957, Grad_norm=0.0887, Final_scale=112.6896
🚀 APPLYING GUIDANCE at step 26 (timestep=734)
🎯 GUIDANCE STEP 26 (t=734): Loss=0.6362, Rho=4.305511, Grad_norm=0.2323, Final_scale=43.0551
🚀 APPLYING GUIDANCE at step 27 (timestep=718)
🎯 GUIDANCE STEP 27 (t=718): Loss=0.6333, Rho=18.005207, Grad_norm=0.0555, Final_scale=180.0521
🚀 APPLYING GUIDANCE at step 28 (timestep=701)
🎯 GUIDANCE STEP 28 (t=701): Loss=0.6323, Rho=6.107541, Grad_norm=0.1637, Final_scale=61.0754
🚀 APPLYING GUIDANCE at step 29 (timestep=684)
🎯 GUIDANCE STEP 29 (t=684): Loss=0.6299, Rho=15.106707, Grad_norm=0.0662, Final_scale=151.0671
🚀 APPLYING GUIDANCE at step 30 (timestep=666)
🎯 GUIDANCE STEP 30 (t=666): Loss=0.6309, Rho=11.426656, Grad_norm=0.0875, Final_scale=114.2666
🚀 APPLYING GUIDANCE at step 31 (timestep=647)
🎯 GUIDANCE STEP 31 (t=647): Loss=0.6279, Rho=14.560277, Grad_norm=0.0687, Final_scale=145.6028
🚀 APPLYING GUIDANCE at step 32 (timestep=627)
🎯 GUIDANCE STEP 32 (t=627): Loss=0.6270, Rho=15.514621, Grad_norm=0.0645, Final_scale=155.1462
🚀 APPLYING GUIDANCE at step 33 (timestep=606)
🎯 GUIDANCE STEP 33 (t=606): Loss=0.6245, Rho=17.886143, Grad_norm=0.0559, Final_scale=178.8614
🚀 APPLYING GUIDANCE at step 34 (timestep=585)
🎯 GUIDANCE STEP 34 (t=585): Loss=0.6221, Rho=19.575235, Grad_norm=0.0511, Final_scale=195.7524
🚀 APPLYING GUIDANCE at step 35 (timestep=562)
🎯 GUIDANCE STEP 35 (t=562): Loss=0.6235, Rho=14.020022, Grad_norm=0.0713, Final_scale=140.2002
🚀 APPLYING GUIDANCE at step 36 (timestep=538)
🎯 GUIDANCE STEP 36 (t=538): Loss=0.6240, Rho=2.904717, Grad_norm=0.3443, Final_scale=29.0472
🚀 APPLYING GUIDANCE at step 37 (timestep=512)
🎯 GUIDANCE STEP 37 (t=512): Loss=0.6255, Rho=28.005049, Grad_norm=0.0357, Final_scale=280.0505
🚀 APPLYING GUIDANCE at step 38 (timestep=486)
🎯 GUIDANCE STEP 38 (t=486): Loss=0.6240, Rho=10.376244, Grad_norm=0.0964, Final_scale=103.7624
🚀 APPLYING GUIDANCE at step 39 (timestep=458)
🎯 GUIDANCE STEP 39 (t=458): Loss=0.6235, Rho=13.187259, Grad_norm=0.0758, Final_scale=131.8726
🚀 APPLYING GUIDANCE at step 40 (timestep=428)
🎯 GUIDANCE STEP 40 (t=428): Loss=0.6250, Rho=4.829809, Grad_norm=0.2070, Final_scale=48.2981
🚀 APPLYING GUIDANCE at step 41 (timestep=396)
🎯 GUIDANCE STEP 41 (t=396): Loss=0.6270, Rho=21.767353, Grad_norm=0.0459, Final_scale=217.6735
🚀 APPLYING GUIDANCE at step 42 (timestep=363)
🎯 GUIDANCE STEP 42 (t=363): Loss=0.6221, Rho=10.519108, Grad_norm=0.0951, Final_scale=105.1911
🚀 APPLYING GUIDANCE at step 43 (timestep=327)
🎯 GUIDANCE STEP 43 (t=327): Loss=0.6226, Rho=38.576729, Grad_norm=0.0259, Final_scale=385.7673
🚀 APPLYING GUIDANCE at step 44 (timestep=290)
🎯 GUIDANCE STEP 44 (t=290): Loss=0.6216, Rho=37.001240, Grad_norm=0.0270, Final_scale=370.0124
🚀 APPLYING GUIDANCE at step 45 (timestep=249)
🎯 GUIDANCE STEP 45 (t=249): Loss=0.6226, Rho=27.874949, Grad_norm=0.0359, Final_scale=278.7495
🚀 APPLYING GUIDANCE at step 46 (timestep=206)
🎯 GUIDANCE STEP 46 (t=206): Loss=0.6221, Rho=33.702862, Grad_norm=0.0297, Final_scale=337.0286
🚀 APPLYING GUIDANCE at step 47 (timestep=160)
🎯 GUIDANCE STEP 47 (t=160): Loss=0.6177, Rho=21.972290, Grad_norm=0.0455, Final_scale=219.7229
🚀 APPLYING GUIDANCE at step 48 (timestep=111)
🎯 GUIDANCE STEP 48 (t=111): Loss=0.6187, Rho=20.755384, Grad_norm=0.0482, Final_scale=207.5538
🚀 APPLYING GUIDANCE at step 49 (timestep=57)
🎯 GUIDANCE STEP 49 (t=57): Loss=0.6211, Rho=20.950027, Grad_norm=0.0477, Final_scale=209.5003
[guidance_f33_s50_w8c6_rho10.0_cfg5.0_0701_1608] Generated: generated_videos/subject_consistency/guidance_f33_s50_w8c6_rho10.0_cfg5.0_0701_1608/a_cat_playing_in_park.mp4
[guidance_f33_s50_w8c6_rho10.0_cfg5.0_0701_1608] Generating video 8/9 (guidance): a cat drinking water
🎬 STARTING GUIDANCE PIPELINE GENERATION
   Frames: 33, Steps: 50, CFG Scale: 5.0

🔧 GUIDANCE PIPELINE CONFIGURATION:
   Guidance range: 0 - 1001
   Rho scale: 10.0
   V-JEPA kernel_size: 8
   V-JEPA context_length: 6
   V-JEPA stride: 2
   V-JEPA mode: max
   Total timesteps: 50

🚀 APPLYING GUIDANCE at step 0 (timestep=999)
🎯 GUIDANCE STEP 0 (t=999): Loss=0.5801, Rho=10.358829, Grad_norm=0.0965, Final_scale=103.5883
🚀 APPLYING GUIDANCE at step 1 (timestep=992)
🎯 GUIDANCE STEP 1 (t=992): Loss=0.5713, Rho=17.569998, Grad_norm=0.0569, Final_scale=175.7000
🚀 APPLYING GUIDANCE at step 2 (timestep=985)
🎯 GUIDANCE STEP 2 (t=985): Loss=0.5796, Rho=16.244640, Grad_norm=0.0616, Final_scale=162.4464
🚀 APPLYING GUIDANCE at step 3 (timestep=978)
🎯 GUIDANCE STEP 3 (t=978): Loss=0.6011, Rho=11.138998, Grad_norm=0.0898, Final_scale=111.3900
🚀 APPLYING GUIDANCE at step 4 (timestep=971)
🎯 GUIDANCE STEP 4 (t=971): Loss=0.6074, Rho=10.123932, Grad_norm=0.0988, Final_scale=101.2393
🚀 APPLYING GUIDANCE at step 5 (timestep=963)
🎯 GUIDANCE STEP 5 (t=963): Loss=0.6123, Rho=10.792085, Grad_norm=0.0927, Final_scale=107.9208
🚀 APPLYING GUIDANCE at step 6 (timestep=956)
🎯 GUIDANCE STEP 6 (t=956): Loss=0.6060, Rho=12.623186, Grad_norm=0.0792, Final_scale=126.2319
🚀 APPLYING GUIDANCE at step 7 (timestep=948)
🎯 GUIDANCE STEP 7 (t=948): Loss=0.6079, Rho=2.063137, Grad_norm=0.4847, Final_scale=20.6314
🚀 APPLYING GUIDANCE at step 8 (timestep=939)
🎯 GUIDANCE STEP 8 (t=939): Loss=0.6025, Rho=17.331049, Grad_norm=0.0577, Final_scale=173.3105
🚀 APPLYING GUIDANCE at step 9 (timestep=931)
🎯 GUIDANCE STEP 9 (t=931): Loss=0.6064, Rho=10.254330, Grad_norm=0.0975, Final_scale=102.5433
🚀 APPLYING GUIDANCE at step 10 (timestep=922)
🎯 GUIDANCE STEP 10 (t=922): Loss=0.6113, Rho=6.317170, Grad_norm=0.1583, Final_scale=63.1717
🚀 APPLYING GUIDANCE at step 11 (timestep=913)
🎯 GUIDANCE STEP 11 (t=913): Loss=0.6074, Rho=12.873545, Grad_norm=0.0777, Final_scale=128.7354
🚀 APPLYING GUIDANCE at step 12 (timestep=904)
🎯 GUIDANCE STEP 12 (t=904): Loss=0.6055, Rho=10.848031, Grad_norm=0.0922, Final_scale=108.4803
🚀 APPLYING GUIDANCE at step 13 (timestep=894)
🎯 GUIDANCE STEP 13 (t=894): Loss=0.6074, Rho=16.192299, Grad_norm=0.0618, Final_scale=161.9230
🚀 APPLYING GUIDANCE at step 14 (timestep=884)
🎯 GUIDANCE STEP 14 (t=884): Loss=0.6060, Rho=9.438519, Grad_norm=0.1059, Final_scale=94.3852
🚀 APPLYING GUIDANCE at step 15 (timestep=874)
🎯 GUIDANCE STEP 15 (t=874): Loss=0.6074, Rho=19.499041, Grad_norm=0.0513, Final_scale=194.9904
🚀 APPLYING GUIDANCE at step 16 (timestep=864)
🎯 GUIDANCE STEP 16 (t=864): Loss=0.6064, Rho=19.045212, Grad_norm=0.0525, Final_scale=190.4521
🚀 APPLYING GUIDANCE at step 17 (timestep=853)
🎯 GUIDANCE STEP 17 (t=853): Loss=0.6064, Rho=17.805161, Grad_norm=0.0562, Final_scale=178.0516
🚀 APPLYING GUIDANCE at step 18 (timestep=841)
🎯 GUIDANCE STEP 18 (t=841): Loss=0.6084, Rho=10.858294, Grad_norm=0.0921, Final_scale=108.5829
🚀 APPLYING GUIDANCE at step 19 (timestep=829)
🎯 GUIDANCE STEP 19 (t=829): Loss=0.6035, Rho=8.013880, Grad_norm=0.1248, Final_scale=80.1388
🚀 APPLYING GUIDANCE at step 20 (timestep=817)
🎯 GUIDANCE STEP 20 (t=817): Loss=0.6079, Rho=15.420116, Grad_norm=0.0649, Final_scale=154.2012
🚀 APPLYING GUIDANCE at step 21 (timestep=805)
🎯 GUIDANCE STEP 21 (t=805): Loss=0.6050, Rho=14.455720, Grad_norm=0.0692, Final_scale=144.5572
🚀 APPLYING GUIDANCE at step 22 (timestep=792)
🎯 GUIDANCE STEP 22 (t=792): Loss=0.6045, Rho=7.704330, Grad_norm=0.1298, Final_scale=77.0433
🚀 APPLYING GUIDANCE at step 23 (timestep=778)
🎯 GUIDANCE STEP 23 (t=778): Loss=0.6021, Rho=15.685679, Grad_norm=0.0638, Final_scale=156.8568
🚀 APPLYING GUIDANCE at step 24 (timestep=764)
🎯 GUIDANCE STEP 24 (t=764): Loss=0.6074, Rho=24.186127, Grad_norm=0.0413, Final_scale=241.8613
🚀 APPLYING GUIDANCE at step 25 (timestep=749)
🎯 GUIDANCE STEP 25 (t=749): Loss=0.6050, Rho=17.583534, Grad_norm=0.0569, Final_scale=175.8353
🚀 APPLYING GUIDANCE at step 26 (timestep=734)
🎯 GUIDANCE STEP 26 (t=734): Loss=0.6040, Rho=18.572895, Grad_norm=0.0538, Final_scale=185.7290
🚀 APPLYING GUIDANCE at step 27 (timestep=718)
🎯 GUIDANCE STEP 27 (t=718): Loss=0.6025, Rho=20.339766, Grad_norm=0.0492, Final_scale=203.3977
🚀 APPLYING GUIDANCE at step 28 (timestep=701)
🎯 GUIDANCE STEP 28 (t=701): Loss=0.6050, Rho=10.173886, Grad_norm=0.0983, Final_scale=101.7389
🚀 APPLYING GUIDANCE at step 29 (timestep=684)
🎯 GUIDANCE STEP 29 (t=684): Loss=0.6045, Rho=2.154776, Grad_norm=0.4641, Final_scale=21.5478
🚀 APPLYING GUIDANCE at step 30 (timestep=666)
🎯 GUIDANCE STEP 30 (t=666): Loss=0.6069, Rho=20.126265, Grad_norm=0.0497, Final_scale=201.2626
🚀 APPLYING GUIDANCE at step 31 (timestep=647)
🎯 GUIDANCE STEP 31 (t=647): Loss=0.6035, Rho=14.352141, Grad_norm=0.0697, Final_scale=143.5214
🚀 APPLYING GUIDANCE at step 32 (timestep=627)
🎯 GUIDANCE STEP 32 (t=627): Loss=0.6045, Rho=9.245664, Grad_norm=0.1082, Final_scale=92.4566
🚀 APPLYING GUIDANCE at step 33 (timestep=606)
🎯 GUIDANCE STEP 33 (t=606): Loss=0.6025, Rho=11.451706, Grad_norm=0.0873, Final_scale=114.5171
🚀 APPLYING GUIDANCE at step 34 (timestep=585)
🎯 GUIDANCE STEP 34 (t=585): Loss=0.6074, Rho=24.486582, Grad_norm=0.0408, Final_scale=244.8658
🚀 APPLYING GUIDANCE at step 35 (timestep=562)
🎯 GUIDANCE STEP 35 (t=562): Loss=0.6040, Rho=17.038132, Grad_norm=0.0587, Final_scale=170.3813
🚀 APPLYING GUIDANCE at step 36 (timestep=538)
🎯 GUIDANCE STEP 36 (t=538): Loss=0.6045, Rho=41.184139, Grad_norm=0.0243, Final_scale=411.8414
🚀 APPLYING GUIDANCE at step 37 (timestep=512)
🎯 GUIDANCE STEP 37 (t=512): Loss=0.6021, Rho=11.935931, Grad_norm=0.0838, Final_scale=119.3593
🚀 APPLYING GUIDANCE at step 38 (timestep=486)
🎯 GUIDANCE STEP 38 (t=486): Loss=0.6045, Rho=18.466631, Grad_norm=0.0542, Final_scale=184.6663
🚀 APPLYING GUIDANCE at step 39 (timestep=458)
🎯 GUIDANCE STEP 39 (t=458): Loss=0.6074, Rho=8.466285, Grad_norm=0.1181, Final_scale=84.6628
🚀 APPLYING GUIDANCE at step 40 (timestep=428)
🎯 GUIDANCE STEP 40 (t=428): Loss=0.6025, Rho=15.017435, Grad_norm=0.0666, Final_scale=150.1744
🚀 APPLYING GUIDANCE at step 41 (timestep=396)
🎯 GUIDANCE STEP 41 (t=396): Loss=0.6040, Rho=25.916271, Grad_norm=0.0386, Final_scale=259.1627
🚀 APPLYING GUIDANCE at step 42 (timestep=363)
🎯 GUIDANCE STEP 42 (t=363): Loss=0.6025, Rho=32.325851, Grad_norm=0.0309, Final_scale=323.2585
🚀 APPLYING GUIDANCE at step 43 (timestep=327)
🎯 GUIDANCE STEP 43 (t=327): Loss=0.6045, Rho=33.831398, Grad_norm=0.0296, Final_scale=338.3140
🚀 APPLYING GUIDANCE at step 44 (timestep=290)
🎯 GUIDANCE STEP 44 (t=290): Loss=0.6040, Rho=27.730892, Grad_norm=0.0361, Final_scale=277.3089
🚀 APPLYING GUIDANCE at step 45 (timestep=249)
🎯 GUIDANCE STEP 45 (t=249): Loss=0.6016, Rho=16.867262, Grad_norm=0.0593, Final_scale=168.6726
🚀 APPLYING GUIDANCE at step 46 (timestep=206)
🎯 GUIDANCE STEP 46 (t=206): Loss=0.6045, Rho=16.853655, Grad_norm=0.0593, Final_scale=168.5365
🚀 APPLYING GUIDANCE at step 47 (timestep=160)
🎯 GUIDANCE STEP 47 (t=160): Loss=0.6040, Rho=21.405695, Grad_norm=0.0467, Final_scale=214.0569
🚀 APPLYING GUIDANCE at step 48 (timestep=111)
🎯 GUIDANCE STEP 48 (t=111): Loss=0.6035, Rho=31.116234, Grad_norm=0.0321, Final_scale=311.1623
🚀 APPLYING GUIDANCE at step 49 (timestep=57)
🎯 GUIDANCE STEP 49 (t=57): Loss=0.6060, Rho=12.297256, Grad_norm=0.0813, Final_scale=122.9726
[guidance_f33_s50_w8c6_rho10.0_cfg5.0_0701_1608] Generated: generated_videos/subject_consistency/guidance_f33_s50_w8c6_rho10.0_cfg5.0_0701_1608/a_horse_bending_down_to_drink_water_from_a_river.mp4
[guidance_f33_s50_w8c6_rho10.0_cfg5.0_0701_1608] Generating video 6/9 (guidance): a horse galloping across an open field
🎬 STARTING GUIDANCE PIPELINE GENERATION
   Frames: 33, Steps: 50, CFG Scale: 5.0

🔧 GUIDANCE PIPELINE CONFIGURATION:
   Guidance range: 0 - 1001
   Rho scale: 10.0
   V-JEPA kernel_size: 8
   V-JEPA context_length: 6
   V-JEPA stride: 2
   V-JEPA mode: max
   Total timesteps: 50

🚀 APPLYING GUIDANCE at step 0 (timestep=999)
🎯 GUIDANCE STEP 0 (t=999): Loss=0.5879, Rho=11.488770, Grad_norm=0.0870, Final_scale=114.8877
🚀 APPLYING GUIDANCE at step 1 (timestep=992)
🎯 GUIDANCE STEP 1 (t=992): Loss=0.5625, Rho=15.731592, Grad_norm=0.0636, Final_scale=157.3159
🚀 APPLYING GUIDANCE at step 2 (timestep=985)
🎯 GUIDANCE STEP 2 (t=985): Loss=0.5986, Rho=9.846180, Grad_norm=0.1016, Final_scale=98.4618
🚀 APPLYING GUIDANCE at step 3 (timestep=978)
🎯 GUIDANCE STEP 3 (t=978): Loss=0.6226, Rho=7.430779, Grad_norm=0.1346, Final_scale=74.3078
🚀 APPLYING GUIDANCE at step 4 (timestep=971)
🎯 GUIDANCE STEP 4 (t=971): Loss=0.6445, Rho=3.445882, Grad_norm=0.2902, Final_scale=34.4588
🚀 APPLYING GUIDANCE at step 5 (timestep=963)
🎯 GUIDANCE STEP 5 (t=963): Loss=0.6421, Rho=3.669886, Grad_norm=0.2725, Final_scale=36.6989
🚀 APPLYING GUIDANCE at step 6 (timestep=956)
🎯 GUIDANCE STEP 6 (t=956): Loss=0.6357, Rho=2.092692, Grad_norm=0.4779, Final_scale=20.9269
🚀 APPLYING GUIDANCE at step 7 (timestep=948)
🎯 GUIDANCE STEP 7 (t=948): Loss=0.6367, Rho=2.631865, Grad_norm=0.3800, Final_scale=26.3186
🚀 APPLYING GUIDANCE at step 8 (timestep=939)
🎯 GUIDANCE STEP 8 (t=939): Loss=0.6367, Rho=6.250093, Grad_norm=0.1600, Final_scale=62.5009
🚀 APPLYING GUIDANCE at step 9 (timestep=931)
🎯 GUIDANCE STEP 9 (t=931): Loss=0.6387, Rho=4.280548, Grad_norm=0.2336, Final_scale=42.8055
🚀 APPLYING GUIDANCE at step 10 (timestep=922)
🎯 GUIDANCE STEP 10 (t=922): Loss=0.6416, Rho=5.355361, Grad_norm=0.1867, Final_scale=53.5536
🚀 APPLYING GUIDANCE at step 11 (timestep=913)
🎯 GUIDANCE STEP 11 (t=913): Loss=0.6348, Rho=2.989584, Grad_norm=0.3345, Final_scale=29.8958
🚀 APPLYING GUIDANCE at step 12 (timestep=904)
🎯 GUIDANCE STEP 12 (t=904): Loss=0.6377, Rho=1.783449, Grad_norm=0.5607, Final_scale=17.8345
🚀 APPLYING GUIDANCE at step 13 (timestep=894)
🎯 GUIDANCE STEP 13 (t=894): Loss=0.6367, Rho=3.394696, Grad_norm=0.2946, Final_scale=33.9470
🚀 APPLYING GUIDANCE at step 14 (timestep=884)
🎯 GUIDANCE STEP 14 (t=884): Loss=0.6382, Rho=3.884994, Grad_norm=0.2574, Final_scale=38.8499
🚀 APPLYING GUIDANCE at step 15 (timestep=874)
🎯 GUIDANCE STEP 15 (t=874): Loss=0.6367, Rho=1.996711, Grad_norm=0.5008, Final_scale=19.9671
🚀 APPLYING GUIDANCE at step 16 (timestep=864)
🎯 GUIDANCE STEP 16 (t=864): Loss=0.6406, Rho=2.100425, Grad_norm=0.4761, Final_scale=21.0043
🚀 APPLYING GUIDANCE at step 17 (timestep=853)
🎯 GUIDANCE STEP 17 (t=853): Loss=0.6421, Rho=3.607782, Grad_norm=0.2772, Final_scale=36.0778
🚀 APPLYING GUIDANCE at step 18 (timestep=841)
🎯 GUIDANCE STEP 18 (t=841): Loss=0.6372, Rho=4.046179, Grad_norm=0.2471, Final_scale=40.4618
🚀 APPLYING GUIDANCE at step 19 (timestep=829)
🎯 GUIDANCE STEP 19 (t=829): Loss=0.6392, Rho=2.208151, Grad_norm=0.4529, Final_scale=22.0815
🚀 APPLYING GUIDANCE at step 20 (timestep=817)
🎯 GUIDANCE STEP 20 (t=817): Loss=0.6396, Rho=4.632006, Grad_norm=0.2159, Final_scale=46.3201
🚀 APPLYING GUIDANCE at step 21 (timestep=805)
🎯 GUIDANCE STEP 21 (t=805): Loss=0.6367, Rho=3.389391, Grad_norm=0.2950, Final_scale=33.8939
🚀 APPLYING GUIDANCE at step 22 (timestep=792)
🎯 GUIDANCE STEP 22 (t=792): Loss=0.6353, Rho=3.751860, Grad_norm=0.2665, Final_scale=37.5186
🚀 APPLYING GUIDANCE at step 23 (timestep=778)
🎯 GUIDANCE STEP 23 (t=778): Loss=0.6357, Rho=4.484801, Grad_norm=0.2230, Final_scale=44.8480
🚀 APPLYING GUIDANCE at step 24 (timestep=764)
🎯 GUIDANCE STEP 24 (t=764): Loss=0.6367, Rho=6.061357, Grad_norm=0.1650, Final_scale=60.6136
🚀 APPLYING GUIDANCE at step 25 (timestep=749)
🎯 GUIDANCE STEP 25 (t=749): Loss=0.6372, Rho=6.398505, Grad_norm=0.1563, Final_scale=63.9851
🚀 APPLYING GUIDANCE at step 26 (timestep=734)
🎯 GUIDANCE STEP 26 (t=734): Loss=0.6357, Rho=3.825595, Grad_norm=0.2614, Final_scale=38.2560
🚀 APPLYING GUIDANCE at step 27 (timestep=718)
🎯 GUIDANCE STEP 27 (t=718): Loss=0.6367, Rho=4.881011, Grad_norm=0.2049, Final_scale=48.8101
🚀 APPLYING GUIDANCE at step 28 (timestep=701)
🎯 GUIDANCE STEP 28 (t=701): Loss=0.6343, Rho=3.824572, Grad_norm=0.2615, Final_scale=38.2457
🚀 APPLYING GUIDANCE at step 29 (timestep=684)
🎯 GUIDANCE STEP 29 (t=684): Loss=0.6323, Rho=3.563778, Grad_norm=0.2806, Final_scale=35.6378
🚀 APPLYING GUIDANCE at step 30 (timestep=666)
🎯 GUIDANCE STEP 30 (t=666): Loss=0.6338, Rho=5.036275, Grad_norm=0.1986, Final_scale=50.3628
🚀 APPLYING GUIDANCE at step 31 (timestep=647)
🎯 GUIDANCE STEP 31 (t=647): Loss=0.6357, Rho=4.088339, Grad_norm=0.2446, Final_scale=40.8834
🚀 APPLYING GUIDANCE at step 32 (timestep=627)
🎯 GUIDANCE STEP 32 (t=627): Loss=0.6333, Rho=4.223534, Grad_norm=0.2368, Final_scale=42.2353
🚀 APPLYING GUIDANCE at step 33 (timestep=606)
🎯 GUIDANCE STEP 33 (t=606): Loss=0.6333, Rho=5.382203, Grad_norm=0.1858, Final_scale=53.8220
🚀 APPLYING GUIDANCE at step 34 (timestep=585)
🎯 GUIDANCE STEP 34 (t=585): Loss=0.6343, Rho=10.590478, Grad_norm=0.0944, Final_scale=105.9048
🚀 APPLYING GUIDANCE at step 35 (timestep=562)
🎯 GUIDANCE STEP 35 (t=562): Loss=0.6318, Rho=8.113900, Grad_norm=0.1232, Final_scale=81.1390
🚀 APPLYING GUIDANCE at step 36 (timestep=538)
🎯 GUIDANCE STEP 36 (t=538): Loss=0.6333, Rho=3.462718, Grad_norm=0.2888, Final_scale=34.6272
🚀 APPLYING GUIDANCE at step 37 (timestep=512)
🎯 GUIDANCE STEP 37 (t=512): Loss=0.6299, Rho=5.665159, Grad_norm=0.1765, Final_scale=56.6516
🚀 APPLYING GUIDANCE at step 38 (timestep=486)
🎯 GUIDANCE STEP 38 (t=486): Loss=0.6323, Rho=11.661596, Grad_norm=0.0858, Final_scale=116.6160
🚀 APPLYING GUIDANCE at step 39 (timestep=458)
🎯 GUIDANCE STEP 39 (t=458): Loss=0.6323, Rho=16.095341, Grad_norm=0.0621, Final_scale=160.9534
🚀 APPLYING GUIDANCE at step 40 (timestep=428)
🎯 GUIDANCE STEP 40 (t=428): Loss=0.6348, Rho=7.083672, Grad_norm=0.1412, Final_scale=70.8367
🚀 APPLYING GUIDANCE at step 41 (timestep=396)
🎯 GUIDANCE STEP 41 (t=396): Loss=0.6333, Rho=19.815296, Grad_norm=0.0505, Final_scale=198.1530
🚀 APPLYING GUIDANCE at step 42 (timestep=363)
🎯 GUIDANCE STEP 42 (t=363): Loss=0.6338, Rho=19.197979, Grad_norm=0.0521, Final_scale=191.9798
🚀 APPLYING GUIDANCE at step 43 (timestep=327)
🎯 GUIDANCE STEP 43 (t=327): Loss=0.6309, Rho=25.387344, Grad_norm=0.0394, Final_scale=253.8734
🚀 APPLYING GUIDANCE at step 44 (timestep=290)
🎯 GUIDANCE STEP 44 (t=290): Loss=0.6289, Rho=33.019520, Grad_norm=0.0303, Final_scale=330.1952
🚀 APPLYING GUIDANCE at step 45 (timestep=249)
🎯 GUIDANCE STEP 45 (t=249): Loss=0.6284, Rho=31.032312, Grad_norm=0.0322, Final_scale=310.3231
🚀 APPLYING GUIDANCE at step 46 (timestep=206)
🎯 GUIDANCE STEP 46 (t=206): Loss=0.6289, Rho=17.973804, Grad_norm=0.0556, Final_scale=179.7380
🚀 APPLYING GUIDANCE at step 47 (timestep=160)
🎯 GUIDANCE STEP 47 (t=160): Loss=0.6318, Rho=32.789474, Grad_norm=0.0305, Final_scale=327.8947
🚀 APPLYING GUIDANCE at step 48 (timestep=111)
🎯 GUIDANCE STEP 48 (t=111): Loss=0.6289, Rho=22.946203, Grad_norm=0.0436, Final_scale=229.4620
🚀 APPLYING GUIDANCE at step 49 (timestep=57)
🎯 GUIDANCE STEP 49 (t=57): Loss=0.6284, Rho=14.733651, Grad_norm=0.0679, Final_scale=147.3365
[guidance_f33_s50_w8c6_rho10.0_cfg5.0_0701_1608] Generated: generated_videos/subject_consistency/guidance_f33_s50_w8c6_rho10.0_cfg5.0_0701_1608/a_bus_turning_a_corner.mp4
[guidance_f33_s50_w8c6_rho10.0_cfg5.0_0701_1608] Generating video 8/9 (guidance): a bus stuck in traffic during rush hour
🎬 STARTING GUIDANCE PIPELINE GENERATION
   Frames: 33, Steps: 50, CFG Scale: 5.0

🔧 GUIDANCE PIPELINE CONFIGURATION:
   Guidance range: 0 - 1001
   Rho scale: 10.0
   V-JEPA kernel_size: 8
   V-JEPA context_length: 6
   V-JEPA stride: 2
   V-JEPA mode: max
   Total timesteps: 50

🚀 APPLYING GUIDANCE at step 0 (timestep=999)
🎯 GUIDANCE STEP 0 (t=999): Loss=0.5688, Rho=13.115821, Grad_norm=0.0762, Final_scale=131.1582
🚀 APPLYING GUIDANCE at step 1 (timestep=992)
🎯 GUIDANCE STEP 1 (t=992): Loss=0.5337, Rho=26.197548, Grad_norm=0.0382, Final_scale=261.9755
🚀 APPLYING GUIDANCE at step 2 (timestep=985)
🎯 GUIDANCE STEP 2 (t=985): Loss=0.5786, Rho=7.665807, Grad_norm=0.1304, Final_scale=76.6581
🚀 APPLYING GUIDANCE at step 3 (timestep=978)
🎯 GUIDANCE STEP 3 (t=978): Loss=0.5991, Rho=12.063094, Grad_norm=0.0829, Final_scale=120.6309
🚀 APPLYING GUIDANCE at step 4 (timestep=971)
🎯 GUIDANCE STEP 4 (t=971): Loss=0.5879, Rho=9.312388, Grad_norm=0.1074, Final_scale=93.1239
🚀 APPLYING GUIDANCE at step 5 (timestep=963)
🎯 GUIDANCE STEP 5 (t=963): Loss=0.6074, Rho=22.498396, Grad_norm=0.0444, Final_scale=224.9840
🚀 APPLYING GUIDANCE at step 6 (timestep=956)
🎯 GUIDANCE STEP 6 (t=956): Loss=0.5991, Rho=4.082353, Grad_norm=0.2450, Final_scale=40.8235
🚀 APPLYING GUIDANCE at step 7 (timestep=948)
🎯 GUIDANCE STEP 7 (t=948): Loss=0.6025, Rho=10.271212, Grad_norm=0.0974, Final_scale=102.7121
🚀 APPLYING GUIDANCE at step 8 (timestep=939)
🎯 GUIDANCE STEP 8 (t=939): Loss=0.5952, Rho=14.225408, Grad_norm=0.0703, Final_scale=142.2541
🚀 APPLYING GUIDANCE at step 9 (timestep=931)
🎯 GUIDANCE STEP 9 (t=931): Loss=0.5986, Rho=11.600227, Grad_norm=0.0862, Final_scale=116.0023
🚀 APPLYING GUIDANCE at step 10 (timestep=922)
🎯 GUIDANCE STEP 10 (t=922): Loss=0.6001, Rho=16.366238, Grad_norm=0.0611, Final_scale=163.6624
🚀 APPLYING GUIDANCE at step 11 (timestep=913)
🎯 GUIDANCE STEP 11 (t=913): Loss=0.6035, Rho=17.019577, Grad_norm=0.0588, Final_scale=170.1958
🚀 APPLYING GUIDANCE at step 12 (timestep=904)
🎯 GUIDANCE STEP 12 (t=904): Loss=0.6035, Rho=13.731501, Grad_norm=0.0728, Final_scale=137.3150
🚀 APPLYING GUIDANCE at step 13 (timestep=894)
🎯 GUIDANCE STEP 13 (t=894): Loss=0.5991, Rho=7.717584, Grad_norm=0.1296, Final_scale=77.1758
🚀 APPLYING GUIDANCE at step 14 (timestep=884)
🎯 GUIDANCE STEP 14 (t=884): Loss=0.6157, Rho=9.551147, Grad_norm=0.1047, Final_scale=95.5115
🚀 APPLYING GUIDANCE at step 15 (timestep=874)
🎯 GUIDANCE STEP 15 (t=874): Loss=0.6177, Rho=8.994159, Grad_norm=0.1112, Final_scale=89.9416
🚀 APPLYING GUIDANCE at step 16 (timestep=864)
🎯 GUIDANCE STEP 16 (t=864): Loss=0.6226, Rho=8.785189, Grad_norm=0.1138, Final_scale=87.8519
🚀 APPLYING GUIDANCE at step 17 (timestep=853)
🎯 GUIDANCE STEP 17 (t=853): Loss=0.6279, Rho=7.023744, Grad_norm=0.1424, Final_scale=70.2374
🚀 APPLYING GUIDANCE at step 18 (timestep=841)
🎯 GUIDANCE STEP 18 (t=841): Loss=0.6260, Rho=12.110817, Grad_norm=0.0826, Final_scale=121.1082
🚀 APPLYING GUIDANCE at step 19 (timestep=829)
🎯 GUIDANCE STEP 19 (t=829): Loss=0.6245, Rho=12.266016, Grad_norm=0.0815, Final_scale=122.6602
🚀 APPLYING GUIDANCE at step 20 (timestep=817)
🎯 GUIDANCE STEP 20 (t=817): Loss=0.6211, Rho=5.299097, Grad_norm=0.1887, Final_scale=52.9910
🚀 APPLYING GUIDANCE at step 21 (timestep=805)
🎯 GUIDANCE STEP 21 (t=805): Loss=0.6221, Rho=11.427308, Grad_norm=0.0875, Final_scale=114.2731
🚀 APPLYING GUIDANCE at step 22 (timestep=792)
🎯 GUIDANCE STEP 22 (t=792): Loss=0.6138, Rho=8.915648, Grad_norm=0.1122, Final_scale=89.1565
🚀 APPLYING GUIDANCE at step 23 (timestep=778)
🎯 GUIDANCE STEP 23 (t=778): Loss=0.6191, Rho=13.595735, Grad_norm=0.0736, Final_scale=135.9573
🚀 APPLYING GUIDANCE at step 24 (timestep=764)
🎯 GUIDANCE STEP 24 (t=764): Loss=0.6157, Rho=12.685609, Grad_norm=0.0788, Final_scale=126.8561
🚀 APPLYING GUIDANCE at step 25 (timestep=749)
🎯 GUIDANCE STEP 25 (t=749): Loss=0.6206, Rho=8.370106, Grad_norm=0.1195, Final_scale=83.7011
🚀 APPLYING GUIDANCE at step 26 (timestep=734)
🎯 GUIDANCE STEP 26 (t=734): Loss=0.6221, Rho=3.370652, Grad_norm=0.2967, Final_scale=33.7065
🚀 APPLYING GUIDANCE at step 27 (timestep=718)
🎯 GUIDANCE STEP 27 (t=718): Loss=0.6240, Rho=10.563089, Grad_norm=0.0947, Final_scale=105.6309
🚀 APPLYING GUIDANCE at step 28 (timestep=701)
🎯 GUIDANCE STEP 28 (t=701): Loss=0.6211, Rho=14.819355, Grad_norm=0.0675, Final_scale=148.1936
🚀 APPLYING GUIDANCE at step 29 (timestep=684)
🎯 GUIDANCE STEP 29 (t=684): Loss=0.6177, Rho=21.442629, Grad_norm=0.0466, Final_scale=214.4263
🚀 APPLYING GUIDANCE at step 30 (timestep=666)
🎯 GUIDANCE STEP 30 (t=666): Loss=0.6162, Rho=18.017485, Grad_norm=0.0555, Final_scale=180.1748
🚀 APPLYING GUIDANCE at step 31 (timestep=647)
🎯 GUIDANCE STEP 31 (t=647): Loss=0.6182, Rho=25.464138, Grad_norm=0.0393, Final_scale=254.6414
🚀 APPLYING GUIDANCE at step 32 (timestep=627)
🎯 GUIDANCE STEP 32 (t=627): Loss=0.6157, Rho=14.534228, Grad_norm=0.0688, Final_scale=145.3423
🚀 APPLYING GUIDANCE at step 33 (timestep=606)
🎯 GUIDANCE STEP 33 (t=606): Loss=0.6167, Rho=14.251001, Grad_norm=0.0702, Final_scale=142.5100
🚀 APPLYING GUIDANCE at step 34 (timestep=585)
🎯 GUIDANCE STEP 34 (t=585): Loss=0.6113, Rho=11.110559, Grad_norm=0.0900, Final_scale=111.1056
🚀 APPLYING GUIDANCE at step 35 (timestep=562)
🎯 GUIDANCE STEP 35 (t=562): Loss=0.6104, Rho=1.930769, Grad_norm=0.5179, Final_scale=19.3077
🚀 APPLYING GUIDANCE at step 36 (timestep=538)
🎯 GUIDANCE STEP 36 (t=538): Loss=0.6104, Rho=13.322968, Grad_norm=0.0751, Final_scale=133.2297
🚀 APPLYING GUIDANCE at step 37 (timestep=512)
🎯 GUIDANCE STEP 37 (t=512): Loss=0.6021, Rho=3.997672, Grad_norm=0.2501, Final_scale=39.9767
🚀 APPLYING GUIDANCE at step 38 (timestep=486)
🎯 GUIDANCE STEP 38 (t=486): Loss=0.6035, Rho=22.704706, Grad_norm=0.0440, Final_scale=227.0471
🚀 APPLYING GUIDANCE at step 39 (timestep=458)
🎯 GUIDANCE STEP 39 (t=458): Loss=0.6025, Rho=22.541603, Grad_norm=0.0444, Final_scale=225.4160
🚀 APPLYING GUIDANCE at step 40 (timestep=428)
🎯 GUIDANCE STEP 40 (t=428): Loss=0.6016, Rho=33.095249, Grad_norm=0.0302, Final_scale=330.9525
🚀 APPLYING GUIDANCE at step 41 (timestep=396)
🎯 GUIDANCE STEP 41 (t=396): Loss=0.5996, Rho=32.435509, Grad_norm=0.0308, Final_scale=324.3551
🚀 APPLYING GUIDANCE at step 42 (timestep=363)
🎯 GUIDANCE STEP 42 (t=363): Loss=0.6045, Rho=13.101659, Grad_norm=0.0763, Final_scale=131.0166
🚀 APPLYING GUIDANCE at step 43 (timestep=327)
🎯 GUIDANCE STEP 43 (t=327): Loss=0.6011, Rho=27.626104, Grad_norm=0.0362, Final_scale=276.2610
🚀 APPLYING GUIDANCE at step 44 (timestep=290)
🎯 GUIDANCE STEP 44 (t=290): Loss=0.5923, Rho=50.557152, Grad_norm=0.0198, Final_scale=505.5715
🚀 APPLYING GUIDANCE at step 45 (timestep=249)
🎯 GUIDANCE STEP 45 (t=249): Loss=0.5923, Rho=41.208546, Grad_norm=0.0243, Final_scale=412.0855
🚀 APPLYING GUIDANCE at step 46 (timestep=206)
🎯 GUIDANCE STEP 46 (t=206): Loss=0.5898, Rho=46.694393, Grad_norm=0.0214, Final_scale=466.9439
🚀 APPLYING GUIDANCE at step 47 (timestep=160)
🎯 GUIDANCE STEP 47 (t=160): Loss=0.5933, Rho=28.356108, Grad_norm=0.0353, Final_scale=283.5611
🚀 APPLYING GUIDANCE at step 48 (timestep=111)
🎯 GUIDANCE STEP 48 (t=111): Loss=0.5894, Rho=47.189842, Grad_norm=0.0212, Final_scale=471.8984
🚀 APPLYING GUIDANCE at step 49 (timestep=57)
🎯 GUIDANCE STEP 49 (t=57): Loss=0.5859, Rho=28.075619, Grad_norm=0.0356, Final_scale=280.7562
[guidance_f33_s50_w8c6_rho10.0_cfg5.0_0701_1608] Generated: generated_videos/subject_consistency/guidance_f33_s50_w8c6_rho10.0_cfg5.0_0701_1608/a_giraffe_taking_a_peaceful_walk.mp4
[guidance_f33_s50_w8c6_rho10.0_cfg5.0_0701_1608] Generating video 9/9 (guidance): a giraffe running to join a herd of its kind
🎬 STARTING GUIDANCE PIPELINE GENERATION
   Frames: 33, Steps: 50, CFG Scale: 5.0

🔧 GUIDANCE PIPELINE CONFIGURATION:
   Guidance range: 0 - 1001
   Rho scale: 10.0
   V-JEPA kernel_size: 8
   V-JEPA context_length: 6
   V-JEPA stride: 2
   V-JEPA mode: max
   Total timesteps: 50

🚀 APPLYING GUIDANCE at step 0 (timestep=999)
🎯 GUIDANCE STEP 0 (t=999): Loss=0.5933, Rho=14.412629, Grad_norm=0.0694, Final_scale=144.1263
🚀 APPLYING GUIDANCE at step 1 (timestep=992)
🎯 GUIDANCE STEP 1 (t=992): Loss=0.5493, Rho=5.950442, Grad_norm=0.1681, Final_scale=59.5044
🚀 APPLYING GUIDANCE at step 2 (timestep=985)
🎯 GUIDANCE STEP 2 (t=985): Loss=0.5366, Rho=15.718027, Grad_norm=0.0636, Final_scale=157.1803
🚀 APPLYING GUIDANCE at step 3 (timestep=978)
🎯 GUIDANCE STEP 3 (t=978): Loss=0.5552, Rho=18.324951, Grad_norm=0.0546, Final_scale=183.2495
🚀 APPLYING GUIDANCE at step 4 (timestep=971)
🎯 GUIDANCE STEP 4 (t=971): Loss=0.5859, Rho=9.628366, Grad_norm=0.1039, Final_scale=96.2837
🚀 APPLYING GUIDANCE at step 5 (timestep=963)
🎯 GUIDANCE STEP 5 (t=963): Loss=0.6045, Rho=8.640475, Grad_norm=0.1157, Final_scale=86.4048
🚀 APPLYING GUIDANCE at step 6 (timestep=956)
🎯 GUIDANCE STEP 6 (t=956): Loss=0.6060, Rho=15.389914, Grad_norm=0.0650, Final_scale=153.8991
🚀 APPLYING GUIDANCE at step 7 (timestep=948)
🎯 GUIDANCE STEP 7 (t=948): Loss=0.6172, Rho=4.177158, Grad_norm=0.2394, Final_scale=41.7716
🚀 APPLYING GUIDANCE at step 8 (timestep=939)
🎯 GUIDANCE STEP 8 (t=939): Loss=0.6240, Rho=2.686416, Grad_norm=0.3722, Final_scale=26.8642
🚀 APPLYING GUIDANCE at step 9 (timestep=931)
🎯 GUIDANCE STEP 9 (t=931): Loss=0.6299, Rho=6.224060, Grad_norm=0.1607, Final_scale=62.2406
🚀 APPLYING GUIDANCE at step 10 (timestep=922)
🎯 GUIDANCE STEP 10 (t=922): Loss=0.6294, Rho=5.555896, Grad_norm=0.1800, Final_scale=55.5590
🚀 APPLYING GUIDANCE at step 11 (timestep=913)
🎯 GUIDANCE STEP 11 (t=913): Loss=0.6318, Rho=8.837805, Grad_norm=0.1132, Final_scale=88.3780
🚀 APPLYING GUIDANCE at step 12 (timestep=904)
🎯 GUIDANCE STEP 12 (t=904): Loss=0.6230, Rho=3.465718, Grad_norm=0.2885, Final_scale=34.6572
🚀 APPLYING GUIDANCE at step 13 (timestep=894)
🎯 GUIDANCE STEP 13 (t=894): Loss=0.6230, Rho=2.481695, Grad_norm=0.4030, Final_scale=24.8170
🚀 APPLYING GUIDANCE at step 14 (timestep=884)
🎯 GUIDANCE STEP 14 (t=884): Loss=0.6196, Rho=6.942540, Grad_norm=0.1440, Final_scale=69.4254
🚀 APPLYING GUIDANCE at step 15 (timestep=874)
🎯 GUIDANCE STEP 15 (t=874): Loss=0.6206, Rho=4.274224, Grad_norm=0.2340, Final_scale=42.7422
🚀 APPLYING GUIDANCE at step 16 (timestep=864)
🎯 GUIDANCE STEP 16 (t=864): Loss=0.6196, Rho=3.042775, Grad_norm=0.3286, Final_scale=30.4278
🚀 APPLYING GUIDANCE at step 17 (timestep=853)
🎯 GUIDANCE STEP 17 (t=853): Loss=0.6206, Rho=5.191656, Grad_norm=0.1926, Final_scale=51.9166
🚀 APPLYING GUIDANCE at step 18 (timestep=841)
🎯 GUIDANCE STEP 18 (t=841): Loss=0.6196, Rho=5.348090, Grad_norm=0.1870, Final_scale=53.4809
🚀 APPLYING GUIDANCE at step 19 (timestep=829)
🎯 GUIDANCE STEP 19 (t=829): Loss=0.6221, Rho=7.879667, Grad_norm=0.1269, Final_scale=78.7967
🚀 APPLYING GUIDANCE at step 20 (timestep=817)
🎯 GUIDANCE STEP 20 (t=817): Loss=0.6265, Rho=5.121040, Grad_norm=0.1953, Final_scale=51.2104
🚀 APPLYING GUIDANCE at step 21 (timestep=805)
🎯 GUIDANCE STEP 21 (t=805): Loss=0.6255, Rho=12.151558, Grad_norm=0.0823, Final_scale=121.5156
🚀 APPLYING GUIDANCE at step 22 (timestep=792)
🎯 GUIDANCE STEP 22 (t=792): Loss=0.6240, Rho=6.498785, Grad_norm=0.1539, Final_scale=64.9879
🚀 APPLYING GUIDANCE at step 23 (timestep=778)
🎯 GUIDANCE STEP 23 (t=778): Loss=0.6274, Rho=12.095731, Grad_norm=0.0827, Final_scale=120.9573
🚀 APPLYING GUIDANCE at step 24 (timestep=764)
🎯 GUIDANCE STEP 24 (t=764): Loss=0.6265, Rho=6.059070, Grad_norm=0.1650, Final_scale=60.5907
🚀 APPLYING GUIDANCE at step 25 (timestep=749)
🎯 GUIDANCE STEP 25 (t=749): Loss=0.6284, Rho=13.132201, Grad_norm=0.0761, Final_scale=131.3220
🚀 APPLYING GUIDANCE at step 26 (timestep=734)
🎯 GUIDANCE STEP 26 (t=734): Loss=0.6284, Rho=4.984697, Grad_norm=0.2006, Final_scale=49.8470
🚀 APPLYING GUIDANCE at step 27 (timestep=718)
🎯 GUIDANCE STEP 27 (t=718): Loss=0.6265, Rho=6.045986, Grad_norm=0.1654, Final_scale=60.4599
🚀 APPLYING GUIDANCE at step 28 (timestep=701)
🎯 GUIDANCE STEP 28 (t=701): Loss=0.6255, Rho=9.846320, Grad_norm=0.1016, Final_scale=98.4632
🚀 APPLYING GUIDANCE at step 29 (timestep=684)
🎯 GUIDANCE STEP 29 (t=684): Loss=0.6284, Rho=12.481512, Grad_norm=0.0801, Final_scale=124.8151
🚀 APPLYING GUIDANCE at step 30 (timestep=666)
🎯 GUIDANCE STEP 30 (t=666): Loss=0.6270, Rho=13.097834, Grad_norm=0.0763, Final_scale=130.9783
🚀 APPLYING GUIDANCE at step 31 (timestep=647)
🎯 GUIDANCE STEP 31 (t=647): Loss=0.6313, Rho=15.487425, Grad_norm=0.0646, Final_scale=154.8742
🚀 APPLYING GUIDANCE at step 32 (timestep=627)
🎯 GUIDANCE STEP 32 (t=627): Loss=0.6309, Rho=11.044398, Grad_norm=0.0905, Final_scale=110.4440
🚀 APPLYING GUIDANCE at step 33 (timestep=606)
🎯 GUIDANCE STEP 33 (t=606): Loss=0.6304, Rho=12.562140, Grad_norm=0.0796, Final_scale=125.6214
🚀 APPLYING GUIDANCE at step 34 (timestep=585)
🎯 GUIDANCE STEP 34 (t=585): Loss=0.6284, Rho=1.575041, Grad_norm=0.6349, Final_scale=15.7504
🚀 APPLYING GUIDANCE at step 35 (timestep=562)
🎯 GUIDANCE STEP 35 (t=562): Loss=0.6279, Rho=15.989650, Grad_norm=0.0625, Final_scale=159.8965
🚀 APPLYING GUIDANCE at step 36 (timestep=538)
🎯 GUIDANCE STEP 36 (t=538): Loss=0.6289, Rho=15.446119, Grad_norm=0.0647, Final_scale=154.4612
🚀 APPLYING GUIDANCE at step 37 (timestep=512)
🎯 GUIDANCE STEP 37 (t=512): Loss=0.6250, Rho=11.794043, Grad_norm=0.0848, Final_scale=117.9404
🚀 APPLYING GUIDANCE at step 38 (timestep=486)
🎯 GUIDANCE STEP 38 (t=486): Loss=0.6274, Rho=17.984985, Grad_norm=0.0556, Final_scale=179.8499
🚀 APPLYING GUIDANCE at step 39 (timestep=458)
🎯 GUIDANCE STEP 39 (t=458): Loss=0.6274, Rho=18.589973, Grad_norm=0.0538, Final_scale=185.8997
🚀 APPLYING GUIDANCE at step 40 (timestep=428)
🎯 GUIDANCE STEP 40 (t=428): Loss=0.6255, Rho=20.177479, Grad_norm=0.0496, Final_scale=201.7748
🚀 APPLYING GUIDANCE at step 41 (timestep=396)
🎯 GUIDANCE STEP 41 (t=396): Loss=0.6274, Rho=9.918975, Grad_norm=0.1008, Final_scale=99.1897
🚀 APPLYING GUIDANCE at step 42 (timestep=363)
🎯 GUIDANCE STEP 42 (t=363): Loss=0.6270, Rho=15.153603, Grad_norm=0.0660, Final_scale=151.5360
🚀 APPLYING GUIDANCE at step 43 (timestep=327)
🎯 GUIDANCE STEP 43 (t=327): Loss=0.6255, Rho=33.360672, Grad_norm=0.0300, Final_scale=333.6067
🚀 APPLYING GUIDANCE at step 44 (timestep=290)
🎯 GUIDANCE STEP 44 (t=290): Loss=0.6245, Rho=18.688316, Grad_norm=0.0535, Final_scale=186.8832
🚀 APPLYING GUIDANCE at step 45 (timestep=249)
🎯 GUIDANCE STEP 45 (t=249): Loss=0.6255, Rho=37.396923, Grad_norm=0.0267, Final_scale=373.9692
🚀 APPLYING GUIDANCE at step 46 (timestep=206)
🎯 GUIDANCE STEP 46 (t=206): Loss=0.6245, Rho=12.931342, Grad_norm=0.0773, Final_scale=129.3134
🚀 APPLYING GUIDANCE at step 47 (timestep=160)
🎯 GUIDANCE STEP 47 (t=160): Loss=0.6230, Rho=11.615539, Grad_norm=0.0861, Final_scale=116.1554
🚀 APPLYING GUIDANCE at step 48 (timestep=111)
🎯 GUIDANCE STEP 48 (t=111): Loss=0.6240, Rho=13.398503, Grad_norm=0.0746, Final_scale=133.9850
🚀 APPLYING GUIDANCE at step 49 (timestep=57)
🎯 GUIDANCE STEP 49 (t=57): Loss=0.6235, Rho=14.443345, Grad_norm=0.0692, Final_scale=144.4335
[guidance_f33_s50_w8c6_rho10.0_cfg5.0_0701_1608] Generated: generated_videos/subject_consistency/guidance_f33_s50_w8c6_rho10.0_cfg5.0_0701_1608/an_elephant_running_to_join_a_herd_of_its_kind.mp4
[guidance_f33_s50_w8c6_rho10.0_cfg5.0_0701_1608] Generating video 9/9 (guidance): a bear catching a salmon in its powerful jaws
🎬 STARTING GUIDANCE PIPELINE GENERATION
   Frames: 33, Steps: 50, CFG Scale: 5.0

🔧 GUIDANCE PIPELINE CONFIGURATION:
   Guidance range: 0 - 1001
   Rho scale: 10.0
   V-JEPA kernel_size: 8
   V-JEPA context_length: 6
   V-JEPA stride: 2
   V-JEPA mode: max
   Total timesteps: 50

🚀 APPLYING GUIDANCE at step 0 (timestep=999)
🎯 GUIDANCE STEP 0 (t=999): Loss=0.5830, Rho=3.320038, Grad_norm=0.3012, Final_scale=33.2004
🚀 APPLYING GUIDANCE at step 1 (timestep=992)
🎯 GUIDANCE STEP 1 (t=992): Loss=0.5522, Rho=6.489629, Grad_norm=0.1541, Final_scale=64.8963
🚀 APPLYING GUIDANCE at step 2 (timestep=985)
🎯 GUIDANCE STEP 2 (t=985): Loss=0.5635, Rho=18.139864, Grad_norm=0.0551, Final_scale=181.3986
🚀 APPLYING GUIDANCE at step 3 (timestep=978)
🎯 GUIDANCE STEP 3 (t=978): Loss=0.5771, Rho=11.644354, Grad_norm=0.0859, Final_scale=116.4435
🚀 APPLYING GUIDANCE at step 4 (timestep=971)
🎯 GUIDANCE STEP 4 (t=971): Loss=0.5850, Rho=16.365171, Grad_norm=0.0611, Final_scale=163.6517
🚀 APPLYING GUIDANCE at step 5 (timestep=963)
🎯 GUIDANCE STEP 5 (t=963): Loss=0.5918, Rho=12.714110, Grad_norm=0.0787, Final_scale=127.1411
🚀 APPLYING GUIDANCE at step 6 (timestep=956)
🎯 GUIDANCE STEP 6 (t=956): Loss=0.5942, Rho=5.252874, Grad_norm=0.1904, Final_scale=52.5287
🚀 APPLYING GUIDANCE at step 7 (timestep=948)
🎯 GUIDANCE STEP 7 (t=948): Loss=0.5986, Rho=14.746614, Grad_norm=0.0678, Final_scale=147.4661
🚀 APPLYING GUIDANCE at step 8 (timestep=939)
🎯 GUIDANCE STEP 8 (t=939): Loss=0.6079, Rho=9.808772, Grad_norm=0.1019, Final_scale=98.0877
🚀 APPLYING GUIDANCE at step 9 (timestep=931)
🎯 GUIDANCE STEP 9 (t=931): Loss=0.6113, Rho=16.923250, Grad_norm=0.0591, Final_scale=169.2325
🚀 APPLYING GUIDANCE at step 10 (timestep=922)
🎯 GUIDANCE STEP 10 (t=922): Loss=0.6196, Rho=12.747956, Grad_norm=0.0784, Final_scale=127.4796
🚀 APPLYING GUIDANCE at step 11 (timestep=913)
🎯 GUIDANCE STEP 11 (t=913): Loss=0.6182, Rho=7.186553, Grad_norm=0.1391, Final_scale=71.8655
🚀 APPLYING GUIDANCE at step 12 (timestep=904)
🎯 GUIDANCE STEP 12 (t=904): Loss=0.6138, Rho=12.794040, Grad_norm=0.0782, Final_scale=127.9404
🚀 APPLYING GUIDANCE at step 13 (timestep=894)
🎯 GUIDANCE STEP 13 (t=894): Loss=0.6147, Rho=10.428230, Grad_norm=0.0959, Final_scale=104.2823
🚀 APPLYING GUIDANCE at step 14 (timestep=884)
🎯 GUIDANCE STEP 14 (t=884): Loss=0.6182, Rho=12.391507, Grad_norm=0.0807, Final_scale=123.9151
🚀 APPLYING GUIDANCE at step 15 (timestep=874)
🎯 GUIDANCE STEP 15 (t=874): Loss=0.6089, Rho=10.998270, Grad_norm=0.0909, Final_scale=109.9827
🚀 APPLYING GUIDANCE at step 16 (timestep=864)
🎯 GUIDANCE STEP 16 (t=864): Loss=0.6113, Rho=5.120186, Grad_norm=0.1953, Final_scale=51.2019
🚀 APPLYING GUIDANCE at step 17 (timestep=853)
🎯 GUIDANCE STEP 17 (t=853): Loss=0.6069, Rho=8.512876, Grad_norm=0.1175, Final_scale=85.1288
🚀 APPLYING GUIDANCE at step 18 (timestep=841)
🎯 GUIDANCE STEP 18 (t=841): Loss=0.6104, Rho=3.432927, Grad_norm=0.2913, Final_scale=34.3293
🚀 APPLYING GUIDANCE at step 19 (timestep=829)
🎯 GUIDANCE STEP 19 (t=829): Loss=0.6074, Rho=4.516934, Grad_norm=0.2214, Final_scale=45.1693
🚀 APPLYING GUIDANCE at step 20 (timestep=817)
🎯 GUIDANCE STEP 20 (t=817): Loss=0.6079, Rho=9.992234, Grad_norm=0.1001, Final_scale=99.9223
🚀 APPLYING GUIDANCE at step 21 (timestep=805)
🎯 GUIDANCE STEP 21 (t=805): Loss=0.6113, Rho=5.979238, Grad_norm=0.1672, Final_scale=59.7924
🚀 APPLYING GUIDANCE at step 22 (timestep=792)
🎯 GUIDANCE STEP 22 (t=792): Loss=0.6104, Rho=9.729306, Grad_norm=0.1028, Final_scale=97.2931
🚀 APPLYING GUIDANCE at step 23 (timestep=778)
🎯 GUIDANCE STEP 23 (t=778): Loss=0.6123, Rho=15.095755, Grad_norm=0.0662, Final_scale=150.9575
🚀 APPLYING GUIDANCE at step 24 (timestep=764)
🎯 GUIDANCE STEP 24 (t=764): Loss=0.6084, Rho=5.086109, Grad_norm=0.1966, Final_scale=50.8611
🚀 APPLYING GUIDANCE at step 25 (timestep=749)
🎯 GUIDANCE STEP 25 (t=749): Loss=0.6104, Rho=17.055025, Grad_norm=0.0586, Final_scale=170.5503
🚀 APPLYING GUIDANCE at step 26 (timestep=734)
🎯 GUIDANCE STEP 26 (t=734): Loss=0.6143, Rho=1.247259, Grad_norm=0.8018, Final_scale=12.4726
🚀 APPLYING GUIDANCE at step 27 (timestep=718)
🎯 GUIDANCE STEP 27 (t=718): Loss=0.6138, Rho=7.670922, Grad_norm=0.1304, Final_scale=76.7092
🚀 APPLYING GUIDANCE at step 28 (timestep=701)
🎯 GUIDANCE STEP 28 (t=701): Loss=0.6104, Rho=4.601313, Grad_norm=0.2173, Final_scale=46.0131
🚀 APPLYING GUIDANCE at step 29 (timestep=684)
🎯 GUIDANCE STEP 29 (t=684): Loss=0.6118, Rho=12.340377, Grad_norm=0.0810, Final_scale=123.4038
🚀 APPLYING GUIDANCE at step 30 (timestep=666)
🎯 GUIDANCE STEP 30 (t=666): Loss=0.6123, Rho=7.798283, Grad_norm=0.1282, Final_scale=77.9828
🚀 APPLYING GUIDANCE at step 31 (timestep=647)
🎯 GUIDANCE STEP 31 (t=647): Loss=0.6108, Rho=16.782984, Grad_norm=0.0596, Final_scale=167.8298
🚀 APPLYING GUIDANCE at step 32 (timestep=627)
🎯 GUIDANCE STEP 32 (t=627): Loss=0.6133, Rho=3.431377, Grad_norm=0.2914, Final_scale=34.3138
🚀 APPLYING GUIDANCE at step 33 (timestep=606)
🎯 GUIDANCE STEP 33 (t=606): Loss=0.6128, Rho=17.330097, Grad_norm=0.0577, Final_scale=173.3010
🚀 APPLYING GUIDANCE at step 34 (timestep=585)
🎯 GUIDANCE STEP 34 (t=585): Loss=0.6128, Rho=18.374998, Grad_norm=0.0544, Final_scale=183.7500
🚀 APPLYING GUIDANCE at step 35 (timestep=562)
🎯 GUIDANCE STEP 35 (t=562): Loss=0.6172, Rho=16.777407, Grad_norm=0.0596, Final_scale=167.7741
🚀 APPLYING GUIDANCE at step 36 (timestep=538)
🎯 GUIDANCE STEP 36 (t=538): Loss=0.6113, Rho=18.416807, Grad_norm=0.0543, Final_scale=184.1681
🚀 APPLYING GUIDANCE at step 37 (timestep=512)
🎯 GUIDANCE STEP 37 (t=512): Loss=0.6113, Rho=18.640945, Grad_norm=0.0536, Final_scale=186.4095
🚀 APPLYING GUIDANCE at step 38 (timestep=486)
🎯 GUIDANCE STEP 38 (t=486): Loss=0.6138, Rho=9.785850, Grad_norm=0.1022, Final_scale=97.8585
🚀 APPLYING GUIDANCE at step 39 (timestep=458)
🎯 GUIDANCE STEP 39 (t=458): Loss=0.6138, Rho=13.729829, Grad_norm=0.0728, Final_scale=137.2983
🚀 APPLYING GUIDANCE at step 40 (timestep=428)
🎯 GUIDANCE STEP 40 (t=428): Loss=0.6133, Rho=29.578876, Grad_norm=0.0338, Final_scale=295.7888
🚀 APPLYING GUIDANCE at step 41 (timestep=396)
🎯 GUIDANCE STEP 41 (t=396): Loss=0.6128, Rho=22.097467, Grad_norm=0.0453, Final_scale=220.9747
🚀 APPLYING GUIDANCE at step 42 (timestep=363)
🎯 GUIDANCE STEP 42 (t=363): Loss=0.6094, Rho=9.450134, Grad_norm=0.1058, Final_scale=94.5013
🚀 APPLYING GUIDANCE at step 43 (timestep=327)
🎯 GUIDANCE STEP 43 (t=327): Loss=0.6104, Rho=5.865108, Grad_norm=0.1705, Final_scale=58.6511
🚀 APPLYING GUIDANCE at step 44 (timestep=290)
🎯 GUIDANCE STEP 44 (t=290): Loss=0.6108, Rho=7.820983, Grad_norm=0.1279, Final_scale=78.2098
🚀 APPLYING GUIDANCE at step 45 (timestep=249)
🎯 GUIDANCE STEP 45 (t=249): Loss=0.6104, Rho=10.839955, Grad_norm=0.0923, Final_scale=108.3996
🚀 APPLYING GUIDANCE at step 46 (timestep=206)
🎯 GUIDANCE STEP 46 (t=206): Loss=0.6108, Rho=9.903902, Grad_norm=0.1010, Final_scale=99.0390
🚀 APPLYING GUIDANCE at step 47 (timestep=160)
🎯 GUIDANCE STEP 47 (t=160): Loss=0.6128, Rho=21.380890, Grad_norm=0.0468, Final_scale=213.8089
🚀 APPLYING GUIDANCE at step 48 (timestep=111)
🎯 GUIDANCE STEP 48 (t=111): Loss=0.6069, Rho=11.004606, Grad_norm=0.0909, Final_scale=110.0461
🚀 APPLYING GUIDANCE at step 49 (timestep=57)
🎯 GUIDANCE STEP 49 (t=57): Loss=0.6094, Rho=10.014287, Grad_norm=0.0999, Final_scale=100.1429
[guidance_f33_s50_w8c6_rho10.0_cfg5.0_0701_1608] Generated: generated_videos/subject_consistency/guidance_f33_s50_w8c6_rho10.0_cfg5.0_0701_1608/a_motorcycle_turning_a_corner.mp4
[guidance_f33_s50_w8c6_rho10.0_cfg5.0_0701_1608] Generating video 9/9 (guidance): a motorcycle slowing down to stop
🎬 STARTING GUIDANCE PIPELINE GENERATION
   Frames: 33, Steps: 50, CFG Scale: 5.0

🔧 GUIDANCE PIPELINE CONFIGURATION:
   Guidance range: 0 - 1001
   Rho scale: 10.0
   V-JEPA kernel_size: 8
   V-JEPA context_length: 6
   V-JEPA stride: 2
   V-JEPA mode: max
   Total timesteps: 50

🚀 APPLYING GUIDANCE at step 0 (timestep=999)
🎯 GUIDANCE STEP 0 (t=999): Loss=0.5737, Rho=7.198999, Grad_norm=0.1389, Final_scale=71.9900
🚀 APPLYING GUIDANCE at step 1 (timestep=992)
🎯 GUIDANCE STEP 1 (t=992): Loss=0.5635, Rho=24.051811, Grad_norm=0.0416, Final_scale=240.5181
🚀 APPLYING GUIDANCE at step 2 (timestep=985)
🎯 GUIDANCE STEP 2 (t=985): Loss=0.5786, Rho=5.633744, Grad_norm=0.1775, Final_scale=56.3374
🚀 APPLYING GUIDANCE at step 3 (timestep=978)
🎯 GUIDANCE STEP 3 (t=978): Loss=0.5918, Rho=14.273076, Grad_norm=0.0701, Final_scale=142.7308
🚀 APPLYING GUIDANCE at step 4 (timestep=971)
🎯 GUIDANCE STEP 4 (t=971): Loss=0.5845, Rho=9.840290, Grad_norm=0.1016, Final_scale=98.4029
🚀 APPLYING GUIDANCE at step 5 (timestep=963)
🎯 GUIDANCE STEP 5 (t=963): Loss=0.5957, Rho=11.675540, Grad_norm=0.0856, Final_scale=116.7554
🚀 APPLYING GUIDANCE at step 6 (timestep=956)
🎯 GUIDANCE STEP 6 (t=956): Loss=0.5981, Rho=9.617703, Grad_norm=0.1040, Final_scale=96.1770
🚀 APPLYING GUIDANCE at step 7 (timestep=948)
🎯 GUIDANCE STEP 7 (t=948): Loss=0.5972, Rho=2.833228, Grad_norm=0.3530, Final_scale=28.3323
🚀 APPLYING GUIDANCE at step 8 (timestep=939)
🎯 GUIDANCE STEP 8 (t=939): Loss=0.5986, Rho=12.523659, Grad_norm=0.0798, Final_scale=125.2366
🚀 APPLYING GUIDANCE at step 9 (timestep=931)
🎯 GUIDANCE STEP 9 (t=931): Loss=0.5977, Rho=10.388622, Grad_norm=0.0963, Final_scale=103.8862
🚀 APPLYING GUIDANCE at step 10 (timestep=922)
🎯 GUIDANCE STEP 10 (t=922): Loss=0.5991, Rho=10.952603, Grad_norm=0.0913, Final_scale=109.5260
🚀 APPLYING GUIDANCE at step 11 (timestep=913)
🎯 GUIDANCE STEP 11 (t=913): Loss=0.5933, Rho=6.124195, Grad_norm=0.1633, Final_scale=61.2420
🚀 APPLYING GUIDANCE at step 12 (timestep=904)
🎯 GUIDANCE STEP 12 (t=904): Loss=0.5996, Rho=8.473301, Grad_norm=0.1180, Final_scale=84.7330
🚀 APPLYING GUIDANCE at step 13 (timestep=894)
🎯 GUIDANCE STEP 13 (t=894): Loss=0.5957, Rho=11.830135, Grad_norm=0.0845, Final_scale=118.3014
🚀 APPLYING GUIDANCE at step 14 (timestep=884)
🎯 GUIDANCE STEP 14 (t=884): Loss=0.6016, Rho=8.384498, Grad_norm=0.1193, Final_scale=83.8450
🚀 APPLYING GUIDANCE at step 15 (timestep=874)
🎯 GUIDANCE STEP 15 (t=874): Loss=0.5996, Rho=9.397889, Grad_norm=0.1064, Final_scale=93.9789
🚀 APPLYING GUIDANCE at step 16 (timestep=864)
🎯 GUIDANCE STEP 16 (t=864): Loss=0.5952, Rho=9.321671, Grad_norm=0.1073, Final_scale=93.2167
🚀 APPLYING GUIDANCE at step 17 (timestep=853)
🎯 GUIDANCE STEP 17 (t=853): Loss=0.5996, Rho=4.318302, Grad_norm=0.2316, Final_scale=43.1830
🚀 APPLYING GUIDANCE at step 18 (timestep=841)
🎯 GUIDANCE STEP 18 (t=841): Loss=0.5947, Rho=2.728714, Grad_norm=0.3665, Final_scale=27.2871
🚀 APPLYING GUIDANCE at step 19 (timestep=829)
🎯 GUIDANCE STEP 19 (t=829): Loss=0.6040, Rho=1.727712, Grad_norm=0.5788, Final_scale=17.2771
🚀 APPLYING GUIDANCE at step 20 (timestep=817)
🎯 GUIDANCE STEP 20 (t=817): Loss=0.6069, Rho=5.485396, Grad_norm=0.1823, Final_scale=54.8540
🚀 APPLYING GUIDANCE at step 21 (timestep=805)
🎯 GUIDANCE STEP 21 (t=805): Loss=0.6104, Rho=1.944060, Grad_norm=0.5144, Final_scale=19.4406
🚀 APPLYING GUIDANCE at step 22 (timestep=792)
🎯 GUIDANCE STEP 22 (t=792): Loss=0.6094, Rho=4.879060, Grad_norm=0.2050, Final_scale=48.7906
🚀 APPLYING GUIDANCE at step 23 (timestep=778)
🎯 GUIDANCE STEP 23 (t=778): Loss=0.6094, Rho=3.152382, Grad_norm=0.3172, Final_scale=31.5238
🚀 APPLYING GUIDANCE at step 24 (timestep=764)
🎯 GUIDANCE STEP 24 (t=764): Loss=0.6128, Rho=1.597176, Grad_norm=0.6261, Final_scale=15.9718
🚀 APPLYING GUIDANCE at step 25 (timestep=749)
🎯 GUIDANCE STEP 25 (t=749): Loss=0.6118, Rho=7.078075, Grad_norm=0.1413, Final_scale=70.7807
🚀 APPLYING GUIDANCE at step 26 (timestep=734)
🎯 GUIDANCE STEP 26 (t=734): Loss=0.6138, Rho=3.641137, Grad_norm=0.2746, Final_scale=36.4114
🚀 APPLYING GUIDANCE at step 27 (timestep=718)
🎯 GUIDANCE STEP 27 (t=718): Loss=0.6074, Rho=1.409866, Grad_norm=0.7093, Final_scale=14.0987
🚀 APPLYING GUIDANCE at step 28 (timestep=701)
🎯 GUIDANCE STEP 28 (t=701): Loss=0.6113, Rho=2.947967, Grad_norm=0.3392, Final_scale=29.4797
🚀 APPLYING GUIDANCE at step 29 (timestep=684)
🎯 GUIDANCE STEP 29 (t=684): Loss=0.6094, Rho=1.150830, Grad_norm=0.8689, Final_scale=11.5083
🚀 APPLYING GUIDANCE at step 30 (timestep=666)
🎯 GUIDANCE STEP 30 (t=666): Loss=0.6113, Rho=9.069033, Grad_norm=0.1103, Final_scale=90.6903
🚀 APPLYING GUIDANCE at step 31 (timestep=647)
🎯 GUIDANCE STEP 31 (t=647): Loss=0.6089, Rho=7.800804, Grad_norm=0.1282, Final_scale=78.0080
🚀 APPLYING GUIDANCE at step 32 (timestep=627)
🎯 GUIDANCE STEP 32 (t=627): Loss=0.6045, Rho=2.167498, Grad_norm=0.4614, Final_scale=21.6750
🚀 APPLYING GUIDANCE at step 33 (timestep=606)
🎯 GUIDANCE STEP 33 (t=606): Loss=0.6074, Rho=2.444007, Grad_norm=0.4092, Final_scale=24.4401
🚀 APPLYING GUIDANCE at step 34 (timestep=585)
🎯 GUIDANCE STEP 34 (t=585): Loss=0.6050, Rho=3.468731, Grad_norm=0.2883, Final_scale=34.6873
🚀 APPLYING GUIDANCE at step 35 (timestep=562)
🎯 GUIDANCE STEP 35 (t=562): Loss=0.6045, Rho=0.890472, Grad_norm=1.1230, Final_scale=8.9047
🚀 APPLYING GUIDANCE at step 36 (timestep=538)
🎯 GUIDANCE STEP 36 (t=538): Loss=0.6050, Rho=5.709634, Grad_norm=0.1751, Final_scale=57.0963
🚀 APPLYING GUIDANCE at step 37 (timestep=512)
🎯 GUIDANCE STEP 37 (t=512): Loss=0.6045, Rho=8.794062, Grad_norm=0.1137, Final_scale=87.9406
🚀 APPLYING GUIDANCE at step 38 (timestep=486)
🎯 GUIDANCE STEP 38 (t=486): Loss=0.6055, Rho=9.154749, Grad_norm=0.1092, Final_scale=91.5475
🚀 APPLYING GUIDANCE at step 39 (timestep=458)
🎯 GUIDANCE STEP 39 (t=458): Loss=0.6064, Rho=13.103511, Grad_norm=0.0763, Final_scale=131.0351
🚀 APPLYING GUIDANCE at step 40 (timestep=428)
🎯 GUIDANCE STEP 40 (t=428): Loss=0.6035, Rho=4.416162, Grad_norm=0.2264, Final_scale=44.1616
🚀 APPLYING GUIDANCE at step 41 (timestep=396)
🎯 GUIDANCE STEP 41 (t=396): Loss=0.6084, Rho=17.271799, Grad_norm=0.0579, Final_scale=172.7180
🚀 APPLYING GUIDANCE at step 42 (timestep=363)
🎯 GUIDANCE STEP 42 (t=363): Loss=0.6045, Rho=10.554140, Grad_norm=0.0947, Final_scale=105.5414
🚀 APPLYING GUIDANCE at step 43 (timestep=327)
🎯 GUIDANCE STEP 43 (t=327): Loss=0.6021, Rho=10.760671, Grad_norm=0.0929, Final_scale=107.6067
🚀 APPLYING GUIDANCE at step 44 (timestep=290)
🎯 GUIDANCE STEP 44 (t=290): Loss=0.6060, Rho=12.763085, Grad_norm=0.0784, Final_scale=127.6309
🚀 APPLYING GUIDANCE at step 45 (timestep=249)
🎯 GUIDANCE STEP 45 (t=249): Loss=0.6050, Rho=13.646706, Grad_norm=0.0733, Final_scale=136.4671
🚀 APPLYING GUIDANCE at step 46 (timestep=206)
🎯 GUIDANCE STEP 46 (t=206): Loss=0.6016, Rho=5.424374, Grad_norm=0.1844, Final_scale=54.2437
🚀 APPLYING GUIDANCE at step 47 (timestep=160)
🎯 GUIDANCE STEP 47 (t=160): Loss=0.6035, Rho=15.320868, Grad_norm=0.0653, Final_scale=153.2087
🚀 APPLYING GUIDANCE at step 48 (timestep=111)
🎯 GUIDANCE STEP 48 (t=111): Loss=0.6035, Rho=14.262798, Grad_norm=0.0701, Final_scale=142.6280
🚀 APPLYING GUIDANCE at step 49 (timestep=57)
🎯 GUIDANCE STEP 49 (t=57): Loss=0.6016, Rho=14.864160, Grad_norm=0.0673, Final_scale=148.6416
[guidance_f33_s50_w8c6_rho10.0_cfg5.0_0701_1608] Generated: generated_videos/subject_consistency/guidance_f33_s50_w8c6_rho10.0_cfg5.0_0701_1608/a_bicycle_leaning_against_a_tree.mp4
[guidance_f33_s50_w8c6_rho10.0_cfg5.0_0701_1608] Generating video 9/9 (guidance): a bicycle gliding through a snowy field
🎬 STARTING GUIDANCE PIPELINE GENERATION
   Frames: 33, Steps: 50, CFG Scale: 5.0

🔧 GUIDANCE PIPELINE CONFIGURATION:
   Guidance range: 0 - 1001
   Rho scale: 10.0
   V-JEPA kernel_size: 8
   V-JEPA context_length: 6
   V-JEPA stride: 2
   V-JEPA mode: max
   Total timesteps: 50

🚀 APPLYING GUIDANCE at step 0 (timestep=999)
🎯 GUIDANCE STEP 0 (t=999): Loss=0.5786, Rho=15.286830, Grad_norm=0.0654, Final_scale=152.8683
🚀 APPLYING GUIDANCE at step 1 (timestep=992)
🎯 GUIDANCE STEP 1 (t=992): Loss=0.5479, Rho=15.240413, Grad_norm=0.0656, Final_scale=152.4041
🚀 APPLYING GUIDANCE at step 2 (timestep=985)
🎯 GUIDANCE STEP 2 (t=985): Loss=0.5742, Rho=24.395180, Grad_norm=0.0410, Final_scale=243.9518
🚀 APPLYING GUIDANCE at step 3 (timestep=978)
🎯 GUIDANCE STEP 3 (t=978): Loss=0.5903, Rho=6.313696, Grad_norm=0.1584, Final_scale=63.1370
🚀 APPLYING GUIDANCE at step 4 (timestep=971)
🎯 GUIDANCE STEP 4 (t=971): Loss=0.6025, Rho=9.247069, Grad_norm=0.1081, Final_scale=92.4707
🚀 APPLYING GUIDANCE at step 5 (timestep=963)
🎯 GUIDANCE STEP 5 (t=963): Loss=0.6055, Rho=4.734629, Grad_norm=0.2112, Final_scale=47.3463
🚀 APPLYING GUIDANCE at step 6 (timestep=956)
🎯 GUIDANCE STEP 6 (t=956): Loss=0.6196, Rho=6.430670, Grad_norm=0.1555, Final_scale=64.3067
🚀 APPLYING GUIDANCE at step 7 (timestep=948)
🎯 GUIDANCE STEP 7 (t=948): Loss=0.6133, Rho=4.205192, Grad_norm=0.2378, Final_scale=42.0519
🚀 APPLYING GUIDANCE at step 8 (timestep=939)
🎯 GUIDANCE STEP 8 (t=939): Loss=0.6113, Rho=4.946582, Grad_norm=0.2022, Final_scale=49.4658
🚀 APPLYING GUIDANCE at step 9 (timestep=931)
🎯 GUIDANCE STEP 9 (t=931): Loss=0.6108, Rho=3.808848, Grad_norm=0.2625, Final_scale=38.0885
🚀 APPLYING GUIDANCE at step 10 (timestep=922)
🎯 GUIDANCE STEP 10 (t=922): Loss=0.6167, Rho=5.696430, Grad_norm=0.1755, Final_scale=56.9643
🚀 APPLYING GUIDANCE at step 11 (timestep=913)
🎯 GUIDANCE STEP 11 (t=913): Loss=0.6177, Rho=3.762075, Grad_norm=0.2658, Final_scale=37.6207
🚀 APPLYING GUIDANCE at step 12 (timestep=904)
🎯 GUIDANCE STEP 12 (t=904): Loss=0.6113, Rho=2.580706, Grad_norm=0.3875, Final_scale=25.8071
🚀 APPLYING GUIDANCE at step 13 (timestep=894)
🎯 GUIDANCE STEP 13 (t=894): Loss=0.6113, Rho=3.588307, Grad_norm=0.2787, Final_scale=35.8831
🚀 APPLYING GUIDANCE at step 14 (timestep=884)
🎯 GUIDANCE STEP 14 (t=884): Loss=0.6128, Rho=3.100955, Grad_norm=0.3225, Final_scale=31.0096
🚀 APPLYING GUIDANCE at step 15 (timestep=874)
🎯 GUIDANCE STEP 15 (t=874): Loss=0.6152, Rho=7.423555, Grad_norm=0.1347, Final_scale=74.2355
🚀 APPLYING GUIDANCE at step 16 (timestep=864)
🎯 GUIDANCE STEP 16 (t=864): Loss=0.6187, Rho=6.057116, Grad_norm=0.1651, Final_scale=60.5712
🚀 APPLYING GUIDANCE at step 17 (timestep=853)
🎯 GUIDANCE STEP 17 (t=853): Loss=0.6143, Rho=9.267234, Grad_norm=0.1079, Final_scale=92.6723
🚀 APPLYING GUIDANCE at step 18 (timestep=841)
🎯 GUIDANCE STEP 18 (t=841): Loss=0.6138, Rho=13.228408, Grad_norm=0.0756, Final_scale=132.2841
🚀 APPLYING GUIDANCE at step 19 (timestep=829)
🎯 GUIDANCE STEP 19 (t=829): Loss=0.6123, Rho=7.129245, Grad_norm=0.1403, Final_scale=71.2924
🚀 APPLYING GUIDANCE at step 20 (timestep=817)
🎯 GUIDANCE STEP 20 (t=817): Loss=0.6123, Rho=6.839484, Grad_norm=0.1462, Final_scale=68.3948
🚀 APPLYING GUIDANCE at step 21 (timestep=805)
🎯 GUIDANCE STEP 21 (t=805): Loss=0.6152, Rho=6.185457, Grad_norm=0.1617, Final_scale=61.8546
🚀 APPLYING GUIDANCE at step 22 (timestep=792)
🎯 GUIDANCE STEP 22 (t=792): Loss=0.6167, Rho=9.677972, Grad_norm=0.1033, Final_scale=96.7797
🚀 APPLYING GUIDANCE at step 23 (timestep=778)
🎯 GUIDANCE STEP 23 (t=778): Loss=0.6187, Rho=5.941413, Grad_norm=0.1683, Final_scale=59.4141
🚀 APPLYING GUIDANCE at step 24 (timestep=764)
🎯 GUIDANCE STEP 24 (t=764): Loss=0.6187, Rho=8.890858, Grad_norm=0.1125, Final_scale=88.9086
🚀 APPLYING GUIDANCE at step 25 (timestep=749)
🎯 GUIDANCE STEP 25 (t=749): Loss=0.6230, Rho=6.583180, Grad_norm=0.1519, Final_scale=65.8318
🚀 APPLYING GUIDANCE at step 26 (timestep=734)
🎯 GUIDANCE STEP 26 (t=734): Loss=0.6187, Rho=9.096663, Grad_norm=0.1099, Final_scale=90.9666
🚀 APPLYING GUIDANCE at step 27 (timestep=718)
🎯 GUIDANCE STEP 27 (t=718): Loss=0.6245, Rho=8.240499, Grad_norm=0.1214, Final_scale=82.4050
🚀 APPLYING GUIDANCE at step 28 (timestep=701)
🎯 GUIDANCE STEP 28 (t=701): Loss=0.6162, Rho=13.393589, Grad_norm=0.0747, Final_scale=133.9359
🚀 APPLYING GUIDANCE at step 29 (timestep=684)
🎯 GUIDANCE STEP 29 (t=684): Loss=0.6182, Rho=14.636671, Grad_norm=0.0683, Final_scale=146.3667
🚀 APPLYING GUIDANCE at step 30 (timestep=666)
🎯 GUIDANCE STEP 30 (t=666): Loss=0.6201, Rho=7.270985, Grad_norm=0.1375, Final_scale=72.7099
🚀 APPLYING GUIDANCE at step 31 (timestep=647)
🎯 GUIDANCE STEP 31 (t=647): Loss=0.6191, Rho=3.547701, Grad_norm=0.2819, Final_scale=35.4770
🚀 APPLYING GUIDANCE at step 32 (timestep=627)
🎯 GUIDANCE STEP 32 (t=627): Loss=0.6182, Rho=11.556204, Grad_norm=0.0865, Final_scale=115.5620
🚀 APPLYING GUIDANCE at step 33 (timestep=606)
🎯 GUIDANCE STEP 33 (t=606): Loss=0.6172, Rho=15.234246, Grad_norm=0.0656, Final_scale=152.3425
🚀 APPLYING GUIDANCE at step 34 (timestep=585)
🎯 GUIDANCE STEP 34 (t=585): Loss=0.6187, Rho=8.154173, Grad_norm=0.1226, Final_scale=81.5417
🚀 APPLYING GUIDANCE at step 35 (timestep=562)
🎯 GUIDANCE STEP 35 (t=562): Loss=0.6201, Rho=9.269032, Grad_norm=0.1079, Final_scale=92.6903
🚀 APPLYING GUIDANCE at step 36 (timestep=538)
🎯 GUIDANCE STEP 36 (t=538): Loss=0.6177, Rho=27.585678, Grad_norm=0.0363, Final_scale=275.8568
🚀 APPLYING GUIDANCE at step 37 (timestep=512)
🎯 GUIDANCE STEP 37 (t=512): Loss=0.6206, Rho=12.898904, Grad_norm=0.0775, Final_scale=128.9890
🚀 APPLYING GUIDANCE at step 38 (timestep=486)
🎯 GUIDANCE STEP 38 (t=486): Loss=0.6196, Rho=20.050064, Grad_norm=0.0499, Final_scale=200.5006
🚀 APPLYING GUIDANCE at step 39 (timestep=458)
🎯 GUIDANCE STEP 39 (t=458): Loss=0.6211, Rho=22.088961, Grad_norm=0.0453, Final_scale=220.8896
🚀 APPLYING GUIDANCE at step 40 (timestep=428)
🎯 GUIDANCE STEP 40 (t=428): Loss=0.6177, Rho=27.883650, Grad_norm=0.0359, Final_scale=278.8365
🚀 APPLYING GUIDANCE at step 41 (timestep=396)
🎯 GUIDANCE STEP 41 (t=396): Loss=0.6187, Rho=20.259142, Grad_norm=0.0494, Final_scale=202.5914
🚀 APPLYING GUIDANCE at step 42 (timestep=363)
🎯 GUIDANCE STEP 42 (t=363): Loss=0.6177, Rho=23.431286, Grad_norm=0.0427, Final_scale=234.3129
🚀 APPLYING GUIDANCE at step 43 (timestep=327)
🎯 GUIDANCE STEP 43 (t=327): Loss=0.6182, Rho=20.148087, Grad_norm=0.0496, Final_scale=201.4809
🚀 APPLYING GUIDANCE at step 44 (timestep=290)
🎯 GUIDANCE STEP 44 (t=290): Loss=0.6196, Rho=33.646412, Grad_norm=0.0297, Final_scale=336.4641
🚀 APPLYING GUIDANCE at step 45 (timestep=249)
🎯 GUIDANCE STEP 45 (t=249): Loss=0.6177, Rho=34.481106, Grad_norm=0.0290, Final_scale=344.8111
🚀 APPLYING GUIDANCE at step 46 (timestep=206)
🎯 GUIDANCE STEP 46 (t=206): Loss=0.6152, Rho=19.178858, Grad_norm=0.0521, Final_scale=191.7886
🚀 APPLYING GUIDANCE at step 47 (timestep=160)
🎯 GUIDANCE STEP 47 (t=160): Loss=0.6152, Rho=30.765202, Grad_norm=0.0325, Final_scale=307.6520
🚀 APPLYING GUIDANCE at step 48 (timestep=111)
🎯 GUIDANCE STEP 48 (t=111): Loss=0.6152, Rho=14.859358, Grad_norm=0.0673, Final_scale=148.5936
🚀 APPLYING GUIDANCE at step 49 (timestep=57)
🎯 GUIDANCE STEP 49 (t=57): Loss=0.6162, Rho=14.247451, Grad_norm=0.0702, Final_scale=142.4745
[guidance_f33_s50_w8c6_rho10.0_cfg5.0_0701_1608] Generated: generated_videos/subject_consistency/guidance_f33_s50_w8c6_rho10.0_cfg5.0_0701_1608/a_bus_stuck_in_traffic_during_rush_hour.mp4
[guidance_f33_s50_w8c6_rho10.0_cfg5.0_0701_1608] Generating video 9/9 (guidance): a bus accelerating to gain speed
🎬 STARTING GUIDANCE PIPELINE GENERATION
   Frames: 33, Steps: 50, CFG Scale: 5.0

🔧 GUIDANCE PIPELINE CONFIGURATION:
   Guidance range: 0 - 1001
   Rho scale: 10.0
   V-JEPA kernel_size: 8
   V-JEPA context_length: 6
   V-JEPA stride: 2
   V-JEPA mode: max
   Total timesteps: 50

🚀 APPLYING GUIDANCE at step 0 (timestep=999)
🎯 GUIDANCE STEP 0 (t=999): Loss=0.5728, Rho=12.644729, Grad_norm=0.0791, Final_scale=126.4473
🚀 APPLYING GUIDANCE at step 1 (timestep=992)
🎯 GUIDANCE STEP 1 (t=992): Loss=0.5703, Rho=12.800138, Grad_norm=0.0781, Final_scale=128.0014
🚀 APPLYING GUIDANCE at step 2 (timestep=985)
🎯 GUIDANCE STEP 2 (t=985): Loss=0.5815, Rho=3.588970, Grad_norm=0.2786, Final_scale=35.8897
🚀 APPLYING GUIDANCE at step 3 (timestep=978)
🎯 GUIDANCE STEP 3 (t=978): Loss=0.5962, Rho=9.853144, Grad_norm=0.1015, Final_scale=98.5314
🚀 APPLYING GUIDANCE at step 4 (timestep=971)
🎯 GUIDANCE STEP 4 (t=971): Loss=0.5898, Rho=10.268676, Grad_norm=0.0974, Final_scale=102.6868
🚀 APPLYING GUIDANCE at step 5 (timestep=963)
🎯 GUIDANCE STEP 5 (t=963): Loss=0.6045, Rho=2.101810, Grad_norm=0.4758, Final_scale=21.0181
🚀 APPLYING GUIDANCE at step 6 (timestep=956)
🎯 GUIDANCE STEP 6 (t=956): Loss=0.6069, Rho=7.237276, Grad_norm=0.1382, Final_scale=72.3728
🚀 APPLYING GUIDANCE at step 7 (timestep=948)
🎯 GUIDANCE STEP 7 (t=948): Loss=0.6074, Rho=6.638859, Grad_norm=0.1506, Final_scale=66.3886
🚀 APPLYING GUIDANCE at step 8 (timestep=939)
🎯 GUIDANCE STEP 8 (t=939): Loss=0.6045, Rho=8.044683, Grad_norm=0.1243, Final_scale=80.4468
🚀 APPLYING GUIDANCE at step 9 (timestep=931)
🎯 GUIDANCE STEP 9 (t=931): Loss=0.6064, Rho=5.302544, Grad_norm=0.1886, Final_scale=53.0254
🚀 APPLYING GUIDANCE at step 10 (timestep=922)
🎯 GUIDANCE STEP 10 (t=922): Loss=0.6094, Rho=8.786662, Grad_norm=0.1138, Final_scale=87.8666
🚀 APPLYING GUIDANCE at step 11 (timestep=913)
🎯 GUIDANCE STEP 11 (t=913): Loss=0.6089, Rho=7.240904, Grad_norm=0.1381, Final_scale=72.4090
🚀 APPLYING GUIDANCE at step 12 (timestep=904)
🎯 GUIDANCE STEP 12 (t=904): Loss=0.6050, Rho=6.907551, Grad_norm=0.1448, Final_scale=69.0755
🚀 APPLYING GUIDANCE at step 13 (timestep=894)
🎯 GUIDANCE STEP 13 (t=894): Loss=0.6089, Rho=9.611687, Grad_norm=0.1040, Final_scale=96.1169
🚀 APPLYING GUIDANCE at step 14 (timestep=884)
🎯 GUIDANCE STEP 14 (t=884): Loss=0.6104, Rho=7.584568, Grad_norm=0.1318, Final_scale=75.8457
🚀 APPLYING GUIDANCE at step 15 (timestep=874)
🎯 GUIDANCE STEP 15 (t=874): Loss=0.6064, Rho=6.205804, Grad_norm=0.1611, Final_scale=62.0580
🚀 APPLYING GUIDANCE at step 16 (timestep=864)
🎯 GUIDANCE STEP 16 (t=864): Loss=0.6089, Rho=4.559659, Grad_norm=0.2193, Final_scale=45.5966
🚀 APPLYING GUIDANCE at step 17 (timestep=853)
🎯 GUIDANCE STEP 17 (t=853): Loss=0.6025, Rho=5.846939, Grad_norm=0.1710, Final_scale=58.4694
🚀 APPLYING GUIDANCE at step 18 (timestep=841)
🎯 GUIDANCE STEP 18 (t=841): Loss=0.6050, Rho=8.102669, Grad_norm=0.1234, Final_scale=81.0267
🚀 APPLYING GUIDANCE at step 19 (timestep=829)
🎯 GUIDANCE STEP 19 (t=829): Loss=0.6089, Rho=11.625899, Grad_norm=0.0860, Final_scale=116.2590
🚀 APPLYING GUIDANCE at step 20 (timestep=817)
🎯 GUIDANCE STEP 20 (t=817): Loss=0.6050, Rho=10.304342, Grad_norm=0.0970, Final_scale=103.0434
🚀 APPLYING GUIDANCE at step 21 (timestep=805)
🎯 GUIDANCE STEP 21 (t=805): Loss=0.6079, Rho=4.341673, Grad_norm=0.2303, Final_scale=43.4167
🚀 APPLYING GUIDANCE at step 22 (timestep=792)
🎯 GUIDANCE STEP 22 (t=792): Loss=0.6079, Rho=7.604401, Grad_norm=0.1315, Final_scale=76.0440
🚀 APPLYING GUIDANCE at step 23 (timestep=778)
🎯 GUIDANCE STEP 23 (t=778): Loss=0.6064, Rho=6.644174, Grad_norm=0.1505, Final_scale=66.4417
🚀 APPLYING GUIDANCE at step 24 (timestep=764)
🎯 GUIDANCE STEP 24 (t=764): Loss=0.6104, Rho=5.067224, Grad_norm=0.1973, Final_scale=50.6722
🚀 APPLYING GUIDANCE at step 25 (timestep=749)
🎯 GUIDANCE STEP 25 (t=749): Loss=0.6089, Rho=8.099594, Grad_norm=0.1235, Final_scale=80.9959
🚀 APPLYING GUIDANCE at step 26 (timestep=734)
🎯 GUIDANCE STEP 26 (t=734): Loss=0.6094, Rho=12.513124, Grad_norm=0.0799, Final_scale=125.1312
🚀 APPLYING GUIDANCE at step 27 (timestep=718)
🎯 GUIDANCE STEP 27 (t=718): Loss=0.6123, Rho=9.553345, Grad_norm=0.1047, Final_scale=95.5334
🚀 APPLYING GUIDANCE at step 28 (timestep=701)
🎯 GUIDANCE STEP 28 (t=701): Loss=0.6099, Rho=10.148462, Grad_norm=0.0985, Final_scale=101.4846
🚀 APPLYING GUIDANCE at step 29 (timestep=684)
🎯 GUIDANCE STEP 29 (t=684): Loss=0.6060, Rho=13.683577, Grad_norm=0.0731, Final_scale=136.8358
🚀 APPLYING GUIDANCE at step 30 (timestep=666)
🎯 GUIDANCE STEP 30 (t=666): Loss=0.6064, Rho=10.875840, Grad_norm=0.0919, Final_scale=108.7584
🚀 APPLYING GUIDANCE at step 31 (timestep=647)
🎯 GUIDANCE STEP 31 (t=647): Loss=0.6055, Rho=11.328759, Grad_norm=0.0883, Final_scale=113.2876
🚀 APPLYING GUIDANCE at step 32 (timestep=627)
🎯 GUIDANCE STEP 32 (t=627): Loss=0.6069, Rho=9.535978, Grad_norm=0.1049, Final_scale=95.3598
🚀 APPLYING GUIDANCE at step 33 (timestep=606)
🎯 GUIDANCE STEP 33 (t=606): Loss=0.6128, Rho=12.517694, Grad_norm=0.0799, Final_scale=125.1769
🚀 APPLYING GUIDANCE at step 34 (timestep=585)
🎯 GUIDANCE STEP 34 (t=585): Loss=0.6157, Rho=11.066357, Grad_norm=0.0904, Final_scale=110.6636
🚀 APPLYING GUIDANCE at step 35 (timestep=562)
🎯 GUIDANCE STEP 35 (t=562): Loss=0.6104, Rho=12.808920, Grad_norm=0.0781, Final_scale=128.0892
🚀 APPLYING GUIDANCE at step 36 (timestep=538)
🎯 GUIDANCE STEP 36 (t=538): Loss=0.6123, Rho=10.355972, Grad_norm=0.0966, Final_scale=103.5597
🚀 APPLYING GUIDANCE at step 37 (timestep=512)
🎯 GUIDANCE STEP 37 (t=512): Loss=0.6104, Rho=13.126980, Grad_norm=0.0762, Final_scale=131.2698
🚀 APPLYING GUIDANCE at step 38 (timestep=486)
🎯 GUIDANCE STEP 38 (t=486): Loss=0.6099, Rho=16.603275, Grad_norm=0.0602, Final_scale=166.0328
🚀 APPLYING GUIDANCE at step 39 (timestep=458)
🎯 GUIDANCE STEP 39 (t=458): Loss=0.6055, Rho=23.148197, Grad_norm=0.0432, Final_scale=231.4820
🚀 APPLYING GUIDANCE at step 40 (timestep=428)
🎯 GUIDANCE STEP 40 (t=428): Loss=0.6074, Rho=9.331022, Grad_norm=0.1072, Final_scale=93.3102
🚀 APPLYING GUIDANCE at step 41 (timestep=396)
🎯 GUIDANCE STEP 41 (t=396): Loss=0.6011, Rho=22.166811, Grad_norm=0.0451, Final_scale=221.6681
🚀 APPLYING GUIDANCE at step 42 (timestep=363)
🎯 GUIDANCE STEP 42 (t=363): Loss=0.6064, Rho=26.646589, Grad_norm=0.0375, Final_scale=266.4659
🚀 APPLYING GUIDANCE at step 43 (timestep=327)
🎯 GUIDANCE STEP 43 (t=327): Loss=0.6040, Rho=24.729240, Grad_norm=0.0404, Final_scale=247.2924
🚀 APPLYING GUIDANCE at step 44 (timestep=290)
🎯 GUIDANCE STEP 44 (t=290): Loss=0.6025, Rho=5.942987, Grad_norm=0.1683, Final_scale=59.4299
🚀 APPLYING GUIDANCE at step 45 (timestep=249)
🎯 GUIDANCE STEP 45 (t=249): Loss=0.6001, Rho=26.016623, Grad_norm=0.0384, Final_scale=260.1662
🚀 APPLYING GUIDANCE at step 46 (timestep=206)
🎯 GUIDANCE STEP 46 (t=206): Loss=0.6001, Rho=30.742117, Grad_norm=0.0325, Final_scale=307.4212
🚀 APPLYING GUIDANCE at step 47 (timestep=160)
🎯 GUIDANCE STEP 47 (t=160): Loss=0.6021, Rho=5.096646, Grad_norm=0.1962, Final_scale=50.9665
🚀 APPLYING GUIDANCE at step 48 (timestep=111)
🎯 GUIDANCE STEP 48 (t=111): Loss=0.5986, Rho=17.426756, Grad_norm=0.0574, Final_scale=174.2676
🚀 APPLYING GUIDANCE at step 49 (timestep=57)
🎯 GUIDANCE STEP 49 (t=57): Loss=0.6021, Rho=22.942577, Grad_norm=0.0436, Final_scale=229.4258
[guidance_f33_s50_w8c6_rho10.0_cfg5.0_0701_1608] Generated: generated_videos/subject_consistency/guidance_f33_s50_w8c6_rho10.0_cfg5.0_0701_1608/a_cat_drinking_water.mp4
[guidance_f33_s50_w8c6_rho10.0_cfg5.0_0701_1608] Generating video 9/9 (guidance): a cat running happily
🎬 STARTING GUIDANCE PIPELINE GENERATION
   Frames: 33, Steps: 50, CFG Scale: 5.0

🔧 GUIDANCE PIPELINE CONFIGURATION:
   Guidance range: 0 - 1001
   Rho scale: 10.0
   V-JEPA kernel_size: 8
   V-JEPA context_length: 6
   V-JEPA stride: 2
   V-JEPA mode: max
   Total timesteps: 50

🚀 APPLYING GUIDANCE at step 0 (timestep=999)
🎯 GUIDANCE STEP 0 (t=999): Loss=0.5649, Rho=24.791000, Grad_norm=0.0403, Final_scale=247.9100
🚀 APPLYING GUIDANCE at step 1 (timestep=992)
🎯 GUIDANCE STEP 1 (t=992): Loss=0.5449, Rho=17.432505, Grad_norm=0.0574, Final_scale=174.3250
🚀 APPLYING GUIDANCE at step 2 (timestep=985)
🎯 GUIDANCE STEP 2 (t=985): Loss=0.5679, Rho=14.520657, Grad_norm=0.0689, Final_scale=145.2066
🚀 APPLYING GUIDANCE at step 3 (timestep=978)
🎯 GUIDANCE STEP 3 (t=978): Loss=0.5562, Rho=3.444398, Grad_norm=0.2903, Final_scale=34.4440
🚀 APPLYING GUIDANCE at step 4 (timestep=971)
🎯 GUIDANCE STEP 4 (t=971): Loss=0.5674, Rho=3.759565, Grad_norm=0.2660, Final_scale=37.5957
🚀 APPLYING GUIDANCE at step 5 (timestep=963)
🎯 GUIDANCE STEP 5 (t=963): Loss=0.5732, Rho=6.353971, Grad_norm=0.1574, Final_scale=63.5397
🚀 APPLYING GUIDANCE at step 6 (timestep=956)
🎯 GUIDANCE STEP 6 (t=956): Loss=0.5967, Rho=5.189391, Grad_norm=0.1927, Final_scale=51.8939
🚀 APPLYING GUIDANCE at step 7 (timestep=948)
🎯 GUIDANCE STEP 7 (t=948): Loss=0.5806, Rho=1.053420, Grad_norm=0.9493, Final_scale=10.5342
🚀 APPLYING GUIDANCE at step 8 (timestep=939)
🎯 GUIDANCE STEP 8 (t=939): Loss=0.5786, Rho=6.785810, Grad_norm=0.1474, Final_scale=67.8581
🚀 APPLYING GUIDANCE at step 9 (timestep=931)
🎯 GUIDANCE STEP 9 (t=931): Loss=0.6250, Rho=3.058225, Grad_norm=0.3270, Final_scale=30.5822
🚀 APPLYING GUIDANCE at step 10 (timestep=922)
🎯 GUIDANCE STEP 10 (t=922): Loss=0.6089, Rho=4.326216, Grad_norm=0.2311, Final_scale=43.2622
🚀 APPLYING GUIDANCE at step 11 (timestep=913)
🎯 GUIDANCE STEP 11 (t=913): Loss=0.6143, Rho=2.434468, Grad_norm=0.4108, Final_scale=24.3447
🚀 APPLYING GUIDANCE at step 12 (timestep=904)
🎯 GUIDANCE STEP 12 (t=904): Loss=0.6084, Rho=2.841199, Grad_norm=0.3520, Final_scale=28.4120
🚀 APPLYING GUIDANCE at step 13 (timestep=894)
🎯 GUIDANCE STEP 13 (t=894): Loss=0.6074, Rho=6.605845, Grad_norm=0.1514, Final_scale=66.0585
🚀 APPLYING GUIDANCE at step 14 (timestep=884)
🎯 GUIDANCE STEP 14 (t=884): Loss=0.6216, Rho=2.795583, Grad_norm=0.3577, Final_scale=27.9558
🚀 APPLYING GUIDANCE at step 15 (timestep=874)
🎯 GUIDANCE STEP 15 (t=874): Loss=0.6240, Rho=3.662226, Grad_norm=0.2731, Final_scale=36.6223
🚀 APPLYING GUIDANCE at step 16 (timestep=864)
🎯 GUIDANCE STEP 16 (t=864): Loss=0.6235, Rho=4.184877, Grad_norm=0.2390, Final_scale=41.8488
🚀 APPLYING GUIDANCE at step 17 (timestep=853)
🎯 GUIDANCE STEP 17 (t=853): Loss=0.6177, Rho=2.064606, Grad_norm=0.4844, Final_scale=20.6461
🚀 APPLYING GUIDANCE at step 18 (timestep=841)
🎯 GUIDANCE STEP 18 (t=841): Loss=0.6201, Rho=0.613052, Grad_norm=1.6312, Final_scale=6.1305
🚀 APPLYING GUIDANCE at step 19 (timestep=829)
🎯 GUIDANCE STEP 19 (t=829): Loss=0.6255, Rho=2.029719, Grad_norm=0.4927, Final_scale=20.2972
🚀 APPLYING GUIDANCE at step 20 (timestep=817)
🎯 GUIDANCE STEP 20 (t=817): Loss=0.6289, Rho=1.883025, Grad_norm=0.5311, Final_scale=18.8302
🚀 APPLYING GUIDANCE at step 21 (timestep=805)
🎯 GUIDANCE STEP 21 (t=805): Loss=0.6309, Rho=3.770472, Grad_norm=0.2652, Final_scale=37.7047
🚀 APPLYING GUIDANCE at step 22 (timestep=792)
🎯 GUIDANCE STEP 22 (t=792): Loss=0.6304, Rho=1.587962, Grad_norm=0.6297, Final_scale=15.8796
🚀 APPLYING GUIDANCE at step 23 (timestep=778)
🎯 GUIDANCE STEP 23 (t=778): Loss=0.6313, Rho=4.233332, Grad_norm=0.2362, Final_scale=42.3333
🚀 APPLYING GUIDANCE at step 24 (timestep=764)
🎯 GUIDANCE STEP 24 (t=764): Loss=0.6289, Rho=1.451702, Grad_norm=0.6888, Final_scale=14.5170
🚀 APPLYING GUIDANCE at step 25 (timestep=749)
🎯 GUIDANCE STEP 25 (t=749): Loss=0.6274, Rho=1.175031, Grad_norm=0.8510, Final_scale=11.7503
🚀 APPLYING GUIDANCE at step 26 (timestep=734)
🎯 GUIDANCE STEP 26 (t=734): Loss=0.6255, Rho=1.709796, Grad_norm=0.5849, Final_scale=17.0980
🚀 APPLYING GUIDANCE at step 27 (timestep=718)
🎯 GUIDANCE STEP 27 (t=718): Loss=0.6304, Rho=1.529099, Grad_norm=0.6540, Final_scale=15.2910
🚀 APPLYING GUIDANCE at step 28 (timestep=701)
🎯 GUIDANCE STEP 28 (t=701): Loss=0.6284, Rho=3.005708, Grad_norm=0.3327, Final_scale=30.0571
🚀 APPLYING GUIDANCE at step 29 (timestep=684)
🎯 GUIDANCE STEP 29 (t=684): Loss=0.6245, Rho=4.386366, Grad_norm=0.2280, Final_scale=43.8637
🚀 APPLYING GUIDANCE at step 30 (timestep=666)
🎯 GUIDANCE STEP 30 (t=666): Loss=0.6270, Rho=1.905955, Grad_norm=0.5247, Final_scale=19.0596
🚀 APPLYING GUIDANCE at step 31 (timestep=647)
🎯 GUIDANCE STEP 31 (t=647): Loss=0.6260, Rho=3.353119, Grad_norm=0.2982, Final_scale=33.5312
🚀 APPLYING GUIDANCE at step 32 (timestep=627)
🎯 GUIDANCE STEP 32 (t=627): Loss=0.6279, Rho=3.112778, Grad_norm=0.3213, Final_scale=31.1278
🚀 APPLYING GUIDANCE at step 33 (timestep=606)
🎯 GUIDANCE STEP 33 (t=606): Loss=0.6294, Rho=1.757613, Grad_norm=0.5690, Final_scale=17.5761
🚀 APPLYING GUIDANCE at step 34 (timestep=585)
🎯 GUIDANCE STEP 34 (t=585): Loss=0.6284, Rho=3.038407, Grad_norm=0.3291, Final_scale=30.3841
🚀 APPLYING GUIDANCE at step 35 (timestep=562)
🎯 GUIDANCE STEP 35 (t=562): Loss=0.6284, Rho=5.035556, Grad_norm=0.1986, Final_scale=50.3556
🚀 APPLYING GUIDANCE at step 36 (timestep=538)
🎯 GUIDANCE STEP 36 (t=538): Loss=0.6265, Rho=4.192670, Grad_norm=0.2385, Final_scale=41.9267
🚀 APPLYING GUIDANCE at step 37 (timestep=512)
🎯 GUIDANCE STEP 37 (t=512): Loss=0.6245, Rho=7.977043, Grad_norm=0.1254, Final_scale=79.7704
🚀 APPLYING GUIDANCE at step 38 (timestep=486)
🎯 GUIDANCE STEP 38 (t=486): Loss=0.6274, Rho=2.671637, Grad_norm=0.3743, Final_scale=26.7164
🚀 APPLYING GUIDANCE at step 39 (timestep=458)
🎯 GUIDANCE STEP 39 (t=458): Loss=0.6274, Rho=3.013007, Grad_norm=0.3319, Final_scale=30.1301
🚀 APPLYING GUIDANCE at step 40 (timestep=428)
🎯 GUIDANCE STEP 40 (t=428): Loss=0.6260, Rho=19.053925, Grad_norm=0.0525, Final_scale=190.5392
🚀 APPLYING GUIDANCE at step 41 (timestep=396)
🎯 GUIDANCE STEP 41 (t=396): Loss=0.6274, Rho=6.785851, Grad_norm=0.1474, Final_scale=67.8585
🚀 APPLYING GUIDANCE at step 42 (timestep=363)
🎯 GUIDANCE STEP 42 (t=363): Loss=0.6265, Rho=12.573802, Grad_norm=0.0795, Final_scale=125.7380
🚀 APPLYING GUIDANCE at step 43 (timestep=327)
🎯 GUIDANCE STEP 43 (t=327): Loss=0.6260, Rho=6.100249, Grad_norm=0.1639, Final_scale=61.0025
🚀 APPLYING GUIDANCE at step 44 (timestep=290)
🎯 GUIDANCE STEP 44 (t=290): Loss=0.6250, Rho=11.921208, Grad_norm=0.0839, Final_scale=119.2121
🚀 APPLYING GUIDANCE at step 45 (timestep=249)
🎯 GUIDANCE STEP 45 (t=249): Loss=0.6255, Rho=4.943956, Grad_norm=0.2023, Final_scale=49.4396
🚀 APPLYING GUIDANCE at step 46 (timestep=206)
🎯 GUIDANCE STEP 46 (t=206): Loss=0.6260, Rho=18.841150, Grad_norm=0.0531, Final_scale=188.4115
🚀 APPLYING GUIDANCE at step 47 (timestep=160)
🎯 GUIDANCE STEP 47 (t=160): Loss=0.6274, Rho=10.614912, Grad_norm=0.0942, Final_scale=106.1491
🚀 APPLYING GUIDANCE at step 48 (timestep=111)
🎯 GUIDANCE STEP 48 (t=111): Loss=0.6250, Rho=23.103573, Grad_norm=0.0433, Final_scale=231.0357
🚀 APPLYING GUIDANCE at step 49 (timestep=57)
🎯 GUIDANCE STEP 49 (t=57): Loss=0.6255, Rho=11.441017, Grad_norm=0.0874, Final_scale=114.4102
[guidance_f33_s50_w8c6_rho10.0_cfg5.0_0701_1608] Generated: generated_videos/subject_consistency/guidance_f33_s50_w8c6_rho10.0_cfg5.0_0701_1608/a_truck_stuck_in_traffic_during_rush_hour.mp4
[guidance_f33_s50_w8c6_rho10.0_cfg5.0_0701_1608] Generating video 7/9 (guidance): a truck slowing down to stop
🎬 STARTING GUIDANCE PIPELINE GENERATION
   Frames: 33, Steps: 50, CFG Scale: 5.0

🔧 GUIDANCE PIPELINE CONFIGURATION:
   Guidance range: 0 - 1001
   Rho scale: 10.0
   V-JEPA kernel_size: 8
   V-JEPA context_length: 6
   V-JEPA stride: 2
   V-JEPA mode: max
   Total timesteps: 50

🚀 APPLYING GUIDANCE at step 0 (timestep=999)
🎯 GUIDANCE STEP 0 (t=999): Loss=0.5483, Rho=9.513875, Grad_norm=0.1051, Final_scale=95.1388
🚀 APPLYING GUIDANCE at step 1 (timestep=992)
🎯 GUIDANCE STEP 1 (t=992): Loss=0.5620, Rho=5.128970, Grad_norm=0.1950, Final_scale=51.2897
🚀 APPLYING GUIDANCE at step 2 (timestep=985)
🎯 GUIDANCE STEP 2 (t=985): Loss=0.5625, Rho=37.052933, Grad_norm=0.0270, Final_scale=370.5293
🚀 APPLYING GUIDANCE at step 3 (timestep=978)
🎯 GUIDANCE STEP 3 (t=978): Loss=0.5757, Rho=13.351400, Grad_norm=0.0749, Final_scale=133.5140
🚀 APPLYING GUIDANCE at step 4 (timestep=971)
🎯 GUIDANCE STEP 4 (t=971): Loss=0.5908, Rho=18.430353, Grad_norm=0.0543, Final_scale=184.3035
🚀 APPLYING GUIDANCE at step 5 (timestep=963)
🎯 GUIDANCE STEP 5 (t=963): Loss=0.6011, Rho=18.630930, Grad_norm=0.0537, Final_scale=186.3093
🚀 APPLYING GUIDANCE at step 6 (timestep=956)
🎯 GUIDANCE STEP 6 (t=956): Loss=0.6265, Rho=14.661767, Grad_norm=0.0682, Final_scale=146.6177
🚀 APPLYING GUIDANCE at step 7 (timestep=948)
🎯 GUIDANCE STEP 7 (t=948): Loss=0.6309, Rho=7.814274, Grad_norm=0.1280, Final_scale=78.1427
🚀 APPLYING GUIDANCE at step 8 (timestep=939)
🎯 GUIDANCE STEP 8 (t=939): Loss=0.6328, Rho=9.643391, Grad_norm=0.1037, Final_scale=96.4339
🚀 APPLYING GUIDANCE at step 9 (timestep=931)
🎯 GUIDANCE STEP 9 (t=931): Loss=0.6318, Rho=13.614773, Grad_norm=0.0734, Final_scale=136.1477
🚀 APPLYING GUIDANCE at step 10 (timestep=922)
🎯 GUIDANCE STEP 10 (t=922): Loss=0.6323, Rho=15.398129, Grad_norm=0.0649, Final_scale=153.9813
🚀 APPLYING GUIDANCE at step 11 (timestep=913)
🎯 GUIDANCE STEP 11 (t=913): Loss=0.6313, Rho=13.852455, Grad_norm=0.0722, Final_scale=138.5246
🚀 APPLYING GUIDANCE at step 12 (timestep=904)
🎯 GUIDANCE STEP 12 (t=904): Loss=0.6382, Rho=16.801989, Grad_norm=0.0595, Final_scale=168.0199
🚀 APPLYING GUIDANCE at step 13 (timestep=894)
🎯 GUIDANCE STEP 13 (t=894): Loss=0.6348, Rho=16.819693, Grad_norm=0.0595, Final_scale=168.1969
🚀 APPLYING GUIDANCE at step 14 (timestep=884)
🎯 GUIDANCE STEP 14 (t=884): Loss=0.6348, Rho=13.112811, Grad_norm=0.0763, Final_scale=131.1281
🚀 APPLYING GUIDANCE at step 15 (timestep=874)
🎯 GUIDANCE STEP 15 (t=874): Loss=0.6294, Rho=14.599051, Grad_norm=0.0685, Final_scale=145.9905
🚀 APPLYING GUIDANCE at step 16 (timestep=864)
🎯 GUIDANCE STEP 16 (t=864): Loss=0.6309, Rho=7.819093, Grad_norm=0.1279, Final_scale=78.1909
🚀 APPLYING GUIDANCE at step 17 (timestep=853)
🎯 GUIDANCE STEP 17 (t=853): Loss=0.6396, Rho=10.830628, Grad_norm=0.0923, Final_scale=108.3063
🚀 APPLYING GUIDANCE at step 18 (timestep=841)
🎯 GUIDANCE STEP 18 (t=841): Loss=0.6343, Rho=9.700634, Grad_norm=0.1031, Final_scale=97.0063
🚀 APPLYING GUIDANCE at step 19 (timestep=829)
🎯 GUIDANCE STEP 19 (t=829): Loss=0.6377, Rho=12.700599, Grad_norm=0.0787, Final_scale=127.0060
🚀 APPLYING GUIDANCE at step 20 (timestep=817)
🎯 GUIDANCE STEP 20 (t=817): Loss=0.6338, Rho=8.262486, Grad_norm=0.1210, Final_scale=82.6249
🚀 APPLYING GUIDANCE at step 21 (timestep=805)
🎯 GUIDANCE STEP 21 (t=805): Loss=0.6357, Rho=17.841780, Grad_norm=0.0560, Final_scale=178.4178
🚀 APPLYING GUIDANCE at step 22 (timestep=792)
🎯 GUIDANCE STEP 22 (t=792): Loss=0.6270, Rho=8.578209, Grad_norm=0.1166, Final_scale=85.7821
🚀 APPLYING GUIDANCE at step 23 (timestep=778)
🎯 GUIDANCE STEP 23 (t=778): Loss=0.6377, Rho=12.901297, Grad_norm=0.0775, Final_scale=129.0130
🚀 APPLYING GUIDANCE at step 24 (timestep=764)
🎯 GUIDANCE STEP 24 (t=764): Loss=0.6323, Rho=6.810147, Grad_norm=0.1468, Final_scale=68.1015
🚀 APPLYING GUIDANCE at step 25 (timestep=749)
🎯 GUIDANCE STEP 25 (t=749): Loss=0.6382, Rho=12.150863, Grad_norm=0.0823, Final_scale=121.5086
🚀 APPLYING GUIDANCE at step 26 (timestep=734)
🎯 GUIDANCE STEP 26 (t=734): Loss=0.6362, Rho=5.564950, Grad_norm=0.1797, Final_scale=55.6495
🚀 APPLYING GUIDANCE at step 27 (timestep=718)
🎯 GUIDANCE STEP 27 (t=718): Loss=0.6328, Rho=10.495154, Grad_norm=0.0953, Final_scale=104.9515
🚀 APPLYING GUIDANCE at step 28 (timestep=701)
🎯 GUIDANCE STEP 28 (t=701): Loss=0.6299, Rho=7.957652, Grad_norm=0.1257, Final_scale=79.5765
🚀 APPLYING GUIDANCE at step 29 (timestep=684)
🎯 GUIDANCE STEP 29 (t=684): Loss=0.6313, Rho=21.022821, Grad_norm=0.0476, Final_scale=210.2282
🚀 APPLYING GUIDANCE at step 30 (timestep=666)
🎯 GUIDANCE STEP 30 (t=666): Loss=0.6357, Rho=10.362614, Grad_norm=0.0965, Final_scale=103.6261
🚀 APPLYING GUIDANCE at step 31 (timestep=647)
🎯 GUIDANCE STEP 31 (t=647): Loss=0.6313, Rho=17.233480, Grad_norm=0.0580, Final_scale=172.3348
🚀 APPLYING GUIDANCE at step 32 (timestep=627)
🎯 GUIDANCE STEP 32 (t=627): Loss=0.6289, Rho=3.527111, Grad_norm=0.2835, Final_scale=35.2711
🚀 APPLYING GUIDANCE at step 33 (timestep=606)
🎯 GUIDANCE STEP 33 (t=606): Loss=0.6309, Rho=15.699438, Grad_norm=0.0637, Final_scale=156.9944
🚀 APPLYING GUIDANCE at step 34 (timestep=585)
🎯 GUIDANCE STEP 34 (t=585): Loss=0.6313, Rho=14.480072, Grad_norm=0.0691, Final_scale=144.8007
🚀 APPLYING GUIDANCE at step 35 (timestep=562)
🎯 GUIDANCE STEP 35 (t=562): Loss=0.6313, Rho=16.021122, Grad_norm=0.0624, Final_scale=160.2112
🚀 APPLYING GUIDANCE at step 36 (timestep=538)
🎯 GUIDANCE STEP 36 (t=538): Loss=0.6279, Rho=12.849151, Grad_norm=0.0778, Final_scale=128.4915
🚀 APPLYING GUIDANCE at step 37 (timestep=512)
🎯 GUIDANCE STEP 37 (t=512): Loss=0.6309, Rho=18.710325, Grad_norm=0.0534, Final_scale=187.1033
🚀 APPLYING GUIDANCE at step 38 (timestep=486)
🎯 GUIDANCE STEP 38 (t=486): Loss=0.6274, Rho=12.642455, Grad_norm=0.0791, Final_scale=126.4246
🚀 APPLYING GUIDANCE at step 39 (timestep=458)
🎯 GUIDANCE STEP 39 (t=458): Loss=0.6333, Rho=11.847788, Grad_norm=0.0844, Final_scale=118.4779
🚀 APPLYING GUIDANCE at step 40 (timestep=428)
🎯 GUIDANCE STEP 40 (t=428): Loss=0.6318, Rho=19.042662, Grad_norm=0.0525, Final_scale=190.4266
🚀 APPLYING GUIDANCE at step 41 (timestep=396)
🎯 GUIDANCE STEP 41 (t=396): Loss=0.6294, Rho=26.176193, Grad_norm=0.0382, Final_scale=261.7619
🚀 APPLYING GUIDANCE at step 42 (timestep=363)
🎯 GUIDANCE STEP 42 (t=363): Loss=0.6323, Rho=23.137178, Grad_norm=0.0432, Final_scale=231.3718
🚀 APPLYING GUIDANCE at step 43 (timestep=327)
🎯 GUIDANCE STEP 43 (t=327): Loss=0.6255, Rho=14.643543, Grad_norm=0.0683, Final_scale=146.4354
🚀 APPLYING GUIDANCE at step 44 (timestep=290)
🎯 GUIDANCE STEP 44 (t=290): Loss=0.6294, Rho=7.569069, Grad_norm=0.1321, Final_scale=75.6907
🚀 APPLYING GUIDANCE at step 45 (timestep=249)
🎯 GUIDANCE STEP 45 (t=249): Loss=0.6284, Rho=23.814856, Grad_norm=0.0420, Final_scale=238.1486
🚀 APPLYING GUIDANCE at step 46 (timestep=206)
🎯 GUIDANCE STEP 46 (t=206): Loss=0.6265, Rho=16.436255, Grad_norm=0.0608, Final_scale=164.3625
🚀 APPLYING GUIDANCE at step 47 (timestep=160)
🎯 GUIDANCE STEP 47 (t=160): Loss=0.6284, Rho=5.886232, Grad_norm=0.1699, Final_scale=58.8623
🚀 APPLYING GUIDANCE at step 48 (timestep=111)
🎯 GUIDANCE STEP 48 (t=111): Loss=0.6230, Rho=12.873769, Grad_norm=0.0777, Final_scale=128.7377
🚀 APPLYING GUIDANCE at step 49 (timestep=57)
🎯 GUIDANCE STEP 49 (t=57): Loss=0.6240, Rho=17.595346, Grad_norm=0.0568, Final_scale=175.9535
[guidance_f33_s50_w8c6_rho10.0_cfg5.0_0701_1608] Generated: generated_videos/subject_consistency/guidance_f33_s50_w8c6_rho10.0_cfg5.0_0701_1608/a_horse_galloping_across_an_open_field.mp4
[guidance_f33_s50_w8c6_rho10.0_cfg5.0_0701_1608] Generating video 7/9 (guidance): a horse taking a peaceful walk
🎬 STARTING GUIDANCE PIPELINE GENERATION
   Frames: 33, Steps: 50, CFG Scale: 5.0

🔧 GUIDANCE PIPELINE CONFIGURATION:
   Guidance range: 0 - 1001
   Rho scale: 10.0
   V-JEPA kernel_size: 8
   V-JEPA context_length: 6
   V-JEPA stride: 2
   V-JEPA mode: max
   Total timesteps: 50

🚀 APPLYING GUIDANCE at step 0 (timestep=999)
🎯 GUIDANCE STEP 0 (t=999): Loss=0.5566, Rho=14.041316, Grad_norm=0.0712, Final_scale=140.4132
🚀 APPLYING GUIDANCE at step 1 (timestep=992)
🎯 GUIDANCE STEP 1 (t=992): Loss=0.5630, Rho=12.377918, Grad_norm=0.0808, Final_scale=123.7792
🚀 APPLYING GUIDANCE at step 2 (timestep=985)
🎯 GUIDANCE STEP 2 (t=985): Loss=0.5918, Rho=16.684032, Grad_norm=0.0599, Final_scale=166.8403
🚀 APPLYING GUIDANCE at step 3 (timestep=978)
🎯 GUIDANCE STEP 3 (t=978): Loss=0.6196, Rho=10.745215, Grad_norm=0.0931, Final_scale=107.4522
🚀 APPLYING GUIDANCE at step 4 (timestep=971)
🎯 GUIDANCE STEP 4 (t=971): Loss=0.6162, Rho=8.466347, Grad_norm=0.1181, Final_scale=84.6635
🚀 APPLYING GUIDANCE at step 5 (timestep=963)
🎯 GUIDANCE STEP 5 (t=963): Loss=0.6196, Rho=17.694536, Grad_norm=0.0565, Final_scale=176.9454
🚀 APPLYING GUIDANCE at step 6 (timestep=956)
🎯 GUIDANCE STEP 6 (t=956): Loss=0.6260, Rho=12.717310, Grad_norm=0.0786, Final_scale=127.1731
🚀 APPLYING GUIDANCE at step 7 (timestep=948)
🎯 GUIDANCE STEP 7 (t=948): Loss=0.6372, Rho=9.782022, Grad_norm=0.1022, Final_scale=97.8202
🚀 APPLYING GUIDANCE at step 8 (timestep=939)
🎯 GUIDANCE STEP 8 (t=939): Loss=0.6279, Rho=12.946271, Grad_norm=0.0772, Final_scale=129.4627
🚀 APPLYING GUIDANCE at step 9 (timestep=931)
🎯 GUIDANCE STEP 9 (t=931): Loss=0.6274, Rho=8.959261, Grad_norm=0.1116, Final_scale=89.5926
🚀 APPLYING GUIDANCE at step 10 (timestep=922)
🎯 GUIDANCE STEP 10 (t=922): Loss=0.6279, Rho=7.627290, Grad_norm=0.1311, Final_scale=76.2729
🚀 APPLYING GUIDANCE at step 11 (timestep=913)
🎯 GUIDANCE STEP 11 (t=913): Loss=0.6304, Rho=15.527825, Grad_norm=0.0644, Final_scale=155.2783
🚀 APPLYING GUIDANCE at step 12 (timestep=904)
🎯 GUIDANCE STEP 12 (t=904): Loss=0.6274, Rho=9.658769, Grad_norm=0.1035, Final_scale=96.5877
🚀 APPLYING GUIDANCE at step 13 (timestep=894)
🎯 GUIDANCE STEP 13 (t=894): Loss=0.6289, Rho=5.180314, Grad_norm=0.1930, Final_scale=51.8031
🚀 APPLYING GUIDANCE at step 14 (timestep=884)
🎯 GUIDANCE STEP 14 (t=884): Loss=0.6323, Rho=7.286616, Grad_norm=0.1372, Final_scale=72.8662
🚀 APPLYING GUIDANCE at step 15 (timestep=874)
🎯 GUIDANCE STEP 15 (t=874): Loss=0.6313, Rho=10.487759, Grad_norm=0.0953, Final_scale=104.8776
🚀 APPLYING GUIDANCE at step 16 (timestep=864)
🎯 GUIDANCE STEP 16 (t=864): Loss=0.6323, Rho=4.836700, Grad_norm=0.2068, Final_scale=48.3670
🚀 APPLYING GUIDANCE at step 17 (timestep=853)
🎯 GUIDANCE STEP 17 (t=853): Loss=0.6343, Rho=10.090333, Grad_norm=0.0991, Final_scale=100.9033
🚀 APPLYING GUIDANCE at step 18 (timestep=841)
🎯 GUIDANCE STEP 18 (t=841): Loss=0.6353, Rho=1.401208, Grad_norm=0.7137, Final_scale=14.0121
🚀 APPLYING GUIDANCE at step 19 (timestep=829)
🎯 GUIDANCE STEP 19 (t=829): Loss=0.6333, Rho=12.335073, Grad_norm=0.0811, Final_scale=123.3507
🚀 APPLYING GUIDANCE at step 20 (timestep=817)
🎯 GUIDANCE STEP 20 (t=817): Loss=0.6348, Rho=3.968946, Grad_norm=0.2520, Final_scale=39.6895
🚀 APPLYING GUIDANCE at step 21 (timestep=805)
🎯 GUIDANCE STEP 21 (t=805): Loss=0.6318, Rho=8.550254, Grad_norm=0.1170, Final_scale=85.5025
🚀 APPLYING GUIDANCE at step 22 (timestep=792)
🎯 GUIDANCE STEP 22 (t=792): Loss=0.6323, Rho=8.807782, Grad_norm=0.1135, Final_scale=88.0778
🚀 APPLYING GUIDANCE at step 23 (timestep=778)
🎯 GUIDANCE STEP 23 (t=778): Loss=0.6348, Rho=7.050388, Grad_norm=0.1418, Final_scale=70.5039
🚀 APPLYING GUIDANCE at step 24 (timestep=764)
🎯 GUIDANCE STEP 24 (t=764): Loss=0.6333, Rho=8.747444, Grad_norm=0.1143, Final_scale=87.4744
🚀 APPLYING GUIDANCE at step 25 (timestep=749)
🎯 GUIDANCE STEP 25 (t=749): Loss=0.6362, Rho=5.771041, Grad_norm=0.1733, Final_scale=57.7104
🚀 APPLYING GUIDANCE at step 26 (timestep=734)
🎯 GUIDANCE STEP 26 (t=734): Loss=0.6338, Rho=2.289519, Grad_norm=0.4368, Final_scale=22.8952
🚀 APPLYING GUIDANCE at step 27 (timestep=718)
🎯 GUIDANCE STEP 27 (t=718): Loss=0.6372, Rho=9.202685, Grad_norm=0.1087, Final_scale=92.0269
🚀 APPLYING GUIDANCE at step 28 (timestep=701)
🎯 GUIDANCE STEP 28 (t=701): Loss=0.6338, Rho=8.169232, Grad_norm=0.1224, Final_scale=81.6923
🚀 APPLYING GUIDANCE at step 29 (timestep=684)
🎯 GUIDANCE STEP 29 (t=684): Loss=0.6328, Rho=5.486336, Grad_norm=0.1823, Final_scale=54.8634
🚀 APPLYING GUIDANCE at step 30 (timestep=666)
🎯 GUIDANCE STEP 30 (t=666): Loss=0.6333, Rho=13.767556, Grad_norm=0.0726, Final_scale=137.6756
🚀 APPLYING GUIDANCE at step 31 (timestep=647)
🎯 GUIDANCE STEP 31 (t=647): Loss=0.6333, Rho=12.108209, Grad_norm=0.0826, Final_scale=121.0821
🚀 APPLYING GUIDANCE at step 32 (timestep=627)
🎯 GUIDANCE STEP 32 (t=627): Loss=0.6348, Rho=8.527957, Grad_norm=0.1173, Final_scale=85.2796
🚀 APPLYING GUIDANCE at step 33 (timestep=606)
🎯 GUIDANCE STEP 33 (t=606): Loss=0.6323, Rho=6.287582, Grad_norm=0.1590, Final_scale=62.8758
🚀 APPLYING GUIDANCE at step 34 (timestep=585)
🎯 GUIDANCE STEP 34 (t=585): Loss=0.6377, Rho=12.005758, Grad_norm=0.0833, Final_scale=120.0576
🚀 APPLYING GUIDANCE at step 35 (timestep=562)
🎯 GUIDANCE STEP 35 (t=562): Loss=0.6406, Rho=13.894428, Grad_norm=0.0720, Final_scale=138.9443
🚀 APPLYING GUIDANCE at step 36 (timestep=538)
🎯 GUIDANCE STEP 36 (t=538): Loss=0.6357, Rho=10.997478, Grad_norm=0.0909, Final_scale=109.9748
🚀 APPLYING GUIDANCE at step 37 (timestep=512)
🎯 GUIDANCE STEP 37 (t=512): Loss=0.6377, Rho=8.466018, Grad_norm=0.1181, Final_scale=84.6602
🚀 APPLYING GUIDANCE at step 38 (timestep=486)
🎯 GUIDANCE STEP 38 (t=486): Loss=0.6367, Rho=13.512044, Grad_norm=0.0740, Final_scale=135.1204
🚀 APPLYING GUIDANCE at step 39 (timestep=458)
🎯 GUIDANCE STEP 39 (t=458): Loss=0.6392, Rho=7.740926, Grad_norm=0.1292, Final_scale=77.4093
🚀 APPLYING GUIDANCE at step 40 (timestep=428)
🎯 GUIDANCE STEP 40 (t=428): Loss=0.6348, Rho=25.468771, Grad_norm=0.0393, Final_scale=254.6877
🚀 APPLYING GUIDANCE at step 41 (timestep=396)
🎯 GUIDANCE STEP 41 (t=396): Loss=0.6348, Rho=30.377541, Grad_norm=0.0329, Final_scale=303.7754
🚀 APPLYING GUIDANCE at step 42 (timestep=363)
🎯 GUIDANCE STEP 42 (t=363): Loss=0.6392, Rho=19.056278, Grad_norm=0.0525, Final_scale=190.5628
🚀 APPLYING GUIDANCE at step 43 (timestep=327)
🎯 GUIDANCE STEP 43 (t=327): Loss=0.6372, Rho=18.717409, Grad_norm=0.0534, Final_scale=187.1741
🚀 APPLYING GUIDANCE at step 44 (timestep=290)
🎯 GUIDANCE STEP 44 (t=290): Loss=0.6362, Rho=37.442299, Grad_norm=0.0267, Final_scale=374.4230
🚀 APPLYING GUIDANCE at step 45 (timestep=249)
🎯 GUIDANCE STEP 45 (t=249): Loss=0.6338, Rho=16.853310, Grad_norm=0.0593, Final_scale=168.5331
🚀 APPLYING GUIDANCE at step 46 (timestep=206)
🎯 GUIDANCE STEP 46 (t=206): Loss=0.6313, Rho=12.748728, Grad_norm=0.0784, Final_scale=127.4873
🚀 APPLYING GUIDANCE at step 47 (timestep=160)
🎯 GUIDANCE STEP 47 (t=160): Loss=0.6309, Rho=15.418540, Grad_norm=0.0649, Final_scale=154.1854
🚀 APPLYING GUIDANCE at step 48 (timestep=111)
🎯 GUIDANCE STEP 48 (t=111): Loss=0.6353, Rho=11.035263, Grad_norm=0.0906, Final_scale=110.3526
🚀 APPLYING GUIDANCE at step 49 (timestep=57)
🎯 GUIDANCE STEP 49 (t=57): Loss=0.6289, Rho=2.692093, Grad_norm=0.3715, Final_scale=26.9209
[guidance_f33_s50_w8c6_rho10.0_cfg5.0_0701_1608] Generated: generated_videos/subject_consistency/guidance_f33_s50_w8c6_rho10.0_cfg5.0_0701_1608/a_giraffe_running_to_join_a_herd_of_its_kind.mp4
[guidance_f33_s50_w8c6_rho10.0_cfg5.0_0701_1608] Experiment completed! Results saved to: generated_videos/subject_consistency/guidance_f33_s50_w8c6_rho10.0_cfg5.0_0701_1608
🚀 APPLYING GUIDANCE at step 0 (timestep=999)
🎯 GUIDANCE STEP 0 (t=999): Loss=0.5869, Rho=12.989596, Grad_norm=0.0770, Final_scale=129.8960
🚀 APPLYING GUIDANCE at step 1 (timestep=992)
🎯 GUIDANCE STEP 1 (t=992): Loss=0.5630, Rho=13.521107, Grad_norm=0.0740, Final_scale=135.2111
🚀 APPLYING GUIDANCE at step 2 (timestep=985)
🎯 GUIDANCE STEP 2 (t=985): Loss=0.5854, Rho=12.253431, Grad_norm=0.0816, Final_scale=122.5343
🚀 APPLYING GUIDANCE at step 3 (timestep=978)
🎯 GUIDANCE STEP 3 (t=978): Loss=0.5923, Rho=12.174714, Grad_norm=0.0821, Final_scale=121.7471
🚀 APPLYING GUIDANCE at step 4 (timestep=971)
🎯 GUIDANCE STEP 4 (t=971): Loss=0.5986, Rho=7.153493, Grad_norm=0.1398, Final_scale=71.5349
🚀 APPLYING GUIDANCE at step 5 (timestep=963)
🎯 GUIDANCE STEP 5 (t=963): Loss=0.6099, Rho=14.976964, Grad_norm=0.0668, Final_scale=149.7696
🚀 APPLYING GUIDANCE at step 6 (timestep=956)
🎯 GUIDANCE STEP 6 (t=956): Loss=0.6221, Rho=7.181514, Grad_norm=0.1392, Final_scale=71.8151
🚀 APPLYING GUIDANCE at step 7 (timestep=948)
🎯 GUIDANCE STEP 7 (t=948): Loss=0.6250, Rho=11.270554, Grad_norm=0.0887, Final_scale=112.7055
🚀 APPLYING GUIDANCE at step 8 (timestep=939)
🎯 GUIDANCE STEP 8 (t=939): Loss=0.6284, Rho=3.170619, Grad_norm=0.3154, Final_scale=31.7062
🚀 APPLYING GUIDANCE at step 9 (timestep=931)
🎯 GUIDANCE STEP 9 (t=931): Loss=0.6362, Rho=5.649067, Grad_norm=0.1770, Final_scale=56.4907
🚀 APPLYING GUIDANCE at step 10 (timestep=922)
🎯 GUIDANCE STEP 10 (t=922): Loss=0.6367, Rho=7.834017, Grad_norm=0.1276, Final_scale=78.3402
🚀 APPLYING GUIDANCE at step 11 (timestep=913)
🎯 GUIDANCE STEP 11 (t=913): Loss=0.6392, Rho=10.171733, Grad_norm=0.0983, Final_scale=101.7173
🚀 APPLYING GUIDANCE at step 12 (timestep=904)
🎯 GUIDANCE STEP 12 (t=904): Loss=0.6377, Rho=7.240691, Grad_norm=0.1381, Final_scale=72.4069
🚀 APPLYING GUIDANCE at step 13 (timestep=894)
🎯 GUIDANCE STEP 13 (t=894): Loss=0.6338, Rho=7.653488, Grad_norm=0.1307, Final_scale=76.5349
🚀 APPLYING GUIDANCE at step 14 (timestep=884)
🎯 GUIDANCE STEP 14 (t=884): Loss=0.6318, Rho=9.695401, Grad_norm=0.1031, Final_scale=96.9540
🚀 APPLYING GUIDANCE at step 15 (timestep=874)
🎯 GUIDANCE STEP 15 (t=874): Loss=0.6284, Rho=6.649961, Grad_norm=0.1504, Final_scale=66.4996
🚀 APPLYING GUIDANCE at step 16 (timestep=864)
🎯 GUIDANCE STEP 16 (t=864): Loss=0.6318, Rho=14.234238, Grad_norm=0.0703, Final_scale=142.3424
🚀 APPLYING GUIDANCE at step 17 (timestep=853)
🎯 GUIDANCE STEP 17 (t=853): Loss=0.6313, Rho=4.111398, Grad_norm=0.2432, Final_scale=41.1140
🚀 APPLYING GUIDANCE at step 18 (timestep=841)
🎯 GUIDANCE STEP 18 (t=841): Loss=0.6294, Rho=8.213964, Grad_norm=0.1217, Final_scale=82.1396
🚀 APPLYING GUIDANCE at step 19 (timestep=829)
🎯 GUIDANCE STEP 19 (t=829): Loss=0.6294, Rho=9.794154, Grad_norm=0.1021, Final_scale=97.9415
🚀 APPLYING GUIDANCE at step 20 (timestep=817)
🎯 GUIDANCE STEP 20 (t=817): Loss=0.6260, Rho=14.101370, Grad_norm=0.0709, Final_scale=141.0137
🚀 APPLYING GUIDANCE at step 21 (timestep=805)
🎯 GUIDANCE STEP 21 (t=805): Loss=0.6284, Rho=8.063265, Grad_norm=0.1240, Final_scale=80.6326
🚀 APPLYING GUIDANCE at step 22 (timestep=792)
🎯 GUIDANCE STEP 22 (t=792): Loss=0.6279, Rho=9.258719, Grad_norm=0.1080, Final_scale=92.5872
🚀 APPLYING GUIDANCE at step 23 (timestep=778)
🎯 GUIDANCE STEP 23 (t=778): Loss=0.6284, Rho=15.971532, Grad_norm=0.0626, Final_scale=159.7153
🚀 APPLYING GUIDANCE at step 24 (timestep=764)
🎯 GUIDANCE STEP 24 (t=764): Loss=0.6270, Rho=9.887477, Grad_norm=0.1011, Final_scale=98.8748
🚀 APPLYING GUIDANCE at step 25 (timestep=749)
🎯 GUIDANCE STEP 25 (t=749): Loss=0.6279, Rho=14.808929, Grad_norm=0.0675, Final_scale=148.0893
🚀 APPLYING GUIDANCE at step 26 (timestep=734)
🎯 GUIDANCE STEP 26 (t=734): Loss=0.6255, Rho=7.431902, Grad_norm=0.1346, Final_scale=74.3190
🚀 APPLYING GUIDANCE at step 27 (timestep=718)
🎯 GUIDANCE STEP 27 (t=718): Loss=0.6289, Rho=10.408755, Grad_norm=0.0961, Final_scale=104.0876
🚀 APPLYING GUIDANCE at step 28 (timestep=701)
🎯 GUIDANCE STEP 28 (t=701): Loss=0.6270, Rho=11.462015, Grad_norm=0.0872, Final_scale=114.6202
🚀 APPLYING GUIDANCE at step 29 (timestep=684)
🎯 GUIDANCE STEP 29 (t=684): Loss=0.6255, Rho=8.959942, Grad_norm=0.1116, Final_scale=89.5994
🚀 APPLYING GUIDANCE at step 30 (timestep=666)
🎯 GUIDANCE STEP 30 (t=666): Loss=0.6274, Rho=15.492223, Grad_norm=0.0645, Final_scale=154.9222
🚀 APPLYING GUIDANCE at step 31 (timestep=647)
🎯 GUIDANCE STEP 31 (t=647): Loss=0.6270, Rho=21.466211, Grad_norm=0.0466, Final_scale=214.6621
🚀 APPLYING GUIDANCE at step 32 (timestep=627)
🎯 GUIDANCE STEP 32 (t=627): Loss=0.6270, Rho=20.096045, Grad_norm=0.0498, Final_scale=200.9604
🚀 APPLYING GUIDANCE at step 33 (timestep=606)
🎯 GUIDANCE STEP 33 (t=606): Loss=0.6284, Rho=9.709443, Grad_norm=0.1030, Final_scale=97.0944
🚀 APPLYING GUIDANCE at step 34 (timestep=585)
🎯 GUIDANCE STEP 34 (t=585): Loss=0.6265, Rho=13.275427, Grad_norm=0.0753, Final_scale=132.7543
🚀 APPLYING GUIDANCE at step 35 (timestep=562)
🎯 GUIDANCE STEP 35 (t=562): Loss=0.6265, Rho=12.389320, Grad_norm=0.0807, Final_scale=123.8932
🚀 APPLYING GUIDANCE at step 36 (timestep=538)
🎯 GUIDANCE STEP 36 (t=538): Loss=0.6255, Rho=19.857645, Grad_norm=0.0504, Final_scale=198.5765
🚀 APPLYING GUIDANCE at step 37 (timestep=512)
🎯 GUIDANCE STEP 37 (t=512): Loss=0.6265, Rho=12.387962, Grad_norm=0.0807, Final_scale=123.8796
🚀 APPLYING GUIDANCE at step 38 (timestep=486)
🎯 GUIDANCE STEP 38 (t=486): Loss=0.6240, Rho=17.492205, Grad_norm=0.0572, Final_scale=174.9220
🚀 APPLYING GUIDANCE at step 39 (timestep=458)
🎯 GUIDANCE STEP 39 (t=458): Loss=0.6265, Rho=16.889278, Grad_norm=0.0592, Final_scale=168.8928
🚀 APPLYING GUIDANCE at step 40 (timestep=428)
🎯 GUIDANCE STEP 40 (t=428): Loss=0.6230, Rho=18.518002, Grad_norm=0.0540, Final_scale=185.1800
🚀 APPLYING GUIDANCE at step 41 (timestep=396)
🎯 GUIDANCE STEP 41 (t=396): Loss=0.6235, Rho=35.295052, Grad_norm=0.0283, Final_scale=352.9505
🚀 APPLYING GUIDANCE at step 42 (timestep=363)
🎯 GUIDANCE STEP 42 (t=363): Loss=0.6255, Rho=3.809543, Grad_norm=0.2625, Final_scale=38.0954
🚀 APPLYING GUIDANCE at step 43 (timestep=327)
🎯 GUIDANCE STEP 43 (t=327): Loss=0.6255, Rho=19.419107, Grad_norm=0.0515, Final_scale=194.1911
🚀 APPLYING GUIDANCE at step 44 (timestep=290)
🎯 GUIDANCE STEP 44 (t=290): Loss=0.6245, Rho=13.398801, Grad_norm=0.0746, Final_scale=133.9880
🚀 APPLYING GUIDANCE at step 45 (timestep=249)
🎯 GUIDANCE STEP 45 (t=249): Loss=0.6235, Rho=14.650452, Grad_norm=0.0683, Final_scale=146.5045
🚀 APPLYING GUIDANCE at step 46 (timestep=206)
🎯 GUIDANCE STEP 46 (t=206): Loss=0.6240, Rho=18.538128, Grad_norm=0.0539, Final_scale=185.3813
🚀 APPLYING GUIDANCE at step 47 (timestep=160)
🎯 GUIDANCE STEP 47 (t=160): Loss=0.6226, Rho=25.980017, Grad_norm=0.0385, Final_scale=259.8002
🚀 APPLYING GUIDANCE at step 48 (timestep=111)
🎯 GUIDANCE STEP 48 (t=111): Loss=0.6250, Rho=9.955044, Grad_norm=0.1005, Final_scale=99.5504
🚀 APPLYING GUIDANCE at step 49 (timestep=57)
🎯 GUIDANCE STEP 49 (t=57): Loss=0.6221, Rho=12.387663, Grad_norm=0.0807, Final_scale=123.8766
[guidance_f33_s50_w8c6_rho10.0_cfg5.0_0701_1608] Generated: generated_videos/subject_consistency/guidance_f33_s50_w8c6_rho10.0_cfg5.0_0701_1608/a_bear_catching_a_salmon_in_its_powerful_jaws.mp4
[guidance_f33_s50_w8c6_rho10.0_cfg5.0_0701_1608] Experiment completed! Results saved to: generated_videos/subject_consistency/guidance_f33_s50_w8c6_rho10.0_cfg5.0_0701_1608
🚀 APPLYING GUIDANCE at step 0 (timestep=999)
🎯 GUIDANCE STEP 0 (t=999): Loss=0.5972, Rho=7.337828, Grad_norm=0.1363, Final_scale=73.3783
🚀 APPLYING GUIDANCE at step 1 (timestep=992)
🎯 GUIDANCE STEP 1 (t=992): Loss=0.5493, Rho=6.766889, Grad_norm=0.1478, Final_scale=67.6689
🚀 APPLYING GUIDANCE at step 2 (timestep=985)
🎯 GUIDANCE STEP 2 (t=985): Loss=0.5698, Rho=8.162173, Grad_norm=0.1225, Final_scale=81.6217
🚀 APPLYING GUIDANCE at step 3 (timestep=978)
🎯 GUIDANCE STEP 3 (t=978): Loss=0.5889, Rho=11.582420, Grad_norm=0.0863, Final_scale=115.8242
🚀 APPLYING GUIDANCE at step 4 (timestep=971)
🎯 GUIDANCE STEP 4 (t=971): Loss=0.6030, Rho=4.538958, Grad_norm=0.2203, Final_scale=45.3896
🚀 APPLYING GUIDANCE at step 5 (timestep=963)
🎯 GUIDANCE STEP 5 (t=963): Loss=0.6255, Rho=1.985966, Grad_norm=0.5035, Final_scale=19.8597
🚀 APPLYING GUIDANCE at step 6 (timestep=956)
🎯 GUIDANCE STEP 6 (t=956): Loss=0.6343, Rho=11.166272, Grad_norm=0.0896, Final_scale=111.6627
🚀 APPLYING GUIDANCE at step 7 (timestep=948)
🎯 GUIDANCE STEP 7 (t=948): Loss=0.6377, Rho=6.017454, Grad_norm=0.1662, Final_scale=60.1745
🚀 APPLYING GUIDANCE at step 8 (timestep=939)
🎯 GUIDANCE STEP 8 (t=939): Loss=0.6353, Rho=10.131230, Grad_norm=0.0987, Final_scale=101.3123
🚀 APPLYING GUIDANCE at step 9 (timestep=931)
🎯 GUIDANCE STEP 9 (t=931): Loss=0.6465, Rho=5.901747, Grad_norm=0.1694, Final_scale=59.0175
🚀 APPLYING GUIDANCE at step 10 (timestep=922)
🎯 GUIDANCE STEP 10 (t=922): Loss=0.6440, Rho=3.818897, Grad_norm=0.2619, Final_scale=38.1890
🚀 APPLYING GUIDANCE at step 11 (timestep=913)
🎯 GUIDANCE STEP 11 (t=913): Loss=0.6357, Rho=5.352248, Grad_norm=0.1868, Final_scale=53.5225
🚀 APPLYING GUIDANCE at step 12 (timestep=904)
🎯 GUIDANCE STEP 12 (t=904): Loss=0.6392, Rho=2.217056, Grad_norm=0.4510, Final_scale=22.1706
🚀 APPLYING GUIDANCE at step 13 (timestep=894)
🎯 GUIDANCE STEP 13 (t=894): Loss=0.6411, Rho=2.179051, Grad_norm=0.4589, Final_scale=21.7905
🚀 APPLYING GUIDANCE at step 14 (timestep=884)
🎯 GUIDANCE STEP 14 (t=884): Loss=0.6426, Rho=4.788130, Grad_norm=0.2088, Final_scale=47.8813
🚀 APPLYING GUIDANCE at step 15 (timestep=874)
🎯 GUIDANCE STEP 15 (t=874): Loss=0.6450, Rho=6.592469, Grad_norm=0.1517, Final_scale=65.9247
🚀 APPLYING GUIDANCE at step 16 (timestep=864)
🎯 GUIDANCE STEP 16 (t=864): Loss=0.6465, Rho=7.447178, Grad_norm=0.1343, Final_scale=74.4718
🚀 APPLYING GUIDANCE at step 17 (timestep=853)
🎯 GUIDANCE STEP 17 (t=853): Loss=0.6470, Rho=3.367712, Grad_norm=0.2969, Final_scale=33.6771
🚀 APPLYING GUIDANCE at step 18 (timestep=841)
🎯 GUIDANCE STEP 18 (t=841): Loss=0.6528, Rho=1.991643, Grad_norm=0.5021, Final_scale=19.9164
🚀 APPLYING GUIDANCE at step 19 (timestep=829)
🎯 GUIDANCE STEP 19 (t=829): Loss=0.6533, Rho=7.390024, Grad_norm=0.1353, Final_scale=73.9002
🚀 APPLYING GUIDANCE at step 20 (timestep=817)
🎯 GUIDANCE STEP 20 (t=817): Loss=0.6528, Rho=3.950468, Grad_norm=0.2531, Final_scale=39.5047
🚀 APPLYING GUIDANCE at step 21 (timestep=805)
🎯 GUIDANCE STEP 21 (t=805): Loss=0.6533, Rho=2.696608, Grad_norm=0.3708, Final_scale=26.9661
🚀 APPLYING GUIDANCE at step 22 (timestep=792)
🎯 GUIDANCE STEP 22 (t=792): Loss=0.6499, Rho=0.917542, Grad_norm=1.0899, Final_scale=9.1754
🚀 APPLYING GUIDANCE at step 23 (timestep=778)
🎯 GUIDANCE STEP 23 (t=778): Loss=0.6460, Rho=8.719613, Grad_norm=0.1147, Final_scale=87.1961
🚀 APPLYING GUIDANCE at step 24 (timestep=764)
🎯 GUIDANCE STEP 24 (t=764): Loss=0.6494, Rho=6.619546, Grad_norm=0.1511, Final_scale=66.1955
🚀 APPLYING GUIDANCE at step 25 (timestep=749)
🎯 GUIDANCE STEP 25 (t=749): Loss=0.6445, Rho=5.367267, Grad_norm=0.1863, Final_scale=53.6727
🚀 APPLYING GUIDANCE at step 26 (timestep=734)
🎯 GUIDANCE STEP 26 (t=734): Loss=0.6494, Rho=4.665040, Grad_norm=0.2144, Final_scale=46.6504
🚀 APPLYING GUIDANCE at step 27 (timestep=718)
🎯 GUIDANCE STEP 27 (t=718): Loss=0.6475, Rho=6.938471, Grad_norm=0.1441, Final_scale=69.3847
🚀 APPLYING GUIDANCE at step 28 (timestep=701)
🎯 GUIDANCE STEP 28 (t=701): Loss=0.6465, Rho=12.886298, Grad_norm=0.0776, Final_scale=128.8630
🚀 APPLYING GUIDANCE at step 29 (timestep=684)
🎯 GUIDANCE STEP 29 (t=684): Loss=0.6470, Rho=14.653661, Grad_norm=0.0682, Final_scale=146.5366
🚀 APPLYING GUIDANCE at step 30 (timestep=666)
🎯 GUIDANCE STEP 30 (t=666): Loss=0.6499, Rho=3.094204, Grad_norm=0.3232, Final_scale=30.9420
🚀 APPLYING GUIDANCE at step 31 (timestep=647)
🎯 GUIDANCE STEP 31 (t=647): Loss=0.6528, Rho=14.160173, Grad_norm=0.0706, Final_scale=141.6017
🚀 APPLYING GUIDANCE at step 32 (timestep=627)
🎯 GUIDANCE STEP 32 (t=627): Loss=0.6494, Rho=11.641954, Grad_norm=0.0859, Final_scale=116.4195
🚀 APPLYING GUIDANCE at step 33 (timestep=606)
🎯 GUIDANCE STEP 33 (t=606): Loss=0.6523, Rho=6.899687, Grad_norm=0.1449, Final_scale=68.9969
🚀 APPLYING GUIDANCE at step 34 (timestep=585)
🎯 GUIDANCE STEP 34 (t=585): Loss=0.6548, Rho=18.066271, Grad_norm=0.0554, Final_scale=180.6627
🚀 APPLYING GUIDANCE at step 35 (timestep=562)
🎯 GUIDANCE STEP 35 (t=562): Loss=0.6523, Rho=14.995533, Grad_norm=0.0667, Final_scale=149.9553
🚀 APPLYING GUIDANCE at step 36 (timestep=538)
🎯 GUIDANCE STEP 36 (t=538): Loss=0.6533, Rho=17.840370, Grad_norm=0.0561, Final_scale=178.4037
🚀 APPLYING GUIDANCE at step 37 (timestep=512)
🎯 GUIDANCE STEP 37 (t=512): Loss=0.6523, Rho=11.087690, Grad_norm=0.0902, Final_scale=110.8769
🚀 APPLYING GUIDANCE at step 38 (timestep=486)
🎯 GUIDANCE STEP 38 (t=486): Loss=0.6489, Rho=28.969683, Grad_norm=0.0345, Final_scale=289.6968
🚀 APPLYING GUIDANCE at step 39 (timestep=458)
🎯 GUIDANCE STEP 39 (t=458): Loss=0.6494, Rho=17.116375, Grad_norm=0.0584, Final_scale=171.1637
🚀 APPLYING GUIDANCE at step 40 (timestep=428)
🎯 GUIDANCE STEP 40 (t=428): Loss=0.6489, Rho=8.880345, Grad_norm=0.1126, Final_scale=88.8035
🚀 APPLYING GUIDANCE at step 41 (timestep=396)
🎯 GUIDANCE STEP 41 (t=396): Loss=0.6528, Rho=10.723171, Grad_norm=0.0933, Final_scale=107.2317
🚀 APPLYING GUIDANCE at step 42 (timestep=363)
🎯 GUIDANCE STEP 42 (t=363): Loss=0.6528, Rho=10.386838, Grad_norm=0.0963, Final_scale=103.8684
🚀 APPLYING GUIDANCE at step 43 (timestep=327)
🎯 GUIDANCE STEP 43 (t=327): Loss=0.6519, Rho=19.572947, Grad_norm=0.0511, Final_scale=195.7295
🚀 APPLYING GUIDANCE at step 44 (timestep=290)
🎯 GUIDANCE STEP 44 (t=290): Loss=0.6558, Rho=26.787399, Grad_norm=0.0373, Final_scale=267.8740
🚀 APPLYING GUIDANCE at step 45 (timestep=249)
🎯 GUIDANCE STEP 45 (t=249): Loss=0.6504, Rho=26.514856, Grad_norm=0.0377, Final_scale=265.1486
🚀 APPLYING GUIDANCE at step 46 (timestep=206)
🎯 GUIDANCE STEP 46 (t=206): Loss=0.6504, Rho=24.884033, Grad_norm=0.0402, Final_scale=248.8403
🚀 APPLYING GUIDANCE at step 47 (timestep=160)
🎯 GUIDANCE STEP 47 (t=160): Loss=0.6470, Rho=29.313021, Grad_norm=0.0341, Final_scale=293.1302
🚀 APPLYING GUIDANCE at step 48 (timestep=111)
🎯 GUIDANCE STEP 48 (t=111): Loss=0.6450, Rho=25.680885, Grad_norm=0.0389, Final_scale=256.8089
🚀 APPLYING GUIDANCE at step 49 (timestep=57)
🎯 GUIDANCE STEP 49 (t=57): Loss=0.6440, Rho=12.410869, Grad_norm=0.0806, Final_scale=124.1087
[guidance_f33_s50_w8c6_rho10.0_cfg5.0_0701_1608] Generated: generated_videos/subject_consistency/guidance_f33_s50_w8c6_rho10.0_cfg5.0_0701_1608/a_motorcycle_slowing_down_to_stop.mp4
[guidance_f33_s50_w8c6_rho10.0_cfg5.0_0701_1608] Experiment completed! Results saved to: generated_videos/subject_consistency/guidance_f33_s50_w8c6_rho10.0_cfg5.0_0701_1608
🚀 APPLYING GUIDANCE at step 0 (timestep=999)
🎯 GUIDANCE STEP 0 (t=999): Loss=0.5391, Rho=10.856090, Grad_norm=0.0921, Final_scale=108.5609
🚀 APPLYING GUIDANCE at step 1 (timestep=992)
🎯 GUIDANCE STEP 1 (t=992): Loss=0.5425, Rho=21.751410, Grad_norm=0.0460, Final_scale=217.5141
🚀 APPLYING GUIDANCE at step 2 (timestep=985)
🎯 GUIDANCE STEP 2 (t=985): Loss=0.5762, Rho=3.915222, Grad_norm=0.2554, Final_scale=39.1522
🚀 APPLYING GUIDANCE at step 3 (timestep=978)
🎯 GUIDANCE STEP 3 (t=978): Loss=0.6055, Rho=14.762580, Grad_norm=0.0677, Final_scale=147.6258
🚀 APPLYING GUIDANCE at step 4 (timestep=971)
🎯 GUIDANCE STEP 4 (t=971): Loss=0.6035, Rho=8.420156, Grad_norm=0.1188, Final_scale=84.2016
🚀 APPLYING GUIDANCE at step 5 (timestep=963)
🎯 GUIDANCE STEP 5 (t=963): Loss=0.6123, Rho=9.710887, Grad_norm=0.1030, Final_scale=97.1089
🚀 APPLYING GUIDANCE at step 6 (timestep=956)
🎯 GUIDANCE STEP 6 (t=956): Loss=0.6060, Rho=11.809154, Grad_norm=0.0847, Final_scale=118.0915
🚀 APPLYING GUIDANCE at step 7 (timestep=948)
🎯 GUIDANCE STEP 7 (t=948): Loss=0.6104, Rho=0.749460, Grad_norm=1.3343, Final_scale=7.4946
🚀 APPLYING GUIDANCE at step 8 (timestep=939)
🎯 GUIDANCE STEP 8 (t=939): Loss=0.6084, Rho=8.027344, Grad_norm=0.1246, Final_scale=80.2734
🚀 APPLYING GUIDANCE at step 9 (timestep=931)
🎯 GUIDANCE STEP 9 (t=931): Loss=0.6064, Rho=5.743173, Grad_norm=0.1741, Final_scale=57.4317
🚀 APPLYING GUIDANCE at step 10 (timestep=922)
🎯 GUIDANCE STEP 10 (t=922): Loss=0.6147, Rho=11.178761, Grad_norm=0.0895, Final_scale=111.7876
🚀 APPLYING GUIDANCE at step 11 (timestep=913)
🎯 GUIDANCE STEP 11 (t=913): Loss=0.6152, Rho=8.250732, Grad_norm=0.1212, Final_scale=82.5073
🚀 APPLYING GUIDANCE at step 12 (timestep=904)
🎯 GUIDANCE STEP 12 (t=904): Loss=0.6123, Rho=18.588009, Grad_norm=0.0538, Final_scale=185.8801
🚀 APPLYING GUIDANCE at step 13 (timestep=894)
🎯 GUIDANCE STEP 13 (t=894): Loss=0.6118, Rho=15.082543, Grad_norm=0.0663, Final_scale=150.8254
🚀 APPLYING GUIDANCE at step 14 (timestep=884)
🎯 GUIDANCE STEP 14 (t=884): Loss=0.6069, Rho=18.243223, Grad_norm=0.0548, Final_scale=182.4322
🚀 APPLYING GUIDANCE at step 15 (timestep=874)
🎯 GUIDANCE STEP 15 (t=874): Loss=0.6123, Rho=18.024771, Grad_norm=0.0555, Final_scale=180.2477
🚀 APPLYING GUIDANCE at step 16 (timestep=864)
🎯 GUIDANCE STEP 16 (t=864): Loss=0.6157, Rho=2.886971, Grad_norm=0.3464, Final_scale=28.8697
🚀 APPLYING GUIDANCE at step 17 (timestep=853)
🎯 GUIDANCE STEP 17 (t=853): Loss=0.6143, Rho=11.913195, Grad_norm=0.0839, Final_scale=119.1319
🚀 APPLYING GUIDANCE at step 18 (timestep=841)
🎯 GUIDANCE STEP 18 (t=841): Loss=0.6162, Rho=11.329289, Grad_norm=0.0883, Final_scale=113.2929
🚀 APPLYING GUIDANCE at step 19 (timestep=829)
🎯 GUIDANCE STEP 19 (t=829): Loss=0.6172, Rho=9.877878, Grad_norm=0.1012, Final_scale=98.7788
🚀 APPLYING GUIDANCE at step 20 (timestep=817)
🎯 GUIDANCE STEP 20 (t=817): Loss=0.6265, Rho=11.072723, Grad_norm=0.0903, Final_scale=110.7272
🚀 APPLYING GUIDANCE at step 21 (timestep=805)
🎯 GUIDANCE STEP 21 (t=805): Loss=0.6113, Rho=9.850664, Grad_norm=0.1015, Final_scale=98.5066
🚀 APPLYING GUIDANCE at step 22 (timestep=792)
🎯 GUIDANCE STEP 22 (t=792): Loss=0.6235, Rho=9.060821, Grad_norm=0.1104, Final_scale=90.6082
🚀 APPLYING GUIDANCE at step 23 (timestep=778)
🎯 GUIDANCE STEP 23 (t=778): Loss=0.6201, Rho=14.030427, Grad_norm=0.0713, Final_scale=140.3043
🚀 APPLYING GUIDANCE at step 24 (timestep=764)
🎯 GUIDANCE STEP 24 (t=764): Loss=0.6191, Rho=19.488230, Grad_norm=0.0513, Final_scale=194.8823
🚀 APPLYING GUIDANCE at step 25 (timestep=749)
🎯 GUIDANCE STEP 25 (t=749): Loss=0.6187, Rho=16.083431, Grad_norm=0.0622, Final_scale=160.8343
🚀 APPLYING GUIDANCE at step 26 (timestep=734)
🎯 GUIDANCE STEP 26 (t=734): Loss=0.6143, Rho=11.042209, Grad_norm=0.0906, Final_scale=110.4221
🚀 APPLYING GUIDANCE at step 27 (timestep=718)
🎯 GUIDANCE STEP 27 (t=718): Loss=0.6187, Rho=20.978952, Grad_norm=0.0477, Final_scale=209.7895
🚀 APPLYING GUIDANCE at step 28 (timestep=701)
🎯 GUIDANCE STEP 28 (t=701): Loss=0.6187, Rho=14.075912, Grad_norm=0.0710, Final_scale=140.7591
🚀 APPLYING GUIDANCE at step 29 (timestep=684)
🎯 GUIDANCE STEP 29 (t=684): Loss=0.6172, Rho=13.755902, Grad_norm=0.0727, Final_scale=137.5590
🚀 APPLYING GUIDANCE at step 30 (timestep=666)
🎯 GUIDANCE STEP 30 (t=666): Loss=0.6177, Rho=19.861391, Grad_norm=0.0503, Final_scale=198.6139
🚀 APPLYING GUIDANCE at step 31 (timestep=647)
🎯 GUIDANCE STEP 31 (t=647): Loss=0.6172, Rho=15.157827, Grad_norm=0.0660, Final_scale=151.5783
🚀 APPLYING GUIDANCE at step 32 (timestep=627)
🎯 GUIDANCE STEP 32 (t=627): Loss=0.6152, Rho=22.118063, Grad_norm=0.0452, Final_scale=221.1806
🚀 APPLYING GUIDANCE at step 33 (timestep=606)
🎯 GUIDANCE STEP 33 (t=606): Loss=0.6123, Rho=20.344494, Grad_norm=0.0492, Final_scale=203.4449
🚀 APPLYING GUIDANCE at step 34 (timestep=585)
🎯 GUIDANCE STEP 34 (t=585): Loss=0.6123, Rho=20.138943, Grad_norm=0.0497, Final_scale=201.3894
🚀 APPLYING GUIDANCE at step 35 (timestep=562)
🎯 GUIDANCE STEP 35 (t=562): Loss=0.6128, Rho=33.476223, Grad_norm=0.0299, Final_scale=334.7622
🚀 APPLYING GUIDANCE at step 36 (timestep=538)
🎯 GUIDANCE STEP 36 (t=538): Loss=0.6138, Rho=25.989668, Grad_norm=0.0385, Final_scale=259.8967
🚀 APPLYING GUIDANCE at step 37 (timestep=512)
🎯 GUIDANCE STEP 37 (t=512): Loss=0.6099, Rho=33.146820, Grad_norm=0.0302, Final_scale=331.4682
🚀 APPLYING GUIDANCE at step 38 (timestep=486)
🎯 GUIDANCE STEP 38 (t=486): Loss=0.6133, Rho=13.510787, Grad_norm=0.0740, Final_scale=135.1079
🚀 APPLYING GUIDANCE at step 39 (timestep=458)
🎯 GUIDANCE STEP 39 (t=458): Loss=0.6143, Rho=28.376019, Grad_norm=0.0352, Final_scale=283.7602
🚀 APPLYING GUIDANCE at step 40 (timestep=428)
🎯 GUIDANCE STEP 40 (t=428): Loss=0.6108, Rho=38.921890, Grad_norm=0.0257, Final_scale=389.2189
🚀 APPLYING GUIDANCE at step 41 (timestep=396)
🎯 GUIDANCE STEP 41 (t=396): Loss=0.6143, Rho=33.339695, Grad_norm=0.0300, Final_scale=333.3969
🚀 APPLYING GUIDANCE at step 42 (timestep=363)
🎯 GUIDANCE STEP 42 (t=363): Loss=0.6123, Rho=12.465411, Grad_norm=0.0802, Final_scale=124.6541
🚀 APPLYING GUIDANCE at step 43 (timestep=327)
🎯 GUIDANCE STEP 43 (t=327): Loss=0.6113, Rho=8.552011, Grad_norm=0.1169, Final_scale=85.5201
🚀 APPLYING GUIDANCE at step 44 (timestep=290)
🎯 GUIDANCE STEP 44 (t=290): Loss=0.6113, Rho=21.284815, Grad_norm=0.0470, Final_scale=212.8481
🚀 APPLYING GUIDANCE at step 45 (timestep=249)
🎯 GUIDANCE STEP 45 (t=249): Loss=0.6123, Rho=31.845514, Grad_norm=0.0314, Final_scale=318.4551
🚀 APPLYING GUIDANCE at step 46 (timestep=206)
🎯 GUIDANCE STEP 46 (t=206): Loss=0.6118, Rho=40.432091, Grad_norm=0.0247, Final_scale=404.3209
🚀 APPLYING GUIDANCE at step 47 (timestep=160)
🎯 GUIDANCE STEP 47 (t=160): Loss=0.6118, Rho=34.687500, Grad_norm=0.0288, Final_scale=346.8750
🚀 APPLYING GUIDANCE at step 48 (timestep=111)
🎯 GUIDANCE STEP 48 (t=111): Loss=0.6147, Rho=20.045683, Grad_norm=0.0499, Final_scale=200.4568
🚀 APPLYING GUIDANCE at step 49 (timestep=57)
🎯 GUIDANCE STEP 49 (t=57): Loss=0.6172, Rho=17.374426, Grad_norm=0.0576, Final_scale=173.7443
[guidance_f33_s50_w8c6_rho10.0_cfg5.0_0701_1608] Generated: generated_videos/subject_consistency/guidance_f33_s50_w8c6_rho10.0_cfg5.0_0701_1608/a_bicycle_gliding_through_a_snowy_field.mp4
[guidance_f33_s50_w8c6_rho10.0_cfg5.0_0701_1608] Experiment completed! Results saved to: generated_videos/subject_consistency/guidance_f33_s50_w8c6_rho10.0_cfg5.0_0701_1608
🚀 APPLYING GUIDANCE at step 0 (timestep=999)
🎯 GUIDANCE STEP 0 (t=999): Loss=0.5469, Rho=24.349010, Grad_norm=0.0411, Final_scale=243.4901
🚀 APPLYING GUIDANCE at step 1 (timestep=992)
🎯 GUIDANCE STEP 1 (t=992): Loss=0.5410, Rho=25.824106, Grad_norm=0.0387, Final_scale=258.2411
🚀 APPLYING GUIDANCE at step 2 (timestep=985)
🎯 GUIDANCE STEP 2 (t=985): Loss=0.5435, Rho=11.528197, Grad_norm=0.0867, Final_scale=115.2820
🚀 APPLYING GUIDANCE at step 3 (timestep=978)
🎯 GUIDANCE STEP 3 (t=978): Loss=0.5542, Rho=18.477482, Grad_norm=0.0541, Final_scale=184.7748
🚀 APPLYING GUIDANCE at step 4 (timestep=971)
🎯 GUIDANCE STEP 4 (t=971): Loss=0.5742, Rho=15.186278, Grad_norm=0.0658, Final_scale=151.8628
🚀 APPLYING GUIDANCE at step 5 (timestep=963)
🎯 GUIDANCE STEP 5 (t=963): Loss=0.5771, Rho=22.589609, Grad_norm=0.0443, Final_scale=225.8961
🚀 APPLYING GUIDANCE at step 6 (timestep=956)
🎯 GUIDANCE STEP 6 (t=956): Loss=0.5854, Rho=13.877582, Grad_norm=0.0721, Final_scale=138.7758
🚀 APPLYING GUIDANCE at step 7 (timestep=948)
🎯 GUIDANCE STEP 7 (t=948): Loss=0.5884, Rho=11.405845, Grad_norm=0.0877, Final_scale=114.0584
🚀 APPLYING GUIDANCE at step 8 (timestep=939)
🎯 GUIDANCE STEP 8 (t=939): Loss=0.6035, Rho=9.228377, Grad_norm=0.1084, Final_scale=92.2838
🚀 APPLYING GUIDANCE at step 9 (timestep=931)
🎯 GUIDANCE STEP 9 (t=931): Loss=0.6187, Rho=1.939847, Grad_norm=0.5155, Final_scale=19.3985
🚀 APPLYING GUIDANCE at step 10 (timestep=922)
🎯 GUIDANCE STEP 10 (t=922): Loss=0.6274, Rho=6.059762, Grad_norm=0.1650, Final_scale=60.5976
🚀 APPLYING GUIDANCE at step 11 (timestep=913)
🎯 GUIDANCE STEP 11 (t=913): Loss=0.6284, Rho=4.212346, Grad_norm=0.2374, Final_scale=42.1235
🚀 APPLYING GUIDANCE at step 12 (timestep=904)
🎯 GUIDANCE STEP 12 (t=904): Loss=0.6299, Rho=6.493883, Grad_norm=0.1540, Final_scale=64.9388
🚀 APPLYING GUIDANCE at step 13 (timestep=894)
🎯 GUIDANCE STEP 13 (t=894): Loss=0.6299, Rho=13.013680, Grad_norm=0.0768, Final_scale=130.1368
🚀 APPLYING GUIDANCE at step 14 (timestep=884)
🎯 GUIDANCE STEP 14 (t=884): Loss=0.6323, Rho=9.038245, Grad_norm=0.1106, Final_scale=90.3825
🚀 APPLYING GUIDANCE at step 15 (timestep=874)
🎯 GUIDANCE STEP 15 (t=874): Loss=0.6299, Rho=9.237144, Grad_norm=0.1083, Final_scale=92.3714
🚀 APPLYING GUIDANCE at step 16 (timestep=864)
🎯 GUIDANCE STEP 16 (t=864): Loss=0.6304, Rho=8.845041, Grad_norm=0.1131, Final_scale=88.4504
🚀 APPLYING GUIDANCE at step 17 (timestep=853)
🎯 GUIDANCE STEP 17 (t=853): Loss=0.6304, Rho=5.852401, Grad_norm=0.1709, Final_scale=58.5240
🚀 APPLYING GUIDANCE at step 18 (timestep=841)
🎯 GUIDANCE STEP 18 (t=841): Loss=0.6309, Rho=7.156475, Grad_norm=0.1397, Final_scale=71.5648
🚀 APPLYING GUIDANCE at step 19 (timestep=829)
🎯 GUIDANCE STEP 19 (t=829): Loss=0.6294, Rho=3.934952, Grad_norm=0.2541, Final_scale=39.3495
🚀 APPLYING GUIDANCE at step 20 (timestep=817)
🎯 GUIDANCE STEP 20 (t=817): Loss=0.6318, Rho=2.518971, Grad_norm=0.3970, Final_scale=25.1897
🚀 APPLYING GUIDANCE at step 21 (timestep=805)
🎯 GUIDANCE STEP 21 (t=805): Loss=0.6289, Rho=6.338900, Grad_norm=0.1578, Final_scale=63.3890
🚀 APPLYING GUIDANCE at step 22 (timestep=792)
🎯 GUIDANCE STEP 22 (t=792): Loss=0.6304, Rho=0.545636, Grad_norm=1.8327, Final_scale=5.4564
🚀 APPLYING GUIDANCE at step 23 (timestep=778)
🎯 GUIDANCE STEP 23 (t=778): Loss=0.6289, Rho=10.092110, Grad_norm=0.0991, Final_scale=100.9211
🚀 APPLYING GUIDANCE at step 24 (timestep=764)
🎯 GUIDANCE STEP 24 (t=764): Loss=0.6294, Rho=3.194540, Grad_norm=0.3130, Final_scale=31.9454
🚀 APPLYING GUIDANCE at step 25 (timestep=749)
🎯 GUIDANCE STEP 25 (t=749): Loss=0.6304, Rho=4.619275, Grad_norm=0.2165, Final_scale=46.1927
🚀 APPLYING GUIDANCE at step 26 (timestep=734)
🎯 GUIDANCE STEP 26 (t=734): Loss=0.6284, Rho=9.054361, Grad_norm=0.1104, Final_scale=90.5436
🚀 APPLYING GUIDANCE at step 27 (timestep=718)
🎯 GUIDANCE STEP 27 (t=718): Loss=0.6294, Rho=3.337679, Grad_norm=0.2996, Final_scale=33.3768
🚀 APPLYING GUIDANCE at step 28 (timestep=701)
🎯 GUIDANCE STEP 28 (t=701): Loss=0.6284, Rho=6.792229, Grad_norm=0.1472, Final_scale=67.9223
🚀 APPLYING GUIDANCE at step 29 (timestep=684)
🎯 GUIDANCE STEP 29 (t=684): Loss=0.6309, Rho=7.690397, Grad_norm=0.1300, Final_scale=76.9040
🚀 APPLYING GUIDANCE at step 30 (timestep=666)
🎯 GUIDANCE STEP 30 (t=666): Loss=0.6279, Rho=3.178819, Grad_norm=0.3146, Final_scale=31.7882
🚀 APPLYING GUIDANCE at step 31 (timestep=647)
🎯 GUIDANCE STEP 31 (t=647): Loss=0.6323, Rho=8.841388, Grad_norm=0.1131, Final_scale=88.4139
🚀 APPLYING GUIDANCE at step 32 (timestep=627)
🎯 GUIDANCE STEP 32 (t=627): Loss=0.6265, Rho=8.863189, Grad_norm=0.1128, Final_scale=88.6319
🚀 APPLYING GUIDANCE at step 33 (timestep=606)
🎯 GUIDANCE STEP 33 (t=606): Loss=0.6274, Rho=5.514806, Grad_norm=0.1813, Final_scale=55.1481
🚀 APPLYING GUIDANCE at step 34 (timestep=585)
🎯 GUIDANCE STEP 34 (t=585): Loss=0.6230, Rho=5.045456, Grad_norm=0.1982, Final_scale=50.4546
🚀 APPLYING GUIDANCE at step 35 (timestep=562)
🎯 GUIDANCE STEP 35 (t=562): Loss=0.6250, Rho=7.623792, Grad_norm=0.1312, Final_scale=76.2379
🚀 APPLYING GUIDANCE at step 36 (timestep=538)
🎯 GUIDANCE STEP 36 (t=538): Loss=0.6240, Rho=3.758899, Grad_norm=0.2660, Final_scale=37.5890
🚀 APPLYING GUIDANCE at step 37 (timestep=512)
🎯 GUIDANCE STEP 37 (t=512): Loss=0.6270, Rho=2.532604, Grad_norm=0.3949, Final_scale=25.3260
🚀 APPLYING GUIDANCE at step 38 (timestep=486)
🎯 GUIDANCE STEP 38 (t=486): Loss=0.6265, Rho=2.076602, Grad_norm=0.4816, Final_scale=20.7660
🚀 APPLYING GUIDANCE at step 39 (timestep=458)
🎯 GUIDANCE STEP 39 (t=458): Loss=0.6260, Rho=6.119279, Grad_norm=0.1634, Final_scale=61.1928
🚀 APPLYING GUIDANCE at step 40 (timestep=428)
🎯 GUIDANCE STEP 40 (t=428): Loss=0.6294, Rho=5.298023, Grad_norm=0.1887, Final_scale=52.9802
🚀 APPLYING GUIDANCE at step 41 (timestep=396)
🎯 GUIDANCE STEP 41 (t=396): Loss=0.6260, Rho=11.134192, Grad_norm=0.0898, Final_scale=111.3419
🚀 APPLYING GUIDANCE at step 42 (timestep=363)
🎯 GUIDANCE STEP 42 (t=363): Loss=0.6255, Rho=12.773967, Grad_norm=0.0783, Final_scale=127.7397
🚀 APPLYING GUIDANCE at step 43 (timestep=327)
🎯 GUIDANCE STEP 43 (t=327): Loss=0.6274, Rho=21.570879, Grad_norm=0.0464, Final_scale=215.7088
🚀 APPLYING GUIDANCE at step 44 (timestep=290)
🎯 GUIDANCE STEP 44 (t=290): Loss=0.6240, Rho=6.338670, Grad_norm=0.1578, Final_scale=63.3867
🚀 APPLYING GUIDANCE at step 45 (timestep=249)
🎯 GUIDANCE STEP 45 (t=249): Loss=0.6265, Rho=8.011196, Grad_norm=0.1248, Final_scale=80.1120
🚀 APPLYING GUIDANCE at step 46 (timestep=206)
🎯 GUIDANCE STEP 46 (t=206): Loss=0.6250, Rho=10.567017, Grad_norm=0.0946, Final_scale=105.6702
🚀 APPLYING GUIDANCE at step 47 (timestep=160)
🎯 GUIDANCE STEP 47 (t=160): Loss=0.6255, Rho=16.602856, Grad_norm=0.0602, Final_scale=166.0286
🚀 APPLYING GUIDANCE at step 48 (timestep=111)
🎯 GUIDANCE STEP 48 (t=111): Loss=0.6230, Rho=20.896200, Grad_norm=0.0479, Final_scale=208.9620
🚀 APPLYING GUIDANCE at step 49 (timestep=57)
🎯 GUIDANCE STEP 49 (t=57): Loss=0.6221, Rho=11.623814, Grad_norm=0.0860, Final_scale=116.2381
[guidance_f33_s50_w8c6_rho10.0_cfg5.0_0701_1608] Generated: generated_videos/subject_consistency/guidance_f33_s50_w8c6_rho10.0_cfg5.0_0701_1608/a_cat_running_happily.mp4
[guidance_f33_s50_w8c6_rho10.0_cfg5.0_0701_1608] Experiment completed! Results saved to: generated_videos/subject_consistency/guidance_f33_s50_w8c6_rho10.0_cfg5.0_0701_1608
🚀 APPLYING GUIDANCE at step 0 (timestep=999)
🎯 GUIDANCE STEP 0 (t=999): Loss=0.5845, Rho=14.121822, Grad_norm=0.0708, Final_scale=141.2182
🚀 APPLYING GUIDANCE at step 1 (timestep=992)
🎯 GUIDANCE STEP 1 (t=992): Loss=0.5537, Rho=3.654657, Grad_norm=0.2736, Final_scale=36.5466
🚀 APPLYING GUIDANCE at step 2 (timestep=985)
🎯 GUIDANCE STEP 2 (t=985): Loss=0.5713, Rho=7.628092, Grad_norm=0.1311, Final_scale=76.2809
🚀 APPLYING GUIDANCE at step 3 (timestep=978)
🎯 GUIDANCE STEP 3 (t=978): Loss=0.5918, Rho=7.365595, Grad_norm=0.1358, Final_scale=73.6559
🚀 APPLYING GUIDANCE at step 4 (timestep=971)
🎯 GUIDANCE STEP 4 (t=971): Loss=0.5986, Rho=4.226828, Grad_norm=0.2366, Final_scale=42.2683
🚀 APPLYING GUIDANCE at step 5 (timestep=963)
🎯 GUIDANCE STEP 5 (t=963): Loss=0.6133, Rho=13.481840, Grad_norm=0.0742, Final_scale=134.8184
🚀 APPLYING GUIDANCE at step 6 (timestep=956)
🎯 GUIDANCE STEP 6 (t=956): Loss=0.6211, Rho=3.851137, Grad_norm=0.2597, Final_scale=38.5114
🚀 APPLYING GUIDANCE at step 7 (timestep=948)
🎯 GUIDANCE STEP 7 (t=948): Loss=0.6191, Rho=8.050507, Grad_norm=0.1242, Final_scale=80.5051
🚀 APPLYING GUIDANCE at step 8 (timestep=939)
🎯 GUIDANCE STEP 8 (t=939): Loss=0.6216, Rho=8.563341, Grad_norm=0.1168, Final_scale=85.6334
🚀 APPLYING GUIDANCE at step 9 (timestep=931)
🎯 GUIDANCE STEP 9 (t=931): Loss=0.6279, Rho=4.673098, Grad_norm=0.2140, Final_scale=46.7310
🚀 APPLYING GUIDANCE at step 10 (timestep=922)
🎯 GUIDANCE STEP 10 (t=922): Loss=0.6240, Rho=4.567968, Grad_norm=0.2189, Final_scale=45.6797
🚀 APPLYING GUIDANCE at step 11 (timestep=913)
🎯 GUIDANCE STEP 11 (t=913): Loss=0.6313, Rho=8.015392, Grad_norm=0.1248, Final_scale=80.1539
🚀 APPLYING GUIDANCE at step 12 (timestep=904)
🎯 GUIDANCE STEP 12 (t=904): Loss=0.6348, Rho=10.451682, Grad_norm=0.0957, Final_scale=104.5168
🚀 APPLYING GUIDANCE at step 13 (timestep=894)
🎯 GUIDANCE STEP 13 (t=894): Loss=0.6328, Rho=3.599805, Grad_norm=0.2778, Final_scale=35.9981
🚀 APPLYING GUIDANCE at step 14 (timestep=884)
🎯 GUIDANCE STEP 14 (t=884): Loss=0.6318, Rho=6.424269, Grad_norm=0.1557, Final_scale=64.2427
🚀 APPLYING GUIDANCE at step 15 (timestep=874)
🎯 GUIDANCE STEP 15 (t=874): Loss=0.6313, Rho=6.891131, Grad_norm=0.1451, Final_scale=68.9113
🚀 APPLYING GUIDANCE at step 16 (timestep=864)
🎯 GUIDANCE STEP 16 (t=864): Loss=0.6318, Rho=8.481114, Grad_norm=0.1179, Final_scale=84.8111
🚀 APPLYING GUIDANCE at step 17 (timestep=853)
🎯 GUIDANCE STEP 17 (t=853): Loss=0.6284, Rho=9.114741, Grad_norm=0.1097, Final_scale=91.1474
🚀 APPLYING GUIDANCE at step 18 (timestep=841)
🎯 GUIDANCE STEP 18 (t=841): Loss=0.6313, Rho=10.750009, Grad_norm=0.0930, Final_scale=107.5001
🚀 APPLYING GUIDANCE at step 19 (timestep=829)
🎯 GUIDANCE STEP 19 (t=829): Loss=0.6289, Rho=11.049937, Grad_norm=0.0905, Final_scale=110.4994
🚀 APPLYING GUIDANCE at step 20 (timestep=817)
🎯 GUIDANCE STEP 20 (t=817): Loss=0.6284, Rho=9.709594, Grad_norm=0.1030, Final_scale=97.0959
🚀 APPLYING GUIDANCE at step 21 (timestep=805)
🎯 GUIDANCE STEP 21 (t=805): Loss=0.6304, Rho=12.297523, Grad_norm=0.0813, Final_scale=122.9752
🚀 APPLYING GUIDANCE at step 22 (timestep=792)
🎯 GUIDANCE STEP 22 (t=792): Loss=0.6299, Rho=9.197453, Grad_norm=0.1087, Final_scale=91.9745
🚀 APPLYING GUIDANCE at step 23 (timestep=778)
🎯 GUIDANCE STEP 23 (t=778): Loss=0.6323, Rho=10.044933, Grad_norm=0.0996, Final_scale=100.4493
🚀 APPLYING GUIDANCE at step 24 (timestep=764)
🎯 GUIDANCE STEP 24 (t=764): Loss=0.6299, Rho=13.691443, Grad_norm=0.0730, Final_scale=136.9144
🚀 APPLYING GUIDANCE at step 25 (timestep=749)
🎯 GUIDANCE STEP 25 (t=749): Loss=0.6304, Rho=4.775352, Grad_norm=0.2094, Final_scale=47.7535
🚀 APPLYING GUIDANCE at step 26 (timestep=734)
🎯 GUIDANCE STEP 26 (t=734): Loss=0.6304, Rho=10.271323, Grad_norm=0.0974, Final_scale=102.7132
🚀 APPLYING GUIDANCE at step 27 (timestep=718)
🎯 GUIDANCE STEP 27 (t=718): Loss=0.6333, Rho=9.073311, Grad_norm=0.1102, Final_scale=90.7331
🚀 APPLYING GUIDANCE at step 28 (timestep=701)
🎯 GUIDANCE STEP 28 (t=701): Loss=0.6279, Rho=14.607527, Grad_norm=0.0685, Final_scale=146.0753
🚀 APPLYING GUIDANCE at step 29 (timestep=684)
🎯 GUIDANCE STEP 29 (t=684): Loss=0.6299, Rho=14.087445, Grad_norm=0.0710, Final_scale=140.8745
🚀 APPLYING GUIDANCE at step 30 (timestep=666)
🎯 GUIDANCE STEP 30 (t=666): Loss=0.6294, Rho=8.560423, Grad_norm=0.1168, Final_scale=85.6042
🚀 APPLYING GUIDANCE at step 31 (timestep=647)
🎯 GUIDANCE STEP 31 (t=647): Loss=0.6299, Rho=8.094399, Grad_norm=0.1235, Final_scale=80.9440
🚀 APPLYING GUIDANCE at step 32 (timestep=627)
🎯 GUIDANCE STEP 32 (t=627): Loss=0.6265, Rho=3.375218, Grad_norm=0.2963, Final_scale=33.7522
🚀 APPLYING GUIDANCE at step 33 (timestep=606)
🎯 GUIDANCE STEP 33 (t=606): Loss=0.6240, Rho=6.512977, Grad_norm=0.1535, Final_scale=65.1298
🚀 APPLYING GUIDANCE at step 34 (timestep=585)
🎯 GUIDANCE STEP 34 (t=585): Loss=0.6274, Rho=3.495322, Grad_norm=0.2861, Final_scale=34.9532
🚀 APPLYING GUIDANCE at step 35 (timestep=562)
🎯 GUIDANCE STEP 35 (t=562): Loss=0.6279, Rho=10.227398, Grad_norm=0.0978, Final_scale=102.2740
🚀 APPLYING GUIDANCE at step 36 (timestep=538)
🎯 GUIDANCE STEP 36 (t=538): Loss=0.6270, Rho=23.721832, Grad_norm=0.0422, Final_scale=237.2183
🚀 APPLYING GUIDANCE at step 37 (timestep=512)
🎯 GUIDANCE STEP 37 (t=512): Loss=0.6279, Rho=16.327089, Grad_norm=0.0612, Final_scale=163.2709
🚀 APPLYING GUIDANCE at step 38 (timestep=486)
🎯 GUIDANCE STEP 38 (t=486): Loss=0.6284, Rho=16.844107, Grad_norm=0.0594, Final_scale=168.4411
🚀 APPLYING GUIDANCE at step 39 (timestep=458)
🎯 GUIDANCE STEP 39 (t=458): Loss=0.6260, Rho=25.790098, Grad_norm=0.0388, Final_scale=257.9010
🚀 APPLYING GUIDANCE at step 40 (timestep=428)
🎯 GUIDANCE STEP 40 (t=428): Loss=0.6270, Rho=8.863261, Grad_norm=0.1128, Final_scale=88.6326
🚀 APPLYING GUIDANCE at step 41 (timestep=396)
🎯 GUIDANCE STEP 41 (t=396): Loss=0.6270, Rho=15.202224, Grad_norm=0.0658, Final_scale=152.0222
🚀 APPLYING GUIDANCE at step 42 (timestep=363)
🎯 GUIDANCE STEP 42 (t=363): Loss=0.6250, Rho=14.437957, Grad_norm=0.0693, Final_scale=144.3796
🚀 APPLYING GUIDANCE at step 43 (timestep=327)
🎯 GUIDANCE STEP 43 (t=327): Loss=0.6284, Rho=13.144705, Grad_norm=0.0761, Final_scale=131.4470
🚀 APPLYING GUIDANCE at step 44 (timestep=290)
🎯 GUIDANCE STEP 44 (t=290): Loss=0.6260, Rho=26.499340, Grad_norm=0.0377, Final_scale=264.9934
🚀 APPLYING GUIDANCE at step 45 (timestep=249)
🎯 GUIDANCE STEP 45 (t=249): Loss=0.6274, Rho=22.994110, Grad_norm=0.0435, Final_scale=229.9411
🚀 APPLYING GUIDANCE at step 46 (timestep=206)
🎯 GUIDANCE STEP 46 (t=206): Loss=0.6230, Rho=27.329603, Grad_norm=0.0366, Final_scale=273.2960
🚀 APPLYING GUIDANCE at step 47 (timestep=160)
🎯 GUIDANCE STEP 47 (t=160): Loss=0.6226, Rho=26.159531, Grad_norm=0.0382, Final_scale=261.5953
🚀 APPLYING GUIDANCE at step 48 (timestep=111)
🎯 GUIDANCE STEP 48 (t=111): Loss=0.6211, Rho=27.312843, Grad_norm=0.0366, Final_scale=273.1284
🚀 APPLYING GUIDANCE at step 49 (timestep=57)
🎯 GUIDANCE STEP 49 (t=57): Loss=0.6216, Rho=14.956006, Grad_norm=0.0669, Final_scale=149.5601
[guidance_f33_s50_w8c6_rho10.0_cfg5.0_0701_1608] Generated: generated_videos/subject_consistency/guidance_f33_s50_w8c6_rho10.0_cfg5.0_0701_1608/a_bus_accelerating_to_gain_speed.mp4
[guidance_f33_s50_w8c6_rho10.0_cfg5.0_0701_1608] Experiment completed! Results saved to: generated_videos/subject_consistency/guidance_f33_s50_w8c6_rho10.0_cfg5.0_0701_1608
🚀 APPLYING GUIDANCE at step 0 (timestep=999)
🎯 GUIDANCE STEP 0 (t=999): Loss=0.5684, Rho=11.098685, Grad_norm=0.0901, Final_scale=110.9869
🚀 APPLYING GUIDANCE at step 1 (timestep=992)
🎯 GUIDANCE STEP 1 (t=992): Loss=0.5698, Rho=5.936777, Grad_norm=0.1684, Final_scale=59.3678
🚀 APPLYING GUIDANCE at step 2 (timestep=985)
🎯 GUIDANCE STEP 2 (t=985): Loss=0.5898, Rho=8.401632, Grad_norm=0.1190, Final_scale=84.0163
🚀 APPLYING GUIDANCE at step 3 (timestep=978)
🎯 GUIDANCE STEP 3 (t=978): Loss=0.6040, Rho=13.589282, Grad_norm=0.0736, Final_scale=135.8928
🚀 APPLYING GUIDANCE at step 4 (timestep=971)
🎯 GUIDANCE STEP 4 (t=971): Loss=0.6211, Rho=7.560833, Grad_norm=0.1323, Final_scale=75.6083
🚀 APPLYING GUIDANCE at step 5 (timestep=963)
🎯 GUIDANCE STEP 5 (t=963): Loss=0.6206, Rho=12.623942, Grad_norm=0.0792, Final_scale=126.2394
🚀 APPLYING GUIDANCE at step 6 (timestep=956)
🎯 GUIDANCE STEP 6 (t=956): Loss=0.6255, Rho=6.128329, Grad_norm=0.1632, Final_scale=61.2833
🚀 APPLYING GUIDANCE at step 7 (timestep=948)
🎯 GUIDANCE STEP 7 (t=948): Loss=0.6304, Rho=4.258362, Grad_norm=0.2348, Final_scale=42.5836
🚀 APPLYING GUIDANCE at step 8 (timestep=939)
🎯 GUIDANCE STEP 8 (t=939): Loss=0.6289, Rho=1.508960, Grad_norm=0.6627, Final_scale=15.0896
🚀 APPLYING GUIDANCE at step 9 (timestep=931)
🎯 GUIDANCE STEP 9 (t=931): Loss=0.6299, Rho=3.268145, Grad_norm=0.3060, Final_scale=32.6814
🚀 APPLYING GUIDANCE at step 10 (timestep=922)
🎯 GUIDANCE STEP 10 (t=922): Loss=0.6338, Rho=5.331524, Grad_norm=0.1876, Final_scale=53.3152
🚀 APPLYING GUIDANCE at step 11 (timestep=913)
🎯 GUIDANCE STEP 11 (t=913): Loss=0.6353, Rho=4.259489, Grad_norm=0.2348, Final_scale=42.5949
🚀 APPLYING GUIDANCE at step 12 (timestep=904)
🎯 GUIDANCE STEP 12 (t=904): Loss=0.6304, Rho=11.856485, Grad_norm=0.0843, Final_scale=118.5649
🚀 APPLYING GUIDANCE at step 13 (timestep=894)
🎯 GUIDANCE STEP 13 (t=894): Loss=0.6328, Rho=3.521709, Grad_norm=0.2840, Final_scale=35.2171
🚀 APPLYING GUIDANCE at step 14 (timestep=884)
🎯 GUIDANCE STEP 14 (t=884): Loss=0.6338, Rho=3.517129, Grad_norm=0.2843, Final_scale=35.1713
🚀 APPLYING GUIDANCE at step 15 (timestep=874)
🎯 GUIDANCE STEP 15 (t=874): Loss=0.6299, Rho=1.351754, Grad_norm=0.7398, Final_scale=13.5175
🚀 APPLYING GUIDANCE at step 16 (timestep=864)
🎯 GUIDANCE STEP 16 (t=864): Loss=0.6299, Rho=8.778901, Grad_norm=0.1139, Final_scale=87.7890
🚀 APPLYING GUIDANCE at step 17 (timestep=853)
🎯 GUIDANCE STEP 17 (t=853): Loss=0.6309, Rho=8.650745, Grad_norm=0.1156, Final_scale=86.5075
🚀 APPLYING GUIDANCE at step 18 (timestep=841)
🎯 GUIDANCE STEP 18 (t=841): Loss=0.6343, Rho=4.393098, Grad_norm=0.2276, Final_scale=43.9310
🚀 APPLYING GUIDANCE at step 19 (timestep=829)
🎯 GUIDANCE STEP 19 (t=829): Loss=0.6323, Rho=11.623891, Grad_norm=0.0860, Final_scale=116.2389
🚀 APPLYING GUIDANCE at step 20 (timestep=817)
🎯 GUIDANCE STEP 20 (t=817): Loss=0.6338, Rho=7.249867, Grad_norm=0.1379, Final_scale=72.4987
🚀 APPLYING GUIDANCE at step 21 (timestep=805)
🎯 GUIDANCE STEP 21 (t=805): Loss=0.6313, Rho=6.161066, Grad_norm=0.1623, Final_scale=61.6107
🚀 APPLYING GUIDANCE at step 22 (timestep=792)
🎯 GUIDANCE STEP 22 (t=792): Loss=0.6338, Rho=10.625403, Grad_norm=0.0941, Final_scale=106.2540
🚀 APPLYING GUIDANCE at step 23 (timestep=778)
🎯 GUIDANCE STEP 23 (t=778): Loss=0.6357, Rho=6.156129, Grad_norm=0.1624, Final_scale=61.5613
🚀 APPLYING GUIDANCE at step 24 (timestep=764)
🎯 GUIDANCE STEP 24 (t=764): Loss=0.6338, Rho=9.754609, Grad_norm=0.1025, Final_scale=97.5461
🚀 APPLYING GUIDANCE at step 25 (timestep=749)
🎯 GUIDANCE STEP 25 (t=749): Loss=0.6343, Rho=19.492037, Grad_norm=0.0513, Final_scale=194.9204
🚀 APPLYING GUIDANCE at step 26 (timestep=734)
🎯 GUIDANCE STEP 26 (t=734): Loss=0.6309, Rho=8.499790, Grad_norm=0.1176, Final_scale=84.9979
🚀 APPLYING GUIDANCE at step 27 (timestep=718)
🎯 GUIDANCE STEP 27 (t=718): Loss=0.6353, Rho=19.562893, Grad_norm=0.0511, Final_scale=195.6289
🚀 APPLYING GUIDANCE at step 28 (timestep=701)
🎯 GUIDANCE STEP 28 (t=701): Loss=0.6348, Rho=15.734788, Grad_norm=0.0636, Final_scale=157.3479
🚀 APPLYING GUIDANCE at step 29 (timestep=684)
🎯 GUIDANCE STEP 29 (t=684): Loss=0.6343, Rho=9.277178, Grad_norm=0.1078, Final_scale=92.7718
🚀 APPLYING GUIDANCE at step 30 (timestep=666)
🎯 GUIDANCE STEP 30 (t=666): Loss=0.6348, Rho=21.115980, Grad_norm=0.0474, Final_scale=211.1598
🚀 APPLYING GUIDANCE at step 31 (timestep=647)
🎯 GUIDANCE STEP 31 (t=647): Loss=0.6367, Rho=23.304762, Grad_norm=0.0429, Final_scale=233.0476
🚀 APPLYING GUIDANCE at step 32 (timestep=627)
🎯 GUIDANCE STEP 32 (t=627): Loss=0.6343, Rho=25.489382, Grad_norm=0.0392, Final_scale=254.8938
🚀 APPLYING GUIDANCE at step 33 (timestep=606)
🎯 GUIDANCE STEP 33 (t=606): Loss=0.6343, Rho=21.680077, Grad_norm=0.0461, Final_scale=216.8008
🚀 APPLYING GUIDANCE at step 34 (timestep=585)
🎯 GUIDANCE STEP 34 (t=585): Loss=0.6343, Rho=12.369911, Grad_norm=0.0808, Final_scale=123.6991
🚀 APPLYING GUIDANCE at step 35 (timestep=562)
🎯 GUIDANCE STEP 35 (t=562): Loss=0.6357, Rho=19.412762, Grad_norm=0.0515, Final_scale=194.1276
🚀 APPLYING GUIDANCE at step 36 (timestep=538)
🎯 GUIDANCE STEP 36 (t=538): Loss=0.6333, Rho=13.858685, Grad_norm=0.0722, Final_scale=138.5869
🚀 APPLYING GUIDANCE at step 37 (timestep=512)
🎯 GUIDANCE STEP 37 (t=512): Loss=0.6328, Rho=18.833677, Grad_norm=0.0531, Final_scale=188.3368
🚀 APPLYING GUIDANCE at step 38 (timestep=486)
🎯 GUIDANCE STEP 38 (t=486): Loss=0.6338, Rho=17.083010, Grad_norm=0.0585, Final_scale=170.8301
🚀 APPLYING GUIDANCE at step 39 (timestep=458)
🎯 GUIDANCE STEP 39 (t=458): Loss=0.6343, Rho=5.592101, Grad_norm=0.1788, Final_scale=55.9210
🚀 APPLYING GUIDANCE at step 40 (timestep=428)
🎯 GUIDANCE STEP 40 (t=428): Loss=0.6333, Rho=27.464230, Grad_norm=0.0364, Final_scale=274.6423
🚀 APPLYING GUIDANCE at step 41 (timestep=396)
🎯 GUIDANCE STEP 41 (t=396): Loss=0.6353, Rho=12.390319, Grad_norm=0.0807, Final_scale=123.9032
🚀 APPLYING GUIDANCE at step 42 (timestep=363)
🎯 GUIDANCE STEP 42 (t=363): Loss=0.6343, Rho=39.321693, Grad_norm=0.0254, Final_scale=393.2169
🚀 APPLYING GUIDANCE at step 43 (timestep=327)
🎯 GUIDANCE STEP 43 (t=327): Loss=0.6328, Rho=29.371185, Grad_norm=0.0340, Final_scale=293.7119
🚀 APPLYING GUIDANCE at step 44 (timestep=290)
🎯 GUIDANCE STEP 44 (t=290): Loss=0.6338, Rho=17.486395, Grad_norm=0.0572, Final_scale=174.8639
🚀 APPLYING GUIDANCE at step 45 (timestep=249)
🎯 GUIDANCE STEP 45 (t=249): Loss=0.6343, Rho=24.347504, Grad_norm=0.0411, Final_scale=243.4750
🚀 APPLYING GUIDANCE at step 46 (timestep=206)
🎯 GUIDANCE STEP 46 (t=206): Loss=0.6323, Rho=18.620623, Grad_norm=0.0537, Final_scale=186.2062
🚀 APPLYING GUIDANCE at step 47 (timestep=160)
🎯 GUIDANCE STEP 47 (t=160): Loss=0.6313, Rho=32.633892, Grad_norm=0.0306, Final_scale=326.3389
🚀 APPLYING GUIDANCE at step 48 (timestep=111)
🎯 GUIDANCE STEP 48 (t=111): Loss=0.6309, Rho=21.237095, Grad_norm=0.0471, Final_scale=212.3709
🚀 APPLYING GUIDANCE at step 49 (timestep=57)
🎯 GUIDANCE STEP 49 (t=57): Loss=0.6318, Rho=18.871471, Grad_norm=0.0530, Final_scale=188.7147
[guidance_f33_s50_w8c6_rho10.0_cfg5.0_0701_1608] Generated: generated_videos/subject_consistency/guidance_f33_s50_w8c6_rho10.0_cfg5.0_0701_1608/a_truck_slowing_down_to_stop.mp4
[guidance_f33_s50_w8c6_rho10.0_cfg5.0_0701_1608] Generating video 8/9 (guidance): a truck accelerating to gain speed
🎬 STARTING GUIDANCE PIPELINE GENERATION
   Frames: 33, Steps: 50, CFG Scale: 5.0

🔧 GUIDANCE PIPELINE CONFIGURATION:
   Guidance range: 0 - 1001
   Rho scale: 10.0
   V-JEPA kernel_size: 8
   V-JEPA context_length: 6
   V-JEPA stride: 2
   V-JEPA mode: max
   Total timesteps: 50

🚀 APPLYING GUIDANCE at step 0 (timestep=999)
🎯 GUIDANCE STEP 0 (t=999): Loss=0.5654, Rho=18.372515, Grad_norm=0.0544, Final_scale=183.7251
🚀 APPLYING GUIDANCE at step 1 (timestep=992)
🎯 GUIDANCE STEP 1 (t=992): Loss=0.5439, Rho=9.857417, Grad_norm=0.1014, Final_scale=98.5742
🚀 APPLYING GUIDANCE at step 2 (timestep=985)
🎯 GUIDANCE STEP 2 (t=985): Loss=0.5562, Rho=12.360428, Grad_norm=0.0809, Final_scale=123.6043
🚀 APPLYING GUIDANCE at step 3 (timestep=978)
🎯 GUIDANCE STEP 3 (t=978): Loss=0.5659, Rho=10.893477, Grad_norm=0.0918, Final_scale=108.9348
🚀 APPLYING GUIDANCE at step 4 (timestep=971)
🎯 GUIDANCE STEP 4 (t=971): Loss=0.5957, Rho=8.808497, Grad_norm=0.1135, Final_scale=88.0850
🚀 APPLYING GUIDANCE at step 5 (timestep=963)
🎯 GUIDANCE STEP 5 (t=963): Loss=0.6162, Rho=13.132651, Grad_norm=0.0761, Final_scale=131.3265
🚀 APPLYING GUIDANCE at step 6 (timestep=956)
🎯 GUIDANCE STEP 6 (t=956): Loss=0.6050, Rho=6.866301, Grad_norm=0.1456, Final_scale=68.6630
🚀 APPLYING GUIDANCE at step 7 (timestep=948)
🎯 GUIDANCE STEP 7 (t=948): Loss=0.6152, Rho=9.153188, Grad_norm=0.1093, Final_scale=91.5319
🚀 APPLYING GUIDANCE at step 8 (timestep=939)
🎯 GUIDANCE STEP 8 (t=939): Loss=0.6055, Rho=11.087882, Grad_norm=0.0902, Final_scale=110.8788
🚀 APPLYING GUIDANCE at step 9 (timestep=931)
🎯 GUIDANCE STEP 9 (t=931): Loss=0.6250, Rho=12.774013, Grad_norm=0.0783, Final_scale=127.7401
🚀 APPLYING GUIDANCE at step 10 (timestep=922)
🎯 GUIDANCE STEP 10 (t=922): Loss=0.6279, Rho=6.674115, Grad_norm=0.1498, Final_scale=66.7411
🚀 APPLYING GUIDANCE at step 11 (timestep=913)
🎯 GUIDANCE STEP 11 (t=913): Loss=0.6274, Rho=8.214569, Grad_norm=0.1217, Final_scale=82.1457
🚀 APPLYING GUIDANCE at step 12 (timestep=904)
🎯 GUIDANCE STEP 12 (t=904): Loss=0.6270, Rho=8.956276, Grad_norm=0.1117, Final_scale=89.5628
🚀 APPLYING GUIDANCE at step 13 (timestep=894)
🎯 GUIDANCE STEP 13 (t=894): Loss=0.6265, Rho=6.938827, Grad_norm=0.1441, Final_scale=69.3883
🚀 APPLYING GUIDANCE at step 14 (timestep=884)
🎯 GUIDANCE STEP 14 (t=884): Loss=0.6309, Rho=6.616812, Grad_norm=0.1511, Final_scale=66.1681
🚀 APPLYING GUIDANCE at step 15 (timestep=874)
🎯 GUIDANCE STEP 15 (t=874): Loss=0.6377, Rho=10.512060, Grad_norm=0.0951, Final_scale=105.1206
🚀 APPLYING GUIDANCE at step 16 (timestep=864)
🎯 GUIDANCE STEP 16 (t=864): Loss=0.6338, Rho=7.812916, Grad_norm=0.1280, Final_scale=78.1292
🚀 APPLYING GUIDANCE at step 17 (timestep=853)
🎯 GUIDANCE STEP 17 (t=853): Loss=0.6304, Rho=14.639967, Grad_norm=0.0683, Final_scale=146.3997
🚀 APPLYING GUIDANCE at step 18 (timestep=841)
🎯 GUIDANCE STEP 18 (t=841): Loss=0.6338, Rho=9.359668, Grad_norm=0.1068, Final_scale=93.5967
🚀 APPLYING GUIDANCE at step 19 (timestep=829)
🎯 GUIDANCE STEP 19 (t=829): Loss=0.6328, Rho=3.699508, Grad_norm=0.2703, Final_scale=36.9951
🚀 APPLYING GUIDANCE at step 20 (timestep=817)
🎯 GUIDANCE STEP 20 (t=817): Loss=0.6323, Rho=10.760250, Grad_norm=0.0929, Final_scale=107.6025
🚀 APPLYING GUIDANCE at step 21 (timestep=805)
🎯 GUIDANCE STEP 21 (t=805): Loss=0.6284, Rho=6.058645, Grad_norm=0.1651, Final_scale=60.5865
🚀 APPLYING GUIDANCE at step 22 (timestep=792)
🎯 GUIDANCE STEP 22 (t=792): Loss=0.6255, Rho=8.123405, Grad_norm=0.1231, Final_scale=81.2340
🚀 APPLYING GUIDANCE at step 23 (timestep=778)
🎯 GUIDANCE STEP 23 (t=778): Loss=0.6265, Rho=15.212950, Grad_norm=0.0657, Final_scale=152.1295
🚀 APPLYING GUIDANCE at step 24 (timestep=764)
🎯 GUIDANCE STEP 24 (t=764): Loss=0.6240, Rho=14.034798, Grad_norm=0.0713, Final_scale=140.3480
🚀 APPLYING GUIDANCE at step 25 (timestep=749)
🎯 GUIDANCE STEP 25 (t=749): Loss=0.6289, Rho=7.768486, Grad_norm=0.1287, Final_scale=77.6849
🚀 APPLYING GUIDANCE at step 26 (timestep=734)
🎯 GUIDANCE STEP 26 (t=734): Loss=0.6245, Rho=13.258052, Grad_norm=0.0754, Final_scale=132.5805
🚀 APPLYING GUIDANCE at step 27 (timestep=718)
🎯 GUIDANCE STEP 27 (t=718): Loss=0.6265, Rho=4.955089, Grad_norm=0.2018, Final_scale=49.5509
🚀 APPLYING GUIDANCE at step 28 (timestep=701)
🎯 GUIDANCE STEP 28 (t=701): Loss=0.6255, Rho=14.961452, Grad_norm=0.0668, Final_scale=149.6145
🚀 APPLYING GUIDANCE at step 29 (timestep=684)
🎯 GUIDANCE STEP 29 (t=684): Loss=0.6294, Rho=13.959321, Grad_norm=0.0716, Final_scale=139.5932
🚀 APPLYING GUIDANCE at step 30 (timestep=666)
🎯 GUIDANCE STEP 30 (t=666): Loss=0.6260, Rho=15.725114, Grad_norm=0.0636, Final_scale=157.2511
🚀 APPLYING GUIDANCE at step 31 (timestep=647)
🎯 GUIDANCE STEP 31 (t=647): Loss=0.6260, Rho=11.154880, Grad_norm=0.0896, Final_scale=111.5488
🚀 APPLYING GUIDANCE at step 32 (timestep=627)
🎯 GUIDANCE STEP 32 (t=627): Loss=0.6255, Rho=10.808071, Grad_norm=0.0925, Final_scale=108.0807
🚀 APPLYING GUIDANCE at step 33 (timestep=606)
🎯 GUIDANCE STEP 33 (t=606): Loss=0.6245, Rho=13.384150, Grad_norm=0.0747, Final_scale=133.8415
🚀 APPLYING GUIDANCE at step 34 (timestep=585)
🎯 GUIDANCE STEP 34 (t=585): Loss=0.6245, Rho=8.295279, Grad_norm=0.1206, Final_scale=82.9528
🚀 APPLYING GUIDANCE at step 35 (timestep=562)
🎯 GUIDANCE STEP 35 (t=562): Loss=0.6284, Rho=12.721181, Grad_norm=0.0786, Final_scale=127.2118
🚀 APPLYING GUIDANCE at step 36 (timestep=538)
🎯 GUIDANCE STEP 36 (t=538): Loss=0.6250, Rho=3.394196, Grad_norm=0.2946, Final_scale=33.9420
🚀 APPLYING GUIDANCE at step 37 (timestep=512)
🎯 GUIDANCE STEP 37 (t=512): Loss=0.6294, Rho=7.016622, Grad_norm=0.1425, Final_scale=70.1662
🚀 APPLYING GUIDANCE at step 38 (timestep=486)
🎯 GUIDANCE STEP 38 (t=486): Loss=0.6279, Rho=7.556685, Grad_norm=0.1323, Final_scale=75.5668
🚀 APPLYING GUIDANCE at step 39 (timestep=458)
🎯 GUIDANCE STEP 39 (t=458): Loss=0.6255, Rho=8.307926, Grad_norm=0.1204, Final_scale=83.0793
🚀 APPLYING GUIDANCE at step 40 (timestep=428)
🎯 GUIDANCE STEP 40 (t=428): Loss=0.6289, Rho=17.489002, Grad_norm=0.0572, Final_scale=174.8900
🚀 APPLYING GUIDANCE at step 41 (timestep=396)
🎯 GUIDANCE STEP 41 (t=396): Loss=0.6235, Rho=10.122007, Grad_norm=0.0988, Final_scale=101.2201
🚀 APPLYING GUIDANCE at step 42 (timestep=363)
🎯 GUIDANCE STEP 42 (t=363): Loss=0.6255, Rho=14.815687, Grad_norm=0.0675, Final_scale=148.1569
🚀 APPLYING GUIDANCE at step 43 (timestep=327)
🎯 GUIDANCE STEP 43 (t=327): Loss=0.6226, Rho=9.300765, Grad_norm=0.1075, Final_scale=93.0077
🚀 APPLYING GUIDANCE at step 44 (timestep=290)
🎯 GUIDANCE STEP 44 (t=290): Loss=0.6279, Rho=14.625778, Grad_norm=0.0684, Final_scale=146.2578
🚀 APPLYING GUIDANCE at step 45 (timestep=249)
🎯 GUIDANCE STEP 45 (t=249): Loss=0.6270, Rho=21.736322, Grad_norm=0.0460, Final_scale=217.3632
🚀 APPLYING GUIDANCE at step 46 (timestep=206)
🎯 GUIDANCE STEP 46 (t=206): Loss=0.6235, Rho=20.898584, Grad_norm=0.0479, Final_scale=208.9858
🚀 APPLYING GUIDANCE at step 47 (timestep=160)
🎯 GUIDANCE STEP 47 (t=160): Loss=0.6216, Rho=24.923275, Grad_norm=0.0401, Final_scale=249.2327
🚀 APPLYING GUIDANCE at step 48 (timestep=111)
🎯 GUIDANCE STEP 48 (t=111): Loss=0.6191, Rho=17.736696, Grad_norm=0.0564, Final_scale=177.3670
🚀 APPLYING GUIDANCE at step 49 (timestep=57)
🎯 GUIDANCE STEP 49 (t=57): Loss=0.6235, Rho=21.239134, Grad_norm=0.0471, Final_scale=212.3913
[guidance_f33_s50_w8c6_rho10.0_cfg5.0_0701_1608] Generated: generated_videos/subject_consistency/guidance_f33_s50_w8c6_rho10.0_cfg5.0_0701_1608/a_horse_taking_a_peaceful_walk.mp4
[guidance_f33_s50_w8c6_rho10.0_cfg5.0_0701_1608] Generating video 8/9 (guidance): a horse running to join a herd of its kind
🎬 STARTING GUIDANCE PIPELINE GENERATION
   Frames: 33, Steps: 50, CFG Scale: 5.0

🔧 GUIDANCE PIPELINE CONFIGURATION:
   Guidance range: 0 - 1001
   Rho scale: 10.0
   V-JEPA kernel_size: 8
   V-JEPA context_length: 6
   V-JEPA stride: 2
   V-JEPA mode: max
   Total timesteps: 50

🚀 APPLYING GUIDANCE at step 0 (timestep=999)
🎯 GUIDANCE STEP 0 (t=999): Loss=0.5977, Rho=13.282695, Grad_norm=0.0753, Final_scale=132.8269
🚀 APPLYING GUIDANCE at step 1 (timestep=992)
🎯 GUIDANCE STEP 1 (t=992): Loss=0.5562, Rho=19.584965, Grad_norm=0.0511, Final_scale=195.8496
🚀 APPLYING GUIDANCE at step 2 (timestep=985)
🎯 GUIDANCE STEP 2 (t=985): Loss=0.5947, Rho=8.606802, Grad_norm=0.1162, Final_scale=86.0680
🚀 APPLYING GUIDANCE at step 3 (timestep=978)
🎯 GUIDANCE STEP 3 (t=978): Loss=0.5952, Rho=10.203930, Grad_norm=0.0980, Final_scale=102.0393
🚀 APPLYING GUIDANCE at step 4 (timestep=971)
🎯 GUIDANCE STEP 4 (t=971): Loss=0.5967, Rho=9.776864, Grad_norm=0.1023, Final_scale=97.7686
🚀 APPLYING GUIDANCE at step 5 (timestep=963)
🎯 GUIDANCE STEP 5 (t=963): Loss=0.6055, Rho=6.239745, Grad_norm=0.1603, Final_scale=62.3974
🚀 APPLYING GUIDANCE at step 6 (timestep=956)
🎯 GUIDANCE STEP 6 (t=956): Loss=0.6060, Rho=9.796965, Grad_norm=0.1021, Final_scale=97.9696
🚀 APPLYING GUIDANCE at step 7 (timestep=948)
🎯 GUIDANCE STEP 7 (t=948): Loss=0.6064, Rho=6.741800, Grad_norm=0.1483, Final_scale=67.4180
🚀 APPLYING GUIDANCE at step 8 (timestep=939)
🎯 GUIDANCE STEP 8 (t=939): Loss=0.6099, Rho=4.054556, Grad_norm=0.2466, Final_scale=40.5456
🚀 APPLYING GUIDANCE at step 9 (timestep=931)
🎯 GUIDANCE STEP 9 (t=931): Loss=0.6108, Rho=8.043381, Grad_norm=0.1243, Final_scale=80.4338
🚀 APPLYING GUIDANCE at step 10 (timestep=922)
🎯 GUIDANCE STEP 10 (t=922): Loss=0.6128, Rho=4.310982, Grad_norm=0.2320, Final_scale=43.1098
🚀 APPLYING GUIDANCE at step 11 (timestep=913)
🎯 GUIDANCE STEP 11 (t=913): Loss=0.6182, Rho=9.814207, Grad_norm=0.1019, Final_scale=98.1421
🚀 APPLYING GUIDANCE at step 12 (timestep=904)
🎯 GUIDANCE STEP 12 (t=904): Loss=0.6226, Rho=7.370006, Grad_norm=0.1357, Final_scale=73.7001
🚀 APPLYING GUIDANCE at step 13 (timestep=894)
🎯 GUIDANCE STEP 13 (t=894): Loss=0.6235, Rho=10.479845, Grad_norm=0.0954, Final_scale=104.7985
🚀 APPLYING GUIDANCE at step 14 (timestep=884)
🎯 GUIDANCE STEP 14 (t=884): Loss=0.6147, Rho=12.949087, Grad_norm=0.0772, Final_scale=129.4909
🚀 APPLYING GUIDANCE at step 15 (timestep=874)
🎯 GUIDANCE STEP 15 (t=874): Loss=0.6206, Rho=7.531284, Grad_norm=0.1328, Final_scale=75.3128
🚀 APPLYING GUIDANCE at step 16 (timestep=864)
🎯 GUIDANCE STEP 16 (t=864): Loss=0.6196, Rho=2.260819, Grad_norm=0.4423, Final_scale=22.6082
🚀 APPLYING GUIDANCE at step 17 (timestep=853)
🎯 GUIDANCE STEP 17 (t=853): Loss=0.6196, Rho=9.446695, Grad_norm=0.1059, Final_scale=94.4670
🚀 APPLYING GUIDANCE at step 18 (timestep=841)
🎯 GUIDANCE STEP 18 (t=841): Loss=0.6182, Rho=14.333174, Grad_norm=0.0698, Final_scale=143.3317
🚀 APPLYING GUIDANCE at step 19 (timestep=829)
🎯 GUIDANCE STEP 19 (t=829): Loss=0.6187, Rho=11.977772, Grad_norm=0.0835, Final_scale=119.7777
🚀 APPLYING GUIDANCE at step 20 (timestep=817)
🎯 GUIDANCE STEP 20 (t=817): Loss=0.6211, Rho=1.923729, Grad_norm=0.5198, Final_scale=19.2373
🚀 APPLYING GUIDANCE at step 21 (timestep=805)
🎯 GUIDANCE STEP 21 (t=805): Loss=0.6230, Rho=10.940639, Grad_norm=0.0914, Final_scale=109.4064
🚀 APPLYING GUIDANCE at step 22 (timestep=792)
🎯 GUIDANCE STEP 22 (t=792): Loss=0.6196, Rho=9.361237, Grad_norm=0.1068, Final_scale=93.6124
🚀 APPLYING GUIDANCE at step 23 (timestep=778)
🎯 GUIDANCE STEP 23 (t=778): Loss=0.6201, Rho=13.020853, Grad_norm=0.0768, Final_scale=130.2085
🚀 APPLYING GUIDANCE at step 24 (timestep=764)
🎯 GUIDANCE STEP 24 (t=764): Loss=0.6221, Rho=10.040339, Grad_norm=0.0996, Final_scale=100.4034
🚀 APPLYING GUIDANCE at step 25 (timestep=749)
🎯 GUIDANCE STEP 25 (t=749): Loss=0.6245, Rho=15.297666, Grad_norm=0.0654, Final_scale=152.9767
🚀 APPLYING GUIDANCE at step 26 (timestep=734)
🎯 GUIDANCE STEP 26 (t=734): Loss=0.6230, Rho=9.141425, Grad_norm=0.1094, Final_scale=91.4143
🚀 APPLYING GUIDANCE at step 27 (timestep=718)
🎯 GUIDANCE STEP 27 (t=718): Loss=0.6226, Rho=17.128561, Grad_norm=0.0584, Final_scale=171.2856
🚀 APPLYING GUIDANCE at step 28 (timestep=701)
🎯 GUIDANCE STEP 28 (t=701): Loss=0.6226, Rho=9.855253, Grad_norm=0.1015, Final_scale=98.5525
🚀 APPLYING GUIDANCE at step 29 (timestep=684)
🎯 GUIDANCE STEP 29 (t=684): Loss=0.6230, Rho=2.512399, Grad_norm=0.3980, Final_scale=25.1240
🚀 APPLYING GUIDANCE at step 30 (timestep=666)
🎯 GUIDANCE STEP 30 (t=666): Loss=0.6211, Rho=4.947948, Grad_norm=0.2021, Final_scale=49.4795
🚀 APPLYING GUIDANCE at step 31 (timestep=647)
🎯 GUIDANCE STEP 31 (t=647): Loss=0.6221, Rho=11.483811, Grad_norm=0.0871, Final_scale=114.8381
🚀 APPLYING GUIDANCE at step 32 (timestep=627)
🎯 GUIDANCE STEP 32 (t=627): Loss=0.6221, Rho=10.686871, Grad_norm=0.0936, Final_scale=106.8687
🚀 APPLYING GUIDANCE at step 33 (timestep=606)
🎯 GUIDANCE STEP 33 (t=606): Loss=0.6235, Rho=12.730051, Grad_norm=0.0786, Final_scale=127.3005
🚀 APPLYING GUIDANCE at step 34 (timestep=585)
🎯 GUIDANCE STEP 34 (t=585): Loss=0.6235, Rho=7.960138, Grad_norm=0.1256, Final_scale=79.6014
🚀 APPLYING GUIDANCE at step 35 (timestep=562)
🎯 GUIDANCE STEP 35 (t=562): Loss=0.6201, Rho=10.009020, Grad_norm=0.0999, Final_scale=100.0902
🚀 APPLYING GUIDANCE at step 36 (timestep=538)
🎯 GUIDANCE STEP 36 (t=538): Loss=0.6206, Rho=14.490387, Grad_norm=0.0690, Final_scale=144.9039
🚀 APPLYING GUIDANCE at step 37 (timestep=512)
🎯 GUIDANCE STEP 37 (t=512): Loss=0.6211, Rho=11.890417, Grad_norm=0.0841, Final_scale=118.9042
🚀 APPLYING GUIDANCE at step 38 (timestep=486)
🎯 GUIDANCE STEP 38 (t=486): Loss=0.6226, Rho=4.445664, Grad_norm=0.2249, Final_scale=44.4566
🚀 APPLYING GUIDANCE at step 39 (timestep=458)
🎯 GUIDANCE STEP 39 (t=458): Loss=0.6196, Rho=6.253083, Grad_norm=0.1599, Final_scale=62.5308
🚀 APPLYING GUIDANCE at step 40 (timestep=428)
🎯 GUIDANCE STEP 40 (t=428): Loss=0.6221, Rho=11.544811, Grad_norm=0.0866, Final_scale=115.4481
🚀 APPLYING GUIDANCE at step 41 (timestep=396)
🎯 GUIDANCE STEP 41 (t=396): Loss=0.6226, Rho=12.771214, Grad_norm=0.0783, Final_scale=127.7121
🚀 APPLYING GUIDANCE at step 42 (timestep=363)
🎯 GUIDANCE STEP 42 (t=363): Loss=0.6260, Rho=3.574513, Grad_norm=0.2798, Final_scale=35.7451
🚀 APPLYING GUIDANCE at step 43 (timestep=327)
🎯 GUIDANCE STEP 43 (t=327): Loss=0.6206, Rho=15.627787, Grad_norm=0.0640, Final_scale=156.2779
🚀 APPLYING GUIDANCE at step 44 (timestep=290)
🎯 GUIDANCE STEP 44 (t=290): Loss=0.6206, Rho=16.562653, Grad_norm=0.0604, Final_scale=165.6265
🚀 APPLYING GUIDANCE at step 45 (timestep=249)
🎯 GUIDANCE STEP 45 (t=249): Loss=0.6196, Rho=16.718626, Grad_norm=0.0598, Final_scale=167.1863
🚀 APPLYING GUIDANCE at step 46 (timestep=206)
🎯 GUIDANCE STEP 46 (t=206): Loss=0.6221, Rho=22.811350, Grad_norm=0.0438, Final_scale=228.1135
🚀 APPLYING GUIDANCE at step 47 (timestep=160)
🎯 GUIDANCE STEP 47 (t=160): Loss=0.6187, Rho=15.736257, Grad_norm=0.0635, Final_scale=157.3626
🚀 APPLYING GUIDANCE at step 48 (timestep=111)
🎯 GUIDANCE STEP 48 (t=111): Loss=0.6172, Rho=17.536671, Grad_norm=0.0570, Final_scale=175.3667
🚀 APPLYING GUIDANCE at step 49 (timestep=57)
🎯 GUIDANCE STEP 49 (t=57): Loss=0.6191, Rho=13.019114, Grad_norm=0.0768, Final_scale=130.1911
[guidance_f33_s50_w8c6_rho10.0_cfg5.0_0701_1608] Generated: generated_videos/subject_consistency/guidance_f33_s50_w8c6_rho10.0_cfg5.0_0701_1608/a_truck_accelerating_to_gain_speed.mp4
[guidance_f33_s50_w8c6_rho10.0_cfg5.0_0701_1608] Generating video 9/9 (guidance): a boat sailing smoothly on a calm lake
🎬 STARTING GUIDANCE PIPELINE GENERATION
   Frames: 33, Steps: 50, CFG Scale: 5.0

🔧 GUIDANCE PIPELINE CONFIGURATION:
   Guidance range: 0 - 1001
   Rho scale: 10.0
   V-JEPA kernel_size: 8
   V-JEPA context_length: 6
   V-JEPA stride: 2
   V-JEPA mode: max
   Total timesteps: 50

🚀 APPLYING GUIDANCE at step 0 (timestep=999)
🎯 GUIDANCE STEP 0 (t=999): Loss=0.5898, Rho=7.357096, Grad_norm=0.1359, Final_scale=73.5710
🚀 APPLYING GUIDANCE at step 1 (timestep=992)
🎯 GUIDANCE STEP 1 (t=992): Loss=0.5566, Rho=23.347042, Grad_norm=0.0428, Final_scale=233.4704
🚀 APPLYING GUIDANCE at step 2 (timestep=985)
🎯 GUIDANCE STEP 2 (t=985): Loss=0.5713, Rho=8.740764, Grad_norm=0.1144, Final_scale=87.4076
🚀 APPLYING GUIDANCE at step 3 (timestep=978)
🎯 GUIDANCE STEP 3 (t=978): Loss=0.5571, Rho=31.599699, Grad_norm=0.0316, Final_scale=315.9970
🚀 APPLYING GUIDANCE at step 4 (timestep=971)
🎯 GUIDANCE STEP 4 (t=971): Loss=0.5557, Rho=24.255816, Grad_norm=0.0412, Final_scale=242.5582
🚀 APPLYING GUIDANCE at step 5 (timestep=963)
🎯 GUIDANCE STEP 5 (t=963): Loss=0.5620, Rho=13.079846, Grad_norm=0.0765, Final_scale=130.7985
🚀 APPLYING GUIDANCE at step 6 (timestep=956)
🎯 GUIDANCE STEP 6 (t=956): Loss=0.5688, Rho=23.475157, Grad_norm=0.0426, Final_scale=234.7516
🚀 APPLYING GUIDANCE at step 7 (timestep=948)
🎯 GUIDANCE STEP 7 (t=948): Loss=0.5674, Rho=20.078100, Grad_norm=0.0498, Final_scale=200.7810
🚀 APPLYING GUIDANCE at step 8 (timestep=939)
🎯 GUIDANCE STEP 8 (t=939): Loss=0.5693, Rho=9.871762, Grad_norm=0.1013, Final_scale=98.7176
🚀 APPLYING GUIDANCE at step 9 (timestep=931)
🎯 GUIDANCE STEP 9 (t=931): Loss=0.5747, Rho=25.656742, Grad_norm=0.0390, Final_scale=256.5674
🚀 APPLYING GUIDANCE at step 10 (timestep=922)
🎯 GUIDANCE STEP 10 (t=922): Loss=0.5786, Rho=29.465773, Grad_norm=0.0339, Final_scale=294.6577
🚀 APPLYING GUIDANCE at step 11 (timestep=913)
🎯 GUIDANCE STEP 11 (t=913): Loss=0.5781, Rho=6.414804, Grad_norm=0.1559, Final_scale=64.1480
🚀 APPLYING GUIDANCE at step 12 (timestep=904)
🎯 GUIDANCE STEP 12 (t=904): Loss=0.5796, Rho=8.739622, Grad_norm=0.1144, Final_scale=87.3962
🚀 APPLYING GUIDANCE at step 13 (timestep=894)
🎯 GUIDANCE STEP 13 (t=894): Loss=0.5796, Rho=20.742489, Grad_norm=0.0482, Final_scale=207.4249
🚀 APPLYING GUIDANCE at step 14 (timestep=884)
🎯 GUIDANCE STEP 14 (t=884): Loss=0.5884, Rho=16.474432, Grad_norm=0.0607, Final_scale=164.7443
🚀 APPLYING GUIDANCE at step 15 (timestep=874)
🎯 GUIDANCE STEP 15 (t=874): Loss=0.5864, Rho=18.510300, Grad_norm=0.0540, Final_scale=185.1030
🚀 APPLYING GUIDANCE at step 16 (timestep=864)
🎯 GUIDANCE STEP 16 (t=864): Loss=0.5830, Rho=19.789242, Grad_norm=0.0505, Final_scale=197.8924
🚀 APPLYING GUIDANCE at step 17 (timestep=853)
🎯 GUIDANCE STEP 17 (t=853): Loss=0.5864, Rho=45.985859, Grad_norm=0.0217, Final_scale=459.8586
🚀 APPLYING GUIDANCE at step 18 (timestep=841)
🎯 GUIDANCE STEP 18 (t=841): Loss=0.5840, Rho=24.142361, Grad_norm=0.0414, Final_scale=241.4236
🚀 APPLYING GUIDANCE at step 19 (timestep=829)
🎯 GUIDANCE STEP 19 (t=829): Loss=0.5850, Rho=29.660593, Grad_norm=0.0337, Final_scale=296.6059
🚀 APPLYING GUIDANCE at step 20 (timestep=817)
🎯 GUIDANCE STEP 20 (t=817): Loss=0.5884, Rho=22.517694, Grad_norm=0.0444, Final_scale=225.1769
🚀 APPLYING GUIDANCE at step 21 (timestep=805)
🎯 GUIDANCE STEP 21 (t=805): Loss=0.5889, Rho=23.690531, Grad_norm=0.0422, Final_scale=236.9053
🚀 APPLYING GUIDANCE at step 22 (timestep=792)
🎯 GUIDANCE STEP 22 (t=792): Loss=0.5938, Rho=14.518721, Grad_norm=0.0689, Final_scale=145.1872
🚀 APPLYING GUIDANCE at step 23 (timestep=778)
🎯 GUIDANCE STEP 23 (t=778): Loss=0.5913, Rho=8.960752, Grad_norm=0.1116, Final_scale=89.6075
🚀 APPLYING GUIDANCE at step 24 (timestep=764)
🎯 GUIDANCE STEP 24 (t=764): Loss=0.5972, Rho=21.839405, Grad_norm=0.0458, Final_scale=218.3941
🚀 APPLYING GUIDANCE at step 25 (timestep=749)
🎯 GUIDANCE STEP 25 (t=749): Loss=0.5898, Rho=14.751861, Grad_norm=0.0678, Final_scale=147.5186
🚀 APPLYING GUIDANCE at step 26 (timestep=734)
🎯 GUIDANCE STEP 26 (t=734): Loss=0.5928, Rho=16.314184, Grad_norm=0.0613, Final_scale=163.1418
🚀 APPLYING GUIDANCE at step 27 (timestep=718)
🎯 GUIDANCE STEP 27 (t=718): Loss=0.5947, Rho=15.895077, Grad_norm=0.0629, Final_scale=158.9508
🚀 APPLYING GUIDANCE at step 28 (timestep=701)
🎯 GUIDANCE STEP 28 (t=701): Loss=0.5928, Rho=36.462166, Grad_norm=0.0274, Final_scale=364.6217
🚀 APPLYING GUIDANCE at step 29 (timestep=684)
🎯 GUIDANCE STEP 29 (t=684): Loss=0.5986, Rho=28.315626, Grad_norm=0.0353, Final_scale=283.1563
🚀 APPLYING GUIDANCE at step 30 (timestep=666)
🎯 GUIDANCE STEP 30 (t=666): Loss=0.5977, Rho=15.747165, Grad_norm=0.0635, Final_scale=157.4716
🚀 APPLYING GUIDANCE at step 31 (timestep=647)
🎯 GUIDANCE STEP 31 (t=647): Loss=0.5962, Rho=23.334576, Grad_norm=0.0429, Final_scale=233.3458
🚀 APPLYING GUIDANCE at step 32 (timestep=627)
🎯 GUIDANCE STEP 32 (t=627): Loss=0.5898, Rho=19.454878, Grad_norm=0.0514, Final_scale=194.5488
🚀 APPLYING GUIDANCE at step 33 (timestep=606)
🎯 GUIDANCE STEP 33 (t=606): Loss=0.5879, Rho=21.784813, Grad_norm=0.0459, Final_scale=217.8481
🚀 APPLYING GUIDANCE at step 34 (timestep=585)
🎯 GUIDANCE STEP 34 (t=585): Loss=0.5947, Rho=19.820807, Grad_norm=0.0505, Final_scale=198.2081
🚀 APPLYING GUIDANCE at step 35 (timestep=562)
🎯 GUIDANCE STEP 35 (t=562): Loss=0.5903, Rho=0.896541, Grad_norm=1.1154, Final_scale=8.9654
🚀 APPLYING GUIDANCE at step 36 (timestep=538)
🎯 GUIDANCE STEP 36 (t=538): Loss=0.5894, Rho=16.331636, Grad_norm=0.0612, Final_scale=163.3164
🚀 APPLYING GUIDANCE at step 37 (timestep=512)
🎯 GUIDANCE STEP 37 (t=512): Loss=0.5894, Rho=36.308823, Grad_norm=0.0275, Final_scale=363.0882
🚀 APPLYING GUIDANCE at step 38 (timestep=486)
🎯 GUIDANCE STEP 38 (t=486): Loss=0.5913, Rho=20.156919, Grad_norm=0.0496, Final_scale=201.5692
🚀 APPLYING GUIDANCE at step 39 (timestep=458)
🎯 GUIDANCE STEP 39 (t=458): Loss=0.5889, Rho=19.106579, Grad_norm=0.0523, Final_scale=191.0658
🚀 APPLYING GUIDANCE at step 40 (timestep=428)
🎯 GUIDANCE STEP 40 (t=428): Loss=0.5859, Rho=18.696445, Grad_norm=0.0535, Final_scale=186.9645
🚀 APPLYING GUIDANCE at step 41 (timestep=396)
🎯 GUIDANCE STEP 41 (t=396): Loss=0.5991, Rho=19.247055, Grad_norm=0.0520, Final_scale=192.4706
🚀 APPLYING GUIDANCE at step 42 (timestep=363)
🎯 GUIDANCE STEP 42 (t=363): Loss=0.5859, Rho=26.082602, Grad_norm=0.0383, Final_scale=260.8260
🚀 APPLYING GUIDANCE at step 43 (timestep=327)
🎯 GUIDANCE STEP 43 (t=327): Loss=0.5898, Rho=10.749670, Grad_norm=0.0930, Final_scale=107.4967
🚀 APPLYING GUIDANCE at step 44 (timestep=290)
🎯 GUIDANCE STEP 44 (t=290): Loss=0.5859, Rho=12.708551, Grad_norm=0.0787, Final_scale=127.0855
🚀 APPLYING GUIDANCE at step 45 (timestep=249)
🎯 GUIDANCE STEP 45 (t=249): Loss=0.5908, Rho=20.729044, Grad_norm=0.0482, Final_scale=207.2904
🚀 APPLYING GUIDANCE at step 46 (timestep=206)
🎯 GUIDANCE STEP 46 (t=206): Loss=0.5879, Rho=9.219289, Grad_norm=0.1085, Final_scale=92.1929
🚀 APPLYING GUIDANCE at step 47 (timestep=160)
🎯 GUIDANCE STEP 47 (t=160): Loss=0.5889, Rho=6.003294, Grad_norm=0.1666, Final_scale=60.0329
🚀 APPLYING GUIDANCE at step 48 (timestep=111)
🎯 GUIDANCE STEP 48 (t=111): Loss=0.5884, Rho=14.547032, Grad_norm=0.0687, Final_scale=145.4703
🚀 APPLYING GUIDANCE at step 49 (timestep=57)
🎯 GUIDANCE STEP 49 (t=57): Loss=0.5874, Rho=12.772043, Grad_norm=0.0783, Final_scale=127.7204
[guidance_f33_s50_w8c6_rho10.0_cfg5.0_0701_1608] Generated: generated_videos/subject_consistency/guidance_f33_s50_w8c6_rho10.0_cfg5.0_0701_1608/a_horse_running_to_join_a_herd_of_its_kind.mp4
[guidance_f33_s50_w8c6_rho10.0_cfg5.0_0701_1608] Generating video 9/9 (guidance): a sheep bending down to drink water from a river
🎬 STARTING GUIDANCE PIPELINE GENERATION
   Frames: 33, Steps: 50, CFG Scale: 5.0

🔧 GUIDANCE PIPELINE CONFIGURATION:
   Guidance range: 0 - 1001
   Rho scale: 10.0
   V-JEPA kernel_size: 8
   V-JEPA context_length: 6
   V-JEPA stride: 2
   V-JEPA mode: max
   Total timesteps: 50

🚀 APPLYING GUIDANCE at step 0 (timestep=999)
🎯 GUIDANCE STEP 0 (t=999): Loss=0.5586, Rho=19.755917, Grad_norm=0.0506, Final_scale=197.5592
🚀 APPLYING GUIDANCE at step 1 (timestep=992)
🎯 GUIDANCE STEP 1 (t=992): Loss=0.5410, Rho=29.516703, Grad_norm=0.0339, Final_scale=295.1670
🚀 APPLYING GUIDANCE at step 2 (timestep=985)
🎯 GUIDANCE STEP 2 (t=985): Loss=0.5645, Rho=22.343702, Grad_norm=0.0448, Final_scale=223.4370
🚀 APPLYING GUIDANCE at step 3 (timestep=978)
🎯 GUIDANCE STEP 3 (t=978): Loss=0.5742, Rho=12.985028, Grad_norm=0.0770, Final_scale=129.8503
🚀 APPLYING GUIDANCE at step 4 (timestep=971)
🎯 GUIDANCE STEP 4 (t=971): Loss=0.5796, Rho=8.989158, Grad_norm=0.1112, Final_scale=89.8916
🚀 APPLYING GUIDANCE at step 5 (timestep=963)
🎯 GUIDANCE STEP 5 (t=963): Loss=0.5859, Rho=7.698177, Grad_norm=0.1299, Final_scale=76.9818
🚀 APPLYING GUIDANCE at step 6 (timestep=956)
🎯 GUIDANCE STEP 6 (t=956): Loss=0.5938, Rho=19.736883, Grad_norm=0.0507, Final_scale=197.3688
🚀 APPLYING GUIDANCE at step 7 (timestep=948)
🎯 GUIDANCE STEP 7 (t=948): Loss=0.6021, Rho=14.150012, Grad_norm=0.0707, Final_scale=141.5001
🚀 APPLYING GUIDANCE at step 8 (timestep=939)
🎯 GUIDANCE STEP 8 (t=939): Loss=0.6030, Rho=15.703909, Grad_norm=0.0637, Final_scale=157.0391
🚀 APPLYING GUIDANCE at step 9 (timestep=931)
🎯 GUIDANCE STEP 9 (t=931): Loss=0.6074, Rho=8.994101, Grad_norm=0.1112, Final_scale=89.9410
🚀 APPLYING GUIDANCE at step 10 (timestep=922)
🎯 GUIDANCE STEP 10 (t=922): Loss=0.6133, Rho=17.559010, Grad_norm=0.0570, Final_scale=175.5901
🚀 APPLYING GUIDANCE at step 11 (timestep=913)
🎯 GUIDANCE STEP 11 (t=913): Loss=0.6167, Rho=8.245296, Grad_norm=0.1213, Final_scale=82.4530
🚀 APPLYING GUIDANCE at step 12 (timestep=904)
🎯 GUIDANCE STEP 12 (t=904): Loss=0.6108, Rho=9.362378, Grad_norm=0.1068, Final_scale=93.6238
🚀 APPLYING GUIDANCE at step 13 (timestep=894)
🎯 GUIDANCE STEP 13 (t=894): Loss=0.6099, Rho=6.715142, Grad_norm=0.1489, Final_scale=67.1514
🚀 APPLYING GUIDANCE at step 14 (timestep=884)
🎯 GUIDANCE STEP 14 (t=884): Loss=0.6152, Rho=15.584046, Grad_norm=0.0642, Final_scale=155.8405
🚀 APPLYING GUIDANCE at step 15 (timestep=874)
🎯 GUIDANCE STEP 15 (t=874): Loss=0.6128, Rho=14.630996, Grad_norm=0.0683, Final_scale=146.3100
🚀 APPLYING GUIDANCE at step 16 (timestep=864)
🎯 GUIDANCE STEP 16 (t=864): Loss=0.6089, Rho=12.133992, Grad_norm=0.0824, Final_scale=121.3399
🚀 APPLYING GUIDANCE at step 17 (timestep=853)
🎯 GUIDANCE STEP 17 (t=853): Loss=0.6138, Rho=10.163133, Grad_norm=0.0984, Final_scale=101.6313
🚀 APPLYING GUIDANCE at step 18 (timestep=841)
🎯 GUIDANCE STEP 18 (t=841): Loss=0.6099, Rho=9.698083, Grad_norm=0.1031, Final_scale=96.9808
🚀 APPLYING GUIDANCE at step 19 (timestep=829)
🎯 GUIDANCE STEP 19 (t=829): Loss=0.6099, Rho=18.643181, Grad_norm=0.0536, Final_scale=186.4318
🚀 APPLYING GUIDANCE at step 20 (timestep=817)
🎯 GUIDANCE STEP 20 (t=817): Loss=0.6108, Rho=15.523652, Grad_norm=0.0644, Final_scale=155.2365
🚀 APPLYING GUIDANCE at step 21 (timestep=805)
🎯 GUIDANCE STEP 21 (t=805): Loss=0.6143, Rho=9.211570, Grad_norm=0.1086, Final_scale=92.1157
🚀 APPLYING GUIDANCE at step 22 (timestep=792)
🎯 GUIDANCE STEP 22 (t=792): Loss=0.6157, Rho=15.186449, Grad_norm=0.0658, Final_scale=151.8645
🚀 APPLYING GUIDANCE at step 23 (timestep=778)
🎯 GUIDANCE STEP 23 (t=778): Loss=0.6167, Rho=8.680735, Grad_norm=0.1152, Final_scale=86.8073
🚀 APPLYING GUIDANCE at step 24 (timestep=764)
🎯 GUIDANCE STEP 24 (t=764): Loss=0.6118, Rho=17.139488, Grad_norm=0.0583, Final_scale=171.3949
🚀 APPLYING GUIDANCE at step 25 (timestep=749)
🎯 GUIDANCE STEP 25 (t=749): Loss=0.6162, Rho=12.656945, Grad_norm=0.0790, Final_scale=126.5695
🚀 APPLYING GUIDANCE at step 26 (timestep=734)
🎯 GUIDANCE STEP 26 (t=734): Loss=0.6172, Rho=11.009735, Grad_norm=0.0908, Final_scale=110.0974
🚀 APPLYING GUIDANCE at step 27 (timestep=718)
🎯 GUIDANCE STEP 27 (t=718): Loss=0.6133, Rho=13.603207, Grad_norm=0.0735, Final_scale=136.0321
🚀 APPLYING GUIDANCE at step 28 (timestep=701)
🎯 GUIDANCE STEP 28 (t=701): Loss=0.6157, Rho=12.229343, Grad_norm=0.0818, Final_scale=122.2934
🚀 APPLYING GUIDANCE at step 29 (timestep=684)
🎯 GUIDANCE STEP 29 (t=684): Loss=0.6177, Rho=20.036791, Grad_norm=0.0499, Final_scale=200.3679
🚀 APPLYING GUIDANCE at step 30 (timestep=666)
🎯 GUIDANCE STEP 30 (t=666): Loss=0.6113, Rho=7.080873, Grad_norm=0.1412, Final_scale=70.8087
🚀 APPLYING GUIDANCE at step 31 (timestep=647)
🎯 GUIDANCE STEP 31 (t=647): Loss=0.6123, Rho=9.811493, Grad_norm=0.1019, Final_scale=98.1149
🚀 APPLYING GUIDANCE at step 32 (timestep=627)
🎯 GUIDANCE STEP 32 (t=627): Loss=0.6113, Rho=6.373674, Grad_norm=0.1569, Final_scale=63.7367
🚀 APPLYING GUIDANCE at step 33 (timestep=606)
🎯 GUIDANCE STEP 33 (t=606): Loss=0.6143, Rho=10.388385, Grad_norm=0.0963, Final_scale=103.8838
🚀 APPLYING GUIDANCE at step 34 (timestep=585)
🎯 GUIDANCE STEP 34 (t=585): Loss=0.6128, Rho=10.665322, Grad_norm=0.0938, Final_scale=106.6532
🚀 APPLYING GUIDANCE at step 35 (timestep=562)
🎯 GUIDANCE STEP 35 (t=562): Loss=0.6108, Rho=19.596418, Grad_norm=0.0510, Final_scale=195.9642
🚀 APPLYING GUIDANCE at step 36 (timestep=538)
🎯 GUIDANCE STEP 36 (t=538): Loss=0.6147, Rho=17.149199, Grad_norm=0.0583, Final_scale=171.4920
🚀 APPLYING GUIDANCE at step 37 (timestep=512)
🎯 GUIDANCE STEP 37 (t=512): Loss=0.6123, Rho=6.884680, Grad_norm=0.1453, Final_scale=68.8468
🚀 APPLYING GUIDANCE at step 38 (timestep=486)
🎯 GUIDANCE STEP 38 (t=486): Loss=0.6128, Rho=23.252266, Grad_norm=0.0430, Final_scale=232.5227
🚀 APPLYING GUIDANCE at step 39 (timestep=458)
🎯 GUIDANCE STEP 39 (t=458): Loss=0.6133, Rho=9.958693, Grad_norm=0.1004, Final_scale=99.5869
🚀 APPLYING GUIDANCE at step 40 (timestep=428)
🎯 GUIDANCE STEP 40 (t=428): Loss=0.6108, Rho=12.056594, Grad_norm=0.0829, Final_scale=120.5659
🚀 APPLYING GUIDANCE at step 41 (timestep=396)
🎯 GUIDANCE STEP 41 (t=396): Loss=0.6118, Rho=10.377591, Grad_norm=0.0964, Final_scale=103.7759
🚀 APPLYING GUIDANCE at step 42 (timestep=363)
🎯 GUIDANCE STEP 42 (t=363): Loss=0.6143, Rho=21.544264, Grad_norm=0.0464, Final_scale=215.4426
🚀 APPLYING GUIDANCE at step 43 (timestep=327)
🎯 GUIDANCE STEP 43 (t=327): Loss=0.6104, Rho=27.929380, Grad_norm=0.0358, Final_scale=279.2938
🚀 APPLYING GUIDANCE at step 44 (timestep=290)
🎯 GUIDANCE STEP 44 (t=290): Loss=0.6143, Rho=21.803572, Grad_norm=0.0459, Final_scale=218.0357
🚀 APPLYING GUIDANCE at step 45 (timestep=249)
🎯 GUIDANCE STEP 45 (t=249): Loss=0.6113, Rho=12.316545, Grad_norm=0.0812, Final_scale=123.1655
🚀 APPLYING GUIDANCE at step 46 (timestep=206)
🎯 GUIDANCE STEP 46 (t=206): Loss=0.6104, Rho=11.411956, Grad_norm=0.0876, Final_scale=114.1196
🚀 APPLYING GUIDANCE at step 47 (timestep=160)
🎯 GUIDANCE STEP 47 (t=160): Loss=0.6152, Rho=21.777740, Grad_norm=0.0459, Final_scale=217.7774
🚀 APPLYING GUIDANCE at step 48 (timestep=111)
🎯 GUIDANCE STEP 48 (t=111): Loss=0.6099, Rho=8.092183, Grad_norm=0.1236, Final_scale=80.9218
🚀 APPLYING GUIDANCE at step 49 (timestep=57)
🎯 GUIDANCE STEP 49 (t=57): Loss=0.6108, Rho=7.246531, Grad_norm=0.1380, Final_scale=72.4653
[guidance_f33_s50_w8c6_rho10.0_cfg5.0_0701_1608] Generated: generated_videos/subject_consistency/guidance_f33_s50_w8c6_rho10.0_cfg5.0_0701_1608/a_boat_sailing_smoothly_on_a_calm_lake.mp4
[guidance_f33_s50_w8c6_rho10.0_cfg5.0_0701_1608] Experiment completed! Results saved to: generated_videos/subject_consistency/guidance_f33_s50_w8c6_rho10.0_cfg5.0_0701_1608
🚀 APPLYING GUIDANCE at step 0 (timestep=999)
🎯 GUIDANCE STEP 0 (t=999): Loss=0.5815, Rho=6.359773, Grad_norm=0.1572, Final_scale=63.5977
🚀 APPLYING GUIDANCE at step 1 (timestep=992)
🎯 GUIDANCE STEP 1 (t=992): Loss=0.5488, Rho=3.985638, Grad_norm=0.2509, Final_scale=39.8564
🚀 APPLYING GUIDANCE at step 2 (timestep=985)
🎯 GUIDANCE STEP 2 (t=985): Loss=0.5742, Rho=2.555600, Grad_norm=0.3913, Final_scale=25.5560
🚀 APPLYING GUIDANCE at step 3 (timestep=978)
🎯 GUIDANCE STEP 3 (t=978): Loss=0.6196, Rho=8.950146, Grad_norm=0.1117, Final_scale=89.5015
🚀 APPLYING GUIDANCE at step 4 (timestep=971)
🎯 GUIDANCE STEP 4 (t=971): Loss=0.5933, Rho=8.233136, Grad_norm=0.1215, Final_scale=82.3314
🚀 APPLYING GUIDANCE at step 5 (timestep=963)
🎯 GUIDANCE STEP 5 (t=963): Loss=0.6001, Rho=10.683889, Grad_norm=0.0936, Final_scale=106.8389
🚀 APPLYING GUIDANCE at step 6 (timestep=956)
🎯 GUIDANCE STEP 6 (t=956): Loss=0.6099, Rho=4.895971, Grad_norm=0.2042, Final_scale=48.9597
🚀 APPLYING GUIDANCE at step 7 (timestep=948)
🎯 GUIDANCE STEP 7 (t=948): Loss=0.6157, Rho=4.708421, Grad_norm=0.2124, Final_scale=47.0842
🚀 APPLYING GUIDANCE at step 8 (timestep=939)
🎯 GUIDANCE STEP 8 (t=939): Loss=0.6216, Rho=4.417715, Grad_norm=0.2264, Final_scale=44.1771
🚀 APPLYING GUIDANCE at step 9 (timestep=931)
🎯 GUIDANCE STEP 9 (t=931): Loss=0.6260, Rho=5.904591, Grad_norm=0.1694, Final_scale=59.0459
🚀 APPLYING GUIDANCE at step 10 (timestep=922)
🎯 GUIDANCE STEP 10 (t=922): Loss=0.6187, Rho=1.661338, Grad_norm=0.6019, Final_scale=16.6134
🚀 APPLYING GUIDANCE at step 11 (timestep=913)
🎯 GUIDANCE STEP 11 (t=913): Loss=0.6143, Rho=5.859395, Grad_norm=0.1707, Final_scale=58.5940
🚀 APPLYING GUIDANCE at step 12 (timestep=904)
🎯 GUIDANCE STEP 12 (t=904): Loss=0.6182, Rho=2.314102, Grad_norm=0.4321, Final_scale=23.1410
🚀 APPLYING GUIDANCE at step 13 (timestep=894)
🎯 GUIDANCE STEP 13 (t=894): Loss=0.6304, Rho=4.378372, Grad_norm=0.2284, Final_scale=43.7837
🚀 APPLYING GUIDANCE at step 14 (timestep=884)
🎯 GUIDANCE STEP 14 (t=884): Loss=0.6250, Rho=4.513131, Grad_norm=0.2216, Final_scale=45.1313
🚀 APPLYING GUIDANCE at step 15 (timestep=874)
🎯 GUIDANCE STEP 15 (t=874): Loss=0.6226, Rho=8.412235, Grad_norm=0.1189, Final_scale=84.1224
🚀 APPLYING GUIDANCE at step 16 (timestep=864)
🎯 GUIDANCE STEP 16 (t=864): Loss=0.6245, Rho=6.561910, Grad_norm=0.1524, Final_scale=65.6191
🚀 APPLYING GUIDANCE at step 17 (timestep=853)
🎯 GUIDANCE STEP 17 (t=853): Loss=0.6304, Rho=8.144253, Grad_norm=0.1228, Final_scale=81.4425
🚀 APPLYING GUIDANCE at step 18 (timestep=841)
🎯 GUIDANCE STEP 18 (t=841): Loss=0.6304, Rho=5.716358, Grad_norm=0.1749, Final_scale=57.1636
🚀 APPLYING GUIDANCE at step 19 (timestep=829)
🎯 GUIDANCE STEP 19 (t=829): Loss=0.6260, Rho=6.033555, Grad_norm=0.1657, Final_scale=60.3355
🚀 APPLYING GUIDANCE at step 20 (timestep=817)
🎯 GUIDANCE STEP 20 (t=817): Loss=0.6255, Rho=2.535735, Grad_norm=0.3944, Final_scale=25.3573
🚀 APPLYING GUIDANCE at step 21 (timestep=805)
🎯 GUIDANCE STEP 21 (t=805): Loss=0.6240, Rho=4.349111, Grad_norm=0.2299, Final_scale=43.4911
🚀 APPLYING GUIDANCE at step 22 (timestep=792)
🎯 GUIDANCE STEP 22 (t=792): Loss=0.6260, Rho=9.190896, Grad_norm=0.1088, Final_scale=91.9090
🚀 APPLYING GUIDANCE at step 23 (timestep=778)
🎯 GUIDANCE STEP 23 (t=778): Loss=0.6265, Rho=6.050181, Grad_norm=0.1653, Final_scale=60.5018
🚀 APPLYING GUIDANCE at step 24 (timestep=764)
🎯 GUIDANCE STEP 24 (t=764): Loss=0.6289, Rho=8.953055, Grad_norm=0.1117, Final_scale=89.5306
🚀 APPLYING GUIDANCE at step 25 (timestep=749)
🎯 GUIDANCE STEP 25 (t=749): Loss=0.6265, Rho=8.691979, Grad_norm=0.1150, Final_scale=86.9198
🚀 APPLYING GUIDANCE at step 26 (timestep=734)
🎯 GUIDANCE STEP 26 (t=734): Loss=0.6270, Rho=6.608804, Grad_norm=0.1513, Final_scale=66.0880
🚀 APPLYING GUIDANCE at step 27 (timestep=718)
🎯 GUIDANCE STEP 27 (t=718): Loss=0.6245, Rho=8.892022, Grad_norm=0.1125, Final_scale=88.9202
🚀 APPLYING GUIDANCE at step 28 (timestep=701)
🎯 GUIDANCE STEP 28 (t=701): Loss=0.6294, Rho=5.091240, Grad_norm=0.1964, Final_scale=50.9124
🚀 APPLYING GUIDANCE at step 29 (timestep=684)
🎯 GUIDANCE STEP 29 (t=684): Loss=0.6299, Rho=10.018314, Grad_norm=0.0998, Final_scale=100.1831
🚀 APPLYING GUIDANCE at step 30 (timestep=666)
🎯 GUIDANCE STEP 30 (t=666): Loss=0.6265, Rho=3.479449, Grad_norm=0.2874, Final_scale=34.7945
🚀 APPLYING GUIDANCE at step 31 (timestep=647)
🎯 GUIDANCE STEP 31 (t=647): Loss=0.6299, Rho=1.421209, Grad_norm=0.7036, Final_scale=14.2121
🚀 APPLYING GUIDANCE at step 32 (timestep=627)
🎯 GUIDANCE STEP 32 (t=627): Loss=0.6294, Rho=12.123535, Grad_norm=0.0825, Final_scale=121.2354
🚀 APPLYING GUIDANCE at step 33 (timestep=606)
🎯 GUIDANCE STEP 33 (t=606): Loss=0.6270, Rho=5.118524, Grad_norm=0.1954, Final_scale=51.1852
🚀 APPLYING GUIDANCE at step 34 (timestep=585)
🎯 GUIDANCE STEP 34 (t=585): Loss=0.6289, Rho=4.429555, Grad_norm=0.2258, Final_scale=44.2955
🚀 APPLYING GUIDANCE at step 35 (timestep=562)
🎯 GUIDANCE STEP 35 (t=562): Loss=0.6240, Rho=14.714073, Grad_norm=0.0680, Final_scale=147.1407
🚀 APPLYING GUIDANCE at step 36 (timestep=538)
🎯 GUIDANCE STEP 36 (t=538): Loss=0.6270, Rho=13.243528, Grad_norm=0.0755, Final_scale=132.4353
🚀 APPLYING GUIDANCE at step 37 (timestep=512)
🎯 GUIDANCE STEP 37 (t=512): Loss=0.6221, Rho=7.390191, Grad_norm=0.1353, Final_scale=73.9019
🚀 APPLYING GUIDANCE at step 38 (timestep=486)
🎯 GUIDANCE STEP 38 (t=486): Loss=0.6240, Rho=7.114862, Grad_norm=0.1406, Final_scale=71.1486
🚀 APPLYING GUIDANCE at step 39 (timestep=458)
🎯 GUIDANCE STEP 39 (t=458): Loss=0.6226, Rho=9.762212, Grad_norm=0.1024, Final_scale=97.6221
🚀 APPLYING GUIDANCE at step 40 (timestep=428)
🎯 GUIDANCE STEP 40 (t=428): Loss=0.6260, Rho=17.540636, Grad_norm=0.0570, Final_scale=175.4064
🚀 APPLYING GUIDANCE at step 41 (timestep=396)
🎯 GUIDANCE STEP 41 (t=396): Loss=0.6235, Rho=20.438910, Grad_norm=0.0489, Final_scale=204.3891
🚀 APPLYING GUIDANCE at step 42 (timestep=363)
🎯 GUIDANCE STEP 42 (t=363): Loss=0.6260, Rho=20.735291, Grad_norm=0.0482, Final_scale=207.3529
🚀 APPLYING GUIDANCE at step 43 (timestep=327)
🎯 GUIDANCE STEP 43 (t=327): Loss=0.6265, Rho=17.002138, Grad_norm=0.0588, Final_scale=170.0214
🚀 APPLYING GUIDANCE at step 44 (timestep=290)
🎯 GUIDANCE STEP 44 (t=290): Loss=0.6255, Rho=16.175655, Grad_norm=0.0618, Final_scale=161.7566
🚀 APPLYING GUIDANCE at step 45 (timestep=249)
🎯 GUIDANCE STEP 45 (t=249): Loss=0.6250, Rho=14.931990, Grad_norm=0.0670, Final_scale=149.3199
🚀 APPLYING GUIDANCE at step 46 (timestep=206)
🎯 GUIDANCE STEP 46 (t=206): Loss=0.6240, Rho=26.880571, Grad_norm=0.0372, Final_scale=268.8057
🚀 APPLYING GUIDANCE at step 47 (timestep=160)
🎯 GUIDANCE STEP 47 (t=160): Loss=0.6235, Rho=21.216520, Grad_norm=0.0471, Final_scale=212.1652
🚀 APPLYING GUIDANCE at step 48 (timestep=111)
🎯 GUIDANCE STEP 48 (t=111): Loss=0.6221, Rho=10.396976, Grad_norm=0.0962, Final_scale=103.9698
🚀 APPLYING GUIDANCE at step 49 (timestep=57)
🎯 GUIDANCE STEP 49 (t=57): Loss=0.6196, Rho=10.582735, Grad_norm=0.0945, Final_scale=105.8274
[guidance_f33_s50_w8c6_rho10.0_cfg5.0_0701_1608] Generated: generated_videos/subject_consistency/guidance_f33_s50_w8c6_rho10.0_cfg5.0_0701_1608/a_sheep_bending_down_to_drink_water_from_a_river.mp4
[guidance_f33_s50_w8c6_rho10.0_cfg5.0_0701_1608] Experiment completed! Results saved to: generated_videos/subject_consistency/guidance_f33_s50_w8c6_rho10.0_cfg5.0_0701_1608
